{
"type": "FeatureCollection",
"name": "chengalpattu_boundary",
"crs": { "type": "name", "properties": { "name": "urn:ogc:def:crs:OGC:1.3:CRS84" } },
"features": [
{ "type": "Feature", "properties": { "dtname": "Chengalpattu", "stname": "TAMIL NADU", "stcode11": "33", "dtcode11": "787", "year_stat": "201920", "objectid": 669, "test": -1, "dist_lgd": 730, "state_lgd": 33, "remarks": " ", "dist": "Chengalpattu", "st_area(shape)": 2875988791.3742213, "st_length(shape)": 369162.65792307351 }, "geometry": { "type": "Polygon", "coordinates": [ [ [ 80.144555415439328, 13.024325170912952 ], [ 80.144421983280267, 13.02797697982496 ], [ 80.14429305976563, 13.030851480323701 ], [ 80.14428382688115, 13.031633382963069 ], [ 80.144345356986548, 13.031676469812215 ], [ 80.144380606878286, 13.031701154253504 ], [ 80.144518979771391, 13.031714721286992 ], [ 80.146367379351133, 13.031990261782497 ], [ 80.146466723140108, 13.032084279571672 ], [ 80.14650112322559, 13.032116835324329 ], [ 80.14649763776228, 13.032205781410145 ], [ 80.146404414195359, 13.034584562742639 ], [ 80.145644010070271, 13.037477145188811 ], [ 80.145579455337355, 13.037477112807927 ], [ 80.143767895667395, 13.037874937086309 ], [ 80.143284610129356, 13.037987942679978 ], [ 80.143158462408962, 13.03801743898153 ], [ 80.141970085611192, 13.038295307376824 ], [ 80.142186840106092, 13.038846760226123 ], [ 80.141776513040512, 13.038991333925834 ], [ 80.14137088775712, 13.039136015184905 ], [ 80.141467794416712, 13.040478316406031 ], [ 80.140587281046564, 13.040446733168359 ], [ 80.140554988408738, 13.040478361913737 ], [ 80.140195460174155, 13.041373298568526 ], [ 80.140029595240065, 13.041468138054489 ], [ 80.138826412409784, 13.041432041819602 ], [ 80.139098380955318, 13.042629713585741 ], [ 80.139375076435869, 13.043741595138584 ], [ 80.139637855216037, 13.044717804152887 ], [ 80.139688513909846, 13.045029642040651 ], [ 80.139905247743528, 13.045694026816184 ], [ 80.138937122582035, 13.045630772405579 ], [ 80.137466578665297, 13.045377679340087 ], [ 80.135797848430585, 13.044966411088685 ], [ 80.134389066384571, 13.044652181380609 ], [ 80.134359548642664, 13.044645596874034 ], [ 80.134269262566718, 13.044628129202867 ], [ 80.132630893591951, 13.044311144140043 ], [ 80.132529446846945, 13.045052407734774 ], [ 80.129394754103416, 13.045142791387935 ], [ 80.129394746018576, 13.045142746756191 ], [ 80.129198509943095, 13.044122339822323 ], [ 80.129196574971957, 13.044112279262729 ], [ 80.129081332799117, 13.043352996377084 ], [ 80.12872177761507, 13.042304446242486 ], [ 80.128366843364844, 13.040980211834201 ], [ 80.128071831235644, 13.039601722318016 ], [ 80.127878238902028, 13.038313635773758 ], [ 80.12793817539611, 13.037459460847113 ], [ 80.127938179887678, 13.037459433717173 ], [ 80.128094906260358, 13.036971283426109 ], [ 80.128532848436095, 13.035940857157266 ], [ 80.128532864605774, 13.035940820400345 ], [ 80.128832477007535, 13.035299075377482 ], [ 80.128775857093473, 13.035106091383039 ], [ 80.12873564490809, 13.034969154755112 ], [ 80.128436049574333, 13.034621128192008 ], [ 80.12795955170661, 13.034215057200537 ], [ 80.127942858313673, 13.034200831300517 ], [ 80.12790303240385, 13.034189026997263 ], [ 80.127546357218634, 13.034083310719788 ], [ 80.127002499179298, 13.034069723687203 ], [ 80.127002465043347, 13.034069722812015 ], [ 80.126481576925812, 13.034042595128655 ], [ 80.125499730896692, 13.033830155080484 ], [ 80.124315068632626, 13.033595101258856 ], [ 80.123476116717427, 13.033346505650693 ], [ 80.123052036444847, 13.033242544612699 ], [ 80.123051999613907, 13.033242541112003 ], [ 80.122558806556626, 13.033256085306499 ], [ 80.122226939246247, 13.033369045749943 ], [ 80.122226908703539, 13.033369059752717 ], [ 80.121669144743649, 13.03364473580883 ], [ 80.120788719408381, 13.034096639576193 ], [ 80.120788677187591, 13.034096660580296 ], [ 80.119922093094232, 13.034553102151545 ], [ 80.119087715400468, 13.034991502169643 ], [ 80.118778848554641, 13.035181323398946 ], [ 80.118503669430268, 13.035420690284647 ], [ 80.118410035333284, 13.035502146386611 ], [ 80.118244070686231, 13.035877272941027 ], [ 80.118235236653703, 13.036035918391867 ], [ 80.118230221359482, 13.036125852004506 ], [ 80.118251778231354, 13.036316084565609 ], [ 80.118271701966052, 13.036491914429339 ], [ 80.118271701966052, 13.036491940684206 ], [ 80.118211725047786, 13.037337105681685 ], [ 80.118022699749076, 13.037780008707051 ], [ 80.118022677291179, 13.037780055965603 ], [ 80.117750697067578, 13.038308790909021 ], [ 80.117395720596534, 13.038936985993738 ], [ 80.117225902176898, 13.039146720059703 ], [ 80.117040762091776, 13.039375375619539 ], [ 80.116759584017956, 13.039664653589329 ], [ 80.116524515569353, 13.039833816800058 ], [ 80.11646450002354, 13.039877015115904 ], [ 80.116464464090924, 13.039877036994673 ], [ 80.115952802569723, 13.040143646250769 ], [ 80.115206015107731, 13.040396701790057 ], [ 80.114579043141703, 13.0405684330602 ], [ 80.114046470637291, 13.040644956883964 ], [ 80.113887597291097, 13.040667788617789 ], [ 80.112000866598194, 13.040967278039812 ], [ 80.11192382887603, 13.040979507341033 ], [ 80.111904858253865, 13.040982354193444 ], [ 80.111472077797757, 13.041047309327512 ], [ 80.111247458552526, 13.04110095842924 ], [ 80.111094055946424, 13.041137627933178 ], [ 80.11026432074604, 13.041417761200378 ], [ 80.110264274931964, 13.041417774327545 ], [ 80.109434498409058, 13.041634650094526 ], [ 80.109154636367137, 13.041691330568556 ], [ 80.108743055253399, 13.04177473967764 ], [ 80.108551131091261, 13.041788447057009 ], [ 80.108365015435751, 13.041801783374638 ], [ 80.108217507574537, 13.041729458850234 ], [ 80.108217468946989, 13.041729435221347 ], [ 80.108101138914307, 13.04164300509844 ], [ 80.107913293103579, 13.041503442277939 ], [ 80.107803148869934, 13.041400986416305 ], [ 80.107553730732988, 13.041169008048731 ], [ 80.107111247573499, 13.04076215316914 ], [ 80.106770170734862, 13.040400563821782 ], [ 80.106665137915201, 13.040328703591864 ], [ 80.106373716352209, 13.040129394437104 ], [ 80.105756064407245, 13.039758722722249 ], [ 80.105336640102763, 13.039555282391843 ], [ 80.105101510568744, 13.039469387977547 ], [ 80.104806484964797, 13.039446753042375 ], [ 80.104506891427647, 13.039541655402687 ], [ 80.104490629226049, 13.039546100298908 ], [ 80.104486499670699, 13.039547229244782 ], [ 80.104308652109083, 13.039595836047999 ], [ 80.104308607193317, 13.039595847424959 ], [ 80.10411503731757, 13.039622935117729 ], [ 80.103455815832831, 13.039527982904907 ], [ 80.102607640914613, 13.039356146769343 ], [ 80.102159624132966, 13.039186263856161 ], [ 80.101856334028426, 13.03907129409016 ], [ 80.101506030593498, 13.038786518971781 ], [ 80.101506012627183, 13.038786496217737 ], [ 80.101335479148588, 13.03840687927322 ], [ 80.101123533335411, 13.037724401156121 ], [ 80.100921239021645, 13.037284500704637 ], [ 80.100741046857095, 13.036892720215619 ], [ 80.100450769747781, 13.035812502859825 ], [ 80.1003351152482, 13.035614984156911 ], [ 80.100183429322584, 13.03535601285159 ], [ 80.099796302147524, 13.034998888587001 ], [ 80.09950589927405, 13.03494010792666 ], [ 80.099415924913501, 13.034940097424622 ], [ 80.099197089022084, 13.034940104425951 ], [ 80.09919705668274, 13.034940066793743 ], [ 80.098754504352954, 13.035111759843122 ], [ 80.097910890181453, 13.035473220393651 ], [ 80.097882157567099, 13.035484918740529 ], [ 80.096956629618063, 13.035861786023988 ], [ 80.096615491693981, 13.036069640218566 ], [ 80.09620984035945, 13.036318140324086 ], [ 80.096209808918388, 13.036318163078322 ], [ 80.095659650095669, 13.036791051840305 ], [ 80.095610480808617, 13.036833317765325 ], [ 80.095574144853671, 13.03688118559044 ], [ 80.095462964862548, 13.037027655161648 ], [ 80.09512179370077, 13.037321403566724 ], [ 80.094656178922719, 13.037651243163928 ], [ 80.094121358833476, 13.038017278827752 ], [ 80.09357275499454, 13.038396816730867 ], [ 80.093369982777006, 13.03850579374534 ], [ 80.093001109368515, 13.038704054897487 ], [ 80.092493987932784, 13.038975154081852 ], [ 80.092028368663094, 13.039282417784852 ], [ 80.091569810151626, 13.039591410406016 ], [ 80.09136448312546, 13.039729787600221 ], [ 80.09036871231109, 13.040380456401815 ], [ 80.089852383143665, 13.040628911920933 ], [ 80.089852355295889, 13.040628924173015 ], [ 80.08937290915739, 13.040805107156748 ], [ 80.089215482997119, 13.040860338577113 ], [ 80.088999515426408, 13.040936135938626 ], [ 80.088815503625298, 13.041022175993142 ], [ 80.088796651580751, 13.041030993095125 ], [ 80.088749322941666, 13.041048514404263 ], [ 80.088589199140586, 13.041107791571733 ], [ 80.088372536273837, 13.041130354592935 ], [ 80.088244618872309, 13.041126414684564 ], [ 80.088225013141255, 13.04112581258396 ], [ 80.087925389061382, 13.041098636665975 ], [ 80.087630385017036, 13.041066947614787 ], [ 80.087547934945306, 13.041052052621643 ], [ 80.087455204553464, 13.041035300566577 ], [ 80.087370661407135, 13.040996895631549 ], [ 80.08720630294782, 13.040922258733515 ], [ 80.087043026958412, 13.040842181897714 ], [ 80.086865186583296, 13.04075501809116 ], [ 80.086533338137542, 13.040601247615736 ], [ 80.086533295018413, 13.040601231863059 ], [ 80.086183048177361, 13.040474672287475 ], [ 80.086091880854084, 13.040453007984121 ], [ 80.085897224915172, 13.040406799257022 ], [ 80.085454698636568, 13.040357005035979 ], [ 80.085454665398899, 13.04035700241052 ], [ 80.085132009413471, 13.040329826408122 ], [ 80.084920015091242, 13.040320754612726 ], [ 80.084919974667045, 13.040320754612726 ], [ 80.084601932428939, 13.040325236251222 ], [ 80.084435183552614, 13.0403742209659 ], [ 80.084140900855431, 13.040460722419144 ], [ 80.083610732242732, 13.040709202361807 ], [ 80.083223485591731, 13.040907985961189 ], [ 80.08290997894747, 13.041070640732801 ], [ 80.082628762246117, 13.04117905910147 ], [ 80.082462567630344, 13.041201246678522 ], [ 80.082324489384661, 13.04121971225806 ], [ 80.082174557868754, 13.041195715755864 ], [ 80.082126331812759, 13.041188003094037 ], [ 80.082126298575091, 13.041187994342563 ], [ 80.081964967438267, 13.041124697647641 ], [ 80.081794425874833, 13.041038800277681 ], [ 80.081649236565354, 13.040928038204054 ], [ 80.081504050849148, 13.040817279581393 ], [ 80.081504019408115, 13.040817250701526 ], [ 80.081356565445773, 13.040672626435168 ], [ 80.081356535801376, 13.040672606306787 ], [ 80.081245961274746, 13.040500866357442 ], [ 80.081066288336459, 13.040130255584485 ], [ 80.081066271268455, 13.040130212702172 ], [ 80.080891209382514, 13.039569762653175 ], [ 80.08086363289992, 13.038995713195405 ], [ 80.080999097946446, 13.038622947286139 ], [ 80.081177301240928, 13.038132578142498 ], [ 80.081177322800528, 13.038132537010116 ], [ 80.081269371371036, 13.037996322311463 ], [ 80.081638410967869, 13.037450210413994 ], [ 80.081638442408902, 13.037450171031857 ], [ 80.082237778603528, 13.036849215947397 ], [ 80.082431423937734, 13.036691068985121 ], [ 80.082827950185617, 13.036180421970474 ], [ 80.082814180808953, 13.035882128355359 ], [ 80.082657627811116, 13.03500078157521 ], [ 80.082399639746356, 13.03401541668241 ], [ 80.082376263786031, 13.033783364002232 ], [ 80.082349068189131, 13.033513773179676 ], [ 80.082289325731168, 13.032618895616565 ], [ 80.08234008593459, 13.032157872422582 ], [ 80.08241520665193, 13.031848313030697 ], [ 80.082450841920931, 13.031701435186148 ], [ 80.08245085809061, 13.031701387926464 ], [ 80.082508621559995, 13.03157817573867 ], [ 80.082583135016179, 13.031419237745766 ], [ 80.082649864570428, 13.031276901836508 ], [ 80.082686014574094, 13.031199777366977 ], [ 80.083077969295516, 13.030490303585058 ], [ 80.083442251414581, 13.029844062602638 ], [ 80.083594438600116, 13.029446373322784 ], [ 80.083723582201984, 13.029007987114275 ], [ 80.083723589388512, 13.029007955607458 ], [ 80.083774405287485, 13.028452081251558 ], [ 80.083764787025771, 13.02833657438295 ], [ 80.083732987563025, 13.027954906587741 ], [ 80.083679080561126, 13.027822656164961 ], [ 80.083548717945419, 13.027502932096064 ], [ 80.083355201070276, 13.027096142270546 ], [ 80.083295994906521, 13.026999111037128 ], [ 80.082977336424108, 13.026476877412572 ], [ 80.082878595404708, 13.026155551742097 ], [ 80.08270090325162, 13.025577461878008 ], [ 80.082565880176233, 13.025111136722311 ], [ 80.082452196580377, 13.02471865518384 ], [ 80.082378567964753, 13.024135619675935 ], [ 80.082357603082656, 13.023884320682676 ], [ 80.082286547241978, 13.023032849381398 ], [ 80.082259037234735, 13.022490445133069 ], [ 80.082291475399629, 13.021618209812035 ], [ 80.082291476297954, 13.021618179179502 ], [ 80.082342401791408, 13.020384295947963 ], [ 80.082348484284182, 13.020195171428792 ], [ 80.082356331966537, 13.019950458853405 ], [ 80.08233333240031, 13.019710915097262 ], [ 80.082199766392279, 13.019168538585305 ], [ 80.082089194560581, 13.018906380891325 ], [ 80.082089182882484, 13.018906357260249 ], [ 80.081895658820855, 13.018617089170787 ], [ 80.081713811061249, 13.018450410235367 ], [ 80.081614557103805, 13.018359462817426 ], [ 80.081425579415779, 13.018196680220683 ], [ 80.081357758408501, 13.018123257391666 ], [ 80.081291951424021, 13.018052019109509 ], [ 80.081291930762788, 13.018051991977469 ], [ 80.081052326720311, 13.017726567185003 ], [ 80.080955562892854, 13.017568361622979 ], [ 80.080545702052888, 13.016686629331168 ], [ 80.080311301052532, 13.01618237841612 ], [ 80.080310527603103, 13.016180714595501 ], [ 80.080046135448669, 13.01612304714342 ], [ 80.080020163357162, 13.016117381749632 ], [ 80.07997068235467, 13.016145269349462 ], [ 80.079835774263628, 13.016221303588344 ], [ 80.079835750907449, 13.016221319342559 ], [ 80.078401026414355, 13.016607550299772 ], [ 80.076030252903635, 13.01724576756666 ], [ 80.074634118238478, 13.014872730195746 ], [ 80.07316584256786, 13.012649969298028 ], [ 80.073141193694767, 13.012612654019522 ], [ 80.072343405280833, 13.012282537757724 ], [ 80.072246174329436, 13.012242301720281 ], [ 80.07210221840684, 13.012182731436924 ], [ 80.070753802249612, 13.011624738862382 ], [ 80.063098779809891, 13.008456976993735 ], [ 80.058484937289236, 13.008880675934067 ], [ 80.057720155673806, 13.007528261338711 ], [ 80.057431044577669, 13.004464165598071 ], [ 80.057239042262125, 13.002429190092776 ], [ 80.057233861677886, 13.002374286212929 ], [ 80.059321201445087, 13.001681433863851 ], [ 80.060655291270166, 13.0013116333037 ], [ 80.060744593690899, 13.001286879313781 ], [ 80.060744570334705, 13.001233877180145 ], [ 80.060717089073535, 13.000691499641059 ], [ 80.060703633208888, 12.999294967603891 ], [ 80.060699246735354, 12.998567320623575 ], [ 80.060791707632603, 12.997595607354333 ], [ 80.061077884830965, 12.996402514566677 ], [ 80.06115235786298, 12.99403430121385 ], [ 80.061226602722883, 12.992194897712618 ], [ 80.061683435570743, 12.990473049906624 ], [ 80.061845483563147, 12.990191105777956 ], [ 80.061867865986756, 12.990152164267224 ], [ 80.063310688792157, 12.989104925245952 ], [ 80.063343040718792, 12.989081442768743 ], [ 80.06399769786357, 12.98833143174485 ], [ 80.06416378288489, 12.987499876583174 ], [ 80.06393819884903, 12.986672756604229 ], [ 80.063464209975905, 12.984566445148316 ], [ 80.06264912899276, 12.982360696686495 ], [ 80.062381932297995, 12.981958347038947 ], [ 80.062096233003345, 12.981876891731257 ], [ 80.061450980321297, 12.981935481887072 ], [ 80.061072979131225, 12.982116190146805 ], [ 80.060261810311118, 12.982382554267209 ], [ 80.059533630551911, 12.982409481018301 ], [ 80.059017495420605, 12.982359625253562 ], [ 80.058261719415853, 12.982196686863162 ], [ 80.057349199072164, 12.982097007626388 ], [ 80.057040495719718, 12.981974807215874 ], [ 80.056547382612479, 12.981997277579032 ], [ 80.055980478294572, 12.982195975200121 ], [ 80.055643929863251, 12.982390232868998 ], [ 80.055247493446913, 12.982670259199486 ], [ 80.054708229391963, 12.98296392056619 ], [ 80.053639006930098, 12.98305396796564 ], [ 80.053242671125034, 12.982895664142974 ], [ 80.052905074359813, 12.982786611040092 ], [ 80.052841825777278, 12.982533910739388 ], [ 80.052808092241733, 12.98231143440186 ], [ 80.052785620884904, 12.982163242200317 ], [ 80.05275044734995, 12.981931275805369 ], [ 80.052731489304222, 12.981806251416064 ], [ 80.052703764599585, 12.981623409687732 ], [ 80.052548249155919, 12.980597785871197 ], [ 80.052718356833054, 12.979835759399021 ], [ 80.052552694918262, 12.979044744618975 ], [ 80.052110589949507, 12.977950880393468 ], [ 80.051502631724773, 12.976978947292759 ], [ 80.050820851746607, 12.976088348572631 ], [ 80.050092924414017, 12.975459883992736 ], [ 80.04921755569552, 12.974813268566056 ], [ 80.048830778863405, 12.973940854306543 ], [ 80.048757378419864, 12.97289232143396 ], [ 80.048725455887947, 12.971920645185024 ], [ 80.048435471629375, 12.971134125756372 ], [ 80.048454191621587, 12.970293450963833 ], [ 80.04842669868232, 12.969827900835357 ], [ 80.048263974258475, 12.969378526341613 ], [ 80.048228664179632, 12.969281015583828 ], [ 80.047837173887217, 12.968856062047063 ], [ 80.047454835630944, 12.968462704568593 ], [ 80.046919504400293, 12.967947360641396 ], [ 80.047058932813854, 12.967278395809974 ], [ 80.047326671192721, 12.96599500238325 ], [ 80.047602098252099, 12.96483177063746 ], [ 80.047622019291822, 12.964747637076171 ], [ 80.050144010705921, 12.96470037512956 ], [ 80.050225784346225, 12.964698843151812 ], [ 80.05024430581075, 12.964355333233192 ], [ 80.0505446332715, 12.961928435055109 ], [ 80.05066915504122, 12.961652793144488 ], [ 80.051070339053865, 12.960875562832618 ], [ 80.051268604423569, 12.960563770611245 ], [ 80.051854104766193, 12.959962840316145 ], [ 80.052032919813399, 12.95972916363149 ], [ 80.052061522172039, 12.959691786126919 ], [ 80.052863646753863, 12.959023143152885 ], [ 80.053144766437171, 12.95885599701122 ], [ 80.054052732322404, 12.958341041147344 ], [ 80.054301610571855, 12.958354707612974 ], [ 80.055370641692576, 12.958495079706696 ], [ 80.056605639256986, 12.958603961368407 ], [ 80.057905261622906, 12.958591566926897 ], [ 80.057983486019552, 12.95859082105428 ], [ 80.058010668141719, 12.958305992975848 ], [ 80.058015836149565, 12.958251836603321 ], [ 80.059462952901967, 12.95769190198747 ], [ 80.059808585097443, 12.957732679127158 ], [ 80.061896088358068, 12.95786433131493 ], [ 80.061683729319824, 12.958998672094234 ], [ 80.061549727628901, 12.960309349396052 ], [ 80.061424868092629, 12.961633517126032 ], [ 80.062756637569322, 12.961728816051869 ], [ 80.063933383879132, 12.961652255632579 ], [ 80.064000905747463, 12.961647862741989 ], [ 80.064070093092312, 12.961349600346958 ], [ 80.064291600573398, 12.960269475248152 ], [ 80.064310095088473, 12.959944075419465 ], [ 80.064849501077234, 12.959207490608602 ], [ 80.064932540443763, 12.958922803305363 ], [ 80.064956219136349, 12.958458521426666 ], [ 80.064964020106274, 12.958305571014572 ], [ 80.065531677212419, 12.958791884417703 ], [ 80.066047668613308, 12.959103907346742 ], [ 80.066388627772625, 12.959203430340256 ], [ 80.066669794168348, 12.959167355404528 ], [ 80.066683549172012, 12.959167349276465 ], [ 80.066689932600411, 12.959189941634543 ], [ 80.066858507751661, 12.959786542152072 ], [ 80.06708408010941, 12.960645365088531 ], [ 80.067180731647454, 12.961020507620594 ], [ 80.067332740966563, 12.961332338664185 ], [ 80.067563042954262, 12.961662330916806 ], [ 80.067798017079781, 12.961915544412756 ], [ 80.06809287559706, 12.962114497067857 ], [ 80.068332482334469, 12.962213974211181 ], [ 80.06871037123517, 12.962304421313508 ], [ 80.069221807279234, 12.962512500823872 ], [ 80.069779398762606, 12.962711503776379 ], [ 80.070488940276306, 12.963086797268964 ], [ 80.070737675693607, 12.963339999686214 ], [ 80.071152268858484, 12.964058669094227 ], [ 80.071594340589613, 12.965414719569127 ], [ 80.071810573163347, 12.966521995050721 ], [ 80.072137490756461, 12.967787573019212 ], [ 80.072068039306913, 12.968962635121299 ], [ 80.072109457031374, 12.969075698368947 ], [ 80.072312192417982, 12.969428249022315 ], [ 80.07254710725465, 12.969704005751824 ], [ 80.07282822424304, 12.969884851584451 ], [ 80.072924997053661, 12.969925546190005 ], [ 80.073279753437475, 12.970043156687799 ], [ 80.073371899924368, 12.97006574543245 ], [ 80.073579337991447, 12.970056763859301 ], [ 80.073759068421921, 12.970025163776052 ], [ 80.073989512343431, 12.969880632167904 ], [ 80.074226440304685, 12.969656520644584 ], [ 80.074252212071855, 12.969632144299084 ], [ 80.07446876264919, 12.969413223669621 ], [ 80.074547287981432, 12.969333840700031 ], [ 80.074773094799468, 12.969153184428716 ], [ 80.074915970048778, 12.96908991312125 ], [ 80.075238587406645, 12.969017673318019 ], [ 80.075685575617314, 12.968981673338424 ], [ 80.07603121499929, 12.968972705732554 ], [ 80.076575032614429, 12.969076717335081 ], [ 80.077524328189227, 12.969198974857557 ], [ 80.078243169961041, 12.969275994290861 ], [ 80.079478213339527, 12.96942542673521 ], [ 80.07984227716797, 12.969506889623498 ], [ 80.07996667856348, 12.969588215922903 ], [ 80.080021924953442, 12.969655999782535 ], [ 80.080077283632832, 12.969755472160447 ], [ 80.08008641410936, 12.969900150032686 ], [ 80.080141643431347, 12.970252683760554 ], [ 80.080099926567868, 12.971378035573675 ], [ 80.080127461727969, 12.97173502294784 ], [ 80.080099705582313, 12.972105622121417 ], [ 80.080095110699631, 12.972300016356504 ], [ 80.080150374157597, 12.972553137616355 ], [ 80.080279312045292, 12.972806219226165 ], [ 80.080380692314975, 12.972982535303336 ], [ 80.080505055082924, 12.972991610437221 ], [ 80.081131887810074, 12.972779297562687 ], [ 80.081569711408179, 12.972526347233694 ], [ 80.081933855186691, 12.972264294350339 ], [ 80.082431670974429, 12.971988671767594 ], [ 80.082749632364198, 12.971848601415982 ], [ 80.083059993108364, 12.971794569669724 ], [ 80.083164479752298, 12.971776379921691 ], [ 80.083546953654206, 12.971604762966814 ], [ 80.084047398810753, 12.971213176377553 ], [ 80.084049400257214, 12.971211611174979 ], [ 80.085114122159524, 12.970149752889197 ], [ 80.085671951696455, 12.969462851800321 ], [ 80.085681180089338, 12.969309199952209 ], [ 80.085810296741784, 12.968807529797916 ], [ 80.08550187995192, 12.967361252172955 ], [ 80.085382225254406, 12.966452759783419 ], [ 80.085110490270836, 12.965490038370771 ], [ 80.084318304649329, 12.963365654762161 ], [ 80.084230922826663, 12.962678700804625 ], [ 80.084281735132421, 12.96199175895806 ], [ 80.084327859130696, 12.961788382676851 ], [ 80.084423292553211, 12.961684409173143 ], [ 80.084493821082788, 12.961607570354483 ], [ 80.084724248834661, 12.961476605605567 ], [ 80.085152891650566, 12.961372685372741 ], [ 80.085558381288308, 12.961445143625717 ], [ 80.086138974134556, 12.961639541812096 ], [ 80.086581310868667, 12.961879200238888 ], [ 80.087134301181166, 12.961919967063084 ], [ 80.087447649721938, 12.961829689653756 ], [ 80.088189625807274, 12.961468258407153 ], [ 80.088772184167325, 12.960897143914965 ], [ 80.088848791596433, 12.960822041705406 ], [ 80.089244411444213, 12.960387577049014 ], [ 80.089309660574855, 12.960315920383271 ], [ 80.090047103761265, 12.959818948933757 ], [ 80.091379043917868, 12.959195476136051 ], [ 80.093554193105817, 12.958364202615202 ], [ 80.094314679875865, 12.957989240798479 ], [ 80.094886100024752, 12.957736264055388 ], [ 80.095706382253411, 12.957605251747179 ], [ 80.096554316423109, 12.95754664710652 ], [ 80.097480497447364, 12.957573902209999 ], [ 80.098365380223015, 12.957036231207578 ], [ 80.099107371579734, 12.956390011757488 ], [ 80.099932380743383, 12.955793615835931 ], [ 80.100674272387096, 12.955531535704205 ], [ 80.102052183828349, 12.95527868603099 ], [ 80.10325956179102, 12.955107065579588 ], [ 80.104166675175037, 12.954946182406273 ], [ 80.104166677869998, 12.953476010115182 ], [ 80.104166677869998, 12.953359182326412 ], [ 80.103762036241847, 12.952631259959295 ], [ 80.103656162599066, 12.951880971816866 ], [ 80.103481143832269, 12.950990585319111 ], [ 80.103439800667957, 12.95049792006254 ], [ 80.103536588749918, 12.950059569581493 ], [ 80.103532040579651, 12.949648271191169 ], [ 80.103536594139811, 12.949378278227307 ], [ 80.103161222318562, 12.949648453288649 ], [ 80.101982320052088, 12.950126340589899 ], [ 80.100913066149189, 12.950385881428179 ], [ 80.10096771515947, 12.950060002062338 ], [ 80.100944482929606, 12.949648707174582 ], [ 80.10090710223399, 12.948541365416563 ], [ 80.100883722680422, 12.947813683737058 ], [ 80.100408829203801, 12.947285074743618 ], [ 80.09996619063574, 12.946747413052131 ], [ 80.099836669741435, 12.945680791114315 ], [ 80.098661537704203, 12.945590911416952 ], [ 80.098521382553585, 12.945632530125428 ], [ 80.096832325240598, 12.946134083255016 ], [ 80.094869379682351, 12.946482942974558 ], [ 80.093499304245327, 12.946713661584955 ], [ 80.09341432182282, 12.946727972165588 ], [ 80.093362601320322, 12.946736682306295 ], [ 80.093105323822954, 12.946764511155656 ], [ 80.093067368205553, 12.946768617151678 ], [ 80.093061576766928, 12.946769243119075 ], [ 80.092561896974985, 12.946823291677568 ], [ 80.091726758408171, 12.946913626179288 ], [ 80.091173717790014, 12.9467918155901 ], [ 80.090380521563802, 12.945395508782601 ], [ 80.090089450343783, 12.944775669047804 ], [ 80.090083228612116, 12.944762421195026 ], [ 80.089928520753901, 12.944432967741472 ], [ 80.089895452869968, 12.944382938026726 ], [ 80.089402860785597, 12.943637688008366 ], [ 80.089139920308668, 12.942964339950775 ], [ 80.088692647332095, 12.942272983776196 ], [ 80.088663515865719, 12.942211721904286 ], [ 80.08857012072059, 12.942015310676734 ], [ 80.088125363026776, 12.941079976721449 ], [ 80.087502641888676, 12.939525403698697 ], [ 80.086930380018387, 12.937374198003264 ], [ 80.086915983617672, 12.935715437184822 ], [ 80.086952545948037, 12.935191127608231 ], [ 80.086509805870378, 12.934251178569266 ], [ 80.086057958672328, 12.933577902351473 ], [ 80.085578441566938, 12.932841359562824 ], [ 80.085283263249423, 12.932149942933025 ], [ 80.085043330423574, 12.931327432602588 ], [ 80.084734325237193, 12.930622461989843 ], [ 80.084614310315217, 12.93008465318124 ], [ 80.084554136665901, 12.929388628826748 ], [ 80.084507594052724, 12.928195423568141 ], [ 80.084364451105458, 12.927422596245577 ], [ 80.084165904563051, 12.92636504292259 ], [ 80.08399992644128, 12.926107476845141 ], [ 80.083718730401145, 12.925795717310317 ], [ 80.082893855086439, 12.925579073132576 ], [ 80.082414574237973, 12.925389417718018 ], [ 80.081962877956926, 12.925032519794627 ], [ 80.08094415608538, 12.923943623594733 ], [ 80.080165107426566, 12.923189961412954 ], [ 80.079883999421355, 12.922918013571575 ], [ 80.079432280682397, 12.922475236799166 ], [ 80.079077375178272, 12.922168016912556 ], [ 80.078575013016888, 12.921829210591806 ], [ 80.078263920145787, 12.921625929380557 ], [ 80.077952828172997, 12.921422648003803 ], [ 80.077640803748935, 12.921168733203027 ], [ 80.077464271320906, 12.921025076850094 ], [ 80.076487213312234, 12.920370044265164 ], [ 80.075588620448684, 12.919818937926394 ], [ 80.074593055348558, 12.91918198281687 ], [ 80.073482310059291, 12.918282915565804 ], [ 80.072141354410519, 12.917863012117451 ], [ 80.071390317917221, 12.917876810387199 ], [ 80.071196811821864, 12.917917549382381 ], [ 80.070588564339616, 12.917786666756086 ], [ 80.07029357826157, 12.917483934587361 ], [ 80.0702519206869, 12.916896380965735 ], [ 80.070113571150003, 12.916521284129555 ], [ 80.069339170374448, 12.915495541184415 ], [ 80.068749313202716, 12.915210977351236 ], [ 80.068283860121412, 12.914926376419128 ], [ 80.067629414080727, 12.914366123889867 ], [ 80.067601565408609, 12.913715288958334 ], [ 80.067767213848668, 12.913001120383429 ], [ 80.067554907811058, 12.911844129635515 ], [ 80.066738914139577, 12.910316702239504 ], [ 80.06549902435016, 12.908708041090977 ], [ 80.065065629446366, 12.907709305973684 ], [ 80.064180658635792, 12.906525391686287 ], [ 80.063622844370244, 12.905427256679129 ], [ 80.06329098694134, 12.904984417391086 ], [ 80.062991379929471, 12.904537048576014 ], [ 80.062622650251441, 12.904039982656696 ], [ 80.062051167220503, 12.903425458649705 ], [ 80.061774577741147, 12.902892207626975 ], [ 80.061733020777794, 12.902753584415924 ], [ 80.061294967210955, 12.901292359297866 ], [ 80.061235063056245, 12.901256218197771 ], [ 80.060935515333171, 12.900985116874342 ], [ 80.06082032166934, 12.900939951388429 ], [ 80.060594536410875, 12.90083153842744 ], [ 80.060152034386761, 12.900090425432087 ], [ 80.060082608090042, 12.898942437885754 ], [ 80.060202286143749, 12.8985446716077 ], [ 80.060082336798814, 12.897961661881192 ], [ 80.059949994296232, 12.897208443243452 ], [ 80.059888530666157, 12.896858906104374 ], [ 80.059363333330253, 12.896931360322267 ], [ 80.059119121828701, 12.896809392251258 ], [ 80.058856444558131, 12.896560877131433 ], [ 80.058455495005816, 12.896086413573638 ], [ 80.058487616963717, 12.895611836156361 ], [ 80.058501370170703, 12.895358731393488 ], [ 80.058667009627655, 12.894554180628781 ], [ 80.05871308242196, 12.894554169245181 ], [ 80.058330545638, 12.894016424672065 ], [ 80.057998677429296, 12.893424430571917 ], [ 80.057533193805284, 12.892796312890004 ], [ 80.057081324149365, 12.891368206252192 ], [ 80.057058227565122, 12.891137707098924 ], [ 80.056979756131767, 12.890559207362365 ], [ 80.056961160107093, 12.88991741840959 ], [ 80.056684513135565, 12.889049707420224 ], [ 80.056232932737174, 12.888688246979704 ], [ 80.055822806894213, 12.8882815770899 ], [ 80.055675343948764, 12.88812794531184 ], [ 80.055467934627757, 12.887752863125295 ], [ 80.055131338585724, 12.886627546642387 ], [ 80.054942322270151, 12.886103310099067 ], [ 80.054813296347589, 12.885981309605954 ], [ 80.054679655779395, 12.885823154340802 ], [ 80.054380138599072, 12.885556565387484 ], [ 80.054057535614234, 12.885082078346787 ], [ 80.053790175426087, 12.884435828565694 ], [ 80.053315523596282, 12.883866462653236 ], [ 80.05268428912423, 12.883491479168628 ], [ 80.0524584769163, 12.883179674382372 ], [ 80.052274174959337, 12.883066726349531 ], [ 80.052103587581854, 12.882510846670794 ], [ 80.051946837852967, 12.882027278922369 ], [ 80.052181667349714, 12.881530062339795 ], [ 80.052729813047861, 12.881249714940809 ], [ 80.053144367585205, 12.8810010372581 ], [ 80.05315361035116, 12.880997845297555 ], [ 80.053335571298462, 12.880935007890061 ], [ 80.053812300033243, 12.8807703761896 ], [ 80.053853539891293, 12.879875473265724 ], [ 80.053881126255362, 12.879658523091614 ], [ 80.054143597811716, 12.87918841659401 ], [ 80.054525766286389, 12.878410943634556 ], [ 80.054654686207769, 12.878135213916822 ], [ 80.054746727591777, 12.877769099910402 ], [ 80.054898679418699, 12.877479805434412 ], [ 80.055230189199591, 12.876788217328482 ], [ 80.05588420135399, 12.876227619321149 ], [ 80.056552085292978, 12.875874921297099 ], [ 80.05721993689265, 12.875409229257285 ], [ 80.057671269356021, 12.874939071002462 ], [ 80.058191664298434, 12.874333304704578 ], [ 80.058550834105219, 12.873768256853799 ], [ 80.059080345151116, 12.872828033141175 ], [ 80.05928741311233, 12.871978286588419 ], [ 80.059577439591692, 12.871282187238535 ], [ 80.059747694592545, 12.870590637206643 ], [ 80.059973257068805, 12.87000754489711 ], [ 80.06010657334518, 12.869013190042166 ], [ 80.060212347274941, 12.868375894566219 ], [ 80.060276709768416, 12.867905836095309 ], [ 80.060202847590801, 12.867340901621191 ], [ 80.060202678707554, 12.866730753059484 ], [ 80.060253277214215, 12.866468601417488 ], [ 80.060294671582511, 12.866238089869128 ], [ 80.060916226707405, 12.86508089965662 ], [ 80.061298407758514, 12.864520363927907 ], [ 80.061344235312731, 12.863679701612902 ], [ 80.060929512790437, 12.863178138094797 ], [ 80.060759041295611, 12.863060672576328 ], [ 80.060436487718121, 12.86269467142936 ], [ 80.059717689065437, 12.861989802570548 ], [ 80.059482645769648, 12.861565022080766 ], [ 80.059256843443208, 12.861239669759172 ], [ 80.05898961620575, 12.861040876752941 ], [ 80.058625612564413, 12.860679403071506 ], [ 80.058478136144217, 12.860412784752889 ], [ 80.058017360590597, 12.859902188009517 ], [ 80.057662525155038, 12.859355406299992 ], [ 80.056860721271789, 12.858225708640337 ], [ 80.056054249742303, 12.856829354870001 ], [ 80.055657796257989, 12.855618200147855 ], [ 80.055570234772304, 12.855455516244463 ], [ 80.055077094715585, 12.854398052976427 ], [ 80.054948045436831, 12.854104311367571 ], [ 80.054528671438035, 12.8532908867678 ], [ 80.054233265846733, 12.852653948105205 ], [ 80.054227303728197, 12.852641092114792 ], [ 80.053671454078156, 12.851442580563583 ], [ 80.053464007027912, 12.850764691994499 ], [ 80.053367226132451, 12.85055681461659 ], [ 80.053256554587776, 12.850055167950337 ], [ 80.053173569120148, 12.84974785571028 ], [ 80.052754037916159, 12.848224856256403 ], [ 80.052675421854033, 12.846941315759736 ], [ 80.052605926387059, 12.845273610674679 ], [ 80.052329230008183, 12.843895207027822 ], [ 80.052199983100039, 12.842738229140062 ], [ 80.051923475367389, 12.842123631928647 ], [ 80.051697546378492, 12.841138419969038 ], [ 80.051444041805311, 12.840397270665708 ], [ 80.051222836158161, 12.839891130735877 ], [ 80.051052344002073, 12.839588359629188 ], [ 80.05079226465935, 12.839244432608465 ], [ 80.050642288227706, 12.83904610566535 ], [ 80.049748701675242, 12.838892639928007 ], [ 80.049080820431158, 12.838802395185038 ], [ 80.048486655837621, 12.838807043355876 ], [ 80.048155032869033, 12.838825191979222 ], [ 80.047828006579721, 12.838807182617074 ], [ 80.047404271260234, 12.838852468776896 ], [ 80.046916082717374, 12.839037871745433 ], [ 80.046524664290217, 12.839440194017667 ], [ 80.046179290809562, 12.839779231758172 ], [ 80.04585228518151, 12.839865168706037 ], [ 80.04555292161308, 12.839973699116793 ], [ 80.045267346285954, 12.839946639652158 ], [ 80.044746866003592, 12.839910586929056 ], [ 80.044698341706891, 12.839908011922038 ], [ 80.042639020393366, 12.839798745766315 ], [ 80.042314795051141, 12.839781541383003 ], [ 80.042166563147788, 12.83977367359382 ], [ 80.040163894087669, 12.839667394040392 ], [ 80.040104692415511, 12.839167701563765 ], [ 80.040294475892324, 12.834536567812698 ], [ 80.040264540433782, 12.834532015908737 ], [ 80.040273437348375, 12.834275555358929 ], [ 80.039674660804138, 12.834180750917451 ], [ 80.038034949746375, 12.833986691614733 ], [ 80.037362482602788, 12.833891894071307 ], [ 80.036510387436664, 12.833783565989972 ], [ 80.036109657971551, 12.833657082735792 ], [ 80.035731965801958, 12.833571272419713 ], [ 80.033878160160825, 12.83163441760108 ], [ 80.033608338588806, 12.831352506206873 ], [ 80.03282526457923, 12.830747004379349 ], [ 80.031908668579078, 12.830408171681126 ], [ 80.031797962898409, 12.82926022697357 ], [ 80.030793720970919, 12.827899990058548 ], [ 80.030489623280957, 12.827032282747556 ], [ 80.030282276842016, 12.826386018411048 ], [ 80.02999664941261, 12.825830156879208 ], [ 80.029959737637569, 12.825355612129371 ], [ 80.030037914423474, 12.824487854877704 ], [ 80.030263468814923, 12.823615558299135 ], [ 80.030338099052074, 12.822949494839067 ], [ 80.030373864576816, 12.822630291361234 ], [ 80.029586327736894, 12.822765980742783 ], [ 80.027992773915059, 12.822626079096088 ], [ 80.027030201240336, 12.822585521697437 ], [ 80.026141322758292, 12.822585625055197 ], [ 80.024851762421847, 12.822621927268871 ], [ 80.023981282335129, 12.82241412472551 ], [ 80.023585199854978, 12.822396087911079 ], [ 80.023000278027425, 12.822274121277209 ], [ 80.022889504074769, 12.822257240659503 ], [ 80.02278855499641, 12.822241856102179 ], [ 80.022318640881394, 12.822170242219247 ], [ 80.022033082622258, 12.822048243067133 ], [ 80.021711105763174, 12.821832123231045 ], [ 80.02124087364453, 12.821542135414832 ], [ 80.020236767362675, 12.820552453607718 ], [ 80.019688663885304, 12.820064396573734 ], [ 80.019117517722634, 12.819386522391991 ], [ 80.01866611788563, 12.818699595436209 ], [ 80.018343704445314, 12.818369697624446 ], [ 80.01812262725727, 12.818211533934857 ], [ 80.017321213242852, 12.817483957960311 ], [ 80.015981007687316, 12.817343951770614 ], [ 80.014788182432227, 12.817258162170111 ], [ 80.013389253108272, 12.817383051588214 ], [ 80.013268384786784, 12.817393843059733 ], [ 80.012646637422449, 12.817253773752856 ], [ 80.012126202954192, 12.816996191044046 ], [ 80.01190163401462, 12.816819214953089 ], [ 80.01154128471984, 12.816535233775316 ], [ 80.011025457710659, 12.816232452957872 ], [ 80.010131976261093, 12.815730832428031 ], [ 80.008865446931907, 12.814944493891263 ], [ 80.008644582644578, 12.814679922318984 ], [ 80.008633065344327, 12.814666123627124 ], [ 80.008510812718981, 12.814519675076165 ], [ 80.008520481286411, 12.814468243312929 ], [ 80.008819308560589, 12.81287457084446 ], [ 80.009224473008231, 12.810302971421807 ], [ 80.009270503581732, 12.809787748604103 ], [ 80.009371805697981, 12.809426186351089 ], [ 80.008814561862636, 12.809399091191599 ], [ 80.006811247812138, 12.809236459732066 ], [ 80.006645495167504, 12.810519996377309 ], [ 80.006392243919208, 12.811912002425219 ], [ 80.006102134794844, 12.812956011987486 ], [ 80.004025105890449, 12.812937979751297 ], [ 80.003081001679661, 12.812919916855719 ], [ 80.002482300593925, 12.812847612703493 ], [ 80.001791493445509, 12.812730113156208 ], [ 80.000976339698809, 12.81253577978662 ], [ 80.000373034747284, 12.812219417826924 ], [ 80.000001752057202, 12.81216543920949 ], [ 80.000000000342396, 12.812165184308236 ], [ 79.999999988664314, 12.8121653060652 ], [ 79.99971649293704, 12.812141230597742 ], [ 79.999006253432356, 12.8123816663235 ], [ 79.998535583834212, 12.812393955881221 ], [ 79.9983657375668, 12.812311970592297 ], [ 79.998154996394419, 12.812260266834171 ], [ 79.998131969878727, 12.81223721798805 ], [ 79.997563213234713, 12.811669473604262 ], [ 79.996616078108161, 12.811472141909848 ], [ 79.996504595384778, 12.811439024801668 ], [ 79.996409165555477, 12.811410677247347 ], [ 79.99563228902305, 12.811179895345999 ], [ 79.995324469612854, 12.811052439813441 ], [ 79.994303377087263, 12.810918096593149 ], [ 79.993977694677639, 12.810650536415181 ], [ 79.993803528412059, 12.810415156803844 ], [ 79.993764016014296, 12.810348900406348 ], [ 79.993487893658866, 12.809885736701329 ], [ 79.992978000920459, 12.809631184281296 ], [ 79.992071583730777, 12.809614612905397 ], [ 79.990405189115805, 12.809798671794629 ], [ 79.988950545379609, 12.80995642468697 ], [ 79.987858320656585, 12.81043597738633 ], [ 79.986737800798736, 12.8111367029897 ], [ 79.985713802223202, 12.811828663635996 ], [ 79.984902398942808, 12.812286615377559 ], [ 79.984306531143517, 12.812622281389109 ], [ 79.983994089002834, 12.812798247834024 ], [ 79.983265858039672, 12.813166171622353 ], [ 79.98285625321958, 12.81318286276929 ], [ 79.981658543824295, 12.813562676065935 ], [ 79.980672402051482, 12.813947743572605 ], [ 79.979548465900592, 12.814291668378974 ], [ 79.978540462727025, 12.81456473173076 ], [ 79.978393029425959, 12.814604671131123 ], [ 79.978346328709293, 12.814617231246112 ], [ 79.97796646710826, 12.814685981199688 ], [ 79.977586603710563, 12.814754730258572 ], [ 79.976883095282346, 12.814612386417672 ], [ 79.976391061950082, 12.814524927218994 ], [ 79.975480305897591, 12.814418079902435 ], [ 79.974813930229971, 12.8141810053589 ], [ 79.97411570030232, 12.813826507763437 ], [ 79.973472260420493, 12.813607508649971 ], [ 79.972694971561353, 12.813510066837731 ], [ 79.971794783289866, 12.813590141302148 ], [ 79.971255007195197, 12.813638156186482 ], [ 79.971226662653052, 12.813640677153789 ], [ 79.971198300144593, 12.813642961616157 ], [ 79.971193705261896, 12.813643332140549 ], [ 79.969988533561576, 12.813740396369449 ], [ 79.968929830371678, 12.813840676149423 ], [ 79.967783330337511, 12.814044615852739 ], [ 79.966963055295352, 12.814389604795837 ], [ 79.966883898447463, 12.814391265581049 ], [ 79.9668172955557, 12.814450908434321 ], [ 79.966503473602742, 12.814731933911535 ], [ 79.966255481990473, 12.814975454851476 ], [ 79.965633281875228, 12.815586437693375 ], [ 79.965301906841631, 12.815966206196842 ], [ 79.964763250047824, 12.816549408140466 ], [ 79.964473225365083, 12.816947168601361 ], [ 79.964289130918985, 12.817313398409652 ], [ 79.964072794140677, 12.817697611405908 ], [ 79.963888616151223, 12.818004998724282 ], [ 79.963405262341254, 12.818868416210865 ], [ 79.96253530776896, 12.820314965272836 ], [ 79.961812655343721, 12.821603264756554 ], [ 79.961320021936828, 12.822249741958005 ], [ 79.961126617351113, 12.822593371630083 ], [ 79.960997803430956, 12.822832883800544 ], [ 79.960887319634139, 12.823058930357481 ], [ 79.960781428025086, 12.823366330400274 ], [ 79.960707930563501, 12.823827306695453 ], [ 79.960514121735883, 12.824103428011384 ], [ 79.960132822830403, 12.824102172835541 ], [ 79.959521715112274, 12.823985981891068 ], [ 79.959479953333044, 12.823978041783324 ], [ 79.959413119574236, 12.823976908358111 ], [ 79.958817297588993, 12.823966803004906 ], [ 79.958333193685746, 12.824249635369293 ], [ 79.957852919300564, 12.824726716199404 ], [ 79.957594795590182, 12.824847702382852 ], [ 79.957021231162727, 12.82516972083198 ], [ 79.956943629298607, 12.825213289171877 ], [ 79.956843347668496, 12.825269591392642 ], [ 79.95686698863183, 12.824945385061017 ], [ 79.956869276640845, 12.824914001388777 ], [ 79.956915761761849, 12.82427648630488 ], [ 79.956922594347901, 12.822339425046927 ], [ 79.956991362179537, 12.819747683190405 ], [ 79.956976842709622, 12.818645916898538 ], [ 79.956793780427745, 12.818378779242808 ], [ 79.956216487991867, 12.817663411590582 ], [ 79.956010895064352, 12.817229229272371 ], [ 79.956195314700608, 12.81714402738316 ], [ 79.956973586316707, 12.816947941173959 ], [ 79.957282267211269, 12.816836187908367 ], [ 79.957331057409291, 12.816041489387546 ], [ 79.956914775411661, 12.815317658787704 ], [ 79.956774926586561, 12.814536032399854 ], [ 79.957676952811127, 12.814489380651196 ], [ 79.958137809213113, 12.814292235989337 ], [ 79.958154546623504, 12.813470414573697 ], [ 79.958178726576008, 12.811786191422325 ], [ 79.958347839818131, 12.81080233141093 ], [ 79.958490910001856, 12.810653756424136 ], [ 79.95872113383615, 12.810624046671997 ], [ 79.959582031593726, 12.810512946691267 ], [ 79.961188591224271, 12.81031970568022 ], [ 79.962234240994746, 12.810002525422201 ], [ 79.963532927316152, 12.809487867859456 ], [ 79.96353358039137, 12.809487608575727 ], [ 79.963731809828502, 12.809388936199746 ], [ 79.963594803272926, 12.809108434718521 ], [ 79.963329619702748, 12.808619927165202 ], [ 79.962698325941901, 12.807552053234286 ], [ 79.962196474023571, 12.806313093587255 ], [ 79.961818686632526, 12.805115191753329 ], [ 79.961793286767872, 12.804473874752631 ], [ 79.961772585092163, 12.803823521280579 ], [ 79.961586384994987, 12.803113934947367 ], [ 79.961207627423434, 12.802236553727971 ], [ 79.960724128086397, 12.800984038320763 ], [ 79.960663246564636, 12.799967784023282 ], [ 79.960514182821314, 12.799195114377266 ], [ 79.960215033950263, 12.798177285710853 ], [ 79.96000932064851, 12.797477364169493 ], [ 79.959623744863947, 12.797200615365135 ], [ 79.959574350998039, 12.796852699824049 ], [ 79.959276374428413, 12.796522004283412 ], [ 79.958643869738552, 12.79581550021938 ], [ 79.958407221153351, 12.79507408786143 ], [ 79.958125110628288, 12.794160930384473 ], [ 79.957727484842493, 12.793378360631484 ], [ 79.957426666003286, 12.792546457285454 ], [ 79.957125454600316, 12.791854476134883 ], [ 79.956557057282382, 12.791211251604926 ], [ 79.955997188569782, 12.790771312929255 ], [ 79.95550061335544, 12.79067929101193 ], [ 79.953471021786243, 12.790780929916314 ], [ 79.95194185022082, 12.790840388257836 ], [ 79.951547347877266, 12.790855728302688 ], [ 79.949454160077536, 12.790762981944559 ], [ 79.948689906671476, 12.790855186044233 ], [ 79.947580651687289, 12.79094631260193 ], [ 79.947079276774389, 12.790913024601505 ], [ 79.946693236560819, 12.790762707749156 ], [ 79.946076641034637, 12.790751534067329 ], [ 79.945101226044628, 12.790761873774652 ], [ 79.943536359023071, 12.790860463208691 ], [ 79.941539686217467, 12.790786016109175 ], [ 79.940261139226408, 12.790592068797871 ], [ 79.940210981792546, 12.790460992761423 ], [ 79.94024441978236, 12.790104237585854 ], [ 79.940344030370952, 12.789242138996077 ], [ 79.940606413892397, 12.787906178214325 ], [ 79.940895127933118, 12.786927257872648 ], [ 79.940760272842695, 12.786009962290343 ], [ 79.940477154407844, 12.785390456605834 ], [ 79.940305259981585, 12.784540853596814 ], [ 79.939211456918599, 12.784153247960843 ], [ 79.939342899309295, 12.783413004160282 ], [ 79.937640922425928, 12.784577010609249 ], [ 79.937291138217219, 12.784593906014663 ], [ 79.936720296583403, 12.784704925427567 ], [ 79.935970577020313, 12.78459850700326 ], [ 79.935152078845832, 12.784437743051521 ], [ 79.934989789206597, 12.784802955682752 ], [ 79.934724778112951, 12.785587809583248 ], [ 79.934438354776177, 12.785907520763914 ], [ 79.934110587376765, 12.786199921010409 ], [ 79.933617326047539, 12.786478263128673 ], [ 79.93311496298783, 12.786702367697558 ], [ 79.932621395333058, 12.787071004983689 ], [ 79.932376118429573, 12.787445048620558 ], [ 79.932328337039593, 12.787977784311193 ], [ 79.932140988895526, 12.788934487963552 ], [ 79.932028145224479, 12.789602515136551 ], [ 79.931803860152527, 12.790568066608676 ], [ 79.931825269700724, 12.791019834574103 ], [ 79.931659172102997, 12.791159254432552 ], [ 79.93129013609942, 12.791442510817738 ], [ 79.929733589274051, 12.7931172021585 ], [ 79.929496582261052, 12.793793777784016 ], [ 79.929587475598126, 12.794105738128019 ], [ 79.929594954971179, 12.79461146462719 ], [ 79.929524049149165, 12.795148623048645 ], [ 79.929172925552379, 12.795544866749044 ], [ 79.928623761164687, 12.796017155867453 ], [ 79.92795424768174, 12.796674160815252 ], [ 79.927325171861312, 12.797584264219243 ], [ 79.926999413094919, 12.79798507943433 ], [ 79.926974547727824, 12.798015673682453 ], [ 79.926673653430171, 12.798385893136516 ], [ 79.926346864296093, 12.798425467181817 ], [ 79.926278995678089, 12.796767894007735 ], [ 79.925832251809197, 12.795578774351355 ], [ 79.925181761050695, 12.794736587772896 ], [ 79.924816807890096, 12.795155328016985 ], [ 79.923976882201146, 12.795866044014407 ], [ 79.923082809660116, 12.796278456755445 ], [ 79.922184035336883, 12.796690863566202 ], [ 79.920889176736907, 12.797232925794738 ], [ 79.919750696861584, 12.797784438014626 ], [ 79.918672753554915, 12.7982304141019 ], [ 79.91858336759087, 12.798267394342735 ], [ 79.917087167789632, 12.798886400634171 ], [ 79.91550787562123, 12.799183644982769 ], [ 79.913394328403911, 12.799632528644192 ], [ 79.912279987158598, 12.799854635656409 ], [ 79.911704274859304, 12.800037721437445 ], [ 79.91167350756082, 12.799595164042586 ], [ 79.91110324264541, 12.799521001590385 ], [ 79.910946339304644, 12.799651371249595 ], [ 79.910683195808446, 12.79989441270139 ], [ 79.910273810177287, 12.799874907864197 ], [ 79.909455264392093, 12.799736736731592 ], [ 79.909341626610328, 12.799519047249479 ], [ 79.90903018519289, 12.798922432951917 ], [ 79.908152929113967, 12.797149279056198 ], [ 79.907602573560226, 12.795323019620191 ], [ 79.907263139740238, 12.793700675092252 ], [ 79.906510785418405, 12.791760805942538 ], [ 79.905904141428962, 12.790250432254775 ], [ 79.905496893788154, 12.789589703231552 ], [ 79.904598025141823, 12.788737685121554 ], [ 79.903495895594446, 12.78811534428023 ], [ 79.902504410642337, 12.787425525300273 ], [ 79.90159073506517, 12.785557255002352 ], [ 79.901267882348677, 12.784463417318424 ], [ 79.897831005326779, 12.784379542955817 ], [ 79.895434295657154, 12.784217823974178 ], [ 79.894546849987975, 12.78405679083369 ], [ 79.892769508045518, 12.783106877360256 ], [ 79.891436003921996, 12.782858576574958 ], [ 79.891032852598883, 12.78289977637745 ], [ 79.89094796809276, 12.782908450157546 ], [ 79.890409552945769, 12.782963471404301 ], [ 79.889779807880444, 12.7827805808599 ], [ 79.888207475858863, 12.782414097655671 ], [ 79.887139580208682, 12.782523296714297 ], [ 79.885617481977775, 12.782265285182483 ], [ 79.884082444413522, 12.781754260097424 ], [ 79.882344337289425, 12.781427782257971 ], [ 79.881116457077027, 12.781233889957681 ], [ 79.879948983177599, 12.780891242045522 ], [ 79.879134063891172, 12.781019429432517 ], [ 79.877691807922758, 12.780310009376896 ], [ 79.876873809211546, 12.780022764061462 ], [ 79.876908334162877, 12.779715012437583 ], [ 79.876952604038394, 12.779437997108708 ], [ 79.877025793377854, 12.778668475394372 ], [ 79.877071178960932, 12.77755763315399 ], [ 79.877072847132411, 12.777519122013793 ], [ 79.879730288321682, 12.77767964419386 ], [ 79.881714955143494, 12.77721664303731 ], [ 79.883721197701817, 12.777205393413977 ], [ 79.887509549561813, 12.776784752107941 ], [ 79.887099340175538, 12.774362698905547 ], [ 79.891027733998399, 12.773337286611673 ], [ 79.890800114380156, 12.77321024212165 ], [ 79.888520448903861, 12.771937855800468 ], [ 79.88632592664851, 12.770548409090676 ], [ 79.88424348629286, 12.768676240616404 ], [ 79.882491658301092, 12.767012841435358 ], [ 79.882759302356831, 12.766880118349302 ], [ 79.883939023886867, 12.76629510283596 ], [ 79.886068909662555, 12.765096481071266 ], [ 79.88818000088591, 12.764046878420821 ], [ 79.889738595870156, 12.763094695054631 ], [ 79.891872903153711, 12.761950254254847 ], [ 79.898012621321016, 12.758872730682148 ], [ 79.900045625589939, 12.757768573136334 ], [ 79.901184262670469, 12.757126605840151 ], [ 79.901848203005372, 12.756767089319501 ], [ 79.902087920235587, 12.756637285419636 ], [ 79.902908922913085, 12.756057538128379 ], [ 79.903563827992883, 12.755626133241911 ], [ 79.904729532211206, 12.755160323956076 ], [ 79.906309004042683, 12.754804409992527 ], [ 79.907662952025404, 12.754470177599718 ], [ 79.908641262285585, 12.754308648884509 ], [ 79.908906928251085, 12.754264784430848 ], [ 79.909619570749129, 12.754147115685482 ], [ 79.911134246200803, 12.753908283938907 ], [ 79.913017484243895, 12.753539788415265 ], [ 79.91488231580685, 12.75313050826216 ], [ 79.916520889597479, 12.752968877058157 ], [ 79.917635164367482, 12.752760493229053 ], [ 79.918496814014944, 12.752420049692359 ], [ 79.919192922121866, 12.752011392429567 ], [ 79.919513549711397, 12.75176520419118 ], [ 79.921398667030061, 12.750185644398789 ], [ 79.921276649763342, 12.750025560374187 ], [ 79.921570085349217, 12.749777428621757 ], [ 79.923374815128057, 12.748366939881221 ], [ 79.924493555423325, 12.747679749613729 ], [ 79.925501853244313, 12.74676364869047 ], [ 79.925540875161929, 12.746728195974047 ], [ 79.926588190408978, 12.745776637883203 ], [ 79.927873254677408, 12.744359706182301 ], [ 79.928498697710836, 12.743670082386421 ], [ 79.930201786708551, 12.741351224102514 ], [ 79.931398553771075, 12.739773546284288 ], [ 79.932590804104365, 12.738453641746572 ], [ 79.934114472590366, 12.736957306384816 ], [ 79.935444074432297, 12.735980651898323 ], [ 79.935541998883096, 12.73590872090166 ], [ 79.93583168490099, 12.735695928823537 ], [ 79.938064173553499, 12.733937291238805 ], [ 79.940352042444957, 12.731559507790877 ], [ 79.941336940051116, 12.730230469567363 ], [ 79.941994972166427, 12.728892487629112 ], [ 79.942091568907202, 12.72849472788903 ], [ 79.94213191763653, 12.728328582355124 ], [ 79.942188167444655, 12.728096968401474 ], [ 79.942137100915716, 12.726587343239506 ], [ 79.942128298324235, 12.726166316396238 ], [ 79.942126159435546, 12.726063996101256 ], [ 79.942113918991495, 12.725475510994535 ], [ 79.942210495969377, 12.725150060258361 ], [ 79.943269112022676, 12.723775846399823 ], [ 79.944474773304833, 12.721592629623668 ], [ 79.946034970883574, 12.719377589821935 ], [ 79.946596399969835, 12.718636118224588 ], [ 79.948382004616278, 12.716131798250924 ], [ 79.950052526091682, 12.713446674762791 ], [ 79.951202986797938, 12.711760537645478 ], [ 79.95171378324153, 12.710838367415086 ], [ 79.951985179560225, 12.710047293172925 ], [ 79.952302398043258, 12.708528638102591 ], [ 79.952615071949239, 12.707140947724852 ], [ 79.952812594412222, 12.705653993618423 ], [ 79.952917850912399, 12.703389539882709 ], [ 79.95290808622525, 12.701296975422416 ], [ 79.952750982560161, 12.699398707233962 ], [ 79.951043177407215, 12.699710993310301 ], [ 79.948617177269441, 12.699937605604561 ], [ 79.946881670768107, 12.70003747304132 ], [ 79.94714886656449, 12.700778638751009 ], [ 79.945638860555647, 12.700611780148281 ], [ 79.945528498929733, 12.701099935349294 ], [ 79.94365514055815, 12.702284544845375 ], [ 79.943240918397478, 12.702695934868547 ], [ 79.940778003789774, 12.702705539426521 ], [ 79.934678243584614, 12.702643559349806 ], [ 79.931101209615406, 12.702382110995547 ], [ 79.931160686172063, 12.700479302726247 ], [ 79.931344517411787, 12.698888330883362 ], [ 79.931486986622573, 12.697672502402902 ], [ 79.931670929253443, 12.696669092583639 ], [ 79.931804291343866, 12.695963991660046 ], [ 79.932229011216947, 12.695342584073567 ], [ 79.932246093580389, 12.69531758959014 ], [ 79.930211378020829, 12.695363168743409 ], [ 79.930124078843193, 12.696235488715377 ], [ 79.926920046041218, 12.6961185467164 ], [ 79.924424925932243, 12.695870378899178 ], [ 79.922353403700541, 12.696083133371326 ], [ 79.918145858403108, 12.696219341955706 ], [ 79.917302208298992, 12.696236857574943 ], [ 79.917050235353372, 12.696242090264104 ], [ 79.916783083574416, 12.695166435177887 ], [ 79.916819766279005, 12.694113337377061 ], [ 79.916709115395562, 12.692893029767944 ], [ 79.916501839923555, 12.692002674131798 ], [ 79.916170331939298, 12.69153266767592 ], [ 79.91602297679168, 12.691189188635128 ], [ 79.916087392285746, 12.690949635972224 ], [ 79.916391162988972, 12.690578979034113 ], [ 79.916754775863168, 12.69019475620385 ], [ 79.916681016093492, 12.689426414844068 ], [ 79.916888022969232, 12.688386852597635 ], [ 79.917021361703505, 12.687261426149286 ], [ 79.917122166153092, 12.68391230441123 ], [ 79.917255612685182, 12.683568788793819 ], [ 79.91709901656823, 12.682958647685119 ], [ 79.916988472584308, 12.682479572212733 ], [ 79.917876821060361, 12.681964204129315 ], [ 79.918304908717431, 12.68189183015417 ], [ 79.918705262686757, 12.68103302772978 ], [ 79.920449861037071, 12.680951422335241 ], [ 79.920960799414487, 12.68085191199078 ], [ 79.921117281445405, 12.68067562072785 ], [ 79.921287519378282, 12.680169386401193 ], [ 79.921227536171799, 12.679260933107265 ], [ 79.921163135949072, 12.678918187714107 ], [ 79.921145790379256, 12.678825872781974 ], [ 79.921043257571057, 12.678280181324661 ], [ 79.921006261354393, 12.677172857274382 ], [ 79.921180993558622, 12.675975106388512 ], [ 79.92138789083991, 12.674420291672408 ], [ 79.92143380642905, 12.673683570691693 ], [ 79.921424525035505, 12.673635388169966 ], [ 79.921397444422965, 12.67349479675004 ], [ 79.921323242682192, 12.673109583188927 ], [ 79.921102190646977, 12.672427139396413 ], [ 79.920848974432971, 12.672106276368861 ], [ 79.920494462390934, 12.671591080989002 ], [ 79.920411511059285, 12.670958332404041 ], [ 79.920738263362409, 12.670560550380065 ], [ 79.920982139792386, 12.67002266695911 ], [ 79.921465252853878, 12.668734475399386 ], [ 79.921759543635886, 12.666836147563458 ], [ 79.921966413069413, 12.66517285757107 ], [ 79.922173260045028, 12.663387536369704 ], [ 79.922217631430186, 12.662460762940283 ], [ 79.922219135209971, 12.662429348615472 ], [ 79.922697656982052, 12.661340022385833 ], [ 79.923364745912025, 12.659369317851034 ], [ 79.923571723143397, 12.658460821970191 ], [ 79.923548515168008, 12.657276657198937 ], [ 79.923474774262971, 12.656689105064574 ], [ 79.923294847101474, 12.654121930307181 ], [ 79.923147365291371, 12.652924226270727 ], [ 79.923110272056661, 12.651256454273238 ], [ 79.923059596294848, 12.650967198599734 ], [ 79.923363331963799, 12.650727606372191 ], [ 79.923717686800643, 12.65042924756264 ], [ 79.923915557809963, 12.650167071576119 ], [ 79.924191713403047, 12.650153468155636 ], [ 79.924398796635572, 12.649941008403252 ], [ 79.924338900565687, 12.649570401382636 ], [ 79.92403501667475, 12.64890604982474 ], [ 79.924048768085115, 12.648571587009407 ], [ 79.924196011841659, 12.64833201882902 ], [ 79.924854107737346, 12.647875418797181 ], [ 79.925024363636496, 12.647635845580959 ], [ 79.925130024378532, 12.646474258870056 ], [ 79.925070102257521, 12.645949980021886 ], [ 79.925304741311407, 12.645412094671185 ], [ 79.925543910569289, 12.644467431751627 ], [ 79.92583843670991, 12.64425495499661 ], [ 79.926409115748655, 12.644051471262955 ], [ 79.926556351420359, 12.643798342415534 ], [ 79.926399807405701, 12.643463907971487 ], [ 79.926008520132555, 12.643043638563029 ], [ 79.925778289111761, 12.642433514434623 ], [ 79.925594176699306, 12.642361230041848 ], [ 79.925092544868264, 12.642600859045253 ], [ 79.924913057881241, 12.642659644734712 ], [ 79.924848608251182, 12.642578299663001 ], [ 79.925156924429714, 12.642279947109154 ], [ 79.926081925067678, 12.641692228978055 ], [ 79.927591312137295, 12.640421926620766 ], [ 79.927982432323773, 12.639924689010451 ], [ 79.928373452797274, 12.638898641146616 ], [ 79.928552770002725, 12.63792686783799 ], [ 79.92851581241365, 12.637172080022326 ], [ 79.928239607413218, 12.636842187976503 ], [ 79.927374222570805, 12.636101103684027 ], [ 79.926849417798664, 12.635346398131972 ], [ 79.92610826007855, 12.634338624010242 ], [ 79.925358131781991, 12.6335216235949 ], [ 79.925331249697123, 12.633492345407495 ], [ 79.924888410804769, 12.63301002401896 ], [ 79.924497140599641, 12.632580714011704 ], [ 79.923291384096032, 12.632906326892174 ], [ 79.92005610968512, 12.633996070715767 ], [ 79.917764239697391, 12.63470147276522 ], [ 79.913106824393864, 12.636121263624494 ], [ 79.913498262583957, 12.638014983115559 ], [ 79.91322673061967, 12.638096371714688 ], [ 79.912034717441614, 12.638204985058266 ], [ 79.91205779426295, 12.638756388810222 ], [ 79.910230719789723, 12.639579183986594 ], [ 79.909140003338067, 12.640175904696179 ], [ 79.906387769225077, 12.640555835103074 ], [ 79.903939280662499, 12.640831757232508 ], [ 79.899447306288252, 12.641383506807623 ], [ 79.897633941902882, 12.641587011950481 ], [ 79.896957379339909, 12.641632250097325 ], [ 79.89638195090825, 12.639634560610681 ], [ 79.895797319236522, 12.637492241909449 ], [ 79.895387641652874, 12.636326172819361 ], [ 79.895371884304467, 12.636326758359097 ], [ 79.894411937405323, 12.636362380737172 ], [ 79.893924045306548, 12.635598569385177 ], [ 79.892768784003394, 12.634152306897747 ], [ 79.892317715644737, 12.633266458569439 ], [ 79.891903453958193, 12.632019028780098 ], [ 79.888879734593303, 12.632055288149145 ], [ 79.888787645598583, 12.630622535567364 ], [ 79.888005250715381, 12.630373970902511 ], [ 79.886823037258736, 12.630632001712279 ], [ 79.886719266572058, 12.630654649806729 ], [ 79.886141332739086, 12.630780787305074 ], [ 79.885022984109284, 12.631354811277252 ], [ 79.884217583371608, 12.631639564290813 ], [ 79.883283318408147, 12.63189267800915 ], [ 79.88297956477291, 12.631951436358509 ], [ 79.882795472123433, 12.63189268239198 ], [ 79.882528537736761, 12.631711892915257 ], [ 79.882381263437509, 12.631558222723742 ], [ 79.881166254286498, 12.631268961400236 ], [ 79.878998572793492, 12.630961608996911 ], [ 79.878538344313867, 12.630875730060872 ], [ 79.878658007096263, 12.630590987592134 ], [ 79.877134644935765, 12.630911870377902 ], [ 79.876844703796323, 12.630685877823883 ], [ 79.875091222006134, 12.631033862427735 ], [ 79.873641499241074, 12.631020265001046 ], [ 79.87243115414303, 12.629311767828368 ], [ 79.870498318316436, 12.626550138403198 ], [ 79.868243233441277, 12.626550037595326 ], [ 79.863171844810452, 12.626620511042185 ], [ 79.86306113194324, 12.626622047704089 ], [ 79.863044800571373, 12.626626880343588 ], [ 79.862053223092758, 12.626920280034264 ], [ 79.857892676752698, 12.628420498590344 ], [ 79.855338337005236, 12.62931968861035 ], [ 79.854436236220508, 12.629857448297869 ], [ 79.851467689583757, 12.6305350918286 ], [ 79.847822554332893, 12.631483803428889 ], [ 79.847831838421314, 12.630873640305573 ], [ 79.845866644379925, 12.630977340009983 ], [ 79.845814354345549, 12.630964494681541 ], [ 79.845627333188233, 12.630918551633146 ], [ 79.844799266159342, 12.628482303865022 ], [ 79.843998427066694, 12.628803093749511 ], [ 79.843607588052862, 12.626398539999634 ], [ 79.842797666992695, 12.62594193058068 ], [ 79.841601220628746, 12.62511464366928 ], [ 79.840667170362622, 12.623889655377997 ], [ 79.837284717772164, 12.623062005929176 ], [ 79.83673014642477, 12.623127451272659 ], [ 79.836175575077391, 12.623192893969552 ], [ 79.83270005343023, 12.623577319400091 ], [ 79.83225905608424, 12.623626096938692 ], [ 79.829681871280783, 12.623494539397141 ], [ 79.82670445737385, 12.622621636647953 ], [ 79.823547825974472, 12.620654886724772 ], [ 79.82052424944176, 12.620613537892886 ], [ 79.820298248587619, 12.62270612367983 ], [ 79.817833246295166, 12.623723942142449 ], [ 79.817745365907541, 12.623760227232426 ], [ 79.816698995688213, 12.624192268624956 ], [ 79.81127242577044, 12.626419127604761 ], [ 79.810195281964397, 12.627236914222685 ], [ 79.80648080755337, 12.628867521665395 ], [ 79.805284162661707, 12.629066051655553 ], [ 79.80528440610513, 12.629065592326882 ], [ 79.805735434937944, 12.628211949616738 ], [ 79.806062658856575, 12.626625617177734 ], [ 79.807269089994932, 12.624366088331181 ], [ 79.807849626247318, 12.622047626386307 ], [ 79.808071025032234, 12.620303068604596 ], [ 79.80918504108746, 12.61920959692689 ], [ 79.811049313898266, 12.617637224955873 ], [ 79.811717072073122, 12.615937978861192 ], [ 79.811850695573312, 12.615323329770554 ], [ 79.811630118746891, 12.614143620899856 ], [ 79.811184071072347, 12.61287797778456 ], [ 79.811009302935503, 12.612484714673352 ], [ 79.812077310875097, 12.611174270426512 ], [ 79.812344597401378, 12.609777739718218 ], [ 79.813454027557057, 12.608381424941483 ], [ 79.814121541390151, 12.607464085599148 ], [ 79.815025579840949, 12.606406927292095 ], [ 79.815098248157554, 12.606321951842029 ], [ 79.815276958101848, 12.606112971955794 ], [ 79.815631946251017, 12.60358200424956 ], [ 79.815373872846266, 12.602185922213796 ], [ 79.815365409817986, 12.602140140567954 ], [ 79.813898400771905, 12.598469744830012 ], [ 79.813452438437324, 12.596941958564701 ], [ 79.811763582346956, 12.597072596947143 ], [ 79.812030820364214, 12.595807138649693 ], [ 79.811276217559239, 12.595544797096219 ], [ 79.812165158923378, 12.592485160907056 ], [ 79.81239060282202, 12.592616293392181 ], [ 79.812699398700929, 12.590781354801296 ], [ 79.814480933080816, 12.587988603616356 ], [ 79.81474107979723, 12.587533191720105 ], [ 79.81475714975933, 12.587505059412939 ], [ 79.815902971565478, 12.587333592372921 ], [ 79.816616075797597, 12.587858056169699 ], [ 79.817103640909622, 12.588644610017983 ], [ 79.81726085955907, 12.588901366916152 ], [ 79.817586827632965, 12.588545290800383 ], [ 79.81741224993894, 12.587410792314547 ], [ 79.81736651580951, 12.586276325635176 ], [ 79.817500294718258, 12.584920432616002 ], [ 79.817100247972789, 12.583785880404962 ], [ 79.817100597417422, 12.582384758938327 ], [ 79.817634643158897, 12.581250429610307 ], [ 79.819190108412698, 12.580464358107566 ], [ 79.820616907968372, 12.578900852667076 ], [ 79.820217281634427, 12.575976484094568 ], [ 79.820663701211501, 12.575583366923288 ], [ 79.821285050622166, 12.574837747883169 ], [ 79.821336846583137, 12.569298812241408 ], [ 79.821336952584332, 12.569287502580844 ], [ 79.820886086346633, 12.569074973984602 ], [ 79.819731541000749, 12.567587711669219 ], [ 79.8192857295831, 12.565494962790034 ], [ 79.819245336836346, 12.565495646693105 ], [ 79.816653874209791, 12.565539538360241 ], [ 79.813198358044062, 12.565796307838495 ], [ 79.813239906922561, 12.56527202695435 ], [ 79.811284333837818, 12.565624062612546 ], [ 79.806218235385685, 12.566495004234721 ], [ 79.795901903611139, 12.568195859781632 ], [ 79.794789664423561, 12.564480266966255 ], [ 79.792761896434413, 12.560619734630844 ], [ 79.792736833437957, 12.560615669714524 ], [ 79.791952157732268, 12.560488393784579 ], [ 79.790484181200611, 12.561183941939669 ], [ 79.789642236098885, 12.561052582968506 ], [ 79.787907339553584, 12.56188361799382 ], [ 79.787774193058794, 12.561097134758111 ], [ 79.786352486052493, 12.56105143697267 ], [ 79.785459882256959, 12.56105111956601 ], [ 79.782036935410147, 12.560439706825061 ], [ 79.780127488120286, 12.560484190329239 ], [ 79.778882318931934, 12.55615831438598 ], [ 79.776268959870322, 12.556188941201317 ], [ 79.776485661364632, 12.555063607425364 ], [ 79.776854479975881, 12.551938928694918 ], [ 79.776859617440977, 12.551895405612202 ], [ 79.773271254817743, 12.551103026603208 ], [ 79.77321746459684, 12.55111619510402 ], [ 79.770100921415349, 12.551879129611835 ], [ 79.768679095831445, 12.552226555619207 ], [ 79.765790340253162, 12.550869402660737 ], [ 79.763692638419116, 12.550222165656768 ], [ 79.763700448372219, 12.550299061081567 ], [ 79.764100296590001, 12.55423588497645 ], [ 79.76303274319794, 12.554538240181037 ], [ 79.763386536587731, 12.555586977925895 ], [ 79.763031844882633, 12.556504331688039 ], [ 79.762498030906514, 12.556725562678642 ], [ 79.762010046281233, 12.557335512933999 ], [ 79.761917845895454, 12.557728689581385 ], [ 79.76054180384827, 12.558469313016907 ], [ 79.760312691229998, 12.55851468508318 ], [ 79.759653727561769, 12.558645181680859 ], [ 79.757651601084078, 12.560086067384139 ], [ 79.754361154843352, 12.561526327738411 ], [ 79.753675491448234, 12.56174295027151 ], [ 79.753675297412116, 12.561742513619354 ], [ 79.75366709759021, 12.561724128633175 ], [ 79.753248066747844, 12.56078455921813 ], [ 79.752715433158002, 12.558596746897253 ], [ 79.752584002445445, 12.554578624620603 ], [ 79.752318846723014, 12.55117060613575 ], [ 79.752285118577362, 12.549305630401188 ], [ 79.75228364444196, 12.549224044386211 ], [ 79.752278549197683, 12.54894234866258 ], [ 79.753166575178511, 12.548811701585734 ], [ 79.753074905697048, 12.548111095585648 ], [ 79.754768049446227, 12.54802602368016 ], [ 79.754235661994784, 12.545359117997208 ], [ 79.753969527108723, 12.543917189657405 ], [ 79.754057092187665, 12.543609888686994 ], [ 79.754903838784585, 12.543176391935502 ], [ 79.75495906541164, 12.543140260304439 ], [ 79.754939279119171, 12.54312808840251 ], [ 79.753878221444907, 12.542475345315619 ], [ 79.752456686915139, 12.542298396687926 ], [ 79.751320766340072, 12.541389377908779 ], [ 79.750653819343881, 12.54108171089301 ], [ 79.750608231639845, 12.540250053625504 ], [ 79.749812535402228, 12.539815768159555 ], [ 79.749233518200981, 12.538504755792356 ], [ 79.749054294420347, 12.538111448939754 ], [ 79.748658538926975, 12.538305538410555 ], [ 79.748525089699953, 12.538305662929117 ], [ 79.748312724373534, 12.536678633076486 ], [ 79.745833393952296, 12.537615338863731 ], [ 79.74517430182496, 12.534772612402074 ], [ 79.744681996303186, 12.534741257839899 ], [ 79.744437574595835, 12.533403506402273 ], [ 79.74423954278808, 12.532951625604634 ], [ 79.743926325401333, 12.531894122123088 ], [ 79.744027897012216, 12.531811097716277 ], [ 79.744363769012111, 12.531536542955964 ], [ 79.744662106704482, 12.53129267117153 ], [ 79.74484669073243, 12.530920275665094 ], [ 79.744851821909322, 12.530909921033997 ], [ 79.745020576723661, 12.530569379891284 ], [ 79.745421592751342, 12.529706501890274 ], [ 79.745779009944982, 12.528937349213026 ], [ 79.745905059749035, 12.52828298031238 ], [ 79.746049749595201, 12.527531684660671 ], [ 79.746049781934559, 12.527531665368253 ], [ 79.746679993225527, 12.527323479046466 ], [ 79.746692195041987, 12.526798769039619 ], [ 79.74670256699028, 12.526351705053399 ], [ 79.746702590346473, 12.526351691022484 ], [ 79.746915152403957, 12.526285776412101 ], [ 79.747038309632771, 12.526247584252301 ], [ 79.747502899433087, 12.526021384685913 ], [ 79.747774081054445, 12.525628043000221 ], [ 79.747879798390329, 12.525338734231033 ], [ 79.74790070039036, 12.525274772297719 ], [ 79.747921128978248, 12.525212150306725 ], [ 79.747921166707499, 12.525212145922051 ], [ 79.748335193933727, 12.525207455191433 ], [ 79.748384006589646, 12.525171470120178 ], [ 79.748408727327941, 12.525153245633071 ], [ 79.748468895587365, 12.524787522645978 ], [ 79.748486800807612, 12.524678642948933 ], [ 79.74848957121192, 12.524511738831654 ], [ 79.748495710298585, 12.524140797144245 ], [ 79.748512311165044, 12.523968922181831 ], [ 79.748512687559142, 12.523965022428699 ], [ 79.748532354375655, 12.523761010974335 ], [ 79.748632718650768, 12.523644754890675 ], [ 79.748638302578598, 12.523638282186768 ], [ 79.748661126973317, 12.523611824865357 ], [ 79.748659941197133, 12.523606011620583 ], [ 79.74865920457863, 12.523602548578779 ], [ 79.748658921609305, 12.523601211243065 ], [ 79.74865896203346, 12.523601212996937 ], [ 79.74865895484696, 12.523601178796229 ], [ 79.74895041144427, 12.523617006712191 ], [ 79.749186353055322, 12.523629793394512 ], [ 79.749696500016981, 12.523693735566098 ], [ 79.751251310398928, 12.523938558125272 ], [ 79.751251343636596, 12.523938561633027 ], [ 79.75187008703459, 12.523985460396757 ], [ 79.753402663214985, 12.52410160934016 ], [ 79.75383203276796, 12.524134149941775 ], [ 79.753543012401707, 12.522497854291451 ], [ 79.752964321288943, 12.520594798114466 ], [ 79.752964313204117, 12.520594760405555 ], [ 79.752808486045041, 12.519415027059434 ], [ 79.752876040252701, 12.519280265243287 ], [ 79.752887233261177, 12.519257937061813 ], [ 79.753089370369736, 12.518854702628238 ], [ 79.754049293912701, 12.518211098262 ], [ 79.755068075971337, 12.517528005320933 ], [ 79.75513716899313, 12.517481678039767 ], [ 79.754797191692361, 12.516591119573453 ], [ 79.754786016650229, 12.516569131421873 ], [ 79.754782610238678, 12.516562431406433 ], [ 79.754571995728725, 12.516148074576305 ], [ 79.754572023576515, 12.516148057913952 ], [ 79.756150461447078, 12.514955599563434 ], [ 79.756104764148574, 12.51433183926552 ], [ 79.755788496083127, 12.511940744745933 ], [ 79.755425377282336, 12.511774795315766 ], [ 79.755204391722458, 12.511673832783636 ], [ 79.755112812970822, 12.510833129290893 ], [ 79.752950887882193, 12.510475038589663 ], [ 79.7527885551238, 12.509411636424677 ], [ 79.752680379099004, 12.508703124264102 ], [ 79.752615221596486, 12.508671077217478 ], [ 79.752588406885266, 12.508657907425436 ], [ 79.751824794876313, 12.508612323996024 ], [ 79.751733381414681, 12.507373857806963 ], [ 79.750258830113467, 12.507340293391081 ], [ 79.749704795958607, 12.507327683055097 ], [ 79.749710605363575, 12.506789368733051 ], [ 79.749753064235449, 12.502853127068166 ], [ 79.749493920038944, 12.50285309637276 ], [ 79.748659574684496, 12.502853016564693 ], [ 79.74804854422149, 12.502877260681672 ], [ 79.747405119611059, 12.502902823822094 ], [ 79.747354428577879, 12.502600059886332 ], [ 79.746804470977779, 12.502531326629944 ], [ 79.746705743433111, 12.502518990564322 ], [ 79.746570366421494, 12.502540884317813 ], [ 79.746089452435811, 12.502618684129507 ], [ 79.745826579332544, 12.502690987680506 ], [ 79.745816307995568, 12.502693814291765 ], [ 79.745661707036859, 12.502736363425868 ], [ 79.745183366724504, 12.502903823615513 ], [ 79.745183337080093, 12.502903837647715 ], [ 79.745035615419837, 12.50298170224896 ], [ 79.74473723640493, 12.503138979305421 ], [ 79.744737215743697, 12.503138996845646 ], [ 79.744718463412113, 12.503164170567349 ], [ 79.744636168748954, 12.503274682685483 ], [ 79.744636145392761, 12.503274663391259 ], [ 79.744558774395657, 12.503137187571989 ], [ 79.744465743966515, 12.502971917431395 ], [ 79.744140880820424, 12.502960232129409 ], [ 79.744126936272266, 12.502959731355782 ], [ 79.743968937885143, 12.502954059721848 ], [ 79.743269694657897, 12.502787095076615 ], [ 79.742679774604056, 12.502667781051914 ], [ 79.742533635775317, 12.502638229234647 ], [ 79.74174693526696, 12.502403554569412 ], [ 79.740739417183619, 12.502033323068719 ], [ 79.740739392030804, 12.502033313421549 ], [ 79.739543145092824, 12.501613460698412 ], [ 79.739456092053572, 12.501466314886981 ], [ 79.739376344114206, 12.501331493713414 ], [ 79.739376290215318, 12.501331424429063 ], [ 79.739340203093718, 12.501293925805928 ], [ 79.739294565084023, 12.501336370805504 ], [ 79.739161190417164, 12.50142118185224 ], [ 79.73906467811797, 12.50148256425094 ], [ 79.739064646676937, 12.501482573021104 ], [ 79.739029783959083, 12.501411867933646 ], [ 79.738992643113647, 12.501336619001361 ], [ 79.737649282674852, 12.50055532977761 ], [ 79.737649260216955, 12.500555295573823 ], [ 79.737101598710737, 12.499854974190622 ], [ 79.735238568269949, 12.499697497805327 ], [ 79.734479331056463, 12.499541293007738 ], [ 79.733922914569447, 12.499426839703146 ], [ 79.733922880433468, 12.499426811638376 ], [ 79.733495356918397, 12.499153309062255 ], [ 79.733462429171666, 12.499132242932969 ], [ 79.732496548001762, 12.498514340673017 ], [ 79.731291343063759, 12.498460544728744 ], [ 79.730801195295285, 12.498549453310259 ], [ 79.73041743680254, 12.498619063774951 ], [ 79.728770807818762, 12.49889085320879 ], [ 79.725541925819414, 12.499701040976841 ], [ 79.725540061815195, 12.499700712970347 ], [ 79.724863521710105, 12.499581501886411 ], [ 79.724861473551243, 12.499581141429911 ], [ 79.724005492273207, 12.49943035042846 ], [ 79.723568800552343, 12.500185338563778 ], [ 79.722811289900804, 12.500480813784622 ], [ 79.722745538611917, 12.500506462233053 ], [ 79.722745491899502, 12.500506475388336 ], [ 79.721048206018537, 12.500778224248528 ], [ 79.720716921714825, 12.500507155955782 ], [ 79.720716895663671, 12.50050714192348 ], [ 79.72074085463062, 12.500037566622831 ], [ 79.720771743201652, 12.499431423028264 ], [ 79.721373992632749, 12.498518251334902 ], [ 79.721318592630851, 12.497921640987308 ], [ 79.721046626780279, 12.496308162786214 ], [ 79.720998318977564, 12.496170842881551 ], [ 79.720825624152383, 12.495680003852863 ], [ 79.720825615169261, 12.495679978418845 ], [ 79.722030176913492, 12.494011777234025 ], [ 79.722853460413504, 12.493740322963335 ], [ 79.72309092197402, 12.493818632354492 ], [ 79.724003536640836, 12.49411959197737 ], [ 79.724980297307155, 12.494372805157733 ], [ 79.725866599420996, 12.494602538854997 ], [ 79.727402900016514, 12.494439284835472 ], [ 79.728386991833844, 12.493738368034789 ], [ 79.728886595269017, 12.492890802942265 ], [ 79.728989200840758, 12.49271672509049 ], [ 79.728989237671669, 12.492716684746362 ], [ 79.72992267977834, 12.492015817653463 ], [ 79.729922709422752, 12.49201578958793 ], [ 79.733991068851736, 12.490187092708716 ], [ 79.734360656420904, 12.490020959159864 ], [ 79.734706105360019, 12.490003711863375 ], [ 79.73477289420309, 12.490000376421152 ], [ 79.736550124754444, 12.489911619261836 ], [ 79.738139525664735, 12.489407977345481 ], [ 79.739948810800385, 12.488834616121348 ], [ 79.740620332017997, 12.487513583978897 ], [ 79.741263247283669, 12.486248759033291 ], [ 79.741253444867311, 12.486040414891555 ], [ 79.741207525684914, 12.485064601025345 ], [ 79.741218704320332, 12.485053610432402 ], [ 79.741242328215662, 12.485030382925238 ], [ 79.741262705599553, 12.485010345328547 ], [ 79.745917342413918, 12.484520297290844 ], [ 79.747012008757878, 12.484415870193491 ], [ 79.747246725965226, 12.484185029350726 ], [ 79.747287868805216, 12.484144564603403 ], [ 79.747121835886205, 12.483172879891189 ], [ 79.746025701695061, 12.479995926137759 ], [ 79.74586304015331, 12.479357778745443 ], [ 79.745366775756068, 12.477410906951553 ], [ 79.744984445584606, 12.476064174401907 ], [ 79.744215864993834, 12.475043024780483 ], [ 79.744215868587077, 12.475042984433607 ], [ 79.744192462084044, 12.474511561010026 ], [ 79.744104366999053, 12.472511942572627 ], [ 79.745252570239032, 12.46879619623596 ], [ 79.74534758504663, 12.468382677709387 ], [ 79.745356778405252, 12.468342666599678 ], [ 79.745908958437369, 12.465939367827865 ], [ 79.74631723644579, 12.464447565673815 ], [ 79.746329518212349, 12.464402689325702 ], [ 79.747438017713392, 12.460352283160514 ], [ 79.747755289197002, 12.459728016653836 ], [ 79.748095123665621, 12.459059345037724 ], [ 79.748375845395287, 12.458888133810381 ], [ 79.748458279297324, 12.45883785757359 ], [ 79.748660920360805, 12.458714269056497 ], [ 79.749244604309936, 12.458358281589476 ], [ 79.749630742439862, 12.457928732903765 ], [ 79.749464793962474, 12.456745848027255 ], [ 79.749464620587602, 12.456744615606016 ], [ 79.74866096258161, 12.456786793356391 ], [ 79.74738124688237, 12.456853985295053 ], [ 79.742782149308781, 12.456964375083684 ], [ 79.740919383871031, 12.456748171645712 ], [ 79.740397498623551, 12.45663993959961 ], [ 79.740377814739063, 12.456635857257311 ], [ 79.739875282796064, 12.456531635580507 ], [ 79.739228565860088, 12.455378720836734 ], [ 79.739221453897969, 12.455366043058245 ], [ 79.739000771968648, 12.454972644783817 ], [ 79.738122036364473, 12.454163972286088 ], [ 79.738122013906604, 12.454163948602291 ], [ 79.735054341771502, 12.454002412919493 ], [ 79.733366500777421, 12.454084404435623 ], [ 79.73337153313966, 12.454075996692426 ], [ 79.734519962755073, 12.452157241697417 ], [ 79.734565621426015, 12.451384342609696 ], [ 79.733645337841594, 12.450263806641029 ], [ 79.733460759203567, 12.448813033714632 ], [ 79.733874006692162, 12.447267108053616 ], [ 79.735016367289504, 12.444840129369538 ], [ 79.735027285413452, 12.444816929837934 ], [ 79.736057936911976, 12.443671497426172 ], [ 79.736089119232091, 12.443636841395554 ], [ 79.736180208401905, 12.441917389616091 ], [ 79.736180346742472, 12.441914770242306 ], [ 79.736966273801386, 12.44082518477507 ], [ 79.738119895679148, 12.439278948385235 ], [ 79.738332147817857, 12.439104090631199 ], [ 79.738451987568325, 12.439005363889448 ], [ 79.738487665956484, 12.438975970605478 ], [ 79.738211214817696, 12.437796424945198 ], [ 79.738486294229048, 12.435888966015526 ], [ 79.738393774941287, 12.434664145002731 ], [ 79.736778765757208, 12.432712266369471 ], [ 79.736175743774965, 12.431352059607761 ], [ 79.736271682948981, 12.429901173146463 ], [ 79.736271034365345, 12.428409764789814 ], [ 79.736271031670427, 12.42840512669566 ], [ 79.734065603867506, 12.429685131397891 ], [ 79.732606520657157, 12.431203043945636 ], [ 79.730000546645485, 12.433343198255477 ], [ 79.729916289163441, 12.433396136611359 ], [ 79.726819040895919, 12.435342139614653 ], [ 79.725108772562436, 12.436522432419668 ], [ 79.723816625976298, 12.436794087857642 ], [ 79.723127019875406, 12.437336708375724 ], [ 79.72310204042229, 12.437377482197013 ], [ 79.72270879302522, 12.438019343585673 ], [ 79.722157042387806, 12.438290726394106 ], [ 79.721835057443897, 12.438110049300809 ], [ 79.720864798783609, 12.438336379221045 ], [ 79.717834851398877, 12.439246666422752 ], [ 79.717139593996521, 12.436797158182134 ], [ 79.717139581420099, 12.436797116074835 ], [ 79.716265079575862, 12.434573674940159 ], [ 79.716258160751522, 12.434257437391665 ], [ 79.716218381554114, 12.432440341734551 ], [ 79.716468479715772, 12.432013211733022 ], [ 79.716587158842856, 12.431810510362972 ], [ 79.716723913870155, 12.431576934787909 ], [ 79.716693329827976, 12.431569422868725 ], [ 79.716532640986614, 12.43152995612081 ], [ 79.71652839644689, 12.431528914821074 ], [ 79.716319279428504, 12.431477554263958 ], [ 79.715349006395186, 12.431794268034258 ], [ 79.715348981242371, 12.431794275929541 ], [ 79.714202018575833, 12.432101233400987 ], [ 79.712626811047002, 12.432522786579709 ], [ 79.712295727965909, 12.432547809257455 ], [ 79.711486364759551, 12.432608955323754 ], [ 79.709871846055592, 12.431565347150261 ], [ 79.70802312757391, 12.431249507723564 ], [ 79.708023088048037, 12.431249505969069 ], [ 79.707003862221626, 12.431313599037249 ], [ 79.705857130422103, 12.431385708435334 ], [ 79.705638345734641, 12.430562076312318 ], [ 79.705634049092623, 12.430545900577094 ], [ 79.705410552741526, 12.429704481111619 ], [ 79.705410573402773, 12.429704457425609 ], [ 79.705875985161569, 12.429458395666419 ], [ 79.70589261567244, 12.429449602885894 ], [ 79.706941660176412, 12.428894943020767 ], [ 79.708638276812465, 12.427872997172361 ], [ 79.708607429563941, 12.427765404022242 ], [ 79.708421878948741, 12.427118306335386 ], [ 79.7085320195891, 12.426254966807774 ], [ 79.708553138981429, 12.42606132404304 ], [ 79.708637496176493, 12.425287698998497 ], [ 79.708492683261127, 12.424953193172536 ], [ 79.708489612819491, 12.424946101276959 ], [ 79.708310733991894, 12.424532952407835 ], [ 79.708417952412617, 12.423835099582851 ], [ 79.708475997953045, 12.423457224403586 ], [ 79.708507767771366, 12.422739111351023 ], [ 79.708530787100514, 12.42221877585472 ], [ 79.708144109981433, 12.420980486339708 ], [ 79.708199071605449, 12.420225643030667 ], [ 79.707982367416207, 12.418286675990913 ], [ 79.707485231653138, 12.416673281321872 ], [ 79.707414958245096, 12.416000031632056 ], [ 79.707324442200431, 12.415133197731263 ], [ 79.707323848414021, 12.415127508384577 ], [ 79.706583389583216, 12.414761601980125 ], [ 79.705419649082089, 12.41488811530192 ], [ 79.705291278929693, 12.414902070663475 ], [ 79.705291245691996, 12.414902080313876 ], [ 79.704174904796872, 12.415485732570518 ], [ 79.703907359555771, 12.415625610435432 ], [ 79.702615415090577, 12.416263243396868 ], [ 79.702134494816704, 12.41640137676278 ], [ 79.700725570836894, 12.416806095382006 ], [ 79.698601406431209, 12.418031483907367 ], [ 79.698601375888501, 12.418031496189561 ], [ 79.698190121761542, 12.418116480995891 ], [ 79.696932518093021, 12.418376368293558 ], [ 79.696881355444333, 12.418386940608178 ], [ 79.696389635624101, 12.418488553592811 ], [ 79.69385153562034, 12.419257473749997 ], [ 79.692650432389925, 12.420132699244862 ], [ 79.691543432177099, 12.420939346748895 ], [ 79.691539366402139, 12.420899762585345 ], [ 79.691395691652232, 12.41950108610609 ], [ 79.691354476946955, 12.419099868577566 ], [ 79.691354468862158, 12.419099829976574 ], [ 79.691901290443582, 12.41743190996271 ], [ 79.692287335148706, 12.416568561095589 ], [ 79.69129829002091, 12.414846727346552 ], [ 79.691298278342813, 12.414846688744936 ], [ 79.691213504329426, 12.413828942674094 ], [ 79.691206042024376, 12.413739353204534 ], [ 79.691206042024376, 12.413739307584235 ], [ 79.69254414642046, 12.413603462594518 ], [ 79.692839096565905, 12.413530466565939 ], [ 79.694755833684269, 12.413056071716968 ], [ 79.697247799808281, 12.411785442700936 ], [ 79.697247830351017, 12.411785423399905 ], [ 79.697472139677444, 12.411571496740958 ], [ 79.697513359772557, 12.411532184876565 ], [ 79.69876949828884, 12.410334180401064 ], [ 79.698723226068594, 12.40933528363246 ], [ 79.698170638201333, 12.406384005050498 ], [ 79.697899076592634, 12.405643049828111 ], [ 79.697756538211564, 12.405254153387736 ], [ 79.697627010130745, 12.40507651790417 ], [ 79.697291902597144, 12.404616975126883 ], [ 79.697893967873611, 12.40334671377852 ], [ 79.697844638686433, 12.402954786176293 ], [ 79.69775574230421, 12.402248469590019 ], [ 79.697702258408853, 12.402246809639918 ], [ 79.695732521587033, 12.402185676617851 ], [ 79.693562205335297, 12.402276595740991 ], [ 79.69065627127388, 12.402729193153858 ], [ 79.688858483675546, 12.403366849800097 ], [ 79.688025927765167, 12.402142145026335 ], [ 79.687864230115707, 12.40132115857145 ], [ 79.687703660750259, 12.400506042563908 ], [ 79.687473621070595, 12.399918534955251 ], [ 79.686925602034904, 12.399607000057697 ], [ 79.686917189312254, 12.399602221072502 ], [ 79.685625078658731, 12.399417166275356 ], [ 79.68359206001675, 12.397722900947931 ], [ 79.683504963858354, 12.397650316341009 ], [ 79.683049309600165, 12.397260742925601 ], [ 79.682442586558949, 12.396742034045189 ], [ 79.680644653433546, 12.396245171580471 ], [ 79.680398034447038, 12.396231818851462 ], [ 79.680372781906101, 12.396230451905392 ], [ 79.679812393967225, 12.39620011500077 ], [ 79.679352681120577, 12.396697370613445 ], [ 79.678244358587648, 12.395743879185011 ], [ 79.677628158320189, 12.395436634048295 ], [ 79.677598230048176, 12.395419890223344 ], [ 79.676335968614922, 12.394713668152711 ], [ 79.676335938072214, 12.394713650605159 ], [ 79.676329389353768, 12.394709858579883 ], [ 79.67632607726533, 12.394707940632767 ], [ 79.674533343588777, 12.393669862419014 ], [ 79.673517128915208, 12.39339883579572 ], [ 79.67275451493451, 12.393302123730811 ], [ 79.672413568351573, 12.393258889842956 ], [ 79.671259488333035, 12.393399165691287 ], [ 79.670955654747743, 12.393480420889404 ], [ 79.669737631748973, 12.393806152984112 ], [ 79.669737601206236, 12.393806155616275 ], [ 79.669649784599017, 12.393806173163879 ], [ 79.669457107648668, 12.393806223174565 ], [ 79.66762529725726, 12.39125348620199 ], [ 79.667015069888137, 12.39040309037285 ], [ 79.666645496692027, 12.389841160594298 ], [ 79.666638315559666, 12.38983024318275 ], [ 79.666090621714091, 12.388997494179595 ], [ 79.664766884074353, 12.388020922667858 ], [ 79.664430671612962, 12.387772881585065 ], [ 79.664222342417119, 12.387692587995035 ], [ 79.664196133170378, 12.387682487353938 ], [ 79.66403474993129, 12.387425218313211 ], [ 79.663368311381547, 12.386362790308677 ], [ 79.66262782200802, 12.384686045417633 ], [ 79.662155673782877, 12.383287498290009 ], [ 79.661983897934277, 12.382778693985706 ], [ 79.661616674730936, 12.382024455096531 ], [ 79.661589750425264, 12.381969152178517 ], [ 79.661013468594092, 12.380785544610939 ], [ 79.660653193859503, 12.380077371007435 ], [ 79.660102887713066, 12.378995730707402 ], [ 79.660089126421227, 12.3789686821624 ], [ 79.660089151574041, 12.378968656716907 ], [ 79.660764946975775, 12.378462350817058 ], [ 79.663702817942223, 12.37793293057344 ], [ 79.665256860264591, 12.377652842127125 ], [ 79.667568385390751, 12.37700330616541 ], [ 79.666520737767073, 12.374109136169718 ], [ 79.666458888759749, 12.373977977156962 ], [ 79.665378307101108, 12.371686441910548 ], [ 79.665207348719406, 12.371323900127759 ], [ 79.665122871150089, 12.371144195307838 ], [ 79.663673946088977, 12.368061922782076 ], [ 79.663673167249627, 12.368061468254146 ], [ 79.661871565404624, 12.36700900322522 ], [ 79.66038645979711, 12.366109730359895 ], [ 79.660386436440916, 12.366109712810422 ], [ 79.660190822897903, 12.365970161129711 ], [ 79.659816293696423, 12.365702979797092 ], [ 79.659287501302728, 12.365074775422952 ], [ 79.65892014155547, 12.365053933587083 ], [ 79.658492132051848, 12.365029652916396 ], [ 79.658388411670813, 12.364727290767718 ], [ 79.65835414992587, 12.364627407402525 ], [ 79.657921055957758, 12.364643326618037 ], [ 79.657738081710761, 12.364650053368152 ], [ 79.657606918696132, 12.364392233390815 ], [ 79.657605357424174, 12.364389159580623 ], [ 79.657508154320539, 12.364198091890465 ], [ 79.657071974639379, 12.364150130584255 ], [ 79.656892069935779, 12.364130358323047 ], [ 79.656798639756332, 12.363981738577261 ], [ 79.656797095552349, 12.363979281631199 ], [ 79.656639170827077, 12.363728105282799 ], [ 79.656390887262347, 12.36359252205917 ], [ 79.655567711560138, 12.361481824398957 ], [ 79.655369398579708, 12.361435588615784 ], [ 79.655025204587034, 12.361355323782179 ], [ 79.653424288173127, 12.360926875999773 ], [ 79.653016096402965, 12.360817625717436 ], [ 79.653016055978767, 12.360817616065026 ], [ 79.652022669293189, 12.360590499268499 ], [ 79.650367860250427, 12.360212149844525 ], [ 79.650367827911055, 12.360212141069578 ], [ 79.649944145592158, 12.36005899561526 ], [ 79.648629973213573, 12.35958399106711 ], [ 79.647121956074756, 12.358865409025347 ], [ 79.647107805812382, 12.358847596694872 ], [ 79.645728827172562, 12.357111787652581 ], [ 79.645463005798518, 12.356857586090692 ], [ 79.644882843245327, 12.35630278319625 ], [ 79.644867288017849, 12.356253177749254 ], [ 79.644382580446759, 12.354707479416808 ], [ 79.643885036848545, 12.353120861225893 ], [ 79.642924076649763, 12.350427133775456 ], [ 79.642924056886827, 12.350427087266562 ], [ 79.642441685833788, 12.349333302971576 ], [ 79.640390700886101, 12.344682487582109 ], [ 79.640753863704305, 12.344343488916486 ], [ 79.641369876223877, 12.344121996060371 ], [ 79.642601905754589, 12.343850759198864 ], [ 79.643516736565218, 12.343764842822978 ], [ 79.643879925434589, 12.34394110014337 ], [ 79.644564889042101, 12.343696996903777 ], [ 79.64492068567499, 12.343559411261378 ], [ 79.644974027636565, 12.343538783588363 ], [ 79.645008356755142, 12.343534420413224 ], [ 79.645649805970294, 12.343452872375419 ], [ 79.647346078551607, 12.342286663417374 ], [ 79.649073340315311, 12.340876548744966 ], [ 79.649079095821307, 12.340871850298194 ], [ 79.649428380566732, 12.339637915386751 ], [ 79.649410611890417, 12.337341807255163 ], [ 79.649409807898209, 12.337237888020242 ], [ 79.650476198870336, 12.335673954589048 ], [ 79.651914858882677, 12.33324670336386 ], [ 79.653054632332029, 12.330168611076598 ], [ 79.653238482436379, 12.329856728871393 ], [ 79.65387743702999, 12.329675883657778 ], [ 79.654948481275241, 12.329273529398488 ], [ 79.656479406352133, 12.328180577364806 ], [ 79.656525107243866, 12.328147950799938 ], [ 79.657665302003082, 12.329652946814585 ], [ 79.660473729330334, 12.327184835628945 ], [ 79.659719744566303, 12.326353264955653 ], [ 79.659650739579433, 12.325905808817931 ], [ 79.660128577733559, 12.323907993357786 ], [ 79.660634131609157, 12.32309889071745 ], [ 79.662321034762073, 12.322086262685001 ], [ 79.664127481221442, 12.321389998397189 ], [ 79.666867037410782, 12.320512808762944 ], [ 79.667754158788142, 12.320133026193409 ], [ 79.668194020663677, 12.319793394595203 ], [ 79.668245954965158, 12.319753294854173 ], [ 79.670006192086291, 12.317692008431287 ], [ 79.670599140360949, 12.317515650082978 ], [ 79.672083824658571, 12.317176446016727 ], [ 79.673701733604389, 12.316389748955597 ], [ 79.675117471305668, 12.316140936087089 ], [ 79.676170082121274, 12.315964491565138 ], [ 79.678155908668131, 12.316276027825074 ], [ 79.67968650855488, 12.315760501244769 ], [ 79.681102291171911, 12.315782846016766 ], [ 79.682699561324071, 12.316044303404016 ], [ 79.682757152316952, 12.316053730149569 ], [ 79.683345650337657, 12.316645717859487 ], [ 79.685545031580403, 12.323755768351463 ], [ 79.685548999439007, 12.323768592947232 ], [ 79.686946554340565, 12.324306182797788 ], [ 79.688219971951369, 12.324726274204393 ], [ 79.691520506272738, 12.324725585278717 ], [ 79.697450487584149, 12.324932160215093 ], [ 79.700077546852185, 12.333302290392236 ], [ 79.70384725956832, 12.333929595170618 ], [ 79.706205727057977, 12.33462502843701 ], [ 79.708274947805918, 12.334827464810179 ], [ 79.708325013611656, 12.33483236257567 ], [ 79.70835169357558, 12.334837356874697 ], [ 79.709699600388063, 12.335089611414238 ], [ 79.710292607951487, 12.335057803611889 ], [ 79.710660673774569, 12.335037343764251 ], [ 79.711028117963423, 12.33501691638538 ], [ 79.712637047349659, 12.334926053713954 ], [ 79.714328858897289, 12.335255501612224 ], [ 79.715970070141609, 12.33547648068641 ], [ 79.717155937046485, 12.334978933058014 ], [ 79.718808485029669, 12.33375621572546 ], [ 79.718861002337817, 12.333717364286573 ], [ 79.718900069171212, 12.333688805127316 ], [ 79.720005366178256, 12.332880828776863 ], [ 79.720570749648402, 12.332374276568384 ], [ 79.721858604084133, 12.331220416011449 ], [ 79.72190791710166, 12.331176233710698 ], [ 79.724160352845047, 12.330976614218098 ], [ 79.726247471626721, 12.331251619619755 ], [ 79.726927738841908, 12.331029912970111 ], [ 79.727493040565363, 12.330699769094418 ], [ 79.729414564805893, 12.330699095981137 ], [ 79.731165612161647, 12.329695064389488 ], [ 79.732545981393528, 12.329017950185408 ], [ 79.732631750740239, 12.328975877259182 ], [ 79.732804093425813, 12.328992106679994 ], [ 79.733794323431482, 12.3290853567193 ], [ 79.733826994260042, 12.329088433576882 ], [ 79.733833581606035, 12.329089296255445 ], [ 79.735100408277589, 12.329255194639567 ], [ 79.736116311235776, 12.329214132743495 ], [ 79.737426091750933, 12.328381983147613 ], [ 79.738230358814704, 12.327920648570203 ], [ 79.739374882555268, 12.327671613197289 ], [ 79.740772301811234, 12.327585187771668 ], [ 79.742210772279051, 12.32675296367446 ], [ 79.743442393076307, 12.325961493939905 ], [ 79.745644420755866, 12.326254384094515 ], [ 79.747970285688879, 12.325918944859504 ], [ 79.748674679856023, 12.325306559594587 ], [ 79.750302216046762, 12.32483728423896 ], [ 79.750674349441383, 12.325271367416645 ], [ 79.750862780055385, 12.325357333737239 ], [ 79.751175264416872, 12.325569915412904 ], [ 79.752135747610225, 12.326121790778563 ], [ 79.753482368933518, 12.326687403900955 ], [ 79.754318734599011, 12.327257292366703 ], [ 79.754507204738886, 12.327266420324015 ], [ 79.754838233921092, 12.327162618203227 ], [ 79.755946184551476, 12.32697329785705 ], [ 79.757188921102042, 12.326917136410435 ], [ 79.757233352674319, 12.32691512757267 ], [ 79.757257197555205, 12.326889194344229 ], [ 79.757490912242687, 12.326635016098605 ], [ 79.758226741156506, 12.325948335960266 ], [ 79.758971089692508, 12.325386898667745 ], [ 79.758999293199196, 12.325365626275811 ], [ 79.758999746848417, 12.325367139275736 ], [ 79.75919206626925, 12.326007527994872 ], [ 79.759637482428161, 12.32705632803256 ], [ 79.760055293358377, 12.3281638713565 ], [ 79.760440752361944, 12.329655585745154 ], [ 79.761254421193513, 12.329646904567317 ], [ 79.762881766941391, 12.329611459346772 ], [ 79.763516146415242, 12.329620774150058 ], [ 79.763984622327484, 12.330552059736036 ], [ 79.764549933932415, 12.330818973308267 ], [ 79.765850627988499, 12.331402585320244 ], [ 79.765832059811558, 12.331813881571861 ], [ 79.767132740392938, 12.33244720576838 ], [ 79.768102508573051, 12.33292219286526 ], [ 79.769189877003654, 12.33340627174138 ], [ 79.769210184318965, 12.333415311726242 ], [ 79.770593549432334, 12.334233966583332 ], [ 79.771797672798726, 12.334966665395157 ], [ 79.77332812985334, 12.335862202396806 ], [ 79.77469771481023, 12.336716988910135 ], [ 79.776219069236049, 12.337431713415262 ], [ 79.777565712118914, 12.338223199409537 ], [ 79.778052675359717, 12.338526601388905 ], [ 79.778480316554095, 12.338793042605813 ], [ 79.778778034408916, 12.338965613990903 ], [ 79.778815831922827, 12.338987523268377 ], [ 79.778834085689397, 12.33898183840518 ], [ 79.779859508992956, 12.338662486320523 ], [ 79.781625024614712, 12.338089121161637 ], [ 79.784668664121, 12.337154613595422 ], [ 79.787266332309571, 12.336310316391298 ], [ 79.788264011145571, 12.335998791647755 ], [ 79.79043848480039, 12.335850370930139 ], [ 79.792332535864588, 12.335697322672466 ], [ 79.792814960816557, 12.336492970092172 ], [ 79.79326979042132, 12.337342845420537 ], [ 79.793996121447677, 12.337379237370877 ], [ 79.79499827209716, 12.337438315372509 ], [ 79.796340591388557, 12.337556253698612 ], [ 79.797301362941113, 12.337633389400068 ], [ 79.79797713857991, 12.337633597383929 ], [ 79.798846043919923, 12.337475667370736 ], [ 79.799227627591378, 12.33739894495824 ], [ 79.799296775410369, 12.336784269726115 ], [ 79.799393548220976, 12.336034006957476 ], [ 79.799577683989625, 12.335225012828483 ], [ 79.79986775718136, 12.333747115199184 ], [ 79.80008884604753, 12.332350553643595 ], [ 79.800236274857014, 12.331297477227723 ], [ 79.800599597575342, 12.33077780459095 ], [ 79.801146851246457, 12.330086431398152 ], [ 79.802730823637475, 12.328028771699481 ], [ 79.802774815035235, 12.327971624932561 ], [ 79.803455397559105, 12.32717632989011 ], [ 79.804007217366774, 12.326539190291035 ], [ 79.805496639379214, 12.326476331736732 ], [ 79.807721589369876, 12.326327788027296 ], [ 79.809423158418127, 12.326246526877215 ], [ 79.809509814402006, 12.326242388959162 ], [ 79.808507929653828, 12.325365275231745 ], [ 79.808200101260496, 12.324773093061442 ], [ 79.808724242177604, 12.324429727083595 ], [ 79.809390911594363, 12.323982441431339 ], [ 79.810034588631396, 12.323566784305459 ], [ 79.810646161676843, 12.322861849566292 ], [ 79.811354296428803, 12.322039423162959 ], [ 79.812094596257822, 12.321244120661255 ], [ 79.81371280613925, 12.320756385081914 ], [ 79.81430125475265, 12.320539578122151 ], [ 79.815004842232625, 12.319450469689771 ], [ 79.816310816585954, 12.317489175301136 ], [ 79.816936208415385, 12.316549198577794 ], [ 79.817546459140701, 12.316024940002212 ], [ 79.817593679083615, 12.315984373657576 ], [ 79.818867238628215, 12.31487278825394 ], [ 79.818086097793142, 12.313620611902067 ], [ 79.81882634282492, 12.312875009892153 ], [ 79.819822264556237, 12.311847904972852 ], [ 79.819851650245795, 12.311817600408428 ], [ 79.819870009115263, 12.311832992729844 ], [ 79.820660507700651, 12.312495758658448 ], [ 79.821313105008485, 12.313065402370782 ], [ 79.821358923579581, 12.313716270409342 ], [ 79.821400577560979, 12.31420908661144 ], [ 79.821404768201774, 12.314258659647438 ], [ 79.82140561710969, 12.314258255929657 ], [ 79.821984015371697, 12.313983075610814 ], [ 79.822848292591374, 12.313544839147779 ], [ 79.824241171761912, 12.313174507570896 ], [ 79.825592637699557, 12.312989474111912 ], [ 79.827422133132444, 12.312922045011133 ], [ 79.827721140069713, 12.311832823342318 ], [ 79.828534945445156, 12.310856695788763 ], [ 79.829192427791497, 12.310043252364485 ], [ 79.829169532429844, 12.309604823259999 ], [ 79.828880041346395, 12.309112104612041 ], [ 79.828843403557528, 12.308429601948159 ], [ 79.829441080563839, 12.307833097657383 ], [ 79.830139892599746, 12.307168812998079 ], [ 79.830029799570099, 12.306016231818768 ], [ 79.830724123622858, 12.304750805914365 ], [ 79.8304483659835, 12.304569960950831 ], [ 79.830425431095975, 12.304325886010222 ], [ 79.830972559901213, 12.303589252981538 ], [ 79.831283760570159, 12.30348109257457 ], [ 79.831349498384355, 12.303458245598419 ], [ 79.831542637967061, 12.303010818007881 ], [ 79.831694509843928, 12.302016480741761 ], [ 79.83169025272781, 12.300213062201218 ], [ 79.831933960274498, 12.299706884023259 ], [ 79.832177715431897, 12.298943074155057 ], [ 79.832904126408295, 12.297998557401147 ], [ 79.833910906974751, 12.297094765386053 ], [ 79.835588815296731, 12.295834014201546 ], [ 79.83579575030727, 12.295269068371359 ], [ 79.835919930717196, 12.294817104864606 ], [ 79.836090077021893, 12.294347069331016 ], [ 79.837230057083772, 12.293854593283745 ], [ 79.838043660338286, 12.293560933213957 ], [ 79.838397769935085, 12.292390349111788 ], [ 79.838751814853154, 12.291599430575769 ], [ 79.839386233852892, 12.290799517361407 ], [ 79.84065044912191, 12.289294598816904 ], [ 79.841625091560772, 12.287757994177015 ], [ 79.841510421614757, 12.286872070201836 ], [ 79.841294549265456, 12.285204232172951 ], [ 79.841800255854665, 12.284372653217456 ], [ 79.842687555996747, 12.28277275407269 ], [ 79.843574876800133, 12.280946857578886 ], [ 79.844172480144579, 12.280192124574944 ], [ 79.843317619065687, 12.280074492275439 ], [ 79.841194255957248, 12.279798477402837 ], [ 79.84177800368677, 12.279522850212219 ], [ 79.842577772885903, 12.279202055615128 ], [ 79.844315209866792, 12.278411323896622 ], [ 79.845873364676549, 12.277801350601212 ], [ 79.846526046426035, 12.277503124886284 ], [ 79.846765115072571, 12.276951733744211 ], [ 79.84728922724365, 12.275699799841759 ], [ 79.847689037732195, 12.276052397858804 ], [ 79.847950985570748, 12.276260344401614 ], [ 79.849228688145431, 12.276251457815603 ], [ 79.849191995559309, 12.275636753568918 ], [ 79.849256375120788, 12.275342969588511 ], [ 79.849404939400813, 12.275114513916639 ], [ 79.849435654596988, 12.27506728067779 ], [ 79.849466244927356, 12.275020819875399 ], [ 79.850051633878863, 12.274131743047507 ], [ 79.85107666461866, 12.273078732570069 ], [ 79.85175694980019, 12.272387269858346 ], [ 79.852051068105666, 12.272599734628487 ], [ 79.853131227556119, 12.271641639575158 ], [ 79.854064278895649, 12.270972796420192 ], [ 79.854845671259014, 12.270186418429979 ], [ 79.855691437793965, 12.269024897210491 ], [ 79.856084604342669, 12.268543723731849 ], [ 79.856123504987735, 12.268496115371905 ], [ 79.857324409690463, 12.267350028149199 ], [ 79.857373702046758, 12.267302985757155 ], [ 79.857407611652093, 12.26726493119375 ], [ 79.858219429954133, 12.266353889154791 ], [ 79.859570779110754, 12.26440142276939 ], [ 79.85989252061124, 12.264012740620146 ], [ 79.860444061941195, 12.263502039649271 ], [ 79.861689600337129, 12.262571042293516 ], [ 79.862424975601769, 12.261942835073061 ], [ 79.863753268598316, 12.260338375429686 ], [ 79.863587831262322, 12.260193727896414 ], [ 79.864134824421967, 12.258733848963404 ], [ 79.864277340345154, 12.257988081733865 ], [ 79.865256312663689, 12.25665930209394 ], [ 79.865899772308438, 12.255642372254876 ], [ 79.865886018203156, 12.255081907615454 ], [ 79.865647096880281, 12.254177924387548 ], [ 79.865440337041221, 12.253427613690929 ], [ 79.865394442113342, 12.252410642424085 ], [ 79.865440425974441, 12.251972219138322 ], [ 79.865513966555184, 12.251777868975367 ], [ 79.86577469627818, 12.251402712675599 ], [ 79.86645937332311, 12.250283420715339 ], [ 79.867024636419018, 12.249650758043217 ], [ 79.867640507903076, 12.248913993979777 ], [ 79.868233327718613, 12.248358135262118 ], [ 79.868876774786969, 12.247964910203077 ], [ 79.869409896162011, 12.247594252831913 ], [ 79.869841898677095, 12.247223679215811 ], [ 79.870563377902599, 12.246563786366572 ], [ 79.871344719960291, 12.245429367380025 ], [ 79.872011083051532, 12.244376229983647 ], [ 79.872728508180131, 12.243626527007175 ], [ 79.87277512625181, 12.243577810650475 ], [ 79.872819864149591, 12.243531060743042 ], [ 79.873435698802737, 12.242871155152056 ], [ 79.873619509381228, 12.24282146069155 ], [ 79.874235338644496, 12.242554830924794 ], [ 79.875227924032814, 12.24223840360577 ], [ 79.87573803955344, 12.241976281206876 ], [ 79.876165408558265, 12.241714172594019 ], [ 79.876542317396968, 12.241397734610848 ], [ 79.876942089257966, 12.241081405984906 ], [ 79.877397059898243, 12.240656553661367 ], [ 79.878178269005289, 12.240285908855048 ], [ 79.879060619430192, 12.240285950993963 ], [ 79.879998068023028, 12.240394425302876 ], [ 79.88073172031892, 12.240381805582347 ], [ 79.880788506421297, 12.240380829364661 ], [ 79.880813981744467, 12.240370714274075 ], [ 79.88128936480291, 12.240181997796075 ], [ 79.881771890366196, 12.23983844856758 ], [ 79.882277414597382, 12.23923279571769 ], [ 79.882842627387632, 12.238310784953553 ], [ 79.88383524511535, 12.237149139181582 ], [ 79.884476956638551, 12.236490855818198 ], [ 79.884478547554906, 12.236489222911999 ], [ 79.8849886675671, 12.235960436436077 ], [ 79.886192623846853, 12.235698218260223 ], [ 79.887295502589183, 12.235616826408899 ], [ 79.888053704045163, 12.235793114959007 ], [ 79.888940638572947, 12.235657523654542 ], [ 79.889822943183773, 12.235341095973773 ], [ 79.890953341814807, 12.234947812024879 ], [ 79.891561210207982, 12.234560171593207 ], [ 79.891619643820576, 12.234522907696638 ], [ 79.891668256152172, 12.234494652062205 ], [ 79.892024073446322, 12.234287837582098 ], [ 79.893715110646184, 12.233627879927162 ], [ 79.895373980074041, 12.233338565162526 ], [ 79.896688232402695, 12.23241192913766 ], [ 79.897281029760364, 12.232122612163888 ], [ 79.897359143664204, 12.232045804594355 ], [ 79.897441851552415, 12.23196439493751 ], [ 79.897653137103887, 12.2316208754077 ], [ 79.897735910569111, 12.231331632191511 ], [ 79.89789669642856, 12.230857017436406 ], [ 79.898379125872111, 12.230540608589406 ], [ 79.89910518291228, 12.230093049272467 ], [ 79.900309075411656, 12.229564178007665 ], [ 79.900874300778312, 12.229405975930472 ], [ 79.901926600776861, 12.229722214061557 ], [ 79.90248724114231, 12.229934683339243 ], [ 79.903884269631135, 12.230513083841936 ], [ 79.905010121888523, 12.230725390945556 ], [ 79.90533183643953, 12.230671145666259 ], [ 79.905437438791054, 12.230409012668421 ], [ 79.906324391285153, 12.230435986088823 ], [ 79.907583417885078, 12.230485602987862 ], [ 79.908548496859439, 12.230408744900778 ], [ 79.9087368367436, 12.230408687835521 ], [ 79.908925275442442, 12.230670834880508 ], [ 79.909058582735653, 12.231118287868195 ], [ 79.909302135772094, 12.231357801339721 ], [ 79.909486032588873, 12.231412023652094 ], [ 79.909757097429235, 12.231434600329987 ], [ 79.910267171627339, 12.231488762927828 ], [ 79.910616459067683, 12.23167405820576 ], [ 79.911071472827103, 12.232229923945932 ], [ 79.912813260348898, 12.234128080034347 ], [ 79.914237880591671, 12.235502265345028 ], [ 79.914259231749355, 12.235522860231145 ], [ 79.914261001430461, 12.235524567765639 ], [ 79.916030086058839, 12.234733422393541 ], [ 79.917454509570561, 12.233942233390595 ], [ 79.92059760156198, 12.232861551148313 ], [ 79.922715924223368, 12.232092840102979 ], [ 79.924085698724781, 12.231713238130769 ], [ 79.924135741174297, 12.231699369589833 ], [ 79.924512578147784, 12.231590918048552 ], [ 79.924324392773869, 12.232937795735126 ], [ 79.924030469402808, 12.233864438695219 ], [ 79.923787033147292, 12.23465544356943 ], [ 79.923626371255381, 12.235866774136912 ], [ 79.923093477154126, 12.237290615188305 ], [ 79.922634284432021, 12.239085105233915 ], [ 79.922395408923251, 12.24006147341769 ], [ 79.922101456806075, 12.240988042228913 ], [ 79.92191320585512, 12.242068319002572 ], [ 79.921536563816062, 12.243202867433764 ], [ 79.92105431942548, 12.245087701003884 ], [ 79.920617031223259, 12.246661282931539 ], [ 79.920634419013879, 12.248180094975401 ], [ 79.920981057322464, 12.249842221606356 ], [ 79.921357157677406, 12.25005238084686 ], [ 79.92263048635499, 12.249779138423724 ], [ 79.92456487986027, 12.249160674878055 ], [ 79.926180184590095, 12.248796006229993 ], [ 79.927418353207443, 12.248476229429521 ], [ 79.927996254701043, 12.248304583607803 ], [ 79.928324891669661, 12.24796116960578 ], [ 79.929340491895587, 12.247726030688757 ], [ 79.931408380441965, 12.246799053610467 ], [ 79.934629532438294, 12.245532885718966 ], [ 79.939027177419533, 12.244026912385269 ], [ 79.94181641134243, 12.243104271357964 ], [ 79.943534939684923, 12.242498184420958 ], [ 79.944205814115534, 12.24225846421114 ], [ 79.944444058108644, 12.2420460583952 ], [ 79.944499892895138, 12.241996278624217 ], [ 79.94452584881698, 12.241957974601066 ], [ 79.944555028792323, 12.241914916806019 ], [ 79.946401885066408, 12.239803671615773 ], [ 79.947260952955773, 12.238772951759328 ], [ 79.94915370685267, 12.236494521955937 ], [ 79.951243982314239, 12.234066853398721 ], [ 79.952961988735552, 12.231928435266623 ], [ 79.955318567068176, 12.228831734403025 ], [ 79.956205724378151, 12.229884634395944 ], [ 79.957304267850873, 12.230996217719156 ], [ 79.95983731932273, 12.234152184051176 ], [ 79.959864846397991, 12.234186480650006 ], [ 79.96107320981254, 12.233711557605949 ], [ 79.962281701686152, 12.233394872120982 ], [ 79.963058280876254, 12.233182198436412 ], [ 79.963485583405756, 12.233127850944989 ], [ 79.963995691739854, 12.233154816186646 ], [ 79.965094233415954, 12.233922854293656 ], [ 79.966597235260537, 12.234948409882751 ], [ 79.969667454119431, 12.236796000158078 ], [ 79.970127053778356, 12.236899887967718 ], [ 79.970770157690296, 12.236108704574342 ], [ 79.97309905892898, 12.233364372410254 ], [ 79.975728248102541, 12.235288957749333 ], [ 79.978008147140827, 12.236870034799866 ], [ 79.980991356977938, 12.23906115442143 ], [ 79.982977282339476, 12.240913554871273 ], [ 79.98318866490898, 12.241071652612405 ], [ 79.98386001544668, 12.242178772216057 ], [ 79.98458685402116, 12.243923149404653 ], [ 79.985281596688878, 12.24616477607576 ], [ 79.985792309589144, 12.247692267837039 ], [ 79.987029407414653, 12.250005970062851 ], [ 79.987700827122637, 12.251140202585271 ], [ 79.98794458856824, 12.251360838894691 ], [ 79.988050253801859, 12.251456478776131 ], [ 79.99247032342754, 12.253737712348496 ], [ 79.994605459856075, 12.254506502591347 ], [ 79.99863846159549, 12.25548885680573 ], [ 80.000155660414819, 12.25587815459806 ], [ 80.001957500313395, 12.256407508642184 ], [ 80.003719635574711, 12.256763005640549 ], [ 80.003782753003208, 12.2567757386969 ], [ 80.004016737185253, 12.254106069029019 ], [ 80.007058787571836, 12.254612324349639 ], [ 80.00863868520473, 12.254805014174007 ], [ 80.010370477172401, 12.257796810183955 ], [ 80.01221934657103, 12.260719564607303 ], [ 80.012500228200793, 12.261640139088096 ], [ 80.012418397068316, 12.262710338213637 ], [ 80.012733216151233, 12.262785463737247 ], [ 80.012757721293852, 12.262905922433601 ], [ 80.013623608294509, 12.262997938005389 ], [ 80.014512985341582, 12.264286710049724 ], [ 80.015098082340643, 12.264816007710539 ], [ 80.015776914946329, 12.266657164345368 ], [ 80.016769317078342, 12.269992467045544 ], [ 80.016783558968854, 12.2700403305734 ], [ 80.016794681010396, 12.270069852570423 ], [ 80.017485845688327, 12.271904523379314 ], [ 80.018632856863888, 12.274090897247886 ], [ 80.019896986792972, 12.276783618430615 ], [ 80.020115642123031, 12.277256531076542 ], [ 80.020131091349285, 12.27728994342247 ], [ 80.020134931647107, 12.27729817778979 ], [ 80.021816689250073, 12.280903275984944 ], [ 80.022846770318381, 12.282767467369506 ], [ 80.024391969625128, 12.28573638697531 ], [ 80.025749945653601, 12.288452162061612 ], [ 80.029589726063605, 12.294574067977313 ], [ 80.032352678874574, 12.298854796102553 ], [ 80.034249371883988, 12.301754643390259 ], [ 80.036989077193695, 12.305528988405355 ], [ 80.039026432901863, 12.308497858964637 ], [ 80.040086421580938, 12.309872041630534 ], [ 80.040127062262712, 12.309924726796643 ], [ 80.040152549263937, 12.309960466938485 ], [ 80.042211357639417, 12.312847547283612 ], [ 80.046450322412227, 12.318301832108073 ], [ 80.049377995703594, 12.322122131936116 ], [ 80.050525673429092, 12.323571990324611 ], [ 80.050642890997253, 12.324032345236665 ], [ 80.051158527563615, 12.325666575303384 ], [ 80.051378943591629, 12.325808456582401 ], [ 80.051720748963945, 12.3266332354362 ], [ 80.05183764134199, 12.326103720836747 ], [ 80.052212148983926, 12.325850373802576 ], [ 80.053336414816528, 12.327139096655689 ], [ 80.054296836026126, 12.328496933812245 ], [ 80.056405258354772, 12.331765025333528 ], [ 80.05808202042644, 12.33425873190315 ], [ 80.058082050969148, 12.33425877841492 ], [ 80.058092023167134, 12.334273607767928 ], [ 80.058747908308888, 12.335010009847592 ], [ 80.059872449924256, 12.336644030183548 ], [ 80.060212194561345, 12.337219413407267 ], [ 80.061559133888238, 12.338669175125755 ], [ 80.06305859726892, 12.34080949714534 ], [ 80.064604905096715, 12.342880735745815 ], [ 80.065589057101178, 12.344445751157172 ], [ 80.066854335975506, 12.346263877653456 ], [ 80.068095951428589, 12.347483454684838 ], [ 80.069103545868728, 12.348956372905826 ], [ 80.06982999816762, 12.350084096271392 ], [ 80.072337040717045, 12.353029695951049 ], [ 80.074258529024959, 12.355538152752128 ], [ 80.076812625328984, 12.358529749191224 ], [ 80.079062139751059, 12.361061040826264 ], [ 80.081077614295566, 12.363707560805818 ], [ 80.082741743359392, 12.366124042831116 ], [ 80.084522865412538, 12.368264179730765 ], [ 80.086093028002722, 12.3700130380142 ], [ 80.088694345147971, 12.37277430466146 ], [ 80.089842795424644, 12.374131999797713 ], [ 80.091061676314524, 12.375719884702555 ], [ 80.092772756724983, 12.377813982979415 ], [ 80.093827481276492, 12.378987537263198 ], [ 80.09491665532083, 12.379900121988399 ], [ 80.094925079721548, 12.379907180890543 ], [ 80.094934392556112, 12.37991498297332 ], [ 80.095830718970191, 12.380587857336998 ], [ 80.096674710434144, 12.381784560431138 ], [ 80.097987377236308, 12.383303294407332 ], [ 80.100143797448865, 12.385558231893222 ], [ 80.101878476601883, 12.387537152842979 ], [ 80.103238002224217, 12.388917686167076 ], [ 80.104082343132802, 12.390436726067822 ], [ 80.1057235489872, 12.392553848142944 ], [ 80.108302327401987, 12.395407084934142 ], [ 80.111069220223769, 12.399043027436635 ], [ 80.113367163721151, 12.40194249814196 ], [ 80.115290241148756, 12.404658047987153 ], [ 80.117166503773703, 12.407327581384372 ], [ 80.118667937159771, 12.409905312088032 ], [ 80.120262742334802, 12.412022442678465 ], [ 80.122421125366273, 12.415612811403358 ], [ 80.123376869048215, 12.417381644125149 ], [ 80.123434832841923, 12.417488919601249 ], [ 80.123477436342569, 12.417567766990954 ], [ 80.123829086352117, 12.417832280837221 ], [ 80.124180686954332, 12.418039226069906 ], [ 80.124755077831807, 12.418499277675307 ], [ 80.125399940645067, 12.41916651142785 ], [ 80.126080218640055, 12.420133064198257 ], [ 80.126350209095321, 12.42076607771159 ], [ 80.126889559388516, 12.421318264294767 ], [ 80.128039128966037, 12.423055822606548 ], [ 80.128824990447953, 12.424148933785682 ], [ 80.129387938585367, 12.424862288987798 ], [ 80.130115278419765, 12.42598999218572 ], [ 80.130387402373842, 12.426329252363544 ], [ 80.130678231048776, 12.426691833436859 ], [ 80.130795200681902, 12.426928874226959 ], [ 80.130854282878133, 12.427048603855541 ], [ 80.131511228930279, 12.428038206426464 ], [ 80.13271944412277, 12.429729657581079 ], [ 80.133505228349563, 12.430661572106875 ], [ 80.134596208007636, 12.432214961127574 ], [ 80.135945102966915, 12.433929308399232 ], [ 80.1370648619517, 12.435406085174369 ], [ 80.137070535711032, 12.435413568033727 ], [ 80.137460629123169, 12.435928031203424 ], [ 80.137849981425191, 12.436381706102928 ], [ 80.137851471730244, 12.436383443032145 ], [ 80.13811513984254, 12.436690668780276 ], [ 80.139042215588802, 12.438261482158499 ], [ 80.140027886644432, 12.439826483192553 ], [ 80.141083782599068, 12.44129930439253 ], [ 80.142139540213122, 12.442610921844645 ], [ 80.142749845735679, 12.44366965528026 ], [ 80.143876027674764, 12.445073317574185 ], [ 80.144415966364505, 12.446040007336666 ], [ 80.144955982309327, 12.447075783601756 ], [ 80.145613028972775, 12.447973269044102 ], [ 80.146880355107612, 12.449837375249174 ], [ 80.148217821699831, 12.451517174894791 ], [ 80.150423677100818, 12.454416651737123 ], [ 80.150847018059935, 12.455844063210463 ], [ 80.151598898071256, 12.457685677619624 ], [ 80.152373511747498, 12.45885940415749 ], [ 80.152890626940788, 12.460286730656028 ], [ 80.153477257364059, 12.460977021827354 ], [ 80.154651090437383, 12.462864267592968 ], [ 80.155801722721876, 12.464935786893717 ], [ 80.157094393924169, 12.468250817151507 ], [ 80.157353069200127, 12.469033587145132 ], [ 80.157096267809834, 12.469932067568415 ], [ 80.157308380709679, 12.470991264000249 ], [ 80.157801923211593, 12.47221137708285 ], [ 80.158130818894989, 12.47290195488495 ], [ 80.158248444298309, 12.473293356832809 ], [ 80.15801430291107, 12.473500891134425 ], [ 80.157709515314949, 12.473409096141737 ], [ 80.157850887682784, 12.474076849239344 ], [ 80.158299406622675, 12.476932250333144 ], [ 80.158229584168907, 12.477369923657243 ], [ 80.158136609435331, 12.478060970106684 ], [ 80.158208292300031, 12.479281567366549 ], [ 80.158584498656182, 12.48034061592432 ], [ 80.158797953639052, 12.482574468582406 ], [ 80.159034939092493, 12.484900404272098 ], [ 80.159273227103071, 12.486522076163777 ], [ 80.159280574423761, 12.486572073382527 ], [ 80.159282798652399, 12.486593084402736 ], [ 80.159413272659222, 12.487825101128598 ], [ 80.159438187433622, 12.489114863667913 ], [ 80.159603910433887, 12.490542688238921 ], [ 80.160005059412214, 12.49284553422225 ], [ 80.160170103286092, 12.493743666250703 ], [ 80.160336403903074, 12.495678214698835 ], [ 80.160647166194124, 12.497105946900607 ], [ 80.160649997683905, 12.499593458341293 ], [ 80.160652020689952, 12.501390324891254 ], [ 80.16072881407031, 12.501747821291605 ], [ 80.160880675167405, 12.502398605582359 ], [ 80.161014180090007, 12.502891278838865 ], [ 80.16107403483737, 12.503478845389727 ], [ 80.16118457432971, 12.504301393342741 ], [ 80.161584871705145, 12.505991806576668 ], [ 80.161824250270485, 12.507157907829148 ], [ 80.162026834740104, 12.508233562106167 ], [ 80.162068277617408, 12.509137455981069 ], [ 80.162024589850205, 12.509317845869834 ], [ 80.162003873801439, 12.509403383074698 ], [ 80.161930329627424, 12.509707044965852 ], [ 80.161755601914791, 12.510009866345763 ], [ 80.161442809431193, 12.510290194416887 ], [ 80.161185292981955, 12.510466436233223 ], [ 80.161318791616296, 12.512188481259981 ], [ 80.161801805863107, 12.512233568564337 ], [ 80.162100899038634, 12.51229227974382 ], [ 80.162372370815817, 12.51255444397945 ], [ 80.162528786371425, 12.512965716109079 ], [ 80.16268983543722, 12.51356679761299 ], [ 80.162758925764052, 12.514145350020616 ], [ 80.163081094862591, 12.515383682002254 ], [ 80.163255998645056, 12.516084270849456 ], [ 80.163486164987134, 12.51702880819219 ], [ 80.163638089864619, 12.517892174100975 ], [ 80.163748519762507, 12.518809574386479 ], [ 80.163946579418024, 12.519894345162964 ], [ 80.164148947393656, 12.520527113220947 ], [ 80.164314697343372, 12.521128208684555 ], [ 80.16449872441585, 12.52185586119583 ], [ 80.164636888899807, 12.52250669214513 ], [ 80.165226102877796, 12.525336006961473 ], [ 80.165355952555501, 12.526178262731829 ], [ 80.165366108908074, 12.526244136153851 ], [ 80.165378014280549, 12.526321351800533 ], [ 80.165695594784651, 12.527591314887381 ], [ 80.166022435122656, 12.528644384751537 ], [ 80.166330806996768, 12.52968844521553 ], [ 80.166823213129859, 12.530917628253919 ], [ 80.167094701975032, 12.531898457582185 ], [ 80.167444489776997, 12.532974113951884 ], [ 80.168033726212883, 12.535093793879852 ], [ 80.16836976260447, 12.53609715940371 ], [ 80.168572206936886, 12.536770613414737 ], [ 80.168774759965487, 12.537294871690687 ], [ 80.169303964685881, 12.538307241333715 ], [ 80.169718135642583, 12.539143294577878 ], [ 80.170012671664679, 12.539744332607233 ], [ 80.170302616397336, 12.54054428514428 ], [ 80.170661640677054, 12.541674219372384 ], [ 80.17099302289715, 12.542641397752325 ], [ 80.171319872218348, 12.543473020114961 ], [ 80.1719042990742, 12.544752028641666 ], [ 80.172014321136942, 12.544992259203466 ], [ 80.172033555863791, 12.54503425682524 ], [ 80.172254103944141, 12.545515814158524 ], [ 80.172622307209437, 12.546369987195474 ], [ 80.173275827087053, 12.548037657836383 ], [ 80.173717812579895, 12.549280509410194 ], [ 80.174449603566529, 12.551115427862213 ], [ 80.175011038042683, 12.552340197211208 ], [ 80.175821146850737, 12.554039449697481 ], [ 80.176539219664662, 12.555449610666756 ], [ 80.177307836188092, 12.556945464207772 ], [ 80.17765755661641, 12.557600737943794 ], [ 80.178021258423783, 12.558694508183324 ], [ 80.178499997588162, 12.560027706421817 ], [ 80.178734749829786, 12.560655952366162 ], [ 80.179333139200097, 12.561966547652391 ], [ 80.180046628809436, 12.563498575363381 ], [ 80.180414858125886, 12.564388998849399 ], [ 80.180797636556662, 12.565458822017867 ], [ 80.180820039641546, 12.565521434221187 ], [ 80.180925812672982, 12.565817052872886 ], [ 80.181399940784999, 12.566928879927827 ], [ 80.18162553110902, 12.56748927863481 ], [ 80.182044464035044, 12.568533300799338 ], [ 80.182421958575318, 12.569495906604015 ], [ 80.182822472444713, 12.570340943726173 ], [ 80.183549690108265, 12.571619915984542 ], [ 80.184143454951482, 12.57251473027852 ], [ 80.184727901570284, 12.573242324361836 ], [ 80.185294115982089, 12.574001509031531 ], [ 80.185464324270527, 12.574322390785934 ], [ 80.18554262322732, 12.574860277284918 ], [ 80.18547376915744, 12.575181153582673 ], [ 80.185252918344844, 12.575624091748423 ], [ 80.185041375875215, 12.57580040459148 ], [ 80.184783757018039, 12.575963194120204 ], [ 80.184677804323513, 12.575963142391165 ], [ 80.184949969600083, 12.578747332285957 ], [ 80.185143306812165, 12.579032025410363 ], [ 80.185377994375102, 12.579574365583325 ], [ 80.185472401921558, 12.580016001212892 ], [ 80.185489954103915, 12.580098109642714 ], [ 80.185893904029271, 12.581987752704231 ], [ 80.186230159609806, 12.583836361126332 ], [ 80.186515912803358, 12.585820450417041 ], [ 80.186806106369389, 12.587126567886973 ], [ 80.187326380039238, 12.588599942018874 ], [ 80.187897318691114, 12.590357935648125 ], [ 80.188440653910902, 12.591908147017291 ], [ 80.188887293575235, 12.593001794841316 ], [ 80.189352232820198, 12.593869535691219 ], [ 80.189771214255231, 12.594655845794692 ], [ 80.1899568268542, 12.595046350999663 ], [ 80.189992878941467, 12.595122200259139 ], [ 80.190254561777024, 12.595672744734655 ], [ 80.19054930800489, 12.59679803122029 ], [ 80.190784251587672, 12.597706485804682 ], [ 80.191212569213434, 12.599188799193648 ], [ 80.191544119418495, 12.600440695225274 ], [ 80.191852720363002, 12.601407874208018 ], [ 80.19228545859832, 12.602275512089678 ], [ 80.192842522770619, 12.60333756961534 ], [ 80.193353579725638, 12.604363410298696 ], [ 80.193818580954343, 12.605457106680809 ], [ 80.194288361220416, 12.606790345226319 ], [ 80.19511711456218, 12.608769822804366 ], [ 80.195734150262851, 12.610211465956018 ], [ 80.196286745316627, 12.611653094856278 ], [ 80.197184700376297, 12.613682235627305 ], [ 80.197792474446402, 12.614852672754161 ], [ 80.198229828225635, 12.615404021658355 ], [ 80.198818911049614, 12.615837733106346 ], [ 80.199477130014472, 12.616244343824931 ], [ 80.200167549989018, 12.616510897402964 ], [ 80.200549636717028, 12.616836202005233 ], [ 80.200724547685965, 12.617138917392053 ], [ 80.200742983810571, 12.617428230634843 ], [ 80.200563687266367, 12.617767227754804 ], [ 80.200232282588402, 12.61802041130349 ], [ 80.199795211778479, 12.618323279574549 ], [ 80.199500746723288, 12.618599088066313 ], [ 80.199339727301876, 12.618951702743203 ], [ 80.199146671262483, 12.619480541884226 ], [ 80.198884522201311, 12.620140467648605 ], [ 80.198654644218436, 12.621021931936383 ], [ 80.198728562091574, 12.622269340852583 ], [ 80.198825648414243, 12.62361619223438 ], [ 80.199138969107238, 12.625301959671891 ], [ 80.19971947032532, 12.627525542828765 ], [ 80.200161656142441, 12.629107349156035 ], [ 80.200576295121394, 12.630607783668024 ], [ 80.200990915235707, 12.632085703413868 ], [ 80.201677174213884, 12.634033450930261 ], [ 80.202519943969037, 12.63604903091591 ], [ 80.202985180556368, 12.637273735678997 ], [ 80.203441060291681, 12.638191069825337 ], [ 80.203698997152486, 12.638864579377209 ], [ 80.203906279811036, 12.639542364695833 ], [ 80.204095217074837, 12.640346868277609 ], [ 80.204297906647355, 12.641051858353197 ], [ 80.204611168051542, 12.641969307785688 ], [ 80.204965770823421, 12.642769151079984 ], [ 80.205297373130776, 12.643474163396123 ], [ 80.205937525178641, 12.644807259031488 ], [ 80.206365813160033, 12.64581058908048 ], [ 80.206817117775628, 12.646786769344923 ], [ 80.207554098329638, 12.64858527816563 ], [ 80.207853475372815, 12.649353577869192 ], [ 80.208143696786593, 12.650284608780078 ], [ 80.208333342821177, 12.650814256973133 ], [ 80.208333346414449, 12.65455425869018 ], [ 80.20848825280035, 12.654512889048357 ], [ 80.209761446730639, 12.654033864412074 ], [ 80.209803718752966, 12.654020724863978 ], [ 80.209827053390782, 12.654086425227197 ], [ 80.210314843081633, 12.655622494863589 ], [ 80.210902087952547, 12.657101341810689 ], [ 80.211546774695961, 12.658511749866939 ], [ 80.212273398573103, 12.660323934951967 ], [ 80.212394204910808, 12.661142216907532 ], [ 80.212757981278372, 12.662616853740634 ], [ 80.213246416857913, 12.664193558202426 ], [ 80.213336222335187, 12.664484533394271 ], [ 80.213535208153772, 12.665129265201941 ], [ 80.214062747397648, 12.666524323367092 ], [ 80.21456029458912, 12.667646650294841 ], [ 80.214828121901178, 12.668426551081845 ], [ 80.215229844004654, 12.669381980041713 ], [ 80.215644813563628, 12.670416967728739 ], [ 80.216006035122547, 12.671385531386969 ], [ 80.216380667630304, 12.672380639387896 ], [ 80.216916596240594, 12.673561768175961 ], [ 80.217371112333339, 12.674901698693734 ], [ 80.2180283727958, 12.676422565897965 ], [ 80.21862326143146, 12.677863254079588 ], [ 80.219077470300363, 12.679309208340685 ], [ 80.219505957707753, 12.680344231069485 ], [ 80.220163618818816, 12.682256306233857 ], [ 80.220377423246319, 12.682919604227315 ], [ 80.220912703272987, 12.684326032562984 ], [ 80.221259990165194, 12.685453589343458 ], [ 80.221598372956308, 12.686529762246177 ], [ 80.221988008227655, 12.687674481055716 ], [ 80.222194308129289, 12.68827338095314 ], [ 80.222276034158881, 12.68864755639675 ], [ 80.222357760188487, 12.68902173041378 ], [ 80.222491001904672, 12.689565509385281 ], [ 80.222521368554553, 12.689645800087481 ], [ 80.222691729556601, 12.69009623100923 ], [ 80.223107643244944, 12.690839639397934 ], [ 80.223402155910847, 12.691582688933316 ], [ 80.223859654410305, 12.693071719933519 ], [ 80.224342585113789, 12.694595377570542 ], [ 80.224771350998893, 12.695711807369149 ], [ 80.225263510993614, 12.696896109832736 ], [ 80.225661456579644, 12.698010555127404 ], [ 80.226176529003993, 12.699426857015084 ], [ 80.226856295857601, 12.701029185406501 ], [ 80.227095844204484, 12.701733956804629 ], [ 80.227765429552662, 12.703703942638914 ], [ 80.228398351060832, 12.705190164160015 ], [ 80.229005783771115, 12.70730253277468 ], [ 80.229239554154105, 12.708068596044489 ], [ 80.229708285187897, 12.709206435289698 ], [ 80.230129806160249, 12.710344137993463 ], [ 80.230598125765638, 12.711621135398511 ], [ 80.231184075265901, 12.713037633960916 ], [ 80.231757689100704, 12.714632395662319 ], [ 80.232813312865773, 12.716885215592635 ], [ 80.233445178853486, 12.718742518812471 ], [ 80.233825053030941, 12.719937369360744 ], [ 80.234284367025623, 12.721198850700507 ], [ 80.234726060565961, 12.722094324804079 ], [ 80.235020499569998, 12.723067811639273 ], [ 80.235180002635218, 12.723773948430255 ], [ 80.235358279591566, 12.724278903343791 ], [ 80.235574513063625, 12.724889724254401 ], [ 80.235838589909363, 12.725752091173328 ], [ 80.236003110963736, 12.726622421111086 ], [ 80.236784323664068, 12.728340580706943 ], [ 80.23730308187605, 12.729851543083534 ], [ 80.238190369441725, 12.732198054253761 ], [ 80.238743299567091, 12.733888505031373 ], [ 80.23909307569096, 12.734710949789624 ], [ 80.23947786005975, 12.73559056577465 ], [ 80.239806321856861, 12.736613914187494 ], [ 80.240170435092679, 12.737308687388959 ], [ 80.240208789562047, 12.737381872719023 ], [ 80.241004917889342, 12.739936381921652 ], [ 80.242000491972647, 12.742308280270185 ], [ 80.242750219620561, 12.744271929135122 ], [ 80.243258790038851, 12.745664989806416 ], [ 80.243929232379813, 12.747071767222742 ], [ 80.244388033436451, 12.748590017189466 ], [ 80.244847589077906, 12.749616979853865 ], [ 80.24513885792733, 12.750938282407967 ], [ 80.24541073125144, 12.751371821724351 ], [ 80.245365981675548, 12.75160538664154 ], [ 80.245329646618941, 12.751973132361172 ], [ 80.245461732203353, 12.752746532569137 ], [ 80.24578041673692, 12.753738471724507 ], [ 80.246261218433204, 12.754981999054829 ], [ 80.249186458188419, 12.764234578379588 ], [ 80.249786013571978, 12.765860839137673 ], [ 80.250007014403224, 12.76690504532926 ], [ 80.250353107434435, 12.768512663010963 ], [ 80.250628018860823, 12.769325686759982 ], [ 80.251179956347798, 12.770796486305017 ], [ 80.251248750230587, 12.771001161672704 ], [ 80.251472831384916, 12.771987281229277 ], [ 80.25164112805848, 12.772442160125973 ], [ 80.251770704648337, 12.772765535966819 ], [ 80.252007487980791, 12.773249281321363 ], [ 80.252315716124443, 12.774067265978994 ], [ 80.252592826626667, 12.774657845008711 ], [ 80.252864994598212, 12.775378239783455 ], [ 80.253105700873519, 12.776309363380628 ], [ 80.253227548358666, 12.7768290252856 ], [ 80.253558714983086, 12.778184781589559 ], [ 80.253842319406502, 12.778998403237873 ], [ 80.25438795700839, 12.780318119063383 ], [ 80.254463835005495, 12.780539053384897 ], [ 80.254478856633654, 12.78058279238471 ], [ 80.254607879861297, 12.780956161431503 ], [ 80.254851572136644, 12.781637339154877 ], [ 80.255021619626632, 12.782136507091664 ], [ 80.255153135679194, 12.782702013935145 ], [ 80.255241300832751, 12.783223078385561 ], [ 80.255275403575865, 12.783876745607513 ], [ 80.255263807223869, 12.784252039714415 ], [ 80.255184281168383, 12.784742501608667 ], [ 80.25514147195355, 12.785152362216385 ], [ 80.255091142043142, 12.785531000907 ], [ 80.254990581036949, 12.785887977175772 ], [ 80.25482493259689, 12.786267212221954 ], [ 80.254675754767533, 12.786553800414232 ], [ 80.254607708283089, 12.786842752705681 ], [ 80.254512565914709, 12.787257303703862 ], [ 80.254438053356836, 12.787522736282535 ], [ 80.254406966258102, 12.787734729628369 ], [ 80.254421313251513, 12.788017543955842 ], [ 80.254478074201046, 12.788208498090315 ], [ 80.254574033138042, 12.788563891964664 ], [ 80.2546308021724, 12.788838770280641 ], [ 80.254623732431114, 12.78904244812435 ], [ 80.254614898398614, 12.789301588063788 ], [ 80.254568080002628, 12.789570324621721 ], [ 80.254407666045708, 12.789854824120154 ], [ 80.254264847390274, 12.789990676566985 ], [ 80.253856380735641, 12.790078992269343 ], [ 80.253573600965652, 12.790078864369534 ], [ 80.25330444774022, 12.790057032924201 ], [ 80.252719021957788, 12.790019537252585 ], [ 80.252480787846125, 12.790044292876431 ], [ 80.252151796042995, 12.790232013819606 ], [ 80.25187093507445, 12.790583423314521 ], [ 80.251686502861801, 12.79100290543388 ], [ 80.251525186098021, 12.791392250843568 ], [ 80.251269781587993, 12.791767468075905 ], [ 80.251005502621311, 12.792152344610088 ], [ 80.250632510437256, 12.792699236434869 ], [ 80.250424855876176, 12.793309626767419 ], [ 80.250170948857729, 12.793940104345399 ], [ 80.249991612787696, 12.794312390159313 ], [ 80.249892667850716, 12.794745508181002 ], [ 80.249841827697196, 12.795258152109374 ], [ 80.249816435019071, 12.795641747853219 ], [ 80.249823093331955, 12.795993711333804 ], [ 80.24986522162385, 12.796510405994825 ], [ 80.24988905662326, 12.797300661700868 ], [ 80.249903303005354, 12.798087587889908 ], [ 80.249789483763919, 12.79873436019227 ], [ 80.249690834372672, 12.799192918259383 ], [ 80.249481036431348, 12.799666765070262 ], [ 80.249266893338969, 12.800162764804293 ], [ 80.249096464064948, 12.801047307433036 ], [ 80.248999391217026, 12.801612884026643 ], [ 80.248925693431119, 12.8021917156172 ], [ 80.248861139596499, 12.802761536404535 ], [ 80.248661460278512, 12.805225708963288 ], [ 80.248674867634122, 12.805476761942716 ], [ 80.248697983981344, 12.806037384621751 ], [ 80.248697688435584, 12.806244428070155 ], [ 80.248696874561958, 12.806814093410489 ], [ 80.248665121811584, 12.806987039196315 ], [ 80.248565447442601, 12.807529921093309 ], [ 80.248346003391745, 12.808229034246036 ], [ 80.24824246806368, 12.808953776063637 ], [ 80.248158344430607, 12.810020366033978 ], [ 80.248182722910755, 12.810955659233825 ], [ 80.248244527002299, 12.811767651926951 ], [ 80.248287815019239, 12.812336372772299 ], [ 80.248427069159618, 12.813271613577507 ], [ 80.248346899012091, 12.814047369816771 ], [ 80.248178093892122, 12.815374125269932 ], [ 80.24816816391494, 12.815942293140836 ], [ 80.248223778614204, 12.816936481346685 ], [ 80.248249122783321, 12.817389546617607 ], [ 80.248351542403796, 12.818783331374462 ], [ 80.248346113884523, 12.819749744237038 ], [ 80.248355238971186, 12.820454276957554 ], [ 80.248213350970374, 12.821639257037502 ], [ 80.248245783745404, 12.822434490592835 ], [ 80.248283476156388, 12.823324921735935 ], [ 80.248365659428472, 12.824111356728379 ], [ 80.248468309017667, 12.825155857022182 ], [ 80.248561731112275, 12.826286752664538 ], [ 80.248566686219405, 12.82803014007243 ], [ 80.248491947286055, 12.829208455748768 ], [ 80.24843938506217, 12.830464030417291 ], [ 80.248517599577312, 12.831411297187413 ], [ 80.248686822413902, 12.832263237581603 ], [ 80.248773639196216, 12.833565043197979 ], [ 80.248830864574785, 12.834722369857223 ], [ 80.248816735872012, 12.835014996368887 ], [ 80.248738976802684, 12.836625425822765 ], [ 80.248695001574575, 12.838125125905723 ], [ 80.248772600743777, 12.841887089726994 ], [ 80.248787629558478, 12.842615736353698 ], [ 80.248944111589367, 12.844561957728317 ], [ 80.249096176604027, 12.847131932693252 ], [ 80.249097268955438, 12.848699752842023 ], [ 80.249218600807595, 12.85197144290459 ], [ 80.249213327696879, 12.8544433739856 ], [ 80.249122156780388, 12.856697328929283 ], [ 80.247674310595926, 12.85690910901414 ], [ 80.24727996455924, 12.856969128008549 ], [ 80.243741734217082, 12.857387964395896 ], [ 80.242326151026077, 12.857385914167308 ], [ 80.240653473593994, 12.857590378188423 ], [ 80.239587865952814, 12.857867128018105 ], [ 80.237655494555256, 12.858230103348829 ], [ 80.23638212725011, 12.858344575056098 ], [ 80.236203602358771, 12.858118636422263 ], [ 80.236185583950785, 12.858096215340922 ], [ 80.23375736227932, 12.853477849401386 ], [ 80.233540593411391, 12.85311582620824 ], [ 80.23339801730107, 12.852962506566165 ], [ 80.233070968553889, 12.852388198823869 ], [ 80.232936368584973, 12.852239033579037 ], [ 80.232871957582489, 12.852210076679572 ], [ 80.232669222195923, 12.852151532287488 ], [ 80.230656388698335, 12.85223043137553 ], [ 80.228293394597983, 12.852228316294886 ], [ 80.227359438654958, 12.85220056888766 ], [ 80.225644737135568, 12.852149628276416 ], [ 80.222521895865611, 12.852319955759416 ], [ 80.220016301400406, 12.852507716977726 ], [ 80.219584874705433, 12.854049317924259 ], [ 80.217756694406091, 12.854552765142438 ], [ 80.21740764142605, 12.855574530230214 ], [ 80.217200941774124, 12.856157757674124 ], [ 80.216579353411603, 12.856420491981995 ], [ 80.215851830320858, 12.856696884901636 ], [ 80.215594389330107, 12.857212366329145 ], [ 80.215424399332278, 12.857659969414041 ], [ 80.214781190317481, 12.858399578067996 ], [ 80.213878421186195, 12.859437645118307 ], [ 80.212880226717189, 12.860853226134591 ], [ 80.212021256744208, 12.863339822992478 ], [ 80.21111672242337, 12.866359777692672 ], [ 80.21014295224866, 12.869266809216517 ], [ 80.20959147469911, 12.870895141684592 ], [ 80.208930259852764, 12.872847486781895 ], [ 80.209098842190556, 12.874550279630222 ], [ 80.20933017544418, 12.875508799610275 ], [ 80.209844973882383, 12.876344594396025 ], [ 80.211924760614693, 12.877905333104108 ], [ 80.212816317872935, 12.879029940031094 ], [ 80.21350150695757, 12.880412750801078 ], [ 80.213539226318048, 12.881015844626733 ], [ 80.213571102137593, 12.881525504282287 ], [ 80.213716019257518, 12.882348522611821 ], [ 80.214492556226787, 12.884662978218953 ], [ 80.214954008211819, 12.886638861428263 ], [ 80.215458485007403, 12.887691846212086 ], [ 80.215945982745779, 12.888455336354507 ], [ 80.216482213190034, 12.890209378093704 ], [ 80.216792961108055, 12.892687601300441 ], [ 80.217190085633888, 12.895459482084773 ], [ 80.217341325096825, 12.898209095934375 ], [ 80.217428502103587, 12.900967768705353 ], [ 80.217582163424481, 12.903757855794439 ], [ 80.217593835234979, 12.906566078243435 ], [ 80.21760079178857, 12.909374197352646 ], [ 80.217379327426599, 12.91055921104406 ], [ 80.216640895195084, 12.910478910964859 ], [ 80.215674389696062, 12.910362708365344 ], [ 80.214055139565488, 12.910446367307648 ], [ 80.213615872374703, 12.910517792254538 ], [ 80.212836019723753, 12.910644595739241 ], [ 80.212483905285197, 12.910580721177773 ], [ 80.212032856689461, 12.910498899302086 ], [ 80.210613293961742, 12.910442077712354 ], [ 80.209118358090095, 12.910435065856896 ], [ 80.208179154189196, 12.910544875623788 ], [ 80.206318463859731, 12.910511241845583 ], [ 80.204059576415958, 12.910762908416245 ], [ 80.202262746421724, 12.91102747676268 ], [ 80.202055296676519, 12.911053373633068 ], [ 80.201347200552121, 12.911141769361134 ], [ 80.199344419202603, 12.911112728206092 ], [ 80.198827530384762, 12.91110441784873 ], [ 80.198728927705886, 12.911547457316432 ], [ 80.198610927705133, 12.912446995359652 ], [ 80.198756883277525, 12.913762038714017 ], [ 80.19926437931079, 12.915108245277207 ], [ 80.199992192557346, 12.916517392154139 ], [ 80.20029383604998, 12.917890978151057 ], [ 80.200449709921443, 12.919296304081612 ], [ 80.200597406428869, 12.921745538825149 ], [ 80.200870514038172, 12.922947237222456 ], [ 80.201191800991126, 12.923552471685493 ], [ 80.201395432896376, 12.923882152341321 ], [ 80.200176410970997, 12.924954396620722 ], [ 80.1992090314112, 12.926387707421897 ], [ 80.198707929586135, 12.927120200586536 ], [ 80.198562895685185, 12.927951753402247 ], [ 80.198655652128181, 12.92898634856393 ], [ 80.198716488734178, 12.929948684804065 ], [ 80.198718819862307, 12.930382389146063 ], [ 80.198723598001308, 12.930621859621386 ], [ 80.198682875572857, 12.930793632636846 ], [ 80.19857362516295, 12.930974413906998 ], [ 80.198397948829353, 12.931123649564999 ], [ 80.19830975492971, 12.931191526189897 ], [ 80.198158959234547, 12.931372385969754 ], [ 80.198137908114177, 12.931485376971825 ], [ 80.198136304621386, 12.931616339970418 ], [ 80.198146363057617, 12.931788004610958 ], [ 80.198190267318822, 12.931986843859285 ], [ 80.198324930169818, 12.932239713655768 ], [ 80.198480790566535, 12.932460954708668 ], [ 80.198644841802036, 12.932587332927129 ], [ 80.19891947475071, 12.932790421351232 ], [ 80.199080350441662, 12.932939341608789 ], [ 80.199139880897249, 12.933011627770231 ], [ 80.199225097780044, 12.933129022805241 ], [ 80.199251197432318, 12.933260021713226 ], [ 80.199224718690999, 12.933359447337113 ], [ 80.199175245773361, 12.933458827394043 ], [ 80.199043578803852, 12.933571944402466 ], [ 80.198817351574249, 12.933802538377 ], [ 80.198551319994451, 12.933983428658655 ], [ 80.198184887308599, 12.93441746131281 ], [ 80.197643185225971, 12.934928382305921 ], [ 80.197108143252848, 12.935159184275895 ], [ 80.196731531756512, 12.935340174258563 ], [ 80.196462115324692, 12.935462314384171 ], [ 80.19632329686722, 12.935611534225055 ], [ 80.196273164586145, 12.935778681948651 ], [ 80.196281609648125, 12.93592327536868 ], [ 80.196319254448412, 12.936329793324479 ], [ 80.195476929359316, 12.936664660283469 ], [ 80.194321254831152, 12.937157902700985 ], [ 80.192840821361443, 12.937533888691455 ], [ 80.190953625341209, 12.937571267768694 ], [ 80.190039083788108, 12.937667536333203 ], [ 80.189053136051413, 12.937771321118126 ], [ 80.187938252223645, 12.937853394959072 ], [ 80.188267599759627, 12.938205383952781 ], [ 80.188507093309326, 12.938598157973583 ], [ 80.188618530218633, 12.939478813731842 ], [ 80.188861407722001, 12.940007112715625 ], [ 80.18919193744091, 12.940774653309573 ], [ 80.189370557553687, 12.941149444044655 ], [ 80.189776985930948, 12.941560122599283 ], [ 80.19011115562337, 12.941916736858902 ], [ 80.19099474123179, 12.942291052234665 ], [ 80.19173544799763, 12.942349405694696 ], [ 80.192477285742399, 12.942348946060118 ], [ 80.193261639851244, 12.942443321713004 ], [ 80.193762925830939, 12.942583062785467 ], [ 80.194264100419531, 12.942799623033928 ], [ 80.19485157256419, 12.943309649612864 ], [ 80.195846945424861, 12.944253030565951 ], [ 80.196509338860878, 12.944704409739392 ], [ 80.197474739432096, 12.945056204334394 ], [ 80.198231833265353, 12.945548067025113 ], [ 80.198754887220971, 12.946216327688321 ], [ 80.199228509581488, 12.947300095303254 ], [ 80.19927328520852, 12.948144783865981 ], [ 80.199265083589978, 12.949030087043196 ], [ 80.198945100092516, 12.950325052279766 ], [ 80.199056658274401, 12.950391491415369 ], [ 80.199074055048172, 12.950401851681697 ], [ 80.199726357708599, 12.950916492158884 ], [ 80.200368163554884, 12.951643429389172 ], [ 80.200799256076579, 12.952158156598673 ], [ 80.201223265382268, 12.95255092789388 ], [ 80.201717143854125, 12.95264111061574 ], [ 80.202045767347983, 12.952821670313176 ], [ 80.202293227157611, 12.953110662207251 ], [ 80.202331316623983, 12.953684181922126 ], [ 80.20167550424577, 12.954610337615428 ], [ 80.201136147664329, 12.955319585253203 ], [ 80.200960873775983, 12.955712607194044 ], [ 80.200798476338932, 12.95624557028154 ], [ 80.200691024356217, 12.956773924768189 ], [ 80.200589951310334, 12.957410742731522 ], [ 80.200732107907413, 12.957713363410392 ], [ 80.200919259320443, 12.957997823606735 ], [ 80.200967639886713, 12.958273251579737 ], [ 80.200953226417994, 12.958499097090161 ], [ 80.200757963217939, 12.958864969358801 ], [ 80.200344999596965, 12.959212766856334 ], [ 80.199810309763464, 12.95952896420291 ], [ 80.198871634071921, 12.959714331164031 ], [ 80.19822443024907, 12.959759615578227 ], [ 80.197390270845915, 12.95975973113541 ], [ 80.196616099140812, 12.959683138594961 ], [ 80.196062977674273, 12.9597599491183 ], [ 80.195768576399473, 12.959927057884936 ], [ 80.195633132014223, 12.960211554071227 ], [ 80.195685986190568, 12.962771747743314 ], [ 80.195835628448933, 12.964148854651706 ], [ 80.19590143543337, 12.965589179757325 ], [ 80.195954600426816, 12.966419931917885 ], [ 80.19597675378003, 12.967192008902625 ], [ 80.195904869692697, 12.968193869154694 ], [ 80.1958802432775, 12.96853702361353 ], [ 80.195880262142111, 12.968537067383675 ], [ 80.195880238785918, 12.968537395659551 ], [ 80.195734180805587, 12.96853497692284 ], [ 80.195181150068876, 12.968571223830473 ], [ 80.195011917350826, 12.968605064252408 ], [ 80.194411610975706, 12.968725102863392 ], [ 80.192789505100862, 12.969077956902135 ], [ 80.192420894000406, 12.969290497913621 ], [ 80.191863368094062, 12.969616015081112 ], [ 80.191476302902757, 12.969837541591287 ], [ 80.191089210761973, 12.970040960316579 ], [ 80.19062843161511, 12.970099792244765 ], [ 80.189941677665246, 12.969910117309105 ], [ 80.189172067605142, 12.969752147398552 ], [ 80.186890696228105, 12.968826020025684 ], [ 80.186027462850802, 12.968209317400934 ], [ 80.186024274729846, 12.968207039600989 ], [ 80.185849303573747, 12.968361639315793 ], [ 80.185236348021107, 12.968903227785699 ], [ 80.18354986527973, 12.969875177565212 ], [ 80.182508441184353, 12.970390598035522 ], [ 80.181692906551959, 12.971177166210959 ], [ 80.181690633814299, 12.971182581392444 ], [ 80.181273701436425, 12.972176091865613 ], [ 80.180942391979855, 12.975149983358284 ], [ 80.180698653890445, 12.978241407390149 ], [ 80.180385344875546, 12.978697956130532 ], [ 80.180299749802018, 12.978782916571268 ], [ 80.179989134834642, 12.979091230892621 ], [ 80.179325546639333, 12.979484567183382 ], [ 80.178726491617368, 12.979665407654128 ], [ 80.178011540449063, 12.979845286845199 ], [ 80.177974946677622, 12.979842723783657 ], [ 80.176159512573875, 12.979715581716059 ], [ 80.173799867392887, 12.979449191102715 ], [ 80.172444931263328, 12.979557852631686 ], [ 80.171186835318025, 12.97973429172429 ], [ 80.169564589306006, 12.979901736343658 ], [ 80.169116601270431, 12.980114750428671 ], [ 80.169017019427926, 12.980162098733246 ], [ 80.168965554945302, 12.980186568585589 ], [ 80.168922775374824, 12.980252511298017 ], [ 80.168772033578591, 12.980484867044357 ], [ 80.168702892946129, 12.98071990817636 ], [ 80.168633813399097, 12.981081440128635 ], [ 80.168514134447065, 12.982193277358261 ], [ 80.168412856585263, 12.983255387082082 ], [ 80.167929218009363, 12.985357040571607 ], [ 80.167454703621786, 12.986622600578322 ], [ 80.166436365330838, 12.988285931073815 ], [ 80.165514760324669, 12.989406870997684 ], [ 80.164911016096966, 12.990116542863262 ], [ 80.16430742458283, 12.990961761816637 ], [ 80.1636668988358, 12.99196511760479 ], [ 80.163030946411865, 12.993018269580411 ], [ 80.162385873392864, 12.994098506256931 ], [ 80.16233323930372, 12.994218360119556 ], [ 80.160680897034737, 12.997980950878215 ], [ 80.16144622482588, 12.999969534772113 ], [ 80.16181960957374, 13.000801077932412 ], [ 80.16327082983041, 13.002120166002008 ], [ 80.164211061403989, 13.002976348119818 ], [ 80.165158944827155, 13.004228232275112 ], [ 80.165168516376525, 13.004240873019528 ], [ 80.16373856642916, 13.0060750914257 ], [ 80.163713850182432, 13.006081850261237 ], [ 80.161291243879802, 13.00674434216516 ], [ 80.160125235132611, 13.007386281942686 ], [ 80.160079644733614, 13.007450164934863 ], [ 80.159705888981549, 13.007973881962958 ], [ 80.159825815868629, 13.00861564438123 ], [ 80.160480416419517, 13.009352246420216 ], [ 80.1612871816981, 13.010495584368428 ], [ 80.161282646104226, 13.010992737172867 ], [ 80.160476221287126, 13.012253807734464 ], [ 80.159789582321636, 13.013189451635528 ], [ 80.159706923840773, 13.013270078314768 ], [ 80.158950818154324, 13.014007604786324 ], [ 80.158950818154324, 13.014009316759855 ], [ 80.15895086576505, 13.014360131044457 ], [ 80.158876747567561, 13.014454208914806 ], [ 80.15855914819889, 13.014857333865368 ], [ 80.158190484996169, 13.01542232718756 ], [ 80.158166821574937, 13.015411749947035 ], [ 80.157038106386764, 13.014907242619053 ], [ 80.156355872759391, 13.014392095713378 ], [ 80.155991711912904, 13.014134523609567 ], [ 80.155516954980186, 13.014080345270665 ], [ 80.155152864202265, 13.014387718634445 ], [ 80.155147291054249, 13.01440552540685 ], [ 80.154991603134064, 13.014902967952175 ], [ 80.154914553733803, 13.014957491830582 ], [ 80.154627504271303, 13.015160625906077 ], [ 80.154364806339487, 13.015418269588347 ], [ 80.153526017917684, 13.016240924589546 ], [ 80.152581180681608, 13.016801453699307 ], [ 80.151843720427209, 13.017009432420412 ], [ 80.150954138564288, 13.017108953222957 ], [ 80.150115244141261, 13.01705932061045 ], [ 80.149488356616871, 13.016797245582737 ], [ 80.149433024886946, 13.016593871284234 ], [ 80.148649410989876, 13.016182663742548 ], [ 80.148229982193826, 13.016336367110888 ], [ 80.147294236806786, 13.016077877155674 ], [ 80.147215917188745, 13.01605624222614 ], [ 80.146409353132796, 13.01669808875179 ], [ 80.144842224153322, 13.017001024946557 ], [ 80.144846480371129, 13.0170698513934 ], [ 80.145165297855371, 13.02222561805322 ], [ 80.14507674283297, 13.022288013735409 ], [ 80.144068326434393, 13.022998546389818 ], [ 80.144065756354365, 13.023025444227658 ], [ 80.144013057586548, 13.023577055371218 ], [ 80.144555415439328, 13.024325170912952 ] ] ] } }
]
}
