{
"type": "FeatureCollection",
"name": "cuddalore_boundary",
"crs": { "type": "name", "properties": { "name": "urn:ogc:def:crs:OGC:1.3:CRS84" } },
"features": [
{ "type": "Feature", "properties": { "dtname": "Cuddalore", "stname": "TAMIL NADU", "stcode11": "33", "dtcode11": "617", "year_stat": "2011_c", "objectid": 672, "test": -1, "dist_lgd": 570, "state_lgd": 33, "remarks": " ", "dist": "Cuddalore", "st_area(shape)": 3879880859.5071597, "st_length(shape)": 549156.24138350645 }, "geometry": { "type": "MultiPolygon", "coordinates": [ [ [ [ 79.812879001570622, 11.422687561024162 ], [ 79.812770733019349, 11.423108866810436 ], [ 79.812591255913759, 11.424165967154105 ], [ 79.812550487671245, 11.424406081563257 ], [ 79.812527507867969, 11.424853597743045 ], [ 79.812463244189146, 11.42524683656198 ], [ 79.812403569104816, 11.4256219794116 ], [ 79.812302632602865, 11.426327076686386 ], [ 79.812183346214624, 11.426896597607604 ], [ 79.812018224187284, 11.427601702278096 ], [ 79.811875994826678, 11.428189300050454 ], [ 79.81171545959721, 11.42887630893053 ], [ 79.811536596939305, 11.429545191915315 ], [ 79.811511457586064, 11.429658077391418 ], [ 79.811371509047959, 11.430286510189354 ], [ 79.811169717790719, 11.431027690927685 ], [ 79.810967941804876, 11.431755452759599 ], [ 79.810706469175116, 11.432736233366438 ], [ 79.810541427996185, 11.433305705307685 ], [ 79.810362595880974, 11.433811929803388 ], [ 79.810142450245891, 11.434480856607577 ], [ 79.809959110384625, 11.435009685428858 ], [ 79.809835279419332, 11.435420961810774 ], [ 79.809697716806596, 11.435791598975262 ], [ 79.809440933382632, 11.436474081367471 ], [ 79.809275857169411, 11.437061664261677 ], [ 79.809032802697899, 11.437848110111773 ], [ 79.808753062826881, 11.43855317343999 ], [ 79.808450464425107, 11.439475189956655 ], [ 79.808088162192902, 11.440645819115556 ], [ 79.807845168806864, 11.441314728017051 ], [ 79.807707494803083, 11.441951987121206 ], [ 79.807542431166254, 11.44252147486892 ], [ 79.807322216360845, 11.44328535613985 ], [ 79.807102131811206, 11.443954301066052 ], [ 79.806836222402254, 11.444614179256419 ], [ 79.806657730748583, 11.444982855063811 ], [ 79.806597754728628, 11.445106737401984 ], [ 79.806336415049543, 11.445888672368687 ], [ 79.805955829406386, 11.446792586768879 ], [ 79.805735782585955, 11.447362095592005 ], [ 79.805533985938837, 11.448003871841999 ], [ 79.80539185090133, 11.448234357771017 ], [ 79.805288364980598, 11.448420731600169 ], [ 79.805153463177746, 11.448663686882201 ], [ 79.804791335218724, 11.44929191197699 ], [ 79.80457116982069, 11.449938258602565 ], [ 79.804268485180671, 11.450819591001467 ], [ 79.804112553816992, 11.451307677189011 ], [ 79.803787037595711, 11.451994684562486 ], [ 79.803525694323369, 11.452505415130622 ], [ 79.803365244433834, 11.452894052290716 ], [ 79.803186353029858, 11.453404806767082 ], [ 79.80306251128475, 11.453797999773448 ], [ 79.802902083853112, 11.454105298910944 ], [ 79.80274617584567, 11.454380986104876 ], [ 79.802461992907226, 11.45489168683109 ], [ 79.802223544996508, 11.4552848997805 ], [ 79.801925544172391, 11.455813687087042 ], [ 79.801682592108847, 11.456224910344472 ], [ 79.801503804011091, 11.456532273756043 ], [ 79.801370239799724, 11.456700590939469 ], [ 79.801224133310342, 11.456884714129096 ], [ 79.800981225264238, 11.457201086108888 ], [ 79.800802405725491, 11.45765302471321 ], [ 79.800623579898485, 11.45804623382206 ], [ 79.800421800319356, 11.458398785880648 ], [ 79.800123818359836, 11.458904964608831 ], [ 79.799798293155419, 11.459510551920594 ], [ 79.799559840753105, 11.460021230174153 ], [ 79.799417659901536, 11.460391884416973 ], [ 79.799238940075725, 11.460708257753716 ], [ 79.798821695084158, 11.461268585890627 ], [ 79.798340286126773, 11.462113745211948 ], [ 79.798120240204668, 11.462583735567769 ], [ 79.797675585817117, 11.4632073516731 ], [ 79.797134651794067, 11.463907847697365 ], [ 79.797675432205224, 11.463745310194115 ], [ 79.796364324878382, 11.465458013875274 ], [ 79.796350589637655, 11.465421871257128 ], [ 79.796341406160522, 11.465394743821443 ], [ 79.796254375579167, 11.465209412118629 ], [ 79.79609405414871, 11.464996860379285 ], [ 79.795961239132282, 11.464648776616487 ], [ 79.795892579996789, 11.464576433062685 ], [ 79.795906338593682, 11.464535826744243 ], [ 79.795805491923247, 11.464553877421363 ], [ 79.795736723193315, 11.464739162893517 ], [ 79.795631240317704, 11.464987721924844 ], [ 79.795544031869923, 11.465290537397435 ], [ 79.795273564409229, 11.465819278691148 ], [ 79.795122250386129, 11.466117586570833 ], [ 79.795012224730144, 11.466226065206753 ], [ 79.794883880628873, 11.466248577575598 ], [ 79.79481520442539, 11.466248568771746 ], [ 79.794764722699711, 11.466234982644053 ], [ 79.794741855185848, 11.466198826919527 ], [ 79.794741884830245, 11.466117483565569 ], [ 79.794819862190153, 11.465882487022728 ], [ 79.79492541872763, 11.465403319693952 ], [ 79.795076845040114, 11.464784145607648 ], [ 79.795182323424129, 11.46429597263919 ], [ 79.79544381042696, 11.463541209146591 ], [ 79.795723531433381, 11.462989875248484 ], [ 79.795961941614806, 11.462519823059917 ], [ 79.796273748646556, 11.461882600611798 ], [ 79.796548830752883, 11.461313155368329 ], [ 79.797195216210511, 11.460377622737061 ], [ 79.797777475431573, 11.459573243983838 ], [ 79.798015790391631, 11.459220747095037 ], [ 79.798139718374969, 11.458782330572687 ], [ 79.798066433814085, 11.458565317360428 ], [ 79.797878587105046, 11.458443261606972 ], [ 79.797470769932332, 11.458434119418916 ], [ 79.797053697417269, 11.458569537168527 ], [ 79.796627460289685, 11.45884969777323 ], [ 79.79633408938254, 11.459193104024941 ], [ 79.796072706584312, 11.459762564985489 ], [ 79.795962652182212, 11.460078943428741 ], [ 79.795751725058551, 11.460431477104599 ], [ 79.795462994848165, 11.46072066264513 ], [ 79.795243015401368, 11.460896899204046 ], [ 79.794830437157685, 11.461317149752452 ], [ 79.794284978320519, 11.461863947570214 ], [ 79.793844937680305, 11.462324872874024 ], [ 79.793436879759099, 11.462953033279424 ], [ 79.793024241328283, 11.463526958190338 ], [ 79.792602549676047, 11.464046640894102 ], [ 79.792217385319887, 11.46456628830666 ], [ 79.792052382768489, 11.464855563817308 ], [ 79.791942229551736, 11.465348232848358 ], [ 79.791680785668063, 11.465999040662824 ], [ 79.791570662994005, 11.466410367951504 ], [ 79.79144227667193, 11.466880401341438 ], [ 79.791410037034709, 11.467241939898212 ], [ 79.791336591675375, 11.46767584366072 ], [ 79.791286042576019, 11.468245444231806 ], [ 79.791212514571697, 11.46879231227549 ], [ 79.791148143095086, 11.46938441567068 ], [ 79.791088445552873, 11.469904190601534 ], [ 79.791024087550994, 11.470365226918586 ], [ 79.790895755127806, 11.470677081576728 ], [ 79.790749026105942, 11.470894052911564 ], [ 79.790409744101225, 11.471373058620303 ], [ 79.790295075053507, 11.471526658617345 ], [ 79.790056725059159, 11.471874654669973 ], [ 79.789676225654262, 11.472249733935408 ], [ 79.789460786292935, 11.472425884948446 ], [ 79.789025275856673, 11.472877812402595 ], [ 79.788438552008643, 11.473370317776295 ], [ 79.787906811344186, 11.473858312191339 ], [ 79.787521726938095, 11.47423788482882 ], [ 79.786957886773592, 11.474807264396837 ], [ 79.78637109824686, 11.475448854190478 ], [ 79.785908091278074, 11.476068020737838 ], [ 79.785431262830301, 11.476587623138332 ], [ 79.785137767955646, 11.477084713079121 ], [ 79.784748004225207, 11.477875603407041 ], [ 79.784564616753215, 11.478219086003984 ], [ 79.78423891368233, 11.478982869911366 ], [ 79.783982123071851, 11.479597578560206 ], [ 79.783734508751976, 11.4800675354119 ], [ 79.783500570384035, 11.480609852072751 ], [ 79.783312532333795, 11.481003058268495 ], [ 79.783092404665013, 11.481473057676135 ], [ 79.782899748375911, 11.481897878244725 ], [ 79.782771337799318, 11.482182623388006 ], [ 79.782482489011272, 11.482616483935031 ], [ 79.781959797076681, 11.483294298424125 ], [ 79.781611412443183, 11.483773290127024 ], [ 79.781409620287661, 11.484021887858487 ], [ 79.781088646846754, 11.48449182325365 ], [ 79.780781496681428, 11.484826199597105 ], [ 79.780336800971384, 11.485269007246073 ], [ 79.779919706896791, 11.485585284038745 ], [ 79.779548373002712, 11.485842804033251 ], [ 79.778938667554769, 11.486258414229523 ], [ 79.778191476749214, 11.486967852579108 ], [ 79.777760527957952, 11.487315724828417 ], [ 79.777480813239734, 11.487677256571731 ], [ 79.777260715215348, 11.4881110444018 ], [ 79.777068092163901, 11.488553973657607 ], [ 79.776957894031369, 11.488974332682266 ], [ 79.776875160092033, 11.489693018053496 ], [ 79.776819828362108, 11.490691925666759 ], [ 79.776870009152205, 11.491175603010586 ], [ 79.776773403428209, 11.492111207854553 ], [ 79.776686264150698, 11.492278455379349 ], [ 79.7762900523132, 11.492790961714038 ], [ 79.776172755693267, 11.492942682924861 ], [ 79.775815024987565, 11.493579861645495 ], [ 79.775677426442257, 11.493882706292258 ], [ 79.775622391156389, 11.494022798152269 ], [ 79.775640716788175, 11.494099673862081 ], [ 79.775672754304452, 11.494226211644964 ], [ 79.77575057356087, 11.494452281238722 ], [ 79.77592000301, 11.494795793819733 ], [ 79.77608490944165, 11.495112272954485 ], [ 79.776245151820348, 11.495487484171452 ], [ 79.776460417806831, 11.495898908432023 ], [ 79.77672603705993, 11.496409783161296 ], [ 79.776922930702213, 11.496830279236946 ], [ 79.777064930094127, 11.497024648357304 ], [ 79.777193090939065, 11.497359178848022 ], [ 79.777325956261166, 11.497666599574027 ], [ 79.777454067698784, 11.498032752751865 ], [ 79.777618874417456, 11.498697257225029 ], [ 79.777719553102912, 11.499081566686007 ], [ 79.777820274907498, 11.499384433587378 ], [ 79.777810919852129, 11.49974604843818 ], [ 79.777874890680167, 11.500405981975987 ], [ 79.777929844219344, 11.500541567081195 ], [ 79.778310740679586, 11.500843320620417 ], [ 79.779229934607542, 11.501494853747516 ], [ 79.7789557310536, 11.503000181801907 ], [ 79.778754627007586, 11.504067025382795 ], [ 79.778699984285481, 11.504749583966515 ], [ 79.778769018018423, 11.50530552100097 ], [ 79.778746393049673, 11.505866021981435 ], [ 79.778641271296806, 11.506426566739055 ], [ 79.778444408197231, 11.506837994382783 ], [ 79.77799544728623, 11.507204346015632 ], [ 79.777207413677957, 11.507733589686023 ], [ 79.776268220556844, 11.508434669626045 ], [ 79.775599333199651, 11.508941250620758 ], [ 79.774806806218351, 11.509664854059251 ], [ 79.774092217071058, 11.510442657834979 ], [ 79.773002012659134, 11.511650050991193 ], [ 79.772287389375876, 11.51237813141894 ], [ 79.771618545137812, 11.513006743665489 ], [ 79.771023032173034, 11.513639841083801 ], [ 79.770702236598567, 11.513707796381858 ], [ 79.770605903962434, 11.513536077648938 ], [ 79.770610296724172, 11.513147347991978 ], [ 79.77090337567887, 11.512636439379584 ], [ 79.771256037191449, 11.512130020841127 ], [ 79.771622468080665, 11.511668796686076 ], [ 79.771998005191932, 11.511085524720061 ], [ 79.772666821582192, 11.510411710050073 ], [ 79.773454734816241, 11.509611273168678 ], [ 79.775209369144932, 11.508163987573166 ], [ 79.776175989628314, 11.507318254123764 ], [ 79.776744015942029, 11.506757481394098 ], [ 79.777211186602159, 11.506151557146852 ], [ 79.777536278818658, 11.505545703776793 ], [ 79.777636882045627, 11.505107205204961 ], [ 79.777714520740702, 11.504573795573796 ], [ 79.777842359988767, 11.503624513117195 ], [ 79.77806647078755, 11.502729423220838 ], [ 79.778244586047137, 11.501517951326019 ], [ 79.777475296685594, 11.501171382696461 ], [ 79.775944850410752, 11.5010317213266 ], [ 79.774636958154318, 11.500947293839985 ], [ 79.774449771706969, 11.501452029164707 ], [ 79.774647100133876, 11.50196270280159 ], [ 79.774867308651039, 11.502401043420626 ], [ 79.774890481592124, 11.502911801602938 ], [ 79.774863141366424, 11.503223701249592 ], [ 79.774592885009852, 11.503517640395485 ], [ 79.774395885366346, 11.503662378809342 ], [ 79.774272152317451, 11.503685039596176 ], [ 79.774198724924418, 11.503490711163877 ], [ 79.77417553940694, 11.502952832849466 ], [ 79.774028638806826, 11.502469254071196 ], [ 79.773812904798078, 11.501813946816133 ], [ 79.773418564151314, 11.501420891131742 ], [ 79.773286845977822, 11.501150991943598 ], [ 79.772730375591905, 11.50106775286806 ], [ 79.772630278116438, 11.50142127229163 ], [ 79.772603054671762, 11.501977256391143 ], [ 79.772525395315455, 11.502488063757273 ], [ 79.772374428940381, 11.50304410736929 ], [ 79.772053925318346, 11.503677074034478 ], [ 79.771852556269337, 11.504260261884935 ], [ 79.771600868089649, 11.505037837644318 ], [ 79.771378853060455, 11.505580353606538 ], [ 79.771350648655485, 11.505649272979266 ], [ 79.771156837132907, 11.50612287204412 ], [ 79.770731009637089, 11.506950251272201 ], [ 79.770213444387835, 11.507628509848443 ], [ 79.768853015958655, 11.509229264097829 ], [ 79.768330869301423, 11.509930122009409 ], [ 79.767932489829121, 11.510680644409042 ], [ 79.767534228934409, 11.511679768057654 ], [ 79.767209383754647, 11.512864181612482 ], [ 79.767159305372502, 11.513569339238217 ], [ 79.767255659568193, 11.513790779090591 ], [ 79.767379454600871, 11.513890163247982 ], [ 79.767503191243037, 11.513862984141173 ], [ 79.767700201666301, 11.51371825009371 ], [ 79.768171880072543, 11.512890853797003 ], [ 79.769311949067628, 11.510494672605107 ], [ 79.770182071624859, 11.509083993352933 ], [ 79.77077741301143, 11.508116412383306 ], [ 79.771322444250472, 11.507370337251315 ], [ 79.771445999432984, 11.506981549781058 ], [ 79.77162450096813, 11.506493294934881 ], [ 79.771894607306095, 11.505887473989889 ], [ 79.772242794310202, 11.505620621275384 ], [ 79.772810933811641, 11.505281341007471 ], [ 79.773053697228988, 11.504991937071711 ], [ 79.773553040152692, 11.504557766790807 ], [ 79.773814290000274, 11.504580240008718 ], [ 79.774011401933151, 11.504656986078357 ], [ 79.77418114758926, 11.504995909710916 ], [ 79.774181354201787, 11.505407237335207 ], [ 79.77405340535924, 11.506162154622118 ], [ 79.773806156653691, 11.506645924234993 ], [ 79.773590922108227, 11.506994075873614 ], [ 79.773151106046825, 11.507328775852923 ], [ 79.772454696105967, 11.50779468128667 ], [ 79.771964412691887, 11.508029962432147 ], [ 79.771520050256782, 11.508446023154345 ], [ 79.771171938711177, 11.508875597794999 ], [ 79.770874271161972, 11.509363910125591 ], [ 79.770526148836552, 11.509775403894997 ], [ 79.770379690207577, 11.510191321196496 ], [ 79.770178251089945, 11.510647945836988 ], [ 79.769830375801234, 11.511570208365741 ], [ 79.769482476258005, 11.51244726918738 ], [ 79.769207784918848, 11.513075691147488 ], [ 79.768910166777019, 11.513681523022889 ], [ 79.768488974588067, 11.514653539724669 ], [ 79.768186782224774, 11.515286492598859 ], [ 79.768136517891392, 11.51560292228956 ], [ 79.768013127100573, 11.516348794261189 ], [ 79.767711002110971, 11.517126390305654 ], [ 79.767440934400597, 11.517854249703651 ], [ 79.767056262321205, 11.518541481392512 ], [ 79.766511396372152, 11.519703395801066 ], [ 79.766081078198226, 11.520797453944125 ], [ 79.765788072905366, 11.521498202047551 ], [ 79.765440102395218, 11.522275817297274 ], [ 79.765263698426267, 11.52278719867159 ], [ 79.765242828765551, 11.522847696381461 ], [ 79.7650876600716, 11.523297517584073 ], [ 79.764886376362526, 11.524120264815783 ], [ 79.764588838170738, 11.52494305628943 ], [ 79.764286797622759, 11.525942131897022 ], [ 79.763764857578067, 11.527176351130628 ], [ 79.763462794572206, 11.52813926574027 ], [ 79.763215501849231, 11.528604945689777 ], [ 79.762895082668834, 11.529527188036372 ], [ 79.76259300618824, 11.530467501094327 ], [ 79.762341281177655, 11.531272187968733 ], [ 79.762330011812409, 11.531319128148613 ], [ 79.762043920852278, 11.532510823407856 ], [ 79.76149473670165, 11.534355262696019 ], [ 79.760917966186994, 11.536027948791837 ], [ 79.760368591593519, 11.537483658421195 ], [ 79.75997028668138, 11.538527971926225 ], [ 79.759768934700332, 11.5392557925963 ], [ 79.759595040624276, 11.539888681241656 ], [ 79.759544953258967, 11.540625475954929 ], [ 79.759490309638537, 11.541425555162874 ], [ 79.759311882663553, 11.542175966150779 ], [ 79.759149176206023, 11.542818970783191 ], [ 79.759130318771597, 11.542893491080667 ], [ 79.759115132751688, 11.542953505658849 ], [ 79.75891376280434, 11.543654206396258 ], [ 79.758666601235376, 11.544458888031427 ], [ 79.758511156758644, 11.54535845166969 ], [ 79.758360326927487, 11.54633033410653 ], [ 79.758232424797313, 11.547324806193334 ], [ 79.758104456191859, 11.548170117324235 ], [ 79.758100232313382, 11.548974691828867 ], [ 79.758050144948072, 11.549725047414348 ], [ 79.758022782264518, 11.550041464702604 ], [ 79.757894695081418, 11.550624610001998 ], [ 79.757890472101266, 11.551433704801489 ], [ 79.757844979618653, 11.552211178156412 ], [ 79.757766401285821, 11.552777558013911 ], [ 79.757742374046927, 11.552950741024844 ], [ 79.757717041555892, 11.553133328836534 ], [ 79.757410547160745, 11.554543725219817 ], [ 79.757209231112284, 11.555393586743037 ], [ 79.757035376562101, 11.556148514015247 ], [ 79.756980767975975, 11.557048033104358 ], [ 79.757031502128285, 11.557748622927315 ], [ 79.757027198299753, 11.558381434629315 ], [ 79.756995423091524, 11.559086580016197 ], [ 79.756995735705246, 11.559791711306813 ], [ 79.757014567088532, 11.560908161959807 ], [ 79.757056424987525, 11.562264165967006 ], [ 79.757176064413684, 11.5632856511069 ], [ 79.757171738127298, 11.563868741560212 ], [ 79.757121680406414, 11.564691417330025 ], [ 79.757071547227028, 11.565351368987121 ], [ 79.757039889698078, 11.566323197926677 ], [ 79.757023667920706, 11.566610698409132 ], [ 79.757012599778093, 11.566806857707251 ], [ 79.757031379059086, 11.567805785953677 ], [ 79.757077629719802, 11.568727859773302 ], [ 79.757050458377407, 11.569478202933857 ], [ 79.756995945911029, 11.570599203595403 ], [ 79.756968957824938, 11.571765395062803 ], [ 79.756891425131087, 11.572664922067755 ], [ 79.756910214293583, 11.573681929399902 ], [ 79.75687872924118, 11.575047004646281 ], [ 79.756948184283985, 11.576601877922441 ], [ 79.757017324916461, 11.577451620566805 ], [ 79.756986463294879, 11.57893965864025 ], [ 79.756981419254572, 11.579182822421254 ], [ 79.756996390577086, 11.581926496610675 ], [ 79.757047004355158, 11.582342321888905 ], [ 79.757088478673495, 11.582825951335129 ], [ 79.757208127082819, 11.583847433570746 ], [ 79.757304637585349, 11.584380760236391 ], [ 79.757304942114246, 11.585063289739027 ], [ 79.757323689954234, 11.585985375308576 ], [ 79.757292108782096, 11.58712896561066 ], [ 79.757187249337321, 11.588439830333799 ], [ 79.757160289997316, 11.589669300361297 ], [ 79.757252175972766, 11.59010770632389 ], [ 79.757371838755148, 11.591151789262405 ], [ 79.75741797622814, 11.591807179075481 ], [ 79.757340731893493, 11.593362113999733 ], [ 79.757336518794816, 11.594193807340735 ], [ 79.757355334906748, 11.595265054140885 ], [ 79.757401494837637, 11.595970163742534 ], [ 79.757470643554939, 11.596819905573593 ], [ 79.757640732367463, 11.597841365681148 ], [ 79.757806202042772, 11.598785987372638 ], [ 79.757829440560869, 11.599491106561356 ], [ 79.757855721672811, 11.600328457428548 ], [ 79.757855722571136, 11.600328521666096 ], [ 79.757857492252256, 11.600384893186884 ], [ 79.757894555842569, 11.601565785976824 ], [ 79.758083316138269, 11.603319487615746 ], [ 79.758203021141455, 11.604435890287389 ], [ 79.758396105028609, 11.605601981018937 ], [ 79.758607595395972, 11.606912706215292 ], [ 79.75867685999593, 11.608006529272039 ], [ 79.75879221984809, 11.609642739977598 ], [ 79.758865775700187, 11.610081153287499 ], [ 79.758962385915737, 11.610808840619717 ], [ 79.759150850665719, 11.611880011318876 ], [ 79.759343744110026, 11.612607655239879 ], [ 79.759513819447832, 11.613561312156861 ], [ 79.759610730599007, 11.614944406832953 ], [ 79.759753401930752, 11.616137656244325 ], [ 79.759758598684655, 11.616175555125647 ], [ 79.759873012610811, 11.617009955709884 ], [ 79.760153938258043, 11.619730904127975 ], [ 79.760296540419517, 11.62075237272008 ], [ 79.760439387821066, 11.622307208777617 ], [ 79.760651248294295, 11.624372777865574 ], [ 79.760936159766445, 11.625760307176309 ], [ 79.761253115941386, 11.627025780272078 ], [ 79.761473796972382, 11.628313897438398 ], [ 79.761685340340321, 11.629669816125208 ], [ 79.762121969179134, 11.631907045435316 ], [ 79.762438901997896, 11.633095675047949 ], [ 79.762507977053346, 11.633732971359466 ], [ 79.76262743142658, 11.634243681762046 ], [ 79.762769945553131, 11.635043666288961 ], [ 79.763036392154618, 11.636114796586005 ], [ 79.763206569900348, 11.637231171681615 ], [ 79.763473180893541, 11.638645824999701 ], [ 79.763707625012984, 11.639906811265632 ], [ 79.763974181208965, 11.641194903123198 ], [ 79.764162993606959, 11.642916954106322 ], [ 79.764209317031202, 11.643911342708362 ], [ 79.764351937158949, 11.644910207825891 ], [ 79.764646013243635, 11.646198286184102 ], [ 79.765031791149141, 11.647463719991151 ], [ 79.765247841364854, 11.648584592005916 ], [ 79.765441022270082, 11.649822994224609 ], [ 79.765776437027483, 11.651233092068944 ], [ 79.76596951821972, 11.652254532116334 ], [ 79.76630970033635, 11.654030749653145 ], [ 79.766714421016232, 11.656503025414898 ], [ 79.766930427214533, 11.657501852308954 ], [ 79.767192454104787, 11.65883966177098 ], [ 79.767509428246044, 11.660005682954152 ], [ 79.768042466976084, 11.6622699709419 ], [ 79.768332004771963, 11.663580645667608 ], [ 79.768695002300163, 11.66506304638682 ], [ 79.769035100873481, 11.666599697317746 ], [ 79.769164451986171, 11.667128295205274 ], [ 79.769165087095075, 11.667130888723579 ], [ 79.769421080899903, 11.668177006271765 ], [ 79.769637294608998, 11.669560034331241 ], [ 79.769756945713297, 11.670409744166008 ], [ 79.770069551347305, 11.671964486365489 ], [ 79.770189253655573, 11.672913636063919 ], [ 79.77040517631049, 11.67369549931686 ], [ 79.770602731112845, 11.674423129288511 ], [ 79.770795700913979, 11.675150760869791 ], [ 79.770988695867928, 11.675928113611313 ], [ 79.771181694415162, 11.676709986838576 ], [ 79.771347262006856, 11.677659114135189 ], [ 79.77146687358524, 11.678413901200191 ], [ 79.771637113314753, 11.679530267251575 ], [ 79.771779631932887, 11.680235323414294 ], [ 79.771972696955416, 11.681188918125912 ], [ 79.77198758293801, 11.68124078585676 ], [ 79.772464287418231, 11.682901807855298 ], [ 79.772629827162163, 11.683778612979934 ], [ 79.772749433350668, 11.684510799719948 ], [ 79.772993048370878, 11.685604527730757 ], [ 79.773259521023519, 11.686553602571854 ], [ 79.773401972268005, 11.687109497079163 ], [ 79.773645372590863, 11.687773821920361 ], [ 79.773893342643589, 11.688401983849324 ], [ 79.774058765606512, 11.68903470640339 ], [ 79.774251754272285, 11.689762334805769 ], [ 79.774495220172156, 11.690544178672557 ], [ 79.774711309015416, 11.691637874940563 ], [ 79.774716288377064, 11.691653168131634 ], [ 79.775051243197055, 11.69268187674318 ], [ 79.775464890435913, 11.694408320583969 ], [ 79.77585553271868, 11.695985614654404 ], [ 79.77619090974683, 11.69710641374199 ], [ 79.776581347213721, 11.69827238304384 ], [ 79.776632023873859, 11.698710799882695 ], [ 79.776706893062908, 11.698980807188454 ], [ 79.776990428316012, 11.700003346843109 ], [ 79.777311661370049, 11.700369305966886 ], [ 79.777605513774219, 11.700997441072728 ], [ 79.77794549197327, 11.702122754424419 ], [ 79.778234968683677, 11.70314413189568 ], [ 79.778492235401288, 11.703962125397352 ], [ 79.778546337337573, 11.704138988039832 ], [ 79.779103280237308, 11.705959663103132 ], [ 79.779461770019424, 11.707374247384111 ], [ 79.779829431600604, 11.708779783663932 ], [ 79.780192527045187, 11.710216963226085 ], [ 79.780532510634131, 11.711310631861039 ], [ 79.78096891758905, 11.712598611924957 ], [ 79.781189699231376, 11.713769182224349 ], [ 79.781622176955239, 11.716264007372292 ], [ 79.781718730576927, 11.716702400081523 ], [ 79.781930358386504, 11.717895574391287 ], [ 79.782077786297691, 11.719111382435777 ], [ 79.782316671687923, 11.719816379082507 ], [ 79.782734626348599, 11.72086480436213 ], [ 79.783024073414609, 11.721764134868812 ], [ 79.783318203398181, 11.722835223001777 ], [ 79.783483788057879, 11.723684898580292 ], [ 79.783534453938202, 11.72407359324769 ], [ 79.783874307271432, 11.724873456636093 ], [ 79.784067470210346, 11.725822557674656 ], [ 79.784187135687674, 11.726572817259889 ], [ 79.784256326625794, 11.727282422241482 ], [ 79.784256567374285, 11.727720864305073 ], [ 79.784279728637287, 11.728136692153267 ], [ 79.784325861618683, 11.728620309688951 ], [ 79.784472852948625, 11.729008953428698 ], [ 79.784619871228017, 11.729447316227983 ], [ 79.78483577142508, 11.730030283403503 ], [ 79.785106702416485, 11.730590619318091 ], [ 79.785423609184093, 11.731345291842006 ], [ 79.785589927767361, 11.731657874424551 ], [ 79.786084801572542, 11.732587940722004 ], [ 79.786571604913235, 11.733658920005867 ], [ 79.786571982205658, 11.734336923311083 ], [ 79.786296972862871, 11.73470319228891 ], [ 79.788126349718155, 11.741448315949286 ], [ 79.788140214316272, 11.741631369258053 ], [ 79.787934600727525, 11.743055283593549 ], [ 79.787907542572853, 11.743882460569344 ], [ 79.787949333098155, 11.744781920089402 ], [ 79.788050478907579, 11.74519318659717 ], [ 79.788638421769477, 11.74660762700095 ], [ 79.788780979015158, 11.747240349933453 ], [ 79.788776682373182, 11.747751113994903 ], [ 79.788799905619868, 11.748261862158008 ], [ 79.788846202094689, 11.749012158320015 ], [ 79.789062226259261, 11.749771400392731 ], [ 79.789333432135123, 11.750765653144134 ], [ 79.789534927846617, 11.751408307368616 ], [ 79.789765032204954, 11.753835381810037 ], [ 79.789767272603285, 11.753859023091119 ], [ 79.789848907903036, 11.754720064411302 ], [ 79.790073330417215, 11.75578234237579 ], [ 79.790682693607025, 11.758024466224857 ], [ 79.790906988560408, 11.759489023670854 ], [ 79.791351407589346, 11.761166092151532 ], [ 79.791484228894021, 11.761817016227244 ], [ 79.791754431351691, 11.76320022730399 ], [ 79.792088895691549, 11.764470457029839 ], [ 79.792524202210231, 11.766002879130566 ], [ 79.792927516128387, 11.767178209117034 ], [ 79.793349193407607, 11.768321905276236 ], [ 79.793725090743308, 11.769176303858023 ], [ 79.794315555176183, 11.773339418569929 ], [ 79.79472751268402, 11.776259475285192 ], [ 79.794718329206844, 11.776286592695921 ], [ 79.794754972385618, 11.776467403213667 ], [ 79.794846471187171, 11.777271994284753 ], [ 79.795002141141083, 11.778252883650163 ], [ 79.795006906703662, 11.778291316997478 ], [ 79.795148567430715, 11.779433609132862 ], [ 79.795226366924197, 11.780060957344988 ], [ 79.795464317168253, 11.782004635057527 ], [ 79.795715899346689, 11.784377717212864 ], [ 79.795807376588726, 11.785263667235668 ], [ 79.795864390863173, 11.785720614041095 ], [ 79.792448949440583, 11.785972272360395 ], [ 79.787998615572988, 11.786630763632807 ], [ 79.78509758182139, 11.787207275592879 ], [ 79.784433689995495, 11.787339206063244 ], [ 79.783993644863685, 11.786272334799673 ], [ 79.783081156859325, 11.784947655263204 ], [ 79.782484921649058, 11.784481886977735 ], [ 79.781241719771174, 11.784300650837487 ], [ 79.78049763533987, 11.78115872642919 ], [ 79.780485918613593, 11.78110925535414 ], [ 79.778673789411769, 11.781131205858397 ], [ 79.777132132162222, 11.781677563641408 ], [ 79.774993979190938, 11.78245873103387 ], [ 79.774783162560055, 11.781902691846755 ], [ 79.773805878175949, 11.782191603688329 ], [ 79.772828648589055, 11.782331351690774 ], [ 79.771938700213497, 11.782181850389298 ], [ 79.7713743596874, 11.78232627234482 ], [ 79.771236599445317, 11.78241395172733 ], [ 79.770842053982634, 11.782665065218477 ], [ 79.770874015142127, 11.783044757034258 ], [ 79.770548265358855, 11.783103390080207 ], [ 79.770385337915755, 11.783263785583031 ], [ 79.770222409574359, 11.783424182750977 ], [ 79.770157968927478, 11.783952998439467 ], [ 79.770141932203032, 11.78424206201622 ], [ 79.770139042322739, 11.784294154843751 ], [ 79.770125620594101, 11.784536068289869 ], [ 79.770418890889957, 11.785385944824339 ], [ 79.770620515958854, 11.785969103966881 ], [ 79.770620329109249, 11.786434664835454 ], [ 79.770376893752115, 11.787139691408736 ], [ 79.770528137706592, 11.787519430679511 ], [ 79.770706929397591, 11.787844941290517 ], [ 79.771092182686985, 11.788138891823724 ], [ 79.770664968192349, 11.789512806571921 ], [ 79.769366878352315, 11.788888536630829 ], [ 79.76886212577395, 11.789123376802804 ], [ 79.768820179840048, 11.790727963402675 ], [ 79.765911047776186, 11.791825154314807 ], [ 79.765644635310679, 11.791547307027201 ], [ 79.765434123208706, 11.79132775922948 ], [ 79.764842294234896, 11.79132751740566 ], [ 79.764700173570432, 11.791087897159201 ], [ 79.763571599417745, 11.791024150579464 ], [ 79.763154306815451, 11.790558416345227 ], [ 79.761998079823329, 11.790788452018514 ], [ 79.761636271664571, 11.789341898385194 ], [ 79.761017244398914, 11.788604874627303 ], [ 79.761077086569898, 11.788139340302214 ], [ 79.760962919680409, 11.786936970413912 ], [ 79.759985690991869, 11.787022434062864 ], [ 79.759339324398852, 11.785883115002138 ], [ 79.758362557444343, 11.784942531117256 ], [ 79.758399770154966, 11.783798985904228 ], [ 79.758129227235784, 11.783505069418121 ], [ 79.757597082329468, 11.783446076789625 ], [ 79.757500969780622, 11.78293527435225 ], [ 79.757476224787766, 11.782770800941316 ], [ 79.757465669583212, 11.782700648734794 ], [ 79.757465649820276, 11.782700515067976 ], [ 79.75726769706425, 11.781384810078583 ], [ 79.756740886354081, 11.779685055122073 ], [ 79.756718529083301, 11.77840136258787 ], [ 79.756285094653663, 11.776664106243269 ], [ 79.756280064986385, 11.776643945853492 ], [ 79.755958372893232, 11.775354544050765 ], [ 79.755100554560428, 11.775232122170875 ], [ 79.754178348581348, 11.77546674976899 ], [ 79.752664349561059, 11.775692068618488 ], [ 79.751242264364024, 11.775569381307212 ], [ 79.749783173068835, 11.776088509604788 ], [ 79.749717311287128, 11.776128711744285 ], [ 79.748683180613554, 11.776759946561521 ], [ 79.746119282791454, 11.777994905911003 ], [ 79.745236836246832, 11.77846062099924 ], [ 79.745166508939874, 11.778497736096256 ], [ 79.743702077160322, 11.779270581993817 ], [ 79.742115099006341, 11.78011189016372 ], [ 79.741915178939877, 11.780205065592122 ], [ 79.741028036901255, 11.780618530404876 ], [ 79.740271191901343, 11.780894543785188 ], [ 79.739739030825362, 11.780989700219314 ], [ 79.738729812231185, 11.780985494964606 ], [ 79.736812033965421, 11.780751164916694 ], [ 79.735587063396224, 11.780611533949118 ], [ 79.73403188470499, 11.780643701287527 ], [ 79.731903276333611, 11.780761971779514 ], [ 79.731164661744074, 11.780879791092122 ], [ 79.730605028390073, 11.781024641996243 ], [ 79.729829862249929, 11.781436199055813 ], [ 79.729210624778517, 11.78168049289026 ], [ 79.728187702384716, 11.781938527846608 ], [ 79.72617851514886, 11.782517775758325 ], [ 79.725320783952682, 11.782965495337091 ], [ 79.724701517735141, 11.783399605707833 ], [ 79.724210854333705, 11.783924056186216 ], [ 79.72351380119909, 11.784755989979212 ], [ 79.722459061376227, 11.786112362275102 ], [ 79.721862931268845, 11.786862875280901 ], [ 79.71988042489528, 11.784946981658299 ], [ 79.718981381077455, 11.785661438098632 ], [ 79.717142365299168, 11.787221946164417 ], [ 79.717080255780417, 11.787274647831689 ], [ 79.716412997967154, 11.787840846062124 ], [ 79.714670093839459, 11.789323947892722 ], [ 79.713454611276276, 11.790359342832179 ], [ 79.712922517573915, 11.790834082939446 ], [ 79.712358424084528, 11.791507705987884 ], [ 79.712659439654743, 11.792458009761813 ], [ 79.712712039607894, 11.79262406636451 ], [ 79.713065659622885, 11.793740429234781 ], [ 79.713864237655926, 11.796158235379268 ], [ 79.713910560181887, 11.796298480135667 ], [ 79.71403901387761, 11.796288373841769 ], [ 79.714832719448609, 11.796225935174729 ], [ 79.715631022597165, 11.796284447573308 ], [ 79.716755067444197, 11.79646040062333 ], [ 79.716856091981043, 11.796745143132666 ], [ 79.716934325360839, 11.797518024720326 ], [ 79.717016912874811, 11.797554174364523 ], [ 79.717957448977273, 11.797540358183861 ], [ 79.719287921286693, 11.797454077386242 ], [ 79.720347727607759, 11.797309078628361 ], [ 79.721595506402025, 11.797010311213841 ], [ 79.722820299104782, 11.796485659746477 ], [ 79.72281524697965, 11.796792150991722 ], [ 79.722797873562058, 11.797846181712224 ], [ 79.722894252012239, 11.798126402988247 ], [ 79.723523110440368, 11.799057288356545 ], [ 79.722624119623163, 11.799618032396845 ], [ 79.722601365297024, 11.800187616084058 ], [ 79.722693543224949, 11.801642989335383 ], [ 79.72312063285375, 11.802854249801493 ], [ 79.723203320080671, 11.803025952391712 ], [ 79.724754044924737, 11.802921468713587 ], [ 79.725226606374903, 11.802921304280348 ], [ 79.725300031072962, 11.803147281191444 ], [ 79.725527099125642, 11.805764393114837 ], [ 79.725534933333236, 11.805854687998488 ], [ 79.725351293434656, 11.805989503318436 ], [ 79.725103749183376, 11.806171229857735 ], [ 79.724590050283112, 11.806456225197937 ], [ 79.724301151189408, 11.806944494636383 ], [ 79.724237123767551, 11.807509503894337 ], [ 79.724292559702036, 11.808625902895887 ], [ 79.724501940825107, 11.810280056654181 ], [ 79.724520447916575, 11.810426261983595 ], [ 79.724522552669271, 11.810442892147936 ], [ 79.724646348600288, 11.810433325385093 ], [ 79.729867562745781, 11.810029742221596 ], [ 79.729803073589835, 11.809256860730372 ], [ 79.731092356346878, 11.809360329917631 ], [ 79.73338185118898, 11.809404796191561 ], [ 79.735607130861354, 11.809326542754897 ], [ 79.7357217603832, 11.809322510277616 ], [ 79.735739274836277, 11.809476319435058 ], [ 79.735887505841333, 11.810777967805688 ], [ 79.73591769462476, 11.812346370588084 ], [ 79.735920217992401, 11.81247742374333 ], [ 79.735773376681095, 11.812519916381543 ], [ 79.735654201683928, 11.812554402187093 ], [ 79.735099114703573, 11.81279417865464 ], [ 79.73466786677335, 11.813097138026732 ], [ 79.734379067392652, 11.813639645055625 ], [ 79.73429210957481, 11.814340279127784 ], [ 79.734287777000219, 11.815018249638911 ], [ 79.734632279115033, 11.8160215734173 ], [ 79.734838974275377, 11.816514145705215 ], [ 79.734793182653775, 11.816853187391592 ], [ 79.734710746955088, 11.81715608336261 ], [ 79.734320862850453, 11.81750873016146 ], [ 79.733825397055483, 11.817775584827185 ], [ 79.733008857208304, 11.8181285104372 ], [ 79.732903667183479, 11.819018977266545 ], [ 79.732904116341132, 11.819078071272562 ], [ 79.732922917181725, 11.821550145321501 ], [ 79.732754006958814, 11.823801193716116 ], [ 79.732644010048915, 11.824289396185199 ], [ 79.731662180189488, 11.824398209069717 ], [ 79.731658006616669, 11.825550817065377 ], [ 79.731961945304846, 11.82876438312052 ], [ 79.732390407559379, 11.833397223173199 ], [ 79.730841682365167, 11.835294645952686 ], [ 79.729840282707215, 11.836521483186086 ], [ 79.729445866601949, 11.836955492015623 ], [ 79.729576832885542, 11.837134651800413 ], [ 79.729611070375952, 11.837181488314338 ], [ 79.729877260059268, 11.837181365224634 ], [ 79.730202975706561, 11.837131564006839 ], [ 79.730593025999568, 11.837054554669786 ], [ 79.730859103393428, 11.837018259014988 ], [ 79.731065582059813, 11.837022711347879 ], [ 79.731556572448042, 11.837022560123307 ], [ 79.73212564799401, 11.837081094578499 ], [ 79.732657879138586, 11.837157778599513 ], [ 79.73294697316669, 11.837198373582956 ], [ 79.733763735796074, 11.837166447631843 ], [ 79.735544144586896, 11.837097986887008 ], [ 79.737163849265016, 11.837029564810416 ], [ 79.738205382056535, 11.836916220211691 ], [ 79.738109368322327, 11.837806677767873 ], [ 79.737422041247328, 11.840206992647772 ], [ 79.736945605363331, 11.842259268438244 ], [ 79.736730705889499, 11.844207499612185 ], [ 79.737428212673322, 11.844306665140385 ], [ 79.737529041377428, 11.843967602091583 ], [ 79.737634222419118, 11.843172034810992 ], [ 79.737716759627418, 11.842964093309755 ], [ 79.737923233802221, 11.842927852949765 ], [ 79.738083839100284, 11.842982091280073 ], [ 79.73830879521374, 11.843194391805531 ], [ 79.738616326264733, 11.84351517565937 ], [ 79.738919266026315, 11.843650678418872 ], [ 79.739084452732342, 11.843560238629545 ], [ 79.739189807148861, 11.843198633910756 ], [ 79.739148419068755, 11.842859579157999 ], [ 79.739377740994499, 11.842556652740841 ], [ 79.739643752811389, 11.842366727245233 ], [ 79.740524693779577, 11.842163046594774 ], [ 79.741116602703428, 11.842072395305863 ], [ 79.741892170390514, 11.84219414024278 ], [ 79.742406129802234, 11.842212035397889 ], [ 79.742897017782482, 11.84208078283946 ], [ 79.743475084566128, 11.841800312896018 ], [ 79.744025612596417, 11.841555961882117 ], [ 79.744576234051507, 11.841406592243914 ], [ 79.745273627647634, 11.841315933670488 ], [ 79.745989499589101, 11.841284026663521 ], [ 79.746746553896486, 11.841116437226374 ], [ 79.748679230721251, 11.840692594169626 ], [ 79.750835930309876, 11.839088723145869 ], [ 79.75076732058173, 11.83862765306046 ], [ 79.751685278427843, 11.838331653631867 ], [ 79.751749208831683, 11.838311038830771 ], [ 79.752726951356593, 11.837995752719968 ], [ 79.752933233291898, 11.838434285372283 ], [ 79.755700570779752, 11.837540573263031 ], [ 79.755705468394666, 11.836867096818926 ], [ 79.75733911582428, 11.836614698345509 ], [ 79.757843990573519, 11.836321118974368 ], [ 79.757995599244012, 11.835909866771614 ], [ 79.759688916368077, 11.835598723400775 ], [ 79.760200620110112, 11.835418141793504 ], [ 79.760712323852147, 11.835237562704597 ], [ 79.761927749821453, 11.834560544362269 ], [ 79.762171835558888, 11.834424583418205 ], [ 79.763154020252841, 11.833873556595197 ], [ 79.763957072794369, 11.833733771567788 ], [ 79.764429690838384, 11.833733967634583 ], [ 79.764459081019524, 11.833624445413038 ], [ 79.76447326092628, 11.833571601433221 ], [ 79.764473350757825, 11.833571263811274 ], [ 79.764517010677253, 11.833408565166543 ], [ 79.764549267382492, 11.833087658669562 ], [ 79.764879727032778, 11.832884395771323 ], [ 79.765044858043254, 11.832843228650454 ], [ 79.765205545986333, 11.832803170227642 ], [ 79.7652256511807, 11.832650562890263 ], [ 79.765325231226583, 11.831894700315202 ], [ 79.765231029394315, 11.826800629607384 ], [ 79.765075873276743, 11.824798209208343 ], [ 79.765006960816365, 11.824264075439416 ], [ 79.764988979239348, 11.824124694354932 ], [ 79.765145109130628, 11.824080564587593 ], [ 79.767751498163989, 11.823343857560774 ], [ 79.767816000794639, 11.822702045198252 ], [ 79.769922171046872, 11.822604086091909 ], [ 79.770128567966538, 11.822594484583515 ], [ 79.770109041287213, 11.822774626234136 ], [ 79.770056930017574, 11.823255339265657 ], [ 79.77003645741226, 11.823444207100209 ], [ 79.770206215644762, 11.8234153912321 ], [ 79.771045962568977, 11.823272842632253 ], [ 79.771137977003548, 11.822658158756246 ], [ 79.773037547316804, 11.822667932597131 ], [ 79.773144489056435, 11.823708593185911 ], [ 79.773151816614188, 11.823779897276316 ], [ 79.773186488889237, 11.823951016993986 ], [ 79.773353313224007, 11.824774371807782 ], [ 79.773323578089773, 11.826235256574163 ], [ 79.773320560648756, 11.826383478290197 ], [ 79.773494950594852, 11.826360559840801 ], [ 79.773972148250181, 11.826297846667336 ], [ 79.774384851359699, 11.826944361591961 ], [ 79.774146163598814, 11.827174792279184 ], [ 79.774664234599584, 11.828535903926323 ], [ 79.774705379236238, 11.828644001179587 ], [ 79.774911832749765, 11.828648671700236 ], [ 79.776127783335212, 11.828676175191932 ], [ 79.776188075562132, 11.828668099377158 ], [ 79.776228734210235, 11.828662653367561 ], [ 79.77677773420622, 11.829567729610536 ], [ 79.776924883639623, 11.829810321437023 ], [ 79.777347614642679, 11.830507223977316 ], [ 79.777559981765734, 11.830792974747879 ], [ 79.77765014567079, 11.830914294763213 ], [ 79.777740309575876, 11.831035615603977 ], [ 79.778026363705038, 11.831420511407055 ], [ 79.778379566003409, 11.831714440697693 ], [ 79.780219505249818, 11.831841665208398 ], [ 79.780650844808207, 11.831843691831926 ], [ 79.78077473685893, 11.831844273002508 ], [ 79.780898628011329, 11.831844855052296 ], [ 79.781261091041941, 11.831846556361008 ], [ 79.781853070932726, 11.831670486242045 ], [ 79.782266089350898, 11.831521471687072 ], [ 79.782596416050538, 11.831643626647715 ], [ 79.783128648991777, 11.831734211935625 ], [ 79.783693189842182, 11.831344818428738 ], [ 79.78375742657154, 11.831300511342066 ], [ 79.784142943067295, 11.831065603564793 ], [ 79.784794412091102, 11.831332507437311 ], [ 79.785418487888634, 11.831215200419265 ], [ 79.786487684299388, 11.830985041301123 ], [ 79.787387585109983, 11.829353623979882 ], [ 79.788259394703317, 11.829344872051585 ], [ 79.788856140156682, 11.828612828617441 ], [ 79.789447928706281, 11.828970102156058 ], [ 79.791678303622945, 11.827777539966842 ], [ 79.792362055403132, 11.827547237277532 ], [ 79.793041091926398, 11.827696610090705 ], [ 79.794825738070443, 11.828492682246148 ], [ 79.795357969215004, 11.828583244838052 ], [ 79.795803074556829, 11.828497499602458 ], [ 79.796069268731728, 11.828289661241433 ], [ 79.796161107096452, 11.828063689247397 ], [ 79.795982251625091, 11.827765314980617 ], [ 79.796165887032103, 11.827448971291096 ], [ 79.79625323112549, 11.826920157733158 ], [ 79.795248618193796, 11.826128854438023 ], [ 79.795069810333118, 11.825685838985823 ], [ 79.795519692017308, 11.824985376385321 ], [ 79.795996973215964, 11.824696240582648 ], [ 79.796708252071411, 11.824434295378447 ], [ 79.79753871041558, 11.824556582753647 ], [ 79.798102953923646, 11.82496807008056 ], [ 79.798364262161698, 11.825727506597225 ], [ 79.79840041665696, 11.827553595963616 ], [ 79.799226189388605, 11.828028436938283 ], [ 79.800088613383849, 11.828706687438066 ], [ 79.800529008858618, 11.829027732719302 ], [ 79.800675717219264, 11.829439093745931 ], [ 79.800854476570905, 11.830085505410896 ], [ 79.800702894849891, 11.83064142136868 ], [ 79.799867472415414, 11.831716941226972 ], [ 79.799656305441587, 11.83203779921636 ], [ 79.799573507721846, 11.832724813575796 ], [ 79.798683162290942, 11.833303115383128 ], [ 79.797494683085205, 11.833474523684293 ], [ 79.796012664089019, 11.833239039244365 ], [ 79.794677650795848, 11.83246571332519 ], [ 79.794053642371921, 11.832379641354775 ], [ 79.793640686835829, 11.832347873101986 ], [ 79.793842196920352, 11.833550253879782 ], [ 79.795269152782879, 11.833785732776345 ], [ 79.796691503881263, 11.834084482937337 ], [ 79.797076920664011, 11.834147878360225 ], [ 79.79764125669854, 11.834324325828579 ], [ 79.798141308393028, 11.834649913601547 ], [ 79.798439438574562, 11.835061320683588 ], [ 79.798223589581468, 11.835675976690965 ], [ 79.797681470680544, 11.837863494078928 ], [ 79.797828164668132, 11.8383290968937 ], [ 79.798286911825826, 11.838699872033233 ], [ 79.799085364094793, 11.838587105766495 ], [ 79.799856344984008, 11.838266410203302 ], [ 79.800425512158128, 11.837656374117344 ], [ 79.800760840677285, 11.836427032698426 ], [ 79.801031788736623, 11.835667749857551 ], [ 79.801385398870153, 11.834673452085907 ], [ 79.802252859719189, 11.833887217958377 ], [ 79.803473498612092, 11.83357115830445 ], [ 79.804629821723921, 11.833517234627358 ], [ 79.80599719143531, 11.833553762862 ], [ 79.807062475682969, 11.83353594802867 ], [ 79.807098334632499, 11.833929214908238 ], [ 79.807506317095175, 11.835398320706458 ], [ 79.807584236962938, 11.835714741364956 ], [ 79.807776783657573, 11.836356631341383 ], [ 79.807829677359791, 11.836577325595039 ], [ 79.807827206094458, 11.836578146781003 ], [ 79.806918579947521, 11.836876204587808 ], [ 79.806560616578167, 11.837074990206309 ], [ 79.806330823036888, 11.838403806742221 ], [ 79.806229678125788, 11.839113419162228 ], [ 79.806137540622018, 11.840442273265326 ], [ 79.806160145827846, 11.841671717075295 ], [ 79.806247217731723, 11.842083059958068 ], [ 79.806526986348857, 11.84259389367368 ], [ 79.807123298814233, 11.843385049972113 ], [ 79.807797579656366, 11.844338946328975 ], [ 79.80793513957417, 11.844709620999671 ], [ 79.808205728307399, 11.845256610733617 ], [ 79.807741870634047, 11.846730006712061 ], [ 79.806594577387472, 11.847122944255739 ], [ 79.80529122521645, 11.847655953737044 ], [ 79.805157890973774, 11.848587036403368 ], [ 79.805130145607919, 11.849350906916415 ], [ 79.803096917658465, 11.850733467109109 ], [ 79.803226734098502, 11.85218072501157 ], [ 79.803275313192444, 11.852722312276439 ], [ 79.80269699488052, 11.853151549659444 ], [ 79.802696749640432, 11.854005827937998 ], [ 79.802173475597513, 11.854502879676952 ], [ 79.802166428314123, 11.854500715193922 ], [ 79.801540266628493, 11.854308341639687 ], [ 79.801255648007114, 11.854683419657162 ], [ 79.800672687201825, 11.855270853354041 ], [ 79.80066441731131, 11.855269802765115 ], [ 79.80066171877219, 11.855269459895073 ], [ 79.799245598388623, 11.855089641209196 ], [ 79.796322501115384, 11.855025493693455 ], [ 79.794854026917022, 11.855115446150894 ], [ 79.794610928428099, 11.854771852167413 ], [ 79.794602674707278, 11.854772604724538 ], [ 79.793376485124256, 11.854884469329468 ], [ 79.790333932579443, 11.855263181856849 ], [ 79.790007084156557, 11.855293832678161 ], [ 79.789613454975481, 11.855330746587256 ], [ 79.788736931023521, 11.855470581226294 ], [ 79.787071105042131, 11.855641788360415 ], [ 79.785790782081762, 11.855704636343878 ], [ 79.784280980888781, 11.855862320215241 ], [ 79.783399914156419, 11.855862015149503 ], [ 79.78228480664815, 11.855875185725512 ], [ 79.782282760285966, 11.855874782194737 ], [ 79.78173417890487, 11.855766511970415 ], [ 79.781569021843254, 11.855648934113637 ], [ 79.781454432745605, 11.855287295290104 ], [ 79.781252857084041, 11.854369666351433 ], [ 79.780675780243868, 11.851322989413781 ], [ 79.780510921422916, 11.850405372645795 ], [ 79.780364381047235, 11.849587202136345 ], [ 79.780291161165081, 11.849044777833615 ], [ 79.780158430590291, 11.848113612326845 ], [ 79.779158161012987, 11.847896292003242 ], [ 79.779104043805319, 11.847874200026016 ], [ 79.77843783612262, 11.847602232412516 ], [ 79.777901154724105, 11.847064156110092 ], [ 79.777621388801919, 11.846675334810117 ], [ 79.777295773765942, 11.846187056258351 ], [ 79.77701141655433, 11.845807270846354 ], [ 79.77671796929036, 11.845201483997442 ], [ 79.776617147772768, 11.844862448434766 ], [ 79.776681651301743, 11.844179952844247 ], [ 79.776562372100003, 11.844107589374206 ], [ 79.776452296138345, 11.843971947929212 ], [ 79.77647078256858, 11.843623915833534 ], [ 79.776429989173224, 11.842308584284897 ], [ 79.776425997958384, 11.840749185684622 ], [ 79.776467637566782, 11.839854243225943 ], [ 79.776481550673893, 11.839470048591705 ], [ 79.776389927904788, 11.839081295613441 ], [ 79.775880849040021, 11.838412146911152 ], [ 79.775827876286044, 11.838388286958487 ], [ 79.775509237566553, 11.838244767602323 ], [ 79.77499088718973, 11.837828735390692 ], [ 79.77448173915468, 11.837349423056725 ], [ 79.773968071695421, 11.836702869424331 ], [ 79.773614802921728, 11.836571656422574 ], [ 79.772504769098205, 11.836618029687221 ], [ 79.772435518871262, 11.836620922301108 ], [ 79.771288243590988, 11.836950437420823 ], [ 79.770677857220079, 11.837212358330026 ], [ 79.769351448888955, 11.837966673742686 ], [ 79.7681901913313, 11.838797888678201 ], [ 79.766735072386311, 11.840062899247911 ], [ 79.766156701972108, 11.84054630302251 ], [ 79.76583068718584, 11.841070489378344 ], [ 79.765481692596268, 11.841680543340813 ], [ 79.765307057410055, 11.842308749573693 ], [ 79.76526093520846, 11.842864690791124 ], [ 79.765233218588676, 11.843298598111897 ], [ 79.765186886181255, 11.844347215102491 ], [ 79.765081200286403, 11.844695211109256 ], [ 79.764874373073681, 11.84548160405043 ], [ 79.76456662642704, 11.846191114567844 ], [ 79.764332310766633, 11.846869015809085 ], [ 79.764020091408184, 11.847302805113902 ], [ 79.763758447200203, 11.847501575234844 ], [ 79.763175512446026, 11.847876491163186 ], [ 79.762170350643714, 11.84839134682618 ], [ 79.762178760671404, 11.848416701383714 ], [ 79.763151071083769, 11.851347830265832 ], [ 79.76320133901045, 11.851831490128401 ], [ 79.763375049830202, 11.851849112990131 ], [ 79.763375186374134, 11.851849127056783 ], [ 79.763380295991453, 11.851849644884913 ], [ 79.764307261244937, 11.851795790752302 ], [ 79.764909520557509, 11.851760358637756 ], [ 79.764917590123702, 11.85175988388856 ], [ 79.765133189385153, 11.851940772073657 ], [ 79.765243130599515, 11.852388296401479 ], [ 79.765485875152223, 11.853486752345255 ], [ 79.765751654305433, 11.854372778566541 ], [ 79.765843180954789, 11.854964933114704 ], [ 79.766031038443643, 11.855647528348477 ], [ 79.766420745580191, 11.856474844076416 ], [ 79.766911268844467, 11.85764571996172 ], [ 79.766961597856579, 11.858002819271332 ], [ 79.767337891349314, 11.858002971363423 ], [ 79.768159330608015, 11.857949062179559 ], [ 79.768268898123239, 11.858376983176615 ], [ 79.768269287992069, 11.858378504974745 ], [ 79.768806222715483, 11.858306400219393 ], [ 79.769503756448785, 11.858270517949034 ], [ 79.769732928355822, 11.858944085796363 ], [ 79.770017025056021, 11.859970235211366 ], [ 79.770140746426833, 11.860417762197571 ], [ 79.770177298875751, 11.860806495351271 ], [ 79.770328596729172, 11.861145553312101 ], [ 79.770539661295061, 11.861217956222928 ], [ 79.770815001217855, 11.861218064356496 ], [ 79.770879202014569, 11.861326568025783 ], [ 79.770846922851462, 11.861715275268777 ], [ 79.770823802012714, 11.862149184279149 ], [ 79.770731882799581, 11.862492666993964 ], [ 79.770649224318689, 11.862632753789564 ], [ 79.770539044152457, 11.862741190082248 ], [ 79.770337096588406, 11.862817950415035 ], [ 79.770203977941392, 11.862908297669993 ], [ 79.770208270091814, 11.863640536676101 ], [ 79.7702536862176, 11.864806710147528 ], [ 79.769845238427607, 11.864865308097496 ], [ 79.769276110779359, 11.865073001706669 ], [ 79.769272427686687, 11.865618194150663 ], [ 79.769272127649401, 11.865662658307452 ], [ 79.769261453867173, 11.867242586112244 ], [ 79.769206232630026, 11.867613204183469 ], [ 79.769729369230689, 11.867663130829262 ], [ 79.769802501077976, 11.868381837210039 ], [ 79.769930098679254, 11.870583117775993 ], [ 79.769943598561341, 11.871238520210236 ], [ 79.770020963270227, 11.872838624389841 ], [ 79.770006972907993, 11.873385535759322 ], [ 79.770093669316083, 11.874605963763655 ], [ 79.769708175278183, 11.874610331090651 ], [ 79.769152779277391, 11.874858710390143 ], [ 79.768941567387756, 11.87512078480556 ], [ 79.768757876285221, 11.875419029086835 ], [ 79.768528205813141, 11.875925176396112 ], [ 79.768275784608207, 11.875956715410549 ], [ 79.767500214226189, 11.875933801121802 ], [ 79.766926542899242, 11.875974248804814 ], [ 79.766394152752852, 11.876068951970586 ], [ 79.765939732779827, 11.876272165131782 ], [ 79.765774505649631, 11.876308256892962 ], [ 79.765568039559668, 11.876190652729523 ], [ 79.7651643600272, 11.875783688132232 ], [ 79.764531187889077, 11.875453468274017 ], [ 79.764280761842357, 11.876128737782881 ], [ 79.764264705354975, 11.876172033677344 ], [ 79.763989009699344, 11.876967436167952 ], [ 79.763323578161049, 11.876944557127587 ], [ 79.762616853764072, 11.876899061008231 ], [ 79.761588851397363, 11.876925745607501 ], [ 79.760712327445404, 11.876875651874307 ], [ 79.760675681571712, 11.8767219571333 ], [ 79.760478667555176, 11.875989636346276 ], [ 79.760295210014576, 11.875736438038544 ], [ 79.760093300179747, 11.875700192361201 ], [ 79.759735346691855, 11.875686476828976 ], [ 79.758955148189486, 11.875753938920733 ], [ 79.757972992241591, 11.875889110956807 ], [ 79.757426794090961, 11.876065149040727 ], [ 79.757422578297337, 11.875242512360758 ], [ 79.757436545303378, 11.874804080167625 ], [ 79.757478317862407, 11.873764503907132 ], [ 79.757611608087629, 11.873317084977536 ], [ 79.757781861291875, 11.872313723683193 ], [ 79.758075843951744, 11.87170365643691 ], [ 79.758250227609622, 11.871712771834517 ], [ 79.758755026002063, 11.871731072077806 ], [ 79.758778029161547, 11.871604521962782 ], [ 79.758778030958169, 11.871600003382218 ], [ 79.758755596432295, 11.87046095825731 ], [ 79.758684115688496, 11.868496521698058 ], [ 79.758683063761282, 11.868467615638055 ], [ 79.755493919636834, 11.867851492363236 ], [ 79.755494147808932, 11.867354296154417 ], [ 79.754902217325508, 11.867222951070472 ], [ 79.753870274947928, 11.865929772765819 ], [ 79.754567865275078, 11.865817088075143 ], [ 79.754517651247326, 11.865243027429173 ], [ 79.754449063977063, 11.864709639105804 ], [ 79.754417216903605, 11.864112987001725 ], [ 79.753738000717291, 11.864198560178204 ], [ 79.753729798200425, 11.862105806156585 ], [ 79.753922616186273, 11.861934133621565 ], [ 79.754376970582243, 11.861839419391561 ], [ 79.754322275757872, 11.861034837666329 ], [ 79.754262763268585, 11.86072745221461 ], [ 79.753721624429673, 11.85995429115002 ], [ 79.753653319230395, 11.858819745186443 ], [ 79.753681128376641, 11.858227640322079 ], [ 79.753745710957375, 11.857504471890085 ], [ 79.753626550333252, 11.857178979050847 ], [ 79.75367716500962, 11.85688520287351 ], [ 79.753792325435782, 11.855949619116991 ], [ 79.753898093975636, 11.855466028091433 ], [ 79.753990298853026, 11.854548514043964 ], [ 79.753976695664676, 11.854195949304225 ], [ 79.753756514995288, 11.854015050305165 ], [ 79.753664838327282, 11.853798049417366 ], [ 79.753715465580058, 11.853477152800725 ], [ 79.753871878440719, 11.852636507797785 ], [ 79.754097156151019, 11.851723572603994 ], [ 79.754102051071001, 11.851063657113428 ], [ 79.753928112977491, 11.850123421055573 ], [ 79.753721796906177, 11.849739130087167 ], [ 79.753367158201684, 11.849527780637848 ], [ 79.753304332725676, 11.849490340198955 ], [ 79.752597950586832, 11.84887078221675 ], [ 79.751886937632719, 11.84834613870974 ], [ 79.751822732344408, 11.848319982336903 ], [ 79.751042768302355, 11.848002232012025 ], [ 79.750395789058317, 11.847925092103649 ], [ 79.749514715139455, 11.847992481935368 ], [ 79.748696957176733, 11.849067656576789 ], [ 79.748678983684542, 11.849079863906026 ], [ 79.747837381739245, 11.849075684313496 ], [ 79.747396823669405, 11.849066869716161 ], [ 79.746759042275571, 11.849039930947482 ], [ 79.745818295068986, 11.848931895389637 ], [ 79.744721423360986, 11.848670133415805 ], [ 79.74347318732427, 11.848403941023115 ], [ 79.743106027901334, 11.848322722729419 ], [ 79.743087198314669, 11.848388305756149 ], [ 79.743028137677996, 11.84859400386865 ], [ 79.742702984376066, 11.850139957372891 ], [ 79.742469334367271, 11.851233889377784 ], [ 79.742455759925051, 11.851586473767842 ], [ 79.743015631332611, 11.851753467740664 ], [ 79.743043630921704, 11.852793038222801 ], [ 79.744053236689737, 11.852919169792846 ], [ 79.743943981788249, 11.855129543391637 ], [ 79.743783967581635, 11.856711554242731 ], [ 79.743697358310143, 11.858022365304011 ], [ 79.743596595183064, 11.858573885846608 ], [ 79.743436244108196, 11.85910734858656 ], [ 79.743321749333646, 11.859703950978696 ], [ 79.743124534094491, 11.860065684170952 ], [ 79.742753018740771, 11.860386688207518 ], [ 79.742248373061926, 11.860884166134069 ], [ 79.742110859856538, 11.861200543200228 ], [ 79.742074225660943, 11.861444668279077 ], [ 79.74207000896898, 11.862226671820256 ], [ 79.742047151336592, 11.862547589796609 ], [ 79.741946307361104, 11.862796198989559 ], [ 79.741638954176523, 11.863180555969182 ], [ 79.74084083428427, 11.863931163583009 ], [ 79.740166465407214, 11.864473793904185 ], [ 79.739702994009406, 11.864641180870885 ], [ 79.739368049070876, 11.86469559334922 ], [ 79.737371802066761, 11.864755047589213 ], [ 79.736041015346956, 11.86491377590251 ], [ 79.733985312447402, 11.865357453896562 ], [ 79.732686743805317, 11.865615621843835 ], [ 79.732593778054863, 11.862560085756858 ], [ 79.731097753425104, 11.862501863579542 ], [ 79.729216220384387, 11.862457324181314 ], [ 79.727215402752108, 11.862295349564922 ], [ 79.726136982440025, 11.862160031006532 ], [ 79.725636745692611, 11.862205429364835 ], [ 79.725113666584122, 11.86226891320675 ], [ 79.72406282994119, 11.862400287929711 ], [ 79.722915596881705, 11.862554377562931 ], [ 79.721717898266235, 11.862572868313036 ], [ 79.721121274085448, 11.862500699610608 ], [ 79.720689305706344, 11.86058888974288 ], [ 79.71961896214701, 11.857266984366003 ], [ 79.719458197847118, 11.856747257371667 ], [ 79.719476386036675, 11.856227436197623 ], [ 79.719608900117507, 11.854523351711917 ], [ 79.719746124065367, 11.853113083736721 ], [ 79.719695647729552, 11.853031799148333 ], [ 79.719638755625979, 11.853049957341662 ], [ 79.718901871191662, 11.853285146014176 ], [ 79.718365072113855, 11.853533857715982 ], [ 79.717750337896945, 11.854139805429003 ], [ 79.717117323862311, 11.854858652057766 ], [ 79.716663155417621, 11.855491529689724 ], [ 79.71629170564087, 11.856110951324363 ], [ 79.715672578662236, 11.857458022169077 ], [ 79.715481247388169, 11.857823606359524 ], [ 79.715438917873684, 11.857904485993126 ], [ 79.714929651261002, 11.858877553194423 ], [ 79.714438775857133, 11.859578284971871 ], [ 79.713920458718007, 11.860261009328124 ], [ 79.71342954378828, 11.860667933798887 ], [ 79.713595440163374, 11.862891710257687 ], [ 79.713581804635666, 11.863501850848021 ], [ 79.713481014559093, 11.863962972997658 ], [ 79.712728727610937, 11.865057033328139 ], [ 79.712678420158397, 11.865594937014876 ], [ 79.712710840357005, 11.866648013387758 ], [ 79.712586917763545, 11.86669331781259 ], [ 79.711256158891558, 11.866946806717388 ], [ 79.711256181349455, 11.86702366520657 ], [ 79.711150873645309, 11.86762478739119 ], [ 79.711031623189655, 11.86788696282736 ], [ 79.71078386064778, 11.868067869331281 ], [ 79.710480937954173, 11.868086014216356 ], [ 79.709999156195963, 11.868140418095273 ], [ 79.709705452912118, 11.868303185715444 ], [ 79.709595392221829, 11.868592534700291 ], [ 79.709237557311567, 11.868850252117424 ], [ 79.708810771313324, 11.869013107224745 ], [ 79.708264742944294, 11.869085595078634 ], [ 79.708278931834215, 11.870599714390572 ], [ 79.708509340721434, 11.874156940991805 ], [ 79.708620049995361, 11.876114045606879 ], [ 79.708781161044925, 11.87784510427791 ], [ 79.708873274294163, 11.878898259905736 ], [ 79.709172308180882, 11.881768387888737 ], [ 79.709278147687684, 11.882613551139238 ], [ 79.709294624586619, 11.882820651038784 ], [ 79.709336530994605, 11.883347366984678 ], [ 79.709344286150468, 11.883444836635448 ], [ 79.709420912444187, 11.884407941698104 ], [ 79.709448571571784, 11.884972924371631 ], [ 79.709558916129723, 11.885465635128023 ], [ 79.709701245203334, 11.885691555201729 ], [ 79.710036330279038, 11.885903885775122 ], [ 79.710265887563395, 11.886161469901595 ], [ 79.710412856435411, 11.886577302700157 ], [ 79.710633297616255, 11.887119588165644 ], [ 79.710716022572456, 11.887594202436938 ], [ 79.709922166982864, 11.887870172906668 ], [ 79.710092209082973, 11.888855409867 ], [ 79.710069334382567, 11.889104089992884 ], [ 79.710000596195343, 11.889208059874306 ], [ 79.70982161495985, 11.889289428611789 ], [ 79.709509542925076, 11.889280489611293 ], [ 79.709220374336823, 11.889226307957465 ], [ 79.708674181576058, 11.889122520045294 ], [ 79.708109662285196, 11.889109089120542 ], [ 79.706980689280527, 11.889136530259778 ], [ 79.704364652341042, 11.889155275007974 ], [ 79.702831836310537, 11.889124011784165 ], [ 79.701074039013676, 11.889178685723319 ], [ 79.699614584799122, 11.889111276183943 ], [ 79.699545630117925, 11.88868188005878 ], [ 79.698150488989498, 11.888655099916461 ], [ 79.696856210701213, 11.888583052398245 ], [ 79.696654062812797, 11.887661062946178 ], [ 79.696584991350619, 11.886666646989982 ], [ 79.694694087983208, 11.886490816183064 ], [ 79.691844108184156, 11.886486906154275 ], [ 79.690531513247208, 11.886423962418801 ], [ 79.690473553046743, 11.886425070026117 ], [ 79.689815527219665, 11.886437644885291 ], [ 79.689595216294549, 11.886401527215884 ], [ 79.689228109872246, 11.886347315101096 ], [ 79.688759986997894, 11.886324816600002 ], [ 79.688314783739713, 11.886415317807074 ], [ 79.68793389536431, 11.886501268125727 ], [ 79.687355636341181, 11.886533014250924 ], [ 79.686543287134796, 11.88646545285912 ], [ 79.686093517740048, 11.886347990214334 ], [ 79.685005745067556, 11.886031807604667 ], [ 79.68474413589388, 11.885950482725127 ], [ 79.684679877605006, 11.885851014120599 ], [ 79.684744144877044, 11.885747047352099 ], [ 79.685019450663845, 11.885606923211556 ], [ 79.685326879306899, 11.885439625601942 ], [ 79.685432427759537, 11.885308506363677 ], [ 79.685542569298192, 11.885132199988393 ], [ 79.685606717992655, 11.884879107755696 ], [ 79.68557916486624, 11.884630504643267 ], [ 79.685478139431069, 11.884345743803999 ], [ 79.685358805432116, 11.884097206134118 ], [ 79.68519812108228, 11.88374465059767 ], [ 79.685101626749415, 11.883441855732592 ], [ 79.685087798982238, 11.883080245865097 ], [ 79.685106056342079, 11.882307330172349 ], [ 79.685059900004475, 11.880982975994629 ], [ 79.689823568039799, 11.880841917586569 ], [ 79.689823568039799, 11.8808418885772 ], [ 79.689828374924858, 11.880451919888804 ], [ 79.689850586668584, 11.878649700561633 ], [ 79.689987571664574, 11.875133153600592 ], [ 79.6899075506374, 11.872851592832772 ], [ 79.689872164201702, 11.871842619405282 ], [ 79.689830344031961, 11.871228082626633 ], [ 79.689720214171402, 11.869609755639431 ], [ 79.689756591448827, 11.868140763586446 ], [ 79.689692117564249, 11.866920359381632 ], [ 79.689627726324701, 11.866192680379466 ], [ 79.689384114897734, 11.864240116420932 ], [ 79.690346971440079, 11.863578644373584 ], [ 79.691292745618952, 11.862928851712519 ], [ 79.692406734724713, 11.861880151367309 ], [ 79.692939941439704, 11.861378162661 ], [ 79.693765836342251, 11.86076780017385 ], [ 79.694082320003361, 11.860329263823287 ], [ 79.6945961985667, 11.859709927369869 ], [ 79.694597155272476, 11.859687206005528 ], [ 79.694614997610628, 11.859263126272269 ], [ 79.69461901757154, 11.859167561864412 ], [ 79.694870887210897, 11.856848712924416 ], [ 79.694805882421988, 11.853580781092612 ], [ 79.694865406589372, 11.852920878882758 ], [ 79.69435566925948, 11.851564994867749 ], [ 79.694296852066259, 11.848887402131499 ], [ 79.694267601123968, 11.847555781885861 ], [ 79.694739492430941, 11.844418825044221 ], [ 79.695193517145199, 11.843342969193415 ], [ 79.69559258742197, 11.842682917400625 ], [ 79.695882490832133, 11.842484335438181 ], [ 79.695947933998909, 11.842439507035708 ], [ 79.698120578683813, 11.840951224164078 ], [ 79.699721628048394, 11.839558675935866 ], [ 79.699858584298298, 11.836552860582902 ], [ 79.703052395170644, 11.831967380903134 ], [ 79.703092361217642, 11.831910000660267 ], [ 79.702900311291344, 11.831892527740001 ], [ 79.701605635947715, 11.831774737385897 ], [ 79.70033454227854, 11.831684653272402 ], [ 79.6993296661405, 11.831662320834212 ], [ 79.697691592711479, 11.831775734432197 ], [ 79.696971296567199, 11.83192049601773 ], [ 79.692318617181854, 11.832237982808005 ], [ 79.687688923888004, 11.832867185801888 ], [ 79.686817104413208, 11.832835677856673 ], [ 79.685633192242378, 11.832460808116016 ], [ 79.685252256256248, 11.831950070643888 ], [ 79.6855595663217, 11.831181633123723 ], [ 79.686054998878987, 11.830670766653322 ], [ 79.687454302800418, 11.829856935879581 ], [ 79.68879856963936, 11.829241949388972 ], [ 79.68958764798829, 11.828477903978598 ], [ 79.689982103619442, 11.827623518640868 ], [ 79.690225019750358, 11.82648441229326 ], [ 79.690554986225564, 11.824581448898742 ], [ 79.690806819932334, 11.822117944241308 ], [ 79.690769755443725, 11.820400370180021 ], [ 79.688971103666091, 11.820482119930983 ], [ 79.687498342707215, 11.820708427030231 ], [ 79.686671934866666, 11.817937815321109 ], [ 79.686506478666047, 11.816618005188847 ], [ 79.686340738597835, 11.813978318361942 ], [ 79.685722758767781, 11.812505583931785 ], [ 79.685731261321934, 11.812504325665753 ], [ 79.68740941937557, 11.812256019810116 ], [ 79.688125205078805, 11.812242353850067 ], [ 79.688620431921876, 11.81065570417338 ], [ 79.688794782342129, 11.810284860262163 ], [ 79.688830614342166, 11.810208646170723 ], [ 79.689143229857649, 11.809543708186926 ], [ 79.689450527346679, 11.809073494579371 ], [ 79.689877192970684, 11.808811250416694 ], [ 79.690620396154685, 11.808567014150769 ], [ 79.690574211969277, 11.806998586219754 ], [ 79.689660163591284, 11.802139782726506 ], [ 79.685709928130564, 11.802520245145748 ], [ 79.685631834887957, 11.801760950928909 ], [ 79.683965073760362, 11.802160694825128 ], [ 79.683934289393903, 11.802168076755132 ], [ 79.681423638311983, 11.79624278603627 ], [ 79.68004734922809, 11.797052093104009 ], [ 79.679143729392209, 11.797761899747654 ], [ 79.678446463356892, 11.798421936745889 ], [ 79.677955628377219, 11.799000551046957 ], [ 79.677418912842739, 11.799701264747378 ], [ 79.676698827802568, 11.800831308435633 ], [ 79.675749337293354, 11.802264314417396 ], [ 79.675148436233485, 11.802960550184578 ], [ 79.674579562808475, 11.803543673736064 ], [ 79.674680917027018, 11.805862415398892 ], [ 79.67480843377993, 11.806790062386066 ], [ 79.674808838920114, 11.806793008953052 ], [ 79.673845156826047, 11.807562359939499 ], [ 79.673758024735037, 11.807631922809087 ], [ 79.673075433578191, 11.80817689040331 ], [ 79.67210226257977, 11.808861116580195 ], [ 79.671538591298557, 11.809257433155905 ], [ 79.671245193441919, 11.809427907747839 ], [ 79.670029190754221, 11.810134469393942 ], [ 79.668194028748502, 11.810600265348738 ], [ 79.666348659186184, 11.810705084629182 ], [ 79.666120205931335, 11.810718062176248 ], [ 79.666033329860198, 11.810699908206569 ], [ 79.664996064964583, 11.810483164874489 ], [ 79.664018782377084, 11.810135239659887 ], [ 79.662880135415122, 11.809493035828524 ], [ 79.662408248599746, 11.809226887966718 ], [ 79.662379844768779, 11.809210282349069 ], [ 79.661256532947021, 11.808553590694682 ], [ 79.659980929735156, 11.807446260577903 ], [ 79.659980888412662, 11.807446222767659 ], [ 79.659974169014333, 11.807439404616023 ], [ 79.658960029449048, 11.80641036473771 ], [ 79.658916376716135, 11.806366070322927 ], [ 79.657237011326771, 11.805263325787703 ], [ 79.656423304765994, 11.804531392082884 ], [ 79.656232149561745, 11.804359450381758 ], [ 79.656232128002173, 11.804359432795417 ], [ 79.656215019587592, 11.804348842294562 ], [ 79.654071069787776, 11.803021775612955 ], [ 79.652029398572992, 11.801765320299207 ], [ 79.650878335097147, 11.801124357815247 ], [ 79.649781180419851, 11.800513429985202 ], [ 79.64853815910331, 11.799930133796172 ], [ 79.647354055591322, 11.799374503718564 ], [ 79.645508288973673, 11.798841664885963 ], [ 79.645037058826773, 11.798705632568355 ], [ 79.644974848696705, 11.798698954893093 ], [ 79.64466203465355, 11.798665376577679 ], [ 79.643755003016224, 11.798568010343599 ], [ 79.642848591216435, 11.798470704749148 ], [ 79.641100593641056, 11.798497860415715 ], [ 79.640120622395941, 11.798871845428753 ], [ 79.640077352345315, 11.798888356704406 ], [ 79.63979764032203, 11.798995100930169 ], [ 79.639093491395002, 11.799332596437418 ], [ 79.638912335338176, 11.799419423589512 ], [ 79.636751339107562, 11.800455152390523 ], [ 79.634622483699488, 11.801969366913511 ], [ 79.633283754974286, 11.803334142210609 ], [ 79.633249725892995, 11.80336883141576 ], [ 79.632906561369623, 11.803718668946496 ], [ 79.631521025028206, 11.805079198115909 ], [ 79.631467809729116, 11.80513459760887 ], [ 79.629419615847013, 11.807266885274821 ], [ 79.627615324446026, 11.808970558141306 ], [ 79.627540348357485, 11.809041351677026 ], [ 79.626547512339158, 11.80997880000813 ], [ 79.624854468302956, 11.811361960175988 ], [ 79.624793516712643, 11.811410606293267 ], [ 79.624322200327441, 11.811786776321584 ], [ 79.623207231159739, 11.813210574265126 ], [ 79.621986695573085, 11.815362036904864 ], [ 79.621477340925537, 11.817341781218893 ], [ 79.621224881093028, 11.818589303809645 ], [ 79.620665035736607, 11.820144114997266 ], [ 79.619297613024571, 11.822467398212964 ], [ 79.618338639000925, 11.823222106869762 ], [ 79.616838215321209, 11.824749864415047 ], [ 79.615874618567048, 11.825246948259842 ], [ 79.614732042374044, 11.825897776622396 ], [ 79.612598442064652, 11.826073898815334 ], [ 79.610262874428201, 11.826598134894828 ], [ 79.608588115599616, 11.826823980608694 ], [ 79.606587498291617, 11.827750369617689 ], [ 79.606521572729562, 11.827778745408123 ], [ 79.60596804702115, 11.828016988333609 ], [ 79.604926381278915, 11.828640696117946 ], [ 79.603806780397619, 11.829042835396114 ], [ 79.603117102431469, 11.82954644504961 ], [ 79.602333749045869, 11.830118490787484 ], [ 79.601191076733087, 11.831768154594366 ], [ 79.601191060563409, 11.83176817657513 ], [ 79.599907208122303, 11.833525820248802 ], [ 79.599603153551428, 11.83394207705534 ], [ 79.599551668407557, 11.83399613956578 ], [ 79.598537021294149, 11.835061570381772 ], [ 79.598354943565866, 11.835252757356409 ], [ 79.598343048973163, 11.83526419862446 ], [ 79.59619804275458, 11.837327222962942 ], [ 79.595281916573356, 11.838231269110501 ], [ 79.594045680232156, 11.839451233608782 ], [ 79.5928250727803, 11.840124609611301 ], [ 79.590819599179838, 11.841475745597009 ], [ 79.590637926591754, 11.841512227929108 ], [ 79.589199777720779, 11.841801025045823 ], [ 79.589199736398285, 11.841801035596205 ], [ 79.587777184077297, 11.842275374425713 ], [ 79.586663788757946, 11.842572737610087 ], [ 79.586001300998845, 11.842749687814408 ], [ 79.585444007756166, 11.84288094972265 ], [ 79.58396841800247, 11.843228539651651 ], [ 79.581761225908366, 11.843653003000744 ], [ 79.579985443441231, 11.843625483431827 ], [ 79.579915162846646, 11.8436002814089 ], [ 79.579165231281152, 11.84333135506265 ], [ 79.578384050920192, 11.843051219617063 ], [ 79.578384017682524, 11.843051202912408 ], [ 79.577928399356949, 11.842758915836869 ], [ 79.57721409587397, 11.842300675919953 ], [ 79.577105045788343, 11.842219832986721 ], [ 79.576484252434824, 11.841759615730004 ], [ 79.576470960063588, 11.841749760806003 ], [ 79.576213933196186, 11.841559215794181 ], [ 79.574649376991687, 11.840745253899223 ], [ 79.573069424561581, 11.839988938054711 ], [ 79.573043491995946, 11.839976523706529 ], [ 79.572490012101625, 11.839904772807261 ], [ 79.572426161647854, 11.839896495986533 ], [ 79.570528967378522, 11.839650536964324 ], [ 79.570492276589036, 11.839650545756381 ], [ 79.570490921031279, 11.839650546635577 ], [ 79.570446370881399, 11.839650557186035 ], [ 79.566605720902189, 11.839708442225906 ], [ 79.566502626646937, 11.839722841828827 ], [ 79.566061904185389, 11.839784398408366 ], [ 79.565022630656784, 11.83992959359678 ], [ 79.563788185556263, 11.840295463254963 ], [ 79.562425189741973, 11.840864542062553 ], [ 79.562425154707682, 11.840864552612961 ], [ 79.562087278566395, 11.840949377844069 ], [ 79.560410620699287, 11.841370317388568 ], [ 79.558374409444781, 11.842220604920751 ], [ 79.557836115570325, 11.842445383576536 ], [ 79.556330713427315, 11.843398727564569 ], [ 79.556303244742566, 11.84342588404999 ], [ 79.55627440972026, 11.843453133727099 ], [ 79.555325502217656, 11.844349867615939 ], [ 79.5553240343705, 11.844351255855489 ], [ 79.555270450762094, 11.84440189362471 ], [ 79.554770967701216, 11.844753695565748 ], [ 79.55475595325953, 11.844764271315331 ], [ 79.554641740555979, 11.844844712586211 ], [ 79.554302318414088, 11.844956037041355 ], [ 79.554271486436917, 11.844966150330704 ], [ 79.553774347978887, 11.845129199045539 ], [ 79.552516846718333, 11.845779757648724 ], [ 79.550923394406112, 11.846398301032638 ], [ 79.550820746613525, 11.846438144700798 ], [ 79.550538896599861, 11.846547551010639 ], [ 79.549478825275784, 11.846687347067984 ], [ 79.547475804076086, 11.846856078660803 ], [ 79.547399929672238, 11.846862470306672 ], [ 79.545628851682267, 11.84701164266316 ], [ 79.545030784807111, 11.847207821173711 ], [ 79.545009033000838, 11.847214955718364 ], [ 79.544513628291341, 11.847377457120551 ], [ 79.54274220983983, 11.847923816416982 ], [ 79.541282634352726, 11.84898099463404 ], [ 79.540107455603092, 11.850237260423267 ], [ 79.539391400405307, 11.850761285758317 ], [ 79.539330369763192, 11.850803608923753 ], [ 79.538748578564395, 11.8512070572021 ], [ 79.538728187705743, 11.851221198603014 ], [ 79.53805577535941, 11.85168753737258 ], [ 79.537993507737156, 11.851736287092891 ], [ 79.53605911692685, 11.853250752381381 ], [ 79.536000046408702, 11.853303240891123 ], [ 79.535398132049224, 11.853838087179028 ], [ 79.533158325720393, 11.854904018222966 ], [ 79.531386668317026, 11.856019808823881 ], [ 79.529160587347462, 11.857094844596192 ], [ 79.528814143074982, 11.857182788398124 ], [ 79.528775298125467, 11.857192648040069 ], [ 79.527329459675684, 11.857559649770266 ], [ 79.526627843099405, 11.857610702684516 ], [ 79.526607442359321, 11.85761218580444 ], [ 79.525906829201247, 11.857663162223119 ], [ 79.523685620693769, 11.857740926211028 ], [ 79.523621464812777, 11.857743172428945 ], [ 79.523098386602641, 11.85776147888453 ], [ 79.523057819582718, 11.857758617264626 ], [ 79.522515358423661, 11.857720342765852 ], [ 79.522458865172098, 11.857716355838589 ], [ 79.521102283328915, 11.857620634400972 ], [ 79.520173757701812, 11.857366940779594 ], [ 79.520147534082028, 11.857359776609245 ], [ 79.519826654065909, 11.857272103641773 ], [ 79.517931597786927, 11.857108593592088 ], [ 79.517875902239311, 11.857108570734242 ], [ 79.514604573046171, 11.857107249374797 ], [ 79.512915787922708, 11.857187893609124 ], [ 79.511580375777555, 11.857331975336297 ], [ 79.509951205551303, 11.857593382621122 ], [ 79.508840447685643, 11.858017854410708 ], [ 79.507789544567387, 11.858220794424595 ], [ 79.506962090189504, 11.858441406834869 ], [ 79.505894075063367, 11.858726148144882 ], [ 79.503957198614643, 11.859358072610695 ], [ 79.502474651409102, 11.860067068814034 ], [ 79.500271294222941, 11.861440155684075 ], [ 79.500211028047133, 11.861484456123973 ], [ 79.49871054687523, 11.862587434624094 ], [ 79.491870999779096, 11.864917196569477 ], [ 79.491851693187016, 11.864923774166437 ], [ 79.491804957436059, 11.864939470903829 ], [ 79.486556639321805, 11.8667021845876 ], [ 79.48329404534644, 11.867223153267036 ], [ 79.483233910324714, 11.867242501717193 ], [ 79.481952597420886, 11.867654775729868 ], [ 79.481918268302309, 11.867665822676285 ], [ 79.481339281643812, 11.86785211213817 ], [ 79.481272719176175, 11.867875413916234 ], [ 79.480123702062571, 11.868277648392159 ], [ 79.480046637390984, 11.868304625700763 ], [ 79.479012861551908, 11.868666509242265 ], [ 79.478090414824322, 11.868955637184948 ], [ 79.478023528963206, 11.868976602194973 ], [ 79.47546135500815, 11.869779650183228 ], [ 79.472763618988537, 11.870607199965386 ], [ 79.472693840552196, 11.870628604400604 ], [ 79.471062303265199, 11.871129066658407 ], [ 79.470999108581594, 11.871148449995445 ], [ 79.470991975059903, 11.871150638082172 ], [ 79.469642674960454, 11.871426362361856 ], [ 79.469595679596381, 11.871435965670253 ], [ 79.467912808082431, 11.871779838435611 ], [ 79.466412140959278, 11.871667318796652 ], [ 79.466239058960213, 11.871693350736267 ], [ 79.466172771377103, 11.871703320620334 ], [ 79.465659551278861, 11.871780507431243 ], [ 79.459543656432871, 11.871964130407937 ], [ 79.459484880562144, 11.87196589300366 ], [ 79.459427543792501, 11.871967613402543 ], [ 79.455076865429291, 11.871494192093623 ], [ 79.455259827998148, 11.86908950799454 ], [ 79.454961207336453, 11.86805455429038 ], [ 79.453422521713833, 11.862798196372173 ], [ 79.451242731829169, 11.862762566123664 ], [ 79.450718571149082, 11.85862234597805 ], [ 79.450044599327384, 11.854082217086072 ], [ 79.450038227577068, 11.85403930099733 ], [ 79.452266130330059, 11.853977294863856 ], [ 79.452332657763364, 11.853975443356925 ], [ 79.451514718341016, 11.849162563382064 ], [ 79.45150077379283, 11.849080512736306 ], [ 79.452065101742534, 11.848565094821 ], [ 79.453353476302809, 11.848177583872801 ], [ 79.453418659856439, 11.84815797823037 ], [ 79.455969921975736, 11.847637445271939 ], [ 79.460434507615304, 11.846822675934565 ], [ 79.46302596485198, 11.847424274295266 ], [ 79.463079881735325, 11.847436791168985 ], [ 79.463137482609682, 11.847450161725092 ], [ 79.464078233409495, 11.847712052349042 ], [ 79.465574166411116, 11.847512736411163 ], [ 79.467455583569134, 11.847824045569153 ], [ 79.469391967741046, 11.847583941980082 ], [ 79.472227643665832, 11.846882422439377 ], [ 79.472300921938498, 11.846398752053229 ], [ 79.472420573042754, 11.845114382113907 ], [ 79.472422827814142, 11.845090179863586 ], [ 79.471153247806242, 11.845002475701476 ], [ 79.470978805757852, 11.844785521282292 ], [ 79.470272132564887, 11.844641183244967 ], [ 79.469464525564874, 11.844835719377258 ], [ 79.469097334700905, 11.844496901399468 ], [ 79.468849385309468, 11.843940958227956 ], [ 79.468803336769682, 11.843556793077573 ], [ 79.468922493800534, 11.843122823744126 ], [ 79.470661570206843, 11.843000224645001 ], [ 79.471078891555237, 11.842276912139095 ], [ 79.470858498883416, 11.841793332069518 ], [ 79.470417953389997, 11.841576562371289 ], [ 79.469757094276488, 11.841310079964529 ], [ 79.469706558651879, 11.841020795252344 ], [ 79.469802646047938, 11.840202664334287 ], [ 79.469976841059633, 11.839813914156439 ], [ 79.471417613011226, 11.839623627160117 ], [ 79.471958911750264, 11.839162363672544 ], [ 79.471931010975851, 11.838077594805155 ], [ 79.471636515377952, 11.835352092305898 ], [ 79.471855564170099, 11.835174108626683 ], [ 79.471914946403658, 11.835125858864366 ], [ 79.472053896015154, 11.835012956602847 ], [ 79.472370535983131, 11.835085209061644 ], [ 79.472884667871398, 11.835618392368698 ], [ 79.475307747586143, 11.836508061980052 ], [ 79.476532926564502, 11.83653476371718 ], [ 79.478171196724546, 11.837185084291953 ], [ 79.480497603341732, 11.837184307068444 ], [ 79.480763690617067, 11.836822583132683 ], [ 79.480423487839204, 11.835150294110786 ], [ 79.479982256032898, 11.83314814936379 ], [ 79.48061396661204, 11.831362874314069 ], [ 79.480665278381082, 11.831217863610917 ], [ 79.481155729780113, 11.829748699307068 ], [ 79.481024143658985, 11.828927123214379 ], [ 79.481012332609623, 11.828853384094211 ], [ 79.480961231944704, 11.828534330966072 ], [ 79.48095410471123, 11.828489831749801 ], [ 79.480934931968093, 11.828370121427771 ], [ 79.480760398291565, 11.827692190137945 ], [ 79.4802232560573, 11.826874304216641 ], [ 79.47931895889171, 11.825862144198883 ], [ 79.479832698216171, 11.825355674597105 ], [ 79.479731617983774, 11.82511168432884 ], [ 79.478776788786817, 11.823882600421241 ], [ 79.477579084781453, 11.823254680702219 ], [ 79.477014613999614, 11.822965604619229 ], [ 79.47718883775741, 11.822703413324751 ], [ 79.477629330250238, 11.822630890301053 ], [ 79.477776103289571, 11.82243651598214 ], [ 79.477629154180434, 11.822242145921495 ], [ 79.47767493502225, 11.821975515424523 ], [ 79.478115435599918, 11.821875932941735 ], [ 79.478730255156805, 11.821875662129246 ], [ 79.478826471011928, 11.821563757182057 ], [ 79.47855573405667, 11.821441813140712 ], [ 79.47858319735154, 11.821224903336111 ], [ 79.478775824894541, 11.820912902686858 ], [ 79.479780301282304, 11.819967906337528 ], [ 79.479949848410712, 11.819389294980178 ], [ 79.479610153180957, 11.819005175357018 ], [ 79.479610048976369, 11.81876561798987 ], [ 79.480564244861071, 11.818281693883549 ], [ 79.480513791881449, 11.818137018286182 ], [ 79.480022673034142, 11.817653587221393 ], [ 79.481484175407545, 11.816412948638691 ], [ 79.48154084472894, 11.816364843287092 ], [ 79.482667127279342, 11.811946885110977 ], [ 79.482690929939437, 11.811853512069446 ], [ 79.48268101792857, 11.811839265755582 ], [ 79.481194350150787, 11.809702482629703 ], [ 79.480216542048893, 11.808206695334514 ], [ 79.479899745774034, 11.807510704149022 ], [ 79.479482290576669, 11.807750438426829 ], [ 79.479092293284296, 11.80762851637351 ], [ 79.479064532647058, 11.807027381832386 ], [ 79.478991010032615, 11.806665807095721 ], [ 79.478578216193256, 11.807004945383037 ], [ 79.478087144058364, 11.806593768722196 ], [ 79.477940196745863, 11.806209649623129 ], [ 79.477940019777776, 11.805893259929315 ], [ 79.477623625948169, 11.806232387741423 ], [ 79.477206067444541, 11.806282263167258 ], [ 79.477109665638153, 11.806137603215905 ], [ 79.476788428990872, 11.805748963808304 ], [ 79.473365626772789, 11.805338773612871 ], [ 79.47271390622069, 11.804832737372177 ], [ 79.472392407265374, 11.803870119397324 ], [ 79.472369361885058, 11.803336742362315 ], [ 79.472639805989559, 11.802613431433087 ], [ 79.472318561257438, 11.80249607606018 ], [ 79.471437788274173, 11.802880530987656 ], [ 79.470900711616949, 11.802085137089099 ], [ 79.471069876961366, 11.800033064835411 ], [ 79.470555772022593, 11.799481724353683 ], [ 79.46830764909086, 11.799238397801165 ], [ 79.464637581099254, 11.800152494724944 ], [ 79.464015613647703, 11.800512483826251 ], [ 79.463926511551293, 11.800564054760965 ], [ 79.463977181024873, 11.801260143600809 ], [ 79.465886112681716, 11.802199699903332 ], [ 79.465785282180974, 11.802588487671976 ], [ 79.4652488253613, 11.80374577221354 ], [ 79.465786023291088, 11.805047338763995 ], [ 79.467208708562751, 11.806249230953631 ], [ 79.466424437997205, 11.807284568162776 ], [ 79.463538655842527, 11.807746407684984 ], [ 79.462557003849497, 11.808325249393116 ], [ 79.460432957123118, 11.809166631156662 ], [ 79.457689384566109, 11.80962835407742 ], [ 79.455588331117752, 11.810686579819031 ], [ 79.453679768668522, 11.81107584004209 ], [ 79.453262212859812, 11.811003616417006 ], [ 79.452610557884739, 11.810515606568995 ], [ 79.452433190921766, 11.810363546919239 ], [ 79.452395426645552, 11.810331170274813 ], [ 79.451155817130498, 11.80926842179082 ], [ 79.449453342580426, 11.808211204411631 ], [ 79.448567869611608, 11.808211383789878 ], [ 79.446741956660063, 11.809020889426897 ], [ 79.445416069351822, 11.809147768366582 ], [ 79.444406834588008, 11.809893777006252 ], [ 79.443521370602355, 11.809957238703515 ], [ 79.442511770224215, 11.809270445064257 ], [ 79.442388189888888, 11.809130400389085 ], [ 79.442368260764312, 11.809107814630504 ], [ 79.441690294134546, 11.808339512596474 ], [ 79.440303500151742, 11.802802771626345 ], [ 79.440238728924811, 11.7998783138913 ], [ 79.438278686721574, 11.795214093692358 ], [ 79.438470634239891, 11.791412672791461 ], [ 79.439293034695964, 11.790716083231896 ], [ 79.439351337154562, 11.790666700056056 ], [ 79.438777391841427, 11.789435702066388 ], [ 79.435436232109652, 11.782269296779981 ], [ 79.431968090122567, 11.783015739937504 ], [ 79.431960610749528, 11.782991050296364 ], [ 79.431960043014271, 11.782989174565969 ], [ 79.431091449389612, 11.780122012002858 ], [ 79.431082189555681, 11.780091446861631 ], [ 79.43067307072414, 11.778648149581501 ], [ 79.430641467094162, 11.778536656597097 ], [ 79.431081909281303, 11.778071090256635 ], [ 79.431526757704958, 11.777600861410598 ], [ 79.431274365246097, 11.777166980195677 ], [ 79.432407348330216, 11.776669554165142 ], [ 79.433861500687939, 11.776149500948526 ], [ 79.435310960246653, 11.775028266742041 ], [ 79.435310504800796, 11.772542260272976 ], [ 79.435746246104102, 11.767854837150637 ], [ 79.435750016333358, 11.767814279389109 ], [ 79.437708791013719, 11.767501991108887 ], [ 79.438777482571268, 11.766629405817209 ], [ 79.440265068427266, 11.766509789859324 ], [ 79.440355482063964, 11.766502520418415 ], [ 79.441034619198533, 11.767374778083026 ], [ 79.441222886319153, 11.768120483393094 ], [ 79.44197988133773, 11.768369010340283 ], [ 79.442424718981584, 11.767998226263963 ], [ 79.442612662708711, 11.767374385854581 ], [ 79.443181469658413, 11.766877115355344 ], [ 79.443750141860804, 11.766253231948895 ], [ 79.443369308282627, 11.765756124757695 ], [ 79.443240690195196, 11.765195617632182 ], [ 79.446272960623261, 11.765384830600313 ], [ 79.44671333184354, 11.765072815707049 ], [ 79.446144350620671, 11.764385883402362 ], [ 79.447029520857242, 11.763888481739812 ], [ 79.450796251166651, 11.764560001254457 ], [ 79.450878538643295, 11.764574671276041 ], [ 79.450498675245612, 11.768244983902017 ], [ 79.450943686264353, 11.768308203710221 ], [ 79.452833856606475, 11.768741670623774 ], [ 79.453150572931278, 11.769424099924599 ], [ 79.453779096287775, 11.769672522800526 ], [ 79.459081937648207, 11.768925361843326 ], [ 79.4619856223282, 11.768364008126355 ], [ 79.463392007669029, 11.767886210973257 ], [ 79.463446770765387, 11.767867605659269 ], [ 79.463623221446753, 11.767807658125996 ], [ 79.46375151614069, 11.767247141989424 ], [ 79.462865682947438, 11.765877782225365 ], [ 79.462237066166097, 11.76525417269742 ], [ 79.462042477600832, 11.75853753295061 ], [ 79.460528246815201, 11.757105135257104 ], [ 79.460312140903952, 11.755310738622871 ], [ 79.460415397754289, 11.754988294920162 ], [ 79.460422166559937, 11.754967156723756 ], [ 79.460532174249636, 11.754623633320868 ], [ 79.461256898189916, 11.754501396579679 ], [ 79.463087123054848, 11.754188919934554 ], [ 79.463086950578329, 11.753691790072603 ], [ 79.461935638269125, 11.751383412608034 ], [ 79.461728908074505, 11.750280535342421 ], [ 79.462080742238697, 11.74558867592029 ], [ 79.462791058998448, 11.743229058730865 ], [ 79.460699004872623, 11.742108618299586 ], [ 79.45729476095002, 11.739365867889395 ], [ 79.456928963373073, 11.73787235135369 ], [ 79.456922817998191, 11.737847260994135 ], [ 79.454289828950991, 11.737608426198618 ], [ 79.450844862599908, 11.736813676394304 ], [ 79.446532789336018, 11.73525986335031 ], [ 79.442551333825946, 11.735287868735711 ], [ 79.440267545980831, 11.737611562606322 ], [ 79.440238724433257, 11.737612683128866 ], [ 79.439799706075803, 11.73762973899432 ], [ 79.437661387814515, 11.733733966178022 ], [ 79.436055923230299, 11.733372621362891 ], [ 79.432950409563858, 11.731940322421906 ], [ 79.431317274173949, 11.730729263290709 ], [ 79.431106486289167, 11.731945223269596 ], [ 79.429909323069595, 11.731895709047793 ], [ 79.428450551574656, 11.731163650422518 ], [ 79.429071925239839, 11.728324172329815 ], [ 79.42910141423566, 11.728189419206672 ], [ 79.431270642627553, 11.726720019666887 ], [ 79.434967436397187, 11.726077533947175 ], [ 79.434967086952511, 11.723903385032667 ], [ 79.435861481090441, 11.723939393940677 ], [ 79.435581301044877, 11.72210884882278 ], [ 79.435805787339447, 11.72061716781233 ], [ 79.437057546568724, 11.718582905783553 ], [ 79.436543700344743, 11.717873363765403 ], [ 79.436567985400146, 11.714534814858069 ], [ 79.436574934767151, 11.713579341854924 ], [ 79.435524623638656, 11.713452921100666 ], [ 79.435376949589099, 11.709000748364694 ], [ 79.434518216771352, 11.703337338776731 ], [ 79.435374703800889, 11.700667463932437 ], [ 79.435714554439201, 11.699608049081187 ], [ 79.436741145552602, 11.695878826994045 ], [ 79.436762234402238, 11.695667808734601 ], [ 79.437153113840239, 11.691756499411824 ], [ 79.439629593008746, 11.691502845307246 ], [ 79.439290071153835, 11.690797764160635 ], [ 79.440340161296788, 11.690327508791265 ], [ 79.44130032558823, 11.689720239315058 ], [ 79.441333725848821, 11.689699114595006 ], [ 79.44149117356865, 11.689599534398811 ], [ 79.441770608910844, 11.688153037403753 ], [ 79.442687432184755, 11.68620022505106 ], [ 79.442649937403104, 11.682661072040505 ], [ 79.442354570439363, 11.680043800899142 ], [ 79.442348980223372, 11.679994268585961 ], [ 79.442048033823397, 11.677327479938578 ], [ 79.442463457031579, 11.671611411349961 ], [ 79.442496111690474, 11.671162072729491 ], [ 79.442866644287307, 11.670101789334925 ], [ 79.443781840712248, 11.667482890863205 ], [ 79.443793042703817, 11.667450835262619 ], [ 79.444278807592028, 11.666008859018792 ], [ 79.442614286862735, 11.666194538195882 ], [ 79.435625552954107, 11.665947292615957 ], [ 79.435047487967083, 11.664754080052608 ], [ 79.433382765116846, 11.6639408367671 ], [ 79.43127834208785, 11.666418208696468 ], [ 79.431654634682275, 11.667765058638466 ], [ 79.430737459268755, 11.667796910100009 ], [ 79.429412133407581, 11.66773381508275 ], [ 79.429360791095846, 11.667708259128958 ], [ 79.428531564341938, 11.667295503184922 ], [ 79.428462758781038, 11.666793832316635 ], [ 79.426357912645585, 11.666983951974967 ], [ 79.424560265184425, 11.667174111971779 ], [ 79.421166864825622, 11.667233364347169 ], [ 79.418543864146059, 11.667735420632454 ], [ 79.418473897961832, 11.667751657358172 ], [ 79.418473459583979, 11.667751759409541 ], [ 79.417842247569823, 11.667898240919328 ], [ 79.41838845470356, 11.671500599155449 ], [ 79.41488957326581, 11.672599399165868 ], [ 79.414618961176345, 11.672255881562709 ], [ 79.414594528797252, 11.67222486812468 ], [ 79.414567333200324, 11.672190345403781 ], [ 79.414348384121212, 11.671912408400781 ], [ 79.412312307613973, 11.672382697659112 ], [ 79.40996894709248, 11.672758111743446 ], [ 79.403961626224984, 11.675045837243221 ], [ 79.403659016145099, 11.675927219808401 ], [ 79.403566218379652, 11.67595261313509 ], [ 79.401824748861401, 11.676429135435791 ], [ 79.401723747680748, 11.67554768056897 ], [ 79.399279553963552, 11.676334391602582 ], [ 79.39927962942204, 11.677369401367594 ], [ 79.39523021097078, 11.677252091200355 ], [ 79.395895293064441, 11.679480453337515 ], [ 79.394913905176097, 11.679263527602812 ], [ 79.395477951953126, 11.680271556176182 ], [ 79.393244331423332, 11.680306463205259 ], [ 79.393186922788487, 11.680307358753469 ], [ 79.392290696087386, 11.68032135499295 ], [ 79.392180630007232, 11.679580117225047 ], [ 79.390905792159955, 11.680221947368599 ], [ 79.390433419356015, 11.679733831663446 ], [ 79.384976060580186, 11.68085941089676 ], [ 79.384888982388134, 11.679503439435962 ], [ 79.384224021567064, 11.679607390169377 ], [ 79.384196444186145, 11.680398343974222 ], [ 79.383366428711398, 11.68034868328626 ], [ 79.383366435897912, 11.679711317111519 ], [ 79.38214649858925, 11.679684208684204 ], [ 79.381619130923625, 11.678043435284234 ], [ 79.376909351025574, 11.679119209162577 ], [ 79.376547123353518, 11.67807052803705 ], [ 79.375634478144008, 11.678174436201578 ], [ 79.374277142614332, 11.675123398634302 ], [ 79.371640189301758, 11.675484908415809 ], [ 79.371195477422035, 11.673920931154344 ], [ 79.367425884181799, 11.674020246906617 ], [ 79.366898535380784, 11.673536597253017 ], [ 79.364403806038965, 11.67348220676014 ], [ 79.363436241426214, 11.672487690033142 ], [ 79.361551483433644, 11.672691006251448 ], [ 79.361579288088336, 11.668234227086351 ], [ 79.360304378375872, 11.66874486528202 ], [ 79.360524797997144, 11.664749209686196 ], [ 79.363149162319289, 11.662639432992931 ], [ 79.363165594302458, 11.662626222375073 ], [ 79.363212206085919, 11.662588752111596 ], [ 79.36320747106609, 11.662584954146316 ], [ 79.359841916684431, 11.659885603821071 ], [ 79.351638334423228, 11.658659917082653 ], [ 79.351156991941167, 11.65763377966165 ], [ 79.344727584162698, 11.660245636076473 ], [ 79.341655132091958, 11.660688130123882 ], [ 79.341546756641165, 11.660547534909375 ], [ 79.340958269400232, 11.65978409060161 ], [ 79.337716068978452, 11.660782537067803 ], [ 79.336413810057167, 11.66029861536262 ], [ 79.332314065288756, 11.660962378037002 ], [ 79.332269510647322, 11.660918844140628 ], [ 79.330900845565239, 11.659581520656683 ], [ 79.330791888904429, 11.659475057686965 ], [ 79.330384132817201, 11.657712176436803 ], [ 79.329535771049407, 11.657743609394499 ], [ 79.328908083126095, 11.654683442776511 ], [ 79.328019570258334, 11.649205022902411 ], [ 79.327377679072086, 11.649024054319392 ], [ 79.326405781884716, 11.647844112338488 ], [ 79.32630893002235, 11.64785528512518 ], [ 79.321086539982147, 11.648457758000255 ], [ 79.319976925671867, 11.647996529909063 ], [ 79.319619494105126, 11.647024639691402 ], [ 79.318510957773185, 11.642079418011093 ], [ 79.311703873096462, 11.643874503397383 ], [ 79.31160953921183, 11.643899379676933 ], [ 79.311279340971268, 11.641995707902634 ], [ 79.310863138025397, 11.63959615317318 ], [ 79.30873935720038, 11.632678704171695 ], [ 79.308732804888692, 11.632657362183577 ], [ 79.308672962717708, 11.632681957029812 ], [ 79.304743219625266, 11.634297066340373 ], [ 79.296586418030785, 11.636305968424878 ], [ 79.296347026889038, 11.636364920314858 ], [ 79.296771711727814, 11.642308912193252 ], [ 79.296661515391904, 11.64268857429405 ], [ 79.296436741636469, 11.643086238985838 ], [ 79.295982730396929, 11.643230740687178 ], [ 79.293795145830501, 11.644256148251644 ], [ 79.292886693058406, 11.645878572069067 ], [ 79.291464818965451, 11.647274807276823 ], [ 79.291455180042462, 11.647277862005199 ], [ 79.29115023164789, 11.647374552234657 ], [ 79.291086410838531, 11.64739478716268 ], [ 79.288360154206941, 11.648259162718258 ], [ 79.28695701178431, 11.648136671332688 ], [ 79.285673023697555, 11.648244714396528 ], [ 79.284925784383006, 11.647810541186715 ], [ 79.282013517198763, 11.649242376196892 ], [ 79.281584759398498, 11.649262567878136 ], [ 79.281156003394884, 11.649282758678114 ], [ 79.280362771236042, 11.649237170350087 ], [ 79.280329757251039, 11.649235271716087 ], [ 79.27957400729747, 11.649191833640858 ], [ 79.279120217043484, 11.648830052946584 ], [ 79.278469187295812, 11.648450146726331 ], [ 79.278355059932238, 11.647170921857802 ], [ 79.275200311401719, 11.647120102662058 ], [ 79.275158734675415, 11.647092647042417 ], [ 79.274077149598597, 11.646378384704377 ], [ 79.273403615256456, 11.645117045060921 ], [ 79.272321059100804, 11.64606582814779 ], [ 79.272362721167056, 11.645116596350226 ], [ 79.271087479976245, 11.646205454969474 ], [ 79.270901808986807, 11.643914333246173 ], [ 79.270886738849597, 11.643728376106058 ], [ 79.270808321315172, 11.64374937323158 ], [ 79.265947696314612, 11.645050856704968 ], [ 79.265970200909138, 11.646117600383233 ], [ 79.265074489840998, 11.646348784887692 ], [ 79.264024815618029, 11.646619708919408 ], [ 79.263172839927861, 11.646839598764133 ], [ 79.26296089411467, 11.64922164518946 ], [ 79.261163428113207, 11.649017444287683 ], [ 79.259572270996514, 11.64903486985477 ], [ 79.256201250366388, 11.650678698765583 ], [ 79.255669480955859, 11.650271725123087 ], [ 79.252683602223996, 11.651924701071298 ], [ 79.25048219258538, 11.652547462142492 ], [ 79.248743665948041, 11.652397499955653 ], [ 79.248727724445018, 11.652366698090754 ], [ 79.248500406660668, 11.651927476850869 ], [ 79.248051012761707, 11.651796651821543 ], [ 79.248312203320424, 11.651389687734643 ], [ 79.248578087576561, 11.651262999297371 ], [ 79.248403576357902, 11.65061224603218 ], [ 79.248660244797506, 11.650363547211505 ], [ 79.248559111564475, 11.649671988871761 ], [ 79.248645954397958, 11.649021084952066 ], [ 79.248012713089551, 11.647990766235703 ], [ 79.247145794822941, 11.647322118610246 ], [ 79.247085979601422, 11.646870107381966 ], [ 79.246604581423824, 11.646843223620255 ], [ 79.24606298174912, 11.645663664782671 ], [ 79.245741593286567, 11.645415399686351 ], [ 79.245715994894212, 11.645395625642049 ], [ 79.245361183713214, 11.645121540086361 ], [ 79.244636212736197, 11.644000865266712 ], [ 79.244099127994133, 11.642468799943739 ], [ 79.243085886744126, 11.64279918682573 ], [ 79.242503137941213, 11.641678454254995 ], [ 79.241210056208857, 11.641764773171284 ], [ 79.239397150862629, 11.637322285398534 ], [ 79.239030351664141, 11.637412806067218 ], [ 79.238709152746097, 11.63684340398221 ], [ 79.236634964314632, 11.632387392403555 ], [ 79.235606765216815, 11.629327637407725 ], [ 79.235542468300366, 11.62933139095381 ], [ 79.235061100665476, 11.629359499433811 ], [ 79.233057753377338, 11.630359138293604 ], [ 79.231466792991682, 11.630526956150328 ], [ 79.230953287229212, 11.630644604563997 ], [ 79.229353268232259, 11.631305120061878 ], [ 79.228353864630904, 11.631621853218562 ], [ 79.227895307916015, 11.631689763150865 ], [ 79.225135093170081, 11.631754001380898 ], [ 79.224635390920241, 11.631984642627774 ], [ 79.224750372581653, 11.633069425215911 ], [ 79.223636364611295, 11.633616702113997 ], [ 79.223834009245152, 11.635221310194979 ], [ 79.223701124160115, 11.635519659598536 ], [ 79.223579001790498, 11.635504454819177 ], [ 79.223375561226433, 11.63547912642299 ], [ 79.222903360899025, 11.635596792979943 ], [ 79.222330268087077, 11.635818375581414 ], [ 79.22212401040629, 11.636139399045355 ], [ 79.222101120434544, 11.636275021361234 ], [ 79.221757661263766, 11.637481978049548 ], [ 79.218694936150911, 11.638292041585691 ], [ 79.218887720000765, 11.638902161675086 ], [ 79.217534747588431, 11.638003090165983 ], [ 79.216571932368609, 11.638175097643103 ], [ 79.216595095428204, 11.639187566390893 ], [ 79.216530656577902, 11.639193684823704 ], [ 79.216260429865741, 11.639219344582749 ], [ 79.215820181714662, 11.639165182287213 ], [ 79.215535346599324, 11.637293973597657 ], [ 79.209999900869107, 11.633715673293246 ], [ 79.210022721670612, 11.633369901793484 ], [ 79.210040239716932, 11.633104459599334 ], [ 79.210045541573777, 11.633024129864134 ], [ 79.210952895706257, 11.631188674708294 ], [ 79.211195719310737, 11.630375014696028 ], [ 79.211135516016981, 11.628232531583885 ], [ 79.211013976653987, 11.627835091149446 ], [ 79.210892270204383, 11.627437099342304 ], [ 79.210149180208077, 11.626384087662528 ], [ 79.209883092932728, 11.625891471768966 ], [ 79.21261114799151, 11.625402552290268 ], [ 79.212514499148384, 11.624150513036867 ], [ 79.212583136724319, 11.623721137237267 ], [ 79.212358011727574, 11.622102996921601 ], [ 79.212389482406934, 11.620091596378563 ], [ 79.212366039971272, 11.620089640351937 ], [ 79.211417436099239, 11.62001050617177 ], [ 79.21109161085748, 11.618948300418952 ], [ 79.209418117755135, 11.618921714888426 ], [ 79.206148198916978, 11.616016169665251 ], [ 79.205533969553244, 11.616341722006547 ], [ 79.204533931741295, 11.614344165051582 ], [ 79.203827192971318, 11.611935100207683 ], [ 79.203212963607584, 11.612247117850982 ], [ 79.202588940810628, 11.610561272148226 ], [ 79.20223132958084, 11.610620196049631 ], [ 79.20178657907357, 11.610475660705896 ], [ 79.201539324079846, 11.611578536597012 ], [ 79.194976552414289, 11.603389687932674 ], [ 79.194393925782279, 11.601965998786431 ], [ 79.193820259845182, 11.599303859650073 ], [ 79.192657222724947, 11.593568531028263 ], [ 79.192653011422891, 11.59354776243806 ], [ 79.192539828188657, 11.592989609407308 ], [ 79.190275140323124, 11.593541462605646 ], [ 79.189692615200727, 11.592131324396803 ], [ 79.188766340751684, 11.591403803963633 ], [ 79.188055538003354, 11.590206077829208 ], [ 79.186776161867272, 11.588579099707662 ], [ 79.18544174056386, 11.586929546052549 ], [ 79.184997023294258, 11.58660869209211 ], [ 79.183690281779704, 11.585976126386766 ], [ 79.183627561406567, 11.586007832323048 ], [ 79.182590144695624, 11.586532262366823 ], [ 79.181742064100519, 11.587016121285375 ], [ 79.180829904879573, 11.587576750269299 ], [ 79.179894755075537, 11.588236828332963 ], [ 79.179234679292961, 11.588797460147696 ], [ 79.17851501735926, 11.589339901217215 ], [ 79.178217101875092, 11.589882431873484 ], [ 79.178038470084218, 11.590840665869738 ], [ 79.177616739804392, 11.591252075269155 ], [ 79.176892486581323, 11.591717792867996 ], [ 79.174375737735232, 11.592653755047778 ], [ 79.174204331992499, 11.592406759185007 ], [ 79.173949234706342, 11.592039165436667 ], [ 79.171973474680541, 11.592889179706075 ], [ 79.169878476775537, 11.594046608570803 ], [ 79.16691241308223, 11.595610878187747 ], [ 79.165404180347736, 11.596149012605014 ], [ 79.160714322387733, 11.597898805112711 ], [ 79.159325094868848, 11.597166637590243 ], [ 79.156487327666085, 11.59824271723607 ], [ 79.155923350059354, 11.597591826879238 ], [ 79.15370455442671, 11.598162049223346 ], [ 79.153634415765964, 11.598180073714056 ], [ 79.15331931012048, 11.598261052352017 ], [ 79.153172543369351, 11.597790897394933 ], [ 79.150884858632523, 11.597895071382817 ], [ 79.150233830681501, 11.597461201598264 ], [ 79.149179062112566, 11.593022501653413 ], [ 79.149001845168243, 11.591105915983473 ], [ 79.149000182386672, 11.591087927995963 ], [ 79.148257479564251, 11.591119628072212 ], [ 79.147743903733172, 11.589478846302232 ], [ 79.146258571750224, 11.58979988880678 ], [ 79.145969663673384, 11.589054105782836 ], [ 79.145524979641436, 11.589230332269889 ], [ 79.145149058051246, 11.588484567965709 ], [ 79.144598888448726, 11.588927550039386 ], [ 79.143654430301737, 11.587693600156424 ], [ 79.142072833056332, 11.588697145099733 ], [ 79.141550154596473, 11.58793327414104 ], [ 79.13939093882675, 11.58858426356762 ], [ 79.13754340073136, 11.589470166856447 ], [ 79.137020748322627, 11.588837406988279 ], [ 79.136447713002909, 11.589366287166255 ], [ 79.135755434414023, 11.58895040897843 ], [ 79.135692988027017, 11.588995423729244 ], [ 79.134118824340618, 11.590130176207063 ], [ 79.134673508875707, 11.592100933863932 ], [ 79.1333394118641, 11.592697550415108 ], [ 79.133587022590717, 11.593927084421981 ], [ 79.131890706890246, 11.594134945089777 ], [ 79.13189071317845, 11.594600525883941 ], [ 79.130111887219158, 11.594844636100081 ], [ 79.130148533991189, 11.595486454970681 ], [ 79.12377595992578, 11.597226550773602 ], [ 79.123404608065457, 11.597362156827062 ], [ 79.122648087357348, 11.597678526403627 ], [ 79.121511069040977, 11.597985875010719 ], [ 79.119090400404417, 11.598541779405634 ], [ 79.116472470714655, 11.599178976974553 ], [ 79.116903369200244, 11.600788143568879 ], [ 79.117091340775119, 11.601687599156612 ], [ 79.117297628100317, 11.602252619607842 ], [ 79.117682655912589, 11.603617723346535 ], [ 79.117911761344331, 11.604892371036202 ], [ 79.118063061892698, 11.605235973598376 ], [ 79.118063105910124, 11.605516179745125 ], [ 79.116169548919359, 11.605362403156308 ], [ 79.11638961190944, 11.606691353167109 ], [ 79.116504126446941, 11.607613443869322 ], [ 79.116494921410208, 11.608869959749279 ], [ 79.116334410435229, 11.609525373954996 ], [ 79.116054656191153, 11.610185276050338 ], [ 79.115509023080847, 11.610863268010425 ], [ 79.114633269883399, 11.611825998573746 ], [ 79.113899702927426, 11.612540133983469 ], [ 79.112941390962135, 11.613285856011716 ], [ 79.112038097214693, 11.613819208270508 ], [ 79.111657589724985, 11.613990967588666 ], [ 79.111595012183983, 11.613987146081838 ], [ 79.111286191152217, 11.613968282285557 ], [ 79.110809386060652, 11.613859764836668 ], [ 79.110369179232109, 11.613846200812507 ], [ 79.109984067876539, 11.613923019904375 ], [ 79.109351341302769, 11.614063094011064 ], [ 79.108526076119247, 11.614302545609783 ], [ 79.107691612187224, 11.614465235276418 ], [ 79.106183124331196, 11.614890030394436 ], [ 79.105926472959567, 11.613945291647186 ], [ 79.104555621378125, 11.613642316247642 ], [ 79.103955062576389, 11.612625206276249 ], [ 79.103354513656129, 11.61149516401189 ], [ 79.102868606834107, 11.610676972900231 ], [ 79.102808958699271, 11.610730327677627 ], [ 79.102373432991627, 11.611119904796665 ], [ 79.101795695889692, 11.611775202843244 ], [ 79.101208768124081, 11.612380869634485 ], [ 79.100993162574412, 11.612864498963273 ], [ 79.100713478398902, 11.613135648287086 ], [ 79.100557609019035, 11.613289327317821 ], [ 79.099310468926944, 11.613619167195958 ], [ 79.098700603578877, 11.613827026393599 ], [ 79.098219189231571, 11.614175037799846 ], [ 79.097976107810624, 11.614636050041067 ], [ 79.097870609663673, 11.615056383704797 ], [ 79.09781557168283, 11.615589700019186 ], [ 79.097870557561407, 11.615906138675985 ], [ 79.098040090316758, 11.616308475263565 ], [ 79.098260179357993, 11.616837316577898 ], [ 79.098553531400555, 11.617488212182582 ], [ 79.098874386263844, 11.61832450064249 ], [ 79.099011799756212, 11.618970895566186 ], [ 79.099030075082354, 11.619576610075264 ], [ 79.098929119715791, 11.620141552925043 ], [ 79.098626396448182, 11.621153991351001 ], [ 79.09711785918482, 11.621669103203972 ], [ 79.09690705602867, 11.62111768576716 ], [ 79.096503593888499, 11.621158300224542 ], [ 79.096164215764034, 11.621311897400293 ], [ 79.095747003111796, 11.621470047972217 ], [ 79.095375552436749, 11.621718620398019 ], [ 79.094916993026942, 11.622089218603637 ], [ 79.094586866651611, 11.622491459153936 ], [ 79.09427042341467, 11.622758135400849 ], [ 79.093830278569854, 11.622884587808763 ], [ 79.093435921753397, 11.622916239397163 ], [ 79.092908609783294, 11.623020052041696 ], [ 79.092335539429271, 11.623060657422768 ], [ 79.092028320093661, 11.623132970674991 ], [ 79.091702755363329, 11.623214269387729 ], [ 79.091345127963891, 11.623291124612503 ], [ 79.0913542377792, 11.623783763583164 ], [ 79.091152438437121, 11.623869636664997 ], [ 79.090886506570314, 11.62408651414281 ], [ 79.090725968645899, 11.624335160784323 ], [ 79.090693854772795, 11.624547581257136 ], [ 79.090748782260846, 11.625288834759267 ], [ 79.089428259691516, 11.625537283232733 ], [ 79.089327215391748, 11.626373446343433 ], [ 79.089116174182038, 11.627376919007288 ], [ 79.088533661636021, 11.628529446359755 ], [ 79.087735689965783, 11.629464991996233 ], [ 79.086786363848262, 11.630680701256386 ], [ 79.085424278925657, 11.632298651827625 ], [ 79.085149071055213, 11.632836533296638 ], [ 79.084089674365927, 11.634318878927358 ], [ 79.084083790400811, 11.634314855331811 ], [ 79.0835807554013, 11.633970832858687 ], [ 79.081783680166964, 11.632465335249004 ], [ 79.079800334766958, 11.630963048059039 ], [ 79.079055820940908, 11.630399115256205 ], [ 79.078516669175372, 11.6297312145895 ], [ 79.078501182219867, 11.629712028945651 ], [ 79.078471086861256, 11.629699095682886 ], [ 79.078216904958339, 11.62958985934522 ], [ 79.072407339217492, 11.630198971703495 ], [ 79.071921438683702, 11.629683565912158 ], [ 79.071577585152482, 11.629611200688664 ], [ 79.067482953594677, 11.630215954114217 ], [ 79.068332013353483, 11.626369576612804 ], [ 79.068336818441921, 11.625668992580085 ], [ 79.068410232360222, 11.625316416594718 ], [ 79.068681001654838, 11.624317607845791 ], [ 79.069070957624717, 11.623119844409731 ], [ 79.069314313930136, 11.621763845437249 ], [ 79.069337395243068, 11.620927651770451 ], [ 79.069095534632567, 11.61964724009284 ], [ 79.069085516620532, 11.619594206427896 ], [ 79.068980075965726, 11.619135967055925 ], [ 79.068975038213637, 11.619114069688431 ], [ 79.068632036285308, 11.617623387788385 ], [ 79.068554341894711, 11.617418987717894 ], [ 79.067202421409576, 11.613862322774846 ], [ 79.066258416911779, 11.611932038052077 ], [ 79.066116286365855, 11.61179194527613 ], [ 79.065781622600014, 11.611651672923941 ], [ 79.065592042142441, 11.61135896911345 ], [ 79.065590568905364, 11.611356695370199 ], [ 79.065570805969131, 11.611326182860449 ], [ 79.065926149851109, 11.611210843149948 ], [ 79.065988053655659, 11.611190749900675 ], [ 79.065928281553283, 11.610642338705942 ], [ 79.065923999284323, 11.610603045256999 ], [ 79.06754714540827, 11.610174024317519 ], [ 79.070985943926601, 11.609492217912681 ], [ 79.073700267337955, 11.608814813938835 ], [ 79.074984137745375, 11.608340424887951 ], [ 79.076075378813158, 11.607866037670032 ], [ 79.076974009405959, 11.607992815373004 ], [ 79.076841256373257, 11.60662317403818 ], [ 79.076690378033106, 11.604476159593343 ], [ 79.076988780404164, 11.602690781424021 ], [ 79.077232183421984, 11.600665768578621 ], [ 79.077571914584325, 11.598066844025274 ], [ 79.077865586427123, 11.596891709083764 ], [ 79.077402494118374, 11.596891594686717 ], [ 79.076719383735309, 11.597040652227752 ], [ 79.075857361287007, 11.597397547688885 ], [ 79.075114603667359, 11.5978267704283 ], [ 79.074706515203459, 11.597966879896294 ], [ 79.073867463575255, 11.598468383570074 ], [ 79.073308006291015, 11.5988660770641 ], [ 79.072826601825213, 11.599046801048367 ], [ 79.072358937989989, 11.599209408095641 ], [ 79.071941698388287, 11.599254458151604 ], [ 79.071414517572236, 11.599322222855367 ], [ 79.070772638962382, 11.599209074587078 ], [ 79.070383000996102, 11.599091442824324 ], [ 79.070034590311451, 11.598946770392539 ], [ 79.069438573391807, 11.598824543310096 ], [ 79.068828814943274, 11.598774685021713 ], [ 79.068150285069805, 11.598770068692348 ], [ 79.068150314714217, 11.598711306842914 ], [ 79.068228580433356, 11.597554156026487 ], [ 79.067357479610777, 11.597327919609112 ], [ 79.065262496078773, 11.596852839607404 ], [ 79.065143550152001, 11.595569130114013 ], [ 79.064593408397286, 11.595505766167204 ], [ 79.064672056798742, 11.592793722793003 ], [ 79.064268544352899, 11.592771065686222 ], [ 79.063480079553273, 11.592671434937792 ], [ 79.062691559058123, 11.592526557661682 ], [ 79.062476076577681, 11.592476833767384 ], [ 79.062256095334263, 11.592214568128188 ], [ 79.061907777176103, 11.591884495270731 ], [ 79.061554796761627, 11.591622254595164 ], [ 79.061055168173638, 11.591337416289951 ], [ 79.060505050673427, 11.591124793645191 ], [ 79.060468717413457, 11.590040012424007 ], [ 79.059528873013747, 11.589890605306897 ], [ 79.058694571676753, 11.589827057911942 ], [ 79.05799318237429, 11.589655152601386 ], [ 79.057580770318935, 11.588900171406191 ], [ 79.05700777272844, 11.588439008410203 ], [ 79.056686963679226, 11.588045663133308 ], [ 79.056494514900976, 11.587729230724987 ], [ 79.056343391320695, 11.587304295704355 ], [ 79.055774974239839, 11.586843069353879 ], [ 79.055014121855464, 11.586399942293982 ], [ 79.054560266922778, 11.586363676188432 ], [ 79.054321847758175, 11.586422386074993 ], [ 79.053913839244316, 11.586499075433256 ], [ 79.053615794402745, 11.586535126798873 ], [ 79.053304143677849, 11.586422025270833 ], [ 79.052822764364862, 11.586200460614867 ], [ 79.052433109330579, 11.586159658906602 ], [ 79.051883010695008, 11.58609624794491 ], [ 79.051085350740124, 11.586091479164015 ], [ 79.050717573276287, 11.58609139204291 ], [ 79.050653380564384, 11.586091377082726 ], [ 79.050608581581187, 11.586091367402606 ], [ 79.050021778681398, 11.585955607155435 ], [ 79.049609202234336, 11.585752063902381 ], [ 79.049192033599553, 11.585724858320509 ], [ 79.049022375978367, 11.585819705160358 ], [ 79.048926141258605, 11.585937212270913 ], [ 79.048866423953456, 11.586181223575977 ], [ 79.048728853255909, 11.58647500539988 ], [ 79.048609556986165, 11.586569917105855 ], [ 79.048394133794517, 11.586660222810186 ], [ 79.047990700400419, 11.586669154025982 ], [ 79.047564324033985, 11.586452083777612 ], [ 79.047486375420149, 11.586515368817162 ], [ 79.047367188744872, 11.586700674201662 ], [ 79.047211239414935, 11.586795521590361 ], [ 79.046913249370562, 11.586849673820407 ], [ 79.046615230580088, 11.586894813870877 ], [ 79.046115534618465, 11.586985017389253 ], [ 79.045744192639575, 11.586926202899834 ], [ 79.045469142872619, 11.586795035825389 ], [ 79.045184912323464, 11.586736173775469 ], [ 79.044983265695009, 11.586776728997004 ], [ 79.044767741892045, 11.586907764078774 ], [ 79.044529263438633, 11.587106596687068 ], [ 79.043997374552148, 11.587291744158213 ], [ 79.043662765583576, 11.587314282028364 ], [ 79.0431813763891, 11.587228228732474 ], [ 79.043451344386497, 11.588968502703837 ], [ 79.043533751339112, 11.589226176023484 ], [ 79.043663857934945, 11.589310663182124 ], [ 79.043707923892896, 11.589339278176501 ], [ 79.043918817778874, 11.589230833870664 ], [ 79.044336101398031, 11.589163155598335 ], [ 79.044611138588593, 11.589203934867989 ], [ 79.044734915654942, 11.589321473995435 ], [ 79.044844826326596, 11.589461629970504 ], [ 79.04500064719744, 11.589836866385911 ], [ 79.045101347442468, 11.590239218562534 ], [ 79.045257153940312, 11.590523970867801 ], [ 79.045490857847994, 11.590899187376422 ], [ 79.045765849224466, 11.59106658458419 ], [ 79.045967518310789, 11.591129850978628 ], [ 79.046205936577095, 11.591152536378415 ], [ 79.046792823918508, 11.591039754397904 ], [ 79.047150357893187, 11.590994651096912 ], [ 79.047425388795503, 11.591116804166932 ], [ 79.04768674015267, 11.591234360089485 ], [ 79.047943426558589, 11.591365493400028 ], [ 79.048113027585927, 11.59153281376889 ], [ 79.048245403326177, 11.59328660571007 ], [ 79.048240707832221, 11.593770271653058 ], [ 79.04836903935707, 11.593838089607067 ], [ 79.048832029257866, 11.594091366424426 ], [ 79.049735116392768, 11.594218159184463 ], [ 79.049808047017422, 11.595619453604929 ], [ 79.04943666012278, 11.595723323049626 ], [ 79.048221698582466, 11.596057417277805 ], [ 79.04789610061448, 11.596229093373188 ], [ 79.04734589687601, 11.596427835748486 ], [ 79.046616896056648, 11.596585817395974 ], [ 79.045681603420476, 11.596580996875456 ], [ 79.044966391740729, 11.596607928606879 ], [ 79.04452166009807, 11.596689124175359 ], [ 79.043934814079151, 11.596951147138512 ], [ 79.043173582605704, 11.597393870270739 ], [ 79.042270280773437, 11.597890792068933 ], [ 79.042114297307492, 11.598080629689976 ], [ 79.041761013262459, 11.599133627716547 ], [ 79.040353473586507, 11.599219057845518 ], [ 79.040358135842794, 11.598889137582997 ], [ 79.038657144411303, 11.599055849784067 ], [ 79.037717283841928, 11.59908717760835 ], [ 79.037025037592414, 11.599096021309682 ], [ 79.036199844274094, 11.598978144867468 ], [ 79.035351777153721, 11.598679587389123 ], [ 79.034466982412937, 11.598444223930994 ], [ 79.03346313304921, 11.597978317795882 ], [ 79.03283003816621, 11.5991126721066 ], [ 79.031678922588114, 11.600111201563681 ], [ 79.030885565563466, 11.600838628032514 ], [ 79.029541856578319, 11.601778337313547 ], [ 79.028198365883796, 11.602410705313869 ], [ 79.027019976555337, 11.602767317601797 ], [ 79.02626799772932, 11.602843926795135 ], [ 79.025268574365029, 11.60285259526569 ], [ 79.024292070616909, 11.602748214577856 ], [ 79.023851922178835, 11.602784225127618 ], [ 79.023569090306566, 11.603160349115486 ], [ 79.023521738311288, 11.603223319743757 ], [ 79.023301462420491, 11.603516252960507 ], [ 79.021824595262473, 11.605048028340462 ], [ 79.021393477587949, 11.605305538108761 ], [ 79.021200912028689, 11.60533711161761 ], [ 79.020164803264834, 11.605282404204187 ], [ 79.01949537422351, 11.60539514611285 ], [ 79.019220293913861, 11.60549906383665 ], [ 79.018954258740791, 11.605706871009831 ], [ 79.018393648918064, 11.606739281199056 ], [ 79.01838988138374, 11.606746219574489 ], [ 79.017981938446908, 11.606492941041004 ], [ 79.016918594560281, 11.605791891710108 ], [ 79.014819370980163, 11.604376354391745 ], [ 79.012568818105578, 11.603087184163437 ], [ 79.012140554378718, 11.602660153571657 ], [ 79.012138018434669, 11.602657624569403 ], [ 79.012390302197389, 11.602250917764582 ], [ 79.013014208213349, 11.601392363796958 ], [ 79.013904300319368, 11.599905579583151 ], [ 79.014349002317601, 11.599896759666617 ], [ 79.01444572392424, 11.598906851397075 ], [ 79.014378343091423, 11.595593641994398 ], [ 79.014534352608521, 11.595263781686413 ], [ 79.014942344952644, 11.595363306792159 ], [ 79.015194537985522, 11.595223373774074 ], [ 79.015194652071585, 11.594834577006608 ], [ 79.016308897197149, 11.594468886341 ], [ 79.018541909567503, 11.593742109425996 ], [ 79.018890329235276, 11.593579491274719 ], [ 79.018882115040327, 11.593323341710819 ], [ 79.01887939404331, 11.593238479130623 ], [ 79.018867717741273, 11.592874382676714 ], [ 79.018597252077214, 11.592743192875156 ], [ 79.01540317889679, 11.589636589880406 ], [ 79.015564772341648, 11.586847780921355 ], [ 79.015436658209097, 11.586083831866238 ], [ 79.014483241163788, 11.585925296031867 ], [ 79.014111888405111, 11.58578042405764 ], [ 79.013576369426573, 11.583800443229268 ], [ 79.013342767926844, 11.583411665766052 ], [ 79.012838591168546, 11.583167370436566 ], [ 79.012511027686742, 11.583029941129562 ], [ 79.01243530419984, 11.58299817061395 ], [ 79.01210517243463, 11.58285966143754 ], [ 79.011339673065279, 11.582628869565726 ], [ 79.009565585719102, 11.582456314770752 ], [ 79.008057482342011, 11.582143829100625 ], [ 79.007774213888538, 11.579937874745903 ], [ 79.007613878085024, 11.579621428758955 ], [ 79.007389351366299, 11.579372756356655 ], [ 79.004607538425944, 11.577468591227527 ], [ 79.004497607093043, 11.577351030395315 ], [ 79.004489658799429, 11.574679585199016 ], [ 79.004407117997857, 11.574629893331835 ], [ 79.004346774566969, 11.574632384745746 ], [ 79.002458761978119, 11.574710350765949 ], [ 78.998772492870401, 11.57465842622439 ], [ 78.996296868898028, 11.575821612144624 ], [ 78.995058410124841, 11.574068310815518 ], [ 78.993196477425343, 11.572220323088917 ], [ 78.991843541843906, 11.570706614896839 ], [ 78.990885534407496, 11.570937500212013 ], [ 78.986905885409399, 11.569411182568729 ], [ 78.983934958237157, 11.56835002699601 ], [ 78.98102813574188, 11.567017612850043 ], [ 78.981009660091431, 11.567026345796954 ], [ 78.980157293634122, 11.56742923595383 ], [ 78.977934243580279, 11.568184833078833 ], [ 78.973671414163604, 11.569506075424105 ], [ 78.973992914017273, 11.571368243842867 ], [ 78.974255258911185, 11.574559333769384 ], [ 78.973486074652527, 11.574507270152271 ], [ 78.970000980557714, 11.574271372386745 ], [ 78.96828610296852, 11.573069549251098 ], [ 78.966452006364747, 11.571723106593096 ], [ 78.964636352173741, 11.570670453243299 ], [ 78.961835173352497, 11.569830503578885 ], [ 78.960326928041624, 11.569650113608455 ], [ 78.957562653808907, 11.569587565765579 ], [ 78.956118558989047, 11.569280574040537 ], [ 78.956064553172482, 11.569291118088792 ], [ 78.955307202421068, 11.569438983780532 ], [ 78.952515597844155, 11.570063446321017 ], [ 78.950077050936812, 11.571049406722862 ], [ 78.9497057251276, 11.571022373962242 ], [ 78.946418903589048, 11.571231047233807 ], [ 78.946469209244981, 11.570706706423049 ], [ 78.942893575749309, 11.5708747238415 ], [ 78.942888751796232, 11.569762785408455 ], [ 78.940463720940656, 11.569754244400576 ], [ 78.940404048551287, 11.569379090162981 ], [ 78.938533748943215, 11.569587383592502 ], [ 78.938506786908292, 11.569407442297859 ], [ 78.938368497558486, 11.568484517052333 ], [ 78.936851162195254, 11.56858877060734 ], [ 78.936910520174266, 11.567372857786472 ], [ 78.935544460206543, 11.567445435401083 ], [ 78.933133213100689, 11.56750011061887 ], [ 78.93179467392001, 11.567667587839662 ], [ 78.931666192376525, 11.566953437166788 ], [ 78.93139573300067, 11.566976083164541 ], [ 78.931308546112447, 11.566474369860209 ], [ 78.930955578274379, 11.566528670356634 ], [ 78.930625398898428, 11.565819072926798 ], [ 78.929667385173786, 11.566212479386014 ], [ 78.928915582417588, 11.566162881063359 ], [ 78.927485347704291, 11.566226389831916 ], [ 78.925179637372921, 11.566886674938239 ], [ 78.923799842164513, 11.567076720189302 ], [ 78.922561671750543, 11.563917359879023 ], [ 78.921112565229748, 11.560052887869569 ], [ 78.919548901950677, 11.556201983053979 ], [ 78.919649697417114, 11.555813242940259 ], [ 78.921221717723299, 11.553842278075408 ], [ 78.92085115907534, 11.552550686021778 ], [ 78.92084565599589, 11.552531503877532 ], [ 78.920625519343929, 11.551726958062762 ], [ 78.920079799097053, 11.549964195914349 ], [ 78.918919971657303, 11.549101010401699 ], [ 78.91848887374573, 11.547433152318668 ], [ 78.919341418967804, 11.547094036076743 ], [ 78.919034173581068, 11.546108697232812 ], [ 78.918085345130208, 11.546230857571379 ], [ 78.917888127196107, 11.545331387385458 ], [ 78.918937777164572, 11.545060049088759 ], [ 78.918726826684704, 11.544314261283207 ], [ 78.917690879617595, 11.544178787947603 ], [ 78.91715900959575, 11.542953908766091 ], [ 78.915888975938628, 11.540129002574311 ], [ 78.915260821789687, 11.538533484372698 ], [ 78.915113826866474, 11.535825966760319 ], [ 78.914902597908906, 11.533864763416817 ], [ 78.914898163824645, 11.533823590572158 ], [ 78.915585684935778, 11.53367434886164 ], [ 78.917703217079691, 11.53299608359206 ], [ 78.917483030122099, 11.531599401259587 ], [ 78.916985820697178, 11.53003412799009 ], [ 78.916974056360232, 11.529997090584674 ], [ 78.916465089784836, 11.528394777810226 ], [ 78.915241306788474, 11.52849888343607 ], [ 78.914296850438078, 11.526275102617962 ], [ 78.913155451038079, 11.52522204538543 ], [ 78.911367705706311, 11.523319271054696 ], [ 78.910900023006462, 11.521606203414013 ], [ 78.910391079787317, 11.519757532828201 ], [ 78.909616278363174, 11.517574400355254 ], [ 78.908635304598192, 11.516073819894659 ], [ 78.907553381754838, 11.513149413035526 ], [ 78.906549479390549, 11.511192296860598 ], [ 78.905962634269926, 11.508923255600353 ], [ 78.905444557879292, 11.50679885009996 ], [ 78.90494673490501, 11.505353335217682 ], [ 78.904944876290685, 11.505347937435117 ], [ 78.903409547672283, 11.505619260387624 ], [ 78.902149179887658, 11.505537988262734 ], [ 78.899628395809302, 11.504575370371517 ], [ 78.898661363897546, 11.5046748695777 ], [ 78.897749339423854, 11.504959685893946 ], [ 78.895673215122955, 11.505610685738089 ], [ 78.893083765620929, 11.506189368803053 ], [ 78.892020493599489, 11.506704698346164 ], [ 78.890278878554227, 11.506144259773894 ], [ 78.888867272204976, 11.506216618191839 ], [ 78.885672819037168, 11.506130794403797 ], [ 78.883656244056453, 11.507459722185345 ], [ 78.881657983029442, 11.508151301326134 ], [ 78.880324273191718, 11.509046276272739 ], [ 78.878614731595334, 11.509850839615433 ], [ 78.87763396444285, 11.507522975758599 ], [ 78.879041005553859, 11.506492409392303 ], [ 78.880328882447429, 11.504666299300753 ], [ 78.881126351959452, 11.5024921341422 ], [ 78.881587711418035, 11.50142306541569 ], [ 78.882354616650815, 11.500390620208073 ], [ 78.883069568717445, 11.499219911238217 ], [ 78.883995331126769, 11.497827715235191 ], [ 78.884632364223947, 11.497249137345623 ], [ 78.887217150571345, 11.495843350421463 ], [ 78.888386347439493, 11.495097154740028 ], [ 78.888463703165243, 11.49504778593831 ], [ 78.889563593212586, 11.494283861565355 ], [ 78.890067702597221, 11.4937052763977 ], [ 78.890470950040054, 11.491996664176495 ], [ 78.890892532996148, 11.490536657351894 ], [ 78.89113081921009, 11.489790832315188 ], [ 78.891561587439966, 11.489094722882973 ], [ 78.892588115671344, 11.488181624807645 ], [ 78.895058222191253, 11.487060538151495 ], [ 78.896268063334446, 11.486518069274004 ], [ 78.898403547410979, 11.48453363011191 ], [ 78.900940864982104, 11.482445645949712 ], [ 78.901001848013493, 11.482395462381893 ], [ 78.902944835701078, 11.480989574970462 ], [ 78.905245156140708, 11.478376779419136 ], [ 78.906766530329506, 11.477445511397937 ], [ 78.90797629242094, 11.476717668187154 ], [ 78.908672781413543, 11.475917545836564 ], [ 78.908874377736325, 11.475479076879042 ], [ 78.909011738228102, 11.474222474095466 ], [ 78.909158127686808, 11.471560113564564 ], [ 78.909396330357453, 11.470610868724537 ], [ 78.91048675665327, 11.468355229414918 ], [ 78.911201397902829, 11.466067981155632 ], [ 78.911518796048924, 11.465508219822889 ], [ 78.911567930301686, 11.465421568403222 ], [ 78.913840695818294, 11.464101456832337 ], [ 78.915701026821637, 11.462826577434223 ], [ 78.916140873425789, 11.46225247061885 ], [ 78.91641573634314, 11.461574421603899 ], [ 78.916562233599663, 11.460421775043402 ], [ 78.916617169172554, 11.459978797238614 ], [ 78.916910390061062, 11.459553872377246 ], [ 78.917670924441865, 11.458401150664987 ], [ 78.919572297673895, 11.456041413583129 ], [ 78.921514883814581, 11.453704257336252 ], [ 78.922002310586052, 11.453514182154338 ], [ 78.922083056553689, 11.453482694584419 ], [ 78.924099206631269, 11.453075600947102 ], [ 78.924749817764024, 11.452582815437854 ], [ 78.925343268196883, 11.451737897915494 ], [ 78.925391198707189, 11.451669657392737 ], [ 78.926609554980956, 11.448311026718734 ], [ 78.928130351553008, 11.445241630620076 ], [ 78.929165602425783, 11.443306855167068 ], [ 78.930590350229309, 11.441579936951827 ], [ 78.932851153779595, 11.440196488581963 ], [ 78.932917804282098, 11.44015570443036 ], [ 78.935309263298848, 11.438085065231419 ], [ 78.938035086044181, 11.435562329426979 ], [ 78.941672449969531, 11.431981675359932 ], [ 78.94323305987497, 11.429828844258338 ], [ 78.943284819005001, 11.42975744362217 ], [ 78.944466536591577, 11.427858742388807 ], [ 78.944631621787977, 11.427488914599762 ], [ 78.945638914394138, 11.425232299271281 ], [ 78.947021788129035, 11.421534535109444 ], [ 78.948218892059799, 11.419627475394279 ], [ 78.948267572663383, 11.419549923434575 ], [ 78.949490547176026, 11.41805800342231 ], [ 78.950828223075703, 11.417275710757833 ], [ 78.952624057736614, 11.416479742008113 ], [ 78.954630579670962, 11.415444144098581 ], [ 78.956014470298769, 11.414229444193705 ], [ 78.956078062037733, 11.414173627102208 ], [ 78.956792589201257, 11.41335982377397 ], [ 78.958175592293543, 11.410900520043423 ], [ 78.959655472401039, 11.407618661134903 ], [ 78.959682035583967, 11.407559751945893 ], [ 78.960080418649554, 11.406782185432776 ], [ 78.960739973409261, 11.406103990425809 ], [ 78.962086765412451, 11.405457247083175 ], [ 78.962764805704069, 11.405371179604835 ], [ 78.964527915637476, 11.405465646894312 ], [ 78.964611186769361, 11.405470108771004 ], [ 78.968725512093158, 11.405857655121716 ], [ 78.972184491264315, 11.405617047745482 ], [ 78.975711910382032, 11.404531114209043 ], [ 78.979005630083662, 11.403395494085714 ], [ 78.981919309419496, 11.402965106638728 ], [ 78.983811442580517, 11.402914736383851 ], [ 78.984888122855892, 11.403000243674922 ], [ 78.985749501212169, 11.403167184604056 ], [ 78.987380798648971, 11.403948587135753 ], [ 78.990267885157479, 11.405909272628467 ], [ 78.992357521018548, 11.407097287221937 ], [ 78.995083742615861, 11.407602505335724 ], [ 78.99698965144178, 11.407552042562912 ], [ 78.997488664683786, 11.407254904908743 ], [ 78.998545659278022, 11.406625504412249 ], [ 78.998785838242242, 11.40648248626826 ], [ 78.999408977995287, 11.406202535406722 ], [ 79.000156095138976, 11.405515824731381 ], [ 79.000999743446485, 11.404151164570745 ], [ 79.002567365601053, 11.402556245313022 ], [ 79.004506019815693, 11.400898167372178 ], [ 79.006357577871995, 11.399579086587833 ], [ 79.008570888391489, 11.398382201115039 ], [ 79.010004366022983, 11.397748009872522 ], [ 79.010073638707794, 11.397717363245091 ], [ 79.0107245480812, 11.397429384998016 ], [ 79.012456517016972, 11.397032262054395 ], [ 79.014669547262116, 11.396413926591993 ], [ 79.016266238000952, 11.395970309808426 ], [ 79.016324857564811, 11.395954023017316 ], [ 79.016635223698856, 11.395867792390145 ], [ 79.018426681767679, 11.395353210169374 ], [ 79.019970786926422, 11.395028282741006 ], [ 79.021537641919679, 11.394893341864133 ], [ 79.02225235144121, 11.394920675066974 ], [ 79.022469211038981, 11.394933556605128 ], [ 79.022506234205125, 11.394935757245225 ], [ 79.022568378758166, 11.394939448755048 ], [ 79.022568418284038, 11.394939451396855 ], [ 79.02386029717222, 11.395016183187053 ], [ 79.025486749096416, 11.39489475700184 ], [ 79.027378951427721, 11.394533856153085 ], [ 79.030688989026487, 11.393784739145213 ], [ 79.030751108426713, 11.393770680176923 ], [ 79.031227621565776, 11.393662830739146 ], [ 79.032441739588052, 11.393568327823896 ], [ 79.035112151551672, 11.39488456836253 ], [ 79.037851433754867, 11.396083250907953 ], [ 79.03887809583523, 11.396753405276074 ], [ 79.038912459089758, 11.396775835985579 ], [ 79.039770595426177, 11.397335977041131 ], [ 79.040847071783972, 11.397969153872616 ], [ 79.042253276563414, 11.398719910090877 ], [ 79.044181820239558, 11.399443723425051 ], [ 79.044511437270131, 11.399630050954233 ], [ 79.044552518126395, 11.399653273090406 ], [ 79.047086002586227, 11.401085376298033 ], [ 79.047940852885304, 11.401473557370606 ], [ 79.047965363417845, 11.401484687122281 ], [ 79.048799256919651, 11.401863347625534 ], [ 79.051089790214277, 11.402578144572004 ], [ 79.053000192413236, 11.402831780118285 ], [ 79.055675775079663, 11.40277371793881 ], [ 79.056812038811188, 11.402552492261195 ], [ 79.058021567340646, 11.40236299213867 ], [ 79.05805921842915, 11.402357669881338 ], [ 79.058113659030312, 11.402349973565972 ], [ 79.060000864932036, 11.402083192200152 ], [ 79.061222794703994, 11.40190105523055 ], [ 79.061297684554276, 11.401889892032925 ], [ 79.062694818145999, 11.401681624391085 ], [ 79.064399180056441, 11.40145146870009 ], [ 79.065585868021486, 11.401248337210831 ], [ 79.067317756108878, 11.400954924020596 ], [ 79.069571866311989, 11.400648063029047 ], [ 79.071170863924479, 11.400390751706141 ], [ 79.071931480051944, 11.400015652998345 ], [ 79.073489247687803, 11.399383213381105 ], [ 79.075977132765502, 11.39875535586083 ], [ 79.076683824823107, 11.398549350817195 ], [ 79.077214666273932, 11.398394606973634 ], [ 79.077274494071872, 11.39837716673858 ], [ 79.077894171717787, 11.398196521768552 ], [ 79.078936838183225, 11.397892569059005 ], [ 79.082130244813712, 11.397020785171232 ], [ 79.083138198579945, 11.39679492480683 ], [ 79.084772540407243, 11.396821533091018 ], [ 79.084847150881473, 11.396822748322375 ], [ 79.085662565139629, 11.396836016358762 ], [ 79.087692092030082, 11.396822740396942 ], [ 79.089648242731528, 11.397266018579929 ], [ 79.092038114425222, 11.39807458707538 ], [ 79.092241169612038, 11.398143285201369 ], [ 79.092375871090567, 11.398205030107887 ], [ 79.092390218982302, 11.398211607295368 ], [ 79.092576893389904, 11.398297173240627 ], [ 79.09417446717265, 11.399029458100564 ], [ 79.096419234896771, 11.39987507693322 ], [ 79.098247176244243, 11.400603013773107 ], [ 79.100157517357772, 11.401127552115369 ], [ 79.10154566689836, 11.40139434670675 ], [ 79.102745996679303, 11.401570782195813 ], [ 79.104212075969087, 11.401702048733746 ], [ 79.10516796607638, 11.401709922945283 ], [ 79.105233722755187, 11.401710465387039 ], [ 79.105875174665286, 11.401715746268904 ], [ 79.107634438910964, 11.401354289624669 ], [ 79.109105094218791, 11.40101541259571 ], [ 79.110878205096256, 11.400328433128792 ], [ 79.112706222800512, 11.399374835405023 ], [ 79.113034881328687, 11.399235439020112 ], [ 79.113114173822183, 11.399201808216475 ], [ 79.114570966328529, 11.398583915130857 ], [ 79.116559379125121, 11.397720700717716 ], [ 79.117102576902695, 11.397539531373329 ], [ 79.117196140032803, 11.39750832642283 ], [ 79.118927935593732, 11.396902684115524 ], [ 79.121000620245411, 11.396189519623221 ], [ 79.121069696199143, 11.396165752109853 ], [ 79.121397348614209, 11.396053011821023 ], [ 79.123655983631394, 11.395171651848683 ], [ 79.125131228431997, 11.394927569349409 ], [ 79.126931670551997, 11.394484635360667 ], [ 79.128393100161873, 11.394199907694547 ], [ 79.128924535399108, 11.393878948744876 ], [ 79.130587636790253, 11.392102531322175 ], [ 79.131513042568386, 11.391528565688127 ], [ 79.132713332823499, 11.390493370840838 ], [ 79.133872399390171, 11.389376958313076 ], [ 79.13519176223447, 11.38845937061657 ], [ 79.137001351899002, 11.387378952972238 ], [ 79.139223187430559, 11.386167546423035 ], [ 79.140275496412272, 11.385556035172394 ], [ 79.140351473224058, 11.3855118844173 ], [ 79.141051130574667, 11.385105298219786 ], [ 79.142471270020806, 11.384259950733504 ], [ 79.143589037440634, 11.383853145228386 ], [ 79.144312869353854, 11.383771675210136 ], [ 79.145297846011758, 11.383613421887439 ], [ 79.146099498079721, 11.383315107327496 ], [ 79.146905803420864, 11.383075530601047 ], [ 79.1482938110276, 11.382994058598868 ], [ 79.150323328934959, 11.382709187333708 ], [ 79.154034027726851, 11.382293082617274 ], [ 79.156379525340398, 11.382184349941408 ], [ 79.157259145785133, 11.382161734906381 ], [ 79.159888672725259, 11.382053004822298 ], [ 79.161446222070524, 11.381808776326546 ], [ 79.163842027136639, 11.380696556853035 ], [ 79.165510902000108, 11.379816066062171 ], [ 79.165865325108925, 11.379629073866983 ], [ 79.166292820776249, 11.37940352641658 ], [ 79.168147513952846, 11.378420763311842 ], [ 79.168468647293906, 11.378250598731029 ], [ 79.169861194986069, 11.377188260214758 ], [ 79.170937580614037, 11.376017358837016 ], [ 79.171478059191259, 11.375285044682467 ], [ 79.17227963759737, 11.374706347630097 ], [ 79.17352108057392, 11.374331020426164 ], [ 79.174858715151117, 11.374077721421957 ], [ 79.176640666349286, 11.373955394179456 ], [ 79.17829900936438, 11.374022881920085 ], [ 79.180617096683704, 11.374370615438279 ], [ 79.183466598579017, 11.375111375804684 ], [ 79.185015180042797, 11.375983499837679 ], [ 79.1863117921542, 11.376964123415632 ], [ 79.187333542246563, 11.377895081384823 ], [ 79.187449403358627, 11.37797100932551 ], [ 79.187532332232422, 11.378025354897124 ], [ 79.188685140236544, 11.37878081803378 ], [ 79.189706847209777, 11.379318498152651 ], [ 79.190536019166473, 11.379553395594113 ], [ 79.192771754330423, 11.380239971708265 ], [ 79.1936813174202, 11.380418786637241 ], [ 79.193748836593599, 11.380432060722763 ], [ 79.19444855233472, 11.380569616953071 ], [ 79.195152844992165, 11.38081493763989 ], [ 79.195187018702214, 11.38082684141251 ], [ 79.196977541624832, 11.381450506108791 ], [ 79.198924699291965, 11.382254684626314 ], [ 79.200097527150518, 11.38244418405978 ], [ 79.201407797247526, 11.382525298676807 ], [ 79.201810914434617, 11.38259303096708 ], [ 79.20234235955337, 11.382723980426878 ], [ 79.204889634949424, 11.383423916187379 ], [ 79.206193218885758, 11.383833139670148 ], [ 79.206237106977269, 11.383846917324 ], [ 79.206243875782931, 11.383849042314566 ], [ 79.207551527290889, 11.384259532428899 ], [ 79.209549093021877, 11.384900851705932 ], [ 79.210827332789123, 11.385225934248806 ], [ 79.212014010872679, 11.385763571369543 ], [ 79.214373765648148, 11.387069196778175 ], [ 79.216536414778915, 11.388180532730182 ], [ 79.218419631262407, 11.389224114271084 ], [ 79.220356008247848, 11.390208412858071 ], [ 79.220409876622156, 11.39023579582612 ], [ 79.221067980602697, 11.390570315180087 ], [ 79.222538810183664, 11.391202730373008 ], [ 79.223070293031626, 11.391401418391711 ], [ 79.224623461293248, 11.39188908992468 ], [ 79.226034630162985, 11.392046899215556 ], [ 79.22612625742363, 11.392044532116461 ], [ 79.226187765071145, 11.392042942602391 ], [ 79.228160318111364, 11.391991983040002 ], [ 79.230244800337658, 11.392009399890156 ], [ 79.231962692672951, 11.391751120873424 ], [ 79.233350711957783, 11.391524636366906 ], [ 79.234468443444982, 11.391185282651755 ], [ 79.235398330019763, 11.390877512880369 ], [ 79.236208674186429, 11.39049076508026 ], [ 79.236222897212329, 11.39048397724552 ], [ 79.237079248596274, 11.389638429989159 ], [ 79.237830225800764, 11.388616614686214 ], [ 79.238374976765442, 11.3874999455735 ], [ 79.238406290239638, 11.387359537685141 ], [ 79.238809469410484, 11.385551654001716 ], [ 79.238931294437762, 11.383657424108405 ], [ 79.238935150006938, 11.383597466391249 ], [ 79.238959764744038, 11.383214705059144 ], [ 79.238641843778481, 11.378287842717109 ], [ 79.238067864329352, 11.374703543574009 ], [ 79.238039954571803, 11.373505793423471 ], [ 79.238177029399324, 11.372660398283982 ], [ 79.238533997435368, 11.37167489501036 ], [ 79.239188735428513, 11.370775183600703 ], [ 79.239371056600248, 11.370610036109422 ], [ 79.2394507578272, 11.370537842947627 ], [ 79.239797838106895, 11.37022345540305 ], [ 79.240562652061712, 11.369834469018853 ], [ 79.24155668373767, 11.369617165845309 ], [ 79.242646919590669, 11.369630267819719 ], [ 79.244502429335853, 11.370104255579639 ], [ 79.246096774573473, 11.370709300576193 ], [ 79.247760114018192, 11.371770894425543 ], [ 79.248740759898098, 11.372389776618947 ], [ 79.248749876001597, 11.372392098086255 ], [ 79.248799507921035, 11.372434249975822 ], [ 79.249427464440615, 11.372835016264332 ], [ 79.249899134762032, 11.373368155400618 ], [ 79.251515399790875, 11.375195008583351 ], [ 79.252741792393181, 11.378133638263511 ], [ 79.253130161039962, 11.380407435017171 ], [ 79.253578378145917, 11.382039397046695 ], [ 79.254447819780182, 11.38423203968604 ], [ 79.255496053105418, 11.386171628168178 ], [ 79.256544569400006, 11.387500996166626 ], [ 79.257529221766092, 11.388220115248201 ], [ 79.258554903784429, 11.388460707410355 ], [ 79.258600091738174, 11.388471306652633 ], [ 79.258610286718323, 11.388473698439054 ], [ 79.259858693434992, 11.388294849824048 ], [ 79.260025981300473, 11.388270884389929 ], [ 79.260077426918443, 11.388258456954526 ], [ 79.261482966046316, 11.387918914409996 ], [ 79.262545943420321, 11.387611980345445 ], [ 79.264470136555516, 11.387431951142446 ], [ 79.265052045433663, 11.387206175628029 ], [ 79.266243530402306, 11.386302620893547 ], [ 79.267187442373611, 11.385850978068165 ], [ 79.267636458980178, 11.385706509630145 ], [ 79.272107694847804, 11.385766975910881 ], [ 79.272927729141429, 11.385771801799743 ], [ 79.273133967957605, 11.385550392929074 ], [ 79.273262659706901, 11.384447527273633 ], [ 79.273432423329311, 11.383765050134008 ], [ 79.273474115039932, 11.382549149230131 ], [ 79.27352011507071, 11.382051951567124 ], [ 79.273616967831359, 11.380338856779479 ], [ 79.276310755755333, 11.380100270045077 ], [ 79.278596877423567, 11.37970330960616 ], [ 79.280328602915887, 11.37951406814148 ], [ 79.280424242950929, 11.381105189817854 ], [ 79.283315108671829, 11.380608959230971 ], [ 79.286187655049105, 11.380067492974705 ], [ 79.28785068726998, 11.37980586191164 ], [ 79.288913546066368, 11.379684157992045 ], [ 79.289843497319836, 11.379725131366067 ], [ 79.291488028737461, 11.380001370800535 ], [ 79.292582863066372, 11.380168951376772 ], [ 79.29400758302215, 11.380196502635259 ], [ 79.295134567156794, 11.380101913345788 ], [ 79.29580804131183, 11.37993486728749 ], [ 79.296018757331382, 11.379989171093486 ], [ 79.29618360177929, 11.380237826435698 ], [ 79.296389557626156, 11.380888785583053 ], [ 79.296389321369261, 11.381679809667917 ], [ 79.295533755112871, 11.383911058920678 ], [ 79.295522801954604, 11.383939624316861 ], [ 79.295510857056271, 11.383965898279119 ], [ 79.294610534935799, 11.385946293732893 ], [ 79.293299323404383, 11.389123555575242 ], [ 79.293083781635119, 11.389837672132646 ], [ 79.292950812108458, 11.390199243812177 ], [ 79.291120854043172, 11.396576589017304 ], [ 79.290671125970889, 11.398931438108367 ], [ 79.290001154347166, 11.40230324618399 ], [ 79.290778870804388, 11.405851789615443 ], [ 79.291566036640077, 11.408559590658486 ], [ 79.291914014336754, 11.409264836887502 ], [ 79.292114775226338, 11.410239122766008 ], [ 79.292119869572318, 11.410263848913134 ], [ 79.292129610903245, 11.410306876630706 ], [ 79.292586547955665, 11.412325169000081 ], [ 79.296145679399558, 11.412495349288001 ], [ 79.296201404591599, 11.412498013843893 ], [ 79.29774997797054, 11.412566264682246 ], [ 79.297873716409327, 11.412453298436503 ], [ 79.297933379815575, 11.412105265432178 ], [ 79.299743035057105, 11.412413146933957 ], [ 79.307971008374935, 11.414892369606873 ], [ 79.312657706960067, 11.416348995658078 ], [ 79.3127396575685, 11.418491557286437 ], [ 79.314613536962938, 11.418699920021952 ], [ 79.317683220425991, 11.419057698607324 ], [ 79.31915686802202, 11.419273089339939 ], [ 79.319231798296514, 11.419284041406708 ], [ 79.319245073599788, 11.419285842096226 ], [ 79.322269409208928, 11.419696008048911 ], [ 79.322585570374869, 11.419596628606044 ], [ 79.322691028995948, 11.419221480427186 ], [ 79.322796598109818, 11.418308435838142 ], [ 79.327080485833392, 11.418462953978665 ], [ 79.328890109633875, 11.419322112999438 ], [ 79.330933549631482, 11.419430958260987 ], [ 79.332674640060674, 11.419277573012923 ], [ 79.333452184041349, 11.419105694721688 ], [ 79.334186671770482, 11.41894333401658 ], [ 79.334202508170605, 11.418941779874375 ], [ 79.335428342919116, 11.418821491002872 ], [ 79.335744549899118, 11.41840568923908 ], [ 79.336028674447078, 11.418057683787531 ], [ 79.336101987754063, 11.418017013561323 ], [ 79.337119142065404, 11.417949370723898 ], [ 79.338156738439395, 11.417869488404117 ], [ 79.338232517621805, 11.41786365396484 ], [ 79.338246580747608, 11.417861240412408 ], [ 79.33883728772561, 11.417759788422073 ], [ 79.339442047947927, 11.417655919319106 ], [ 79.346131659934954, 11.41581711176323 ], [ 79.346502772843408, 11.415848798120347 ], [ 79.349017994553506, 11.416942963679389 ], [ 79.349668546397453, 11.417386007932262 ], [ 79.349695880334892, 11.417412081561302 ], [ 79.350084643342086, 11.417782914857991 ], [ 79.350218293791769, 11.417910402560231 ], [ 79.350965109999848, 11.417955685934549 ], [ 79.351954758795529, 11.417982908611778 ], [ 79.352696987307453, 11.418091467332282 ], [ 79.352861905417214, 11.418340091098239 ], [ 79.352907680869151, 11.418742387321094 ], [ 79.353191731755246, 11.418905140859335 ], [ 79.354117246229521, 11.418864548241613 ], [ 79.357594821425423, 11.418449007179429 ], [ 79.359853610952811, 11.418507947568701 ], [ 79.362080319844793, 11.418697953788239 ], [ 79.363367800581344, 11.418503674331443 ], [ 79.365182177368041, 11.41831845897692 ], [ 79.366002313171265, 11.418200981392941 ], [ 79.366959902891097, 11.418033786904429 ], [ 79.368366513709077, 11.417604443953927 ], [ 79.36998388456405, 11.41699429739765 ], [ 79.370313247371413, 11.416835379277614 ], [ 79.370387020615809, 11.416799783431001 ], [ 79.370403519074301, 11.41679182158386 ], [ 79.371669984623125, 11.416180739024576 ], [ 79.371834935072215, 11.415900496581489 ], [ 79.372164850343466, 11.41493319965986 ], [ 79.37237561397373, 11.414752402319685 ], [ 79.373333188422208, 11.414558065567284 ], [ 79.373360702921033, 11.413794164983862 ], [ 79.373525650675177, 11.413545563651169 ], [ 79.373795972608804, 11.413337643570129 ], [ 79.374263303169045, 11.413256295594953 ], [ 79.374350345428496, 11.413631469271909 ], [ 79.37586229359502, 11.413491380727372 ], [ 79.375981452422494, 11.411827974990832 ], [ 79.376086833788463, 11.411674292407634 ], [ 79.376343407904983, 11.411511572586033 ], [ 79.377621542569344, 11.41128882242575 ], [ 79.377717897663331, 11.411272029311693 ], [ 79.377374373813836, 11.405300929890217 ], [ 79.374781239422546, 11.405052268285962 ], [ 79.374556750433015, 11.404885019382014 ], [ 79.374378104269113, 11.403610335772381 ], [ 79.374272733682901, 11.403483768900642 ], [ 79.373837498131138, 11.403289391853553 ], [ 79.373690893975066, 11.403153783895272 ], [ 79.373631341061611, 11.402959416308805 ], [ 79.373617658821516, 11.400830432397086 ], [ 79.373241981573074, 11.400776180122271 ], [ 79.37329168266281, 11.398563649952132 ], [ 79.373292446230778, 11.39852967387491 ], [ 79.37405418525239, 11.398281932733155 ], [ 79.374126270562343, 11.398258488574214 ], [ 79.375267054616387, 11.397743223813862 ], [ 79.376471965805294, 11.397589565311266 ], [ 79.377186667241972, 11.397440412758399 ], [ 79.377699773254164, 11.398037077977865 ], [ 79.378748920166061, 11.397603158253284 ], [ 79.379807225402288, 11.397372641735092 ], [ 79.380269945808507, 11.397377165380968 ], [ 79.380604386792129, 11.397449489107727 ], [ 79.382125410637954, 11.397444973388428 ], [ 79.382125410637954, 11.397074323114444 ], [ 79.384035849667868, 11.397119515587224 ], [ 79.384022124308643, 11.399931041252492 ], [ 79.385474441408263, 11.400057592095086 ], [ 79.385428648888322, 11.401915368286229 ], [ 79.385172085551602, 11.401996732719173 ], [ 79.382432368563798, 11.402245357371843 ], [ 79.382464436622826, 11.400319780435989 ], [ 79.382281180304844, 11.400238417284006 ], [ 79.38202920107102, 11.400166096028171 ], [ 79.379619363421853, 11.40012540210477 ], [ 79.379454430939049, 11.400333328337231 ], [ 79.379408603384832, 11.401707447614445 ], [ 79.379271157553106, 11.401815930663954 ], [ 79.377713461782463, 11.401689348022758 ], [ 79.377653883716164, 11.402896222994773 ], [ 79.378735113060145, 11.403009240594171 ], [ 79.378748847402534, 11.40385450503608 ], [ 79.379633076204669, 11.403949437776363 ], [ 79.379798002399241, 11.404921266588746 ], [ 79.379257382786534, 11.404948383966181 ], [ 79.37968801177756, 11.408871862100291 ], [ 79.379060336430641, 11.408844735411312 ], [ 79.378968702881792, 11.409011980222079 ], [ 79.379060331040762, 11.409360031107724 ], [ 79.379271082992943, 11.409522758326494 ], [ 79.379614700267211, 11.40963576360264 ], [ 79.379701748814881, 11.409775888391914 ], [ 79.379807120299375, 11.410508150703919 ], [ 79.383596104573357, 11.410065183770076 ], [ 79.383806853830578, 11.409301278139761 ], [ 79.383925974928815, 11.409206355994122 ], [ 79.384687448049078, 11.409206349830207 ], [ 79.385080533749417, 11.409206347188501 ], [ 79.385185903437289, 11.408528326159429 ], [ 79.385167572415611, 11.408098913353768 ], [ 79.385034704398564, 11.407931668885778 ], [ 79.384677342002135, 11.4079181134218 ], [ 79.384645258671767, 11.406584674044922 ], [ 79.387582020218829, 11.406227541927684 ], [ 79.388058493832034, 11.405933726174629 ], [ 79.38789351912844, 11.403967470299946 ], [ 79.389529107817367, 11.403718826020505 ], [ 79.389588658035876, 11.403384333588534 ], [ 79.390124689952444, 11.403302958986007 ], [ 79.390321683307704, 11.402914221242474 ], [ 79.392149691130527, 11.402832801595506 ], [ 79.393391273345955, 11.402819196575498 ], [ 79.3934462134104, 11.401874487048397 ], [ 79.394069285789783, 11.401702696845984 ], [ 79.394023368404063, 11.399248265765832 ], [ 79.392781803256611, 11.399261873598649 ], [ 79.39274972082454, 11.398927385606045 ], [ 79.391329482563705, 11.398995234631641 ], [ 79.391462292190241, 11.39741770295096 ], [ 79.39055059470337, 11.397404171642112 ], [ 79.390820745058747, 11.392422972713605 ], [ 79.390747424565262, 11.391839876599951 ], [ 79.390669533443599, 11.391478267378439 ], [ 79.390325926050792, 11.391175429395689 ], [ 79.389771590960336, 11.391175442604977 ], [ 79.389746494726239, 11.390598035391408 ], [ 79.389744086342944, 11.390542625787832 ], [ 79.389744136648616, 11.390513095892956 ], [ 79.389748597682299, 11.387952587057239 ], [ 79.391979670589947, 11.388160445577702 ], [ 79.39157174561943, 11.382302359356927 ], [ 79.391315069993297, 11.378234241353256 ], [ 79.394011702881755, 11.377189303800664 ], [ 79.394068259015398, 11.377167387615444 ], [ 79.39317755156344, 11.376314884922545 ], [ 79.392996249979547, 11.376141357579419 ], [ 79.392579358924166, 11.375725519792882 ], [ 79.392167050175075, 11.375305160925077 ], [ 79.391314946025773, 11.374351437926002 ], [ 79.39080184989507, 11.37365535306572 ], [ 79.39028875556096, 11.37295926474296 ], [ 79.390119248856763, 11.372593137435295 ], [ 79.389995551740427, 11.372199890040733 ], [ 79.389344999896537, 11.370197481366896 ], [ 79.389202978046711, 11.369722870236172 ], [ 79.389106764886535, 11.369175936227542 ], [ 79.389097593985795, 11.368760082108029 ], [ 79.389257896551641, 11.367616481911558 ], [ 79.389234975138834, 11.366938460382297 ], [ 79.390522210635311, 11.366929385702012 ], [ 79.393142486724642, 11.366861497326248 ], [ 79.393545868016446, 11.366732594354804 ], [ 79.393623475270488, 11.366707793967741 ], [ 79.393458491583687, 11.364895222420957 ], [ 79.39345378530993, 11.361740159837442 ], [ 79.393691913420383, 11.359855249869712 ], [ 79.394159057131063, 11.357554476354858 ], [ 79.394562087181598, 11.355782561863476 ], [ 79.395203285766797, 11.353513418855139 ], [ 79.395785056304362, 11.354001569201772 ], [ 79.396160671569049, 11.353956349629115 ], [ 79.397072212749094, 11.353599213131565 ], [ 79.39788298002226, 11.35331892225774 ], [ 79.398299808195546, 11.35304317043126 ], [ 79.398675368663007, 11.352089397615311 ], [ 79.39909674231167, 11.351271227043037 ], [ 79.399678435594097, 11.350466606160573 ], [ 79.400270643656953, 11.349959261806999 ], [ 79.400338013709998, 11.349901547310164 ], [ 79.401387059112253, 11.35109480001967 ], [ 79.402779684059581, 11.352577315240568 ], [ 79.403512636567868, 11.353155842315216 ], [ 79.404442557278642, 11.353684630427253 ], [ 79.405367894784803, 11.354141094300768 ], [ 79.405995597081173, 11.35589938177994 ], [ 79.408538727650537, 11.364862615337747 ], [ 79.412968375113763, 11.364324287919208 ], [ 79.414360785363712, 11.362787289765981 ], [ 79.4154829581217, 11.361643566967052 ], [ 79.418776520618124, 11.361254442931834 ], [ 79.419684403858327, 11.360952587387235 ], [ 79.42009573793537, 11.36081582225413 ], [ 79.42205173502488, 11.360756802093199 ], [ 79.423471746910252, 11.360480877790671 ], [ 79.423581682734735, 11.360467300690397 ], [ 79.424699383679226, 11.360358658324245 ], [ 79.424974308580346, 11.360882956417367 ], [ 79.42535922320485, 11.361714606888816 ], [ 79.425735073828164, 11.363183598274304 ], [ 79.425735099879333, 11.36335536329007 ], [ 79.42526791394782, 11.363757724973002 ], [ 79.425180929180527, 11.364101268300512 ], [ 79.425313908588677, 11.36500527834478 ], [ 79.425478945276041, 11.365818880089538 ], [ 79.425804315970282, 11.366659579402219 ], [ 79.425812991000939, 11.366635674676441 ], [ 79.426614790392648, 11.36442650669068 ], [ 79.427823637100815, 11.361275780832264 ], [ 79.428391427157592, 11.359847325180112 ], [ 79.428377472727988, 11.358531964567872 ], [ 79.428299442367432, 11.357551105824564 ], [ 79.428432259180525, 11.357392880211776 ], [ 79.428670452868005, 11.357361202315735 ], [ 79.430218745074257, 11.357342874438885 ], [ 79.432403826934305, 11.357699599355916 ], [ 79.433585671183323, 11.357744597273671 ], [ 79.434561367346021, 11.357712786427467 ], [ 79.435367563991022, 11.357617717606439 ], [ 79.437323483825423, 11.357287386146046 ], [ 79.437304247301938, 11.357142069175731 ], [ 79.437295959445123, 11.357079464583146 ], [ 79.437039069121667, 11.355149410999491 ], [ 79.436933390413316, 11.353458895985449 ], [ 79.436826000414342, 11.351509652073293 ], [ 79.436823071008206, 11.351456489568241 ], [ 79.436671459642781, 11.34908796181622 ], [ 79.43658439672204, 11.348920732882759 ], [ 79.436016371306664, 11.34877167198316 ], [ 79.435686558443351, 11.348726529968735 ], [ 79.435594932081017, 11.348645183783535 ], [ 79.435434413919523, 11.34758749983135 ], [ 79.432530280081878, 11.347393643027921 ], [ 79.432438369851909, 11.345689562404846 ], [ 79.430798501588967, 11.34554971169691 ], [ 79.43080612828571, 11.345519652205839 ], [ 79.43132949036351, 11.343456795007054 ], [ 79.431540118348181, 11.343013785407763 ], [ 79.431901951659768, 11.342850999040092 ], [ 79.432589012833475, 11.342751438628879 ], [ 79.433096947244579, 11.339912696332402 ], [ 79.435538466677187, 11.340590287966656 ], [ 79.437255314271781, 11.336232545711194 ], [ 79.437360310260502, 11.334392824764718 ], [ 79.437525090029709, 11.333796133758499 ], [ 79.43878009397379, 11.333696452165468 ], [ 79.441656597429926, 11.333822451095505 ], [ 79.442792554835933, 11.333930703677838 ], [ 79.442852034985847, 11.33362784243886 ], [ 79.44388719962032, 11.333627628405022 ], [ 79.444020168248699, 11.334264941183276 ], [ 79.44484463482992, 11.334251206935395 ], [ 79.445023136365094, 11.333640947827163 ], [ 79.446388063557251, 11.333532170179513 ], [ 79.446599245802432, 11.3356927576699 ], [ 79.447437447624381, 11.335633810705314 ], [ 79.448138209004483, 11.335457369618247 ], [ 79.448651163201376, 11.335235766659927 ], [ 79.449008304612263, 11.334679707582628 ], [ 79.449127285573311, 11.334209584929065 ], [ 79.44926455174199, 11.333585772896489 ], [ 79.450093544933964, 11.333355055745903 ], [ 79.45141262840221, 11.333088060929114 ], [ 79.451426253150117, 11.332604400391974 ], [ 79.451966675133505, 11.33235566477255 ], [ 79.452295339949842, 11.33212703413068 ], [ 79.452369679132886, 11.332075321342272 ], [ 79.452379445616657, 11.332048047292902 ], [ 79.452502418690813, 11.331704637149466 ], [ 79.452396877424732, 11.330913635667827 ], [ 79.451965096793529, 11.328655629392861 ], [ 79.451947434118395, 11.328563262042834 ], [ 79.452004728667248, 11.328554381683244 ], [ 79.453729101448943, 11.328287106688961 ], [ 79.453596086108206, 11.327536792999744 ], [ 79.453650980358603, 11.327261050638887 ], [ 79.453875384008128, 11.327138951720674 ], [ 79.454461705410935, 11.327319616174218 ], [ 79.454851072085987, 11.327495805965533 ], [ 79.455089246908855, 11.327495747831648 ], [ 79.455327396578866, 11.327400764961803 ], [ 79.455570069266372, 11.327079773979952 ], [ 79.455569968655055, 11.326682000769088 ], [ 79.455359232872567, 11.326514807167861 ], [ 79.455061474593521, 11.32634763460856 ], [ 79.455134716035275, 11.32618037210788 ], [ 79.455267466373002, 11.325877488567258 ], [ 79.456210998356966, 11.325877253387924 ], [ 79.45627075159473, 11.326695386576185 ], [ 79.456765435855374, 11.326749504972929 ], [ 79.457035724551318, 11.326957362293877 ], [ 79.457260267439722, 11.327373160160217 ], [ 79.457498542873907, 11.327761831821773 ], [ 79.458098526753858, 11.327635114117571 ], [ 79.457951483321636, 11.325836131350222 ], [ 79.459027809660753, 11.325709288597018 ], [ 79.45938505437789, 11.325654955082809 ], [ 79.459490336929179, 11.325419879387503 ], [ 79.459595593429356, 11.325085359369195 ], [ 79.459774207253943, 11.325031070658545 ], [ 79.460584899068607, 11.324990174871051 ], [ 79.460758886569479, 11.324768641313566 ], [ 79.460895874260387, 11.323231754416932 ], [ 79.46149587700495, 11.323213512433416 ], [ 79.461555110118169, 11.32209249759573 ], [ 79.460758159832395, 11.322106271184133 ], [ 79.460803601111024, 11.320781854432445 ], [ 79.461989846206649, 11.320713734876959 ], [ 79.462003728771066, 11.321224508271341 ], [ 79.464083125634559, 11.321210378782787 ], [ 79.464220353175662, 11.320586560419635 ], [ 79.46429333590261, 11.319533341564901 ], [ 79.463258207200724, 11.319479387401442 ], [ 79.463232370754824, 11.3184084066474 ], [ 79.463230400749396, 11.318326754989744 ], [ 79.46451744670135, 11.318425842964457 ], [ 79.465566289084379, 11.318398428440331 ], [ 79.46731585871153, 11.318257804213109 ], [ 79.470902061784813, 11.318125665981624 ], [ 79.471936555377795, 11.31614552658694 ], [ 79.473090258103937, 11.31462188198444 ], [ 79.473497694390943, 11.314131876243344 ], [ 79.473552668591381, 11.314065760818972 ], [ 79.4735900160493, 11.31405702623195 ], [ 79.47415261294546, 11.313925449811073 ], [ 79.475709880219711, 11.314065086081827 ], [ 79.477574081165315, 11.314412542911828 ], [ 79.480088832158216, 11.315270550792157 ], [ 79.481902789431629, 11.315975088817964 ], [ 79.483314652699065, 11.316285729043182 ], [ 79.483318148043821, 11.316286498907028 ], [ 79.484738088063992, 11.316593380206912 ], [ 79.485965622424999, 11.316773757995398 ], [ 79.487417535282759, 11.316827486290482 ], [ 79.488599189088944, 11.316786382331092 ], [ 79.489826574329612, 11.316564449564098 ], [ 79.490815793730604, 11.316342602067573 ], [ 79.491727155247602, 11.316134339772692 ], [ 79.493137632414545, 11.315632076906921 ], [ 79.497034860086984, 11.314554793326888 ], [ 79.498230065877564, 11.313928212182773 ], [ 79.498303271386689, 11.313889834944908 ], [ 79.497794043401584, 11.311792684782553 ], [ 79.497596850620312, 11.311164460064123 ], [ 79.497532471957157, 11.31095935984121 ], [ 79.497498255127965, 11.310850348949987 ], [ 79.497399658737351, 11.310536235729664 ], [ 79.496666137595469, 11.308723939436071 ], [ 79.496271725083446, 11.307372565807611 ], [ 79.495790187666969, 11.30574549583573 ], [ 79.495148475245458, 11.303786384900683 ], [ 79.495084034598534, 11.303589652257278 ], [ 79.496526562756515, 11.303236526099449 ], [ 79.497103558748307, 11.303060016591806 ], [ 79.496983360570056, 11.300244006826915 ], [ 79.496963124221637, 11.295421007587196 ], [ 79.497114074427031, 11.294964413019116 ], [ 79.498116964390022, 11.294769656386883 ], [ 79.497502568837973, 11.292997993408104 ], [ 79.498723793432433, 11.292390325279991 ], [ 79.501611054214067, 11.291081801439969 ], [ 79.501702666203357, 11.291041160680635 ], [ 79.501743904264828, 11.290995976965791 ], [ 79.50172104483579, 11.290910084634403 ], [ 79.50155166120075, 11.290765364692611 ], [ 79.501313634599938, 11.290503090719993 ], [ 79.501272475590213, 11.290376508055489 ], [ 79.501255431854361, 11.288899121824004 ], [ 79.501254849746033, 11.28884868739711 ], [ 79.501197624367506, 11.283749920292696 ], [ 79.501079660299325, 11.281313500713463 ], [ 79.501038703410586, 11.280743941980653 ], [ 79.50082829641147, 11.280187869646191 ], [ 79.500787282030572, 11.279744875826713 ], [ 79.500856234915133, 11.279170844847863 ], [ 79.501094885845063, 11.278031870163947 ], [ 79.501361083613219, 11.276734700055592 ], [ 79.501471286237347, 11.276079325337122 ], [ 79.501535572373996, 11.275695140009224 ], [ 79.501563106635786, 11.275568586937544 ], [ 79.501499024416688, 11.275505277344175 ], [ 79.501260940323661, 11.275396688184122 ], [ 79.501173960047979, 11.275333367100199 ], [ 79.501155745807253, 11.275102830346972 ], [ 79.501114887733195, 11.274316303975372 ], [ 79.501138233150797, 11.27332639795816 ], [ 79.501156189575028, 11.272995973646738 ], [ 79.501161323446865, 11.272901513645936 ], [ 79.501165998279589, 11.272689067730377 ], [ 79.501253035149176, 11.272625823576604 ], [ 79.501486606106184, 11.272580725063172 ], [ 79.502690993577289, 11.27257221210234 ], [ 79.503034477900869, 11.272509078927076 ], [ 79.503638948865671, 11.272531942261608 ], [ 79.503812983977241, 11.272491336759726 ], [ 79.503895452015286, 11.272405489110486 ], [ 79.504028433220043, 11.272003250971787 ], [ 79.50418469606204, 11.270728632571629 ], [ 79.50427671588649, 11.269752315865768 ], [ 79.504340954412456, 11.269463052813517 ], [ 79.504469214072103, 11.269377225403892 ], [ 79.504684460295621, 11.269341156581762 ], [ 79.504789804830679, 11.269295999407337 ], [ 79.504835653944468, 11.269169454971331 ], [ 79.50485866159552, 11.268916335097401 ], [ 79.50496891183036, 11.268129873732573 ], [ 79.505106861616966, 11.266832644843891 ], [ 79.505194127556905, 11.266240540697671 ], [ 79.505263145120196, 11.265494741943657 ], [ 79.505245228221867, 11.264581659573006 ], [ 79.504924954568565, 11.263953221396891 ], [ 79.504650556978504, 11.263139472024957 ], [ 79.504284591416564, 11.262289523778572 ], [ 79.503987258939006, 11.261570688941589 ], [ 79.503694444088993, 11.260991979577446 ], [ 79.503694614768904, 11.260607766163099 ], [ 79.503891933314321, 11.259676697139893 ], [ 79.503979431917941, 11.258560252422704 ], [ 79.504071214587142, 11.258112796346355 ], [ 79.504094221339869, 11.257859676435555 ], [ 79.504064869786276, 11.257836719426589 ], [ 79.503984359177281, 11.257773745126672 ], [ 79.503669991048639, 11.257820269706984 ], [ 79.503375288838214, 11.257863885117564 ], [ 79.500993973597659, 11.25818377560503 ], [ 79.499606387300759, 11.258391088788617 ], [ 79.498724768104523, 11.258737800697814 ], [ 79.494887843438804, 11.258510150105844 ], [ 79.494888327630747, 11.258495436931717 ], [ 79.49488878127994, 11.258481696412254 ], [ 79.494964781447948, 11.256177714084101 ], [ 79.495165236910324, 11.253542378570467 ], [ 79.495244427894178, 11.251405074352611 ], [ 79.495060186124348, 11.25094107334375 ], [ 79.495192580729267, 11.24991946409024 ], [ 79.495123459859713, 11.248803008852081 ], [ 79.495173675684086, 11.248409734217658 ], [ 79.495356664304097, 11.247966688816911 ], [ 79.495791427342041, 11.247342738626701 ], [ 79.496391012370026, 11.246669003415683 ], [ 79.496954000033313, 11.246090205069976 ], [ 79.497237820052362, 11.245895728106701 ], [ 79.497736653631321, 11.245203948742466 ], [ 79.498102735075904, 11.244611664426564 ], [ 79.498235467447358, 11.244466966118752 ], [ 79.49872509059972, 11.244633840098851 ], [ 79.49937545020417, 11.24431771876467 ], [ 79.499984737935492, 11.243689686588395 ], [ 79.500202598256493, 11.243427475410487 ], [ 79.50025504369944, 11.243364352582788 ], [ 79.500275933123049, 11.24333929305511 ], [ 79.501313353427236, 11.242094652421658 ], [ 79.502564201764827, 11.240300690672898 ], [ 79.503343065370672, 11.239283989239567 ], [ 79.503769129123413, 11.238768874381886 ], [ 79.503723600708156, 11.238181230764237 ], [ 79.505051537073555, 11.23803263480643 ], [ 79.505006037404399, 11.237372668702083 ], [ 79.505418348848451, 11.236880146099827 ], [ 79.505304308621461, 11.235894699234615 ], [ 79.505167556289109, 11.234493385990621 ], [ 79.505007762169768, 11.233435596662003 ], [ 79.504948538039685, 11.232748503968077 ], [ 79.505804836423039, 11.232599703437717 ], [ 79.505965208159125, 11.23233308015778 ], [ 79.50617148021297, 11.231808827229729 ], [ 79.507293318797664, 11.231714375746135 ], [ 79.507233978784967, 11.231284933723773 ], [ 79.508273656555474, 11.230580220682421 ], [ 79.508887475389088, 11.229952169161747 ], [ 79.509331851298896, 11.229387331167809 ], [ 79.50983119961252, 11.228754711090653 ], [ 79.510174202439117, 11.228200386932652 ], [ 79.51021149060827, 11.228140124416187 ], [ 79.509575406131987, 11.227299108858753 ], [ 79.509104025068098, 11.226770052582511 ], [ 79.508692337054867, 11.22584324640256 ], [ 79.508400168991869, 11.225350951716893 ], [ 79.508335457053747, 11.225241915417822 ], [ 79.507781748987341, 11.224518454750381 ], [ 79.507472381779891, 11.224295436564194 ], [ 79.50705396987675, 11.223993809621136 ], [ 79.506431386180907, 11.223735897218534 ], [ 79.506014879604479, 11.223392186653019 ], [ 79.505689987712287, 11.222953592214344 ], [ 79.505470452033265, 11.222406557151489 ], [ 79.50521447080483, 11.22144364981089 ], [ 79.504976882581872, 11.220299942433162 ], [ 79.504720899556816, 11.219350595986715 ], [ 79.504593104326176, 11.218428423756858 ], [ 79.504488263746026, 11.217366136306367 ], [ 79.50428255403753, 11.216629257928385 ], [ 79.504008252567189, 11.21569798256831 ], [ 79.503820882863565, 11.21490687061374 ], [ 79.50346574559407, 11.212911058289873 ], [ 79.503409841637307, 11.212596880430421 ], [ 79.50317680877113, 11.211539056706853 ], [ 79.502994183070513, 11.210386330946793 ], [ 79.502889230200935, 11.209595252918234 ], [ 79.502723528760256, 11.209057478433044 ], [ 79.502710930786705, 11.209016592586474 ], [ 79.50235884509425, 11.208003918137596 ], [ 79.502093620201549, 11.207285093398138 ], [ 79.501585746875875, 11.206557121912901 ], [ 79.501045842322128, 11.20579749539424 ], [ 79.500721039363171, 11.205218768422888 ], [ 79.500629713936448, 11.20468534505931 ], [ 79.500872669593235, 11.204011944715969 ], [ 79.501170396431249, 11.203713743839582 ], [ 79.501820680577211, 11.203347893184414 ], [ 79.501193652915632, 11.202900120608536 ], [ 79.500703914778938, 11.20258801238295 ], [ 79.500618628725832, 11.202543055362383 ], [ 79.499811358594073, 11.202117518637737 ], [ 79.498978358017638, 11.201574725900825 ], [ 79.498726641091864, 11.201380245388217 ], [ 79.497980034191258, 11.200964859305532 ], [ 79.496372558279148, 11.19969078521904 ], [ 79.49563060465168, 11.198981397849892 ], [ 79.495099146956562, 11.197996197981659 ], [ 79.494688979791093, 11.197468230120565 ], [ 79.494618193445007, 11.197377113385592 ], [ 79.49460630244559, 11.197343183081397 ], [ 79.493971957107732, 11.195533120191442 ], [ 79.493271090624745, 11.194475657053605 ], [ 79.493174423815304, 11.194313366421778 ], [ 79.492533535148922, 11.193237398337137 ], [ 79.491608268609653, 11.191958525418483 ], [ 79.490357717614401, 11.190019817583899 ], [ 79.489894999004818, 11.189124986607604 ], [ 79.489212367423775, 11.187773694275624 ], [ 79.489069290951832, 11.187557588436967 ], [ 79.489052744882628, 11.187532596331094 ], [ 79.488694759953731, 11.186991885952999 ], [ 79.488236731448225, 11.186377303922155 ], [ 79.48742610610887, 11.185518751616129 ], [ 79.486720880101828, 11.184935894208751 ], [ 79.486166757013748, 11.184425306430587 ], [ 79.485191357295093, 11.183625568715771 ], [ 79.484637244986828, 11.183133057644234 ], [ 79.48411964470327, 11.18231055956565 ], [ 79.483716467329018, 11.181406656847036 ], [ 79.483308698665354, 11.180457554680942 ], [ 79.483298856723124, 11.180435144954995 ], [ 79.482866506560029, 11.179450676907763 ], [ 79.482699353441845, 11.179070059872291 ], [ 79.482273325621719, 11.178252048283619 ], [ 79.4817970110103, 11.177632939998132 ], [ 79.480986504248577, 11.176995861153429 ], [ 79.479988399611116, 11.176630053418268 ], [ 79.479251345395241, 11.176594129876662 ], [ 79.477461418953936, 11.176685108618793 ], [ 79.476468044844779, 11.176775827355476 ], [ 79.475763112586804, 11.176979457063014 ], [ 79.474751448778463, 11.177142499439029 ], [ 79.473625318043347, 11.177251328259413 ], [ 79.473016492046057, 11.177364517592032 ], [ 79.472352643339306, 11.177197471702303 ], [ 79.471615406765395, 11.176560345193108 ], [ 79.47059886420675, 11.175737971234513 ], [ 79.469179381429072, 11.174594776795104 ], [ 79.467796556203226, 11.173537448754074 ], [ 79.465470560116145, 11.171960554097071 ], [ 79.464472363850518, 11.171138153877665 ], [ 79.463881657770813, 11.170537128715079 ], [ 79.463460276037353, 11.169728127257605 ], [ 79.462906116118361, 11.168833276831085 ], [ 79.462722758290781, 11.167938326701723 ], [ 79.462759155331142, 11.167120160338406 ], [ 79.462765283638007, 11.167115921251744 ], [ 79.46285069276027, 11.167056853406233 ], [ 79.462851959384807, 11.167027270566432 ], [ 79.46288707991917, 11.166207046420558 ], [ 79.462831872156741, 11.165208095945452 ], [ 79.462405864997891, 11.164191164951861 ], [ 79.461924967181886, 11.163314374180139 ], [ 79.46161347815378, 11.162550542321975 ], [ 79.46104105728169, 11.161768697733265 ], [ 79.460596794559621, 11.160909977402799 ], [ 79.460326476219237, 11.160024086700965 ], [ 79.460083687649075, 11.159368721250493 ], [ 79.459753952939209, 11.158821860434452 ], [ 79.458829064590688, 11.15802202217551 ], [ 79.457391391826832, 11.156833572633975 ], [ 79.456484872229211, 11.156214529707384 ], [ 79.45582104059045, 11.155884718837573 ], [ 79.455839200033921, 11.155283527253252 ], [ 79.456717867366137, 11.15440187012249 ], [ 79.457344813281026, 11.153705601864962 ], [ 79.458076892626863, 11.15244880084899 ], [ 79.458442781831977, 11.151246332592915 ], [ 79.45866232020596, 11.150554685663923 ], [ 79.459898493665065, 11.151499092803997 ], [ 79.46077292274579, 11.15196896624815 ], [ 79.461249090931815, 11.152366619215471 ], [ 79.461578707962389, 11.152502137593697 ], [ 79.463139890094638, 11.153401243259438 ], [ 79.464618747919332, 11.154517330778646 ], [ 79.467260577287263, 11.156523564395698 ], [ 79.46750783138269, 11.156749504413568 ], [ 79.468927164141704, 11.157698340402757 ], [ 79.470552577613404, 11.15890928064173 ], [ 79.471289768373239, 11.159546412412098 ], [ 79.472645521969682, 11.160972946364968 ], [ 79.472672661871059, 11.161001503077399 ], [ 79.473629332614365, 11.160815884396316 ], [ 79.475501580668279, 11.16078366575514 ], [ 79.476472089958506, 11.160932529648969 ], [ 79.477067229224133, 11.161072468284777 ], [ 79.477328200593959, 11.161207991415235 ], [ 79.477941662796425, 11.161384083610352 ], [ 79.478294204833034, 11.161573820354544 ], [ 79.479026682132556, 11.161727271131449 ], [ 79.479745604752736, 11.16241862794738 ], [ 79.481165135141126, 11.163751623303277 ], [ 79.482634984660166, 11.164944466965602 ], [ 79.484155168581168, 11.166046882427345 ], [ 79.484997587993362, 11.166376568948474 ], [ 79.485766794709903, 11.166792162366697 ], [ 79.486563550959573, 11.167433753873855 ], [ 79.488088306407093, 11.168436703973608 ], [ 79.488807229027287, 11.169024074199656 ], [ 79.489681699430491, 11.169335655431887 ], [ 79.49045090165545, 11.169701514668242 ], [ 79.492918853116976, 11.171083792966007 ], [ 79.494048886133697, 11.171777397705968 ], [ 79.494118521737903, 11.171820140405993 ], [ 79.494562658695855, 11.172050503180932 ], [ 79.495352529358854, 11.172558727980016 ], [ 79.49614240541176, 11.173066950126161 ], [ 79.496943704441847, 11.173518664110373 ], [ 79.49773594486058, 11.17420994965431 ], [ 79.498729613617172, 11.174891934248542 ], [ 79.498834863829089, 11.17498238563612 ], [ 79.499617436578745, 11.175516116635848 ], [ 79.500358925777192, 11.175796696257017 ], [ 79.500598296257692, 11.175908248738606 ], [ 79.500679309923299, 11.175946003665404 ], [ 79.501626789104591, 11.176267351730864 ], [ 79.502711626082714, 11.176543555078124 ], [ 79.503773605428449, 11.176756462159494 ], [ 79.504835683588865, 11.176738834841986 ], [ 79.506034991087049, 11.176974393245077 ], [ 79.507280042596093, 11.177295848567926 ], [ 79.508101204275405, 11.177526234313351 ], [ 79.508570859675643, 11.17765800081583 ], [ 79.509957823440018, 11.178002105003079 ], [ 79.510832116875122, 11.178214909667114 ], [ 79.511894026152248, 11.178622156342698 ], [ 79.512864407881708, 11.178961559567357 ], [ 79.51405010320839, 11.179283279711903 ], [ 79.514132355650744, 11.179305597874846 ], [ 79.515180594365887, 11.179577221015993 ], [ 79.516430220994678, 11.179961922943971 ], [ 79.517904170424671, 11.180346706319275 ], [ 79.51890912830946, 11.180687960826903 ], [ 79.518956959106745, 11.180704203435823 ], [ 79.520696367889698, 11.181269880300004 ], [ 79.521735429415884, 11.181631881294022 ], [ 79.522843132111291, 11.182079787223445 ], [ 79.523813503959289, 11.182509559650708 ], [ 79.525173025090027, 11.182894265618296 ], [ 79.526417998445666, 11.183559176580458 ], [ 79.526720086604357, 11.183726530769125 ], [ 79.527479867298638, 11.184196898417227 ], [ 79.528244220417704, 11.184689865932635 ], [ 79.528679003218571, 11.185051632647887 ], [ 79.52908703239369, 11.185402206137223 ], [ 79.529100054372051, 11.185413393624005 ], [ 79.531091024672207, 11.18677917233304 ], [ 79.532615210587821, 11.187674681182925 ], [ 79.533974674226428, 11.188339599681155 ], [ 79.535059478865207, 11.18893662059139 ], [ 79.536144225113489, 11.18972800360681 ], [ 79.536885689159107, 11.190306826765525 ], [ 79.537714098446145, 11.191012239874633 ], [ 79.538542539174188, 11.191631768122825 ], [ 79.538975246866769, 11.192008479783587 ], [ 79.539004801439603, 11.192034209093805 ], [ 79.540103255080822, 11.192983790617097 ], [ 79.540890549375646, 11.193454132658642 ], [ 79.541833490268104, 11.193969721337421 ], [ 79.542643654771695, 11.194525947611901 ], [ 79.543636912099899, 11.195208793814198 ], [ 79.544350922732121, 11.195828271665826 ], [ 79.545042045189192, 11.196447740260757 ], [ 79.545664566901337, 11.196832137795454 ], [ 79.545858007419682, 11.197034263270227 ], [ 79.545902560264494, 11.197080817028619 ], [ 79.54702853020116, 11.198007779765355 ], [ 79.548108789364633, 11.198713236676793 ], [ 79.548758777066567, 11.199142836378385 ], [ 79.549495729772829, 11.199653822949191 ], [ 79.550324225298112, 11.200255237134122 ], [ 79.550401281884874, 11.200320484279789 ], [ 79.55042034593184, 11.200336627092661 ], [ 79.5515738743848, 11.201042090663595 ], [ 79.552681666013385, 11.201598371198846 ], [ 79.553372840572763, 11.20213645828073 ], [ 79.5545950865517, 11.202733443687896 ], [ 79.555679966648981, 11.203416272286573 ], [ 79.556325370248004, 11.203949819595438 ], [ 79.556993667412044, 11.204487891729199 ], [ 79.557904560906778, 11.205247511994369 ], [ 79.55846333816632, 11.205540246148331 ], [ 79.558508821665782, 11.205564075290924 ], [ 79.559566212417053, 11.20640056930073 ], [ 79.560486301067016, 11.207060740132077 ], [ 79.561250732339545, 11.207702790560834 ], [ 79.56194192756017, 11.208281538115399 ], [ 79.562541632064068, 11.208557409563648 ], [ 79.563072686415609, 11.208729300597177 ], [ 79.563741131801692, 11.208729454803775 ], [ 79.564249339300645, 11.208706969722243 ], [ 79.56478045743259, 11.208603126108343 ], [ 79.565494673779, 11.208666569356609 ], [ 79.56560668291516, 11.208680863868064 ], [ 79.565636600407387, 11.208684682023415 ], [ 79.56620887485407, 11.208793292793073 ], [ 79.567271034761191, 11.208924612407952 ], [ 79.568012708114281, 11.209051336612443 ], [ 79.56842476443677, 11.209051425611602 ], [ 79.569578491417403, 11.209200836595375 ], [ 79.570224018085639, 11.209332055570799 ], [ 79.5708740893309, 11.209630522937745 ], [ 79.571579233591237, 11.209976629051729 ], [ 79.571611139055221, 11.209992289322066 ], [ 79.57226577643705, 11.210367597157948 ], [ 79.573304934981294, 11.211072953431039 ], [ 79.574595934418809, 11.211674390572782 ], [ 79.576024306924523, 11.21220804600795 ], [ 79.577777739307408, 11.212827637253465 ], [ 79.579073391119792, 11.213126203226551 ], [ 79.580089753117065, 11.213447316168528 ], [ 79.581197701950828, 11.213682556562954 ], [ 79.58216371337646, 11.213958452816426 ], [ 79.583202989600011, 11.214193675171485 ], [ 79.584104900840217, 11.214496674625908 ], [ 79.585093806729148, 11.214795164857112 ], [ 79.58578319543777, 11.215011287361316 ], [ 79.585858377240527, 11.215034855780701 ], [ 79.586966344938901, 11.215220353369682 ], [ 79.588142975366026, 11.215518861357731 ], [ 79.589273821358077, 11.215821879689255 ], [ 79.589942253269413, 11.216034423923507 ], [ 79.591700353298464, 11.216391762408453 ], [ 79.59308759643892, 11.216753562625186 ], [ 79.594076540955442, 11.216884776409296 ], [ 79.595207402218847, 11.217160650219935 ], [ 79.596178024696798, 11.217373218141647 ], [ 79.596983812608357, 11.217653565981877 ], [ 79.598348151403968, 11.218227788283659 ], [ 79.598833430303614, 11.218634659681513 ], [ 79.599524727033867, 11.219213321021316 ], [ 79.600124466572083, 11.219683485590366 ], [ 79.600701326019987, 11.220067763240454 ], [ 79.601232402829439, 11.2204294346119 ], [ 79.601992390136203, 11.220985494562465 ], [ 79.602570175747147, 11.221377470778963 ], [ 79.602592144047435, 11.221392374411764 ], [ 79.602665392675689, 11.221478263696055 ], [ 79.603448227733409, 11.22254510560621 ], [ 79.604047935830593, 11.22348536233247 ], [ 79.604684267343544, 11.224520544796091 ], [ 79.604712349577639, 11.224554183780242 ], [ 79.605522069415187, 11.225524101585339 ], [ 79.606350735620381, 11.226315208249003 ], [ 79.606950483243395, 11.226997808426745 ], [ 79.607274823569995, 11.227277464052403 ], [ 79.607275546713822, 11.227278087888104 ], [ 79.608154555405861, 11.228494089972777 ], [ 79.608566571304152, 11.229307756563385 ], [ 79.608685565739947, 11.229967713804086 ], [ 79.608937318598336, 11.23093053367737 ], [ 79.609028850637586, 11.231463921798621 ], [ 79.609262303915315, 11.232277573847389 ], [ 79.609298912958081, 11.232539747584443 ], [ 79.609315350331144, 11.232585815419572 ], [ 79.610063405315998, 11.234682374336213 ], [ 79.610434232560223, 11.235410149816612 ], [ 79.610594379717512, 11.23692442373908 ], [ 79.610662973275964, 11.238122277871289 ], [ 79.61075901126469, 11.239726951068517 ], [ 79.610896320552513, 11.240495391682279 ], [ 79.610859663899021, 11.240861524803744 ], [ 79.610865538880972, 11.240912440786019 ], [ 79.611102192856038, 11.24296342719199 ], [ 79.61107919418815, 11.244391801913949 ], [ 79.61128512218724, 11.246123046816837 ], [ 79.611344573591055, 11.247167213295077 ], [ 79.611344034601899, 11.247205730726794 ], [ 79.61134400944907, 11.24720755805137 ], [ 79.611330765586843, 11.248152611932483 ], [ 79.611541336977623, 11.249052142891335 ], [ 79.611747354808259, 11.249608138854661 ], [ 79.61209532891165, 11.250078261813087 ], [ 79.612472334768398, 11.250533671304328 ], [ 79.612484516821979, 11.250548386647377 ], [ 79.612598981952132, 11.250720161041746 ], [ 79.61271802579526, 11.250891936214742 ], [ 79.612901175213679, 11.251104395581516 ], [ 79.612987675789029, 11.251459727647839 ], [ 79.616301259038195, 11.255453140761208 ], [ 79.616366553982957, 11.255531832396883 ], [ 79.616517664986816, 11.25555444157988 ], [ 79.617094639419051, 11.255491188372824 ], [ 79.619375054988623, 11.255378291310583 ], [ 79.620922806409055, 11.255274389604986 ], [ 79.62230570529681, 11.255242798213976 ], [ 79.622887256645413, 11.25522021543765 ], [ 79.623102476817806, 11.255179541414305 ], [ 79.62331770058347, 11.255057502570025 ], [ 79.625410414971071, 11.252833628364904 ], [ 79.626276028883893, 11.251916050364166 ], [ 79.626339990728752, 11.251848249265265 ], [ 79.626711235689584, 11.251460487993926 ], [ 79.629147721861656, 11.24968566909441 ], [ 79.630855712067572, 11.248288945371483 ], [ 79.633090270438473, 11.246643600560143 ], [ 79.633616853874869, 11.246309105044102 ], [ 79.635608244586621, 11.246413699858083 ], [ 79.635681981000076, 11.24641757302142 ], [ 79.637852429304132, 11.246706831921571 ], [ 79.640677684771589, 11.247163303137143 ], [ 79.643209886437191, 11.247466070614985 ], [ 79.643603685399881, 11.247551940682186 ], [ 79.644359227842614, 11.247710116799704 ], [ 79.645737548017351, 11.248501088595891 ], [ 79.646955607847048, 11.249260421239176 ], [ 79.64777531425564, 11.250354263352854 ], [ 79.64833493862649, 11.251459006067945 ], [ 79.648461528317995, 11.251915663583832 ], [ 79.648667700658876, 11.253913572560185 ], [ 79.648713694401394, 11.257466430028312 ], [ 79.649002360831446, 11.260553695198109 ], [ 79.649148940732971, 11.261317596740621 ], [ 79.649121497201037, 11.261850979713204 ], [ 79.648869666189242, 11.262343693972225 ], [ 79.648834249210836, 11.26241240709415 ], [ 79.648343110600621, 11.263365282041484 ], [ 79.646822950035784, 11.266416480805837 ], [ 79.645975853095905, 11.267994062432665 ], [ 79.645105855404481, 11.26966656518897 ], [ 79.644611343620369, 11.271081402274048 ], [ 79.644594563090862, 11.271147801591601 ], [ 79.644034434765118, 11.273364113718282 ], [ 79.643636123564775, 11.275872824829147 ], [ 79.642912678825468, 11.278806443988051 ], [ 79.642757011566502, 11.279805407690118 ], [ 79.642747113030396, 11.279868767431852 ], [ 79.642624237872539, 11.28065520460351 ], [ 79.642578459725655, 11.281161465736849 ], [ 79.642574387662478, 11.281208305440133 ], [ 79.642486907025173, 11.282214668746111 ], [ 79.642418263161062, 11.283638525776139 ], [ 79.642601506004283, 11.285274819559643 ], [ 79.6428763123278, 11.286083920946902 ], [ 79.642886040183996, 11.286112238004984 ], [ 79.643238142944455, 11.28713710678281 ], [ 79.643851897997706, 11.28920280029609 ], [ 79.644202282281029, 11.290179141633489 ], [ 79.644552671055905, 11.29115548493497 ], [ 79.644813742138737, 11.291788297317405 ], [ 79.644821494599626, 11.291805651566049 ], [ 79.645579885600156, 11.293503225001452 ], [ 79.645633595870962, 11.293623449562801 ], [ 79.64644885472056, 11.294934260123117 ], [ 79.647795393398852, 11.296579532063969 ], [ 79.650282387347758, 11.299277931436075 ], [ 79.651023115673155, 11.299924226594982 ], [ 79.651033522655737, 11.29993330780702 ], [ 79.653007536356625, 11.301347986943947 ], [ 79.655860945025083, 11.303219120569882 ], [ 79.656369344763519, 11.303594253146285 ], [ 79.657230393438041, 11.303915112778162 ], [ 79.658892948653502, 11.304452867765203 ], [ 79.659900558364981, 11.304760144928082 ], [ 79.660885272714836, 11.305071941585298 ], [ 79.662112719040934, 11.305329470122011 ], [ 79.662900485849576, 11.305519237301032 ], [ 79.663633288339227, 11.30564572431277 ], [ 79.664378870262098, 11.305584685226032 ], [ 79.664407289364448, 11.305582358811447 ], [ 79.664723317579686, 11.305690807941435 ], [ 79.665593506612282, 11.305713310994234 ], [ 79.668254511418255, 11.306214736796154 ], [ 79.671002550398853, 11.306774890017417 ], [ 79.672074287245209, 11.306982674633659 ], [ 79.673671672381715, 11.307297752788651 ], [ 79.673723117999728, 11.30730789963032 ], [ 79.675120026114314, 11.307452345198561 ], [ 79.67589864268345, 11.307605916587722 ], [ 79.677132020585432, 11.308067736642112 ], [ 79.677153625966312, 11.308075825729453 ], [ 79.679132346839268, 11.309142276036791 ], [ 79.680914157001951, 11.310294629184821 ], [ 79.683809023819109, 11.31199371833932 ], [ 79.688701112312486, 11.315120773829781 ], [ 79.689505292239659, 11.315677887429322 ], [ 79.689516479858227, 11.315685637173351 ], [ 79.690867797573816, 11.316625564706831 ], [ 79.693506420854476, 11.318889628349357 ], [ 79.695888524815899, 11.320832790602553 ], [ 79.696914676653165, 11.321691399347674 ], [ 79.698971577006986, 11.323404080766759 ], [ 79.702554070936444, 11.3265402364281 ], [ 79.705275403901979, 11.329120582006789 ], [ 79.705948678630989, 11.329836764584527 ], [ 79.705976381776054, 11.329866232940732 ], [ 79.707396678427358, 11.331389166596695 ], [ 79.710333507348068, 11.334444025391917 ], [ 79.712286289367199, 11.336494468651042 ], [ 79.712390704145932, 11.336604106582461 ], [ 79.713221679919741, 11.337257973271818 ], [ 79.713229108088825, 11.337263818170911 ], [ 79.715226646870349, 11.33889051693178 ], [ 79.716381174249918, 11.339744497573301 ], [ 79.720903120913619, 11.343047399944847 ], [ 79.723125216058307, 11.344755338224719 ], [ 79.724508894683694, 11.345844264419979 ], [ 79.726639158650144, 11.346752138067497 ], [ 79.728338760387928, 11.347366329926086 ], [ 79.730212496950259, 11.348165777197597 ], [ 79.731971700110492, 11.348883890205276 ], [ 79.733584276656799, 11.349443838322809 ], [ 79.734679142426785, 11.349710149365341 ], [ 79.735425832870717, 11.34984097213319 ], [ 79.737771174177439, 11.349998346728064 ], [ 79.740620411069742, 11.35020975856488 ], [ 79.743563646775044, 11.350418926985261 ], [ 79.743657461433415, 11.350425594231639 ], [ 79.74722128477805, 11.350632151965019 ], [ 79.748693654071445, 11.350753397971516 ], [ 79.749712554707713, 11.350986615594207 ], [ 79.750766088991469, 11.351100042206792 ], [ 79.751879230985892, 11.351100561845637 ], [ 79.753441176686152, 11.351128329934713 ], [ 79.754609202151173, 11.35115602756159 ], [ 79.755946701981088, 11.351323845283368 ], [ 79.757824454911045, 11.352029779387317 ], [ 79.759306470313973, 11.352621780238319 ], [ 79.759308408878326, 11.352622555288722 ], [ 79.759390238214195, 11.353937879735218 ], [ 79.759586012555644, 11.356835405798623 ], [ 79.759548363263789, 11.359212999652453 ], [ 79.759547113707228, 11.359254485906323 ], [ 79.759492558121707, 11.361066239022906 ], [ 79.759317788188227, 11.362639151167077 ], [ 79.758551665388055, 11.365355391069933 ], [ 79.757895545785999, 11.367827630572776 ], [ 79.756925278142575, 11.372878057571651 ], [ 79.756922153801995, 11.372894318382656 ], [ 79.757462266764904, 11.373970363862112 ], [ 79.759197587315015, 11.375878548979149 ], [ 79.760557469568525, 11.377587794812682 ], [ 79.761496101242571, 11.378767897015248 ], [ 79.762628795967487, 11.380092227910838 ], [ 79.762640831595675, 11.38010629988425 ], [ 79.762915539104497, 11.380481562233022 ], [ 79.7643654100916, 11.381944405032653 ], [ 79.764394625101261, 11.381973881216712 ], [ 79.764738263935087, 11.381860985592313 ], [ 79.765764332229026, 11.382114483743861 ], [ 79.766872976358826, 11.382114968100241 ], [ 79.768458153390654, 11.381889562642737 ], [ 79.770166940402234, 11.381750071383596 ], [ 79.771614751552363, 11.381411660633901 ], [ 79.773154237573905, 11.38082456580786 ], [ 79.774065926975979, 11.380540110681423 ], [ 79.774918331162539, 11.379839870167844 ], [ 79.776114261893568, 11.379080918915749 ], [ 79.778378020002791, 11.377232928329512 ], [ 79.781237978288033, 11.374713584102597 ], [ 79.781301626620831, 11.374657516187076 ], [ 79.782337021224038, 11.374368522961774 ], [ 79.786620570282722, 11.373497614598444 ], [ 79.79031771259865, 11.372680642410144 ], [ 79.791568397442859, 11.37242792494704 ], [ 79.792479834418359, 11.373214690692452 ], [ 79.794975833079661, 11.375263042045127 ], [ 79.797802486325722, 11.377415268677865 ], [ 79.797838326410627, 11.377442556884786 ], [ 79.799015374554372, 11.378319818592029 ], [ 79.801319117575204, 11.380340987960816 ], [ 79.802143571580046, 11.381014665036421 ], [ 79.803366716772572, 11.381100938034379 ], [ 79.803737597915728, 11.381634391056885 ], [ 79.804360231018919, 11.383234700093105 ], [ 79.8051245949178, 11.385752598636433 ], [ 79.806095144632209, 11.388419752026085 ], [ 79.806603020652815, 11.390725163673348 ], [ 79.806918811712862, 11.391904978028885 ], [ 79.806633955936263, 11.395064427293363 ], [ 79.806573691557105, 11.397536981155147 ], [ 79.806715367555512, 11.399082855650708 ], [ 79.807081353778671, 11.401126085934532 ], [ 79.80709548697304, 11.401177597749783 ], [ 79.807850303577055, 11.403928730048403 ], [ 79.808575793780292, 11.406568656436761 ], [ 79.809301299254869, 11.409208580298895 ], [ 79.810381401213164, 11.413498485010713 ], [ 79.811905637434421, 11.419768322568764 ], [ 79.812226045835018, 11.421056603803642 ], [ 79.812879001570622, 11.422687561024162 ] ], [ [ 79.699404370039517, 11.874231560156796 ], [ 79.699477862111223, 11.874299375124911 ], [ 79.699744009573706, 11.87426764427644 ], [ 79.699840291005856, 11.873924049806513 ], [ 79.699734386820367, 11.872382835799202 ], [ 79.699568815635416, 11.871112767212809 ], [ 79.699499736986709, 11.870199689017261 ], [ 79.699407760281389, 11.869119497051248 ], [ 79.699494569877174, 11.867618770734142 ], [ 79.699351753916687, 11.865286558019958 ], [ 79.699209008024781, 11.863342982810794 ], [ 79.699121530980733, 11.86217685758716 ], [ 79.699072528780292, 11.861316449188555 ], [ 79.699070818387995, 11.86128640037173 ], [ 79.696996434123804, 11.860617962794802 ], [ 79.695996009137943, 11.860351513037287 ], [ 79.696007405165645, 11.860460637722078 ], [ 79.696478891332404, 11.864975348780506 ], [ 79.69665375199574, 11.86700019632365 ], [ 79.697122935780428, 11.871709898932689 ], [ 79.697188004349712, 11.873147261208194 ], [ 79.697188788578941, 11.873164611931232 ], [ 79.697228725879839, 11.874046793249159 ], [ 79.697230250320885, 11.874080456370386 ], [ 79.698761736844787, 11.873653112966029 ], [ 79.69902799480009, 11.873779613779581 ], [ 79.699216181970641, 11.874005588380539 ], [ 79.699404370039517, 11.874231560156796 ] ], [ [ 79.697111369971125, 11.823074819850671 ], [ 79.698052041719237, 11.823079173054465 ], [ 79.699217489019375, 11.823042687384119 ], [ 79.700387488083067, 11.822933953973164 ], [ 79.702002561945861, 11.822906422647314 ], [ 79.702277388930639, 11.820976372382148 ], [ 79.702382552006014, 11.819597696677285 ], [ 79.702579189628423, 11.817197505195681 ], [ 79.702748701722541, 11.816203115688518 ], [ 79.702890816997126, 11.815769133733141 ], [ 79.70316148657875, 11.81537131772887 ], [ 79.703528417829602, 11.814955394061098 ], [ 79.703863240597229, 11.814525874258399 ], [ 79.704129185938797, 11.813938192990054 ], [ 79.704234569101402, 11.813468147834053 ], [ 79.703421574006327, 11.813528965563231 ], [ 79.703394389189199, 11.813531000235994 ], [ 79.702780196656406, 11.813576943916159 ], [ 79.701720322063366, 11.813645066744018 ], [ 79.70071549623097, 11.813658822321409 ], [ 79.699182997305726, 11.81365467472124 ], [ 79.69805433601644, 11.813777010875336 ], [ 79.696765081107202, 11.813736558379023 ], [ 79.695558418203504, 11.813691670750057 ], [ 79.692985498601004, 11.813737326876275 ], [ 79.693342580723069, 11.814871846283365 ], [ 79.693930234327439, 11.816819847825965 ], [ 79.694348277921335, 11.818713650411972 ], [ 79.694518552685125, 11.821113732763134 ], [ 79.694592377133489, 11.823039289053526 ], [ 79.696248747448195, 11.823011731360547 ], [ 79.697111369971125, 11.823074819850671 ] ] ], [ [ [ 79.78191455702067, 11.902290720332006 ], [ 79.781501314023657, 11.902760650308114 ], [ 79.781495295311274, 11.902762812649739 ], [ 79.780785230079758, 11.903018033003837 ], [ 79.780454609631036, 11.903456352062898 ], [ 79.779917364988833, 11.904129634997259 ], [ 79.779559282143524, 11.904360023325818 ], [ 79.778820230972769, 11.904649033369511 ], [ 79.77787011703272, 11.9047616826499 ], [ 79.776561973248008, 11.90496007683779 ], [ 79.775386995720993, 11.904986756927313 ], [ 79.775158740993817, 11.901827210665358 ], [ 79.77198266286517, 11.9019028330985 ], [ 79.772009885411549, 11.902689319395964 ], [ 79.769843522645431, 11.902774346016919 ], [ 79.76925187782625, 11.90174355763129 ], [ 79.769197245883944, 11.900663263159041 ], [ 79.772882818797314, 11.900443230808483 ], [ 79.772860439966948, 11.899010391017814 ], [ 79.772084738430934, 11.899154730151437 ], [ 79.771622175229894, 11.896695685612766 ], [ 79.770532216956312, 11.890882572869435 ], [ 79.771069517294038, 11.890064668005179 ], [ 79.770991739360127, 11.88946348106359 ], [ 79.770849633068678, 11.889052107674411 ], [ 79.770909589325683, 11.888324414827622 ], [ 79.77109349961718, 11.887501852100689 ], [ 79.771777767030358, 11.886399246071992 ], [ 79.772021416186533, 11.885373306046073 ], [ 79.77190222142643, 11.885052341108587 ], [ 79.770842487868933, 11.884025893183757 ], [ 79.771021711649567, 11.883438365852175 ], [ 79.772012934293642, 11.883633111659975 ], [ 79.773555096396393, 11.883285669035452 ], [ 79.773413289243948, 11.882114940195931 ], [ 79.773358853134368, 11.880505807920567 ], [ 79.773070482250048, 11.878602785894024 ], [ 79.773006911172374, 11.876889689091497 ], [ 79.772842283218466, 11.875221749144218 ], [ 79.772842177217242, 11.875220668743076 ], [ 79.773439099638679, 11.875167395907761 ], [ 79.77343945626987, 11.875168485099996 ], [ 79.773448159148344, 11.875167746664586 ], [ 79.773897360807865, 11.876541991720458 ], [ 79.77416730275408, 11.876782625403202 ], [ 79.775048860864914, 11.877568464336061 ], [ 79.776202134196339, 11.878218103423777 ], [ 79.776948818352068, 11.878047967119288 ], [ 79.77824305172463, 11.87781794330666 ], [ 79.778954436581273, 11.877587654696137 ], [ 79.778956921321338, 11.877590102060321 ], [ 79.778963490701017, 11.87758799490085 ], [ 79.77920204461293, 11.87782312021595 ], [ 79.779665404619635, 11.877911908282623 ], [ 79.77953317440641, 11.877120047739639 ], [ 79.779523736706039, 11.877063532336091 ], [ 79.779523916369129, 11.876507565857182 ], [ 79.780033733649063, 11.875486260923571 ], [ 79.7798647246115, 11.873176493795732 ], [ 79.779901751370872, 11.872385515292214 ], [ 79.779494121946101, 11.870310701596233 ], [ 79.779236171610563, 11.868786676621911 ], [ 79.779067797681932, 11.868786441020339 ], [ 79.779068114787194, 11.86856319524871 ], [ 79.778838297889763, 11.868535149845608 ], [ 79.778829327313346, 11.868534055352201 ], [ 79.778590778791326, 11.868443603588569 ], [ 79.778567957989836, 11.868063939697628 ], [ 79.778441494960774, 11.867674537332972 ], [ 79.778237568408102, 11.867674176896243 ], [ 79.778237911564574, 11.867431864853408 ], [ 79.778309064423269, 11.86743196419339 ], [ 79.777845593923786, 11.866716022769225 ], [ 79.777687193989721, 11.866715742330891 ], [ 79.777687630570981, 11.866473431194551 ], [ 79.777935391316205, 11.866473777566981 ], [ 79.777935232314434, 11.86658548528675 ], [ 79.778421691600329, 11.866545137309 ], [ 79.778426582028729, 11.865446786683657 ], [ 79.778426828167142, 11.865391598091088 ], [ 79.778435699030567, 11.863398512919492 ], [ 79.77833095996003, 11.863398366105177 ], [ 79.778331304014742, 11.8631559632293 ], [ 79.778548123188386, 11.86315634477107 ], [ 79.78066713216262, 11.862749222691553 ], [ 79.780673019720993, 11.862750115887462 ], [ 79.780673056551905, 11.862750116766581 ], [ 79.78067616292617, 11.862749511925267 ], [ 79.781093739396113, 11.862812941134514 ], [ 79.781195531992523, 11.863211346561647 ], [ 79.781369249998804, 11.863211649860906 ], [ 79.781369055962685, 11.863350024625282 ], [ 79.782296044572377, 11.863228841214898 ], [ 79.782360432218653, 11.862785899985294 ], [ 79.78236949442325, 11.862786272736278 ], [ 79.784957859658746, 11.862905946878238 ], [ 79.784957997100975, 11.862828351397146 ], [ 79.785205845881109, 11.862828782170618 ], [ 79.785205415588095, 11.863071094786998 ], [ 79.785171385608521, 11.863071048193182 ], [ 79.786731611035009, 11.868654709817577 ], [ 79.786992663253187, 11.870178032244963 ], [ 79.786776530392459, 11.871461634562923 ], [ 79.787214412381104, 11.873329159357361 ], [ 79.787359068989588, 11.873329355395722 ], [ 79.787358784223656, 11.87349020524802 ], [ 79.787970730069929, 11.87367737158219 ], [ 79.788184925264574, 11.87367774343921 ], [ 79.788184589294659, 11.873920056083385 ], [ 79.788126691077963, 11.873919977844055 ], [ 79.788248470291137, 11.874919910924763 ], [ 79.788913771573718, 11.875313368726275 ], [ 79.789207383229396, 11.875607263946671 ], [ 79.789470349757465, 11.876679140427516 ], [ 79.789472517392227, 11.876687971714277 ], [ 79.789587767649948, 11.877157741078367 ], [ 79.79023059128744, 11.877305059585469 ], [ 79.790290208879625, 11.876814163439287 ], [ 79.790299218083604, 11.876814303213724 ], [ 79.792364506905557, 11.87684645133068 ], [ 79.792373543957282, 11.876846757252 ], [ 79.792584324655564, 11.877845739853596 ], [ 79.791808702171238, 11.877958493413942 ], [ 79.791950451831511, 11.879536011598093 ], [ 79.792124586656101, 11.880327063403016 ], [ 79.792731051880807, 11.881418777736464 ], [ 79.792773508057763, 11.881495204037094 ], [ 79.792890553149405, 11.881705899299021 ], [ 79.793230009427262, 11.882185124045538 ], [ 79.793431728819286, 11.882836063686362 ], [ 79.793449826278987, 11.883645146024694 ], [ 79.794674822001028, 11.885214575585927 ], [ 79.79483104621545, 11.885214783043471 ], [ 79.794830713838792, 11.885457187394566 ], [ 79.794691661819314, 11.885456999276448 ], [ 79.794665120195944, 11.886434350193136 ], [ 79.794916921563342, 11.88801253569725 ], [ 79.795059633319269, 11.888012781830797 ], [ 79.795059300942597, 11.888255095785413 ], [ 79.794969579008665, 11.888254973597803 ], [ 79.795343277268543, 11.88984262110603 ], [ 79.795664033317152, 11.891451830925455 ], [ 79.796223604687427, 11.892559395329425 ], [ 79.796750860961964, 11.894290704560941 ], [ 79.796635528059255, 11.896202619848422 ], [ 79.796749676084104, 11.89810556540499 ], [ 79.796501282026583, 11.899886359240794 ], [ 79.796492665386353, 11.899882705196427 ], [ 79.796492203652321, 11.899886013789898 ], [ 79.795243997259959, 11.899356815006307 ], [ 79.793945307345297, 11.898972241860653 ], [ 79.792912978692158, 11.898000103717777 ], [ 79.791545394283389, 11.897647143387172 ], [ 79.790567971558701, 11.897113388686588 ], [ 79.788731381231685, 11.896756484800189 ], [ 79.787667290845036, 11.896837089169862 ], [ 79.786372572382234, 11.898147446983883 ], [ 79.785325794327747, 11.899136965312076 ], [ 79.784050808258485, 11.900074772320059 ], [ 79.78354455190032, 11.900447143273693 ], [ 79.782571247951239, 11.901273957281955 ], [ 79.78191455702067, 11.902290720332006 ] ], [ [ 79.790101154834815, 11.89472487461838 ], [ 79.789718581219901, 11.89483502630182 ], [ 79.789020929807322, 11.895035893399996 ], [ 79.789038365208697, 11.895095399032993 ], [ 79.789256527363648, 11.895839985294794 ], [ 79.790893416813134, 11.895355622959816 ], [ 79.790994332653824, 11.895325761613879 ], [ 79.790714610749063, 11.894548249103655 ], [ 79.790101154834815, 11.89472487461838 ] ], [ [ 79.791249391312434, 11.883931051255779 ], [ 79.791587526168527, 11.884999368196997 ], [ 79.793321778621745, 11.884553362789205 ], [ 79.792947548559212, 11.883484892020029 ], [ 79.791249391312434, 11.883931051255779 ] ] ] ] } }
]
}
