{
"type": "FeatureCollection",
"name": "dharmapuri_boundary",
"crs": { "type": "name", "properties": { "name": "urn:ogc:def:crs:OGC:1.3:CRS84" } },
"features": [
{ "type": "Feature", "properties": { "dtname": "Dharmapuri", "stname": "TAMIL NADU", "stcode11": "33", "dtcode11": "630", "year_stat": "2011_c", "objectid": 673, "test": -1, "dist_lgd": 571, "state_lgd": 33, "remarks": " ", "dist": "Dharmapuri", "st_area(shape)": 4731688550.6308098, "st_length(shape)": 537657.56478181947 }, "geometry": { "type": "Polygon", "coordinates": [ [ [ 78.632880711388594, 12.176618573168209 ], [ 78.632792574082814, 12.176667833977856 ], [ 78.632072107258637, 12.177070509735028 ], [ 78.631847022686074, 12.177255838690709 ], [ 78.631479420393731, 12.177436641777636 ], [ 78.630822452782027, 12.177906735198505 ], [ 78.630147072401982, 12.178363192662045 ], [ 78.62961412889338, 12.178702166860232 ], [ 78.629081137774065, 12.179045742732029 ], [ 78.628479270126959, 12.17947508528122 ], [ 78.628001470600381, 12.179732761427502 ], [ 78.627578783614794, 12.179940662567347 ], [ 78.627459322055046, 12.180008421563782 ], [ 78.626820677380238, 12.180424219736537 ], [ 78.625892674572597, 12.181052535407863 ], [ 78.624808338854379, 12.181734974070372 ], [ 78.624390286277347, 12.181983551916765 ], [ 78.623659714304566, 12.182327016414813 ], [ 78.623232462979018, 12.182512375945979 ], [ 78.622929224976744, 12.182643386275782 ], [ 78.622501882023059, 12.182837773172464 ], [ 78.622097574568201, 12.183005016598441 ], [ 78.621707097575438, 12.183249066736957 ], [ 78.621068432239355, 12.184216289313989 ], [ 78.62100297469955, 12.184194673620235 ], [ 78.61972684776984, 12.183773273048851 ], [ 78.619189326446559, 12.183646701102182 ], [ 78.618614991264607, 12.183520132607534 ], [ 78.618040712676518, 12.183443235425568 ], [ 78.617397427304908, 12.183244287330606 ], [ 78.616846138401584, 12.183117756401604 ], [ 78.616216759848896, 12.182905299615062 ], [ 78.615601034790231, 12.182805774016661 ], [ 78.614875154718149, 12.18276053860825 ], [ 78.614218132309261, 12.182751460090216 ], [ 78.613584099585097, 12.182701691120231 ], [ 78.612986834007174, 12.182656520672436 ], [ 78.612343608822741, 12.182489160241447 ], [ 78.611741737582378, 12.182299351431102 ], [ 78.611240980710377, 12.182050732610385 ], [ 78.610754029147699, 12.181689089572236 ], [ 78.610193498376688, 12.181304874750902 ], [ 78.609697365133485, 12.180870890060071 ], [ 78.609256365092534, 12.180486660882959 ], [ 78.608783146075595, 12.180111508880238 ], [ 78.608236442173435, 12.179713693599682 ], [ 78.607703518427769, 12.179370108933268 ], [ 78.607179770972749, 12.178990397150145 ], [ 78.606623898864825, 12.178619762605454 ], [ 78.606164506716695, 12.178203829013295 ], [ 78.605982156798902, 12.178036643151197 ], [ 78.605962398354208, 12.178018527062418 ], [ 78.605728111439916, 12.177774389573301 ], [ 78.605319300730528, 12.177313342132628 ], [ 78.604832287184081, 12.176915558661397 ], [ 78.604290240148387, 12.176468019383378 ], [ 78.603711343321393, 12.176079270365085 ], [ 78.603261198430857, 12.175731151714528 ], [ 78.602792550940364, 12.17528820909941 ], [ 78.602259699059942, 12.174876786412373 ], [ 78.601781972296877, 12.174469966151795 ], [ 78.601340965069383, 12.173999835912749 ], [ 78.600978078932272, 12.173565959583188 ], [ 78.600610512572516, 12.17306873257426 ], [ 78.600247674046116, 12.17253985461061 ], [ 78.599903198880753, 12.172038065602729 ], [ 78.59977287758754, 12.171777396378227 ], [ 78.599765359586925, 12.171762359433112 ], [ 78.599627616412832, 12.171486652099233 ], [ 78.599342764229505, 12.170962238879216 ], [ 78.599002928862589, 12.17036558386633 ], [ 78.598621654211584, 12.169890980207658 ], [ 78.598203663618321, 12.169335010026339 ], [ 78.597702928305893, 12.168855801365593 ], [ 78.597170070137238, 12.168476066646676 ], [ 78.596637168849455, 12.168100845867805 ], [ 78.596039924831118, 12.16779795911677 ], [ 78.595447319712918, 12.167535753386465 ], [ 78.594882299162165, 12.167232818571931 ], [ 78.594280520448265, 12.166907302994755 ], [ 78.59379357068218, 12.166708353049067 ], [ 78.593132086341271, 12.166405455051324 ], [ 78.592553167056423, 12.166188437888231 ], [ 78.591946850952013, 12.166003025690998 ], [ 78.591257696703707, 12.165776879046954 ], [ 78.590678874436918, 12.165595977575368 ], [ 78.590063290413752, 12.16544676988218 ], [ 78.589410990448272, 12.165324649286005 ], [ 78.588772416740369, 12.165161845154286 ], [ 78.588106306075701, 12.16501709642953 ], [ 78.587463144671631, 12.164872301084293 ], [ 78.586884237963204, 12.164700505354888 ], [ 78.586254940258883, 12.164546721145781 ], [ 78.585625506010686, 12.164388417033074 ], [ 78.58502828265361, 12.164356677341756 ], [ 78.584343802339689, 12.164446978790924 ], [ 78.583994666714631, 12.164085274901131 ], [ 78.583608817842247, 12.163696565721104 ], [ 78.583218433375947, 12.163249022615783 ], [ 78.582823462111833, 12.162801434849381 ], [ 78.582491985568609, 12.162335558809669 ], [ 78.582490878844183, 12.16233692697085 ], [ 78.582450212111283, 12.162387207328635 ], [ 78.582446510153972, 12.162391784257149 ], [ 78.582005617012541, 12.162936908001608 ], [ 78.581642633857385, 12.163470175623818 ], [ 78.581417380401561, 12.163971848211387 ], [ 78.581205973577539, 12.164582026082426 ], [ 78.580985294343179, 12.165192113860298 ], [ 78.580769294433097, 12.165802247657361 ], [ 78.580493541285279, 12.166367268305008 ], [ 78.580249957706101, 12.166963764572161 ], [ 78.580056899870073, 12.167564918884567 ], [ 78.57996026719664, 12.168179585425014 ], [ 78.579849873231367, 12.168721959285596 ], [ 78.579803849844453, 12.169440622593687 ], [ 78.579711807562106, 12.170037184846166 ], [ 78.579651980662476, 12.170642920407094 ], [ 78.579578386182845, 12.171248517599695 ], [ 78.579454154568936, 12.171949071620318 ], [ 78.579256502748535, 12.172505034574678 ], [ 78.579003720420872, 12.173119692319897 ], [ 78.578792248019838, 12.173680125062479 ], [ 78.578686429174311, 12.174276650572505 ], [ 78.578520937041105, 12.174900397054307 ], [ 78.578382987254486, 12.175496964606939 ], [ 78.578258805946234, 12.17608455042134 ], [ 78.578153061660871, 12.176771570632601 ], [ 78.578051876325588, 12.177336538093435 ], [ 78.577877152206199, 12.177964715308066 ], [ 78.577762199290859, 12.178493604420106 ], [ 78.577615018416409, 12.179076630670474 ], [ 78.577500036754998, 12.179813326606967 ], [ 78.577398801114029, 12.180382815918293 ], [ 78.577256243868348, 12.181024594570928 ], [ 78.577118280607024, 12.181630204966929 ], [ 78.577021718900497, 12.182226836425098 ], [ 78.576966548867318, 12.182556829022555 ], [ 78.576960304677755, 12.182596364814319 ], [ 78.576915877597074, 12.182877654887591 ], [ 78.576787191237671, 12.183420052291517 ], [ 78.576676771221287, 12.183980514219376 ], [ 78.576621507763306, 12.18464041912793 ], [ 78.576515667358223, 12.185264148283013 ], [ 78.576442057607196, 12.185824529045279 ], [ 78.576327066962648, 12.186543179428829 ], [ 78.57623045944203, 12.187099088111488 ], [ 78.576143056059834, 12.187804196990019 ], [ 78.576014218783456, 12.188387243176548 ], [ 78.575876339963784, 12.188947711294734 ], [ 78.575807217297609, 12.18956233272073 ], [ 78.575664646577195, 12.190186066986898 ], [ 78.575526759672655, 12.190782663400038 ], [ 78.575457630718276, 12.191415441408081 ], [ 78.575351878348087, 12.191993936604028 ], [ 78.575126592552934, 12.192554354075913 ], [ 78.574860036356981, 12.193128358193643 ], [ 78.574817311583743, 12.193171318562015 ], [ 78.574455559120508, 12.193535078728564 ], [ 78.573816915343997, 12.193688566048541 ], [ 78.573274735357643, 12.193720094135697 ], [ 78.572695790919965, 12.193701939605566 ], [ 78.57207555631858, 12.193557202051528 ], [ 78.571482891013233, 12.193534391216149 ], [ 78.570968274933051, 12.19343035204143 ], [ 78.570430809305307, 12.193281106431067 ], [ 78.569833518574598, 12.19295098756367 ], [ 78.569236370675966, 12.19260732433164 ], [ 78.568749393062149, 12.192272799432413 ], [ 78.568248663139613, 12.191856851241763 ], [ 78.567697319439063, 12.191834077138404 ], [ 78.567035668909782, 12.191797822258037 ], [ 78.566378682433481, 12.191860957025106 ], [ 78.566315040388872, 12.191791364164912 ], [ 78.56600657958154, 12.191454059189274 ], [ 78.565574800746973, 12.19107428918578 ], [ 78.565142978793261, 12.190690001027635 ], [ 78.564628540579534, 12.19026947917485 ], [ 78.564095687800773, 12.189898716382052 ], [ 78.563622456207383, 12.189568650378233 ], [ 78.563034484599427, 12.189175292277072 ], [ 78.562460277876568, 12.188818106347114 ], [ 78.561977972400513, 12.188460940131694 ], [ 78.561523222745819, 12.188049500984562 ], [ 78.561141980434186, 12.187588315097599 ], [ 78.560783746671916, 12.187077506897365 ], [ 78.560379570371083, 12.186562173007886 ], [ 78.55997221942404, 12.186026132257339 ], [ 78.559943235281395, 12.185987991358198 ], [ 78.559575827923453, 12.185486212841568 ], [ 78.55915780768575, 12.184934704338298 ], [ 78.558689331773508, 12.184432809679491 ], [ 78.558303502664032, 12.184025942597497 ], [ 78.557913155028686, 12.183533144029274 ], [ 78.557485963890258, 12.182990663438513 ], [ 78.557035836067698, 12.182579263225263 ], [ 78.55686249535384, 12.182367752584351 ], [ 78.556824627771348, 12.18232154769421 ], [ 78.556608736557422, 12.182063874939139 ], [ 78.55618617623432, 12.181580140748915 ], [ 78.555772821846219, 12.18117317358166 ], [ 78.555212388093267, 12.180671339422204 ], [ 78.554647321728424, 12.180481390573284 ], [ 78.55404090231778, 12.180445002427714 ], [ 78.553406847135761, 12.180417723608517 ], [ 78.552763710884491, 12.180372380665871 ], [ 78.552138840976241, 12.180335977577762 ], [ 78.550765165091519, 12.180281416401803 ], [ 78.549915284272572, 12.180132001825072 ], [ 78.549272155207859, 12.179657211024038 ], [ 78.54885876758209, 12.179431028587762 ], [ 78.548344096704682, 12.179557476977184 ], [ 78.547723897137573, 12.179566349252047 ], [ 78.547057718200961, 12.179538987801621 ], [ 78.546428273172964, 12.17947551115757 ], [ 78.545775950749601, 12.179335215154827 ], [ 78.545468157390559, 12.179307969589258 ], [ 78.545427285841754, 12.179304412421789 ], [ 78.545155682910561, 12.179280767047613 ], [ 78.544576858847122, 12.179239924154638 ], [ 78.543924478931601, 12.179140259320663 ], [ 78.543244536008203, 12.179103889431234 ], [ 78.543177960964186, 12.179105726409787 ], [ 78.542596703364651, 12.179121759578889 ], [ 78.54181562541163, 12.179135105771135 ], [ 78.541264342796509, 12.179207239649834 ], [ 78.540676215779968, 12.179247746236921 ], [ 78.540069772114819, 12.179292669641722 ], [ 78.539440330680065, 12.179342231142167 ], [ 78.538695992923877, 12.179414278033102 ], [ 78.538094067784584, 12.179518031176618 ], [ 78.537432446899743, 12.179572041943709 ], [ 78.536807633585354, 12.179635097079053 ], [ 78.5362425160165, 12.179634910044816 ], [ 78.535626923908509, 12.179598530564146 ], [ 78.534928534080748, 12.179553082110109 ], [ 78.534326645772396, 12.179566418621574 ], [ 78.532374063179262, 12.1795838628619 ], [ 78.530375537149226, 12.179596653196633 ], [ 78.530334904552291, 12.179597668274679 ], [ 78.529125810807429, 12.179627870356658 ], [ 78.527306405251807, 12.179690416183723 ], [ 78.526065954015309, 12.179617663379261 ], [ 78.5260374486747, 12.179614214221635 ], [ 78.524154761298888, 12.179386432736164 ], [ 78.523474816578869, 12.179359001019524 ], [ 78.52282245822289, 12.179336184572881 ], [ 78.522206798741252, 12.179349508801922 ], [ 78.521600363160942, 12.179367350833955 ], [ 78.520984645288777, 12.179403247393605 ], [ 78.520405846378182, 12.179240294711306 ], [ 78.51973978242593, 12.179014033769183 ], [ 78.519211501173658, 12.178805902720093 ], [ 78.518618930191408, 12.178489272758553 ], [ 78.518081592124446, 12.178150004125046 ], [ 78.517544158836046, 12.177819853259575 ], [ 78.517089456792064, 12.177539416610305 ], [ 78.516515275222005, 12.177186666123756 ], [ 78.516500937211759, 12.177059119853801 ], [ 78.51645124959677, 12.17661713483216 ], [ 78.516373403390872, 12.175975303375802 ], [ 78.51645179577244, 12.175333470368148 ], [ 78.517067492085033, 12.175143887384525 ], [ 78.51783023632143, 12.174886557150982 ], [ 78.517775315121597, 12.174357765349743 ], [ 78.517738918979518, 12.173702371220591 ], [ 78.517647263871098, 12.173123801027456 ], [ 78.517606102166468, 12.172536182318918 ], [ 78.517565101260274, 12.171907837714112 ], [ 78.517183980221191, 12.171401495326482 ], [ 78.516862592656949, 12.17086353160634 ], [ 78.516541256296648, 12.170320965417323 ], [ 78.516224458225196, 12.169791992414044 ], [ 78.515861763429228, 12.169186230325433 ], [ 78.515581815149034, 12.168593971641341 ], [ 78.515315494311679, 12.16809216376482 ], [ 78.515821005068148, 12.167911560678526 ], [ 78.516303441698227, 12.167785261296054 ], [ 78.516110683899512, 12.167296953231309 ], [ 78.515940910395642, 12.166745487737435 ], [ 78.515754468651679, 12.166294726995218 ], [ 78.51573897540797, 12.166257265576037 ], [ 78.515472837826948, 12.165524909576826 ], [ 78.515192929970965, 12.164878475313728 ], [ 78.514885284833923, 12.164344997127372 ], [ 78.514600756044075, 12.16376181999377 ], [ 78.514325284967285, 12.163232831299911 ], [ 78.514054524655805, 12.162658737956708 ], [ 78.513865011571866, 12.162270171585888 ], [ 78.513829638610929, 12.162197644964701 ], [ 78.513200259159944, 12.162025567375789 ], [ 78.512552587314815, 12.161821871744932 ], [ 78.512240505398609, 12.161139252834932 ], [ 78.511951329623798, 12.16060578558611 ], [ 78.511657582322528, 12.160045181252235 ], [ 78.51129492256085, 12.159457489716935 ], [ 78.51099653366451, 12.158842653720086 ], [ 78.510656885147142, 12.158309115123192 ], [ 78.510344725975827, 12.1577801972504 ], [ 78.509811998062901, 12.15734605821407 ], [ 78.509297694596427, 12.156957080999742 ], [ 78.508778690246089, 12.156604265429515 ], [ 78.508282731276012, 12.15624247798258 ], [ 78.508034924716711, 12.15556893122322 ], [ 78.507915768584141, 12.154949646176014 ], [ 78.507741504402162, 12.154316783922635 ], [ 78.507608557333398, 12.153665841933009 ], [ 78.507448111935446, 12.153028520725293 ], [ 78.507269242989324, 12.152431735010897 ], [ 78.507168398115539, 12.151817071584544 ], [ 78.507655562578961, 12.151324590901948 ], [ 78.508087569585598, 12.15096770886881 ], [ 78.508487451939374, 12.150466188268245 ], [ 78.508483112178254, 12.149923786831401 ], [ 78.508511011156017, 12.149268393060874 ], [ 78.508492935255887, 12.148603942581392 ], [ 78.508497832870802, 12.148038974650294 ], [ 78.508498077212579, 12.147428808008037 ], [ 78.508493828181273, 12.146741750608268 ], [ 78.508452712290719, 12.146154181616025 ], [ 78.50845692538941, 12.145652670387866 ], [ 78.508457572176425, 12.14557567442913 ], [ 78.508214406313854, 12.144924684712979 ], [ 78.508072151800377, 12.144635320603591 ], [ 78.507576164084242, 12.144246364328865 ], [ 78.506937056777062, 12.144013343859713 ], [ 78.506868871053712, 12.143988483413004 ], [ 78.506593441299401, 12.143504665882476 ], [ 78.506364043016887, 12.142939606333897 ], [ 78.505638155758263, 12.143138173590399 ], [ 78.504976565416129, 12.143323142418183 ], [ 78.504347081760599, 12.143594049650273 ], [ 78.503814093336189, 12.143801761255178 ], [ 78.503193893769094, 12.143977764825602 ], [ 78.502637915659989, 12.144180896254735 ], [ 78.502036019266811, 12.144429147397059 ], [ 78.501751498561788, 12.143836953020804 ], [ 78.501586328025468, 12.143326107271983 ], [ 78.5013569216581, 12.142738374419217 ], [ 78.501178094932811, 12.14220047830664 ], [ 78.500966984552832, 12.14163542477287 ], [ 78.500319234554269, 12.141711886156608 ], [ 78.499602602638049, 12.141860762899597 ], [ 78.499014498079418, 12.1419463331118 ], [ 78.498813003266221, 12.141933833412873 ], [ 78.498160983575133, 12.141101279954748 ], [ 78.497797745298428, 12.140441526036515 ], [ 78.497567872705446, 12.139890179640444 ], [ 78.497710038285675, 12.1394245559372 ], [ 78.497268972667683, 12.139230471903089 ], [ 78.49676371074456, 12.139361689745712 ], [ 78.496102265929494, 12.139533704706563 ], [ 78.495518970950911, 12.139759995731048 ], [ 78.494880586787488, 12.139954640565817 ], [ 78.494255865999563, 12.140099493383104 ], [ 78.493603660357209, 12.140239898789396 ], [ 78.493043257146994, 12.140402850783373 ], [ 78.492404757999253, 12.140497974788206 ], [ 78.491747931423092, 12.140615749033193 ], [ 78.49116461668153, 12.140792267591729 ], [ 78.490538523267844, 12.140949847158838 ], [ 78.490516929565032, 12.140955281601585 ], [ 78.490482178238295, 12.140964600423588 ], [ 78.489841697407016, 12.141136334196371 ], [ 78.489207900939775, 12.141312854166298 ], [ 78.48866584402262, 12.141475712412406 ], [ 78.488018221584824, 12.141724593125911 ], [ 78.487467160853555, 12.142014042950994 ], [ 78.486897628963433, 12.142330656632037 ], [ 78.486355732844686, 12.142687925243392 ], [ 78.485850543685103, 12.143045220600104 ], [ 78.485290215933389, 12.143434167212661 ], [ 78.484697635968004, 12.143465991952393 ], [ 78.48404530366318, 12.143389452911164 ], [ 78.483799513821666, 12.1433398030343 ], [ 78.483732635147078, 12.143326292575336 ], [ 78.483397513240462, 12.143258597999459 ], [ 78.48284630338884, 12.143258798232551 ], [ 78.482230820875287, 12.143521178947228 ], [ 78.481638351402722, 12.143919161676736 ], [ 78.481101077116122, 12.144213070433638 ], [ 78.480559057029865, 12.144470897561092 ], [ 78.479975816848508, 12.144796551250749 ], [ 78.479447593088423, 12.14506797600537 ], [ 78.478878061198273, 12.145348351182584 ], [ 78.478239562948815, 12.145565591727902 ], [ 78.477688426759087, 12.14579179683161 ], [ 78.477118868817826, 12.146040560222353 ], [ 78.47656062066595, 12.146266249416033 ], [ 78.476503420440238, 12.146289373438368 ], [ 78.476499804721215, 12.146290826867993 ], [ 78.475851200424856, 12.146551697595978 ], [ 78.475249495372822, 12.146768867781242 ], [ 78.474730453293247, 12.146963437236471 ], [ 78.474091925399392, 12.147198630430372 ], [ 78.47353164166509, 12.147429328781513 ], [ 78.472939080564331, 12.147623920587213 ], [ 78.471859660427356, 12.148089810976213 ], [ 78.471235007911403, 12.148347625567103 ], [ 78.470605677867766, 12.148596447165 ], [ 78.46998106936924, 12.14889949893209 ], [ 78.469296659123941, 12.149107632322426 ], [ 78.468768184733861, 12.148759726003181 ], [ 78.468175532903274, 12.148339611128218 ], [ 78.467614916792314, 12.147969141978336 ], [ 78.467072743094164, 12.147657384426804 ], [ 78.46654435314575, 12.147377379648008 ], [ 78.465910361744079, 12.147061202287606 ], [ 78.465280881681778, 12.146686195435361 ], [ 78.46524455111674, 12.146778627257966 ], [ 78.465137671360878, 12.147050552323723 ], [ 78.465116964295248, 12.147103233941911 ], [ 78.465005481571865, 12.147386867738103 ], [ 78.464720795576852, 12.148006171264713 ], [ 78.46524914959268, 12.148272728404445 ], [ 78.465800560666921, 12.148521110095256 ], [ 78.466347233128005, 12.148783073749142 ], [ 78.466921625802144, 12.149045062612867 ], [ 78.466866629143809, 12.149610129400669 ], [ 78.466784206919854, 12.150405623789549 ], [ 78.466784428803734, 12.151006771625214 ], [ 78.466784609365121, 12.151702829973575 ], [ 78.466844514418156, 12.15232656531799 ], [ 78.466964230201114, 12.152986432924923 ], [ 78.467024112796267, 12.153488081380695 ], [ 78.467180369350046, 12.153840585817296 ], [ 78.4675569979144, 12.153646137309988 ], [ 78.467736318713094, 12.154070952605853 ], [ 78.468012105996891, 12.154595143598096 ], [ 78.468168533230568, 12.155214319698633 ], [ 78.468324912853546, 12.155838012561638 ], [ 78.468545668444733, 12.156475308596931 ], [ 78.468683669435293, 12.157076411103674 ], [ 78.468858400741226, 12.15765939477504 ], [ 78.469037800591664, 12.158359917872859 ], [ 78.469194153265178, 12.158920310609572 ], [ 78.469630985123231, 12.160063742037226 ], [ 78.469828689045897, 12.160628644914784 ], [ 78.470008104167718, 12.161270382597641 ], [ 78.470261028429221, 12.161930249090908 ], [ 78.470362240713968, 12.162472630435564 ], [ 78.469953545887236, 12.162933785299295 ], [ 78.469498877080923, 12.163426598379537 ], [ 78.469181983788033, 12.1638695906273 ], [ 78.468787108643639, 12.164466354187365 ], [ 78.468378442563022, 12.165031453195267 ], [ 78.468001911016728, 12.165537834944246 ], [ 78.467758498117462, 12.165967257285107 ], [ 78.4679103735876, 12.166609076918631 ], [ 78.46821373376072, 12.16717395271467 ], [ 78.468484907297224, 12.167603293379624 ], [ 78.468857249101021, 12.16812294057612 ], [ 78.469284652241868, 12.168610938898832 ], [ 78.469707443432014, 12.169126069659438 ], [ 78.469974130781992, 12.169654791965824 ], [ 78.470204087816612, 12.170301065328491 ], [ 78.4704660554181, 12.170825312131976 ], [ 78.470668318290834, 12.171087386409917 ], [ 78.470712752558029, 12.171145301270947 ], [ 78.470879796081761, 12.171363015127165 ], [ 78.471284260741797, 12.171909829291629 ], [ 78.47156466806112, 12.172352634407678 ], [ 78.471692934907267, 12.172522586409341 ], [ 78.471700534654573, 12.172532656672987 ], [ 78.471710698193704, 12.172546122620494 ], [ 78.471895522071819, 12.172791013072473 ], [ 78.471257094789308, 12.173288384612333 ], [ 78.470898446903675, 12.173619682661194 ], [ 78.470811652579243, 12.173699861568856 ], [ 78.470811620239914, 12.173699891424736 ], [ 78.470687579068837, 12.173812865245312 ], [ 78.470638408883445, 12.173863996958556 ], [ 78.470361531943198, 12.174151920770067 ], [ 78.470015077789256, 12.174548198028713 ], [ 78.469906894577917, 12.174671938013413 ], [ 78.469754945445899, 12.174873686681259 ], [ 78.469511971822811, 12.175196305272264 ], [ 78.469094008178999, 12.175670993409 ], [ 78.468579585236611, 12.176091583178575 ], [ 78.468065141632962, 12.176399087212186 ], [ 78.467934027127328, 12.176501610430234 ], [ 78.467573620340417, 12.176783419774805 ], [ 78.467186742896985, 12.177000649564594 ], [ 78.466953518689664, 12.177131602903575 ], [ 78.466771640387364, 12.177201513091465 ], [ 78.46638847657934, 12.177348791137675 ], [ 78.466055984939857, 12.177545212083361 ], [ 78.465837287388979, 12.177674408072603 ], [ 78.465345289989344, 12.177934295267917 ], [ 78.465272258753387, 12.177972871984231 ], [ 78.46525221194949, 12.177985244420769 ], [ 78.464693447266356, 12.178330069877681 ], [ 78.464114637575975, 12.178538160907276 ], [ 78.46347611956358, 12.178782454873552 ], [ 78.462869692068111, 12.178972453233468 ], [ 78.462226522579201, 12.179180566590061 ], [ 78.461643100938161, 12.179356991057841 ], [ 78.46105511944873, 12.179547000421801 ], [ 78.460444127613258, 12.179700905026774 ], [ 78.459814725704376, 12.179859214063615 ], [ 78.459189917779867, 12.180058301678594 ], [ 78.458555927276521, 12.180257377729014 ], [ 78.457977159806973, 12.18045189984325 ], [ 78.457402883913829, 12.180696137606695 ], [ 78.456833331362432, 12.181035254588901 ], [ 78.45636478627992, 12.181437595316227 ], [ 78.455951430095183, 12.181912329369283 ], [ 78.455409383957829, 12.182459367672969 ], [ 78.454876589569537, 12.18279399802425 ], [ 78.454118583047958, 12.183056380111617 ], [ 78.453443210752738, 12.183169552788028 ], [ 78.452855106194122, 12.183318797940963 ], [ 78.452234909321945, 12.183472661723224 ], [ 78.451646874831908, 12.183640054901103 ], [ 78.450980736319508, 12.183961127075353 ], [ 78.450489223111788, 12.184223398248751 ], [ 78.450431851307869, 12.184250251686164 ], [ 78.449928762409399, 12.184485733262726 ], [ 78.449377481590872, 12.184657581171534 ], [ 78.448761890381206, 12.184874700026006 ], [ 78.448123314876639, 12.185078290170052 ], [ 78.447521511908221, 12.185317950654765 ], [ 78.447347101300863, 12.186118042871803 ], [ 78.447365659596329, 12.186836691582215 ], [ 78.447319869771349, 12.18750560539978 ], [ 78.447108697407643, 12.188039054618724 ], [ 78.446973795604791, 12.188526089975657 ], [ 78.4469534002546, 12.188599721915431 ], [ 78.446929671256328, 12.188685388595383 ], [ 78.446824079684575, 12.189340830022246 ], [ 78.44674158739204, 12.189901332126022 ], [ 78.446571669259441, 12.190570256654562 ], [ 78.446401841856627, 12.191067493901009 ], [ 78.446345449216366, 12.19106703906739 ], [ 78.445855083157298, 12.191063086053708 ], [ 78.445243960167801, 12.190936681781873 ], [ 78.444655801710255, 12.190841956027114 ], [ 78.444003368794142, 12.19071545857569 ], [ 78.443318775292525, 12.190697619940869 ], [ 78.442707670269371, 12.19068419003659 ], [ 78.442128771645756, 12.190729453069874 ], [ 78.441494767667677, 12.190792897167741 ], [ 78.440952662241486, 12.190896990938754 ], [ 78.440420584708804, 12.190997713806356 ], [ 78.440380315929588, 12.191005337101059 ], [ 78.440235856052126, 12.191032683320165 ], [ 78.439551334415711, 12.191154905361099 ], [ 78.438944909615174, 12.191263528005853 ], [ 78.438228151934808, 12.191232037383072 ], [ 78.437598632346663, 12.191182437712856 ], [ 78.436909447555621, 12.191083144392476 ], [ 78.436289115037837, 12.190830159318008 ], [ 78.435714769974439, 12.190545524369307 ], [ 78.435195532062124, 12.19028343593604 ], [ 78.434602735602724, 12.190039507294255 ], [ 78.434088071013534, 12.189795529256674 ], [ 78.43353212973534, 12.189718812140145 ], [ 78.433425374845299, 12.189718825311063 ], [ 78.433377736287468, 12.189718830579423 ], [ 78.43281538912295, 12.189718902580488 ], [ 78.432153821238714, 12.189800428839446 ], [ 78.43139112730799, 12.189958694094233 ], [ 78.430780045641029, 12.18996788387938 ], [ 78.430219557090865, 12.190008694389014 ], [ 78.42959471233543, 12.190049427623002 ], [ 78.429555527822728, 12.190051064327942 ], [ 78.428942294690657, 12.190076668573445 ], [ 78.428266865801575, 12.19007683101464 ], [ 78.427683376786888, 12.190081432929668 ], [ 78.427021708291292, 12.190090591100393 ], [ 78.426378529819232, 12.19014492811003 ], [ 78.425657129645487, 12.190199301987054 ], [ 78.424986389962172, 12.190231021028112 ], [ 78.424402877591262, 12.190253670584587 ], [ 78.423782543276886, 12.190059429611027 ], [ 78.423075024769233, 12.189951105891888 ], [ 78.422454706624507, 12.189820078097089 ], [ 78.421907939840295, 12.189752359362824 ], [ 78.421237109427153, 12.189711806085828 ], [ 78.420616840689775, 12.189833925124244 ], [ 78.420143695334687, 12.190064510069387 ], [ 78.41964752705718, 12.190421641637254 ], [ 78.419105418037717, 12.190805901208345 ], [ 78.41862758976508, 12.191212727159913 ], [ 78.418113113822059, 12.191700971917445 ], [ 78.417644471721488, 12.192098775371287 ], [ 78.417332166124751, 12.192433280294848 ], [ 78.416992019042439, 12.1914298986009 ], [ 78.416560153969598, 12.191854837862534 ], [ 78.415999633080062, 12.192266249155235 ], [ 78.415531075421129, 12.192664047370817 ], [ 78.415126761678067, 12.193111508405982 ], [ 78.414667374021519, 12.193654003421475 ], [ 78.41438257304219, 12.19415119800755 ], [ 78.413937023932633, 12.194743339957766 ], [ 78.413638447288349, 12.19534451740479 ], [ 78.413257045974945, 12.194937832133238 ], [ 78.41282502908679, 12.194589833053358 ], [ 78.412618380638818, 12.195308537831925 ], [ 78.41235656934424, 12.195873544844153 ], [ 78.412200405316909, 12.196424912943323 ], [ 78.411534224583676, 12.196488321434856 ], [ 78.410909344793964, 12.196529064209935 ], [ 78.410344221835231, 12.196578868341119 ], [ 78.409779027011311, 12.196578905218759 ], [ 78.409223049800488, 12.196551856348846 ], [ 78.408630360240664, 12.196515726795131 ], [ 78.408129571927617, 12.196448012404982 ], [ 78.407426545894694, 12.196226583067405 ], [ 78.406994575718969, 12.195851470006746 ], [ 78.406728050065752, 12.195309125242819 ], [ 78.406227238396554, 12.195060590615137 ], [ 78.405634511107451, 12.194956619648712 ], [ 78.405152024171741, 12.19470358909931 ], [ 78.405018712386919, 12.194002959923402 ], [ 78.405087522439402, 12.192732884877518 ], [ 78.404894464603345, 12.192118206701318 ], [ 78.404315602810684, 12.191856153188379 ], [ 78.403814695021751, 12.191521721293494 ], [ 78.403318471048664, 12.191123938047397 ], [ 78.402854431915628, 12.190721726156376 ], [ 78.402353570839068, 12.190360195914195 ], [ 78.401880293431631, 12.189971517295202 ], [ 78.401416196806409, 12.189582850399479 ], [ 78.400952171148063, 12.189212244698258 ], [ 78.400593735264863, 12.188769302630272 ], [ 78.40007907157397, 12.188276655997209 ], [ 78.399578237446889, 12.18787447842351 ], [ 78.398884475739493, 12.188023677026571 ], [ 78.398213733361231, 12.188285843206437 ], [ 78.397722153678203, 12.188480201383523 ], [ 78.397115667792221, 12.188647530815542 ], [ 78.396541366746249, 12.188810250302421 ], [ 78.395908950989607, 12.188952257033279 ], [ 78.3958568172621, 12.18896396338527 ], [ 78.395250288256989, 12.189031756956267 ], [ 78.394960802563403, 12.188344822043971 ], [ 78.394643791591207, 12.187617118384885 ], [ 78.394386393719614, 12.187092840640799 ], [ 78.39433699715876, 12.187007620384533 ], [ 78.394288081196621, 12.186923226365598 ], [ 78.394069401612015, 12.186545947990449 ], [ 78.393661715593382, 12.186022835089796 ], [ 78.393646692168559, 12.18600355785423 ], [ 78.393026365040711, 12.186066850297577 ], [ 78.392286703015529, 12.186121122275914 ], [ 78.391648095171632, 12.186098495196482 ], [ 78.390935923390799, 12.186062394073135 ], [ 78.390315660043314, 12.186112128167931 ], [ 78.389879185714761, 12.186722344732022 ], [ 78.38952541657946, 12.187215000398089 ], [ 78.389121150447082, 12.187739327950627 ], [ 78.388675464793607, 12.188209452294032 ], [ 78.388344652105403, 12.188661453417511 ], [ 78.387935814446521, 12.189167666295564 ], [ 78.387531485432092, 12.189664808706713 ], [ 78.387228286955718, 12.190157491396159 ], [ 78.386833103689185, 12.190704409088708 ], [ 78.386410440059791, 12.191237831679006 ], [ 78.386047479362531, 12.191721441137709 ], [ 78.386016658165104, 12.19176161478768 ], [ 78.385950243919538, 12.191848179574318 ], [ 78.385679886053325, 12.192200573397956 ], [ 78.385353672739356, 12.192666082695172 ], [ 78.384618547206372, 12.193335060835359 ], [ 78.384168304399466, 12.193791581317722 ], [ 78.38368127468334, 12.194166670073473 ], [ 78.383231025588202, 12.194623190002002 ], [ 78.382679607327461, 12.194984813651068 ], [ 78.382155894906688, 12.195237917687733 ], [ 78.381521800198783, 12.195445876041966 ], [ 78.38088777106789, 12.195522691598468 ], [ 78.38024450186596, 12.195635708810729 ], [ 78.37956447629756, 12.195680838414425 ], [ 78.378971734635428, 12.195744113621609 ], [ 78.378415789763977, 12.196083093709344 ], [ 78.3779425985948, 12.195902329670735 ], [ 78.377415769918343, 12.195700297579299 ], [ 78.377400411421931, 12.195694407674301 ], [ 78.377385432014563, 12.195687451826288 ], [ 78.376826045697271, 12.195427683874167 ], [ 78.376260888602545, 12.195260501841393 ], [ 78.375663641889275, 12.195269522858457 ], [ 78.375029515740337, 12.195260420183349 ], [ 78.374413934412104, 12.195260465841585 ], [ 78.374413929920536, 12.195260506231614 ], [ 78.374482819923031, 12.195811823801376 ], [ 78.374459829339955, 12.196354280803988 ], [ 78.374588425867842, 12.196950845777737 ], [ 78.374785967195436, 12.197610786022585 ], [ 78.37491461043571, 12.198266150948468 ], [ 78.37509841831924, 12.19875884926393 ], [ 78.375479687580352, 12.199965682716259 ], [ 78.37573699741705, 12.200517111666718 ], [ 78.375989744710481, 12.201167930900748 ], [ 78.376251638650075, 12.201696743893324 ], [ 78.376596232393055, 12.202243657095618 ], [ 78.376936180049412, 12.202826734744017 ], [ 78.377234843830237, 12.203274226913631 ], [ 78.377616207414434, 12.203739816856203 ], [ 78.378594887780508, 12.204530742343387 ], [ 78.379215164602726, 12.204792929952887 ], [ 78.37911407538715, 12.205497997036883 ], [ 78.379656335323588, 12.205656243260746 ], [ 78.380304152695786, 12.205927410022142 ], [ 78.380593623117974, 12.20639294964508 ], [ 78.3810393572805, 12.206302618570101 ], [ 78.381530977387726, 12.206198625674297 ], [ 78.381687230348263, 12.206600876416875 ], [ 78.382243209355664, 12.206560201918903 ], [ 78.382835926763306, 12.206212218101792 ], [ 78.383428628001226, 12.205873174584866 ], [ 78.383998381775257, 12.205588422333236 ], [ 78.384526768130428, 12.205394064407844 ], [ 78.38507815944169, 12.20522687724845 ], [ 78.385624954972002, 12.205091250082365 ], [ 78.386272878345409, 12.205023417596022 ], [ 78.386893109353537, 12.204960148116561 ], [ 78.387449153938007, 12.205023413205954 ], [ 78.388069432556819, 12.205050549012233 ], [ 78.388721841218455, 12.204991698569124 ], [ 78.389287075568262, 12.204865117435396 ], [ 78.389921135241877, 12.204607530682166 ], [ 78.390477080113342, 12.204489962165988 ], [ 78.391120379857966, 12.204440209568393 ], [ 78.391712411851032, 12.204498464841379 ], [ 78.391762854949164, 12.20450342824731 ], [ 78.391947441672087, 12.204521589939631 ], [ 78.392448235374971, 12.204914785664085 ], [ 78.392962881997889, 12.205380300726477 ], [ 78.393358076942505, 12.205845827262895 ], [ 78.3937486976657, 12.206397196562255 ], [ 78.394065772418273, 12.206917031176422 ], [ 78.394369025691901, 12.207472929618637 ], [ 78.394722832556454, 12.207992725245322 ], [ 78.395058346128536, 12.208530560983263 ], [ 78.395375379558601, 12.209023208601598 ], [ 78.395706267705307, 12.209619791582821 ], [ 78.396009493131146, 12.210139561923564 ], [ 78.396358788656343, 12.210614146244145 ], [ 78.396744801920434, 12.211066110912018 ], [ 78.397153759055215, 12.211558796834179 ], [ 78.397627085870013, 12.21198816487184 ], [ 78.398077369999427, 12.2124174549503 ], [ 78.398582839433374, 12.212783592616422 ], [ 78.399111286874017, 12.213005021284211 ], [ 78.399717797912814, 12.213185771896681 ], [ 78.400351984248857, 12.213276146278652 ], [ 78.401036633446026, 12.213330319618789 ], [ 78.401689062768895, 12.213312145360835 ], [ 78.40168906366722, 12.213361859416228 ], [ 78.401689078040278, 12.213827436013116 ], [ 78.40161107103593, 12.214387919683425 ], [ 78.401468618893134, 12.214970988152016 ], [ 78.401321667987389, 12.215617324040025 ], [ 78.400898934289415, 12.215630932665512 ], [ 78.400531332895369, 12.216173366639316 ], [ 78.400136216104158, 12.216625351666162 ], [ 78.400016735679785, 12.217158729967514 ], [ 78.400251125002043, 12.217678457409736 ], [ 78.400701477403416, 12.218207283962007 ], [ 78.401059967185532, 12.218699947811388 ], [ 78.401427562291389, 12.219183499232894 ], [ 78.401795279568091, 12.219712305217804 ], [ 78.402190453851475, 12.220177829377981 ], [ 78.402562743552977, 12.220724750936139 ], [ 78.402893632598008, 12.221230923615645 ], [ 78.403196920007588, 12.221877245968217 ], [ 78.403610480109904, 12.222302057365523 ], [ 78.403895413141584, 12.222677197926405 ], [ 78.404116067223157, 12.223052343222877 ], [ 78.403095979014068, 12.223947371680014 ], [ 78.402517071407303, 12.224218567111043 ], [ 78.401947259242803, 12.224584703372326 ], [ 78.401368319296708, 12.224842435737761 ], [ 78.400821491427067, 12.225054909814867 ], [ 78.400701957103792, 12.22457574832195 ], [ 78.400145979892983, 12.224666177635816 ], [ 78.399645105341691, 12.224914839872147 ], [ 78.399024824926215, 12.225213197900224 ], [ 78.398353861562398, 12.225407562342241 ], [ 78.397724349160754, 12.225543225628485 ], [ 78.39706724410685, 12.22551616918226 ], [ 78.396525056933953, 12.22539862663446 ], [ 78.395973586570932, 12.225543286206525 ], [ 78.39531191897369, 12.225814518630409 ], [ 78.39468696821703, 12.226031513324168 ], [ 78.394052831288292, 12.226248492914872 ], [ 78.393404916898078, 12.22643388141579 ], [ 78.392839705006125, 12.226677912616763 ], [ 78.39221021865562, 12.226944617227097 ], [ 78.391645013051885, 12.227242932579776 ], [ 78.390983342759682, 12.227410271761009 ], [ 78.390349225593908, 12.22745091759413 ], [ 78.389682861604328, 12.227469067176528 ], [ 78.38897065658584, 12.227559410341089 ], [ 78.38836408535991, 12.227663405378065 ], [ 78.387743670197153, 12.227844202163372 ], [ 78.387091229196201, 12.228006929172899 ], [ 78.3864065377782, 12.228178774306684 ], [ 78.385772408934301, 12.228345948721993 ], [ 78.385096904586732, 12.228422867108335 ], [ 78.38444431177048, 12.228440877032577 ], [ 78.384324905906297, 12.227821689268081 ], [ 78.383470182269662, 12.227934692692827 ], [ 78.382702782065152, 12.227844269764383 ], [ 78.382716514610905, 12.227392337269093 ], [ 78.382698144961651, 12.226944830566072 ], [ 78.382197244359219, 12.227035272238837 ], [ 78.381705568556441, 12.227098535563009 ], [ 78.38136556340794, 12.226709806388284 ], [ 78.381310384391625, 12.226284916033046 ], [ 78.380547569188323, 12.226501913852539 ], [ 78.3799778028379, 12.226764091987652 ], [ 78.379458569417153, 12.227039756745926 ], [ 78.379380480666129, 12.226587778978519 ], [ 78.379274775008341, 12.225914280040936 ], [ 78.379550481443772, 12.225512019145608 ], [ 78.379155288295763, 12.225304124790217 ], [ 78.379063401421988, 12.224721019394316 ], [ 78.378916361583009, 12.224056631434971 ], [ 78.378865806195464, 12.223527830623004 ], [ 78.378456876908444, 12.222682621916487 ], [ 78.378231685436404, 12.22211309532803 ], [ 78.377464354402164, 12.222176378266747 ], [ 78.376793430564263, 12.22233451092122 ], [ 78.376292570386013, 12.221593304605021 ], [ 78.375663065170869, 12.221548037188246 ], [ 78.374992172773972, 12.221484773414241 ], [ 78.375005902624764, 12.22200457137413 ], [ 78.374822073181662, 12.222574061322241 ], [ 78.374702640368014, 12.223157110873201 ], [ 78.374647445182006, 12.223767267565778 ], [ 78.374642836824606, 12.224354876298237 ], [ 78.374762336113591, 12.224915355225884 ], [ 78.374192522152441, 12.225032804048386 ], [ 78.373585953621472, 12.22527692258085 ], [ 78.372965592357616, 12.225561619409927 ], [ 78.372317639339826, 12.225755944088395 ], [ 78.371706537011576, 12.225932259408099 ], [ 78.371099898412027, 12.226244112869308 ], [ 78.370401466363461, 12.226388716668593 ], [ 78.369804027410723, 12.226659841116664 ], [ 78.369123936265296, 12.22670501810868 ], [ 78.369032123053358, 12.226018029023447 ], [ 78.369009104622521, 12.225407790607496 ], [ 78.368995396331286, 12.224747889797456 ], [ 78.368255607643675, 12.224747850289891 ], [ 78.367570870411598, 12.224860800595723 ], [ 78.366918382698259, 12.224933107273245 ], [ 78.366298054672072, 12.22505058242621 ], [ 78.365636319701167, 12.225244898700788 ], [ 78.365121593128194, 12.22555678370062 ], [ 78.364547234590034, 12.225886681942596 ], [ 78.364271538934403, 12.225484373596357 ], [ 78.363637361581496, 12.225615409207384 ], [ 78.363545543877976, 12.224838001236281 ], [ 78.363426102979503, 12.224160000117097 ], [ 78.363306635131551, 12.223554350845509 ], [ 78.363260634202476, 12.223551227979041 ], [ 78.362773621554339, 12.223518169665336 ], [ 78.362125761062998, 12.223572352321879 ], [ 78.361422694605906, 12.22358136886267 ], [ 78.360862081189907, 12.223712329035072 ], [ 78.36020488989773, 12.223988056675177 ], [ 78.359699430345216, 12.224354132677213 ], [ 78.359212343136917, 12.224688531891593 ], [ 78.35851843590244, 12.224869259597426 ], [ 78.357879634022439, 12.225072566156882 ], [ 78.357319037674444, 12.225294019657897 ], [ 78.356721647230714, 12.225497346083491 ], [ 78.356064562838043, 12.225754901971003 ], [ 78.35544411803086, 12.225958319348122 ], [ 78.354938669258146, 12.226120964113925 ], [ 78.354909813574622, 12.226176483341055 ], [ 78.35462157294603, 12.226731086751935 ], [ 78.354014892125633, 12.227174024152061 ], [ 78.354021224350078, 12.227198951430406 ], [ 78.354079194432003, 12.227427138680701 ], [ 78.354713334953985, 12.227485922679302 ], [ 78.355067169666285, 12.227616994171717 ], [ 78.355614019095498, 12.227811435860897 ], [ 78.355972392096632, 12.227947073331595 ], [ 78.356647907224001, 12.228272520100385 ], [ 78.357038435420733, 12.228561900987694 ], [ 78.357451959590392, 12.229018380046195 ], [ 78.357883901020045, 12.229687431388593 ], [ 78.358256046991102, 12.230528142913267 ], [ 78.358582215389333, 12.23156768206386 ], [ 78.358641843761234, 12.231875032161323 ], [ 78.358724509428612, 12.232539534794384 ], [ 78.358788798260235, 12.233615187016357 ], [ 78.358820967828891, 12.233922585651628 ], [ 78.358848474242876, 12.234514648290121 ], [ 78.358797802074335, 12.235201745223154 ], [ 78.358733464733689, 12.235662682249689 ], [ 78.358604740645049, 12.236046913024889 ], [ 78.358374939018958, 12.236544070118674 ], [ 78.357984322787331, 12.237149674703266 ], [ 78.357602844218775, 12.237619707793961 ], [ 78.357101908582081, 12.238125945570896 ], [ 78.356807792971523, 12.238392564884684 ], [ 78.356444665187595, 12.238708883562564 ], [ 78.35598052634154, 12.239016184091909 ], [ 78.355622089560015, 12.239192452815571 ], [ 78.354946489991008, 12.239549438211036 ], [ 78.354514474001235, 12.239865774817194 ], [ 78.354270881438879, 12.240200269409257 ], [ 78.353981312201995, 12.24072455961136 ], [ 78.353710139563816, 12.2414160860279 ], [ 78.353590607037177, 12.241890667768009 ], [ 78.35354462856597, 12.24258217006162 ], [ 78.353535368732025, 12.242889552994672 ], [ 78.353585785779018, 12.244078272837696 ], [ 78.353617889770661, 12.244629670405557 ], [ 78.353626987907859, 12.245470318575732 ], [ 78.353548870410734, 12.245999222958851 ], [ 78.353378725004362, 12.246342696575281 ], [ 78.353182144874097, 12.246660591167815 ], [ 78.353171950792259, 12.246677077617472 ], [ 78.353142327049156, 12.246707118419286 ], [ 78.353142030605113, 12.246707417773843 ], [ 78.352583646807631, 12.247273637086776 ], [ 78.352041318599262, 12.247680392020667 ], [ 78.351682852173326, 12.247910856328172 ], [ 78.350956672962283, 12.248299500756216 ], [ 78.349952396000504, 12.248693722572508 ], [ 78.349793961032162, 12.248755913225111 ], [ 78.349467674954653, 12.248859826176755 ], [ 78.348782912569746, 12.2491173206617 ], [ 78.348084283790158, 12.249474382179656 ], [ 78.347399489964232, 12.249849396373728 ], [ 78.346641142981156, 12.250314885874396 ], [ 78.346117198795071, 12.250671879932508 ], [ 78.345393639071375, 12.251290004594846 ], [ 78.345372670596035, 12.251317289277662 ], [ 78.344136233032216, 12.252926205350725 ], [ 78.34331342923258, 12.25379392102697 ], [ 78.342614832792307, 12.254743021584696 ], [ 78.342012677684295, 12.25536215939661 ], [ 78.341314035429988, 12.255976742390079 ], [ 78.340831411950319, 12.256546133637425 ], [ 78.340321174258818, 12.257020710993787 ], [ 78.339576482566386, 12.258042084385401 ], [ 78.338900817420409, 12.258661174950213 ], [ 78.337521893577815, 12.260129932637383 ], [ 78.335982062603193, 12.261693564262107 ], [ 78.334731769424451, 12.263040225146693 ], [ 78.334281231071813, 12.263519280846499 ], [ 78.3342766766133, 12.2635237462997 ], [ 78.334173836581257, 12.263453989714462 ], [ 78.333743578594465, 12.263162144415487 ], [ 78.331712114037927, 12.264088279223282 ], [ 78.33082046874479, 12.264467776698849 ], [ 78.329574843212271, 12.265064194104964 ], [ 78.32896352259344, 12.265163560591905 ], [ 78.328356902858488, 12.265063965873971 ], [ 78.32773650206876, 12.264941800819722 ], [ 78.327180472755643, 12.264616312354079 ], [ 78.326675016796429, 12.264218419616304 ], [ 78.326380914660604, 12.263897436961564 ], [ 78.326068512045836, 12.263517701654346 ], [ 78.32575151634498, 12.26292552675754 ], [ 78.325296651705926, 12.262401207808947 ], [ 78.324956747168727, 12.261714090389987 ], [ 78.324511058820306, 12.261198731618876 ], [ 78.324189514050872, 12.260543268126634 ], [ 78.323895490068494, 12.259860755344569 ], [ 78.323459052570826, 12.259105840788457 ], [ 78.323445276905986, 12.259105768806284 ], [ 78.323397668890877, 12.25910227240405 ], [ 78.321841373593713, 12.258987948013674 ], [ 78.320880800568858, 12.259272525983363 ], [ 78.32034771871966, 12.259299511378019 ], [ 78.319014873959588, 12.259529658294767 ], [ 78.317801513217105, 12.259927148163563 ], [ 78.316896071597853, 12.260103222965739 ], [ 78.31571474837169, 12.2610521340308 ], [ 78.314404611225342, 12.262281193937069 ], [ 78.313636861576185, 12.263307058932165 ], [ 78.312781840597182, 12.26410686080518 ], [ 78.311563614579129, 12.265394629356919 ], [ 78.311347564363402, 12.265462451612704 ], [ 78.309812740598204, 12.264910598115954 ], [ 78.309348507429064, 12.265037005648113 ], [ 78.308838303873543, 12.265249322728739 ], [ 78.308355658834316, 12.265393848983466 ], [ 78.307634000844104, 12.265936019239721 ], [ 78.30707769215492, 12.266672568087925 ], [ 78.306691494736199, 12.267147066646569 ], [ 78.30623169026137, 12.267766141094809 ], [ 78.305413321444306, 12.268927525660278 ], [ 78.304585672131992, 12.270170287201198 ], [ 78.304052245329771, 12.271390521411712 ], [ 78.303642835444094, 12.272452505231799 ], [ 78.302741634771266, 12.273772092987757 ], [ 78.302732466565473, 12.273785625759915 ], [ 78.302707736844013, 12.273793376578741 ], [ 78.302199258053861, 12.273952752849599 ], [ 78.301188046098105, 12.274115105580535 ], [ 78.299620885677612, 12.27392483060653 ], [ 78.298242170244151, 12.273829475377942 ], [ 78.297268146744514, 12.273218368782391 ], [ 78.297240413955095, 12.273200969340863 ], [ 78.297235784936419, 12.273196397839762 ], [ 78.296721292823761, 12.272454980590767 ], [ 78.295944795380379, 12.271722548939708 ], [ 78.295375093708628, 12.2712206908556 ], [ 78.2950120710276, 12.270958440134732 ], [ 78.294097614814461, 12.27062818039642 ], [ 78.293008468617899, 12.270370180241155 ], [ 78.291583812442511, 12.270003641376624 ], [ 78.290706169189704, 12.269564940117112 ], [ 78.290099541369912, 12.269325152337466 ], [ 78.289093242300424, 12.268809560032118 ], [ 78.288546474617917, 12.268483935895766 ], [ 78.287328590857982, 12.268402143347158 ], [ 78.286689758435287, 12.268316076761792 ], [ 78.286129067764179, 12.268284244196636 ], [ 78.285586729674321, 12.268365374042427 ], [ 78.284607697168667, 12.268482550727192 ], [ 78.284166493210108, 12.268563804281701 ], [ 78.283113995582212, 12.268567886050915 ], [ 78.282447759153456, 12.268291937242441 ], [ 78.281965274912636, 12.267961821632211 ], [ 78.28101420516515, 12.267129833586903 ], [ 78.279810774399849, 12.265384727655446 ], [ 78.279475571644824, 12.2646839987492 ], [ 78.279140270973443, 12.26416864490665 ], [ 78.278942842833587, 12.263535794332599 ], [ 78.278736310268272, 12.263029489429448 ], [ 78.278345929395272, 12.262260976846271 ], [ 78.278084162118105, 12.261668729778329 ], [ 78.277556076698531, 12.260628992264477 ], [ 78.277335568144082, 12.260353244944767 ], [ 78.277059891353062, 12.26022200535907 ], [ 78.277053365990838, 12.260222516254736 ], [ 78.276370488271382, 12.260276032132239 ], [ 78.275598379996481, 12.260465559397618 ], [ 78.275092730001163, 12.260560276893315 ], [ 78.274582593819289, 12.26072730176524 ], [ 78.274003474210147, 12.26089430458569 ], [ 78.273217475286003, 12.261129000753154 ], [ 78.272100556774134, 12.261485626411893 ], [ 78.271594913965316, 12.26165269458871 ], [ 78.270749138447201, 12.262032010350373 ], [ 78.270266541917024, 12.262221667148713 ], [ 78.269590841736701, 12.262478997604667 ], [ 78.268869158593645, 12.262835775055441 ], [ 78.267517692656028, 12.263449884165004 ], [ 78.266892307114816, 12.264236116352267 ], [ 78.266744807338398, 12.265370527315776 ], [ 78.26510828889316, 12.266246672883801 ], [ 78.264960429790648, 12.268045537580717 ], [ 78.264914197096218, 12.268596957023886 ], [ 78.264164768587307, 12.26920678661158 ], [ 78.263659065591384, 12.269595256573197 ], [ 78.262757923309053, 12.270413011309294 ], [ 78.261971537211011, 12.271447712084678 ], [ 78.261681693987967, 12.271989941862291 ], [ 78.26151599883552, 12.272609117287036 ], [ 78.261561842559388, 12.272893890339034 ], [ 78.262494203094462, 12.274236680023513 ], [ 78.26242031935729, 12.275108941781777 ], [ 78.261845487406958, 12.275696321215225 ], [ 78.261321287201042, 12.276333370815097 ], [ 78.261017600939454, 12.277011225604669 ], [ 78.26041052935193, 12.277933024703554 ], [ 78.260074895405552, 12.278104569600737 ], [ 78.259596611687044, 12.27874163531774 ], [ 78.259669995062609, 12.279166601831665 ], [ 78.260216439351609, 12.280129539324813 ], [ 78.261364847407464, 12.281499571031913 ], [ 78.261700221740696, 12.281897459607231 ], [ 78.262490148099275, 12.28335772541341 ], [ 78.26179588333531, 12.283759637414878 ], [ 78.261281120829722, 12.28384083359027 ], [ 78.261620637294754, 12.285079348431031 ], [ 78.261652728709961, 12.28529638741507 ], [ 78.261868633398578, 12.285581160786371 ], [ 78.262176269552469, 12.286286434324889 ], [ 78.262538745159517, 12.287534090690494 ], [ 78.263034445414746, 12.289184057387592 ], [ 78.263020608664434, 12.28918849607364 ], [ 78.26280752558408, 12.289267385652447 ], [ 78.261264616981308, 12.289838619261497 ], [ 78.260887670413396, 12.289946969605277 ], [ 78.260221052200606, 12.29022237258852 ], [ 78.259687869740148, 12.290312467802087 ], [ 78.259113148282594, 12.290615093963128 ], [ 78.258740668138259, 12.291039799925937 ], [ 78.258699818148997, 12.291089168435425 ], [ 78.258680864594851, 12.291112071783395 ], [ 78.258726802641846, 12.291207044206352 ], [ 78.258680636422739, 12.291604734655925 ], [ 78.258657342209119, 12.292382162613647 ], [ 78.258417733675074, 12.293629481983912 ], [ 78.258178323668702, 12.294546945763694 ], [ 78.25523208130214, 12.294473271386579 ], [ 78.254680380072088, 12.294595016354844 ], [ 78.254009251418267, 12.294897534017089 ], [ 78.253006534830149, 12.296334396438297 ], [ 78.252551227321661, 12.296781664243927 ], [ 78.251829359125622, 12.297346290849895 ], [ 78.251111977116153, 12.29793355656378 ], [ 78.250321194663115, 12.298403190719092 ], [ 78.249424544855515, 12.299026474808967 ], [ 78.248841729577293, 12.298911463841616 ], [ 78.248042635012936, 12.298868338994637 ], [ 78.246792492751183, 12.299180811852498 ], [ 78.245795193902509, 12.299515619084945 ], [ 78.244365860199437, 12.299850719918771 ], [ 78.243299626432503, 12.300208246292758 ], [ 78.24214141506198, 12.300384927846745 ], [ 78.241180781849977, 12.300529967566199 ], [ 78.240477613883215, 12.300616186866153 ], [ 78.239581343164687, 12.30067075390666 ], [ 78.238588448755863, 12.300657537609197 ], [ 78.237908207591829, 12.300617176026064 ], [ 78.23707619695881, 12.300640082932336 ], [ 78.236639603154316, 12.300680960595262 ], [ 78.235678937602955, 12.300871138102618 ], [ 78.235058569152599, 12.301056654930813 ], [ 78.234254188002765, 12.301282995658118 ], [ 78.233679755802783, 12.301504671268461 ], [ 78.232903056238442, 12.30180778219448 ], [ 78.232039045818411, 12.302205854198316 ], [ 78.233722088910525, 12.304017678659713 ], [ 78.234835044055387, 12.305468099590982 ], [ 78.235382363303472, 12.30633572722034 ], [ 78.235561937427093, 12.30714018161242 ], [ 78.235336786379236, 12.307452101354086 ], [ 78.23481319163777, 12.30843310559403 ], [ 78.234565250331158, 12.309097664397175 ], [ 78.234542460970729, 12.30952249408061 ], [ 78.234565736319723, 12.310412942400665 ], [ 78.23458900178727, 12.31113154060901 ], [ 78.234451267596341, 12.311533903386104 ], [ 78.234226200091797, 12.311845827562532 ], [ 78.233863136986557, 12.312112677670267 ], [ 78.233090963134629, 12.312402213973741 ], [ 78.231707527952679, 12.312850173218498 ], [ 78.230687230436132, 12.313248308350977 ], [ 78.229708320999691, 12.313786546399136 ], [ 78.229120201169692, 12.314297449900875 ], [ 78.228803155163206, 12.314722438800041 ], [ 78.228780387362335, 12.315323559641168 ], [ 78.228826615565168, 12.315947310852264 ], [ 78.228838871280573, 12.316015300866354 ], [ 78.228918674915477, 12.316458054805461 ], [ 78.229167096820774, 12.316950585014814 ], [ 78.229392510176694, 12.317438675213381 ], [ 78.229893853648576, 12.318130048400047 ], [ 78.230753697682331, 12.318798655743535 ], [ 78.231866315060628, 12.319376776847145 ], [ 78.233070928907154, 12.31995485104013 ], [ 78.234091569580173, 12.320288941969146 ], [ 78.235001764185611, 12.320442306391588 ], [ 78.236725538689342, 12.320355768002536 ], [ 78.236886608416413, 12.320753449424307 ], [ 78.23703761791063, 12.321187124244828 ], [ 78.237314620614995, 12.321982671775727 ], [ 78.237655050666675, 12.32271469220273 ], [ 78.237793444220998, 12.32283709019074 ], [ 78.237884941225971, 12.322918061905625 ], [ 78.238262242628437, 12.323064015063323 ], [ 78.238340087037713, 12.323094136662039 ], [ 78.238572556660174, 12.323168291842384 ], [ 78.239245797253233, 12.323383063191262 ], [ 78.240698560815545, 12.323784760379658 ], [ 78.241153821611661, 12.324096398810015 ], [ 78.241354816063222, 12.32443581157653 ], [ 78.241563251260288, 12.324787790431685 ], [ 78.241563272819846, 12.324787829924238 ], [ 78.241926614402828, 12.325501726024942 ], [ 78.242290115885908, 12.32614796103694 ], [ 78.24251141316121, 12.326292088729554 ], [ 78.24273846055263, 12.326440019889818 ], [ 78.242740780002705, 12.326441531128353 ], [ 78.243333903448828, 12.32673055226129 ], [ 78.243776533932007, 12.32685538285169 ], [ 78.244198116888128, 12.326974307102544 ], [ 78.244671706010948, 12.327181890389662 ], [ 78.245011994128774, 12.327331069000202 ], [ 78.245237491028035, 12.327492486578242 ], [ 78.245605134642915, 12.327755654149362 ], [ 78.246124734576256, 12.328130556750455 ], [ 78.246148793256225, 12.328410096186685 ], [ 78.246148926206871, 12.328411640762674 ], [ 78.246170985236986, 12.328668405325661 ], [ 78.246074994859015, 12.32905326033614 ], [ 78.24603793755692, 12.329201793725401 ], [ 78.245651893750065, 12.329559054576787 ], [ 78.245527555236649, 12.329710001945031 ], [ 78.24537630589225, 12.329893598395479 ], [ 78.24528913427541, 12.330295893781772 ], [ 78.245289128885531, 12.330371532690965 ], [ 78.245289092054577, 12.330427043978553 ], [ 78.245354681646745, 12.330728208349257 ], [ 78.245376658930169, 12.330829184089938 ], [ 78.245705164744734, 12.331496362810995 ], [ 78.245717117727921, 12.33152063869454 ], [ 78.245893765140323, 12.331637968004609 ], [ 78.246356338222824, 12.331945212669764 ], [ 78.246441160745221, 12.332007830331197 ], [ 78.247170218158445, 12.33254608780388 ], [ 78.247276272362569, 12.33270669128142 ], [ 78.247331290580462, 12.332790009244025 ], [ 78.247308455405943, 12.333192284387984 ], [ 78.247265541986508, 12.333341013765493 ], [ 78.247193680357029, 12.333590077099947 ], [ 78.247037434583049, 12.33377097490037 ], [ 78.246899117385496, 12.333805475280238 ], [ 78.246329569325695, 12.333947538201242 ], [ 78.245666614442641, 12.333960792313288 ], [ 78.24517579024274, 12.333970608060932 ], [ 78.244356213191608, 12.333929137073101 ], [ 78.243493181036882, 12.333885451940182 ], [ 78.24190254134983, 12.333614891625261 ], [ 78.241245103020944, 12.333597053881785 ], [ 78.24124506888495, 12.333597058269678 ], [ 78.240656755917186, 12.333773487417695 ], [ 78.240219809074773, 12.33385277957362 ], [ 78.239907507071322, 12.333909423081629 ], [ 78.239750191403786, 12.334043575430243 ], [ 78.239700684350183, 12.334085792343831 ], [ 78.239668497713552, 12.334145901367924 ], [ 78.239521526146532, 12.334420361977051 ], [ 78.239521676165225, 12.334740138715578 ], [ 78.239521793844503, 12.334998854954982 ], [ 78.239590999155695, 12.335554793829731 ], [ 78.239453229930433, 12.336024848590396 ], [ 78.239021134888873, 12.336092840419235 ], [ 78.238803261093153, 12.336324036375357 ], [ 78.238727104618292, 12.336404848593796 ], [ 78.238710377089404, 12.336448434140875 ], [ 78.238570924421325, 12.336811723684985 ], [ 78.238571050185456, 12.337100758831676 ], [ 78.238571108575954, 12.337236609400149 ], [ 78.238642136568828, 12.337521855610687 ], [ 78.238819781111204, 12.338235361611869 ], [ 78.239004237578413, 12.339686137434644 ], [ 78.238981377251051, 12.340088421296031 ], [ 78.238388489163526, 12.340332691125676 ], [ 78.237774025339505, 12.340452527187601 ], [ 78.237482914593599, 12.34050927984109 ], [ 78.236860033555374, 12.34056017214145 ], [ 78.236370442742356, 12.340600150229012 ], [ 78.235800440135037, 12.340776679090075 ], [ 78.23566613122027, 12.340947162335269 ], [ 78.235483397721808, 12.341179099930395 ], [ 78.235368670283592, 12.341649198128941 ], [ 78.235277011581914, 12.342130641379763 ], [ 78.235258533236532, 12.342227699713771 ], [ 78.235317419600023, 12.342720183261017 ], [ 78.235327711598231, 12.34280624565328 ], [ 78.235576305081736, 12.343542880866025 ], [ 78.235631819169669, 12.343745351591561 ], [ 78.235801805574255, 12.344365450396838 ], [ 78.235985968292354, 12.345588620156095 ], [ 78.235986214430739, 12.345590247997301 ], [ 78.235986217125671, 12.345590281343915 ], [ 78.236097419574691, 12.346486881575325 ], [ 78.236166147880454, 12.347041006763996 ], [ 78.236167657050117, 12.34705941837891 ], [ 78.236235424158522, 12.347886229393341 ], [ 78.235803285997847, 12.347976777798344 ], [ 78.233918423800716, 12.348040724601429 ], [ 78.232782929027081, 12.348176800285517 ], [ 78.232371036197947, 12.348199206353852 ], [ 78.23194629925689, 12.348222267937839 ], [ 78.231665526323269, 12.348273019211083 ], [ 78.231445222584682, 12.348312806573745 ], [ 78.230787839951319, 12.348579750311028 ], [ 78.23017495806053, 12.348813622244133 ], [ 78.229969666966952, 12.348891958602271 ], [ 78.229969640017501, 12.348891967377563 ], [ 78.229856290594952, 12.348917931773963 ], [ 78.22884344819694, 12.349149933387396 ], [ 78.228716355448853, 12.349141617030847 ], [ 78.227874071682294, 12.34908650459848 ], [ 78.227606765393091, 12.349069008390739 ], [ 78.22760673574868, 12.349069003125573 ], [ 78.22711015694108, 12.348915528215826 ], [ 78.226562871828961, 12.348377878292125 ], [ 78.226355827223955, 12.348080763851668 ], [ 78.225974124076586, 12.34753290471558 ], [ 78.225270115286747, 12.345910534112488 ], [ 78.224681295669157, 12.344681325711896 ], [ 78.224373131305853, 12.344269041362343 ], [ 78.224248926641437, 12.344102871670405 ], [ 78.224246803922398, 12.344101335084886 ], [ 78.223724759673146, 12.3437234348142 ], [ 78.223373827417504, 12.34359421837174 ], [ 78.223246498412522, 12.343547317755148 ], [ 78.223030718589698, 12.343511447048702 ], [ 78.222704019287164, 12.343457107429685 ], [ 78.2222295884429, 12.343507976340858 ], [ 78.222069643406556, 12.343525109614831 ], [ 78.221274334342809, 12.343480142227412 ], [ 78.220839184130966, 12.343393914199748 ], [ 78.220819186734431, 12.343389949429794 ], [ 78.219867225858181, 12.342526940964516 ], [ 78.219438327022402, 12.341960854805786 ], [ 78.218956610841175, 12.341325009571491 ], [ 78.218459732894615, 12.340213234992584 ], [ 78.218165194177558, 12.339255159258123 ], [ 78.217801725033823, 12.33838297273943 ], [ 78.217593281751931, 12.337820516900033 ], [ 78.217438297212567, 12.337402237600413 ], [ 78.217344815829179, 12.336966535209998 ], [ 78.217161979922778, 12.336114151431424 ], [ 78.216921212561985, 12.335660275817025 ], [ 78.216596298211954, 12.335047664078767 ], [ 78.215979899416809, 12.334089694068766 ], [ 78.214936080412855, 12.333154363104615 ], [ 78.213722229190267, 12.332277895591087 ], [ 78.213478513558726, 12.332106241267937 ], [ 78.213440077342653, 12.332078458598245 ], [ 78.213337867029637, 12.332004583255824 ], [ 78.213234756604692, 12.33193004092559 ], [ 78.212575479424416, 12.331506921091762 ], [ 78.21243932357342, 12.331419535092115 ], [ 78.211326792433383, 12.331153163604986 ], [ 78.21030617601491, 12.330999800181404 ], [ 78.209513888883791, 12.330918331612748 ], [ 78.208991426917933, 12.330864608083649 ], [ 78.207423838899359, 12.330751991974767 ], [ 78.206472160094094, 12.330399778033287 ], [ 78.206016964875005, 12.33008801633356 ], [ 78.206016942417122, 12.330087997026487 ], [ 78.205497329009006, 12.329373989672703 ], [ 78.205175399760662, 12.329130051011916 ], [ 78.204384863445995, 12.329220585716246 ], [ 78.204384830208326, 12.329220604145767 ], [ 78.204206247824786, 12.329302188207324 ], [ 78.203998667823896, 12.329397019565517 ], [ 78.203981406695704, 12.329454777706458 ], [ 78.203943923592149, 12.329580200254645 ], [ 78.203791973561849, 12.330088570973203 ], [ 78.203729561310837, 12.330452658290664 ], [ 78.203677261395029, 12.330757596278076 ], [ 78.203658992357092, 12.331223082131601 ], [ 78.20379175706789, 12.331758225775873 ], [ 78.203792423617799, 12.331760913830237 ], [ 78.203586942979726, 12.33182610638046 ], [ 78.203521305776874, 12.331846916636641 ], [ 78.203296074778905, 12.332050290664554 ], [ 78.203078960059599, 12.332178497432997 ], [ 78.202997301403656, 12.332226713833204 ], [ 78.202997261877769, 12.332226741038422 ], [ 78.202363024337728, 12.332764664579047 ], [ 78.201908093223324, 12.333411118633594 ], [ 78.201705956114722, 12.333808946116678 ], [ 78.201660499564724, 12.334119729275322 ], [ 78.201637187384776, 12.334279064562455 ], [ 78.201727173423421, 12.334766895213614 ], [ 78.201752224741753, 12.334902728563112 ], [ 78.201637351776483, 12.335259802617328 ], [ 78.201476518306308, 12.335481372296764 ], [ 78.201112137372576, 12.33564853999698 ], [ 78.200796316668118, 12.335793428588575 ], [ 78.199982671192785, 12.335906627873316 ], [ 78.199707634900591, 12.335883951337658 ], [ 78.199435562150484, 12.335861479275016 ], [ 78.199003365599282, 12.335481976069245 ], [ 78.198756604678962, 12.335008787381605 ], [ 78.198718201700544, 12.334935145423515 ], [ 78.198695726750472, 12.334891342862838 ], [ 78.198437658735642, 12.334388358393113 ], [ 78.198240532429708, 12.334021642044597 ], [ 78.198005280724772, 12.333583942797274 ], [ 78.197048848933363, 12.33267108324374 ], [ 78.197048824678831, 12.332671053405811 ], [ 78.196593148861069, 12.332518118254923 ], [ 78.196322492754192, 12.33242726437053 ], [ 78.196192326869507, 12.332427285432596 ], [ 78.195757076046377, 12.332427330189526 ], [ 78.195158592352939, 12.332427493420605 ], [ 78.194800839189341, 12.332427590832712 ], [ 78.193803348999566, 12.332558854048964 ], [ 78.192373649682168, 12.332604411293797 ], [ 78.191215275716559, 12.332830672156204 ], [ 78.19107295832103, 12.332889369433978 ], [ 78.190787799812185, 12.333006961406644 ], [ 78.190194852435852, 12.333341581561994 ], [ 78.189923725611749, 12.33392016994523 ], [ 78.189629630662466, 12.334299942197516 ], [ 78.189629613594462, 12.334299962381838 ], [ 78.18831517082296, 12.335502458699146 ], [ 78.188272547559379, 12.335525752203877 ], [ 78.187901440040761, 12.335728538033749 ], [ 78.187870393366239, 12.335724684599825 ], [ 78.187538308663576, 12.335683462243484 ], [ 78.187221049756374, 12.335480105076581 ], [ 78.18513354290252, 12.333677139425562 ], [ 78.184816351368923, 12.333546162861419 ], [ 78.184816324419486, 12.333546160228696 ], [ 78.18447620159165, 12.333631980789647 ], [ 78.184113040570054, 12.333767702396958 ], [ 78.180951181874036, 12.336046655437626 ], [ 78.18077605081784, 12.336172876933604 ], [ 78.180435829175337, 12.336059935770736 ], [ 78.179865677447651, 12.335526688577623 ], [ 78.179301131207367, 12.334766588061076 ], [ 78.179070180636018, 12.334455633663987 ], [ 78.178823385579705, 12.334369593100213 ], [ 78.178500134909555, 12.334256896004943 ], [ 78.178383784215626, 12.334269921930483 ], [ 78.1780956172489, 12.334302172128918 ], [ 78.177819785049337, 12.334478477941003 ], [ 78.177638037002751, 12.334576897603279 ], [ 78.177410726404915, 12.334699980707549 ], [ 78.176643160910416, 12.33534648878528 ], [ 78.175664029590067, 12.335861880326791 ], [ 78.175259543370473, 12.33599301632948 ], [ 78.175225464881848, 12.336008717015888 ], [ 78.174533200666019, 12.336327658998616 ], [ 78.173577138082194, 12.337150408276621 ], [ 78.172648683421954, 12.338131346198985 ], [ 78.172510748906703, 12.33826243016677 ], [ 78.172476391940336, 12.338311121088573 ], [ 78.172464656349504, 12.338327752734367 ], [ 78.172464431770663, 12.338328070413512 ], [ 78.172395865161675, 12.338425155606222 ], [ 78.17142906771015, 12.339721789274554 ], [ 78.171283626872423, 12.339916839662486 ], [ 78.170962103662532, 12.340330977250924 ], [ 78.170764228161644, 12.340585851279869 ], [ 78.170761840439638, 12.340591707232329 ], [ 78.170355248568981, 12.341589340929973 ], [ 78.169720978689597, 12.342610896416982 ], [ 78.169231738219551, 12.343129894438299 ], [ 78.168902814688366, 12.343478788168531 ], [ 78.168112231661354, 12.344391918953878 ], [ 78.167836395868505, 12.344663184213768 ], [ 78.16679290115637, 12.345309666820294 ], [ 78.166792858037255, 12.345309699289395 ], [ 78.166365390217734, 12.345775248792942 ], [ 78.166184104803492, 12.346064123987045 ], [ 78.166002296569772, 12.346353813219336 ], [ 78.165207150101097, 12.347601411302525 ], [ 78.165039175024447, 12.347877206581133 ], [ 78.164664773383663, 12.348491845243126 ], [ 78.16421632271576, 12.349455722748003 ], [ 78.164094850726428, 12.349716790265695 ], [ 78.163644517189624, 12.350896524754502 ], [ 78.163622282089733, 12.351632172802141 ], [ 78.163621566132448, 12.351655849226598 ], [ 78.163672594033841, 12.351902387185202 ], [ 78.163731951114556, 12.352189165362839 ], [ 78.163731952012881, 12.352189192565969 ], [ 78.163908931801942, 12.352466783679171 ], [ 78.164187207419076, 12.352903301813162 ], [ 78.164707184644868, 12.353659515811847 ], [ 78.164752798400059, 12.353725851577401 ], [ 78.16477588330622, 12.353984333187489 ], [ 78.164798805617338, 12.354241048985156 ], [ 78.164798807413959, 12.354241080575648 ], [ 78.164798905330343, 12.354819618387006 ], [ 78.164730045870542, 12.355488526977394 ], [ 78.164638179657999, 12.356577847993252 ], [ 78.164618859591187, 12.356840493177335 ], [ 78.164569339961162, 12.357513428723118 ], [ 78.164436165618596, 12.358114567217976 ], [ 78.164436231195623, 12.358670516669445 ], [ 78.164482271650542, 12.359163164952744 ], [ 78.164799544930816, 12.359872744837661 ], [ 78.16501248787398, 12.360194529776862 ], [ 78.165227195108329, 12.360519045076295 ], [ 78.166363004292322, 12.362322310204412 ], [ 78.166595317607957, 12.362680630610516 ], [ 78.166726316230893, 12.362882710084561 ], [ 78.166721953113552, 12.362887010635658 ], [ 78.166717059990191, 12.362891820127627 ], [ 78.166521730314827, 12.362950695813261 ], [ 78.166499555402041, 12.362957379610238 ], [ 78.166087286178822, 12.363081642745716 ], [ 78.166087253839464, 12.363081649765606 ], [ 78.165747069926198, 12.363126878783964 ], [ 78.165466806337321, 12.363115279328063 ], [ 78.165204512647421, 12.363104401163213 ], [ 78.164938730799264, 12.363197778571404 ], [ 78.164818375415805, 12.363240056593664 ], [ 78.164317272692443, 12.363484139843434 ], [ 78.164118305738455, 12.363576904633501 ], [ 78.163609301433866, 12.363814217800694 ], [ 78.163089735636476, 12.363904695758155 ], [ 78.162381440086079, 12.363792429939407 ], [ 78.162092042427432, 12.363746549944885 ], [ 78.161434668777233, 12.363656224614523 ], [ 78.161175133813558, 12.363669839622084 ], [ 78.161002459649637, 12.363678889968927 ], [ 78.160669722770081, 12.363758995264954 ], [ 78.16034499257465, 12.363837161302939 ], [ 78.159756473892685, 12.364058647996627 ], [ 78.159250272331775, 12.364188484361764 ], [ 78.158892227215716, 12.364280278409266 ], [ 78.15730605395224, 12.364660111026343 ], [ 78.156437154002106, 12.364840956639588 ], [ 78.155871683395375, 12.365085081390776 ], [ 78.155189854009848, 12.365319923093043 ], [ 78.154966004620846, 12.365397020775955 ], [ 78.154965965094974, 12.365397031305651 ], [ 78.154863010976882, 12.365416019007565 ], [ 78.154009741712684, 12.365573380225168 ], [ 78.153264897306656, 12.365840089609019 ], [ 78.152492571639442, 12.36617462215561 ], [ 78.151674148923462, 12.366599540918875 ], [ 78.150156992324938, 12.367291192340705 ], [ 78.149292708817029, 12.36771163156819 ], [ 78.149292671087792, 12.367711649117524 ], [ 78.148088185700331, 12.368267643967872 ], [ 78.147857564810721, 12.368386275634538 ], [ 78.146998590346158, 12.368828127620777 ], [ 78.145072175677228, 12.369696044696347 ], [ 78.144398930592587, 12.370045303988746 ], [ 78.143826277955185, 12.370342375046082 ], [ 78.142759538436749, 12.370726618607684 ], [ 78.142714059428869, 12.37078411316438 ], [ 78.14253427420114, 12.371011396593767 ], [ 78.142396389991561, 12.371589955202252 ], [ 78.142396423229215, 12.371807291984526 ], [ 78.142396419635972, 12.372014815143398 ], [ 78.142409116424204, 12.372421284747121 ], [ 78.14241940393083, 12.372751552350934 ], [ 78.142281517026291, 12.374243144184621 ], [ 78.142163481991204, 12.3747997568932 ], [ 78.142125291015248, 12.374979847905548 ], [ 78.142125282930408, 12.374979877738628 ], [ 78.142098349641557, 12.375062475019108 ], [ 78.142010323726851, 12.375332380013152 ], [ 78.141670149695059, 12.37564879001145 ], [ 78.141628139082485, 12.375670886620821 ], [ 78.140355219138357, 12.376340420982771 ], [ 78.139771286355909, 12.376584432327528 ], [ 78.139113759992128, 12.377009319241012 ], [ 78.138368931755778, 12.377520097613955 ], [ 78.138192139714576, 12.377679648636471 ], [ 78.137752850964233, 12.37807607509485 ], [ 78.137384458154443, 12.378469781789292 ], [ 78.136644795230936, 12.379260238954393 ], [ 78.136088487440134, 12.379902068122036 ], [ 78.135522941374902, 12.380860271316145 ], [ 78.134883910424506, 12.381949559382564 ], [ 78.134702326769599, 12.382427552113311 ], [ 78.134612615615453, 12.382663699612976 ], [ 78.134180463980016, 12.383689702780108 ], [ 78.134122920597875, 12.38387536625709 ], [ 78.133821825975872, 12.384846825699062 ], [ 78.133568905307655, 12.385868311286728 ], [ 78.133360660553407, 12.386826047730024 ], [ 78.133297664397503, 12.387115775132507 ], [ 78.133297655414353, 12.387115818125261 ], [ 78.133049372747905, 12.38831799257256 ], [ 78.133008441011967, 12.388622435791195 ], [ 78.132911403198378, 12.389344065630675 ], [ 78.13273214528175, 12.390370051300126 ], [ 78.132585013814605, 12.391590412161969 ], [ 78.132474494983498, 12.391899318337515 ], [ 78.132290691591564, 12.392413025228915 ], [ 78.132014748899223, 12.393353131216195 ], [ 78.131610188119438, 12.394844591257188 ], [ 78.131457225687811, 12.395257669667293 ], [ 78.131246914808401, 12.395825482847076 ], [ 78.130612356569827, 12.397113610758939 ], [ 78.129908883175887, 12.398315883001565 ], [ 78.129255938220055, 12.399512926766672 ], [ 78.129021355760017, 12.399942981710636 ], [ 78.129021330607188, 12.399943029088051 ], [ 78.128501717199072, 12.401036721619313 ], [ 78.127775187645028, 12.402261635134762 ], [ 78.127987907806016, 12.402376728779423 ], [ 78.128184534648668, 12.40248315940687 ], [ 78.128763797089945, 12.402811524583997 ], [ 78.128933978428933, 12.402907999745391 ], [ 78.129239064265732, 12.40304707720545 ], [ 78.129568571701839, 12.403197288148673 ], [ 78.129977795636265, 12.403459412661199 ], [ 78.130865243102093, 12.404015379590946 ], [ 78.13120556535587, 12.404218756236967 ], [ 78.131384919392275, 12.404575851374176 ], [ 78.131476850283491, 12.40477471891416 ], [ 78.131725193137044, 12.405954389757534 ], [ 78.132203341209959, 12.405954395898879 ], [ 78.133155209559746, 12.405954351154595 ], [ 78.134084081038239, 12.40615774558821 ], [ 78.134223536401279, 12.406210893895929 ], [ 78.134309386596343, 12.406243611609389 ], [ 78.134424841669897, 12.406300329789634 ], [ 78.134585344560037, 12.406379198992141 ], [ 78.134741625368335, 12.406668449324437 ], [ 78.134795143399728, 12.406779486848716 ], [ 78.134989943069073, 12.407183702798221 ], [ 78.135154189238975, 12.407673933694104 ], [ 78.135242811635024, 12.407938523393801 ], [ 78.135330247356578, 12.408715906737374 ], [ 78.135376238404177, 12.40949330267485 ], [ 78.135333433680884, 12.409690575866142 ], [ 78.135288909582144, 12.409895592190066 ], [ 78.135176807919521, 12.410071878569065 ], [ 78.135104925628823, 12.410184879850958 ], [ 78.134608348617832, 12.410433453195784 ], [ 78.134304448557231, 12.410495783584327 ], [ 78.133858769191946, 12.410587192862726 ], [ 78.13338060944092, 12.410763443680539 ], [ 78.133196309280606, 12.410818610646277 ], [ 78.132474681833102, 12.411034592613069 ], [ 78.131886057149899, 12.41134640686875 ], [ 78.131725138339817, 12.411680940715552 ], [ 78.131702168418002, 12.412033503917938 ], [ 78.131743133391566, 12.412102529621087 ], [ 78.131863060278647, 12.412304720835854 ], [ 78.132105199366833, 12.412554656385243 ], [ 78.132226418929591, 12.412679820588934 ], [ 78.132493873440822, 12.412993433126239 ], [ 78.132608062788165, 12.413127331671387 ], [ 78.132608081652805, 12.413127359745468 ], [ 78.132626695643793, 12.413165781771282 ], [ 78.132792005419006, 12.413506996659224 ], [ 78.132906968215806, 12.413751000416337 ], [ 78.133086325845454, 12.414885510570061 ], [ 78.13331166643782, 12.41554989619881 ], [ 78.133479248052382, 12.415822507001787 ], [ 78.133697868348136, 12.416178148322144 ], [ 78.133894794329763, 12.416279041902049 ], [ 78.134130133171269, 12.416399623908637 ], [ 78.134608395330218, 12.416530682623238 ], [ 78.134886276586954, 12.416554330349994 ], [ 78.135670707052626, 12.416621122116533 ], [ 78.136217915807933, 12.416711455424682 ], [ 78.136789768944794, 12.416939994597602 ], [ 78.137054853700263, 12.417045935001806 ], [ 78.137299588919646, 12.417286464836792 ], [ 78.137349181313226, 12.417335205065907 ], [ 78.137965332173351, 12.418447029351654 ], [ 78.137965347444705, 12.41844705917975 ], [ 78.138061931609101, 12.418664132314676 ], [ 78.138462068186115, 12.419563442396511 ], [ 78.138691971321848, 12.420137409424482 ], [ 78.138691979406644, 12.420557225663998 ], [ 78.138691951558911, 12.421208570836816 ], [ 78.138644557342815, 12.422059893394366 ], [ 78.138644210593128, 12.422066099310534 ], [ 78.138600070075015, 12.422858334084669 ], [ 78.138651394420449, 12.423143289355963 ], [ 78.138692027915695, 12.423369039266699 ], [ 78.138830025313013, 12.423658373359819 ], [ 78.139441706156276, 12.424417632571513 ], [ 78.140214251012409, 12.425063962345135 ], [ 78.140349204917555, 12.424877599205447 ], [ 78.140600516703103, 12.424530582882753 ], [ 78.141028165083995, 12.424105707650684 ], [ 78.14163977136711, 12.423924918055212 ], [ 78.141980128655206, 12.42388423423796 ], [ 78.142233008899268, 12.423947535184366 ], [ 78.142504336047679, 12.42419607081929 ], [ 78.142504362098819, 12.424196103278568 ], [ 78.142706696836797, 12.424507935099603 ], [ 78.142798664558939, 12.424905719402306 ], [ 78.142729701792902, 12.425800596100753 ], [ 78.142481426312997, 12.427242416074986 ], [ 78.142282972297053, 12.428042719078245 ], [ 78.142210180012952, 12.42833626673437 ], [ 78.141846990245256, 12.429493335188933 ], [ 78.141749887752937, 12.429684198870962 ], [ 78.14148363788253, 12.430207474032981 ], [ 78.141235420793109, 12.431030084400234 ], [ 78.141214781999452, 12.431057372293948 ], [ 78.14119586886946, 12.431082379322193 ], [ 78.141193500012051, 12.431085511122026 ], [ 78.141020418911324, 12.43131435610753 ], [ 78.140982432751187, 12.431364582407564 ], [ 78.140982410293333, 12.431364613111457 ], [ 78.140757196363396, 12.431721559585927 ], [ 78.140499611642184, 12.431920449365292 ], [ 78.140056435881633, 12.432127742183074 ], [ 78.140051131329855, 12.432130223049834 ], [ 78.140025971315396, 12.43214198962157 ], [ 78.139547717241271, 12.432340872061193 ], [ 78.139368308407668, 12.432584945875389 ], [ 78.139227334891828, 12.432792842587812 ], [ 78.139184393624618, 12.432856167682658 ], [ 78.139153070268961, 12.43291144663724 ], [ 78.138959049438952, 12.433253854118867 ], [ 78.138748970324897, 12.433627666567642 ], [ 78.138595786907729, 12.433900184732549 ], [ 78.138275011096184, 12.434318044427899 ], [ 78.138030183350352, 12.434636967143069 ], [ 78.137903643964478, 12.434767601730918 ], [ 78.137574807569877, 12.435107004847108 ], [ 78.136986217022667, 12.43541891042673 ], [ 78.136789137429119, 12.435495465415071 ], [ 78.136788475370764, 12.435495721569159 ], [ 78.136415976361789, 12.4356403713807 ], [ 78.135689379434112, 12.435839261669742 ], [ 78.135008760977641, 12.435997439181728 ], [ 78.134424315257178, 12.436159791371729 ], [ 78.134374067093418, 12.43617374734624 ], [ 78.134374023974303, 12.436173761382054 ], [ 78.134235337569137, 12.43622051463683 ], [ 78.133583087011019, 12.436440399390301 ], [ 78.132336850624114, 12.437019015348678 ], [ 78.132238689916392, 12.437068561566532 ], [ 78.131495237000721, 12.437443779995762 ], [ 78.131016820331538, 12.437751724697719 ], [ 78.130975585863368, 12.437778261852021 ], [ 78.130405274235571, 12.438266437634239 ], [ 78.130174877924773, 12.438450930569251 ], [ 78.130156920602261, 12.438465311877179 ], [ 78.12988794524324, 12.438844627578499 ], [ 78.129839650915244, 12.438912732970543 ], [ 78.129839625762429, 12.438912770691388 ], [ 78.129829719141469, 12.438927606378051 ], [ 78.12945332144416, 12.439491301315305 ], [ 78.129208951839104, 12.439935282796768 ], [ 78.128998037291851, 12.440318414906093 ], [ 78.128803467591197, 12.440587687346193 ], [ 78.128802520766897, 12.440588996162575 ], [ 78.12854731568288, 12.440942115804974 ], [ 78.128234637285317, 12.441339917937766 ], [ 78.12799064497267, 12.441508336271571 ], [ 78.127848346441795, 12.441606560292445 ], [ 78.127848309610883, 12.441606585731819 ], [ 78.127374535435052, 12.441918394031022 ], [ 78.126973417897773, 12.442097435095834 ], [ 78.126422623067853, 12.442343268212975 ], [ 78.125913490304143, 12.442532481184109 ], [ 78.125535023786739, 12.44267312258733 ], [ 78.124969356448972, 12.442853904403826 ], [ 78.124309852893219, 12.442963452758283 ], [ 78.124308517098399, 12.44296367469361 ], [ 78.124288658940728, 12.442966973021038 ], [ 78.12428862660137, 12.442966981793173 ], [ 78.12401731202938, 12.443075374808636 ], [ 78.12347000715431, 12.444033520956111 ], [ 78.123204334002295, 12.444376293609244 ], [ 78.123175685829594, 12.444413251339807 ], [ 78.122701961061139, 12.444747737378226 ], [ 78.122404017729167, 12.44482996778722 ], [ 78.122292723651995, 12.444860669203445 ], [ 78.12183734876983, 12.444883282756054 ], [ 78.12171514465355, 12.444863752590718 ], [ 78.121271720059624, 12.444792880289135 ], [ 78.120567996934028, 12.444589383612952 ], [ 78.120483971217297, 12.444560234825179 ], [ 78.119160742024022, 12.444101170592177 ], [ 78.118503070133144, 12.443857054088232 ], [ 78.117982606918787, 12.44382133841048 ], [ 78.117845432378289, 12.443811918909518 ], [ 78.117118801314618, 12.443879650184009 ], [ 78.116818401988652, 12.443978049627409 ], [ 78.116304817174424, 12.444146232034894 ], [ 78.115711496997235, 12.44436770484629 ], [ 78.115394122207377, 12.444593664394064 ], [ 78.115361288783731, 12.444616573589421 ], [ 78.115076785146726, 12.444815092963347 ], [ 78.114698052728016, 12.445187338749164 ], [ 78.11462606533442, 12.445258086379697 ], [ 78.114626039283252, 12.445258119713577 ], [ 78.114327076363438, 12.445705474716872 ], [ 78.114246080664145, 12.445917838181259 ], [ 78.114245673727325, 12.445918906616672 ], [ 78.114147763649584, 12.44617553361852 ], [ 78.114101716008108, 12.446550700292811 ], [ 78.114091141040575, 12.446848067425131 ], [ 78.114078699373906, 12.447196999572508 ], [ 78.114122379056269, 12.447675140037793 ], [ 78.11414763339387, 12.447951808398686 ], [ 78.114187319166476, 12.448389029773114 ], [ 78.11421655034583, 12.448711164164884 ], [ 78.114307403258707, 12.448920159374573 ], [ 78.114418919219759, 12.449176723760038 ], [ 78.114559637614079, 12.449273525580709 ], [ 78.114648802592555, 12.449334875604034 ], [ 78.115329469558077, 12.449669486002295 ], [ 78.115578240908008, 12.449799961274062 ], [ 78.116010122150513, 12.450026521354834 ], [ 78.116475669554958, 12.45016493063441 ], [ 78.116755230661255, 12.45024806897346 ], [ 78.117302425043519, 12.450401770181745 ], [ 78.118295809932505, 12.450591665872592 ], [ 78.118251998197749, 12.450645362112278 ], [ 78.117868051957132, 12.45111592785371 ], [ 78.117412739957047, 12.451540692245979 ], [ 78.117141401130539, 12.452006273957695 ], [ 78.117107171724939, 12.452419724743503 ], [ 78.117095380438542, 12.452562156381848 ], [ 78.117097299239973, 12.452578790389344 ], [ 78.117118335088975, 12.45276105914715 ], [ 78.117325312320332, 12.453118139368028 ], [ 78.117550629556519, 12.453384792430654 ], [ 78.118116284317892, 12.453922697653653 ], [ 78.118254241290998, 12.454098964698808 ], [ 78.118206872227759, 12.454313089682502 ], [ 78.118185247083929, 12.454410834305619 ], [ 78.118051885891802, 12.454700072421559 ], [ 78.117726979626582, 12.454758837004654 ], [ 78.117302195074799, 12.454835659968911 ], [ 78.116776445274979, 12.455177735914225 ], [ 78.116621541584024, 12.45527851961641 ], [ 78.116333295565539, 12.455358080960387 ], [ 78.115802823322284, 12.455504498611115 ], [ 78.114464428770376, 12.455902164393132 ], [ 78.114027982289571, 12.455985334226213 ], [ 78.113397372146679, 12.456105512728346 ], [ 78.112900678354706, 12.456082874715683 ], [ 78.112760268082553, 12.456060314769237 ], [ 78.112759639261853, 12.456060213017466 ], [ 78.11219705404379, 12.455969819707084 ], [ 78.111902677023522, 12.455856826051182 ], [ 78.111877603247294, 12.455847578035449 ], [ 78.111608331444245, 12.455748262062333 ], [ 78.111084045898366, 12.455436337047203 ], [ 78.110587406005322, 12.455147111155448 ], [ 78.110468461875186, 12.455147096243467 ], [ 78.1103114480416, 12.455147083963054 ], [ 78.109916080620451, 12.455179053428774 ], [ 78.109474370910419, 12.455214768420671 ], [ 78.108982847821252, 12.455300681394316 ], [ 78.108724740280564, 12.455345789136981 ], [ 78.108581063734022, 12.455312163589197 ], [ 78.108338341639168, 12.455255354350513 ], [ 78.107726686847059, 12.454834964369427 ], [ 78.107486035368979, 12.454557006004638 ], [ 78.107358857280914, 12.454410112389731 ], [ 78.107223005958843, 12.454126351921015 ], [ 78.106954196788166, 12.453564873815209 ], [ 78.106567875401907, 12.452986281573299 ], [ 78.105974644157953, 12.452470941686885 ], [ 78.105614347863821, 12.452283218399895 ], [ 78.10559296885836, 12.45227207729523 ], [ 78.10559293382407, 12.452272062383136 ], [ 78.104797387605061, 12.451937466744111 ], [ 78.104534156972321, 12.451814991595667 ], [ 78.103932737584529, 12.451535145800381 ], [ 78.103187769211004, 12.451092183272511 ], [ 78.102876896427119, 12.450887892416709 ], [ 78.102369147967309, 12.450554222181735 ], [ 78.102369120119533, 12.45055419937483 ], [ 78.101509236559906, 12.449754113971725 ], [ 78.100994242288962, 12.449130324592637 ], [ 78.100584973438785, 12.448483985389803 ], [ 78.100256066077293, 12.447784696007121 ], [ 78.100019438153367, 12.447281624839318 ], [ 78.099369567232429, 12.446354761223677 ], [ 78.099223954816452, 12.446147084140424 ], [ 78.098612368296287, 12.445586554574634 ], [ 78.098592942228279, 12.445579720263529 ], [ 78.098111144300347, 12.445410191395471 ], [ 78.097889909907153, 12.445400549141715 ], [ 78.097591364703902, 12.445387495431357 ], [ 78.097293180623467, 12.445439836586598 ], [ 78.097205037029468, 12.445455309629397 ], [ 78.097168996620255, 12.445478709107004 ], [ 78.09693365238887, 12.445631492950751 ], [ 78.096455381246756, 12.446011122750294 ], [ 78.096455360585523, 12.446011139417202 ], [ 78.096128905624767, 12.446266651402109 ], [ 78.095912647898174, 12.446435910409569 ], [ 78.095832922416719, 12.446497203208214 ], [ 78.095595285684738, 12.446679870978285 ], [ 78.095391358233755, 12.446713676593882 ], [ 78.095185939579409, 12.446747688347553 ], [ 78.094975934127262, 12.446747666417489 ], [ 78.094891610169853, 12.44674764887346 ], [ 78.094233963431819, 12.446611946572624 ], [ 78.093734571999065, 12.446504371709397 ], [ 78.093415298170669, 12.446435570054787 ], [ 78.092601344573197, 12.446123618055553 ], [ 78.091649444782391, 12.445743745434603 ], [ 78.090807732344302, 12.446276972579231 ], [ 78.090218964829006, 12.446543559863368 ], [ 78.090201076676749, 12.446552173993192 ], [ 78.089289943331835, 12.446990915283127 ], [ 78.088534397295817, 12.44735354032939 ], [ 78.088084941413086, 12.44756922878485 ], [ 78.087812787814599, 12.447697456852067 ], [ 78.087519125853291, 12.447835791934672 ], [ 78.086844515329432, 12.448082760852177 ], [ 78.086544047731493, 12.448192750861994 ], [ 78.085702376615956, 12.448346165567044 ], [ 78.085067221896011, 12.448392207855653 ], [ 78.084456106991382, 12.448436467673353 ], [ 78.083848056240157, 12.448499124916662 ], [ 78.083186680595404, 12.44856723303962 ], [ 78.082149934925994, 12.448637136764049 ], [ 78.081848395637934, 12.44865745963021 ], [ 78.080758410414916, 12.448770217824318 ], [ 78.080146643333364, 12.448856025914035 ], [ 78.079599323186969, 12.449036709565165 ], [ 78.079354252895982, 12.449201636938424 ], [ 78.079102585377555, 12.449370986137293 ], [ 78.078839888344092, 12.449561608020515 ], [ 78.078839294557667, 12.449562038722005 ], [ 78.078398803861475, 12.44988162780291 ], [ 78.078012390847078, 12.450324538011394 ], [ 78.078012360304342, 12.450324578362137 ], [ 78.077695002582459, 12.450817105092829 ], [ 78.077377417586803, 12.451707416257507 ], [ 78.077308314683592, 12.452263343181118 ], [ 78.077262147566188, 12.453266788951501 ], [ 78.077286629352628, 12.453563379979526 ], [ 78.077307993985016, 12.453822683587051 ], [ 78.077353965269694, 12.454247539160303 ], [ 78.0775601061695, 12.454698497892277 ], [ 78.077579192674349, 12.454740251422724 ], [ 78.078328658912511, 12.455761874009754 ], [ 78.078429785857296, 12.455938153839964 ], [ 78.078463436747867, 12.455996812004932 ], [ 78.078530912802108, 12.456114432673223 ], [ 78.078530817580699, 12.45658450429789 ], [ 78.078537082431481, 12.456786423191492 ], [ 78.078553649161947, 12.457321294260192 ], [ 78.078668073867902, 12.458225168606489 ], [ 78.078714407173621, 12.45859129975681 ], [ 78.078939478271437, 12.459969932350845 ], [ 78.078941288376726, 12.460038804097591 ], [ 78.078962283801545, 12.460837716602089 ], [ 78.078976472691465, 12.461252132213218 ], [ 78.078985184553076, 12.461506625726109 ], [ 78.07892458959391, 12.461859559017329 ], [ 78.078924417117364, 12.461860568617965 ], [ 78.078916122074034, 12.461908884714033 ], [ 78.07890999286883, 12.461942990962148 ], [ 78.078888497082417, 12.462062560592569 ], [ 78.078830688697238, 12.462196547001025 ], [ 78.078658383740901, 12.462595905065976 ], [ 78.078340929899312, 12.463038764618389 ], [ 78.078268375668728, 12.463113989600107 ], [ 78.077844097766786, 12.463553888779803 ], [ 78.077830411933448, 12.463561486610768 ], [ 78.077526758909528, 12.463730068581375 ], [ 78.077025334589294, 12.464019306828748 ], [ 78.076763770331397, 12.464119050311327 ], [ 78.076551545142152, 12.464199978163016 ], [ 78.076449396812862, 12.464237860209522 ], [ 78.07589381126752, 12.464443903605508 ], [ 78.075260252853823, 12.464674639244594 ], [ 78.074665739713978, 12.464891150966633 ], [ 78.073333795065793, 12.465451181829643 ], [ 78.073032775003966, 12.465577746773977 ], [ 78.070696017099792, 12.466648450591832 ], [ 78.070656351090122, 12.466661509372235 ], [ 78.070381045303293, 12.466752135781372 ], [ 78.070339271845967, 12.466765884861196 ], [ 78.069076932259236, 12.467181418987698 ], [ 78.068396226666167, 12.467362080223515 ], [ 78.067853503199061, 12.467339297589769 ], [ 78.06753351700668, 12.467243936624032 ], [ 78.067398187605733, 12.467203606062185 ], [ 78.066901509085156, 12.466914211729994 ], [ 78.066446276136816, 12.466516350570778 ], [ 78.065883007300869, 12.465962581258925 ], [ 78.065742730877687, 12.46582466985282 ], [ 78.065591896554949, 12.465803168581823 ], [ 78.065425430647949, 12.465779434993868 ], [ 78.064969979409028, 12.465910327572653 ], [ 78.064178893325405, 12.466136125382747 ], [ 78.064010991012282, 12.466160380834117 ], [ 78.06358553002913, 12.466221846153438 ], [ 78.063245184419117, 12.466181170718004 ], [ 78.062633534118547, 12.465778742055159 ], [ 78.062372717258981, 12.465575650413493 ], [ 78.062337595826321, 12.465548302994605 ], [ 78.062302472597011, 12.465520959081413 ], [ 78.062296774583146, 12.465516524269267 ], [ 78.061971415567044, 12.465263260056638 ], [ 78.061037904290089, 12.464526321619772 ], [ 78.060628588727539, 12.464417719157799 ], [ 78.060131862596194, 12.464480869003026 ], [ 78.05967644908651, 12.464661556681261 ], [ 78.05940507971728, 12.464837777832717 ], [ 78.059202642571364, 12.465018458245051 ], [ 78.059087556705393, 12.465352920347508 ], [ 78.059064516714969, 12.465506562607317 ], [ 78.059542646821583, 12.466198289785355 ], [ 78.059721908331483, 12.466600567806658 ], [ 78.059721885873586, 12.466844653259701 ], [ 78.059629818438424, 12.467269471708118 ], [ 78.05935829905053, 12.467626405642973 ], [ 78.059109931942459, 12.46784786893274 ], [ 78.058608474384584, 12.468227359206336 ], [ 78.058088680415096, 12.468471266824261 ], [ 78.057587200399325, 12.468760441889927 ], [ 78.057256041859702, 12.469026975364882 ], [ 78.05607822296146, 12.470093381939554 ], [ 78.055236308402471, 12.470829851950688 ], [ 78.054826875160572, 12.471232009633173 ], [ 78.054035556413311, 12.471765122973521 ], [ 78.053419091142842, 12.472411265561664 ], [ 78.052830092760516, 12.473301509590188 ], [ 78.052613814372691, 12.473699148946274 ], [ 78.052135274634338, 12.474101265335467 ], [ 78.051725896189694, 12.474367812611828 ], [ 78.05113702267316, 12.474634355228305 ], [ 78.050161786447887, 12.475126708595473 ], [ 78.049572963237026, 12.475460960300319 ], [ 78.049117562303749, 12.47563710218397 ], [ 78.048979551431714, 12.475546623605208 ], [ 78.048703707554054, 12.475261796910113 ], [ 78.047682916862399, 12.474366613604465 ], [ 78.046501045663902, 12.473588835576626 ], [ 78.045751479712735, 12.473254144653717 ], [ 78.04538812016348, 12.473141061172768 ], [ 78.045116727438057, 12.473140970830169 ], [ 78.044573948275385, 12.473231195009632 ], [ 78.043575854417696, 12.473452337748189 ], [ 78.043281457634492, 12.473510964759278 ], [ 78.043263782382965, 12.473514165338834 ], [ 78.042982431832598, 12.47356509656206 ], [ 78.042168278809143, 12.473718502394966 ], [ 78.041827952962066, 12.473655083773851 ], [ 78.041598034554966, 12.473474204139904 ], [ 78.041464817991596, 12.473117184410453 ], [ 78.041373064966805, 12.472249314970712 ], [ 78.041350399573858, 12.471381489987696 ], [ 78.041263336653174, 12.470468488578483 ], [ 78.041263486671824, 12.469912510344116 ], [ 78.041351074208649, 12.469334044049626 ], [ 78.041351385924045, 12.468506951917036 ], [ 78.041241227317371, 12.467860511892807 ], [ 78.040763331671073, 12.466612928390198 ], [ 78.040303755368342, 12.465410527324586 ], [ 78.040009781691637, 12.464343740096714 ], [ 78.039692870432447, 12.463136882248589 ], [ 78.039551859187327, 12.462888881226663 ], [ 78.039541186303452, 12.462870110272121 ], [ 78.039394103345359, 12.46260340117583 ], [ 78.038989552447035, 12.462115119425533 ], [ 78.038194102347788, 12.461531802620263 ], [ 78.03721921916042, 12.461043382892962 ], [ 78.036469609191784, 12.460776456137459 ], [ 78.036212036148697, 12.460731158119613 ], [ 78.035485409576637, 12.460776061417913 ], [ 78.034464280220149, 12.460843496171824 ], [ 78.033627173444529, 12.46093360972564 ], [ 78.032422197576921, 12.460933143956854 ], [ 78.031267815724448, 12.460797129791576 ], [ 78.030380250579313, 12.460683854040754 ], [ 78.029589213903037, 12.460484664381074 ], [ 78.028181990434049, 12.460172209119925 ], [ 78.027432447839104, 12.459837525429915 ], [ 78.027069122425814, 12.459661120185016 ], [ 78.02657218788535, 12.460325312367722 ], [ 78.026319057011349, 12.460768130186588 ], [ 78.026024557820165, 12.461125130088856 ], [ 78.025771456590576, 12.461391667029737 ], [ 78.025343651004476, 12.461549663188022 ], [ 78.024616939092454, 12.461703081396964 ], [ 78.024345470908528, 12.461793353416358 ], [ 78.02352674995187, 12.461928591657879 ], [ 78.023820861969128, 12.462706123997819 ], [ 78.023981579556605, 12.463284741043894 ], [ 78.024022690955604, 12.463890365817502 ], [ 78.024004076964573, 12.464355948165075 ], [ 78.023888948877769, 12.464758183434583 ], [ 78.023640446124105, 12.46522357739266 ], [ 78.023322853941906, 12.465689011740601 ], [ 78.023092831330274, 12.465910394235094 ], [ 78.022186592905356, 12.466135995566537 ], [ 78.021777263868032, 12.466203656981545 ], [ 78.021119476992808, 12.466289217214069 ], [ 78.021344677448042, 12.466867832401467 ], [ 78.021799707377085, 12.467451069659475 ], [ 78.022480189289652, 12.468075119335897 ], [ 78.023275678914771, 12.468608725101003 ], [ 78.023661877231831, 12.468898192973725 ], [ 78.02393299956438, 12.469431607584747 ], [ 78.024112155971366, 12.469969539160383 ], [ 78.024167230783121, 12.470435153565262 ], [ 78.02409805421803, 12.470769506930456 ], [ 78.023936972812876, 12.47105874433792 ], [ 78.023486097591984, 12.471393070584739 ], [ 78.023122580837551, 12.471614333303412 ], [ 78.022556757192916, 12.471835601972966 ], [ 78.022009363384626, 12.472016169620566 ], [ 78.021236594847991, 12.472169484273598 ], [ 78.020624805308572, 12.472259657918768 ], [ 78.020330372592753, 12.472435852852223 ], [ 78.020192366212271, 12.472571358322627 ], [ 78.020058829848665, 12.472838012427026 ], [ 78.019966681565109, 12.473240212601722 ], [ 78.019897487033745, 12.473665060033415 ], [ 78.019897398998836, 12.473863858896586 ], [ 78.020104008819231, 12.474867407002678 ], [ 78.020260041692509, 12.475599675267091 ], [ 78.018447886439532, 12.475485916562475 ], [ 78.018401800170508, 12.475639509835048 ], [ 78.018378698196344, 12.475973960857507 ], [ 78.018378499668685, 12.476353660256377 ], [ 78.018447337568887, 12.47684632874209 ], [ 78.018534405879507, 12.47740235261252 ], [ 78.018718019726933, 12.478315369925191 ], [ 78.019035033394061, 12.479273722656705 ], [ 78.017287129243485, 12.479295542071016 ], [ 78.017083863850885, 12.481279681951513 ], [ 78.016913625019711, 12.481519162911917 ], [ 78.01655005616297, 12.481876024583627 ], [ 78.016163541638946, 12.482119921978613 ], [ 78.015482682433969, 12.482390839389966 ], [ 78.014709879761341, 12.482657222889033 ], [ 78.01400598056594, 12.482968767812265 ], [ 78.013463002875611, 12.483388862182485 ], [ 78.01303044879495, 12.48385867470347 ], [ 78.012735804974994, 12.484482284895577 ], [ 78.012533068690132, 12.485151112789159 ], [ 78.012371688145961, 12.485951062597687 ], [ 78.012348457712719, 12.486574829127543 ], [ 78.012371365650779, 12.486805328413668 ], [ 78.012375793446807, 12.486850052655596 ], [ 78.012394181062362, 12.487035824863248 ], [ 78.012417129424605, 12.487257282954364 ], [ 78.012531922439834, 12.48763705613896 ], [ 78.012757148946164, 12.487989702982734 ], [ 78.013005401968215, 12.488392033101981 ], [ 78.013322570145576, 12.488794415219086 ], [ 78.014049076343383, 12.489441065216628 ], [ 78.014435283643579, 12.489771172762842 ], [ 78.014660487692055, 12.490241351705162 ], [ 78.014706342195723, 12.490508062156293 ], [ 78.014706197566966, 12.490729473422212 ], [ 78.014595766770782, 12.490910208562809 ], [ 78.014278117994735, 12.491488674882207 ], [ 78.014047931889721, 12.491845585950921 ], [ 78.013320769921719, 12.492690505789017 ], [ 78.012731765251189, 12.49331393857705 ], [ 78.012437118736329, 12.493878801854809 ], [ 78.012469217338037, 12.494122904563351 ], [ 78.012446055176738, 12.494357922653355 ], [ 78.01242294691437, 12.494601981934656 ], [ 78.012413675402328, 12.494805368293568 ], [ 78.012404258363233, 12.495261813320464 ], [ 78.012413414890915, 12.495392946210179 ], [ 78.012321176775842, 12.495862888655983 ], [ 78.012298122412389, 12.496039232402302 ], [ 78.012219788421305, 12.496342017179245 ], [ 78.012187440986253, 12.496595081718482 ], [ 78.012127624866423, 12.496717119979371 ], [ 78.012026244596726, 12.496997254616767 ], [ 78.011957177626087, 12.497218707685887 ], [ 78.011980076580997, 12.497385925882281 ], [ 78.012094927986709, 12.497666259757624 ], [ 78.012251150404495, 12.498109187362699 ], [ 78.012306230606171, 12.498380464271793 ], [ 78.012316377077283, 12.498435852036625 ], [ 78.012356739281302, 12.498656197943312 ], [ 78.012360514900465, 12.498786447700304 ], [ 78.012365780824652, 12.498968065635454 ], [ 78.012342671663959, 12.499212129334635 ], [ 78.012342656392605, 12.49927080576162 ], [ 78.012411511360824, 12.499537574429397 ], [ 78.012411519445664, 12.499537605125196 ], [ 78.012503332657573, 12.499890102432138 ], [ 78.01250334433567, 12.499890141021108 ], [ 78.012581808582482, 12.500101782128908 ], [ 78.012627351370753, 12.50022463085547 ], [ 78.012643519249252, 12.50025510469759 ], [ 78.01268253757361, 12.500328647262887 ], [ 78.012860914242964, 12.500494103268226 ], [ 78.012867011108796, 12.500499758292797 ], [ 78.012926260391652, 12.500554716740798 ], [ 78.013326260424748, 12.500821541966557 ], [ 78.013326288272523, 12.500821560383965 ], [ 78.01327920397523, 12.501286894758675 ], [ 78.012589752384542, 12.501982094879532 ], [ 78.012550738551766, 12.50204385513833 ], [ 78.012304350432274, 12.502433905372726 ], [ 78.012304315397955, 12.502433926421039 ], [ 78.01220661013609, 12.502503952420671 ], [ 78.011844208190908, 12.502763673588641 ], [ 78.010395195993212, 12.502885043284811 ], [ 78.008244389352853, 12.502954214952878 ], [ 78.008039894166629, 12.502960788154756 ], [ 78.005960773085945, 12.502883024403555 ], [ 78.005781967920214, 12.502826995619047 ], [ 78.005137422212272, 12.502625000375161 ], [ 78.004791351638971, 12.502246796257602 ], [ 78.004599593665148, 12.502037233677349 ], [ 78.004649937050317, 12.501716432898036 ], [ 78.004715628152113, 12.501297825024523 ], [ 78.004605861210905, 12.501072554283025 ], [ 78.004558694268596, 12.500975757789874 ], [ 78.003822844693516, 12.500541554428173 ], [ 78.003669204033841, 12.50040458670362 ], [ 78.00323433858793, 12.500016911888702 ], [ 78.002851513444767, 12.499912961132463 ], [ 78.002567440999115, 12.499835826166033 ], [ 78.002208177767514, 12.499827240118737 ], [ 78.00179467695402, 12.499817357832274 ], [ 78.00127939881547, 12.499866855208969 ], [ 78.000823890982687, 12.500079021671644 ], [ 78.000224042748343, 12.50043870103514 ], [ 78.000000048730584, 12.500573009617932 ], [ 77.999889823648559, 12.50063910268962 ], [ 77.999442299143695, 12.500961835123784 ], [ 77.998987933967925, 12.501289498622905 ], [ 77.99895664474829, 12.501313746394633 ], [ 77.998859855767989, 12.501388829577401 ], [ 77.998825615582618, 12.501406552334565 ], [ 77.998430942559182, 12.501691167825649 ], [ 77.998151569200772, 12.501279840031746 ], [ 77.998151358096649, 12.501279625162505 ], [ 77.997940265682985, 12.500968895998483 ], [ 77.997865817803827, 12.500880281173506 ], [ 77.997420225575112, 12.50034988957578 ], [ 77.99712740533522, 12.500254147867915 ], [ 77.996674923028294, 12.500106199685055 ], [ 77.995976352639175, 12.50005057460535 ], [ 77.99565829962124, 12.500025247101576 ], [ 77.994968979184605, 12.500268930929478 ], [ 77.994890246341541, 12.500296762303272 ], [ 77.99481545620425, 12.5003058306963 ], [ 77.993767881344112, 12.50043284341757 ], [ 77.993713231435493, 12.500463627700237 ], [ 77.99225650360782, 12.501285202992353 ], [ 77.992246547579512, 12.501290817656816 ], [ 77.992147991613066, 12.501356807056926 ], [ 77.992612920976569, 12.502310944561636 ], [ 77.992625173997041, 12.502336089422577 ], [ 77.99321718443052, 12.503551005747484 ], [ 77.992829831778337, 12.504104442922841 ], [ 77.992729897796238, 12.504247219736072 ], [ 77.992729877134977, 12.504247251308346 ], [ 77.992518423598568, 12.504617955850875 ], [ 77.992008285620059, 12.505702915175094 ], [ 77.991975373144683, 12.505800079992101 ], [ 77.991829113043394, 12.506231799621427 ], [ 77.991428137439925, 12.507042156433871 ], [ 77.991240794685709, 12.507420739409666 ], [ 77.990790294062322, 12.508135043248791 ], [ 77.990790273401061, 12.508135076574579 ], [ 77.990384408267488, 12.508701215052353 ], [ 77.990142059871843, 12.509039260201218 ], [ 77.989622397954676, 12.509405571164034 ], [ 77.989314364745468, 12.508788676581448 ], [ 77.989166607152583, 12.508492760964909 ], [ 77.988556746296069, 12.5083296034197 ], [ 77.987952042667644, 12.508167821774864 ], [ 77.98784188675593, 12.508764462836972 ], [ 77.98669636858034, 12.508552495568278 ], [ 77.986687080898619, 12.508597249373409 ], [ 77.986434660591982, 12.509813612222347 ], [ 77.985818250118726, 12.509777694286608 ], [ 77.98565687226953, 12.508878322666726 ], [ 77.985376076878026, 12.508408375827356 ], [ 77.984865307383885, 12.508028906780897 ], [ 77.984070546292472, 12.507642833399547 ], [ 77.983061728346939, 12.507152764239768 ], [ 77.983158119373542, 12.506614874897739 ], [ 77.983277506373142, 12.506063418983835 ], [ 77.983228995551144, 12.505070507188496 ], [ 77.983221861131156, 12.504924459601973 ], [ 77.98262327592812, 12.503442200408909 ], [ 77.981589656395883, 12.502026185045759 ], [ 77.981054435658038, 12.501292944423632 ], [ 77.981950501560689, 12.50030646039707 ], [ 77.981802881410047, 12.499135886970025 ], [ 77.980606568895027, 12.498399607142041 ], [ 77.978618899903523, 12.496935906234112 ], [ 77.977402478600908, 12.496982164406928 ], [ 77.975978536586169, 12.497036302701247 ], [ 77.974932192417938, 12.497447417991072 ], [ 77.974240061152798, 12.497719356874825 ], [ 77.97424002611848, 12.497719370907305 ], [ 77.974131692888477, 12.497056527928057 ], [ 77.974087858695867, 12.496788325382608 ], [ 77.974340553886989, 12.495861642388315 ], [ 77.973870844587864, 12.495787662665203 ], [ 77.972794912609118, 12.495618179803881 ], [ 77.972592458395226, 12.495724050365304 ], [ 77.971203647694608, 12.496450301917964 ], [ 77.970246829627627, 12.496491349721532 ], [ 77.970212395406165, 12.49646964138668 ], [ 77.968319133062806, 12.495276089739791 ], [ 77.967498065706593, 12.494283388210096 ], [ 77.967026052228746, 12.49371269874282 ], [ 77.966995179827407, 12.493660574320652 ], [ 77.965433592554916, 12.491023959610684 ], [ 77.965224333602748, 12.490461982621367 ], [ 77.965033076888886, 12.489948353866247 ], [ 77.965032940344955, 12.489431721046467 ], [ 77.965032881954457, 12.489211602330554 ], [ 77.965144003555096, 12.48899303582167 ], [ 77.966076290428319, 12.487159308653162 ], [ 77.965906830436495, 12.486494141567574 ], [ 77.965827601723362, 12.486183156072943 ], [ 77.9647327009191, 12.485546217629309 ], [ 77.963608801599165, 12.48520948280021 ], [ 77.96358720430311, 12.485203011764517 ], [ 77.96245349627857, 12.485203378380515 ], [ 77.962423797076966, 12.485203388028308 ], [ 77.962046352842322, 12.485203508187157 ], [ 77.96164639233514, 12.485186918373355 ], [ 77.960855036756953, 12.485154089571452 ], [ 77.959810683255398, 12.484616559666224 ], [ 77.958899749336496, 12.483898210671754 ], [ 77.958884647758254, 12.483905487773143 ], [ 77.957875846880683, 12.484391583123019 ], [ 77.955680417326903, 12.485449434619623 ], [ 77.954038423649976, 12.485843035706916 ], [ 77.954006013332872, 12.48584866561686 ], [ 77.953412911446321, 12.485951717768453 ], [ 77.953423938266411, 12.486023171715003 ], [ 77.953474923947013, 12.486353552882377 ], [ 77.95354194814864, 12.486787854619653 ], [ 77.953532959605923, 12.487648330790739 ], [ 77.953528492284036, 12.488075996257097 ], [ 77.953432268344045, 12.489305365976618 ], [ 77.953503928750891, 12.490427320568699 ], [ 77.953515405626987, 12.490607012226784 ], [ 77.953672181406986, 12.492062330173557 ], [ 77.953488255844135, 12.492329124697486 ], [ 77.953170033942939, 12.492653307616409 ], [ 77.95285364370659, 12.492975622022129 ], [ 77.952657275578744, 12.493166388985818 ], [ 77.952081123104989, 12.493726106098151 ], [ 77.951350038194164, 12.494815501604863 ], [ 77.950802912982141, 12.495778422214634 ], [ 77.950453559964814, 12.496881329402688 ], [ 77.950044452811383, 12.49796159577966 ], [ 77.949882878231108, 12.497994263336702 ], [ 77.949708692202549, 12.498029480410969 ], [ 77.948751999001388, 12.498296416995149 ], [ 77.947597494079716, 12.498735099591993 ], [ 77.947461307685998, 12.498786528386663 ], [ 77.94638787032882, 12.499191880596822 ], [ 77.946033652934204, 12.499250722786011 ], [ 77.946052841846964, 12.499306369963433 ], [ 77.946332881755339, 12.500118458687988 ], [ 77.947018553235296, 12.501279885636626 ], [ 77.953523028730487, 12.501711448817213 ], [ 77.953573718865314, 12.50203685919206 ], [ 77.953523171562594, 12.502231222242521 ], [ 77.953444992980053, 12.502303560105483 ], [ 77.953388094588263, 12.502320777640008 ], [ 77.953265608400955, 12.502357844623411 ], [ 77.953031007076305, 12.502357907768415 ], [ 77.952814787078978, 12.502285648851908 ], [ 77.952640647762834, 12.502169453258379 ], [ 77.952455920902779, 12.502046195013506 ], [ 77.952314297006652, 12.502215128157147 ], [ 77.952111033410688, 12.502457584732479 ], [ 77.951278484686824, 12.502656672810458 ], [ 77.951140628325021, 12.503194560746797 ], [ 77.950968181434874, 12.503205902249968 ], [ 77.950864631733765, 12.503212711361284 ], [ 77.950533625907738, 12.503949518590181 ], [ 77.95044130963926, 12.504049898300538 ], [ 77.9502301112244, 12.504279540080764 ], [ 77.950228365797798, 12.504290324636827 ], [ 77.950032630982236, 12.505499929412363 ], [ 77.949710743954682, 12.505731420378225 ], [ 77.949347351167745, 12.505992757246053 ], [ 77.949018848048112, 12.506228938845871 ], [ 77.948731055678863, 12.50643585036376 ], [ 77.947811284134175, 12.507389749861735 ], [ 77.94627529525404, 12.509166394915487 ], [ 77.944810231060544, 12.510860720109704 ], [ 77.94400806335959, 12.511788398177744 ], [ 77.942407646408967, 12.513678027907446 ], [ 77.9423843423139, 12.513668612701707 ], [ 77.939601266342251, 12.512544187709818 ], [ 77.938790957209889, 12.512165549979539 ], [ 77.935598712999422, 12.510673838098983 ], [ 77.934443968227541, 12.510154293892446 ], [ 77.93141221612737, 12.508821541846691 ], [ 77.93051051060138, 12.508392328607417 ], [ 77.928105084578576, 12.507306178216879 ], [ 77.927478794433867, 12.507023373772979 ], [ 77.92654948906906, 12.506521836669839 ], [ 77.923448812830443, 12.505152847365872 ], [ 77.92290388759254, 12.504879021096546 ], [ 77.921470636336522, 12.504158798100049 ], [ 77.919317912691355, 12.5048054377301 ], [ 77.918741527553905, 12.504940459679069 ], [ 77.918043739597408, 12.505103918423545 ], [ 77.916401584223735, 12.505578713207015 ], [ 77.915063008212115, 12.505904307266427 ], [ 77.914092425260023, 12.506162054395435 ], [ 77.913677408090351, 12.506299341804002 ], [ 77.913135649413846, 12.506478552356501 ], [ 77.912187036558663, 12.507865453395388 ], [ 77.911834048957672, 12.508381528436713 ], [ 77.911234305826198, 12.509358114616253 ], [ 77.910895799067589, 12.509909315307933 ], [ 77.910426261346686, 12.510595207577092 ], [ 77.909373390917906, 12.512133205189283 ], [ 77.909082238849507, 12.512471351082727 ], [ 77.908918059154885, 12.5126620308639 ], [ 77.908918030408827, 12.51266206506606 ], [ 77.908917492317968, 12.512661036370124 ], [ 77.908816334830433, 12.512467471326328 ], [ 77.907855178798926, 12.510628274319114 ], [ 77.906576096411968, 12.50813800222658 ], [ 77.905517893583706, 12.506235274297291 ], [ 77.905067030939222, 12.505620624285157 ], [ 77.903525939628281, 12.504807196125761 ], [ 77.901814659791825, 12.504034448929271 ], [ 77.90036099791422, 12.503343030736598 ], [ 77.902398718338404, 12.502221975006176 ], [ 77.904896904397447, 12.501327505039594 ], [ 77.903249600778892, 12.500771767634678 ], [ 77.901354404362763, 12.500631798871522 ], [ 77.900310218846158, 12.500211528163412 ], [ 77.899932901274013, 12.499651126982544 ], [ 77.900075477384334, 12.499000253332619 ], [ 77.901598022077906, 12.498064557155894 ], [ 77.903069909874318, 12.496821427218986 ], [ 77.90522238378783, 12.494231433171903 ], [ 77.905767151820527, 12.493070068398872 ], [ 77.905792699907209, 12.493015603890237 ], [ 77.905764183786815, 12.49248232207297 ], [ 77.90572817032708, 12.49180884459955 ], [ 77.905718882645346, 12.490502634070113 ], [ 77.90575687239874, 12.490001419240174 ], [ 77.905804588211666, 12.489371839940542 ], [ 77.905806112652712, 12.489372626661302 ], [ 77.906799777816033, 12.489892346835918 ], [ 77.90778870256959, 12.489996217423705 ], [ 77.907957174414605, 12.489963773382447 ], [ 77.908681049446969, 12.489824363592135 ], [ 77.909536631873024, 12.48995981610723 ], [ 77.909785255899266, 12.489959818738413 ], [ 77.909982792735292, 12.489959819615445 ], [ 77.91055264712061, 12.489972854416694 ], [ 77.911555910782766, 12.489995794682926 ], [ 77.914771166237571, 12.490568465723118 ], [ 77.916450262132358, 12.490867503997977 ], [ 77.91788990939321, 12.490700121962421 ], [ 77.918506362087257, 12.490799404362468 ], [ 77.921381223423026, 12.491034105348893 ], [ 77.922236733085555, 12.490699410672306 ], [ 77.922852947726028, 12.489790893373506 ], [ 77.923166427420853, 12.489141261374726 ], [ 77.923193216080961, 12.489085735674848 ], [ 77.923160812052018, 12.487806701224931 ], [ 77.923701411003464, 12.486534290203233 ], [ 77.924618403160665, 12.484375925587514 ], [ 77.926054362837263, 12.48261926021371 ], [ 77.926931570407149, 12.481546119219205 ], [ 77.92749952934723, 12.481075334197675 ], [ 77.928124646292204, 12.480557165423372 ], [ 77.928164109282633, 12.480524453563952 ], [ 77.929391617592501, 12.477681281982333 ], [ 77.929831580079338, 12.476986113028303 ], [ 77.929850466259836, 12.476956270588079 ], [ 77.930246959270065, 12.476329779404759 ], [ 77.930782734268462, 12.475489287275943 ], [ 77.931759732089986, 12.47395661065503 ], [ 77.933322946211447, 12.470882814235269 ], [ 77.934426363942933, 12.469537358166894 ], [ 77.93450925059588, 12.469436288802084 ], [ 77.934406809415805, 12.468751890773749 ], [ 77.934223795642964, 12.467528970366468 ], [ 77.932206793962479, 12.466877786994026 ], [ 77.930530231316823, 12.466336474658986 ], [ 77.92992359271723, 12.466322135244003 ], [ 77.928442018387145, 12.466287076125393 ], [ 77.925930448328685, 12.463729286168475 ], [ 77.924793860305314, 12.460515954270562 ], [ 77.924462314591835, 12.458043679977933 ], [ 77.923799654356202, 12.456055138586233 ], [ 77.924650008587307, 12.453216475660714 ], [ 77.925504944226361, 12.450142955259425 ], [ 77.92820374385127, 12.445202324957028 ], [ 77.928761665016381, 12.444338698141694 ], [ 77.930428996574193, 12.441757833212165 ], [ 77.931472829052865, 12.441102273606448 ], [ 77.934240764818682, 12.443524957307385 ], [ 77.934931887275795, 12.444129860650239 ], [ 77.93805937822566, 12.444969890389915 ], [ 77.939384491186118, 12.447948211010152 ], [ 77.939680766346584, 12.448552601413134 ], [ 77.940341553594848, 12.449900566363764 ], [ 77.941019998128368, 12.449787980590363 ], [ 77.941923631438968, 12.449638022874799 ], [ 77.94345907144843, 12.449558069426187 ], [ 77.944016132925782, 12.449529058038403 ], [ 77.944227818227546, 12.449513545764784 ], [ 77.945129058426247, 12.449447498416115 ], [ 77.946191268638998, 12.448353470859839 ], [ 77.946963632933773, 12.447498996700261 ], [ 77.946963363439181, 12.446481707420251 ], [ 77.946963312235212, 12.446287666567459 ], [ 77.946709837306415, 12.443901266432515 ], [ 77.946861363331919, 12.443810387297598 ], [ 77.94687015694025, 12.443805112622497 ], [ 77.947546705130179, 12.443399359696315 ], [ 77.950227734282151, 12.442689120369973 ], [ 77.950237886143171, 12.442680837699518 ], [ 77.95128065411825, 12.441830066030972 ], [ 77.951693223378797, 12.441488802343525 ], [ 77.952439335307673, 12.440871638060042 ], [ 77.953391120114148, 12.439025818216523 ], [ 77.953418331880727, 12.438973045926623 ], [ 77.953418349847041, 12.438973026627592 ], [ 77.955581993412821, 12.437162220384414 ], [ 77.956135613444332, 12.436698871813306 ], [ 77.957878128601507, 12.434989872056819 ], [ 77.957929163689442, 12.434889488395896 ], [ 77.958530774418392, 12.433706040614679 ], [ 77.958807560628756, 12.433456864031296 ], [ 77.959836476582154, 12.432530566032586 ], [ 77.960690152783172, 12.432132221428345 ], [ 77.961901014412518, 12.431567193768313 ], [ 77.962653106426274, 12.430759309842426 ], [ 77.963096345068919, 12.430283203302622 ], [ 77.963437957303469, 12.429331757841874 ], [ 77.963748772595167, 12.428466109688125 ], [ 77.963889437988854, 12.427600260389802 ], [ 77.964161781131864, 12.42592385639249 ], [ 77.964171011321397, 12.425867044234311 ], [ 77.964359455410118, 12.425654594199081 ], [ 77.964442222587166, 12.425392372728504 ], [ 77.964680927416026, 12.424289479864957 ], [ 77.964903988982542, 12.423056347221143 ], [ 77.964979371109621, 12.422639661652756 ], [ 77.965091878810725, 12.422337930398724 ], [ 77.965163092754892, 12.422146954295728 ], [ 77.965191060004628, 12.42208213257579 ], [ 77.965627251363884, 12.421071136590143 ], [ 77.965994695552737, 12.419773854191593 ], [ 77.96649564196926, 12.41868437593644 ], [ 77.966810585019644, 12.418265490120092 ], [ 77.966821963081046, 12.418250356727494 ], [ 77.966832091585886, 12.418238005246613 ], [ 77.967281648079933, 12.417689789804333 ], [ 77.967874765237838, 12.417404809259015 ], [ 77.967956662845651, 12.417291275957613 ], [ 77.968256268060898, 12.416875942729511 ], [ 77.968927361680429, 12.415989815406572 ], [ 77.969713346231543, 12.415094649663413 ], [ 77.970370669576056, 12.41419946680443 ], [ 77.970898956218235, 12.412703280042413 ], [ 77.971025258448876, 12.41212293781185 ], [ 77.971027006570395, 12.412114898062226 ], [ 77.971135205951427, 12.411617786806787 ], [ 77.971146866083814, 12.411564216734032 ], [ 77.971170440571811, 12.411319852980062 ], [ 77.971201833097751, 12.410994660400556 ], [ 77.971201632773429, 12.410343878349536 ], [ 77.971109463828668, 12.409787964408569 ], [ 77.970713622995333, 12.408707847581278 ], [ 77.970078719803666, 12.40769556786716 ], [ 77.969851423578888, 12.407305260227421 ], [ 77.969420815249151, 12.406565822787764 ], [ 77.968523828573325, 12.405544689396555 ], [ 77.968206358562028, 12.405165075090435 ], [ 77.96820619506866, 12.40460015819485 ], [ 77.968086202604567, 12.403397891258393 ], [ 77.968127456835674, 12.402437868775454 ], [ 77.968140975582386, 12.402123264401522 ], [ 77.968538003988513, 12.40207273328018 ], [ 77.968959406383249, 12.402019098952067 ], [ 77.969681005084652, 12.401904285902479 ], [ 77.970012416050864, 12.401851545562842 ], [ 77.969906357355157, 12.401146415680273 ], [ 77.969762581095623, 12.400322378144523 ], [ 77.969643772611107, 12.399641428576789 ], [ 77.969523893334738, 12.398523845694163 ], [ 77.969482343557885, 12.398136437168743 ], [ 77.969390233901933, 12.39773420582536 ], [ 77.969349450388009, 12.397647127987353 ], [ 77.969178577346256, 12.397282265660126 ], [ 77.96904230830755, 12.397037217320921 ], [ 77.969042123254582, 12.397036885675222 ], [ 77.968851869060586, 12.396694756048584 ], [ 77.968400962398675, 12.395732253979757 ], [ 77.96840095072055, 12.395732230290642 ], [ 77.968400939940778, 12.39573220572419 ], [ 77.968019039164034, 12.394814837647033 ], [ 77.967834971667386, 12.394295059639271 ], [ 77.967411748387562, 12.393956259580868 ], [ 77.965957248381827, 12.392503313411659 ], [ 77.96523156324416, 12.391778386318339 ], [ 77.964864366091973, 12.39146318298333 ], [ 77.964794640656265, 12.391403329296852 ], [ 77.963778137623493, 12.39023309124342 ], [ 77.963067513639885, 12.38930357119323 ], [ 77.962917929772033, 12.389107904874738 ], [ 77.961193192274266, 12.387386315185259 ], [ 77.960038716997005, 12.386066856173754 ], [ 77.959601724340544, 12.385624098043262 ], [ 77.959406437784295, 12.385424206874411 ], [ 77.959380999292094, 12.385398168015715 ], [ 77.958718689399404, 12.384729410583315 ], [ 77.95759635674132, 12.383342091976782 ], [ 77.956317888801976, 12.382293895757428 ], [ 77.955972834223246, 12.381796772375194 ], [ 77.955843874776022, 12.380942581573484 ], [ 77.955816177919175, 12.380359523190037 ], [ 77.955402227049731, 12.379970954048574 ], [ 77.954822807403261, 12.379618610709255 ], [ 77.954041005408115, 12.379193962316011 ], [ 77.952946566337914, 12.378543326379319 ], [ 77.952394666580162, 12.378077944905352 ], [ 77.95184288629838, 12.377766204047088 ], [ 77.951392154807948, 12.377323416041049 ], [ 77.950205634827839, 12.375958739909448 ], [ 77.949704321898707, 12.375443557231973 ], [ 77.949478883389943, 12.375091117406038 ], [ 77.949690283925761, 12.374548638329284 ], [ 77.949952183255277, 12.373861561829825 ], [ 77.950007216744524, 12.373355345178872 ], [ 77.949846007778561, 12.372229948287648 ], [ 77.949822915685886, 12.371710234975257 ], [ 77.949965246556133, 12.37106383781329 ], [ 77.950387911982162, 12.369924760210898 ], [ 77.950771733356959, 12.368940390398762 ], [ 77.950777614627114, 12.368925304158459 ], [ 77.950796822404527, 12.368876044195234 ], [ 77.950797721618116, 12.368872837940666 ], [ 77.951251553194609, 12.367253303200023 ], [ 77.951214188668672, 12.364866836969744 ], [ 77.950523639336737, 12.361621813710354 ], [ 77.951249905684364, 12.361015971153785 ], [ 77.953207895237213, 12.35880523021252 ], [ 77.953676370251145, 12.357168907000094 ], [ 77.954617183034728, 12.351301944330322 ], [ 77.949830692401278, 12.348668173970903 ], [ 77.949393662015581, 12.347456953093998 ], [ 77.94879076759409, 12.344916957972606 ], [ 77.948316804772119, 12.343253751033023 ], [ 77.947699913700177, 12.339999612121696 ], [ 77.947906664556086, 12.33922218743445 ], [ 77.948080984433602, 12.338028891937896 ], [ 77.948513723567217, 12.336629759978324 ], [ 77.948531143697238, 12.3365734356173 ], [ 77.947225386736193, 12.335886741148412 ], [ 77.943910444336012, 12.3339575092813 ], [ 77.942880603117857, 12.333297877024295 ], [ 77.941786390423104, 12.332882285567951 ], [ 77.940020969124461, 12.332209161211086 ], [ 77.939496856055086, 12.33196070824309 ], [ 77.938255576571919, 12.331572250609112 ], [ 77.936632698145942, 12.330926262407688 ], [ 77.935460396700165, 12.330560374050135 ], [ 77.934802978134215, 12.330352631961064 ], [ 77.934320169601577, 12.329819394216617 ], [ 77.933478776065442, 12.329051186572492 ], [ 77.933106341735183, 12.328703246885615 ], [ 77.932765914378464, 12.327523630075717 ], [ 77.932595796819868, 12.326976745966199 ], [ 77.932002713797942, 12.326782482812114 ], [ 77.930720127981346, 12.326407557220803 ], [ 77.930154639408329, 12.326199769715751 ], [ 77.928913463231396, 12.325901691957096 ], [ 77.927405541314016, 12.325318898795995 ], [ 77.926748181138549, 12.325097479373555 ], [ 77.926090829047908, 12.325084068598571 ], [ 77.925097848400839, 12.325138436601058 ], [ 77.923925657447867, 12.325382665954214 ], [ 77.92329595999324, 12.32543705232461 ], [ 77.922146717402498, 12.325382959075977 ], [ 77.921641023389711, 12.325563836211956 ], [ 77.920730977904626, 12.32635491661177 ], [ 77.919034928105475, 12.327729234812425 ], [ 77.918322448202503, 12.328068299734458 ], [ 77.917623753845888, 12.328077470666001 ], [ 77.916538845900831, 12.328027882689398 ], [ 77.915224063566157, 12.327833702808736 ], [ 77.914654039399267, 12.327860907588791 ], [ 77.914153003151227, 12.327987520926996 ], [ 77.913628931404347, 12.328172893970178 ], [ 77.913017634141724, 12.328444101428323 ], [ 77.912424578967546, 12.328444214638717 ], [ 77.911882127689992, 12.328367443946863 ], [ 77.910760458886884, 12.328001460747116 ], [ 77.910089299690327, 12.327757442702572 ], [ 77.909785894601427, 12.32752240757482 ], [ 77.909312282122386, 12.32675862159719 ], [ 77.908825038607247, 12.326939453903934 ], [ 77.906053212237936, 12.328010907247807 ], [ 77.904825814420818, 12.328413303814578 ], [ 77.904297163960976, 12.328675474386396 ], [ 77.90389272355543, 12.328982833979074 ], [ 77.903469829059006, 12.329489171587769 ], [ 77.903005612059545, 12.330411204297986 ], [ 77.902693052239584, 12.330786417279157 ], [ 77.901952980582621, 12.331007890695531 ], [ 77.90028424675468, 12.331256670152808 ], [ 77.899162544713917, 12.331347104954951 ], [ 77.89851899883088, 12.331360697948316 ], [ 77.897939771423879, 12.331514392011993 ], [ 77.896804312582859, 12.331862501729809 ], [ 77.896225133684879, 12.332151824041492 ], [ 77.895659761892816, 12.332499903074718 ], [ 77.895278157560156, 12.332911226564528 ], [ 77.894777170719465, 12.33352140010701 ], [ 77.894211736045335, 12.333534948230866 ], [ 77.891706342802749, 12.333209616670661 ], [ 77.890078921596384, 12.333078639872888 ], [ 77.888929717633204, 12.333042533417736 ], [ 77.887743703404595, 12.333160034052923 ], [ 77.885909442409115, 12.333327318197572 ], [ 77.884755632783467, 12.333508164401968 ], [ 77.883027125954811, 12.333652756676715 ], [ 77.881762955601531, 12.333783870967896 ], [ 77.880641244577617, 12.334172543841154 ], [ 77.880034425416653, 12.334457328270455 ], [ 77.879703450133405, 12.334949968595231 ], [ 77.879243741778339, 12.335596307561493 ], [ 77.879243745371582, 12.335853937395147 ], [ 77.878756442567607, 12.335872014562954 ], [ 77.878076009164062, 12.335718337973868 ], [ 77.877510663423195, 12.334904718910531 ], [ 77.877023353432662, 12.334330727710981 ], [ 77.875345418161245, 12.333449355809755 ], [ 77.873166464608104, 12.332481995926029 ], [ 77.871493184406461, 12.331677461269356 ], [ 77.870872597665482, 12.331446929936966 ], [ 77.869511867402338, 12.331266011225363 ], [ 77.868339633330208, 12.330823034803595 ], [ 77.867249825075291, 12.330263167434531 ], [ 77.867213427136605, 12.330244467665777 ], [ 77.86714449221833, 12.329869339035552 ], [ 77.86714907182963, 12.329828653724023 ], [ 77.867144483235151, 12.329792439754508 ], [ 77.867144552405435, 12.329245567398704 ], [ 77.867438825221171, 12.328029700201595 ], [ 77.867700955417703, 12.326370949610903 ], [ 77.868068748152893, 12.325232003073202 ], [ 77.868399710859748, 12.324789103339391 ], [ 77.868914647638505, 12.324567617648645 ], [ 77.869466229392629, 12.324789084031936 ], [ 77.87010054778105, 12.324997049932339 ], [ 77.87078554462623, 12.325101039841627 ], [ 77.871341771568694, 12.324997085914426 ], [ 77.871668108850159, 12.324698778609427 ], [ 77.871874990860078, 12.324441165017456 ], [ 77.871612974749581, 12.323975613588171 ], [ 77.871470529793299, 12.323288650914161 ], [ 77.871323412699212, 12.322678427226405 ], [ 77.871231504265893, 12.322081765754232 ], [ 77.87108447430839, 12.321358595272358 ], [ 77.871089078174208, 12.320635422796746 ], [ 77.871222435773078, 12.320210638307669 ], [ 77.871052373011707, 12.319754051370339 ], [ 77.870877667756929, 12.318990263832454 ], [ 77.870919051345453, 12.318456856419026 ], [ 77.870905297240114, 12.317756278573581 ], [ 77.870988115621131, 12.317128072385 ], [ 77.871319105277436, 12.316621837291981 ], [ 77.871764978678812, 12.315989093613789 ], [ 77.871829385189727, 12.315392511714158 ], [ 77.871820167576615, 12.314755169719355 ], [ 77.871792665654183, 12.314099756285851 ], [ 77.871925998100238, 12.31346697668706 ], [ 77.872224756204176, 12.312856807390133 ], [ 77.872597116872583, 12.311726914006968 ], [ 77.872928166716022, 12.31060598982967 ], [ 77.873139188162796, 12.309767449753032 ], [ 77.873153368069538, 12.309711102069635 ], [ 77.873374064371916, 12.308816149823041 ], [ 77.873677493715334, 12.307650007982447 ], [ 77.874137218240094, 12.30650200334791 ], [ 77.874298076863084, 12.305475968840204 ], [ 77.874891060172018, 12.303817278432298 ], [ 77.875006030155333, 12.303247763864581 ], [ 77.874688849401551, 12.302140368162613 ], [ 77.874858993909626, 12.300377652643689 ], [ 77.874914181909105, 12.299261251079821 ], [ 77.874753298133299, 12.298004760996376 ], [ 77.874702819102538, 12.297313173326678 ], [ 77.874491414075152, 12.296169693750274 ], [ 77.874376539313246, 12.295184323627305 ], [ 77.874201840346686, 12.294678105922621 ], [ 77.87393989610139, 12.294031722354676 ], [ 77.873636565572681, 12.293525492775798 ], [ 77.873002263353953, 12.292476932702259 ], [ 77.872924174602929, 12.29169947518217 ], [ 77.872979346432714, 12.291170658141692 ], [ 77.873268944415713, 12.290483690402661 ], [ 77.873700961303811, 12.289520921584035 ], [ 77.873756135828572, 12.28893789759031 ], [ 77.873714801647395, 12.28829155257673 ], [ 77.873452861893711, 12.287179610386332 ], [ 77.872896743647388, 12.286198820861715 ], [ 77.872607216631309, 12.285692626237273 ], [ 77.872321716762656, 12.285313724615039 ], [ 77.872225724588063, 12.285186328820586 ], [ 77.871871901553831, 12.284775037651432 ], [ 77.871504207633308, 12.284345651958704 ], [ 77.87117323055341, 12.283852935114234 ], [ 77.870856128851358, 12.283360243679663 ], [ 77.87064936182577, 12.282754631994546 ], [ 77.870552847729996, 12.282130876606262 ], [ 77.870410439604626, 12.28153426787495 ], [ 77.870240350792102, 12.280987300301545 ], [ 77.869937041822908, 12.280476566409893 ], [ 77.869753263583789, 12.279333013639283 ], [ 77.869578631990876, 12.278180474581026 ], [ 77.869725781424293, 12.276553354918118 ], [ 77.869790201409941, 12.274917151602057 ], [ 77.869739645124099, 12.274334119833581 ], [ 77.869316897951364, 12.273854954763264 ], [ 77.868820562587203, 12.272964525721431 ], [ 77.868636690024999, 12.272395050563063 ], [ 77.868356475843456, 12.271251534673414 ], [ 77.868067000031346, 12.269606293984911 ], [ 77.867805027938303, 12.26848980135596 ], [ 77.867747075822692, 12.266328840047349 ], [ 77.867746984194554, 12.266325405187423 ], [ 77.867731695766722, 12.265755273999655 ], [ 77.866311665915049, 12.263540488017863 ], [ 77.866012630231694, 12.26282272101003 ], [ 77.866011724729887, 12.262820548408076 ], [ 77.865581066992789, 12.261786758294733 ], [ 77.862814730228152, 12.257022600101745 ], [ 77.862200899716441, 12.255375064577926 ], [ 77.86212091462184, 12.255160376388492 ], [ 77.861684317224103, 12.254477936582141 ], [ 77.861096352802647, 12.254452443911591 ], [ 77.860847986592873, 12.254441673608675 ], [ 77.860569099223056, 12.254715911947486 ], [ 77.860301020382707, 12.254979507007839 ], [ 77.860140475271749, 12.255501349394502 ], [ 77.859970067557285, 12.256055205629883 ], [ 77.859533418057254, 12.256913954425793 ], [ 77.859485988806895, 12.256974060907922 ], [ 77.858260175617943, 12.258527435331072 ], [ 77.856876802419734, 12.259422237347092 ], [ 77.856040928132728, 12.260207343881742 ], [ 77.855235967569527, 12.260963363977263 ], [ 77.854569020573365, 12.261406095598669 ], [ 77.853779009773177, 12.261930471829269 ], [ 77.852408424093042, 12.262355768311684 ], [ 77.852395704846941, 12.262359712359215 ], [ 77.850465362743606, 12.262716548785388 ], [ 77.848824572809164, 12.262969418562584 ], [ 77.847553741448081, 12.26288507336122 ], [ 77.847188504419876, 12.262860821861423 ], [ 77.84669716728196, 12.262687434150589 ], [ 77.845253797402563, 12.262178068411403 ], [ 77.844400911718992, 12.261515720830213 ], [ 77.844380675370573, 12.261500003403336 ], [ 77.843434161878235, 12.260243340958535 ], [ 77.842561152135644, 12.258882741615681 ], [ 77.841288359752298, 12.257128777252751 ], [ 77.839689393580883, 12.255370327732994 ], [ 77.839444034930693, 12.254967606939765 ], [ 77.838885295400374, 12.254050410827819 ], [ 77.837276938240976, 12.251401459095836 ], [ 77.837240007601324, 12.251340630623202 ], [ 77.836689223551161, 12.250466519568668 ], [ 77.836652394421137, 12.250414691581881 ], [ 77.835931131689648, 12.249399720765844 ], [ 77.835756590826563, 12.249177120789824 ], [ 77.835434954428962, 12.24876685143246 ], [ 77.834382826906975, 12.247356505434963 ], [ 77.833819461951265, 12.246796374344243 ], [ 77.833550320403916, 12.246528760106679 ], [ 77.83351436623299, 12.246493009596676 ], [ 77.831993401676016, 12.245362791825647 ], [ 77.829663075709263, 12.243820378390188 ], [ 77.829452411791976, 12.24368093817974 ], [ 77.829419975423704, 12.243655617409098 ], [ 77.828473726036009, 12.242916922822806 ], [ 77.828049958377136, 12.242827748107487 ], [ 77.827334180758754, 12.242677093257402 ], [ 77.825882189747588, 12.24174572568554 ], [ 77.825882164594773, 12.241745709883538 ], [ 77.825882143035201, 12.241745689692106 ], [ 77.823906550096041, 12.239824420676147 ], [ 77.822789995401877, 12.239245634089572 ], [ 77.819697492933997, 12.238200869153545 ], [ 77.819417384753692, 12.238085117020315 ], [ 77.818493643553751, 12.237703354359798 ], [ 77.81757935173232, 12.236799186077274 ], [ 77.81613676967541, 12.235438378082424 ], [ 77.81516174455426, 12.234792628798784 ], [ 77.814942137908318, 12.234647172754199 ], [ 77.81485375626076, 12.234555465101721 ], [ 77.81451955243233, 12.234208639203771 ], [ 77.813481462883274, 12.23234617642513 ], [ 77.812503157114691, 12.230682614889846 ], [ 77.811927947871979, 12.22977916443439 ], [ 77.811547650588025, 12.229181783217655 ], [ 77.811183295705391, 12.228610342686576 ], [ 77.811129683350913, 12.228526258665633 ], [ 77.810884535804846, 12.227709852571602 ], [ 77.810601695847737, 12.226767905754054 ], [ 77.810480608337343, 12.22470744635425 ], [ 77.810478181987747, 12.22466616885634 ], [ 77.810093894387322, 12.218279452861514 ], [ 77.810066530805443, 12.217646730241304 ], [ 77.809713887259193, 12.213144786725879 ], [ 77.809484354229369, 12.212539057804971 ], [ 77.809366193430165, 12.207531072718281 ], [ 77.809339305955376, 12.205058631102432 ], [ 77.809308190110571, 12.201275540593747 ], [ 77.809221118206722, 12.200470957352003 ], [ 77.808932015195481, 12.198943132259382 ], [ 77.808023295623727, 12.195458105420729 ], [ 77.806186928078887, 12.190119681241702 ], [ 77.805365305563839, 12.187154328390093 ], [ 77.805044679770944, 12.18391354211942 ], [ 77.804287214933481, 12.181468106276157 ], [ 77.803290913214809, 12.179397718902251 ], [ 77.803732026443498, 12.179022632095963 ], [ 77.803759842776259, 12.178258795420151 ], [ 77.803438363583851, 12.177684681860425 ], [ 77.803498580352283, 12.176215704420359 ], [ 77.803264411117269, 12.175641669863284 ], [ 77.802621224560369, 12.175555561674926 ], [ 77.802037851428338, 12.175148664302386 ], [ 77.801422288066419, 12.174976723304724 ], [ 77.799814827425664, 12.173104956644783 ], [ 77.798266817290397, 12.172299994672651 ], [ 77.796373846001217, 12.172959313933433 ], [ 77.795088663155141, 12.169216454666548 ], [ 77.794767140843604, 12.16878692956619 ], [ 77.795176401608941, 12.167598386362116 ], [ 77.795263874161407, 12.167051530833126 ], [ 77.794768171211246, 12.165668232801847 ], [ 77.794589587929366, 12.163855696582399 ], [ 77.794825308554863, 12.159367577355148 ], [ 77.795092359722531, 12.157550664421157 ], [ 77.794913985748138, 12.155218358428886 ], [ 77.794538489061068, 12.151466713393406 ], [ 77.794332860200953, 12.148271050166816 ], [ 77.793924110577024, 12.147696889403957 ], [ 77.790676137581215, 12.148098103811783 ], [ 77.781302458339951, 12.154255542366288 ], [ 77.776835902694941, 12.157404204393 ], [ 77.776192062164526, 12.159216400838485 ], [ 77.774963589064001, 12.163762932606719 ], [ 77.77470076267312, 12.16623071591161 ], [ 77.772447271409291, 12.171961040402064 ], [ 77.764468043390281, 12.169837951852484 ], [ 77.761849411217938, 12.169579155273123 ], [ 77.761027184136694, 12.169316656249114 ], [ 77.760241787982096, 12.168769424903784 ], [ 77.759451960438199, 12.167991638567331 ], [ 77.758542989338181, 12.166612748414076 ], [ 77.756421403097377, 12.164582286891434 ], [ 77.755718536964579, 12.164496118039096 ], [ 77.755075845379409, 12.163546683421988 ], [ 77.754639659410032, 12.163058289414471 ], [ 77.753174881779117, 12.161502767976089 ], [ 77.751976466308022, 12.160205024729947 ], [ 77.750166958390182, 12.15893857465381 ], [ 77.748898345867872, 12.158456518680477 ], [ 77.748575854274137, 12.15828180505175 ], [ 77.748019711773296, 12.157676361852294 ], [ 77.747233631102461, 12.156456341846196 ], [ 77.746718808409767, 12.155850825115586 ], [ 77.746717237256348, 12.155849341880272 ], [ 77.747120831448854, 12.154918768605759 ], [ 77.747359176951605, 12.15382037625351 ], [ 77.747464478367547, 12.152893738925187 ], [ 77.747514559444625, 12.151908345931549 ], [ 77.747381022182694, 12.151094813635169 ], [ 77.747123229950674, 12.150014722845311 ], [ 77.746925339178418, 12.149106260580425 ], [ 77.746617003236921, 12.147895064069708 ], [ 77.746529469599011, 12.147379831586898 ], [ 77.746615996225515, 12.14557639368109 ], [ 77.746785511014551, 12.144527704646961 ], [ 77.746900177367309, 12.144170541254921 ], [ 77.74692769635773, 12.144075609134058 ], [ 77.747230508558559, 12.143126377398133 ], [ 77.747735351866751, 12.142113680425952 ], [ 77.748038334747449, 12.141525949288383 ], [ 77.748478952106097, 12.140838701890265 ], [ 77.748896912156667, 12.140247585015878 ], [ 77.74934779725902, 12.139248813704407 ], [ 77.74980753975008, 12.138462531997547 ], [ 77.75088708385455, 12.137025887082425 ], [ 77.750924587619352, 12.136975977817931 ], [ 77.750925119421993, 12.136975223413261 ], [ 77.751471538558192, 12.136198835378552 ], [ 77.753231976901944, 12.133966811029806 ], [ 77.754109716274471, 12.133226016660716 ], [ 77.755405731904546, 12.131875101392525 ], [ 77.75608575657462, 12.131378264576375 ], [ 77.757211628594959, 12.130438621205315 ], [ 77.758346587074342, 12.129770110984555 ], [ 77.75884278499629, 12.129499211652416 ], [ 77.761135598215077, 12.128117099965628 ], [ 77.762771255175963, 12.127213756218559 ], [ 77.76585410075451, 12.125737106818557 ], [ 77.767452906127545, 12.125032616805003 ], [ 77.768188026270593, 12.124671325731221 ], [ 77.771932663413935, 12.122123630281266 ], [ 77.773798210934132, 12.120519785102278 ], [ 77.774680587410188, 12.11948956372029 ], [ 77.775562872258064, 12.11844127969704 ], [ 77.776169616858851, 12.117316020808582 ], [ 77.776560566365404, 12.115942160031333 ], [ 77.776722010689966, 12.114179436958782 ], [ 77.776706079966715, 12.113714601876261 ], [ 77.776703905145411, 12.113651135883773 ], [ 77.77670388897576, 12.11365064490694 ], [ 77.776453414420033, 12.112550499723589 ], [ 77.776392045113056, 12.112280954837138 ], [ 77.775896410434839, 12.111299940303276 ], [ 77.775414406792748, 12.110567543868694 ], [ 77.77473487709436, 12.109884808567465 ], [ 77.774193042959396, 12.109387424003375 ], [ 77.772595732383024, 12.108293474563482 ], [ 77.772595028103822, 12.108292993238436 ], [ 77.771419395704996, 12.107894716673869 ], [ 77.769729332278914, 12.107333643961002 ], [ 77.768196578232136, 12.106926556267391 ], [ 77.768195362811525, 12.106926233040175 ], [ 77.767754542433636, 12.106636729322883 ], [ 77.767258924823395, 12.105750693431503 ], [ 77.766575153280257, 12.104168437075275 ], [ 77.766065691733175, 12.10339081083886 ], [ 77.764927239705628, 12.101903309366426 ], [ 77.764266268302734, 12.100872478601673 ], [ 77.763734204244784, 12.099109492694916 ], [ 77.762890339443302, 12.096428781696128 ], [ 77.761793878265365, 12.093472361173243 ], [ 77.761133074847436, 12.092134198252486 ], [ 77.759903207561621, 12.089869144250727 ], [ 77.759600451056357, 12.089136845438103 ], [ 77.758994790722141, 12.08774438726212 ], [ 77.758701524917839, 12.086306990671027 ], [ 77.758169416842435, 12.084747398115045 ], [ 77.757577655242315, 12.083246467413995 ], [ 77.756586515243256, 12.081221115124888 ], [ 77.755838543801687, 12.079986890126147 ], [ 77.75568705370884, 12.079733695018014 ], [ 77.754516513859301, 12.078512790674742 ], [ 77.753396292242158, 12.077680633282112 ], [ 77.752161156337195, 12.076988501738363 ], [ 77.750843523648101, 12.076196923344879 ], [ 77.749668117624736, 12.075455062219033 ], [ 77.748899048350395, 12.074828206219857 ], [ 77.748898379105526, 12.074827660708445 ], [ 77.748483819178318, 12.074758111947888 ], [ 77.748481999191554, 12.074757807129023 ], [ 77.747857148147915, 12.074161473618117 ], [ 77.747135851280433, 12.073556125939763 ], [ 77.746161905934215, 12.072742931117652 ], [ 77.745082259421793, 12.071875519415237 ], [ 77.744847975202418, 12.071672205610527 ], [ 77.744370127166832, 12.071193294109591 ], [ 77.743818835568533, 12.070768657012621 ], [ 77.743547823728775, 12.070578937325553 ], [ 77.742707139861707, 12.07002333291352 ], [ 77.742247805205807, 12.069743333693875 ], [ 77.741278560743496, 12.06915156491328 ], [ 77.740185311042694, 12.068654796833075 ], [ 77.739147169391359, 12.068103819684797 ], [ 77.737782914139046, 12.067272673572873 ], [ 77.737249623880729, 12.066967208263666 ], [ 77.737242385256181, 12.066963061903913 ], [ 77.737240295774811, 12.066961865433147 ], [ 77.736781488429983, 12.066699059883776 ], [ 77.735738763574034, 12.066188706133421 ], [ 77.734806394055823, 12.065746089366575 ], [ 77.733933633146592, 12.065344136311296 ], [ 77.733001208831112, 12.064838220662311 ], [ 77.732018239009591, 12.064400203993227 ], [ 77.73117772402577, 12.064029804646228 ], [ 77.730162602601908, 12.063600834970256 ], [ 77.729317534956238, 12.063307364608507 ], [ 77.728899531786553, 12.063122148870661 ], [ 77.728490765094605, 12.062882728194149 ], [ 77.728164529322783, 12.062589095405963 ], [ 77.727535227126893, 12.062037856300574 ], [ 77.72663937232835, 12.061134162777563 ], [ 77.725996100431487, 12.060289192254732 ], [ 77.724967005713367, 12.058870308391858 ], [ 77.724282348431359, 12.057848991186969 ], [ 77.72375394680482, 12.056909068308599 ], [ 77.723000330350033, 12.055697970371721 ], [ 77.722081483171792, 12.0544507471526 ], [ 77.720767443743838, 12.052399158288468 ], [ 77.720358491998979, 12.051789124665518 ], [ 77.719604939324583, 12.050388173887688 ], [ 77.719067332661311, 12.049375887245267 ], [ 77.718538757659928, 12.048060773637829 ], [ 77.71823617003794, 12.047558463383384 ], [ 77.718097719889727, 12.047328627640097 ], [ 77.717716298813329, 12.046619190594972 ], [ 77.716365591053844, 12.044535883701451 ], [ 77.715713212934943, 12.04362306116189 ], [ 77.714890887937315, 12.042443645156858 ], [ 77.713990446340944, 12.041363638059252 ], [ 77.713012041757665, 12.040351443026653 ], [ 77.711914207953981, 12.039185671581981 ], [ 77.710412231087147, 12.037708026895226 ], [ 77.709387878575399, 12.036560304653833 ], [ 77.70890554255665, 12.036018063971495 ], [ 77.708409353617881, 12.035204599860927 ], [ 77.707890097739252, 12.033912045424326 ], [ 77.707324927169836, 12.032551685741456 ], [ 77.70725920911859, 12.032430680828764 ], [ 77.706608232371551, 12.031232051163675 ], [ 77.706029383155268, 12.030377996843981 ], [ 77.705151988735807, 12.028995122973638 ], [ 77.704168895845058, 12.027273299221783 ], [ 77.703815193185108, 12.026758128729675 ], [ 77.703061814783879, 12.025519877839129 ], [ 77.702437066148178, 12.024516593698898 ], [ 77.702051145410522, 12.023816122361602 ], [ 77.701251862199953, 12.022455812643873 ], [ 77.700636270091962, 12.021565514842271 ], [ 77.699763595421004, 12.02026396632251 ], [ 77.698955156581036, 12.019369211049435 ], [ 77.698629087895839, 12.018926339634328 ], [ 77.697705861430578, 12.017683643746304 ], [ 77.696865296141127, 12.016522166301106 ], [ 77.696369187152428, 12.015767477407792 ], [ 77.695845519647449, 12.014646670841248 ], [ 77.695372290749035, 12.013625252318885 ], [ 77.695165595588691, 12.013146212698908 ], [ 77.694811827351685, 12.012292000801851 ], [ 77.694003225018363, 12.010249229883046 ], [ 77.693988151287897, 12.010213201653878 ], [ 77.693222247676687, 12.008382661824772 ], [ 77.692776613227139, 12.00729797440065 ], [ 77.692372349789721, 12.006317218955372 ], [ 77.691889956278771, 12.005155667881962 ], [ 77.691357109788228, 12.003808895605165 ], [ 77.691007922959187, 12.00281459497443 ], [ 77.690576201616793, 12.002118549311838 ], [ 77.690154438997652, 12.00134169927753 ], [ 77.689795235054859, 12.000036825603264 ], [ 77.688086448941633, 11.996222334673321 ], [ 77.686905871317165, 11.993560295027867 ], [ 77.685385549953907, 11.990383070758798 ], [ 77.684471922885763, 11.988415223295876 ], [ 77.684474612441704, 11.988415175844837 ], [ 77.684500020391212, 11.988414737362222 ], [ 77.683816925279487, 11.98694334120893 ], [ 77.682393106333961, 11.983463310156099 ], [ 77.681125500823043, 11.980611495038417 ], [ 77.679912978208733, 11.977949491202626 ], [ 77.678544463145343, 11.974943989295449 ], [ 77.678020935777553, 11.973927072598844 ], [ 77.675926776000694, 11.96890582295261 ], [ 77.674741893649369, 11.96593639432548 ], [ 77.674199956208113, 11.964011002941824 ], [ 77.674020648884152, 11.962533032197783 ], [ 77.674112259076821, 11.960833584830743 ], [ 77.674373552043505, 11.958456073083417 ], [ 77.674447624426875, 11.956153865644506 ], [ 77.674450917650745, 11.956051478693253 ], [ 77.67445106497442, 11.956046928122122 ], [ 77.674451211399827, 11.956042379308554 ], [ 77.674452010002099, 11.956011103576897 ], [ 77.674505389692939, 11.953923072080972 ], [ 77.674505980784389, 11.953899976299965 ], [ 77.675062350558974, 11.952997304103381 ], [ 77.67566988657552, 11.95201160743024 ], [ 77.67568120714472, 11.952015358323845 ], [ 77.675980242828075, 11.952038448113781 ], [ 77.676089740274705, 11.952046905200346 ], [ 77.676204168573904, 11.952027215647059 ], [ 77.677140950616803, 11.951865996609701 ], [ 77.677999704994122, 11.951558376411278 ], [ 77.678049769901506, 11.951540441871106 ], [ 77.678150771082173, 11.951473553153182 ], [ 77.679142156321305, 11.950816980319205 ], [ 77.680243528588903, 11.949897823837102 ], [ 77.680246809236294, 11.949895085346952 ], [ 77.681276477977903, 11.949035758777496 ], [ 77.68258268589318, 11.947762417093552 ], [ 77.683943001134665, 11.946436305359226 ], [ 77.686972251426752, 11.944266130617956 ], [ 77.688811217797692, 11.943032896602473 ], [ 77.690221790186058, 11.942086923885144 ], [ 77.691327938796022, 11.941838038285162 ], [ 77.693063102140925, 11.941697575714239 ], [ 77.694183613015639, 11.941825631219444 ], [ 77.694247438316552, 11.941832924995692 ], [ 77.697139470948997, 11.942537356609822 ], [ 77.700224430263418, 11.943458716791651 ], [ 77.700502176772858, 11.943492006582868 ], [ 77.701165462235949, 11.943571504640781 ], [ 77.701844295739946, 11.943509525072381 ], [ 77.702257945673765, 11.943471756568064 ], [ 77.703465521265798, 11.943320727320371 ], [ 77.704539272135037, 11.943186417606293 ], [ 77.706237579400465, 11.942620968945626 ], [ 77.707480456986531, 11.942029400744422 ], [ 77.708812412414517, 11.941395421995578 ], [ 77.709566489705011, 11.941350993076803 ], [ 77.70959278339339, 11.941349443618995 ], [ 77.720063110662181, 11.94073213119446 ], [ 77.726337870769527, 11.940088318261134 ], [ 77.732576387448418, 11.940854531580811 ], [ 77.73444471255948, 11.941007520340916 ], [ 77.736748831076142, 11.940554648822211 ], [ 77.738364363079725, 11.939772083956857 ], [ 77.738364391825812, 11.939772061105959 ], [ 77.73861595424134, 11.939547180028997 ], [ 77.738931368008977, 11.939265219752196 ], [ 77.738980186054775, 11.939221578841787 ], [ 77.739006739356242, 11.939197842859217 ], [ 77.739006777983832, 11.939197807703948 ], [ 77.739061059583165, 11.937312982825317 ], [ 77.739015417081902, 11.936887673280312 ], [ 77.738895196445753, 11.9357672046891 ], [ 77.738963622917552, 11.934601094714496 ], [ 77.73944507499408, 11.933407592277721 ], [ 77.739445086672163, 11.933407564152891 ], [ 77.739886067848516, 11.932503279429241 ], [ 77.740128518652128, 11.93200610387464 ], [ 77.740683629887016, 11.93132338468212 ], [ 77.741068349577105, 11.930957020349902 ], [ 77.741229662747614, 11.930803427379201 ], [ 77.741853753816514, 11.930360243749918 ], [ 77.742378496604928, 11.930044790875243 ], [ 77.742877048112888, 11.929745081607937 ], [ 77.742877078655582, 11.92974506402966 ], [ 77.743404819122077, 11.92941489741337 ], [ 77.744120624588234, 11.928709545746765 ], [ 77.744840920732514, 11.927904732881936 ], [ 77.745162081921308, 11.927524876896802 ], [ 77.74516210258254, 11.927524859318398 ], [ 77.745232348142835, 11.927479705653461 ], [ 77.745478695838131, 11.927321371570629 ], [ 77.745711432260279, 11.927304352141011 ], [ 77.745914774009663, 11.927289505403651 ], [ 77.746630875919848, 11.927619166591445 ], [ 77.74715269379368, 11.928022965074637 ], [ 77.747448220657546, 11.928251651758973 ], [ 77.747448252996904, 11.928251670216229 ], [ 77.747655637165053, 11.928355456365201 ], [ 77.748233317673154, 11.928644562157597 ], [ 77.748618957238094, 11.928784555998892 ], [ 77.74890497633298, 11.928784435587341 ], [ 77.749558629161257, 11.928614853008289 ], [ 77.750187376198284, 11.928451754097559 ], [ 77.750628252271738, 11.928076864769228 ], [ 77.750697298581102, 11.927484726048062 ], [ 77.75066116744209, 11.926323157892655 ], [ 77.750661169238697, 11.92632312361461 ], [ 77.750681000446903, 11.925974425083695 ], [ 77.750702843881356, 11.925590855566716 ], [ 77.750888390004974, 11.924717209755364 ], [ 77.750923621930426, 11.924551341629117 ], [ 77.751006950554483, 11.924392554066781 ], [ 77.751438215552724, 11.923570806292 ], [ 77.753440281843282, 11.921867757815026 ], [ 77.754133455154175, 11.921445098662279 ], [ 77.755775110166212, 11.920472561032637 ], [ 77.756318918798215, 11.920155984796086 ], [ 77.756318952035869, 11.920155947880419 ], [ 77.75787110699784, 11.918705757887928 ], [ 77.758245491570591, 11.918129411923003 ], [ 77.758546270883926, 11.917666434678027 ], [ 77.759772664384556, 11.9155199988941 ], [ 77.760215188866553, 11.914725590738673 ], [ 77.760507744103435, 11.914200465846164 ], [ 77.760562364367644, 11.913468240682784 ], [ 77.760595429556616, 11.913025253757921 ], [ 77.760595418776845, 11.913025208051632 ], [ 77.760462760965567, 11.912026349369434 ], [ 77.760619952665579, 11.911735399372009 ], [ 77.760733796161531, 11.911524728251827 ], [ 77.76137681203852, 11.910539622655234 ], [ 77.761920952148841, 11.910097548605771 ], [ 77.761982891885992, 11.910047230688473 ], [ 77.762252322690856, 11.909992155736958 ], [ 77.762666773023597, 11.909907439895505 ], [ 77.762816668606831, 11.909944184669829 ], [ 77.763424007892326, 11.910093080766073 ], [ 77.764961406229133, 11.910486914884986 ], [ 77.766304921178175, 11.910435310219205 ], [ 77.766939659079839, 11.91041092830767 ], [ 77.766939694114157, 11.910410932702561 ], [ 77.768539299886072, 11.910766937926846 ], [ 77.77163925926908, 11.911456845212614 ], [ 77.77244910756572, 11.911499550968106 ], [ 77.773626564442907, 11.911561638933104 ], [ 77.780437922405454, 11.911342681600868 ], [ 77.786304164654197, 11.91030666065002 ], [ 77.78636377955138, 11.910296133151373 ], [ 77.786392490606175, 11.910291362068113 ], [ 77.790874180168757, 11.909546600919965 ], [ 77.79199053364033, 11.909361063395504 ], [ 77.796163532426888, 11.908667480160192 ], [ 77.799721010970643, 11.90837711108856 ], [ 77.801900859245848, 11.908199158389358 ], [ 77.803731735389334, 11.908490674722838 ], [ 77.807417539169762, 11.909077518588676 ], [ 77.807919342579055, 11.908961237391715 ], [ 77.808153446237043, 11.908907012194426 ], [ 77.808216256441682, 11.908892463304356 ], [ 77.808328836906355, 11.908830333417141 ], [ 77.810635884829125, 11.907557108849325 ], [ 77.81127797813636, 11.907202755428989 ], [ 77.816414076010389, 11.906846892325131 ], [ 77.817666162226431, 11.906481201662638 ], [ 77.820017227598129, 11.905794561256615 ], [ 77.823409314619994, 11.904543234049624 ], [ 77.823409345162702, 11.904543224380687 ], [ 77.829500213843176, 11.902722906896566 ], [ 77.83213727405527, 11.902126944598285 ], [ 77.833216934042426, 11.901882957951324 ], [ 77.833422169440453, 11.901836577328298 ], [ 77.834636338666655, 11.901562187413896 ], [ 77.835530405817792, 11.901133052670533 ], [ 77.836105102122488, 11.900857240692053 ], [ 77.836840908578466, 11.900235200266486 ], [ 77.837339879599668, 11.89981338822046 ], [ 77.838538004914895, 11.898380733219877 ], [ 77.839060157860345, 11.89801190011281 ], [ 77.839804830688124, 11.897485936862154 ], [ 77.842078263652994, 11.897216112574837 ], [ 77.843113989734533, 11.897093190589361 ], [ 77.84420420582461, 11.896784962411614 ], [ 77.845271204956163, 11.896483301050132 ], [ 77.846119910778697, 11.89593345443396 ], [ 77.846680287937772, 11.895570411654383 ], [ 77.847700550420029, 11.894344193411323 ], [ 77.847740683553653, 11.894295957632378 ], [ 77.847740715893011, 11.894295919834196 ], [ 77.848959556358722, 11.896095646384104 ], [ 77.849681624879054, 11.897161777794157 ], [ 77.850547390607133, 11.898107716356401 ], [ 77.851026228586193, 11.898630879623884 ], [ 77.851026254637347, 11.898630911268393 ], [ 77.851270806600411, 11.898947922209674 ], [ 77.851374993207031, 11.899082976367152 ], [ 77.85053033339652, 11.900294240645273 ], [ 77.850369374162227, 11.900721988760253 ], [ 77.850149376749158, 11.901306677379177 ], [ 77.849956641408312, 11.90241334462311 ], [ 77.84975893299405, 11.903548558979553 ], [ 77.849926053772904, 11.904402492868027 ], [ 77.850006597619583, 11.904814148049439 ], [ 77.850052364986681, 11.904899672395141 ], [ 77.85005255812446, 11.904900033661562 ], [ 77.850052576090761, 11.904900057394403 ], [ 77.850759184605039, 11.905627808732433 ], [ 77.850759216046072, 11.905627818401332 ], [ 77.852774059074946, 11.906568224158828 ], [ 77.856638443442264, 11.907730205579314 ], [ 77.856638475781622, 11.907730216127115 ], [ 77.857277878634548, 11.907940170302121 ], [ 77.858772695030254, 11.908431015563078 ], [ 77.859419794648545, 11.908932752266102 ], [ 77.859984310346121, 11.909710264946765 ], [ 77.860213514592544, 11.910812552317788 ], [ 77.860411011004388, 11.911762336334871 ], [ 77.861209485731194, 11.912847179290267 ], [ 77.861476298845332, 11.913019566838507 ], [ 77.862076997784243, 11.9134076966183 ], [ 77.862962751027425, 11.913742269624727 ], [ 77.862962786061715, 11.913742283688173 ], [ 77.863853222222488, 11.914198821305176 ], [ 77.864778598356196, 11.914689671956603 ], [ 77.864927139280013, 11.914768465619778 ], [ 77.864927182399143, 11.914768490230708 ], [ 77.865868244016085, 11.91530726339578 ], [ 77.86591397006066, 11.915333440582943 ], [ 77.865914002400004, 11.91533345640423 ], [ 77.867088965553975, 11.915744877918611 ], [ 77.867229585133614, 11.915734276798252 ], [ 77.868107890444747, 11.91566806043838 ], [ 77.86852020458376, 11.915483745333587 ], [ 77.868856069397154, 11.915333604069522 ], [ 77.868856111617944, 11.915333580337597 ], [ 77.869576690731549, 11.914786729566437 ], [ 77.869576718579324, 11.914786704955484 ], [ 77.869964195199017, 11.914361840006681 ], [ 77.870182595407499, 11.914122364641726 ], [ 77.870182630441832, 11.914122325088359 ], [ 77.87061118162957, 11.913598526267325 ], [ 77.871761627962798, 11.912192376331843 ], [ 77.872157931428504, 11.911774834430773 ], [ 77.872417969448719, 11.911500862394895 ], [ 77.872417991906616, 11.911500842178514 ], [ 77.872507221563779, 11.911450194027491 ], [ 77.873078954326388, 11.911125673655558 ], [ 77.873937184087552, 11.910949398081566 ], [ 77.876047155111721, 11.911095436083359 ], [ 77.878118608173153, 11.911238800170135 ], [ 77.879208859297506, 11.911462605998439 ], [ 77.88159766738589, 11.911952993982769 ], [ 77.88212045364358, 11.912102327584105 ], [ 77.882657847406108, 11.912255866974521 ], [ 77.883126979986827, 11.912207028763698 ], [ 77.883222425087439, 11.912197092885576 ], [ 77.88324027640877, 11.912187485741963 ], [ 77.883605573624109, 11.911990886416191 ], [ 77.884062341793253, 11.91174507597036 ], [ 77.885214390720975, 11.910045537778602 ], [ 77.885552845377276, 11.909405674228317 ], [ 77.885957985570428, 11.908639827399389 ], [ 77.886944653756004, 11.907907552086716 ], [ 77.887784664784917, 11.907699642404856 ], [ 77.888075367695691, 11.907767529898866 ], [ 77.888771419208794, 11.907930128789888 ], [ 77.89024476766582, 11.908476955569602 ], [ 77.89141058417357, 11.90894253268403 ], [ 77.891410613817968, 11.908942543231779 ], [ 77.891780308286627, 11.90890206089572 ], [ 77.892030195344148, 11.908874695585526 ], [ 77.892030222293599, 11.908874693827569 ], [ 77.892667818634493, 11.908246736859237 ], [ 77.892686494609237, 11.908228344141309 ], [ 77.892686531440191, 11.908228313376924 ], [ 77.893127125442646, 11.907907359589203 ], [ 77.893488871617649, 11.907777218065354 ], [ 77.893893603975656, 11.907631630078015 ], [ 77.894290243411277, 11.907648829174953 ], [ 77.894451484716555, 11.907655832047086 ], [ 77.894517837876691, 11.907658714238284 ], [ 77.894949207079492, 11.907627073420283 ], [ 77.895458748576658, 11.907319667611436 ], [ 77.895859349582665, 11.90662679905625 ], [ 77.896041541397011, 11.9063116992027 ], [ 77.896501309939197, 11.905606272563817 ], [ 77.896616266447793, 11.905429894082674 ], [ 77.897193434916161, 11.904544332793243 ], [ 77.898056312560627, 11.903694511301339 ], [ 77.898457288164124, 11.903312765878205 ], [ 77.898877723971594, 11.902912494112156 ], [ 77.898877747327788, 11.902912477411141 ], [ 77.899508022399132, 11.902577750428197 ], [ 77.900222494765401, 11.902198306423097 ], [ 77.901838018684145, 11.901904346742374 ], [ 77.90281540008634, 11.902004480156542 ], [ 77.903072716211256, 11.902030847611114 ], [ 77.903072761127007, 11.90203085728014 ], [ 77.903097709139104, 11.902014578143886 ], [ 77.903963353594648, 11.901449729309562 ], [ 77.904132818976365, 11.90133914959295 ], [ 77.90508279996574, 11.900285963899911 ], [ 77.906129334576775, 11.900991058897166 ], [ 77.906432191693355, 11.901108538952499 ], [ 77.908900158426235, 11.901095938401312 ], [ 77.910948452021316, 11.901085482624326 ], [ 77.91094848885227, 11.901085466802225 ], [ 77.911114854147925, 11.901027563150347 ], [ 77.91324769358431, 11.900285191251324 ], [ 77.913247722330382, 11.900285178066209 ], [ 77.913689332327422, 11.900052569422362 ], [ 77.915693895036156, 11.898996725884849 ], [ 77.917153309724839, 11.898286842994596 ], [ 77.917369712080159, 11.898316399876247 ], [ 77.917782091796184, 11.898372737701056 ], [ 77.918337460847525, 11.898616695853555 ], [ 77.919023442246242, 11.899195599825713 ], [ 77.919140769408884, 11.899294615255394 ], [ 77.919225229910225, 11.899383658262966 ], [ 77.920178115152893, 11.900388276092787 ], [ 77.920459435160552, 11.900587049687914 ], [ 77.920550168597472, 11.900651182959628 ], [ 77.920568260667309, 11.900663970760018 ], [ 77.920724641188599, 11.900772594081531 ], [ 77.9208804512797, 11.900880835870689 ], [ 77.921066453747471, 11.90090641760233 ], [ 77.921307258837473, 11.90093954911883 ], [ 77.922389270614048, 11.900395687890844 ], [ 77.92248048914125, 11.900349837935162 ], [ 77.922656552648732, 11.900261341108433 ], [ 77.922657934257643, 11.900260247621558 ], [ 77.922936474877787, 11.900039837849791 ], [ 77.923289794855464, 11.899768601769072 ], [ 77.923958348039335, 11.899833035855334 ], [ 77.923992058218715, 11.899836286434697 ], [ 77.924076487278995, 11.89981204597192 ], [ 77.924464737348174, 11.899700590094717 ], [ 77.924562698629884, 11.899756076750677 ], [ 77.924648301788267, 11.899804613061722 ], [ 77.924784933746366, 11.899985285638977 ], [ 77.924942118259821, 11.900193230229307 ], [ 77.925484467129451, 11.900256307904389 ], [ 77.925795837579997, 11.900292547674654 ], [ 77.926739830399654, 11.900157608389165 ], [ 77.927030368918736, 11.900116079602602 ], [ 77.927242550988851, 11.900073646309098 ], [ 77.927663815941344, 11.899989397645953 ], [ 77.927980485553704, 11.900242489007521 ], [ 77.928081386123054, 11.900255939599706 ], [ 77.928251254848362, 11.900278613629467 ], [ 77.928503700307814, 11.900129425598976 ], [ 77.928689467416987, 11.900048264913256 ], [ 77.928948879311463, 11.899934952664195 ], [ 77.929283505348053, 11.899736677870216 ], [ 77.929628089209601, 11.899532514436467 ], [ 77.929972498797952, 11.899339967868379 ], [ 77.930137407924533, 11.899247772709472 ], [ 77.930284623833316, 11.899219150318931 ], [ 77.930440392601867, 11.899188884172579 ], [ 77.931192840348459, 11.899878620437148 ], [ 77.931239126043508, 11.899921052003064 ], [ 77.931303585555042, 11.899994679614677 ], [ 77.931955175851414, 11.900738982606748 ], [ 77.932368326321964, 11.901123075074192 ], [ 77.932529304420854, 11.901186199999874 ], [ 77.932932857290893, 11.901344442083481 ], [ 77.932932894121805, 11.901344461421598 ], [ 77.9329744115593, 11.901328985655073 ], [ 77.933144641407338, 11.901265536409541 ], [ 77.933537632784578, 11.901054435249257 ], [ 77.933537662428975, 11.901054405363022 ], [ 77.933557196294828, 11.901033877052214 ], [ 77.933648798402658, 11.900937591571264 ], [ 77.933910802835058, 11.900436301587195 ], [ 77.934043344763637, 11.900182667178496 ], [ 77.93425906260272, 11.900214208656147 ], [ 77.934383039993378, 11.900354283080826 ], [ 77.934865714677002, 11.899966280571197 ], [ 77.935007135553889, 11.899852595587715 ], [ 77.935112046202647, 11.899927874877303 ], [ 77.93517694499036, 11.899974475578389 ], [ 77.935231196945296, 11.900055633649135 ], [ 77.935291745192089, 11.900146209399351 ], [ 77.935599228632384, 11.899825256615667 ], [ 77.93583324156053, 11.899761960845982 ], [ 77.936397773427771, 11.899648883173478 ], [ 77.936500166997121, 11.899643971261604 ], [ 77.937627817681701, 11.89958986287184 ], [ 77.938334501654481, 11.89897946383055 ], [ 77.939210745332034, 11.897537443778663 ], [ 77.939210777671406, 11.897537420045174 ], [ 77.939903655436581, 11.896895483328027 ], [ 77.94026941169102, 11.896903328577929 ], [ 77.940321278618896, 11.896904444932815 ], [ 77.94032131185655, 11.896904441416737 ], [ 77.940683889871536, 11.896813906779656 ], [ 77.941093262926302, 11.896429490898679 ], [ 77.941271203014395, 11.896262396843865 ], [ 77.941619949668961, 11.895878184116658 ], [ 77.942565015077093, 11.896545144561681 ], [ 77.943322941648589, 11.897080058924589 ], [ 77.943988614833685, 11.897676583429087 ], [ 77.944170289218462, 11.897697838061427 ], [ 77.94475969543592, 11.897766774083392 ], [ 77.945466425222776, 11.897558669414293 ], [ 77.945761150789394, 11.897310546403084 ], [ 77.945938989367875, 11.897160829332931 ], [ 77.946305009727013, 11.896360952734398 ], [ 77.946613299854434, 11.895687182921604 ], [ 77.946779828643471, 11.8954812197222 ], [ 77.946843563214571, 11.895402393217125 ], [ 77.947026284136612, 11.895176397698231 ], [ 77.947567794878097, 11.895051891665855 ], [ 77.947774324748451, 11.895004410216494 ], [ 77.947864374567459, 11.894996632596749 ], [ 77.948508675035328, 11.894941006083606 ], [ 77.948963589980053, 11.895099686919032 ], [ 77.949376088273667, 11.89524359740602 ], [ 77.949534834059108, 11.895442321141257 ], [ 77.949899543776255, 11.895898868403751 ], [ 77.950143065371691, 11.897087629915285 ], [ 77.950042323804155, 11.898086513618029 ], [ 77.950060808437726, 11.898493238302365 ], [ 77.950166447620205, 11.898863866580639 ], [ 77.950671361895331, 11.899211810567802 ], [ 77.951548982690255, 11.899202365582342 ], [ 77.951956472876176, 11.899197966126463 ], [ 77.953370141757304, 11.89932867784176 ], [ 77.954256004594953, 11.899744232085739 ], [ 77.954893572189789, 11.90035012273391 ], [ 77.954921727187411, 11.900376878870636 ], [ 77.9549495147741, 11.900414773797346 ], [ 77.955362469411895, 11.900977895776427 ], [ 77.956589276137521, 11.900662554679036 ], [ 77.957069661015495, 11.900539072565568 ], [ 77.957180541867658, 11.900501908111801 ], [ 77.957528648921723, 11.900385215385795 ], [ 77.957912272667159, 11.900389385401267 ], [ 77.958345577739408, 11.900394061725498 ], [ 77.959203994350162, 11.900705705150612 ], [ 77.960007113367013, 11.900827536413432 ], [ 77.960755327353652, 11.900922220383373 ], [ 77.960895610963377, 11.900922221262364 ], [ 77.960998541725274, 11.900922211593288 ], [ 77.961287385123384, 11.900847798400775 ], [ 77.961613565199713, 11.900763755665199 ], [ 77.962232942808299, 11.900230247051777 ], [ 77.962569454408694, 11.899788133377832 ], [ 77.962576283401503, 11.899779161319923 ], [ 77.962633085673531, 11.899704531577946 ], [ 77.963003710796812, 11.899217599741592 ], [ 77.963508413967858, 11.898720236656665 ], [ 77.964921733404353, 11.897802271416344 ], [ 77.96573402242359, 11.897652881611286 ], [ 77.967372484823116, 11.89741733743287 ], [ 77.968244271060286, 11.896942534606731 ], [ 77.968244318671012, 11.896942503841061 ], [ 77.969409769564422, 11.896001946996785 ], [ 77.970345890447248, 11.895558696902688 ], [ 77.971268471922158, 11.895766316123254 ], [ 77.971268512346342, 11.8957663293086 ], [ 77.973237674246363, 11.896583768730446 ], [ 77.974262860394703, 11.896960247727336 ], [ 77.974504532358964, 11.897048994390808 ], [ 77.976556083245256, 11.896989528741072 ], [ 77.977464707595573, 11.896876165992333 ], [ 77.978332292412148, 11.897007037047096 ], [ 77.978421854445969, 11.897049078776636 ], [ 77.978832569583759, 11.897241851995554 ], [ 77.97903025733676, 11.897585170031668 ], [ 77.979066771158102, 11.897648577943219 ], [ 77.9790899045733, 11.897978500139633 ], [ 77.979017085339748, 11.899917659904119 ], [ 77.979138901383848, 11.901131107430427 ], [ 77.979224437168568, 11.901983142355522 ], [ 77.979490774175574, 11.90253000219751 ], [ 77.979968263783391, 11.902963748606643 ], [ 77.98046454075704, 11.903175216584941 ], [ 77.980826680394159, 11.903329525749028 ], [ 77.98107753942881, 11.903304580640633 ], [ 77.981418685437774, 11.903270612605342 ], [ 77.982223421422091, 11.902990863997095 ], [ 77.982290651337962, 11.902967489630591 ], [ 77.98316252111843, 11.902483536421723 ], [ 77.984208906609155, 11.90244696643888 ], [ 77.984768732202639, 11.902694554725175 ], [ 77.984801085925923, 11.902708864858864 ], [ 77.984927890314765, 11.902836207435575 ], [ 77.98525107540793, 11.903160763198915 ], [ 77.986018097421706, 11.904593247975079 ], [ 77.986688431066497, 11.905203264355121 ], [ 77.986752885188125, 11.905349034715897 ], [ 77.987042064556164, 11.906003115816954 ], [ 77.98773635267635, 11.906308064582465 ], [ 77.988029074999872, 11.906436635178093 ], [ 77.98833954444018, 11.906486168827273 ], [ 77.988735952110417, 11.90654941292877 ], [ 77.989376094276849, 11.906622395325579 ], [ 77.990236886033216, 11.906720530820078 ], [ 77.991136808403368, 11.907434365579052 ], [ 77.991867946314827, 11.908054201738295 ], [ 77.992064184186958, 11.908220558110092 ], [ 77.992252450409239, 11.908405736909636 ], [ 77.992483338996834, 11.908471352058276 ], [ 77.992665619744386, 11.908523149594204 ], [ 77.993936761922569, 11.908183564350422 ], [ 77.994859366753644, 11.90826459075946 ], [ 77.995162399041718, 11.90853565838691 ], [ 77.995506863427281, 11.908888097406601 ], [ 77.995580911556161, 11.909079144702076 ], [ 77.995787115338061, 11.90961114168133 ], [ 77.995856126613148, 11.910040532883059 ], [ 77.995879021076462, 11.910061412983293 ], [ 77.996044433259598, 11.910212236610885 ], [ 77.996438988603757, 11.910004101916613 ], [ 77.996942122417991, 11.909545813355034 ], [ 77.997044592344125, 11.909452468437658 ], [ 77.997202925802824, 11.909432922580789 ], [ 77.997595414123523, 11.909384482919002 ], [ 77.997837483143144, 11.909468734822637 ], [ 77.998114062741024, 11.909564997064571 ], [ 77.998261713434388, 11.909651335606867 ], [ 77.998430903033309, 11.909750220654569 ], [ 77.998522921061138, 11.909927174698378 ], [ 77.99862832129169, 11.910129863311289 ], [ 77.998656064860967, 11.91046877194781 ], [ 77.998665353440984, 11.910807840134888 ], [ 77.998442979085667, 11.91136346139815 ], [ 77.998340284580706, 11.911620051902062 ], [ 77.998378903154759, 11.911675056205748 ], [ 77.9985789157477, 11.911959953674367 ], [ 77.998888847995474, 11.912048913424737 ], [ 77.999015167294104, 11.912085169201779 ], [ 77.999150005316551, 11.91200723878833 ], [ 77.9992852296146, 11.911929083335943 ], [ 77.999616238135545, 11.912045696392299 ], [ 77.999825724361472, 11.912100077419783 ], [ 77.999858963823598, 11.912108710667297 ], [ 78.000006467193273, 11.912362310212638 ], [ 78.000056187147621, 11.912447790870713 ], [ 78.000107932802933, 11.912612217852329 ], [ 78.000138694711509, 11.912709967073855 ], [ 78.00031748370759, 11.913216311328116 ], [ 78.00042576573361, 11.913536833423628 ], [ 78.00046867825472, 11.913663841313381 ], [ 78.000492135063425, 11.913703602188267 ], [ 78.000583349099045, 11.913858276295864 ], [ 78.000684288295957, 11.913962283295557 ], [ 78.000772378889337, 11.914042407921531 ], [ 78.00080358007412, 11.914070787914557 ], [ 78.000805028158339, 11.914071689731692 ], [ 78.000977940375819, 11.914179342591138 ], [ 78.001297789125985, 11.914325862285981 ], [ 78.001432256144241, 11.914387460022416 ], [ 78.001982900057186, 11.914600173388351 ], [ 78.002299585839239, 11.914681661096287 ], [ 78.002410654439316, 11.914688158383923 ], [ 78.002611685721789, 11.914699922411927 ], [ 78.003346027025529, 11.914691241782812 ], [ 78.003681059100629, 11.914641610307099 ], [ 78.003681102219758, 11.914641602396449 ], [ 78.003760082099532, 11.914625876004084 ], [ 78.004360428000552, 11.914506317772796 ], [ 78.004980191884741, 11.914411661389561 ], [ 78.005531972166551, 11.914348767187944 ], [ 78.005572327184055, 11.914344166694713 ], [ 78.005847705734382, 11.914339790337015 ], [ 78.005987882444586, 11.914342568739654 ], [ 78.006081723154111, 11.914344435657442 ], [ 78.006130826864194, 11.914358939428391 ], [ 78.006219404344449, 11.914385099127719 ], [ 78.006357131348878, 11.914430373631292 ], [ 78.006503934032608, 11.914525321823612 ], [ 78.006588826623585, 11.914609000807074 ], [ 78.006641581985249, 11.914661001970741 ], [ 78.006806705809211, 11.914860021781447 ], [ 78.006976463143417, 11.915117764815035 ], [ 78.006976474821499, 11.915117792941786 ], [ 78.006991005969525, 11.91519482504404 ], [ 78.007026778680782, 11.915384373671717 ], [ 78.007052241427502, 11.915533149883887 ], [ 78.007081719643551, 11.915705378393399 ], [ 78.007069295943168, 11.915962144102277 ], [ 78.007053905107426, 11.916279417847766 ], [ 78.007039932711464, 11.916767542613327 ], [ 78.007081161789756, 11.916998028334845 ], [ 78.007081171671231, 11.916998060856157 ], [ 78.007182041697874, 11.917260245850263 ], [ 78.007333326974859, 11.917454752968414 ], [ 78.007758850840119, 11.917793679711083 ], [ 78.007883963701289, 11.917893338787277 ], [ 78.007883996938986, 11.917893366034782 ], [ 78.007978155652111, 11.917959675020739 ], [ 78.008205164415998, 11.918119569430406 ], [ 78.00856427313731, 11.918406914165869 ], [ 78.008668580118226, 11.918490383641908 ], [ 78.00898512576309, 11.918784246269265 ], [ 78.008985146424351, 11.918784267364039 ], [ 78.009154890283796, 11.918992317981189 ], [ 78.009306240239511, 11.919259018838163 ], [ 78.009374164553066, 11.919396680402578 ], [ 78.009466809604959, 11.919584501604037 ], [ 78.00959842716712, 11.919848158091423 ], [ 78.009613503592547, 11.919878363925845 ], [ 78.009621413258614, 11.919897422974126 ], [ 78.009737355219102, 11.920176744582104 ], [ 78.009842117645832, 11.920320303394181 ], [ 78.009902358668782, 11.920402856422637 ], [ 78.010122662407355, 11.920637954386113 ], [ 78.010407235214657, 11.920791812400324 ], [ 78.010668718624189, 11.920918419614319 ], [ 78.010962458738931, 11.921094844288783 ], [ 78.010962491976628, 11.921094865383379 ], [ 78.011297441406697, 11.921307407373915 ], [ 78.011637013567238, 11.921429622283078 ], [ 78.012031691980596, 11.921479513562986 ], [ 78.012086037360334, 11.921479536415424 ], [ 78.012320894704843, 11.92147965243552 ], [ 78.012573388673317, 11.9214255035691 ], [ 78.012917614107053, 11.921312622128614 ], [ 78.013062455768519, 11.921232369565182 ], [ 78.013243587570841, 11.921131997135777 ], [ 78.013537473212665, 11.920888030196792 ], [ 78.013537508246955, 11.92088799943382 ], [ 78.013721144552264, 11.920725360838585 ], [ 78.013774950044549, 11.920692541123096 ], [ 78.013854320691465, 11.92064406479637 ], [ 78.014055007919197, 11.920522911296839 ], [ 78.014056330239328, 11.920522113216448 ], [ 78.014299603899715, 11.920436358233294 ], [ 78.014299638035695, 11.920436345049119 ], [ 78.014836690438386, 11.920178854048382 ], [ 78.015456537865902, 11.919966775256999 ], [ 78.015456563917056, 11.91996676558861 ], [ 78.016337849838337, 11.919677773601853 ], [ 78.016626999561993, 11.919673436003782 ], [ 78.016627034596283, 11.91967343864059 ], [ 78.017058498122211, 11.919727862966592 ], [ 78.017866219208216, 11.919859260928952 ], [ 78.018078552195306, 11.919919262124543 ], [ 78.018683125568046, 11.920090106150512 ], [ 78.0188178171651, 11.920171538595014 ], [ 78.018944819183346, 11.920248322279967 ], [ 78.019276619120077, 11.920549240917161 ], [ 78.019288907174825, 11.920560384157366 ], [ 78.019288940412494, 11.920560415799329 ], [ 78.01951821293089, 11.92077293271908 ], [ 78.019631146433454, 11.920846193433889 ], [ 78.019706466576793, 11.920895053822134 ], [ 78.019862540772564, 11.920940241982667 ], [ 78.01997264727693, 11.920944840606227 ], [ 78.02019296538856, 11.920877174384065 ], [ 78.020282741221422, 11.920809655807338 ], [ 78.020427174149447, 11.920700955240672 ], [ 78.020728360399588, 11.920396901579963 ], [ 78.020780753740226, 11.920344004113431 ], [ 78.020869120116402, 11.920266939193477 ], [ 78.021184753072944, 11.919991647640687 ], [ 78.021529105169137, 11.919747741202825 ], [ 78.021827539879553, 11.919562549921588 ], [ 78.022084626035749, 11.919481300115287 ], [ 78.022607932417998, 11.919404616413271 ], [ 78.022917411016536, 11.919386786976997 ], [ 78.023310096068272, 11.919364119815757 ], [ 78.02370492360194, 11.919400450205456 ], [ 78.02420610178379, 11.919493295098507 ], [ 78.024218895590082, 11.919495664738278 ], [ 78.024222602038932, 11.919497033257946 ], [ 78.024512687807103, 11.91960417769317 ], [ 78.024792521102938, 11.919730881266283 ], [ 78.024792548052417, 11.919730895329383 ], [ 78.025187254313522, 11.919952550411219 ], [ 78.025337947600747, 11.920014779711327 ], [ 78.025526851626907, 11.920092789568301 ], [ 78.025627266207664, 11.920113355991367 ], [ 78.025770081269854, 11.920142608141582 ], [ 78.025863424312703, 11.92014580398337 ], [ 78.026036318563868, 11.92015170873176 ], [ 78.026238244568404, 11.92019248735285 ], [ 78.026421781160707, 11.92023770463552 ], [ 78.026619187741019, 11.920319205593355 ], [ 78.026725598576334, 11.920376591829951 ], [ 78.02686234641709, 11.920450308823355 ], [ 78.027038623723584, 11.92059050377611 ], [ 78.027123955590739, 11.920658372226564 ], [ 78.02715493219668, 11.920701896588181 ], [ 78.027371691183191, 11.921006450903908 ], [ 78.027522910883135, 11.921512780563736 ], [ 78.027533527173162, 11.921696314592477 ], [ 78.027563943230405, 11.922222409395086 ], [ 78.027595060871818, 11.922499048731929 ], [ 78.027650894760015, 11.922995392661454 ], [ 78.027775041033948, 11.923501065562577 ], [ 78.027792954339034, 11.9235739933041 ], [ 78.027912202998067, 11.923795499344173 ], [ 78.028123323259479, 11.923962806744223 ], [ 78.028282147198368, 11.924051549859875 ], [ 78.028398615571575, 11.924116608379538 ], [ 78.028747367616006, 11.924329148003272 ], [ 78.0292337837828, 11.924663779620655 ], [ 78.029412697644673, 11.924844601779471 ], [ 78.029412733577303, 11.924844639573443 ], [ 78.02949135592759, 11.924940954372873 ], [ 78.029582510674402, 11.925052628414043 ], [ 78.029585838034222, 11.9250660812933 ], [ 78.02962835709323, 11.925237975913477 ], [ 78.029653578193177, 11.925396551159526 ], [ 78.029665021831562, 11.925468499266694 ], [ 78.029664956254535, 11.925626227971653 ], [ 78.029664529554779, 11.926684421061854 ], [ 78.029668403090312, 11.927235128298262 ], [ 78.029673275552383, 11.927922866743449 ], [ 78.029737350584995, 11.9284562409713 ], [ 78.029810679163305, 11.928732024918038 ], [ 78.029911554579826, 11.928926336604029 ], [ 78.030049277990997, 11.929071101053129 ], [ 78.030228171191609, 11.929152473672556 ], [ 78.030677934298183, 11.929292802118189 ], [ 78.030983079423748, 11.929411870432279 ], [ 78.031118534588813, 11.929464725700763 ], [ 78.031118566928185, 11.929464738005565 ], [ 78.031366378877408, 11.92957328564559 ], [ 78.031600455585917, 11.929731539311557 ], [ 78.031600488823599, 11.929731565678978 ], [ 78.031871127862502, 11.929998304319671 ], [ 78.032545641368316, 11.930717227401791 ], [ 78.032546799296725, 11.930718367348224 ], [ 78.032547806308173, 11.930719361395591 ], [ 78.032843832635308, 11.931011195438836 ], [ 78.033033358295626, 11.931158274699426 ], [ 78.033146713108067, 11.931246257841842 ], [ 78.033286988632966, 11.931388803567739 ], [ 78.033440389442433, 11.931544701581084 ], [ 78.033793743556075, 11.931879282108797 ], [ 78.034041538437307, 11.932069226014754 ], [ 78.034289389912402, 11.932245620585597 ], [ 78.034319787104977, 11.932285544850821 ], [ 78.034413260403568, 11.932408372683861 ], [ 78.034569151343021, 11.932756401127996 ], [ 78.034651737958683, 11.932955339990661 ], [ 78.034660483956287, 11.933099317428935 ], [ 78.034660800163266, 11.933104537230346 ], [ 78.034646970599454, 11.933262724675549 ], [ 78.034582706022377, 11.93340277765572 ], [ 78.034501625881447, 11.933494870690438 ], [ 78.034463301954773, 11.933538400023632 ], [ 78.034463268717104, 11.933538437816358 ], [ 78.034363904266897, 11.933654302431149 ], [ 78.034215336393629, 11.933827538082781 ], [ 78.034215314834086, 11.933827569723194 ], [ 78.034173971669759, 11.933908875876634 ], [ 78.034173959991662, 11.933908910153713 ], [ 78.034151044867073, 11.933999283889092 ], [ 78.034128006673313, 11.93414389094357 ], [ 78.034177272978425, 11.934251554296088 ], [ 78.034233480565746, 11.934374482311718 ], [ 78.034295378980403, 11.934520793348876 ], [ 78.034302323855883, 11.934537209401737 ], [ 78.034302340025548, 11.934537247194323 ], [ 78.034350559793353, 11.93456609085945 ], [ 78.034430807196003, 11.934614141948355 ], [ 78.034515579412755, 11.934645828838393 ], [ 78.034563942012696, 11.934663929729895 ], [ 78.034619372557287, 11.93466847275025 ], [ 78.034674008092892, 11.934672948974336 ], [ 78.034724556293938, 11.934663907757454 ], [ 78.034922003298433, 11.93458262995521 ], [ 78.034970700071653, 11.934555791057514 ], [ 78.035151519260239, 11.934456121403446 ], [ 78.035954951789122, 11.934008941236652 ], [ 78.036418593866827, 11.933878053737926 ], [ 78.036634334163779, 11.933850970436293 ], [ 78.036785854799362, 11.933887160898507 ], [ 78.036891034942727, 11.93392548180889 ], [ 78.036996895110732, 11.93396401980204 ], [ 78.037061958290138, 11.934003085129413 ], [ 78.03720809262731, 11.934090767644031 ], [ 78.037501745605482, 11.934321301050067 ], [ 78.037584533443763, 11.93443620557354 ], [ 78.037726552598613, 11.934633235117156 ], [ 78.037960490068272, 11.935094451101719 ], [ 78.038255005429093, 11.935496476268964 ], [ 78.038520162948146, 11.935858428573805 ], [ 78.038882767014272, 11.93623826761082 ], [ 78.038983720584213, 11.93630606710779 ], [ 78.038983748431988, 11.936306082048954 ], [ 78.03901096379181, 11.936320539822352 ], [ 78.039043380397175, 11.936337756436728 ], [ 78.039075516728147, 11.936346767715444 ], [ 78.039099419999545, 11.936346781777733 ], [ 78.039103008769118, 11.936346784414386 ], [ 78.039136430589252, 11.936337421578912 ], [ 78.039136478199964, 11.936337408395538 ], [ 78.039199438423267, 11.936319728605035 ], [ 78.03936613699392, 11.936237763126682 ], [ 78.03940143719133, 11.936220396215358 ], [ 78.039423114437454, 11.936203662105401 ], [ 78.039635584866772, 11.936039607129768 ], [ 78.039878940273866, 11.935822762195352 ], [ 78.040043323886024, 11.93566724280876 ], [ 78.040117746612353, 11.935596826683614 ], [ 78.040117777155103, 11.935596789770045 ], [ 78.04027130193208, 11.935521277795951 ], [ 78.040420721408239, 11.935447759134238 ], [ 78.040696199671586, 11.935343881658234 ], [ 78.040898122082822, 11.935334919564278 ], [ 78.04109690128891, 11.935367598642637 ], [ 78.041173608430995, 11.935380204634264 ], [ 78.041251194125479, 11.935404721409917 ], [ 78.041531604139706, 11.935493312248219 ], [ 78.041912496108409, 11.935692367753081 ], [ 78.042008275382301, 11.935788979281394 ], [ 78.042294932281052, 11.936078098241071 ], [ 78.042671101806278, 11.936422498303591 ], [ 78.042675223276788, 11.936426271385393 ], [ 78.042811926201793, 11.936551410583983 ], [ 78.042957620364433, 11.9366342258551 ], [ 78.043050578030048, 11.93668706213772 ], [ 78.043229585316723, 11.936709721699087 ], [ 78.043590881435776, 11.93668017339165 ], [ 78.043615126965292, 11.936678189735114 ], [ 78.043741412127929, 11.9366641037516 ], [ 78.044221116981248, 11.936610591597267 ], [ 78.044384232172206, 11.936629009637207 ], [ 78.045024361762231, 11.936701270285855 ], [ 78.045919426941637, 11.936819096110892 ], [ 78.046837451263087, 11.936751517343806 ], [ 78.04746640491264, 11.936679440396718 ], [ 78.047815253076806, 11.936688545705378 ], [ 78.047815290806057, 11.936688551857614 ], [ 78.047819487735055, 11.936690022241898 ], [ 78.048370617636607, 11.936883071411541 ], [ 78.049026913308452, 11.937181527401835 ], [ 78.049150854766509, 11.937222311372476 ], [ 78.04929614468729, 11.937242785971058 ], [ 78.049375759675982, 11.937254000594296 ], [ 78.049866921642433, 11.937276768211586 ], [ 78.050119307813063, 11.937276783152686 ], [ 78.050339668145526, 11.937240717066393 ], [ 78.050527860705955, 11.93720466240085 ], [ 78.050672078936614, 11.937197402776698 ], [ 78.050706961417404, 11.937195643240656 ], [ 78.050941037227645, 11.937213817788537 ], [ 78.05112460615932, 11.937313198153028 ], [ 78.051299638400835, 11.937421882393906 ], [ 78.051372419905178, 11.937467051101951 ], [ 78.051410289284277, 11.937502533576408 ], [ 78.051560558566706, 11.937643329662649 ], [ 78.051689949205283, 11.937892205053572 ], [ 78.051753293907524, 11.938014047750995 ], [ 78.05194596636629, 11.938271681775969 ], [ 78.052198348943691, 11.938452610873089 ], [ 78.052386596301375, 11.938493333130511 ], [ 78.0525405172354, 11.938486707216919 ], [ 78.052698742896283, 11.938479852793092 ], [ 78.052967538592242, 11.938412559198943 ], [ 78.05296775688285, 11.938412503829188 ], [ 78.053203674239413, 11.938353409340182 ], [ 78.053575512986626, 11.938263098578592 ], [ 78.053677504110752, 11.938240875953355 ], [ 78.053823446208426, 11.938209026010817 ], [ 78.05395207058406, 11.938221706575613 ], [ 78.054052845389279, 11.938231611618487 ], [ 78.054261969594151, 11.938261889231896 ], [ 78.054264475893788, 11.938262252211695 ], [ 78.054397219045015, 11.938281453226438 ], [ 78.054515726593934, 11.93827461725404 ], [ 78.054865411987933, 11.938254400246903 ], [ 78.055370312788341, 11.938218413390429 ], [ 78.055548456794014, 11.938241389222604 ], [ 78.055792618888233, 11.938272836631711 ], [ 78.056127746184771, 11.938300046051063 ], [ 78.056224383349758, 11.938291838138706 ], [ 78.056224518995393, 11.938291826713188 ], [ 78.056499522049918, 11.938268458023401 ], [ 78.056839116668371, 11.93818137538161 ], [ 78.056921879353808, 11.938160149406388 ], [ 78.056962516442312, 11.938149678358236 ], [ 78.057307415612513, 11.93806076232141 ], [ 78.057479292970754, 11.938016585096264 ], [ 78.057605904221816, 11.937984007409268 ], [ 78.05788592257062, 11.937947927354895 ], [ 78.058125159202163, 11.937951456084987 ], [ 78.058131256966291, 11.937951545731439 ], [ 78.058197996402015, 11.93795253096339 ], [ 78.058592780816568, 11.938047483227457 ], [ 78.059253607590705, 11.938318868263476 ], [ 78.059444364841283, 11.938353106124724 ], [ 78.059446246811788, 11.938353443616689 ], [ 78.05965759973688, 11.938391346425119 ], [ 78.059865637878602, 11.938404832919113 ], [ 78.05993758394969, 11.938409491010738 ], [ 78.060093645569083, 11.938423040783546 ], [ 78.06044252337766, 11.938359856843258 ], [ 78.061131136840174, 11.938233460794162 ], [ 78.061773753865182, 11.938152293923102 ], [ 78.062280231208902, 11.938170222318773 ], [ 78.062287938754039, 11.938170493894518 ], [ 78.062349133787805, 11.938178400352681 ], [ 78.06305901127142, 11.938270107691775 ], [ 78.06358231226379, 11.938432954607933 ], [ 78.063967821573002, 11.938573179814632 ], [ 78.064130080669528, 11.93860322887987 ], [ 78.064188127108238, 11.938613972364719 ], [ 78.064371811024259, 11.938591378000053 ], [ 78.064720639425502, 11.938451357582984 ], [ 78.065097076648684, 11.93825711688261 ], [ 78.065131499192034, 11.938250912828401 ], [ 78.065423049214147, 11.938198361609659 ], [ 78.065472837440439, 11.93819770859746 ], [ 78.065758148662908, 11.938193920599238 ], [ 78.066019783887697, 11.938234684203172 ], [ 78.066087261738573, 11.938247714563271 ], [ 78.066230913132287, 11.938275446043184 ], [ 78.066412102426781, 11.938346005609603 ], [ 78.066428260423805, 11.9383523001868 ], [ 78.06645785542085, 11.938381465117923 ], [ 78.066547578253108, 11.938469867780743 ], [ 78.06669907373589, 11.938659707754493 ], [ 78.066738224112584, 11.938698290776498 ], [ 78.066822955006842, 11.938781762796751 ], [ 78.066836987589866, 11.938787549368911 ], [ 78.066878049581518, 11.938804438002848 ], [ 78.066933066002761, 11.93880897392274 ], [ 78.067075395076387, 11.938795377588379 ], [ 78.067116867598116, 11.93877499802654 ], [ 78.067148840435706, 11.93875924139345 ], [ 78.067171244418887, 11.938737270169764 ], [ 78.067180998326222, 11.938727682422522 ], [ 78.067233791417181, 11.938683921897264 ], [ 78.067234077979762, 11.938683682840718 ], [ 78.067355479002202, 11.938583005745089 ], [ 78.06754101434602, 11.938396354313271 ], [ 78.067562022347275, 11.938375213606797 ], [ 78.067713859189837, 11.938305945130853 ], [ 78.068067069573047, 11.938144765385227 ], [ 78.068347060074075, 11.938031809167381 ], [ 78.06862583964606, 11.937958719204479 ], [ 78.068691348389834, 11.937941541364079 ], [ 78.068989728303038, 11.937896393828401 ], [ 78.06918982443932, 11.937918706128348 ], [ 78.069274287635608, 11.937928119005766 ], [ 78.06947231135851, 11.938007367334743 ], [ 78.069568117581881, 11.938045707876972 ], [ 78.069659485229423, 11.938082998144704 ], [ 78.070343773303861, 11.938362255321399 ], [ 78.070550913130262, 11.93842967460863 ], [ 78.070844086408059, 11.938525062632401 ], [ 78.071118880155169, 11.938582410740201 ], [ 78.071234237312382, 11.938606472842828 ], [ 78.071379145449171, 11.938598597158148 ], [ 78.071564715827307, 11.938588483832998 ], [ 78.072083449784756, 11.938434947919411 ], [ 78.072300003955334, 11.938316935594258 ], [ 78.072381899766526, 11.938272302269263 ], [ 78.072426333135425, 11.938242672395814 ], [ 78.072808803444062, 11.937987579204338 ], [ 78.07309598495894, 11.937765499418036 ], [ 78.073130176635274, 11.937739054577031 ], [ 78.073309301601228, 11.93763062358305 ], [ 78.073380905414254, 11.937605270307571 ], [ 78.073424038022608, 11.937589977659258 ], [ 78.073511258148486, 11.937571932333089 ], [ 78.07353040663709, 11.937571940243076 ], [ 78.073531875382571, 11.937571940243076 ], [ 78.073607689599285, 11.937571948153078 ], [ 78.073707688260072, 11.937595582327072 ], [ 78.07372239457959, 11.937599053934019 ], [ 78.073745540571196, 11.937612102781308 ], [ 78.073786681614607, 11.937635294871292 ], [ 78.073845117922119, 11.937671135909843 ], [ 78.074029937308694, 11.937784454379575 ], [ 78.074126735272131, 11.937870621348718 ], [ 78.074128454647592, 11.937872152369767 ], [ 78.074172149601324, 11.937911030809898 ], [ 78.074206182275844, 11.937969150710067 ], [ 78.074309869419196, 11.93814614259969 ], [ 78.074343046897596, 11.938358945439157 ], [ 78.074346517987863, 11.938381185632418 ], [ 78.074433624925987, 11.938977854049408 ], [ 78.0746721824312, 11.939438858739839 ], [ 78.075080585305443, 11.939976863101846 ], [ 78.075883734864973, 11.940664006741173 ], [ 78.076260302343883, 11.940926363968433 ], [ 78.07690270556985, 11.941373881634673 ], [ 78.07710463426929, 11.941450777964352 ], [ 78.077172772381942, 11.94145526725954 ], [ 78.077242367561936, 11.941459823349161 ], [ 78.077380073006793, 11.941432714438935 ], [ 78.077411344260156, 11.941407396674224 ], [ 78.077458141994882, 11.941369445070679 ], [ 78.077655532405501, 11.941152546395397 ], [ 78.078072581564356, 11.94064794524726 ], [ 78.078316668200102, 11.940352608700573 ], [ 78.078316688861364, 11.940352584091972 ], [ 78.078370227553975, 11.940285059817674 ], [ 78.078495764419984, 11.940126712120566 ], [ 78.078688613846865, 11.939959472700384 ], [ 78.078704084632676, 11.939956134713462 ], [ 78.078876774067979, 11.939918868433244 ], [ 78.079055809202387, 11.939941489932506 ], [ 78.079235522564886, 11.940099209338859 ], [ 78.079266961803199, 11.940126795614148 ], [ 78.07950737612606, 11.940446772648386 ], [ 78.079528534145936, 11.940474932795963 ], [ 78.079744208865861, 11.940750636842003 ], [ 78.080065455394617, 11.940927044219299 ], [ 78.080118901560766, 11.941000343433055 ], [ 78.080194005210103, 11.941103283616288 ], [ 78.080184564814758, 11.941137207366797 ], [ 78.080180179239576, 11.941153013957583 ], [ 78.08016640357468, 11.941234408437547 ], [ 78.080102153370603, 11.94134733783291 ], [ 78.080033289419248, 11.941455874562385 ], [ 78.079932279255431, 11.941595924187403 ], [ 78.079875797681964, 11.941673218584263 ], [ 78.079826666124106, 11.941740511368568 ], [ 78.079762343156503, 11.941862562386383 ], [ 78.07976233058011, 11.941862594025865 ], [ 78.079750258120981, 11.941896934267529 ], [ 78.079721024246709, 11.941980129336034 ], [ 78.079702633936193, 11.942156394414145 ], [ 78.079725524806278, 11.942481840908362 ], [ 78.079757610831606, 11.942897653385076 ], [ 78.079798802180633, 11.943218564021613 ], [ 78.079823518427375, 11.943296847562353 ], [ 78.079927272046035, 11.943625398606924 ], [ 78.080083277969862, 11.943919229601388 ], [ 78.080239348572391, 11.944104571232291 ], [ 78.080432784599139, 11.944249508620949 ], [ 78.080565165729311, 11.944348671961436 ], [ 78.080914003113676, 11.944538623825968 ], [ 78.081032650799784, 11.944577580407275 ], [ 78.081161891419725, 11.944619985649483 ], [ 78.081231458751944, 11.94463143638205 ], [ 78.081231750704404, 11.944631483840773 ], [ 78.081327114956679, 11.944647138184006 ], [ 78.081478670626552, 11.944642677065378 ], [ 78.081567769129705, 11.944621415562926 ], [ 78.081630114007055, 11.944606531104048 ], [ 78.081630152634602, 11.944606517921081 ], [ 78.081687573845898, 11.944582126776906 ], [ 78.081832104690264, 11.944520722217717 ], [ 78.082006088597865, 11.94441751791569 ], [ 78.082006214361996, 11.944417443212119 ], [ 78.082190167772623, 11.944308294220754 ], [ 78.08232847329208, 11.94422615890125 ], [ 78.082433489942062, 11.94416376729423 ], [ 78.082566608589048, 11.944114026080387 ], [ 78.082579854247911, 11.944111992382833 ], [ 78.082713537036938, 11.944091436568725 ], [ 78.082837468613533, 11.944091459419255 ], [ 78.083030272226338, 11.944127603691648 ], [ 78.08326440642702, 11.944236168309727 ], [ 78.083507610018842, 11.944439585353969 ], [ 78.08350763427336, 11.944439609962199 ], [ 78.083714182110015, 11.944715323156124 ], [ 78.08395736324394, 11.945049888301885 ], [ 78.084163921860366, 11.945343695779391 ], [ 78.08439796443291, 11.945700837224102 ], [ 78.084682482442972, 11.945993358222365 ], [ 78.084683233434561, 11.945994128983127 ], [ 78.084714596316047, 11.946026371739865 ], [ 78.084907384657498, 11.946161972848772 ], [ 78.085020266956093, 11.946214756299401 ], [ 78.085178201562826, 11.946288561184293 ], [ 78.085403147794793, 11.946347349856973 ], [ 78.085715292593093, 11.946392590022196 ], [ 78.086128417012489, 11.94639714690763 ], [ 78.086477196006385, 11.946388214181669 ], [ 78.086477229244068, 11.94638821681826 ], [ 78.086697573406838, 11.946419860146086 ], [ 78.086748485425574, 11.946436946047529 ], [ 78.086913323585264, 11.946492242981277 ], [ 78.087197916155461, 11.946623385407491 ], [ 78.087304791419768, 11.946693236197452 ], [ 78.087702871753095, 11.946953361438865 ], [ 78.087857512237676, 11.947046396397116 ], [ 78.087973614098274, 11.947116205771675 ], [ 78.088124888595473, 11.947199695411692 ], [ 78.08827662841999, 11.947283402103498 ], [ 78.088321067178782, 11.947300304269474 ], [ 78.088321271096348, 11.947300381608834 ], [ 78.088336217266061, 11.947306056384253 ], [ 78.088345262402669, 11.947307848372347 ], [ 78.088382060091632, 11.947315115635236 ], [ 78.088419841435865, 11.947317636195129 ], [ 78.088450958178981, 11.947319683930287 ], [ 78.088579571774858, 11.947324202130456 ], [ 78.088702940107737, 11.947326256896435 ], [ 78.088854906307759, 11.947328783608182 ], [ 78.089281744408254, 11.94732878888135 ], [ 78.089300240719936, 11.94732878888135 ], [ 78.089676607874551, 11.947342354027432 ], [ 78.089896935867657, 11.947378599813232 ], [ 78.090121912642331, 11.947469090337815 ], [ 78.090225463241779, 11.947537085645468 ], [ 78.090229069079328, 11.947539452403545 ], [ 78.09023204429954, 11.947541405220621 ], [ 78.090356016300319, 11.947649909586909 ], [ 78.090363076160131, 11.947657918594411 ], [ 78.090507468663958, 11.947821656298672 ], [ 78.09059258403714, 11.947927915079859 ], [ 78.09059337365629, 11.947928900275526 ], [ 78.090645109430127, 11.947993448601956 ], [ 78.090814956595821, 11.948264641750912 ], [ 78.090828663988745, 11.948300832045499 ], [ 78.090892944735543, 11.948517823427652 ], [ 78.090897481227714, 11.948694039429382 ], [ 78.090894200580323, 11.948846246856613 ], [ 78.090892906107968, 11.948906500897664 ], [ 78.090883969667544, 11.948936005686614 ], [ 78.090828569665646, 11.949118975381957 ], [ 78.090793144602415, 11.949272765379076 ], [ 78.090750510559033, 11.949458008430138 ], [ 78.090654106956023, 11.949697458739994 ], [ 78.090564784772369, 11.949873124693877 ], [ 78.090552988994375, 11.949896338584107 ], [ 78.090530014580978, 11.94998674565554 ], [ 78.090525481682064, 11.950050027072184 ], [ 78.090525458325857, 11.950055076050608 ], [ 78.090525410715159, 11.950068075082397 ], [ 78.090525438562935, 11.950072587963623 ], [ 78.090532420269298, 11.950076037439469 ], [ 78.090543862111062, 11.950081650637417 ], [ 78.090571325405932, 11.950095217403254 ], [ 78.090640224391606, 11.950095204220554 ], [ 78.090718935675127, 11.950078009572895 ], [ 78.09076416225642, 11.950068106720913 ], [ 78.090842884319684, 11.950031784835444 ], [ 78.090911125738558, 11.950000278151091 ], [ 78.090939479263895, 11.949980838920498 ], [ 78.091062561932532, 11.94989639043613 ], [ 78.091200327564522, 11.949842190121212 ], [ 78.0913655232537, 11.949806043096201 ], [ 78.09148102503967, 11.949800879862863 ], [ 78.091567559750956, 11.94979697777663 ], [ 78.091742576721174, 11.949805551820042 ], [ 78.091939317649846, 11.94981515060018 ], [ 78.092134511679618, 11.949828644435009 ], [ 78.092136725128469, 11.949828797354577 ], [ 78.092144913272278, 11.949829293024941 ], [ 78.092435080787141, 11.949846858562298 ], [ 78.092527218290911, 11.94984257417782 ], [ 78.092531565238573, 11.949842371163905 ], [ 78.09253351458274, 11.949842116297955 ], [ 78.092533790365508, 11.949842080265171 ], [ 78.092600394155639, 11.949833326937901 ], [ 78.092673873650909, 11.949797160577077 ], [ 78.092673897007117, 11.949797148273191 ], [ 78.092756529436841, 11.949747416882616 ], [ 78.09277581087612, 11.949732021215677 ], [ 78.092829892151173, 11.949688789777497 ], [ 78.093017355279599, 11.949475873679178 ], [ 78.093128361895893, 11.949349762291456 ], [ 78.093375339310214, 11.949135513589313 ], [ 78.09339924797149, 11.949114770961369 ], [ 78.093683791134367, 11.948974692706944 ], [ 78.093931747712375, 11.948897861790803 ], [ 78.094129225259564, 11.948866303122257 ], [ 78.094288586390988, 11.948868799059845 ], [ 78.094290239291112, 11.948868825425411 ], [ 78.094418369593342, 11.948870813386968 ], [ 78.094518123912394, 11.948888314830359 ], [ 78.094624898565357, 11.94890702029868 ], [ 78.09480397322568, 11.948983845060281 ], [ 78.094957515070675, 11.949081147898145 ], [ 78.094996658260868, 11.949105939392899 ], [ 78.095152803423545, 11.949228044216651 ], [ 78.09530884797492, 11.94937722107019 ], [ 78.095478661902959, 11.949571612867853 ], [ 78.095582219688922, 11.949775704374998 ], [ 78.095625452908592, 11.949860903433249 ], [ 78.095625463688364, 11.949860932435239 ], [ 78.095643197330403, 11.949937331563831 ], [ 78.095698914437577, 11.950177285029053 ], [ 78.095714256764339, 11.950304131625908 ], [ 78.095721895139192, 11.950367128222123 ], [ 78.095735715719826, 11.950558719306345 ], [ 78.095758447588082, 11.950873407431585 ], [ 78.095772711038165, 11.951024045775329 ], [ 78.095790579427486, 11.951212308213664 ], [ 78.095781430984658, 11.951424844164938 ], [ 78.095758417045374, 11.951578523875611 ], [ 78.095741880857645, 11.951756700338985 ], [ 78.095739972835972, 11.951777313574727 ], [ 78.095661899356301, 11.952242926208507 ], [ 78.095647140934489, 11.952315522802659 ], [ 78.095574646891066, 11.952672292090284 ], [ 78.095547123409091, 11.952853114015866 ], [ 78.095551182895846, 11.952885561603889 ], [ 78.095556188308606, 11.952925387912785 ], [ 78.095583718078828, 11.953042892934747 ], [ 78.095607190158873, 11.95309874218683 ], [ 78.095638832416441, 11.953174014610997 ], [ 78.095655912084951, 11.953195326414393 ], [ 78.095707674808239, 11.95325986733317 ], [ 78.095748604747513, 11.953300185735642 ], [ 78.095773592285482, 11.953314717303011 ], [ 78.095773618336622, 11.953314733122072 ], [ 78.095804102665767, 11.953332257127911 ], [ 78.095905001438481, 11.953359306843625 ], [ 78.095954300082965, 11.953361460872349 ], [ 78.095954825597403, 11.953361484600915 ], [ 78.096010626247889, 11.953363896128746 ], [ 78.096089296208902, 11.953345439679195 ], [ 78.09610708913975, 11.953341260810522 ], [ 78.096115985156004, 11.953336231227793 ], [ 78.096117291306427, 11.953335493004895 ], [ 78.096290682325943, 11.953237381408551 ], [ 78.096489176766099, 11.95313665699301 ], [ 78.096584498797483, 11.953088265564412 ], [ 78.09675892737117, 11.95303400612765 ], [ 78.096854735391162, 11.953023982982995 ], [ 78.096974708990615, 11.953011421754391 ], [ 78.097135329560032, 11.953020478177963 ], [ 78.097318228348541, 11.953051712071053 ], [ 78.097374097270986, 11.953061241307907 ], [ 78.097667824809321, 11.953156209366965 ], [ 78.097943247377145, 11.953282789159083 ], [ 78.098105925986886, 11.953326469987719 ], [ 78.098195783566439, 11.953350568570302 ], [ 78.098414100231608, 11.953387238908576 ], [ 78.098627256075503, 11.953423019859363 ], [ 78.0991046459703, 11.953585766264968 ], [ 78.099163667979411, 11.953617218922982 ], [ 78.099384616708363, 11.953734963566674 ], [ 78.099618726654569, 11.953906745965355 ], [ 78.099663294770764, 11.953953311028975 ], [ 78.099770178119911, 11.954064978386654 ], [ 78.099844419386557, 11.954218415797762 ], [ 78.100004217099169, 11.954548640948078 ], [ 78.100151144648734, 11.954982506304013 ], [ 78.100267309391398, 11.955237942049461 ], [ 78.100408105939138, 11.955547522249566 ], [ 78.100442319175059, 11.955597271029861 ], [ 78.100504519423652, 11.955687689379426 ], [ 78.100550429622871, 11.955728367740042 ], [ 78.100585108186095, 11.95575230879839 ], [ 78.100596292211392, 11.955760021400829 ], [ 78.100602701690903, 11.955761602414016 ], [ 78.100651363429876, 11.955773569426649 ], [ 78.100710654933565, 11.955773579972604 ], [ 78.100710704340898, 11.955773579093766 ], [ 78.100761561562379, 11.955773563274844 ], [ 78.100946611815971, 11.95574761673077 ], [ 78.100986520370782, 11.955742015953945 ], [ 78.101034900038741, 11.955727938871505 ], [ 78.101035798354033, 11.955727677859297 ], [ 78.10118846703655, 11.955683218775622 ], [ 78.101594839718288, 11.95546185568625 ], [ 78.101702683366426, 11.955403097115575 ], [ 78.102150359686604, 11.955122899586094 ], [ 78.102345377646586, 11.955000836969027 ], [ 78.102345406392644, 11.955000822028905 ], [ 78.102675133915994, 11.954864937090633 ], [ 78.102740164756042, 11.954838136234876 ], [ 78.102827445069067, 11.954814974619568 ], [ 78.103029380056739, 11.954761379047264 ], [ 78.103112411338458, 11.954767803310064 ], [ 78.103263490002931, 11.954779476836784 ], [ 78.103497654746363, 11.954847291026427 ], [ 78.10379032406928, 11.955059476106033 ], [ 78.103828087447198, 11.955086850816599 ], [ 78.10439738038545, 11.955529907867756 ], [ 78.104580976266604, 11.955647426698912 ], [ 78.104782835795774, 11.955688073427741 ], [ 78.104874213324791, 11.955704112937608 ], [ 78.104989521972982, 11.955724325126637 ], [ 78.105480668668037, 11.955733365640489 ], [ 78.105935127268609, 11.955710872890741 ], [ 78.106273247751645, 11.955717027330474 ], [ 78.106683373594606, 11.955724473648745 ], [ 78.106988169275596, 11.955778564689753 ], [ 78.107018107429056, 11.955783878088807 ], [ 78.107192953719306, 11.955814900744096 ], [ 78.107762194555292, 11.956004826986703 ], [ 78.108391019745767, 11.956596949949772 ], [ 78.108398868326418, 11.95660206383922 ], [ 78.108987798436786, 11.956985778400332 ], [ 78.109377982578764, 11.957166559654127 ], [ 78.109627781601361, 11.957205947678515 ], [ 78.10972221340235, 11.957220819141076 ], [ 78.109960549023668, 11.957235741574634 ], [ 78.110300640410429, 11.957257009116933 ], [ 78.110720535432108, 11.957221934368938 ], [ 78.11100296575745, 11.957198335303243 ], [ 78.111115194082515, 11.957213624207714 ], [ 78.111434516419934, 11.957257111060517 ], [ 78.111870619744295, 11.957478652839887 ], [ 78.112609707745975, 11.958012024240352 ], [ 78.112702301593885, 11.958097070427227 ], [ 78.112949386806065, 11.958323979354786 ], [ 78.113614998007407, 11.958848228706644 ], [ 78.113904150425995, 11.958979379207131 ], [ 78.114170679672469, 11.959009607044196 ], [ 78.114173323414377, 11.95900990584245 ], [ 78.114303571944006, 11.959024660323038 ], [ 78.115083916871782, 11.958952382782348 ], [ 78.115956121723841, 11.958993036924033 ], [ 78.116188732381843, 11.959081810748883 ], [ 78.116548334278264, 11.959219017068609 ], [ 78.117337841123586, 11.959860970632162 ], [ 78.11733788244608, 11.959861006663623 ], [ 78.117340969955748, 11.959863407587726 ], [ 78.117357905893797, 11.959876578396196 ], [ 78.117588477376103, 11.960055909431134 ], [ 78.117884158750158, 11.960285868837238 ], [ 78.118053964593386, 11.960362738703264 ], [ 78.118239646362596, 11.960380738569739 ], [ 78.118334056604013, 11.960389868566971 ], [ 78.118545170577249, 11.960353647372939 ], [ 78.118930348408142, 11.960080117266228 ], [ 78.118990539125463, 11.960037372587109 ], [ 78.119477149328333, 11.959680251817288 ], [ 78.121575071249609, 11.959309652154452 ], [ 78.122070885590873, 11.959314197397797 ], [ 78.122394972592559, 11.959410368120301 ], [ 78.122497763217268, 11.959440868342488 ], [ 78.122685168853522, 11.959646535154578 ], [ 78.122777816600347, 11.959748220328972 ], [ 78.122777837261623, 11.959748245814641 ], [ 78.123851995965964, 11.961592317004248 ], [ 78.124707750868538, 11.961744910883134 ], [ 78.125982049726645, 11.961972085665993 ], [ 78.127143456404625, 11.962338289400721 ], [ 78.127928457300513, 11.963386862922103 ], [ 78.127967935562282, 11.96342621664612 ], [ 78.129043974440521, 11.964498801809787 ], [ 78.130425757620685, 11.964471675873506 ], [ 78.132330949591008, 11.964611849803202 ], [ 78.13312971627029, 11.964453612126876 ], [ 78.133317944763334, 11.96434065106858 ], [ 78.134057021086932, 11.963748518693398 ], [ 78.134410465032119, 11.963413988088398 ], [ 78.13477314006515, 11.963160917018119 ], [ 78.134773179591022, 11.963160888017567 ], [ 78.135186325569975, 11.963233245283554 ], [ 78.135553521823823, 11.963386847982452 ], [ 78.135553553264856, 11.963386854134077 ], [ 78.135565216092175, 11.963421259312808 ], [ 78.135581192629516, 11.963468251594945 ], [ 78.135640667389509, 11.963537149807673 ], [ 78.135659212210257, 11.963558624252116 ], [ 78.135739915957075, 11.963607852186225 ], [ 78.135851941262871, 11.963676157171257 ], [ 78.136187277866867, 11.96385247842421 ], [ 78.136255961256879, 11.96388858842049 ], [ 78.1363672355711, 11.963972364647898 ], [ 78.136646159771857, 11.964182347323419 ], [ 78.13682001522038, 11.964388536052624 ], [ 78.136848136980362, 11.964421884785397 ], [ 78.136848165726434, 11.964421916422234 ], [ 78.136870053178342, 11.964484965974419 ], [ 78.136912515643516, 11.964607178980478 ], [ 78.136930685866773, 11.964718325205874 ], [ 78.136935444242823, 11.964747415234706 ], [ 78.136940016667623, 11.964986890680143 ], [ 78.136934117431139, 11.965093223569756 ], [ 78.136926265257244, 11.965235566050945 ], [ 78.136921711697056, 11.965389261643642 ], [ 78.13693547298891, 11.96551125717804 ], [ 78.136964407724207, 11.96555117214416 ], [ 78.136981328390902, 11.965574498932758 ], [ 78.137015678170741, 11.965595860729373 ], [ 78.137068641043257, 11.965628782217967 ], [ 78.137228634588638, 11.96568272364043 ], [ 78.137242976192127, 11.96568755790074 ], [ 78.137260971243919, 11.965690275139913 ], [ 78.137422056242329, 11.965714589683811 ], [ 78.137538265002448, 11.965718575026102 ], [ 78.137688328570647, 11.965723685227902 ], [ 78.138055558062163, 11.96576890281999 ], [ 78.138376928558415, 11.965863796992751 ], [ 78.13842607179437, 11.965906527568974 ], [ 78.138574388139332, 11.96603546008174 ], [ 78.138992123611089, 11.966347386607492 ], [ 78.139170313430839, 11.966471554088498 ], [ 78.139290488252911, 11.966555259212024 ], [ 78.13951549557035, 11.96665926707605 ], [ 78.13976790958877, 11.966722577986843 ], [ 78.139865469323553, 11.966714865697014 ], [ 78.139997480347816, 11.966704430905263 ], [ 78.140176576567697, 11.966659183590663 ], [ 78.1404795181259, 11.966546203241641 ], [ 78.140479555855137, 11.966546190938519 ], [ 78.140777471339348, 11.966473722952296 ], [ 78.14086975257355, 11.966451275035457 ], [ 78.141071722595498, 11.966451247792849 ], [ 78.141246156559049, 11.966500991931136 ], [ 78.141246184406825, 11.966501021810107 ], [ 78.141328747666293, 11.966568770666552 ], [ 78.141328776412365, 11.966568795272773 ], [ 78.141512452243546, 11.966740552823751 ], [ 78.141778697622428, 11.966975610571646 ], [ 78.141868409674885, 11.967047446571769 ], [ 78.142049577409807, 11.967192491187406 ], [ 78.142274405064171, 11.967366862745861 ], [ 78.142416841037317, 11.967477293379725 ], [ 78.142692268995006, 11.967712251183713 ], [ 78.142831476423012, 11.967777803640772 ], [ 78.142903442257065, 11.967811687138422 ], [ 78.143339622836521, 11.967897587063028 ], [ 78.143592383604656, 11.967956117949079 ], [ 78.143807845423837, 11.968006002416685 ], [ 78.144155576083818, 11.968071989803031 ], [ 78.144308240274782, 11.968100961713288 ], [ 78.144859159970537, 11.96825007279592 ], [ 78.144859887605918, 11.968250073674719 ], [ 78.145157615342228, 11.96825007279592 ], [ 78.145377967589852, 11.968222963054234 ], [ 78.145377995437599, 11.968222958660284 ], [ 78.145621193639528, 11.968082806815152 ], [ 78.145919648112894, 11.967630842697542 ], [ 78.146069532916371, 11.967406469861134 ], [ 78.146378625239336, 11.966943770161894 ], [ 78.146695394564716, 11.966613759630942 ], [ 78.147062590818564, 11.966532313025835 ], [ 78.147165571886092, 11.966548126042579 ], [ 78.147269259927768, 11.966564007604294 ], [ 78.147568414188726, 11.966656832818119 ], [ 78.147604360274812, 11.96666798382838 ], [ 78.147604389020927, 11.966667998767864 ], [ 78.14785686142983, 11.966835146987068 ], [ 78.148265449357041, 11.967259971839152 ], [ 78.148380289982939, 11.967341351436879 ], [ 78.148698710411821, 11.967704910650296 ], [ 78.148811813695971, 11.967834038275434 ], [ 78.148811837950504, 11.967834066396691 ], [ 78.149197472125579, 11.968209139712515 ], [ 78.149376361732948, 11.968297209238745 ], [ 78.149482141052587, 11.968349277431544 ], [ 78.149504899870308, 11.968349288855793 ], [ 78.14956014356531, 11.96834930115884 ], [ 78.149720827016836, 11.968335679066007 ], [ 78.15001006118213, 11.968195567703598 ], [ 78.150877634320565, 11.967729925408626 ], [ 78.151182492883621, 11.967571976921867 ], [ 78.151226530095457, 11.967549155610225 ], [ 78.151226560638193, 11.967549144185952 ], [ 78.151529489619989, 11.967463148362405 ], [ 78.151648017830155, 11.967456073217116 ], [ 78.151754460106488, 11.967449678255761 ], [ 78.151917754960508, 11.967460258019267 ], [ 78.152021599309037, 11.967466983405687 ], [ 78.152172306969319, 11.967476723923291 ], [ 78.15265885698507, 11.967562510590367 ], [ 78.152821928158602, 11.967587895332638 ], [ 78.153007731200375, 11.967616780294533 ], [ 78.153471840402034, 11.96763917890233 ], [ 78.153756026035438, 11.96765287133346 ], [ 78.153920749210769, 11.96765288803048 ], [ 78.154187588376018, 11.967652875727408 ], [ 78.154655872947103, 11.96754431083771 ], [ 78.1546559133713, 11.967544300292237 ], [ 78.154940466415653, 11.967462970846654 ], [ 78.15497978208235, 11.96744292298999 ], [ 78.155073546435091, 11.967395065789518 ], [ 78.15538638742774, 11.967137441909621 ], [ 78.155551029754704, 11.967001833736958 ], [ 78.155977864261956, 11.966680916152409 ], [ 78.156152343141258, 11.966608622203404 ], [ 78.156304991162543, 11.966533386911969 ], [ 78.156335951598805, 11.966518123140572 ], [ 78.156335980344906, 11.966518104685912 ], [ 78.156496633253681, 11.966518116110237 ], [ 78.156566038889167, 11.966535880928975 ], [ 78.156726201317809, 11.966576859084286 ], [ 78.156891456295781, 11.966667254429815 ], [ 78.157024628841711, 11.966757686654423 ], [ 78.157114690338815, 11.966928199715065 ], [ 78.157143987993521, 11.966983659431524 ], [ 78.157194043019459, 11.96708042939904 ], [ 78.15727258362304, 11.96723226617743 ], [ 78.157342126700769, 11.967461273901487 ], [ 78.157405713049855, 11.967670666835314 ], [ 78.157446334867004, 11.967765009339239 ], [ 78.157584788608474, 11.968086509152526 ], [ 78.157616920447865, 11.968193115883698 ], [ 78.157621562042962, 11.968208508742412 ], [ 78.157674931852299, 11.968265242439182 ], [ 78.157736361346366, 11.968330510034811 ], [ 78.15788780562518, 11.968411882279973 ], [ 78.158199962101563, 11.968470597600028 ], [ 78.15855839259487, 11.96840854728033 ], [ 78.158617705658131, 11.968398275129704 ], [ 78.158892020603176, 11.968237696819997 ], [ 78.159274179196416, 11.968013974791257 ], [ 78.160013230367184, 11.967512236736626 ], [ 78.160495232212654, 11.967295168316031 ], [ 78.160808987690274, 11.967259912960099 ], [ 78.160816579352741, 11.967259061411111 ], [ 78.160816620675234, 11.967259051744401 ], [ 78.161422526249538, 11.967096182625859 ], [ 78.16190408073399, 11.967071654659717 ], [ 78.16222138725189, 11.967055488399147 ], [ 78.16222142587948, 11.967055488399147 ], [ 78.162369968599918, 11.967062617161272 ], [ 78.163066086588287, 11.967096013897789 ], [ 78.163511175760434, 11.967145293036502 ], [ 78.163800578809003, 11.967177320605154 ], [ 78.16427947338191, 11.967263762066942 ], [ 78.165076871028702, 11.967407670289719 ], [ 78.165531324239353, 11.967475406615847 ], [ 78.166040992398976, 11.967606391234693 ], [ 78.166424001696768, 11.967641766060936 ], [ 78.166628551680205, 11.967660634566359 ], [ 78.166901238877955, 11.96766060908144 ], [ 78.167138191093713, 11.967660576566198 ], [ 78.167969098595535, 11.967488662296262 ], [ 78.168478641889308, 11.967420812609401 ], [ 78.168855068332704, 11.967475022584237 ], [ 78.168855100672076, 11.967475029614587 ], [ 78.169075434953371, 11.96753822257639 ], [ 78.169089901422694, 11.967553301744145 ], [ 78.169231540590189, 11.967700948185824 ], [ 78.169311270563242, 11.967918293099187 ], [ 78.169350947352712, 11.968026394716885 ], [ 78.16939234531425, 11.968320142972107 ], [ 78.169392349805833, 11.968320174608461 ], [ 78.169392638165036, 11.968322511305944 ], [ 78.169433648952719, 11.968654640263711 ], [ 78.169433657935855, 11.968654684203088 ], [ 78.169484224103215, 11.968830954754473 ], [ 78.169571432550995, 11.968952916220552 ], [ 78.169657477680474, 11.969003007018868 ], [ 78.169672411273751, 11.969011698210823 ], [ 78.16967589494044, 11.969011694695686 ], [ 78.169745911430297, 11.969011636695816 ], [ 78.16988963109597, 11.968984433000418 ], [ 78.170103933190177, 11.968943852421413 ], [ 78.170563292100596, 11.968780768136554 ], [ 78.1710082797631, 11.968622747324517 ], [ 78.171144755414332, 11.968595524256678 ], [ 78.171325103885707, 11.968559505404166 ], [ 78.171481133165727, 11.968523326607553 ], [ 78.171715272756344, 11.968527767120321 ], [ 78.172032078014297, 11.96858199972166 ], [ 78.172384256233244, 11.968646173150956 ], [ 78.172403856574405, 11.968649745420159 ], [ 78.17240388532052, 11.968649749814094 ], [ 78.173271607579323, 11.968862012822123 ], [ 78.173276827689421, 11.968864763423278 ], [ 78.173657315416236, 11.96906535511043 ], [ 78.173804180982017, 11.969146692861701 ], [ 78.173886823293245, 11.969255108593117 ], [ 78.173948373161565, 11.96940451694698 ], [ 78.173955726770473, 11.969422366818128 ], [ 78.173956908953386, 11.969432316415968 ], [ 78.173987899034046, 11.969693606151358 ], [ 78.17396960574159, 11.970267627873497 ], [ 78.173969604843293, 11.970267671812579 ], [ 78.173969692878174, 11.970615629613096 ], [ 78.173992608901088, 11.97070608160737 ], [ 78.174015605772354, 11.970769369600765 ], [ 78.174038566711005, 11.970807748561791 ], [ 78.174061526751359, 11.970846128396161 ], [ 78.174125769768906, 11.970895862937786 ], [ 78.174346213644696, 11.971049486767184 ], [ 78.174800716262695, 11.971311601869388 ], [ 78.174907583442163, 11.97138122043863 ], [ 78.175126717574244, 11.971523972633911 ], [ 78.175263878640024, 11.971617621316167 ], [ 78.17541134428042, 11.971718304576168 ], [ 78.175617939727786, 11.971844856347001 ], [ 78.17584752665654, 11.971917098805143 ], [ 78.176251505328011, 11.972034618423333 ], [ 78.176660162425492, 11.972152014083081 ], [ 78.176665657420074, 11.972154034388195 ], [ 78.17707796706749, 11.972305625774233 ], [ 78.17767018501182, 11.972468229878553 ], [ 78.177919302213155, 11.972528272145411 ], [ 78.178120120594897, 11.972576667125518 ], [ 78.178693985059653, 11.972761871367885 ], [ 78.17883169769101, 11.972793494035095 ], [ 78.179056644821316, 11.972843206248985 ], [ 78.179263260031618, 11.972843132432013 ], [ 78.179504073206459, 11.972816284146807 ], [ 78.17950662262524, 11.972816000303 ], [ 78.179832555664845, 11.972734595111795 ], [ 78.180112595573164, 11.972657660219301 ], [ 78.180424661319719, 11.972508481266662 ], [ 78.180722973859275, 11.972223591226113 ], [ 78.180727658573502, 11.972219118259398 ], [ 78.180757690151736, 11.972185245859658 ], [ 78.180758371074731, 11.972184478688622 ], [ 78.181012185566701, 11.971898201597236 ], [ 78.181746619396904, 11.970989533807234 ], [ 78.182127558077951, 11.970627878935732 ], [ 78.182343277713684, 11.97047864262054 ], [ 78.182554812996756, 11.970431945069972 ], [ 78.182609600347632, 11.970419850403946 ], [ 78.18284826744727, 11.970428842972298 ], [ 78.182936572738015, 11.970439937584924 ], [ 78.183064052659986, 11.970455950735143 ], [ 78.183481889641342, 11.970586978727342 ], [ 78.183876659682838, 11.970749571562957 ], [ 78.18408330094428, 11.970830902655877 ], [ 78.184266954317593, 11.970876103575536 ], [ 78.184390146580711, 11.970882828876997 ], [ 78.184391951296107, 11.970882926421529 ], [ 78.184514820165731, 11.970889633268433 ], [ 78.185116220688883, 11.970862348035572 ], [ 78.185355253402847, 11.970836146335531 ], [ 78.185488088182211, 11.970821585831082 ], [ 78.185530158981919, 11.97081946972901 ], [ 78.185667134994759, 11.970812578336565 ], [ 78.185886637436099, 11.970869205154308 ], [ 78.185947150648602, 11.970884812282854 ], [ 78.186060058998351, 11.970963913871534 ], [ 78.18625024312378, 11.971097137686293 ], [ 78.186428868626464, 11.97123836359328 ], [ 78.186553264632053, 11.971336715595843 ], [ 78.18666756537047, 11.971409587394868 ], [ 78.186669113167696, 11.971410573383803 ], [ 78.186879253367181, 11.971544546575629 ], [ 78.187200636439854, 11.971698167399886 ], [ 78.18771027944662, 11.971874302392138 ], [ 78.187842043434173, 11.971905520926125 ], [ 78.188206116245794, 11.971991778968937 ], [ 78.188573358313718, 11.97209561865218 ], [ 78.189078420810858, 11.972235682296319 ], [ 78.189307923297974, 11.972321439331949 ], [ 78.18950541611656, 11.972479624069559 ], [ 78.189554003295328, 11.972531527125733 ], [ 78.189666152568662, 11.972651330410326 ], [ 78.18999674876288, 11.973089707338255 ], [ 78.189996782898874, 11.973089746004247 ], [ 78.190056024995215, 11.973158543341954 ], [ 78.190226365336031, 11.973356330317671 ], [ 78.190302461623759, 11.973420181861629 ], [ 78.19035032026882, 11.973460324140261 ], [ 78.190388436684628, 11.973488443064721 ], [ 78.190460534571031, 11.973541601690973 ], [ 78.190657928574936, 11.973622980275872 ], [ 78.190809459990334, 11.97363645095359 ], [ 78.190934884566929, 11.973636416681536 ], [ 78.190952485258265, 11.973636412287677 ], [ 78.190956272555525, 11.97363641140889 ], [ 78.190983892157249, 11.97363640174242 ], [ 78.191082523582153, 11.973613618730075 ], [ 78.191355721023001, 11.97355050012693 ], [ 78.191622767699101, 11.97344260283646 ], [ 78.191993773708077, 11.973292691421451 ], [ 78.192535558435694, 11.97315695979421 ], [ 78.192989940679468, 11.973016773599468 ], [ 78.193462810251745, 11.973016705055169 ], [ 78.193462845286064, 11.973016706812718 ], [ 78.193463265697602, 11.973017008231812 ], [ 78.193482891191636, 11.973031042233066 ], [ 78.19348643594374, 11.973033575734901 ], [ 78.193513346774694, 11.973052805918218 ], [ 78.193839304068803, 11.973215502722718 ], [ 78.194206662019383, 11.973351010233765 ], [ 78.194408644617752, 11.973432257939145 ], [ 78.194451688292929, 11.973464036070443 ], [ 78.194555544319542, 11.973540701829359 ], [ 78.194671218582059, 11.973632118613574 ], [ 78.194858677218917, 11.973780265269435 ], [ 78.195340746438049, 11.974146273737633 ], [ 78.195455163059151, 11.974210823716168 ], [ 78.195652960406619, 11.97432241416408 ], [ 78.195767957339385, 11.974387092400709 ], [ 78.195813665417703, 11.974412799009873 ], [ 78.195857170826898, 11.974429251308717 ], [ 78.195857243590424, 11.974429279429311 ], [ 78.195873413265545, 11.974435393898414 ], [ 78.196061592351256, 11.974471523571234 ], [ 78.196175057656504, 11.974471488420505 ], [ 78.196236030806389, 11.974471468208858 ], [ 78.196254697798011, 11.974466143753062 ], [ 78.19635553189201, 11.974437370248058 ], [ 78.196410482736255, 11.974421688629432 ], [ 78.19664267388103, 11.974351688579347 ], [ 78.19680068125129, 11.974304053173304 ], [ 78.19703946513188, 11.97429046038002 ], [ 78.19728737230254, 11.974308480409521 ], [ 78.197466409233613, 11.974349180574162 ], [ 78.197575291334246, 11.974392505613661 ], [ 78.197659202066617, 11.974425894414146 ], [ 78.197671791955344, 11.974430854181945 ], [ 78.197751042228006, 11.974462059238967 ], [ 78.197833736641471, 11.974489195596538 ], [ 78.197934662363679, 11.974489114749879 ], [ 78.198095398815752, 11.974457478220831 ], [ 78.198246879027181, 11.974413103063661 ], [ 78.198604898092071, 11.974308222051574 ], [ 78.198942116666601, 11.974216171024974 ], [ 78.199284358620176, 11.974122749087096 ], [ 78.199605652759629, 11.974077430076697 ], [ 78.199605688692259, 11.974077428319124 ], [ 78.199654403431779, 11.974080095384103 ], [ 78.199770935585391, 11.974086463825447 ], [ 78.199834494086701, 11.974097995915011 ], [ 78.19989494441711, 11.974108964712999 ], [ 78.199973700616383, 11.97413225473338 ], [ 78.19997420636787, 11.974132405002935 ], [ 78.200032647167006, 11.97414968687694 ], [ 78.200156584133481, 11.974212889701885 ], [ 78.200196380398907, 11.974240106052456 ], [ 78.200262252960371, 11.974285157889888 ], [ 78.200352540832924, 11.974357883896928 ], [ 78.200413750239761, 11.974407188953244 ], [ 78.200503589853014, 11.974495607966622 ], [ 78.200505617350629, 11.974497603648722 ], [ 78.200634202200391, 11.974569889335918 ], [ 78.200785666242126, 11.97462405130196 ], [ 78.200932589300109, 11.974646659354345 ], [ 78.201171283349197, 11.97463296815638 ], [ 78.201273210692889, 11.974610649217368 ], [ 78.201275178901696, 11.974610218621217 ], [ 78.201377845558881, 11.974587736229557 ], [ 78.201690729670645, 11.974483908049351 ], [ 78.201800233405464, 11.974447569231359 ], [ 78.20185355201086, 11.974430039563813 ], [ 78.2019654794003, 11.974393234112586 ], [ 78.202061918037629, 11.974393211264614 ], [ 78.202126170936666, 11.974393190174178 ], [ 78.202286801387544, 11.974447375902374 ], [ 78.202479646322843, 11.974519654572859 ], [ 78.202755200943002, 11.974695862420946 ], [ 78.203058249400712, 11.974971506989199 ], [ 78.203112718747946, 11.975028276174232 ], [ 78.20321436042741, 11.97513420439574 ], [ 78.203214387376889, 11.975134228122423 ], [ 78.203315410117099, 11.975201992389801 ], [ 78.203402608683419, 11.975242618603518 ], [ 78.203540374315395, 11.975278736744396 ], [ 78.203645054097137, 11.975285464572579 ], [ 78.203751581713433, 11.975292311912648 ], [ 78.204072880344441, 11.975242471849672 ], [ 78.204072920768652, 11.975242451638048 ], [ 78.20417232025315, 11.975205725386461 ], [ 78.204219792622652, 11.975188182586585 ], [ 78.204554928004001, 11.975075068715894 ], [ 78.205080957179888, 11.974972280303705 ], [ 78.205087395405513, 11.974971022788921 ], [ 78.205230303892492, 11.974978386851625 ], [ 78.205349110580386, 11.974984508338443 ], [ 78.205610812280526, 11.975020556212549 ], [ 78.205790104333147, 11.975074854296967 ], [ 78.205849592567915, 11.975092867243996 ], [ 78.206028589973087, 11.975201245438964 ], [ 78.206138824038234, 11.975296123118145 ], [ 78.20626843656072, 11.975428546878113 ], [ 78.206501605072489, 11.975666744802085 ], [ 78.206657708912672, 11.975815812165257 ], [ 78.206795505985667, 11.975906168390919 ], [ 78.206905673575477, 11.975928759639505 ], [ 78.207020466590691, 11.975933266816611 ], [ 78.207254581028451, 11.975856334592565 ], [ 78.207600379412241, 11.975690150685036 ], [ 78.207819188354208, 11.975584995115447 ], [ 78.208695892867524, 11.975159900388592 ], [ 78.209462522317537, 11.974825204639624 ], [ 78.210032011986812, 11.974651467970073 ], [ 78.21023373137885, 11.97458992875494 ], [ 78.210871793047033, 11.974386373568215 ], [ 78.211023920943759, 11.97436845811735 ], [ 78.211179343860977, 11.974350153370855 ], [ 78.211326379208359, 11.97434511802752 ], [ 78.211445661105046, 11.97434103439034 ], [ 78.211629288427218, 11.974381593068363 ], [ 78.211703129943572, 11.974414239311033 ], [ 78.211946118838043, 11.974521660800024 ], [ 78.212272061759094, 11.97472943484629 ], [ 78.212403678422973, 11.974776273135614 ], [ 78.212487862243194, 11.974806222394728 ], [ 78.212767954253806, 11.974887530297371 ], [ 78.212977038034509, 11.974910775433537 ], [ 78.212979491333556, 11.974911048729963 ], [ 78.213011246778848, 11.974914577856758 ], [ 78.213369382624748, 11.974887381785798 ], [ 78.213511636239872, 11.974914414406157 ], [ 78.21351166857923, 11.974914424951363 ], [ 78.213681626237715, 11.974977655717952 ], [ 78.214039746812261, 11.975185467200442 ], [ 78.214374910041386, 11.975424938669192 ], [ 78.21459047067529, 11.975599801417207 ], [ 78.214593017399125, 11.975601867392314 ], [ 78.214636724030939, 11.97563732113939 ], [ 78.214644154894998, 11.975649696776419 ], [ 78.214756084979371, 11.975836099303192 ], [ 78.214884774932031, 11.976071096413405 ], [ 78.21493673618302, 11.976291823979809 ], [ 78.214972031888848, 11.976441763608385 ], [ 78.215031165289048, 11.976594380738996 ], [ 78.215045580554417, 11.976631579575207 ], [ 78.215052737432288, 11.976640817989876 ], [ 78.215119065439609, 11.976726446206872 ], [ 78.215169608250761, 11.976780686828922 ], [ 78.215199097246582, 11.976790853209616 ], [ 78.215261417869428, 11.976812338903567 ], [ 78.21536698877992, 11.976821321592771 ], [ 78.215927102732621, 11.976798530061464 ], [ 78.216179092746216, 11.976769281395418 ], [ 78.216317277891434, 11.976753232590227 ], [ 78.216588183729968, 11.97674407063155 ], [ 78.216695345556843, 11.976759753872908 ], [ 78.216803929416812, 11.976775645379558 ], [ 78.216917106362828, 11.976805329031338 ], [ 78.216917998389903, 11.976805562781625 ], [ 78.217010585051312, 11.97682984556878 ], [ 78.21722418556125, 11.976926810609868 ], [ 78.217368747846649, 11.97699243640478 ], [ 78.217607464353634, 11.977101187310351 ], [ 78.217612556902992, 11.977103508114233 ], [ 78.217616631661116, 11.977105364054287 ], [ 78.217740625221452, 11.977150500653499 ], [ 78.217745206629417, 11.97715015705861 ], [ 78.21780026976306, 11.977146011950685 ], [ 78.217859928677711, 11.977118867951194 ], [ 78.21793796173317, 11.977060095633576 ], [ 78.217988423695957, 11.976942586110365 ], [ 78.218060588057682, 11.976735811159832 ], [ 78.218089405113673, 11.976653235761468 ], [ 78.218259156159661, 11.976341281587715 ], [ 78.218497754987325, 11.97604291009303 ], [ 78.218683601148228, 11.975917285626474 ], [ 78.218731892781292, 11.975884642201764 ], [ 78.219145025285499, 11.975771559379432 ], [ 78.219310426688864, 11.975776879415667 ], [ 78.219562762553878, 11.975784983375538 ], [ 78.220233147402624, 11.975947485206628 ], [ 78.220650925095171, 11.976064868620934 ], [ 78.220851588966724, 11.976064764926889 ], [ 78.22085388056901, 11.976064764048139 ], [ 78.220880455430077, 11.976064747351627 ], [ 78.221096263998973, 11.976042077025749 ], [ 78.221412960560841, 11.975928965270139 ], [ 78.221688436129213, 11.975913718725973 ], [ 78.221904189002601, 11.975901776331394 ], [ 78.222021478435991, 11.975918936822875 ], [ 78.222119934689431, 11.975933342390253 ], [ 78.222294409975476, 11.976023688031436 ], [ 78.222400957354679, 11.976125781821015 ], [ 78.222401304104395, 11.976126114872086 ], [ 78.222473525059968, 11.976195317424775 ], [ 78.222675670253423, 11.976665331027219 ], [ 78.222717158944803, 11.976968186146378 ], [ 78.222771669614573, 11.977109266625211 ], [ 78.222891762689983, 11.977420079283437 ], [ 78.223075498708269, 11.97773192588153 ], [ 78.223141370371422, 11.977796740387882 ], [ 78.223141677595279, 11.977797042680381 ], [ 78.223153531763742, 11.977808707303863 ], [ 78.223323474150902, 11.977881036921556 ], [ 78.223529471320276, 11.977914782066133 ], [ 78.223598911990038, 11.977926154058483 ], [ 78.223966227719842, 11.977926030153768 ], [ 78.224169079887389, 11.977907805615263 ], [ 78.224420694405211, 11.977885199593306 ], [ 78.224787920303456, 11.977885070416043 ], [ 78.225104773172177, 11.97790299617875 ], [ 78.225269725417903, 11.977956005426346 ], [ 78.225329717607536, 11.977975283590888 ], [ 78.225503269425474, 11.978059493071916 ], [ 78.225504332132459, 11.978060008901945 ], [ 78.22567408497504, 11.97814237384746 ], [ 78.225813207961423, 11.978223923282444 ], [ 78.226105720977529, 11.978395383435364 ], [ 78.226537421658648, 11.978693517703736 ], [ 78.226652794087201, 11.978749309810613 ], [ 78.226808277191509, 11.978824496005325 ], [ 78.226943411658056, 11.978874027843485 ], [ 78.227042493138953, 11.978910344097095 ], [ 78.227276638119434, 11.978937346437224 ], [ 78.227524556968191, 11.978955314310234 ], [ 78.22776592081027, 11.978922146636807 ], [ 78.227887196068593, 11.978905481074481 ], [ 78.228222701555836, 11.978820340378073 ], [ 78.228226035203875, 11.978819494138028 ], [ 78.228653840789917, 11.978710929341545 ], [ 78.229471012152757, 11.978615643362295 ], [ 78.229523962448866, 11.978615636332226 ], [ 78.229851983173162, 11.978615582728214 ], [ 78.230263309165366, 11.978663508241606 ], [ 78.230315689031244, 11.978669609433547 ], [ 78.230315722268912, 11.978669615584829 ], [ 78.230788635858687, 11.978782414234944 ], [ 78.230788673587924, 11.978782425658746 ], [ 78.231390116331866, 11.978994644676943 ], [ 78.231591264395334, 11.979014399930325 ], [ 78.231592867888125, 11.979014557227174 ], [ 78.231665603578378, 11.979021700612561 ], [ 78.231913478409666, 11.979021609222237 ], [ 78.23200775031053, 11.978982734053726 ], [ 78.232007902125801, 11.978982671662223 ], [ 78.232110874210207, 11.978940209416232 ], [ 78.232251254837976, 11.978825938040474 ], [ 78.232321981895211, 11.978768364714936 ], [ 78.232478188143361, 11.978664878219774 ], [ 78.23258821379936, 11.978591979378987 ], [ 78.232588239850514, 11.978591967955172 ], [ 78.232592523017772, 11.97859109623055 ], [ 78.232877474015808, 11.978533092265073 ], [ 78.233148277446404, 11.978546550395313 ], [ 78.233708552197527, 11.978862763098993 ], [ 78.234196686841457, 11.97914578142386 ], [ 78.234222741577938, 11.979160886306362 ], [ 78.234222780205513, 11.979160902123908 ], [ 78.234308911573251, 11.979187999344273 ], [ 78.234567175420807, 11.979269224203842 ], [ 78.234718680785036, 11.979278227022611 ], [ 78.234865584080083, 11.979260095723124 ], [ 78.235379300946676, 11.977990022097332 ], [ 78.235406799275822, 11.977922037961493 ], [ 78.235483342924582, 11.97776462620223 ], [ 78.235617845875453, 11.977488007305158 ], [ 78.235617862943428, 11.977487971276076 ], [ 78.235713970102395, 11.977268222745927 ], [ 78.236076533744352, 11.976439183564132 ], [ 78.236452748185329, 11.975905753614578 ], [ 78.237448365387763, 11.974305270267818 ], [ 78.237611038607611, 11.974028352561501 ], [ 78.237801596432192, 11.9737039581169 ], [ 78.237814219558572, 11.973636511588792 ], [ 78.237856578717484, 11.973410154199973 ], [ 78.237920637580402, 11.972777392267281 ], [ 78.23798486173331, 11.972542272778638 ], [ 78.238797092362077, 11.971836882327905 ], [ 78.239114903733196, 11.971561566739434 ], [ 78.239329477118588, 11.971375683257632 ], [ 78.241583103129727, 11.970172446127485 ], [ 78.242271638438808, 11.970023074228276 ], [ 78.244919776674976, 11.96824560943009 ], [ 78.244935820585965, 11.968236680940667 ], [ 78.245025387111369, 11.968186804424729 ], [ 78.245083572788928, 11.968010276846815 ], [ 78.245084970567518, 11.96800603756825 ], [ 78.245118037553141, 11.967946773782748 ], [ 78.245185886408208, 11.967825167772485 ], [ 78.245203438590565, 11.967756044803533 ], [ 78.245208836567087, 11.967734785996015 ], [ 78.245208839262048, 11.967734751723212 ], [ 78.245207324702477, 11.967682274774646 ], [ 78.245204126700074, 11.967572065679699 ], [ 78.245185609727116, 11.967210486205266 ], [ 78.245185235129654, 11.967200537404473 ], [ 78.245181013946123, 11.967088415861575 ], [ 78.245176735270419, 11.967004849752296 ], [ 78.2451717559088, 11.966907626300733 ], [ 78.245144130018858, 11.966722368834075 ], [ 78.245101556162624, 11.966572964270391 ], [ 78.245079716321428, 11.966496330807781 ], [ 78.245015437371279, 11.966360791738252 ], [ 78.245009120418189, 11.966305158771446 ], [ 78.245006201791824, 11.96627945490625 ], [ 78.245003152011449, 11.966226100637858 ], [ 78.245001544925415, 11.966198087291962 ], [ 78.245004671960899, 11.966160144437538 ], [ 78.245015309810498, 11.966030846405326 ], [ 78.245042818919444, 11.965886530567065 ], [ 78.245042916835828, 11.965886017350192 ], [ 78.245088558438752, 11.965646570822688 ], [ 78.245134377009848, 11.965343722348065 ], [ 78.24517379328789, 11.965146378574488 ], [ 78.245198480788517, 11.965022779067636 ], [ 78.24518913022473, 11.964661226062734 ], [ 78.245167525742147, 11.964576300578061 ], [ 78.245167278705438, 11.964575333018978 ], [ 78.245133949411766, 11.964444316173491 ], [ 78.245107237108471, 11.964312878318834 ], [ 78.245097193943593, 11.964263461570841 ], [ 78.245097183163821, 11.964233968998872 ], [ 78.245097148129503, 11.964136935250805 ], [ 78.245092849690892, 11.963985906989594 ], [ 78.245092517314234, 11.963974254072678 ], [ 78.245093124575376, 11.963969596420961 ], [ 78.245110792640375, 11.963834144843785 ], [ 78.245131975813067, 11.963790650260416 ], [ 78.245165835112772, 11.963721105313228 ], [ 78.245257618680299, 11.963603563625616 ], [ 78.245301132174347, 11.96357249880224 ], [ 78.245390719361012, 11.963508543869466 ], [ 78.245567569792655, 11.963388897353612 ], [ 78.245698212682768, 11.963300511616433 ], [ 78.246074552887876, 11.963142148382419 ], [ 78.246139448980628, 11.963119707219397 ], [ 78.246207156800224, 11.963096293217342 ], [ 78.246236410437476, 11.963086184322616 ], [ 78.246336192604261, 11.963051684190297 ], [ 78.246379213821555, 11.963025879831978 ], [ 78.246441759921524, 11.962988363631801 ], [ 78.24651057266891, 11.962925043058522 ], [ 78.246551807137095, 11.962839093219676 ], [ 78.246592091187694, 11.962733330667676 ], [ 78.246606891830297, 11.962694471610826 ], [ 78.246675609356274, 11.962414199904652 ], [ 78.246769217402147, 11.961973678946173 ], [ 78.246794705301681, 11.96185372504687 ], [ 78.246794708894953, 11.96185369868258 ], [ 78.246831354768673, 11.961550825747276 ], [ 78.24683777682462, 11.961494549380516 ], [ 78.24686332041972, 11.961270559886376 ], [ 78.24693660498059, 11.960832143578381 ], [ 78.246946757739963, 11.960795717680275 ], [ 78.246987014841096, 11.960651277771808 ], [ 78.247019050560738, 11.960554178584822 ], [ 78.247046680942276, 11.960470435572226 ], [ 78.247086647887556, 11.960407890401983 ], [ 78.247124649319048, 11.960348409641648 ], [ 78.247124667285348, 11.96034838767128 ], [ 78.247148230095249, 11.960326005156988 ], [ 78.247253157812025, 11.960226329169519 ], [ 78.247307814907145, 11.960203733972032 ], [ 78.247395420410285, 11.960167518904754 ], [ 78.247489630327394, 11.960165315716639 ], [ 78.24759281441419, 11.960162901612978 ], [ 78.247741160403564, 11.960176757003403 ], [ 78.247882017138451, 11.960189912856753 ], [ 78.24794971058499, 11.960187392416781 ], [ 78.24800599542742, 11.960185295565346 ], [ 78.248053222556862, 11.960169768670056 ], [ 78.248088555093631, 11.960158151620103 ], [ 78.248088583839703, 11.960158129649709 ], [ 78.248143674821137, 11.960126510777295 ], [ 78.248203306786323, 11.960049640844133 ], [ 78.248277221066232, 11.959911574585444 ], [ 78.248290422707655, 11.95988691326647 ], [ 78.248296760321963, 11.959867139038574 ], [ 78.24834547955308, 11.95971513027057 ], [ 78.248372997645205, 11.959597607054638 ], [ 78.24837299405192, 11.959597564871464 ], [ 78.248368311134342, 11.959380608737542 ], [ 78.248328305561472, 11.959259019966405 ], [ 78.248317743170375, 11.959226924669723 ], [ 78.248290103805701, 11.959064235265128 ], [ 78.248285881723888, 11.959036560401177 ], [ 78.248276306581261, 11.958973819801649 ], [ 78.248266394570422, 11.958893112618473 ], [ 78.24826243030509, 11.958860844151058 ], [ 78.248276101765384, 11.958562571122517 ], [ 78.248321887997108, 11.958268754265097 ], [ 78.248314993427286, 11.958119899567132 ], [ 78.248312664994089, 11.958069832238509 ], [ 78.248312659604196, 11.958069804995088 ], [ 78.248292583155902, 11.958015147572198 ], [ 78.248193145043828, 11.957744478304413 ], [ 78.247977907803445, 11.957355731796008 ], [ 78.247940447157788, 11.957288077302156 ], [ 78.247866891305677, 11.956980707580568 ], [ 78.247866761049963, 11.956772785432957 ], [ 78.24788264416253, 11.956699261994434 ], [ 78.247912629028406, 11.956560368807953 ], [ 78.247990601896731, 11.956424695571281 ], [ 78.248048407586964, 11.956378094901057 ], [ 78.24814199317494, 11.956302651996856 ], [ 78.248298052997669, 11.956261875293933 ], [ 78.24884696855203, 11.956182150709667 ], [ 78.249120466030163, 11.956225662335452 ], [ 78.249533714417069, 11.956067654399877 ], [ 78.249678127582129, 11.955972354286663 ], [ 78.249896481976577, 11.955828259818988 ], [ 78.250286866442835, 11.955484880148713 ], [ 78.250658921684064, 11.954974325262242 ], [ 78.251090597212396, 11.954590287953581 ], [ 78.251398471419833, 11.95408879391889 ], [ 78.251470510017384, 11.953809680390012 ], [ 78.251476623951206, 11.953785991385521 ], [ 78.251720074579737, 11.953573640086248 ], [ 78.252133287034027, 11.95335237721627 ], [ 78.252307786574605, 11.953243963019382 ], [ 78.252431825949017, 11.953045141001622 ], [ 78.2523493004188, 11.952837204405119 ], [ 78.252174995812666, 11.952611087983506 ], [ 78.252150813165201, 11.952380462045696 ], [ 78.252147509161617, 11.952348957392433 ], [ 78.252257815091966, 11.952068747033534 ], [ 78.252482891579646, 11.951743377095625 ], [ 78.252693807025238, 11.951576281069642 ], [ 78.252978920618304, 11.951350393851573 ], [ 78.253104618282762, 11.951248992903135 ], [ 78.253106104096233, 11.951247794160562 ], [ 78.25320845813971, 11.95116522503948 ], [ 78.253243213958044, 11.951112836276069 ], [ 78.253277407431028, 11.951061295587079 ], [ 78.253247883400888, 11.950973953405081 ], [ 78.253247841180055, 11.95097383300339 ], [ 78.253236146013379, 11.950939236411283 ], [ 78.253236117267306, 11.950939207409409 ], [ 78.253211310290737, 11.950914751801191 ], [ 78.253067121704476, 11.95077260831334 ], [ 78.25306179469483, 11.950767357213909 ], [ 78.2530576130372, 11.950762089416338 ], [ 78.252819180397836, 11.950461621770691 ], [ 78.252781944331019, 11.950414696658255 ], [ 78.252707392247274, 11.950056582395057 ], [ 78.252644547008302, 11.949754699020477 ], [ 78.252686130022809, 11.949225876972278 ], [ 78.252686135412688, 11.949225847091398 ], [ 78.252787002744384, 11.94885827305807 ], [ 78.252874619027281, 11.948538977404214 ], [ 78.252890531784232, 11.948492980026755 ], [ 78.25295280569469, 11.948312974279773 ], [ 78.25294363209899, 11.94816829569112 ], [ 78.2529435970647, 11.94816826932553 ], [ 78.252922550435912, 11.948151490253229 ], [ 78.252728042719014, 11.947996455161823 ], [ 78.25245732822161, 11.947639307077297 ], [ 78.252273890443988, 11.947309215872785 ], [ 78.252296893603457, 11.947105822076541 ], [ 78.252407187855724, 11.94681208242514 ], [ 78.252399606973057, 11.946724414573628 ], [ 78.252393511005522, 11.946653902890167 ], [ 78.252298815099863, 11.946589535289355 ], [ 78.252260480393417, 11.946563478007578 ], [ 78.25211409812124, 11.946591288612375 ], [ 78.251975780923672, 11.946617569121523 ], [ 78.251827476256807, 11.946617492660849 ], [ 78.25173713179035, 11.946617445202456 ], [ 78.251579207963417, 11.946602803418271 ], [ 78.251443377302564, 11.946590207616225 ], [ 78.251282726190411, 11.946459015078972 ], [ 78.251282835784863, 11.946246597390976 ], [ 78.251457435038446, 11.945876031185998 ], [ 78.251737651914894, 11.945559736844819 ], [ 78.251836682191836, 11.94542708401783 ], [ 78.252004084143337, 11.945202846568854 ], [ 78.252018016115073, 11.944796031930252 ], [ 78.251976879563273, 11.944567048086629 ], [ 78.251967661051808, 11.944515761022615 ], [ 78.251967654763604, 11.944515736414358 ], [ 78.251966559717275, 11.944513214949547 ], [ 78.251871392196108, 11.944294214786028 ], [ 78.25187135985675, 11.944294194572089 ], [ 78.251742227034654, 11.944220130756982 ], [ 78.251618993449028, 11.944149451436877 ], [ 78.251618956618074, 11.944149431222925 ], [ 78.251215122575388, 11.943923326001968 ], [ 78.251057625448198, 11.943809321946462 ], [ 78.250921424681451, 11.943710734067041 ], [ 78.250692036280384, 11.94343485813865 ], [ 78.250545263241065, 11.943104857606397 ], [ 78.250545256054551, 11.943104823330449 ], [ 78.250524170798187, 11.942842234433252 ], [ 78.250504242571935, 11.942594137875046 ], [ 78.250417607249304, 11.941982369584903 ], [ 78.250412703346171, 11.941947737567956 ], [ 78.250412698854589, 11.941947711201754 ], [ 78.250357831553671, 11.94160413024191 ], [ 78.250357825265453, 11.941604094208044 ], [ 78.250338321942309, 11.9415237993119 ], [ 78.250252430424723, 11.94117022938606 ], [ 78.250109777059293, 11.940941664338398 ], [ 78.249995618254687, 11.940758750639965 ], [ 78.249770831024492, 11.940496483774858 ], [ 78.249945345836451, 11.940284107112722 ], [ 78.250308149328575, 11.939995003186878 ], [ 78.250419063418363, 11.939860979217904 ], [ 78.25046887140762, 11.939800792596102 ], [ 78.250468868712673, 11.939800761835279 ], [ 78.250482246423871, 11.93940552011207 ], [ 78.250492120705474, 11.939113727624857 ], [ 78.250359223044043, 11.938715951076359 ], [ 78.250270148795423, 11.938543159749258 ], [ 78.250079511919083, 11.938173349395049 ], [ 78.24993160700248, 11.937903347581205 ], [ 78.249799677724923, 11.937662511385726 ], [ 78.249396044904827, 11.937187700719379 ], [ 78.248847571321576, 11.93671031495032 ], [ 78.248847549762004, 11.93671029122029 ], [ 78.248564679262202, 11.93633294010897 ], [ 78.247752049781454, 11.935248897685639 ], [ 78.245883023086165, 11.933260859645724 ], [ 78.245640578570757, 11.933178070589998 ], [ 78.245552446654855, 11.933147972583683 ], [ 78.245455995441134, 11.932985264874512 ], [ 78.24308648585999, 11.930536446951088 ], [ 78.243457413715547, 11.929889238291192 ], [ 78.24348548337322, 11.92984025735392 ], [ 78.243485507627739, 11.929840219560635 ], [ 78.24276475603763, 11.928390582312671 ], [ 78.242451926723078, 11.927761386386731 ], [ 78.2422517425519, 11.927807941002548 ], [ 78.241809310596381, 11.927910843128535 ], [ 78.240973470445311, 11.92675854064613 ], [ 78.240973435411036, 11.926758499336769 ], [ 78.240605936424927, 11.926382784995083 ], [ 78.239444352778818, 11.925195238920027 ], [ 78.238635962447887, 11.923825981602944 ], [ 78.237033312285476, 11.921946310323445 ], [ 78.237969425981788, 11.921254402854087 ], [ 78.236973574319094, 11.920115374926857 ], [ 78.23599022990004, 11.918990700716625 ], [ 78.234430008066809, 11.918951615648261 ], [ 78.234388374746658, 11.918950573215637 ], [ 78.234388344203936, 11.91895056266827 ], [ 78.234493881876801, 11.918887265201784 ], [ 78.234833489071619, 11.918683747244801 ], [ 78.235140880883776, 11.918412426940348 ], [ 78.235792476570026, 11.917964712291582 ], [ 78.237688902779823, 11.919817136592277 ], [ 78.238868998009025, 11.921208829769684 ], [ 78.239107884297553, 11.921669799627201 ], [ 78.240297281581519, 11.923197134574272 ], [ 78.24113813882343, 11.92533016225039 ], [ 78.241647992035979, 11.926261074182909 ], [ 78.241974054432958, 11.92666329438379 ], [ 78.242231213352724, 11.926848462361484 ], [ 78.242460756264023, 11.92699304686162 ], [ 78.242722454370877, 11.927051670966788 ], [ 78.24292433995123, 11.927028978957072 ], [ 78.24433329267714, 11.926481521562636 ], [ 78.248391664636785, 11.928143217849389 ], [ 78.24884772044193, 11.928985112343758 ], [ 78.249844553064918, 11.930376313763659 ], [ 78.250358285202879, 11.931122364244874 ], [ 78.252468553569415, 11.933559592083634 ], [ 78.252642919261021, 11.933772156826562 ], [ 78.252727966362229, 11.933709539571781 ], [ 78.254796443305096, 11.932186583638757 ], [ 78.255406711996727, 11.932742858982019 ], [ 78.255659020013965, 11.932973516580649 ], [ 78.255888486568466, 11.933177005360584 ], [ 78.256470716145131, 11.934745667170953 ], [ 78.256819174440452, 11.935681443100265 ], [ 78.25684204375095, 11.935735684041083 ], [ 78.2548491923786, 11.937316774351359 ], [ 78.256463952729334, 11.939505196734784 ], [ 78.257000697009943, 11.940219580678775 ], [ 78.258083922410449, 11.9403523028507 ], [ 78.258111445892439, 11.940355675109052 ], [ 78.258126634607251, 11.940356887961878 ], [ 78.260842618105272, 11.940573764423313 ], [ 78.261581607292257, 11.940583120081406 ], [ 78.262642061298664, 11.940448028565909 ], [ 78.26347755739495, 11.940339884291564 ], [ 78.26397825857137, 11.940250611269562 ], [ 78.264031133408992, 11.940241184410768 ], [ 78.264371373916148, 11.940180518884095 ], [ 78.26471705641724, 11.940118883060705 ], [ 78.266351302124818, 11.939762519976018 ], [ 78.267342916434359, 11.93959118738049 ], [ 78.269119475944208, 11.939329734987933 ], [ 78.270010001038159, 11.939275821710719 ], [ 78.270983100171392, 11.939258186934925 ], [ 78.271962790243848, 11.939125928277244 ], [ 78.272084852426318, 11.939109450101636 ], [ 78.272415567198166, 11.938530959070626 ], [ 78.272755561566925, 11.937920908618663 ], [ 78.272668458222029, 11.93758642519448 ], [ 78.272581327029357, 11.937224781050707 ], [ 78.271884236165491, 11.935805209810885 ], [ 78.271379533892798, 11.935294313725384 ], [ 78.271043781368817, 11.934937987362465 ], [ 78.270870799082772, 11.934754404286732 ], [ 78.270842671932925, 11.934724553425507 ], [ 78.270039566390807, 11.934208960225735 ], [ 78.269635760195868, 11.933896901745564 ], [ 78.268443002314427, 11.932341563616772 ], [ 78.267695191671351, 11.931297215189877 ], [ 78.266892391556453, 11.930203019656576 ], [ 78.266543814683473, 11.929660532772692 ], [ 78.2657681643514, 11.929370935871178 ], [ 78.265272523384965, 11.92917181332222 ], [ 78.264561143918201, 11.929004267433074 ], [ 78.26356969939026, 11.928963162300771 ], [ 78.263111060030397, 11.928144835938328 ], [ 78.262643161734871, 11.927444065419408 ], [ 78.262726016946786, 11.926865582895832 ], [ 78.262753704820497, 11.926440731581739 ], [ 78.262992922587387, 11.925274653572167 ], [ 78.262176277637323, 11.924347760242117 ], [ 78.261107368687476, 11.923027441272376 ], [ 78.260399436954771, 11.922155233059858 ], [ 78.260006405153362, 11.921670999379575 ], [ 78.259552263658094, 11.921037984690035 ], [ 78.258736190036558, 11.919048873013557 ], [ 78.259448213595363, 11.917702172881066 ], [ 78.258829009361605, 11.916621679058164 ], [ 78.259288435645686, 11.915790199659222 ], [ 78.258925981598225, 11.915329031719709 ], [ 78.258724218188775, 11.915066705984863 ], [ 78.258389738577577, 11.913787482707921 ], [ 78.257966147886805, 11.91241673600414 ], [ 78.257949700632281, 11.912363511764061 ], [ 78.26190178662246, 11.911967454811853 ], [ 78.262089844435621, 11.912234208275519 ], [ 78.262461151380236, 11.913224222908395 ], [ 78.263157952986532, 11.915190708872355 ], [ 78.263561352244665, 11.91631177488658 ], [ 78.264267378650629, 11.918246627034595 ], [ 78.26501999258555, 11.918658297271671 ], [ 78.266144147027063, 11.919540164037855 ], [ 78.26726817390778, 11.920675126632378 ], [ 78.267658185573225, 11.921163414887063 ], [ 78.267993069426311, 11.921561343750289 ], [ 78.268460691040715, 11.922827123109226 ], [ 78.268579679188278, 11.923658805079553 ], [ 78.269359757316408, 11.924332561770649 ], [ 78.269882837323181, 11.92482092870012 ], [ 78.270401246988811, 11.925309329028684 ], [ 78.270965632430688, 11.925888068001642 ], [ 78.271259130898642, 11.926417056883826 ], [ 78.271823411237619, 11.927181135270715 ], [ 78.272534602058158, 11.927841325002532 ], [ 78.273323823239238, 11.928542250063435 ], [ 78.273952388816582, 11.929333451043801 ], [ 78.274378917896613, 11.930138183203569 ], [ 78.275025693223085, 11.931440160792016 ], [ 78.275032991136442, 11.931442274565248 ], [ 78.275759995000968, 11.931652869579567 ], [ 78.276723787587812, 11.932091680298173 ], [ 78.277370877324628, 11.932354132835107 ], [ 78.278320875381993, 11.932738624424543 ], [ 78.279725552127132, 11.932617125643958 ], [ 78.280584010060409, 11.932418563583211 ], [ 78.281414951698224, 11.931867384352959 ], [ 78.282259815426315, 11.931153582205775 ], [ 78.283196663046226, 11.930019391186885 ], [ 78.283894548919093, 11.929517856059073 ], [ 78.284537306081319, 11.929161026396363 ], [ 78.285932371751244, 11.929916350992702 ], [ 78.286446403028165, 11.930344098148897 ], [ 78.286464741236372, 11.930359357807328 ], [ 78.286964843236532, 11.930775509684862 ], [ 78.287336485252709, 11.931408461222542 ], [ 78.289213762973901, 11.931698328409299 ], [ 78.289975639437714, 11.931987813840907 ], [ 78.290755874770994, 11.932096593380935 ], [ 78.291169076445499, 11.931843551925565 ], [ 78.292523490653878, 11.930854158930639 ], [ 78.293538983980284, 11.929842710400049 ], [ 78.293662216667613, 11.929719968417228 ], [ 78.292643690628807, 11.928440531199955 ], [ 78.291560746400975, 11.92748191965452 ], [ 78.289472751761892, 11.925872140107959 ], [ 78.288669686643971, 11.925248115225514 ], [ 78.287811607799753, 11.924642196620649 ], [ 78.287031346415318, 11.924420430229452 ], [ 78.283400871669883, 11.9238496978368 ], [ 78.281193080399476, 11.923731378568769 ], [ 78.280224675861945, 11.923586448667455 ], [ 78.280227511843293, 11.923350675600206 ], [ 78.280253055438394, 11.921227007146859 ], [ 78.280281102638199, 11.919816736672106 ], [ 78.280268004303025, 11.918126347021113 ], [ 78.280282251583458, 11.916860747899491 ], [ 78.279989168137163, 11.914939623160567 ], [ 78.278902053929784, 11.91314483109956 ], [ 78.278085620982125, 11.911571572197538 ], [ 78.27662706867612, 11.909044333567474 ], [ 78.275998429436925, 11.908596611384915 ], [ 78.275356199585801, 11.907629091569643 ], [ 78.274700306359179, 11.906670612216864 ], [ 78.273975535706498, 11.905549429938914 ], [ 78.273067353327292, 11.904134326200076 ], [ 78.272328851925479, 11.903058273612562 ], [ 78.271420462035451, 11.902000286432694 ], [ 78.269878808379133, 11.900892220765609 ], [ 78.26943836259872, 11.900521466917077 ], [ 78.269020773552356, 11.900250057273107 ], [ 78.270242040367663, 11.899405358420713 ], [ 78.271632850718078, 11.898863515854348 ], [ 78.272890485827631, 11.898773617396291 ], [ 78.273119968551825, 11.898760060370101 ], [ 78.274055684294453, 11.900080281950519 ], [ 78.275074578642545, 11.900107839770238 ], [ 78.276070535408138, 11.900130782789139 ], [ 78.276763594632996, 11.90019887610374 ], [ 78.277300496118741, 11.900226195700014 ], [ 78.279205405119754, 11.899738659159722 ], [ 78.280072944122239, 11.899567213396953 ], [ 78.280568303915985, 11.900254476050154 ], [ 78.28151809086927, 11.901163301020357 ], [ 78.282389759427119, 11.901981766715561 ], [ 78.283596461856717, 11.903157316642385 ], [ 78.28428013278851, 11.903577960585508 ], [ 78.28591389610078, 11.90418414594259 ], [ 78.288043243785651, 11.905057284715756 ], [ 78.289998215897427, 11.905808211983993 ], [ 78.291553880577254, 11.906391747855247 ], [ 78.292650754081876, 11.90677182327185 ], [ 78.292411874081537, 11.907472299076119 ], [ 78.291608174753037, 11.908950108618175 ], [ 78.291350838865142, 11.90972742260012 ], [ 78.291300066085284, 11.910545556618674 ], [ 78.291001378948266, 11.911770371013533 ], [ 78.290840497867407, 11.912430282680409 ], [ 78.291445820435072, 11.914053101399192 ], [ 78.291578795351654, 11.91454130575779 ], [ 78.292744340568163, 11.915160871679806 ], [ 78.293143895036863, 11.914650247868602 ], [ 78.294552688760973, 11.915450731613268 ], [ 78.295947836177618, 11.916192482842732 ], [ 78.297526477067436, 11.916916106239448 ], [ 78.299118987945235, 11.917630765028603 ], [ 78.299898713933715, 11.919357612971623 ], [ 78.300472169665028, 11.920519413102973 ], [ 78.300751906841143, 11.921296938311855 ], [ 78.300937301149474, 11.921751497916279 ], [ 78.300937705391334, 11.921752487601822 ], [ 78.300939956569465, 11.921758010855616 ], [ 78.300958640629062, 11.921771175606185 ], [ 78.301729319684355, 11.922314210024085 ], [ 78.302307507740537, 11.92274824740737 ], [ 78.303569786241823, 11.922721467985141 ], [ 78.304854929561998, 11.922735462404569 ], [ 78.306167688890667, 11.92284424741308 ], [ 78.306782673737516, 11.922975519936703 ], [ 78.307907135402843, 11.923368999615862 ], [ 78.309031616831092, 11.923843951376741 ], [ 78.309903576443105, 11.924137966414891 ], [ 78.310321217591735, 11.924612664576838 ], [ 78.3110278835982, 11.925349570728937 ], [ 78.311688686117833, 11.92602322038694 ], [ 78.312344837160921, 11.926868621331321 ], [ 78.313601936874576, 11.929083665149575 ], [ 78.31431318698391, 11.929861316987125 ], [ 78.314873044018455, 11.930467086823173 ], [ 78.315850550286427, 11.93118146294702 ], [ 78.316617077328473, 11.931484486745408 ], [ 78.317126508332848, 11.931724200792278 ], [ 78.318453002902189, 11.932158428782387 ], [ 78.319536219319573, 11.932380163358394 ], [ 78.319802685683982, 11.931354157013494 ], [ 78.320179254061188, 11.930694360795652 ], [ 78.320624550744157, 11.930192743419521 ], [ 78.321037810809145, 11.92971818158634 ], [ 78.321170897116787, 11.929609749142024 ], [ 78.321625307208308, 11.929754502679355 ], [ 78.322951859269864, 11.929994320209401 ], [ 78.324103893824514, 11.930071367424746 ], [ 78.32432447783745, 11.930081926676143 ], [ 78.324388534903747, 11.930084994079703 ], [ 78.324829280721488, 11.929746096752774 ], [ 78.325582147082997, 11.929072746382895 ], [ 78.32614226462897, 11.928675147583689 ], [ 78.326867482642683, 11.928453816916907 ], [ 78.327657067641425, 11.928069730586037 ], [ 78.328543138888236, 11.927306070431964 ], [ 78.329130829323518, 11.926619134637866 ], [ 78.32965422284235, 11.925724268704897 ], [ 78.330379668129837, 11.924418133583904 ], [ 78.331114399302365, 11.922849803165285 ], [ 78.331504714598395, 11.92224420792725 ], [ 78.331248263551075, 11.918949173051056 ], [ 78.329871530699464, 11.917430182712231 ], [ 78.329440271091116, 11.916652669280078 ], [ 78.328825397635342, 11.915707886062732 ], [ 78.328251720918473, 11.91528286170556 ], [ 78.326617844418493, 11.914622639665005 ], [ 78.325773776597728, 11.912538804611922 ], [ 78.325305836979723, 11.911327308364612 ], [ 78.324984633570097, 11.910703485611075 ], [ 78.323507516680451, 11.907173096672198 ], [ 78.322989151930571, 11.905997834843998 ], [ 78.322704757888033, 11.90521131856557 ], [ 78.323618480177572, 11.903326641753909 ], [ 78.324421933367702, 11.901875929439354 ], [ 78.325464050064184, 11.900673796304902 ], [ 78.32639136296568, 11.899584630119884 ], [ 78.325079036624999, 11.898237424760341 ], [ 78.32345932835365, 11.896469766764298 ], [ 78.321912989983119, 11.894751863371573 ], [ 78.321229310068148, 11.894091868347727 ], [ 78.319673604065855, 11.893445161788984 ], [ 78.317732304312699, 11.892942948195806 ], [ 78.316300594565689, 11.892083838601755 ], [ 78.315603194681358, 11.891252054704038 ], [ 78.313914707798602, 11.88946168341935 ], [ 78.311863797411107, 11.887345828599093 ], [ 78.310216661777488, 11.885605277618582 ], [ 78.309051245020072, 11.884366457097626 ], [ 78.307954723655044, 11.883240894807546 ], [ 78.307729905882127, 11.883010122022583 ], [ 78.309148475073144, 11.881188953682363 ], [ 78.312121666898264, 11.883865512818275 ], [ 78.314369943441889, 11.885913655593598 ], [ 78.316246594139017, 11.887708475353076 ], [ 78.317691951990128, 11.889001523906812 ], [ 78.31887115070063, 11.890163494248611 ], [ 78.319353012408939, 11.890556764764675 ], [ 78.321307862349855, 11.891533504896852 ], [ 78.323184725947712, 11.892537366745923 ], [ 78.324405433112545, 11.893197515855556 ], [ 78.324859726423114, 11.893577274806407 ], [ 78.325864829834927, 11.893749298351677 ], [ 78.328063089980191, 11.894066113685398 ], [ 78.328852374941633, 11.894540817807602 ], [ 78.330178506591608, 11.895951289804387 ], [ 78.331022833127165, 11.896756040016042 ], [ 78.332509658110084, 11.898116770217921 ], [ 78.333537588611605, 11.898907955244653 ], [ 78.334074525131669, 11.899161166279489 ], [ 78.335350253209356, 11.899925277403304 ], [ 78.336272709818417, 11.900476840561785 ], [ 78.337369726155174, 11.899912079949559 ], [ 78.33923338990823, 11.897932561874743 ], [ 78.33995456190992, 11.897268826434727 ], [ 78.340009221700001, 11.897218519327701 ], [ 78.340139108208632, 11.897385810574095 ], [ 78.341188523716795, 11.898737448623692 ], [ 78.342032861930406, 11.89975453232948 ], [ 78.34225763927914, 11.899999280350826 ], [ 78.342904684998501, 11.900703812647881 ], [ 78.344377800791875, 11.902258895177555 ], [ 78.345341513428693, 11.903303159299435 ], [ 78.345507870639551, 11.903484385957469 ], [ 78.346295948265265, 11.904342892582397 ], [ 78.347365271338433, 11.905545368997576 ], [ 78.348021504128212, 11.906232466228728 ], [ 78.349180330844717, 11.907378957841265 ], [ 78.349208186703351, 11.907406518436908 ], [ 78.350100423087937, 11.908289246227246 ], [ 78.352445544307429, 11.91046367213065 ], [ 78.35379483542377, 11.911770051946878 ], [ 78.354262957399769, 11.912285333560964 ], [ 78.354868792905464, 11.912538550589874 ], [ 78.355575563116517, 11.912972484063355 ], [ 78.357053452557309, 11.913591868102907 ], [ 78.358205595808116, 11.912629281272732 ], [ 78.358940041316416, 11.911702672619782 ], [ 78.359798448045751, 11.909646199736235 ], [ 78.360003899937752, 11.909023318026069 ], [ 78.36002804934752, 11.908950105102249 ], [ 78.36001793431744, 11.908908466907596 ], [ 78.359720619806154, 11.907684551116516 ], [ 78.359128682136202, 11.905795148422516 ], [ 78.358793793791563, 11.904443573591189 ], [ 78.358582687903123, 11.903571269652561 ], [ 78.358486472048014, 11.901686413579176 ], [ 78.358137725393448, 11.901103334357956 ], [ 78.356852766227917, 11.899453391999838 ], [ 78.355448521572413, 11.897559369991217 ], [ 78.353906614591196, 11.895249539614641 ], [ 78.353319273600547, 11.894340978806438 ], [ 78.35313114571882, 11.894160166229957 ], [ 78.354682644910625, 11.891665233824588 ], [ 78.356142047022885, 11.891823600996817 ], [ 78.357202279145397, 11.891891468720971 ], [ 78.358900404052818, 11.89192777641254 ], [ 78.360190029067979, 11.89204995443129 ], [ 78.363058416245508, 11.892099915275374 ], [ 78.364958451886096, 11.8919192216373 ], [ 78.365520083093301, 11.891861336251679 ], [ 78.365747905730814, 11.891837854565219 ], [ 78.367143176216629, 11.890124875321566 ], [ 78.367368094600863, 11.889781353601816 ], [ 78.367785793241666, 11.888556489370728 ], [ 78.368093362021881, 11.887449102944505 ], [ 78.368052054790184, 11.886499860761589 ], [ 78.367974163668521, 11.885125803965101 ], [ 78.367786096872223, 11.882599102814238 ], [ 78.367556781234697, 11.880565179595065 ], [ 78.367208003139126, 11.879706364104678 ], [ 78.366377419929108, 11.878644098194034 ], [ 78.366125030165193, 11.878219166231389 ], [ 78.36541368842768, 11.877455264040425 ], [ 78.364436304330567, 11.876361361599805 ], [ 78.364037098408218, 11.875385049658924 ], [ 78.363995781295017, 11.874896859410692 ], [ 78.363807688447565, 11.873830135321754 ], [ 78.363633366773414, 11.872962322141507 ], [ 78.362724857407457, 11.871655942349502 ], [ 78.361811662428991, 11.870096540876679 ], [ 78.361210608655526, 11.868934878764138 ], [ 78.360770058670511, 11.868274854574198 ], [ 78.360297463982675, 11.867420590206805 ], [ 78.359375196918151, 11.866539057331728 ], [ 78.35851704890365, 11.866114115286166 ], [ 78.357406488667351, 11.865549048671362 ], [ 78.356800824739878, 11.865259707885388 ], [ 78.356667745618736, 11.86496588062945 ], [ 78.356465890581106, 11.864586189039033 ], [ 78.355878513657885, 11.86379068272648 ], [ 78.354593765596405, 11.862077423381834 ], [ 78.353790877446613, 11.860744014263556 ], [ 78.353256996096832, 11.859482808588435 ], [ 78.353232119051697, 11.85942404068722 ], [ 78.352983383634339, 11.858836438343438 ], [ 78.352464930849592, 11.857647679578733 ], [ 78.351928237772967, 11.855590965415917 ], [ 78.351740259909874, 11.854863222785852 ], [ 78.351703569120417, 11.854758910997777 ], [ 78.351538364448075, 11.854289221732179 ], [ 78.351497325812645, 11.85191168842657 ], [ 78.351497483017837, 11.85060544343693 ], [ 78.351392175313691, 11.848657316799832 ], [ 78.350176124116956, 11.848566773167059 ], [ 78.348005682999428, 11.848485116213068 ], [ 78.34780392408156, 11.84736418502902 ], [ 78.349281616791316, 11.84673877215068 ], [ 78.349387501213869, 11.846693957634013 ], [ 78.350483823152899, 11.846229940172282 ], [ 78.351231890714189, 11.845872964375108 ], [ 78.351525606574427, 11.845448135217177 ], [ 78.351461386913059, 11.844711292335903 ], [ 78.351420370735525, 11.842763227405166 ], [ 78.350199772266805, 11.842220691961147 ], [ 78.349103173646654, 11.841655586434698 ], [ 78.3473779591435, 11.840679070301849 ], [ 78.347070554754964, 11.840439439598375 ], [ 78.347079675350045, 11.839361123889965 ], [ 78.347079920590133, 11.839331988788844 ], [ 78.349291689600605, 11.83844639998054 ], [ 78.350337977174945, 11.837858891414804 ], [ 78.350709628174315, 11.83757867474762 ], [ 78.350053622658294, 11.836760505391782 ], [ 78.350526300889427, 11.836209125435808 ], [ 78.350163835163855, 11.8356259975971 ], [ 78.350228126690425, 11.835210172412671 ], [ 78.350751341444536, 11.83448248802828 ], [ 78.350778944876566, 11.833917491353862 ], [ 78.350734557321758, 11.833842262417113 ], [ 78.350709665005226, 11.833800076420932 ], [ 78.349976124100408, 11.832556858408434 ], [ 78.348838353894152, 11.830735200362332 ], [ 78.348191822011131, 11.829700547061968 ], [ 78.348154818607952, 11.829641329618763 ], [ 78.346773984947077, 11.827005936874407 ], [ 78.346228104800034, 11.82596625335948 ], [ 78.345585986340012, 11.824198878772615 ], [ 78.345113498551697, 11.823471157183597 ], [ 78.344074575366065, 11.821738665265711 ], [ 78.344067301707199, 11.821726535849276 ], [ 78.343682199334808, 11.821084338973353 ], [ 78.342663818823056, 11.819913532432272 ], [ 78.341833400004731, 11.819158562303601 ], [ 78.340438779899202, 11.817960555103864 ], [ 78.339044195726274, 11.816509439806365 ], [ 78.338186380088388, 11.815148814393115 ], [ 78.33783790742001, 11.813774635040948 ], [ 78.337773772200308, 11.81303786775155 ], [ 78.336994162094456, 11.810587939355587 ], [ 78.336434620368593, 11.809584376731028 ], [ 78.335709837139476, 11.808793287129498 ], [ 78.333260311022741, 11.805827727388598 ], [ 78.332402460350622, 11.804837729249302 ], [ 78.331544753408906, 11.803373123380211 ], [ 78.330489824041535, 11.801714096044851 ], [ 78.329994655588948, 11.800222347015822 ], [ 78.329137080699581, 11.798219834344957 ], [ 78.328970401891866, 11.797853331613002 ], [ 78.328914502426699, 11.797730415902647 ], [ 78.32889860224617, 11.797695453389226 ], [ 78.327160190593148, 11.795480328141357 ], [ 78.325724544428596, 11.793843817221067 ], [ 78.322458411091048, 11.791759465404574 ], [ 78.321522721399504, 11.790981838396444 ], [ 78.320100778136293, 11.789553166791066 ], [ 78.319032128799563, 11.788260236000689 ], [ 78.31747724475575, 11.786573936695927 ], [ 78.315927013086778, 11.78484691789553 ], [ 78.315271039011833, 11.784394722693561 ], [ 78.314303269583178, 11.783612540721686 ], [ 78.312872164402364, 11.782685625287533 ], [ 78.314593466742465, 11.78136863719503 ], [ 78.314744257946046, 11.781253263680144 ], [ 78.314932405590724, 11.781144823242942 ], [ 78.315042470772624, 11.781081546588453 ], [ 78.318226696620869, 11.779378193019481 ], [ 78.321594314432716, 11.778050040894788 ], [ 78.324301109063654, 11.777309384795846 ], [ 78.326980414348625, 11.776545992280576 ], [ 78.328283452109275, 11.775981266642454 ], [ 78.329728211682422, 11.777486715719839 ], [ 78.33146664758992, 11.779281395070702 ], [ 78.333269184581141, 11.781207224888085 ], [ 78.334328712424465, 11.782305823051763 ], [ 78.33542962205965, 11.783458562291523 ], [ 78.337493808648759, 11.785330237078735 ], [ 78.338998325052913, 11.786632234826149 ], [ 78.344034884203552, 11.792504369390963 ], [ 78.34501652541681, 11.793485406599851 ], [ 78.34820954487337, 11.794331053895267 ], [ 78.35124230308665, 11.792853319439761 ], [ 78.353824999952664, 11.79581870731776 ], [ 78.355458051799246, 11.797798599825704 ], [ 78.357251728706828, 11.799963880788397 ], [ 78.359045458615029, 11.80199801181042 ], [ 78.361926464427341, 11.805415407612079 ], [ 78.364495594935974, 11.808529848603618 ], [ 78.366908849776465, 11.811409241627517 ], [ 78.367413428979987, 11.812014918656315 ], [ 78.368647593806102, 11.813176616995044 ], [ 78.369583554788846, 11.814627598713647 ], [ 78.370065255698691, 11.815576760184237 ], [ 78.370684608154477, 11.816422049174914 ], [ 78.372129916598269, 11.817425590267259 ], [ 78.372744702019133, 11.818193974090221 ], [ 78.373873346240444, 11.819898086337295 ], [ 78.3743275596009, 11.820345511005693 ], [ 78.375396637433994, 11.821245075396844 ], [ 78.377034676727064, 11.822483582740897 ], [ 78.379067251601313, 11.824015833002665 ], [ 78.380567654619753, 11.825715396701035 ], [ 78.381907505340749, 11.827460129769211 ], [ 78.383004141690151, 11.829467032380457 ], [ 78.38319222016456, 11.830361997408213 ], [ 78.38292610414311, 11.831736033699487 ], [ 78.382505950406625, 11.833484166134365 ], [ 78.382494824771811, 11.83353045375871 ], [ 78.383247356960055, 11.834457081183091 ], [ 78.384637650779183, 11.836197270096916 ], [ 78.386032672431696, 11.838556683422773 ], [ 78.386298772283467, 11.839352243917995 ], [ 78.386968778043183, 11.842172644778586 ], [ 78.387211987024884, 11.843732103832414 ], [ 78.387345135316295, 11.84531405323453 ], [ 78.387345174842167, 11.846317531404905 ], [ 78.388657553285142, 11.84724408822054 ], [ 78.389676291326367, 11.84832428942156 ], [ 78.391530179612502, 11.850398895803401 ], [ 78.392682065945095, 11.851768446957708 ], [ 78.393163888127546, 11.852455499628311 ], [ 78.39354028672318, 11.853933508391977 ], [ 78.393480032225497, 11.854613604127033 ], [ 78.39347672822187, 11.854650894406889 ], [ 78.393430164947418, 11.855176461219024 ], [ 78.393426254580987, 11.85523362382054 ], [ 78.393379764968401, 11.855913282015202 ], [ 78.393645914227548, 11.85675849289774 ], [ 78.394316020598566, 11.858792466272924 ], [ 78.394903463098814, 11.859741613318082 ], [ 78.396137904606078, 11.860374345117641 ], [ 78.396968512968897, 11.861246650300767 ], [ 78.397932246266933, 11.861775472146608 ], [ 78.399391568429152, 11.86260700758139 ], [ 78.400410409776654, 11.86326688197191 ], [ 78.400681160206631, 11.863845480431818 ], [ 78.403278955057658, 11.868758511682776 ], [ 78.403223995230263, 11.869942699897024 ], [ 78.402902988551674, 11.873061500955648 ], [ 78.403146285568297, 11.873545168910974 ], [ 78.406143208188226, 11.87610771794054 ], [ 78.407244690948602, 11.876817304408073 ], [ 78.410035068426836, 11.878114253295962 ], [ 78.414376825620991, 11.880143285192036 ], [ 78.417040614306018, 11.880065060805782 ], [ 78.419787588783024, 11.879984395207901 ], [ 78.420094730863482, 11.879763419590965 ], [ 78.42216916812832, 11.878270953704259 ], [ 78.425629070767584, 11.875874881167912 ], [ 78.427771937199154, 11.874238311589389 ], [ 78.429268140593649, 11.874631255227506 ], [ 78.430713737396644, 11.874762087747889 ], [ 78.43529363527766, 11.873866332018594 ], [ 78.436954542084578, 11.872279478380122 ], [ 78.441483216231433, 11.868346226152424 ], [ 78.437756319916687, 11.865585251742504 ], [ 78.435668006375664, 11.864238674655889 ], [ 78.433070256440416, 11.862232346614071 ], [ 78.433496753181132, 11.860672824435342 ], [ 78.434409347186687, 11.857666854637188 ], [ 78.435427700748988, 11.855551371883662 ], [ 78.435078781617889, 11.854665464657462 ], [ 78.435239289897893, 11.85419082030003 ], [ 78.437326563189799, 11.850890878672359 ], [ 78.438583308967239, 11.848327799972466 ], [ 78.440110364101869, 11.843445922594524 ], [ 78.440673950941459, 11.839653475264756 ], [ 78.442018130643788, 11.838355925058972 ], [ 78.443169617226104, 11.837221161880034 ], [ 78.447642671283887, 11.833631282255508 ], [ 78.450133754363975, 11.83167810213099 ], [ 78.450050968322344, 11.8309911167946 ], [ 78.449812213187812, 11.83033121278412 ], [ 78.449087152379263, 11.830127958388179 ], [ 78.455381514624449, 11.826352224579823 ], [ 78.459639836294969, 11.827142130109609 ], [ 78.459840926866292, 11.8270525447608 ], [ 78.461832825126137, 11.82616516736439 ], [ 78.463521102701435, 11.825531910562134 ], [ 78.465691277917657, 11.824948198118939 ], [ 78.466760079967955, 11.824025738683229 ], [ 78.468824690561888, 11.823735893186928 ], [ 78.470109265248496, 11.823179506864316 ], [ 78.471554335638729, 11.822175629882535 ], [ 78.472372954187449, 11.821708843342471 ], [ 78.47245576807687, 11.821661621700395 ], [ 78.474100329138864, 11.820723856373482 ], [ 78.47534387327488, 11.819962056571029 ], [ 78.475384826570362, 11.819936966672349 ], [ 78.475497943329273, 11.819851859714044 ], [ 78.475647052886643, 11.819735502659707 ], [ 78.476144061987256, 11.819697559596104 ], [ 78.476641072884505, 11.819659613010138 ], [ 78.476920448937832, 11.819398487740759 ], [ 78.477199826787839, 11.819137363101587 ], [ 78.477317448597887, 11.818808896600244 ], [ 78.477435072204571, 11.818480432342692 ], [ 78.477475989567438, 11.818184235260539 ], [ 78.477516906930319, 11.817888038737244 ], [ 78.47790640565772, 11.8176373056877 ], [ 78.479196816698732, 11.817454215963046 ], [ 78.481500156376043, 11.817584540393126 ], [ 78.484872754447807, 11.818166349963978 ], [ 78.485845629002185, 11.818581847583919 ], [ 78.488226725053863, 11.81813353900154 ], [ 78.490828130233993, 11.817707635364531 ], [ 78.492461247657587, 11.816997349290219 ], [ 78.495218154806636, 11.815545381261368 ], [ 78.498762183773991, 11.813982917031289 ], [ 78.49882254966279, 11.813956302780838 ], [ 78.500133365935469, 11.814206622418755 ], [ 78.501018916159396, 11.814206992598159 ], [ 78.502115487830096, 11.814234649657303 ], [ 78.502831208854602, 11.81428464233019 ], [ 78.503973627842456, 11.814280654769437 ], [ 78.504794987151129, 11.81415450625566 ], [ 78.505625484122874, 11.814055416846175 ], [ 78.506414784355712, 11.813947322624983 ], [ 78.50724982141287, 11.813902479874189 ], [ 78.508685396610574, 11.813850230001554 ], [ 78.508722655135273, 11.81384887414084 ], [ 78.50900256478792, 11.813821852767379 ], [ 78.509250356974221, 11.813690858288304 ], [ 78.509557946415697, 11.813397230583115 ], [ 78.509859808198925, 11.813111656854923 ], [ 78.509911385869302, 11.813062861560482 ], [ 78.510058194841207, 11.812922785410656 ], [ 78.510544807739052, 11.812430335041011 ], [ 78.510971617093475, 11.812032779734313 ], [ 78.511430673271661, 11.811675878894988 ], [ 78.511719752028398, 11.811544951095465 ], [ 78.511958331991451, 11.811495305244026 ], [ 78.512357494794671, 11.81153166583448 ], [ 78.512843759146179, 11.81166742799941 ], [ 78.513765946260648, 11.811920924856919 ], [ 78.51472471457015, 11.812169927415908 ], [ 78.515371606677604, 11.812251609280297 ], [ 78.51591304555383, 11.812220169305304 ], [ 78.516858174742367, 11.81223865202961 ], [ 78.517495984882302, 11.812193684139574 ], [ 78.517734565743652, 11.812220876256367 ], [ 78.518239085658365, 11.812627942581294 ], [ 78.518803181842713, 11.813251918438185 ], [ 78.519151777580291, 11.813514219900808 ], [ 78.519573766574908, 11.813839791104867 ], [ 78.520711330168666, 11.814581553212692 ], [ 78.521825928332149, 11.815314230324711 ], [ 78.5218856159929, 11.815332257371978 ], [ 78.52296848566057, 11.815066017582293 ], [ 78.523039155225618, 11.815027691383412 ], [ 78.523101585442944, 11.814993831939063 ], [ 78.523136444567541, 11.814974925586018 ], [ 78.523257666825231, 11.81482204803944 ], [ 78.52331278385779, 11.814736208806266 ], [ 78.523845073392891, 11.814447129005401 ], [ 78.525088698377274, 11.81384646137702 ], [ 78.525841368007761, 11.81345349009716 ], [ 78.526405801958646, 11.813128204203066 ], [ 78.526504077650742, 11.813089277178321 ], [ 78.52660517405279, 11.813049232570846 ], [ 78.526736252625795, 11.81299731226917 ], [ 78.527057448848907, 11.812789475329751 ], [ 78.527621984309405, 11.812342241433146 ], [ 78.528172774647786, 11.811912992751971 ], [ 78.528989578599635, 11.811384471008678 ], [ 78.529856993634638, 11.810702233068367 ], [ 78.530476674873825, 11.810060645196062 ], [ 78.530775026040914, 11.809735311308772 ], [ 78.531013642834878, 11.809586238210793 ], [ 78.531743259000223, 11.809360498743521 ], [ 78.53223419099794, 11.809229622595762 ], [ 78.533096898860833, 11.80885921816475 ], [ 78.533771544418997, 11.808497880619043 ], [ 78.533959699250204, 11.808375885036657 ], [ 78.534937361825058, 11.807246213616883 ], [ 78.535033660325198, 11.807178472576625 ], [ 78.535217160086603, 11.807219231161174 ], [ 78.535941999909568, 11.807504199032453 ], [ 78.536286114850498, 11.807585657184969 ], [ 78.536630192062219, 11.807540569824852 ], [ 78.536832102795358, 11.807563294643137 ], [ 78.537405462406909, 11.807870874398262 ], [ 78.539190617895727, 11.806678104247995 ], [ 78.539397193580115, 11.80659687796374 ], [ 78.539401174015154, 11.80659736510168 ], [ 78.539410742869563, 11.806598536343104 ], [ 78.539988964163456, 11.806669316422546 ], [ 78.540961617732279, 11.80679173483324 ], [ 78.541902146648226, 11.806895961157242 ], [ 78.542828909780766, 11.806968562209221 ], [ 78.543723559938528, 11.80698698285677 ], [ 78.544838491376979, 11.80699627891272 ], [ 78.545691911558151, 11.806973950615856 ], [ 78.546481010568328, 11.806965212041181 ], [ 78.546774673427961, 11.80695169617918 ], [ 78.546948958271201, 11.807042133119749 ], [ 78.547118641943541, 11.807449017207366 ], [ 78.547192002861209, 11.807629793127369 ], [ 78.54728831573442, 11.807760925038059 ], [ 78.54791215707165, 11.808032358072007 ], [ 78.549086610880863, 11.808425916588643 ], [ 78.55027939481343, 11.808783306157192 ], [ 78.551229071273923, 11.808968920879552 ], [ 78.552215470863217, 11.809136411299189 ], [ 78.55297706705268, 11.80928132202733 ], [ 78.553917570815784, 11.809399088646314 ], [ 78.554711336573874, 11.809593653354247 ], [ 78.555344377557958, 11.809792720820019 ], [ 78.555545032446361, 11.809874770061105 ], [ 78.555576003662424, 11.809887434616718 ], [ 78.555775686573668, 11.809969089023937 ], [ 78.556261933857172, 11.810285635803501 ], [ 78.5569729539978, 11.810593178210507 ], [ 78.558014315211125, 11.811049993134692 ], [ 78.558739160424011, 11.811393657003583 ], [ 78.559808132255924, 11.811863999402966 ], [ 78.560597162994142, 11.812216778754069 ], [ 78.561418360606083, 11.81264636636557 ], [ 78.562400107820523, 11.813256879386808 ], [ 78.562734918011742, 11.813505495603325 ], [ 78.563354309095104, 11.813858267564878 ], [ 78.563799259028343, 11.814134060214581 ], [ 78.564670867399073, 11.814622407417284 ], [ 78.565840706562668, 11.815214857326437 ], [ 78.56791899580341, 11.816295547297836 ], [ 78.569620997839607, 11.817181852317512 ], [ 78.571162476324417, 11.818036496222238 ], [ 78.572125873652581, 11.818542950350274 ], [ 78.572754393415849, 11.818805218608871 ], [ 78.573011341231492, 11.818900242309748 ], [ 78.573626112279342, 11.818986213007587 ], [ 78.573681224820334, 11.819031411909808 ], [ 78.574300524275515, 11.819424822733993 ], [ 78.575433890940246, 11.819289385347624 ], [ 78.575823925063588, 11.819095110651547 ], [ 78.576080895337114, 11.819063579138767 ], [ 78.576870076093996, 11.81895518442513 ], [ 78.577200422556587, 11.818991399824903 ], [ 78.579150405425281, 11.819285570196637 ], [ 78.581137012608124, 11.819624997088274 ], [ 78.583330194577073, 11.819955352156423 ], [ 78.583834927392502, 11.819968929804848 ], [ 78.585665544821225, 11.820181730911751 ], [ 78.586344649616436, 11.820308332988375 ], [ 78.587404462225692, 11.82050743223393 ], [ 78.588799300621872, 11.820778837689797 ], [ 78.589804091419992, 11.821013996095695 ], [ 78.589996825862514, 11.821095365821389 ], [ 78.590350054211996, 11.82148418656684 ], [ 78.590400502700064, 11.821529422864941 ], [ 78.5911713623167, 11.821656098176291 ], [ 78.592790960993582, 11.821895858761382 ], [ 78.594419765605522, 11.822239603101144 ], [ 78.59503086613708, 11.822445126570607 ], [ 78.595112322672094, 11.822472523416181 ], [ 78.595576018648714, 11.822628470580506 ], [ 78.595837477803741, 11.822759578604671 ], [ 78.595924644030703, 11.822886174213524 ], [ 78.596108133910661, 11.823437566956587 ], [ 78.596328343326135, 11.823726929178379 ], [ 78.596686221355526, 11.824011691714153 ], [ 78.597713939854643, 11.824644625831569 ], [ 78.598094668329935, 11.824988240106922 ], [ 78.598227760027498, 11.825155426180299 ], [ 78.598452555342504, 11.825544232365591 ], [ 78.599200250102953, 11.826760172880642 ], [ 78.600296749010084, 11.828554750433694 ], [ 78.600966548157302, 11.829635077368795 ], [ 78.601383937777641, 11.830367370407528 ], [ 78.602072159574689, 11.831465828710156 ], [ 78.60269147789451, 11.832351819075802 ], [ 78.603104346294032, 11.832980154012041 ], [ 78.603209848932579, 11.833269384808036 ], [ 78.603209856119079, 11.833432111670774 ], [ 78.603108907040721, 11.833599352370978 ], [ 78.602750977807332, 11.834078437406133 ], [ 78.602360822411455, 11.834765393885732 ], [ 78.60167696822333, 11.836180126277128 ], [ 78.60159900164318, 11.836401625154696 ], [ 78.601617321885087, 11.836555240615596 ], [ 78.601704505180052, 11.83676320369799 ], [ 78.601754828802257, 11.836839871982368 ], [ 78.601754920430423, 11.836840010018824 ], [ 78.601765723570026, 11.836866806678589 ], [ 78.602163187659073, 11.837852583962466 ], [ 78.60316327398003, 11.840221139893348 ], [ 78.603938538934869, 11.84190266726605 ], [ 78.604166704728797, 11.842411283988286 ], [ 78.605319460630639, 11.844980922431859 ], [ 78.606760151733852, 11.847358596964833 ], [ 78.607016994446624, 11.848090793287783 ], [ 78.607624866433071, 11.849141725208897 ], [ 78.607746481254551, 11.84935198038661 ], [ 78.608462237313375, 11.850522734727027 ], [ 78.609921333998457, 11.85265622565143 ], [ 78.611224439132755, 11.854147980715053 ], [ 78.611614500205533, 11.85462258031002 ], [ 78.613385668925332, 11.855938006401509 ], [ 78.615725921275981, 11.857782338378355 ], [ 78.6182267555685, 11.859712454896243 ], [ 78.618460817903966, 11.860358829219894 ], [ 78.619612480556086, 11.863369246755804 ], [ 78.619750114135698, 11.863482260372422 ], [ 78.621181896646277, 11.864259746402746 ], [ 78.62380680444916, 11.865724243324074 ], [ 78.62420598701533, 11.86609038698484 ], [ 78.624843915732882, 11.866727756344043 ], [ 78.625325689406296, 11.867170743918285 ], [ 78.625541418025151, 11.867527812296967 ], [ 78.626739214556991, 11.869113540206669 ], [ 78.626821749968684, 11.869222803801129 ], [ 78.626849226738258, 11.869647707595496 ], [ 78.626922584960994, 11.87000883595995 ], [ 78.6269226738942, 11.870009271117615 ], [ 78.627138379156875, 11.871062436811375 ], [ 78.62732189418962, 11.871704275323985 ], [ 78.627555934965542, 11.87259929356382 ], [ 78.627684449746738, 11.873033202835583 ], [ 78.627904708569559, 11.87310099700357 ], [ 78.628404969571505, 11.873132597881627 ], [ 78.629988185581055, 11.873200486967278 ], [ 78.63066742242863, 11.873204929039956 ], [ 78.631080444440059, 11.873259230801198 ], [ 78.631842202326297, 11.873421975145511 ], [ 78.632649898259473, 11.873765496404602 ], [ 78.633081292615088, 11.873833229732956 ], [ 78.633508069630167, 11.873932673716428 ], [ 78.633659543553364, 11.874176803219161 ], [ 78.63383392900792, 11.874633249886129 ], [ 78.634118466780919, 11.875279663561077 ], [ 78.634416807168208, 11.875975739736639 ], [ 78.634660059269081, 11.876359952425055 ], [ 78.634793113237365, 11.876884209759483 ], [ 78.63536673875025, 11.877661678662317 ], [ 78.635839443032523, 11.878167892131469 ], [ 78.636078171217605, 11.878398421998286 ], [ 78.636156127916294, 11.878574640430049 ], [ 78.6361974944368, 11.878931752765522 ], [ 78.636206615031895, 11.879596201024228 ], [ 78.636179097838109, 11.880436944884545 ], [ 78.636114886261581, 11.88108779464357 ], [ 78.6359588938125, 11.882240373409042 ], [ 78.635862502785898, 11.88280088086448 ], [ 78.635614710599597, 11.883759069852845 ], [ 78.635426550378497, 11.884391870723555 ], [ 78.635146631742714, 11.885300407610984 ], [ 78.634921745697838, 11.886145687360406 ], [ 78.634774890013517, 11.886769414379886 ], [ 78.63469687672098, 11.887397680264971 ], [ 78.634554592563148, 11.888337854581545 ], [ 78.635761632759284, 11.888446292072128 ], [ 78.635981900565227, 11.888450832349394 ], [ 78.63655102012865, 11.888175143763714 ], [ 78.637702910952882, 11.887659796235926 ], [ 78.638331689430927, 11.887334327981614 ], [ 78.639020089992712, 11.886981817952872 ], [ 78.639951757028399, 11.886660853153856 ], [ 78.640552956328932, 11.886493629153383 ], [ 78.641411140276048, 11.886285632775683 ], [ 78.641938936438052, 11.886186180995667 ], [ 78.643090859601614, 11.886018861765645 ], [ 78.644155611148321, 11.885829051802261 ], [ 78.646353902734617, 11.885327183688069 ], [ 78.647317672863593, 11.885196028354311 ], [ 78.648226284637488, 11.884915753941129 ], [ 78.649364451000807, 11.884635480118526 ], [ 78.650199736891309, 11.884499842126342 ], [ 78.65060815324027, 11.884617288866435 ], [ 78.651177239566039, 11.884725787615174 ], [ 78.65220069466082, 11.884861310338103 ], [ 78.652778951887299, 11.884987752323733 ], [ 78.653332270983185, 11.885059870239164 ], [ 78.653370889557266, 11.885064902845315 ], [ 78.653371024304533, 11.885064942402904 ], [ 78.653371061135473, 11.885064947677268 ], [ 78.653471975179542, 11.885078103656442 ], [ 78.654265998754099, 11.885182036397154 ], [ 78.654729515067672, 11.88528591635478 ], [ 78.655055381631939, 11.88535827505283 ], [ 78.655128877296931, 11.886298420372325 ], [ 78.655151863388383, 11.887044211273167 ], [ 78.65533552574486, 11.8876769376997 ], [ 78.655523742559851, 11.888359510789027 ], [ 78.655661481242333, 11.889127859362931 ], [ 78.655776262579465, 11.890203646218103 ], [ 78.655900283089281, 11.89080929264882 ], [ 78.656001312117709, 11.891414904328109 ], [ 78.656258326408704, 11.891749427928829 ], [ 78.656455745565424, 11.892079329151342 ], [ 78.656781594163363, 11.892382110891161 ], [ 78.657295643406627, 11.892766327677327 ], [ 78.659062731978409, 11.894067874379987 ], [ 78.659691570643616, 11.894528858641984 ], [ 78.660444274410082, 11.895093766682766 ], [ 78.660834413636266, 11.89532424441725 ], [ 78.661642259588135, 11.895464266861261 ], [ 78.662931921434208, 11.89576244666282 ], [ 78.663478057601083, 11.895852820788694 ], [ 78.664058775313137, 11.895999234333349 ], [ 78.664409769552506, 11.896087728152024 ], [ 78.665772954911304, 11.896372315843026 ], [ 78.666525638016509, 11.896467226393661 ], [ 78.668636919682726, 11.896724577249094 ], [ 78.669582339027073, 11.896954978884951 ], [ 78.670596674425084, 11.897221471951035 ], [ 78.672262770799364, 11.89754220190054 ], [ 78.67373145340683, 11.897862882246853 ], [ 78.675475574751758, 11.898264867615831 ], [ 78.675773777696875, 11.898505092690957 ], [ 78.676283424296884, 11.898915652762305 ], [ 78.676728807218112, 11.899638771913068 ], [ 78.677463301235463, 11.900940378021989 ], [ 78.678280363003807, 11.901089417055452 ], [ 78.680194247072819, 11.901477853948562 ], [ 78.682062308079196, 11.901897872882131 ], [ 78.683531032009171, 11.902105496052528 ], [ 78.684733677646932, 11.902480456400278 ], [ 78.686523754106844, 11.903040540672269 ], [ 78.688543312392625, 11.903623281719016 ], [ 78.689879018286888, 11.904007182005754 ], [ 78.690484689400904, 11.903184387184574 ], [ 78.690948069170545, 11.902556073377701 ], [ 78.691260037000745, 11.90204068629164 ], [ 78.691338035920211, 11.901755932248467 ], [ 78.69128743741355, 11.901380768730203 ], [ 78.691149445406111, 11.900006749295118 ], [ 78.691029947015423, 11.899215749421083 ], [ 78.691121705430135, 11.8990259486645 ], [ 78.691341960659713, 11.89871399038516 ], [ 78.692516533046515, 11.897054910189398 ], [ 78.693250580601159, 11.895942784380974 ], [ 78.694113200429157, 11.895038622774535 ], [ 78.694723517629797, 11.89446444000057 ], [ 78.695274325036138, 11.894722006354487 ], [ 78.696178523387061, 11.894916124374506 ], [ 78.69835402740955, 11.895263663786871 ], [ 78.700029283904797, 11.895588751608296 ], [ 78.700745318441335, 11.895773821223749 ], [ 78.701042231405694, 11.895862542782734 ], [ 78.701569449950995, 11.896020082988418 ], [ 78.703118272163266, 11.896482892305384 ], [ 78.703939907254735, 11.896740360934722 ], [ 78.704701864566943, 11.896943510318341 ], [ 78.705408694965072, 11.897173856390571 ], [ 78.706221042374835, 11.897318267699491 ], [ 78.707598109399726, 11.897715723420147 ], [ 78.708240720136544, 11.897936990358639 ], [ 78.708162724810336, 11.898068100874209 ], [ 78.707951785110254, 11.898750622401071 ], [ 78.707740875952894, 11.899704446313928 ], [ 78.707699708858371, 11.900179009622086 ], [ 78.707773292558215, 11.900775692581464 ], [ 78.707828503015605, 11.901132755566522 ], [ 78.707980119770937, 11.901810717039989 ], [ 78.708113445928788, 11.90258352019227 ], [ 78.708159382179161, 11.902687513928134 ], [ 78.708393461582631, 11.902746201295058 ], [ 78.709256419177152, 11.902949342675358 ], [ 78.709912776832766, 11.903143575244924 ], [ 78.71016983424289, 11.903233866049577 ], [ 78.710229565921082, 11.903342314302419 ], [ 78.71039506164756, 11.904282415924936 ], [ 78.710477823434687, 11.905046284994329 ], [ 78.7105973191304, 11.905525376331868 ], [ 78.710817780972462, 11.905895937888122 ], [ 78.711093285286964, 11.906406664296602 ], [ 78.711189805670998, 11.906795324764387 ], [ 78.71127439013982, 11.907855593579301 ], [ 78.711291131143454, 11.908065444816366 ], [ 78.711282083311929, 11.908702719407048 ], [ 78.711318921425104, 11.908987445075867 ], [ 78.712094687639819, 11.909231289102532 ], [ 78.713109088614857, 11.909538364889393 ], [ 78.713843577242287, 11.909827482813467 ], [ 78.714518359344368, 11.910093955348129 ], [ 78.715138065736397, 11.910450876880599 ], [ 78.716037858749146, 11.91112403261187 ], [ 78.717015788123661, 11.911977981366752 ], [ 78.718002882110653, 11.912822985694453 ], [ 78.718898112580106, 11.913536871219138 ], [ 78.719577619820583, 11.914296008298066 ], [ 78.720408733036606, 11.915267546703735 ], [ 78.721051579132009, 11.916148701102525 ], [ 78.721593400690551, 11.916808431612207 ], [ 78.721836809098292, 11.917120277705637 ], [ 78.722309713704874, 11.917603716141945 ], [ 78.722700007441304, 11.918123407809199 ], [ 78.722998503237164, 11.918502964928372 ], [ 78.723714841404302, 11.919356985403491 ], [ 78.723861775242042, 11.919668867242832 ], [ 78.723838180092812, 11.919715731757163 ], [ 78.723826975406254, 11.919737988421373 ], [ 78.723559087008752, 11.920270068234089 ], [ 78.722994801279896, 11.92127821160145 ], [ 78.722416863853638, 11.922245720578841 ], [ 78.721825001642159, 11.923122787251849 ], [ 78.721398351289551, 11.923909387887047 ], [ 78.720866233332714, 11.924854211111942 ], [ 78.719829423882913, 11.92649073795816 ], [ 78.719044906280672, 11.927616470064299 ], [ 78.718705412273536, 11.928140920356467 ], [ 78.718384140591965, 11.928290167706644 ], [ 78.716768767590167, 11.929474846397611 ], [ 78.715997866651023, 11.930125982146642 ], [ 78.714708336857299, 11.931080050054913 ], [ 78.713680373118123, 11.931939197149829 ], [ 78.713363707997289, 11.932133594428247 ], [ 78.713129652848352, 11.932165321158983 ], [ 78.71225287557148, 11.93209777111452 ], [ 78.711637708366609, 11.931962375662634 ], [ 78.7110822952978, 11.931835997724177 ], [ 78.710811454137939, 11.931763712048138 ], [ 78.709884524817085, 11.93272218980583 ], [ 78.70880617457361, 11.934046819164545 ], [ 78.707631518643467, 11.935516123958124 ], [ 78.706488914602673, 11.936876984218266 ], [ 78.70577310733988, 11.937839891943673 ], [ 78.705240827686268, 11.938490896861451 ], [ 78.704786486765016, 11.938852680815895 ], [ 78.704556965413289, 11.939074201620473 ], [ 78.704511137859072, 11.939241444223768 ], [ 78.704424170159783, 11.940005313328644 ], [ 78.704373878876908, 11.941031383602057 ], [ 78.704323586695736, 11.941763645978346 ], [ 78.704277926228158, 11.942559118353897 ], [ 78.705425690191959, 11.94307413494708 ], [ 78.705971988953891, 11.943444637312728 ], [ 78.706458688089967, 11.943887419875439 ], [ 78.706793944743922, 11.944267017393967 ], [ 78.707142947418333, 11.944872602108692 ], [ 78.707413999682274, 11.945523412596822 ], [ 78.707753842235704, 11.946354963416264 ], [ 78.707956084447204, 11.947073643604893 ], [ 78.708158322167122, 11.94812666000151 ], [ 78.708255148876631, 11.949722235237871 ], [ 78.708278553583028, 11.951073688168131 ], [ 78.708480469706089, 11.951091668439107 ], [ 78.709504202380288, 11.951068799158325 ], [ 78.71042225544781, 11.950978192071757 ], [ 78.711262302409338, 11.950928204275501 ], [ 78.712455796011014, 11.950832941021682 ], [ 78.713327929896167, 11.950742262669712 ], [ 78.71332386861279, 11.950761016346437 ], [ 78.713139957422953, 11.951610205265887 ], [ 78.712690580591968, 11.953219460162181 ], [ 78.712273408363927, 11.954882888108344 ], [ 78.712186408325309, 11.955187715998019 ], [ 78.712108279150073, 11.955461466364641 ], [ 78.711810249579841, 11.956641294635919 ], [ 78.711613058595191, 11.95735548924065 ], [ 78.711374648413738, 11.958431271899359 ], [ 78.711292387886544, 11.959755641929409 ], [ 78.711265239002017, 11.961116159782256 ], [ 78.711233294012203, 11.961554631873693 ], [ 78.711210649280503, 11.962598716852815 ], [ 78.711096185947014, 11.963670043337528 ], [ 78.711022899589523, 11.964492672176245 ], [ 78.710945168367971, 11.965261117983307 ], [ 78.710880900197594, 11.965518725196574 ], [ 78.710724895172092, 11.965735706285153 ], [ 78.710330242809931, 11.966156200405132 ], [ 78.709857482832064, 11.966617408382064 ], [ 78.710307513636593, 11.967051126953519 ], [ 78.710734639197966, 11.967494022919951 ], [ 78.711331534669981, 11.968063350429398 ], [ 78.711675984682529, 11.968388633069555 ], [ 78.711795445343981, 11.968808987729627 ], [ 78.712190602559346, 11.969812286730351 ], [ 78.712397309397801, 11.970431519739877 ], [ 78.712783283136034, 11.971565866597896 ], [ 78.712967114375786, 11.972171539597745 ], [ 78.713435734018475, 11.973310427674203 ], [ 78.713578127770788, 11.973631273236057 ], [ 78.714014664083081, 11.974810848224067 ], [ 78.714469507162605, 11.976112424627829 ], [ 78.714731444221329, 11.976817448016789 ], [ 78.715062233553354, 11.977748530882037 ], [ 78.715291993856937, 11.97844451376114 ], [ 78.71562282361316, 11.979411699817527 ], [ 78.716041006445906, 11.980735884438364 ], [ 78.716293998081056, 11.981536976003353 ], [ 78.717112071352418, 11.984127375772053 ], [ 78.711580124560271, 11.986039080788458 ], [ 78.710868576210217, 11.986256203565153 ], [ 78.710570198093677, 11.986297043404337 ], [ 78.71018912286867, 11.986270077828276 ], [ 78.708926555109883, 11.986247722944519 ], [ 78.708658027111881, 11.986235692255363 ], [ 78.708224085134106, 11.986216232783592 ], [ 78.706456549201278, 11.986198690699098 ], [ 78.706039134428124, 11.986187681970659 ], [ 78.70561172320248, 11.986176409622757 ], [ 78.704578818729232, 11.986126835187914 ], [ 78.704578777406681, 11.986126834309164 ], [ 78.703339156213531, 11.986127235010112 ], [ 78.702893828089529, 11.986145376393168 ], [ 78.702714824396139, 11.986299069754743 ], [ 78.702549638588408, 11.986565822924261 ], [ 78.701351752225037, 11.988098382071156 ], [ 78.700594384405633, 11.989020589613069 ], [ 78.700245597326898, 11.989495315424964 ], [ 78.69942866940751, 11.990458241410902 ], [ 78.698809037575671, 11.991253888606467 ], [ 78.698340847327714, 11.991805489859788 ], [ 78.698340815886667, 11.991805526765646 ], [ 78.697716716732899, 11.99251068402895 ], [ 78.698309099967247, 11.993184075944445 ], [ 78.698547391571068, 11.993569014426596 ], [ 78.698795914087697, 11.993970472006161 ], [ 78.699116441065925, 11.994585544307411 ], [ 78.699168013346338, 11.994684506410589 ], [ 78.699168034905952, 11.994684545952174 ], [ 78.699742176950096, 11.995714928710214 ], [ 78.700082051842898, 11.996270766704093 ], [ 78.700642333780536, 11.996973985314359 ], [ 78.700931726049305, 11.997337219048511 ], [ 78.701333336761707, 11.997843367186578 ], [ 78.701602288764519, 11.998182323279368 ], [ 78.701992630111661, 11.998729081085891 ], [ 78.702109093993315, 11.999002049225956 ], [ 78.702208644394801, 11.999235374230292 ], [ 78.702291918221619, 11.999511298637893 ], [ 78.702346413620006, 11.999691865145188 ], [ 78.702442935800676, 12.000076006156547 ], [ 78.702475261676156, 12.000464656902521 ], [ 78.702442527067191, 12.000746541912655 ], [ 78.702438527767555, 12.000781001202276 ], [ 78.701849373976671, 12.001265191671095 ], [ 78.701765389582462, 12.001334210282957 ], [ 78.701765353649847, 12.001334240158085 ], [ 78.701729882772526, 12.001364734766236 ], [ 78.701392920217884, 12.00165392681296 ], [ 78.701199121271742, 12.001820251134625 ], [ 78.700900845563112, 12.002344636589683 ], [ 78.700698935728283, 12.002783156832443 ], [ 78.700542954058974, 12.003153825113099 ], [ 78.700542938787635, 12.003153860260085 ], [ 78.700308913283038, 12.003678194793178 ], [ 78.700079485356127, 12.004202607386434 ], [ 78.700010575590667, 12.004414133345202 ], [ 78.700001463978751, 12.004442117243398 ], [ 78.700001446910775, 12.004442160298224 ], [ 78.69998775478922, 12.004735920759906 ], [ 78.700033786261002, 12.005120147720463 ], [ 78.700033789854274, 12.005120177595197 ], [ 78.700089006599825, 12.005644401983366 ], [ 78.700190139832827, 12.006015013608101 ], [ 78.700364778612268, 12.006507680806797 ], [ 78.700456635841647, 12.006878220072323 ], [ 78.700645077235436, 12.007551736012555 ], [ 78.700723241444905, 12.007935805191913 ], [ 78.700835582957737, 12.008269690156808 ], [ 78.70094377515224, 12.008591241879571 ], [ 78.701035635076565, 12.008875930087349 ], [ 78.701104186414213, 12.009085218835024 ], [ 78.70121029811051, 12.009409175339572 ], [ 78.701283405703265, 12.009669827119966 ], [ 78.701320605837509, 12.009802455425657 ], [ 78.701372913838185, 12.009969687636872 ], [ 78.701467624116901, 12.010272487787661 ], [ 78.701577927352332, 12.010634049097883 ], [ 78.701632467666471, 12.010804205817626 ], [ 78.701766267236493, 12.011221625609556 ], [ 78.701853644567535, 12.011515405037445 ], [ 78.702101719723146, 12.012107454567396 ], [ 78.702198258971777, 12.012432814146099 ], [ 78.702198268853252, 12.012432843141372 ], [ 78.702234730572314, 12.01256391840109 ], [ 78.702331539315551, 12.012911978923919 ], [ 78.702423498054543, 12.01341363518584 ], [ 78.702377701043048, 12.013919859438714 ], [ 78.702408902227802, 12.014037497824884 ], [ 78.702432846821708, 12.01412775338104 ], [ 78.702432852211587, 12.014127796434325 ], [ 78.702550833347757, 12.01427188438241 ], [ 78.702566021164273, 12.014290434195464 ], [ 78.702566049910345, 12.014290464947804 ], [ 78.703144709582077, 12.014814560778678 ], [ 78.703166739866134, 12.014860461630372 ], [ 78.703222827079202, 12.014977322012639 ], [ 78.703304153358502, 12.015052063181024 ], [ 78.703434154851436, 12.015171540056523 ], [ 78.703453567444754, 12.01520775740749 ], [ 78.70347536237017, 12.015248419769103 ], [ 78.703512294806472, 12.015732096591355 ], [ 78.70353016229744, 12.015952060671983 ], [ 78.703553772718038, 12.016242740396581 ], [ 78.703632031250692, 12.016929819166638 ], [ 78.703609154753636, 12.017192047834417 ], [ 78.703710331105796, 12.017860861047755 ], [ 78.703765494850757, 12.018154656953651 ], [ 78.703756422764698, 12.018401201852519 ], [ 78.703742708185246, 12.018773935368714 ], [ 78.703765772430145, 12.019225870022952 ], [ 78.703787358048146, 12.019753476876396 ], [ 78.703788888777353, 12.019790853389715 ], [ 78.703788887879071, 12.019790882384186 ], [ 78.703756924922942, 12.020193175115491 ], [ 78.70377997659142, 12.020776231364062 ], [ 78.70381226833095, 12.021146821282123 ], [ 78.703780270340545, 12.021856481082114 ], [ 78.70378026944222, 12.021856520619703 ], [ 78.703780350290586, 12.022236203566838 ], [ 78.703766686915145, 12.022959387573716 ], [ 78.703774914584827, 12.02311940174153 ], [ 78.703780634158235, 12.023230603809109 ], [ 78.703780871313469, 12.023949204087092 ], [ 78.703785439246687, 12.024114173884065 ], [ 78.703790005383297, 12.024279118100306 ], [ 78.703794526604113, 12.02455713604224 ], [ 78.703799416134174, 12.024857725030145 ], [ 78.703773400025241, 12.025184238615001 ], [ 78.703767367838111, 12.025260004913385 ], [ 78.703767366041475, 12.025260046207684 ], [ 78.703790547067399, 12.025947026392402 ], [ 78.703758468228585, 12.026285998948495 ], [ 78.703790720442257, 12.026964016581143 ], [ 78.703790780629348, 12.027077333598415 ], [ 78.703790873155853, 12.027248764429141 ], [ 78.703764812131126, 12.02759102041086 ], [ 78.703745101297187, 12.027849870157938 ], [ 78.703712028921672, 12.027984941659238 ], [ 78.703680908585284, 12.028112038980986 ], [ 78.703730904322427, 12.028721981407699 ], [ 78.703745386063133, 12.028898582574424 ], [ 78.703782175667257, 12.029083865851881 ], [ 78.703933815778797, 12.029757260329745 ], [ 78.703976937607393, 12.029926589628378 ], [ 78.70401208598949, 12.030064610381038 ], [ 78.704249546651695, 12.030576416585925 ], [ 78.70430148095322, 12.03068834215976 ], [ 78.704434680448614, 12.031004649186618 ], [ 78.704578656134146, 12.031262276174349 ], [ 78.704715005122921, 12.03150623217795 ], [ 78.704834496327067, 12.031813648759094 ], [ 78.704947361557657, 12.03206347405729 ], [ 78.705055000389962, 12.032301727352898 ], [ 78.70525710785418, 12.032694911600945 ], [ 78.705257125820481, 12.032694949379803 ], [ 78.705491384886997, 12.033174013934234 ], [ 78.705573207934648, 12.033375081397635 ], [ 78.705647683661581, 12.033558093108207 ], [ 78.705877422405607, 12.034104986408384 ], [ 78.70599235555801, 12.034484568597209 ], [ 78.706189947191262, 12.035054055968029 ], [ 78.706314068312395, 12.035433717644782 ], [ 78.706488644209784, 12.036012229405632 ], [ 78.706598962716527, 12.036373706923339 ], [ 78.706598977089584, 12.036373742944583 ], [ 78.706865503641154, 12.036943223676198 ], [ 78.706941025905394, 12.037122086136057 ], [ 78.70698952055767, 12.037236943385787 ], [ 78.707100767922441, 12.037478390941496 ], [ 78.707256086635098, 12.037815494313985 ], [ 78.707299566891479, 12.037957487382744 ], [ 78.707357121951716, 12.038145442267727 ], [ 78.70753405502839, 12.038557169619676 ], [ 78.707632876896184, 12.038787156074719 ], [ 78.707734314658055, 12.039008343578844 ], [ 78.707802798622055, 12.039157692175785 ], [ 78.707860253969301, 12.03942051240074 ], [ 78.707922375166163, 12.039704671599161 ], [ 78.707955444846689, 12.039857567413291 ], [ 78.708000559138611, 12.040066151177585 ], [ 78.708061941021967, 12.040375224581799 ], [ 78.708110959392044, 12.040622099648882 ], [ 78.70814341372666, 12.040734850391868 ], [ 78.708189002329021, 12.040893293671907 ], [ 78.708400461255309, 12.041702280166604 ], [ 78.708430880905794, 12.041859086140603 ], [ 78.708455686085699, 12.041986996586205 ], [ 78.708455695967174, 12.041987030849569 ], [ 78.708634969155199, 12.042651345731663 ], [ 78.708649314351945, 12.042816000952339 ], [ 78.708667263589646, 12.043022026733457 ], [ 78.708738973403854, 12.043486765803328 ], [ 78.708768395924338, 12.043677385830938 ], [ 78.708823624347986, 12.043930416438631 ], [ 78.708823632432825, 12.043930457730081 ], [ 78.708888029062294, 12.044563244055631 ], [ 78.7089003889823, 12.04470815997057 ], [ 78.708911160680856, 12.044834446398591 ], [ 78.709002084560666, 12.045314352908326 ], [ 78.709035327616064, 12.045489815129462 ], [ 78.709113429841807, 12.045774570581735 ], [ 78.709256367074858, 12.046150406025241 ], [ 78.709324825886029, 12.046330443981713 ], [ 78.709435147986099, 12.046714501710184 ], [ 78.709623624414135, 12.047256988750817 ], [ 78.709747697026259, 12.0475010022697 ], [ 78.710110611909471, 12.048174331259968 ], [ 78.710243867100388, 12.048404832202552 ], [ 78.710243889558285, 12.048404871736249 ], [ 78.710588406944481, 12.048974210113832 ], [ 78.710657344557703, 12.049213797823942 ], [ 78.71083523703507, 12.049516619670543 ], [ 78.71096524391794, 12.049737926601482 ], [ 78.711068283375965, 12.04993773240777 ], [ 78.711121428606489, 12.050040771576848 ], [ 78.711410863096091, 12.050565012947105 ], [ 78.711576281567488, 12.050849763015894 ], [ 78.711823449424628, 12.05127148335251 ], [ 78.71188878659018, 12.051382971587072 ], [ 78.711999014367123, 12.051658671192891 ], [ 78.712279301312179, 12.052169296820713 ], [ 78.712279316583533, 12.052169327568713 ], [ 78.712430943220355, 12.052476614200332 ], [ 78.712592335442608, 12.052826989757923 ], [ 78.712697438330849, 12.053055164798513 ], [ 78.712890426098284, 12.053380535434544 ], [ 78.712975236942583, 12.053552084770498 ], [ 78.713133962965088, 12.053873138689598 ], [ 78.71322271292189, 12.05401315365059 ], [ 78.713377410000319, 12.054257210223343 ], [ 78.7138874177231, 12.055061587341608 ], [ 78.714158487953355, 12.055600032208034 ], [ 78.714585930620032, 12.056449048064 ], [ 78.714898674594622, 12.056737635324092 ], [ 78.715550520012584, 12.057339126605745 ], [ 78.715586387945223, 12.057464863300602 ], [ 78.71561498940558, 12.057565122650665 ], [ 78.71580436774218, 12.057957431822752 ], [ 78.716092765575922, 12.058554859971652 ], [ 78.716455907732922, 12.059562639588808 ], [ 78.716924709733604, 12.060579542898738 ], [ 78.716924730394865, 12.060579590337055 ], [ 78.717195852727414, 12.061189617147383 ], [ 78.717288858902037, 12.061555305595789 ], [ 78.717375161848011, 12.061894604805978 ], [ 78.717582053739392, 12.06245513326229 ], [ 78.718528656164992, 12.064466159847274 ], [ 78.718698761147195, 12.064936206403585 ], [ 78.719195018357908, 12.065803871606057 ], [ 78.719195039019169, 12.065803910258728 ], [ 78.719548873731469, 12.066499812970219 ], [ 78.719548888104526, 12.066499841081196 ], [ 78.719870540671792, 12.06718222064765 ], [ 78.719976270584112, 12.067620614902264 ], [ 78.71997630022851, 12.067620622808448 ], [ 78.719976308313349, 12.067620655311606 ], [ 78.719992664838031, 12.067690144432589 ], [ 78.72006663840672, 12.068004404964361 ], [ 78.72013269063126, 12.068285010382652 ], [ 78.720187867850953, 12.068538086301064 ], [ 78.720289038813178, 12.069003562119837 ], [ 78.720427193415702, 12.070092809113055 ], [ 78.720523862021707, 12.070897406652348 ], [ 78.720615943829927, 12.071543698795605 ], [ 78.720685018885362, 12.072049869712714 ], [ 78.720692291645932, 12.072108779400104 ], [ 78.720703444230168, 12.072199001387133 ], [ 78.720719335427546, 12.072366580394327 ], [ 78.720740302106265, 12.072587703319657 ], [ 78.720800229617211, 12.073179826430328 ], [ 78.720830761557082, 12.073447782972721 ], [ 78.720873874402528, 12.073826149961869 ], [ 78.720952147308154, 12.074517656322188 ], [ 78.721002910206565, 12.075168562078007 ], [ 78.721113362562321, 12.075850975785832 ], [ 78.721141768189895, 12.076002740653216 ], [ 78.721154814422775, 12.076072441938482 ], [ 78.72122376730735, 12.076253245127365 ], [ 78.721405834255876, 12.076763527878224 ], [ 78.721406295091626, 12.076764818297665 ], [ 78.721407592258885, 12.076768455014063 ], [ 78.72140760214036, 12.076768484880809 ], [ 78.721646700431336, 12.077577443982964 ], [ 78.721752419563856, 12.077979678229111 ], [ 78.721885741230111, 12.078422606830209 ], [ 78.721999396978177, 12.078841339303542 ], [ 78.722001747869285, 12.078849999716224 ], [ 78.722106547126955, 12.079236100639614 ], [ 78.722244407980355, 12.079674466382933 ], [ 78.722299488181989, 12.079827549354299 ], [ 78.722377758392682, 12.080045083031216 ], [ 78.722644309198742, 12.08058279604921 ], [ 78.722644325368407, 12.080582823280279 ], [ 78.723099233126632, 12.081287823156329 ], [ 78.723214141126178, 12.081509215416894 ], [ 78.723273917720135, 12.081762361411194 ], [ 78.72333828111195, 12.082024478435535 ], [ 78.723389033230532, 12.082797368029262 ], [ 78.723527276766248, 12.083940832387462 ], [ 78.723600965568977, 12.084664008221676 ], [ 78.723614854421598, 12.084908069380242 ], [ 78.723635099753153, 12.085013404436763 ], [ 78.723693025817624, 12.085314853294458 ], [ 78.723729896270157, 12.085653827266036 ], [ 78.7237341542846, 12.085761479259801 ], [ 78.72373919473165, 12.085888912868516 ], [ 78.723748459955488, 12.086236938932641 ], [ 78.723721023610096, 12.086535253152572 ], [ 78.723721016423553, 12.086535285653428 ], [ 78.723675170004725, 12.086693469969333 ], [ 78.723656838084722, 12.086739254878168 ], [ 78.723615450004658, 12.086842621595958 ], [ 78.723597244747069, 12.086863213946193 ], [ 78.72349151213983, 12.086982804671695 ], [ 78.723360770435079, 12.087076072329873 ], [ 78.723174658372827, 12.087208837198391 ], [ 78.72283493529531, 12.087480166804822 ], [ 78.722784451772952, 12.087561509152097 ], [ 78.722759341165812, 12.087632907128187 ], [ 78.722743105015383, 12.087679049384288 ], [ 78.722735347164573, 12.087737327578221 ], [ 78.722720235704884, 12.08785083061816 ], [ 78.722720318349872, 12.087999984234795 ], [ 78.722734102099608, 12.088117569072612 ], [ 78.722775172176071, 12.088266652268841 ], [ 78.722839908368698, 12.088501660911998 ], [ 78.722839934419852, 12.088501696926233 ], [ 78.722848196225513, 12.088513230257538 ], [ 78.722894975993938, 12.088578531917415 ], [ 78.723156916645948, 12.089012336670667 ], [ 78.723506196001466, 12.089486817307812 ], [ 78.723905936421417, 12.089979358570371 ], [ 78.723980821780131, 12.090092004228618 ], [ 78.724062121109981, 12.090214314762301 ], [ 78.724278174020654, 12.090652668671172 ], [ 78.724425169842164, 12.090994254351843 ], [ 78.724530983297797, 12.091240140292909 ], [ 78.72462776868484, 12.091433138405874 ], [ 78.724628940087968, 12.091435474912002 ], [ 78.72469188863316, 12.091560998843359 ], [ 78.724749091553846, 12.091635300571514 ], [ 78.724806705004582, 12.091710138972228 ], [ 78.724806742733819, 12.0917101802563 ], [ 78.724921580664798, 12.091818617723868 ], [ 78.72492161030921, 12.091818643197019 ], [ 78.724955933139583, 12.091843965264323 ], [ 78.725050157429735, 12.091913477963343 ], [ 78.725050186175835, 12.09191349816615 ], [ 78.725275031796514, 12.092054102843862 ], [ 78.725946007736709, 12.092473667774675 ], [ 78.726080018410812, 12.092561522684885 ], [ 78.726180275786405, 12.092627252006764 ], [ 78.726414604023205, 12.09284412527585 ], [ 78.726529698872355, 12.09296833975875 ], [ 78.726791404165752, 12.093250780297934 ], [ 78.726832527242848, 12.093297616383222 ], [ 78.726878653037744, 12.093350147872906 ], [ 78.727071677636104, 12.09368907740561 ], [ 78.727099299932775, 12.0937885440744 ], [ 78.727097544624726, 12.093809454741113 ], [ 78.727094758050697, 12.093842764588258 ], [ 78.727060617578331, 12.093871208218523 ], [ 78.727035036253994, 12.093892520297354 ], [ 78.726952394841121, 12.09396030996562 ], [ 78.726389853640498, 12.094294195087864 ], [ 78.726258979883397, 12.094371868142558 ], [ 78.726258943052457, 12.094371895372227 ], [ 78.726218942869494, 12.094406924131171 ], [ 78.726135048306801, 12.094480370409016 ], [ 78.726075333696585, 12.094588901617824 ], [ 78.726052403300642, 12.094688377614025 ], [ 78.726039477442043, 12.095038081342096 ], [ 78.726034190856595, 12.095181069160832 ], [ 78.726034193551541, 12.095181101660643 ], [ 78.726094101299509, 12.09566913780707 ], [ 78.72619476561195, 12.096151062240727 ], [ 78.72620455455359, 12.09619792329071 ], [ 78.726204564435065, 12.096197960182257 ], [ 78.726220519412806, 12.096262872604605 ], [ 78.726402276442556, 12.097002407219101 ], [ 78.726475906854816, 12.097296220978533 ], [ 78.726475914939655, 12.09729625435647 ], [ 78.726489881047414, 12.097350638413483 ], [ 78.726554381881428, 12.097601814175119 ], [ 78.726600090858042, 12.097779806980583 ], [ 78.726600097146218, 12.09777983596663 ], [ 78.726701348956865, 12.09829503778009 ], [ 78.72683929604851, 12.098737975787195 ], [ 78.727096651699298, 12.099370632673113 ], [ 78.727096670563938, 12.099370669564214 ], [ 78.72753327065665, 12.100147896428364 ], [ 78.727933135942436, 12.100816716244012 ], [ 78.728319129443577, 12.101399678026368 ], [ 78.728691367042813, 12.101946424118337 ], [ 78.728800082056807, 12.10209000288501 ], [ 78.728999340064931, 12.102353112724636 ], [ 78.729413696074559, 12.102958628886995 ], [ 78.729490975443525, 12.103071555417761 ], [ 78.729490995206476, 12.103071581768173 ], [ 78.729913752260629, 12.10359120990498 ], [ 78.730554926591296, 12.104369684916072 ], [ 78.730814419334152, 12.104684729770048 ], [ 78.730968784934277, 12.104855519848098 ], [ 78.731218775298075, 12.105132088415106 ], [ 78.731567971110252, 12.105601974834382 ], [ 78.731671899900419, 12.105753489183646 ], [ 78.732101100570119, 12.106379161614548 ], [ 78.732358431966418, 12.106790452098522 ], [ 78.732602006562445, 12.107079637692154 ], [ 78.732602039800113, 12.1070796745822 ], [ 78.73264754935073, 12.107133072035451 ], [ 78.732863920265004, 12.107386902586819 ], [ 78.733291256032174, 12.107902003313296 ], [ 78.733764569372227, 12.108466792802222 ], [ 78.733847950098578, 12.108564639601283 ], [ 78.734191952750095, 12.108968304588313 ], [ 78.734527446559255, 12.109356918834852 ], [ 78.734979897425177, 12.109864407709001 ], [ 78.735083385142516, 12.10998047923642 ], [ 78.735083415685224, 12.109980512612767 ], [ 78.735625604654757, 12.110590516402659 ], [ 78.736094288077837, 12.111051343874568 ], [ 78.73613787882698, 12.111096426345879 ], [ 78.736181657324039, 12.11114164231441 ], [ 78.736190035012399, 12.111177527872762 ], [ 78.736190148200137, 12.111178013584224 ], [ 78.736195405141146, 12.11120049420602 ], [ 78.73615435662424, 12.111248090405862 ], [ 78.736117427781238, 12.111290909412027 ], [ 78.736117396340205, 12.11129094366655 ], [ 78.735488395978265, 12.11188323931791 ], [ 78.735273142568204, 12.112069794991664 ], [ 78.734836328676465, 12.112448449004802 ], [ 78.734443452283585, 12.11289507618307 ], [ 78.734271592891602, 12.113090466116283 ], [ 78.734150792842087, 12.113197240163625 ], [ 78.734092486790288, 12.113248775246085 ], [ 78.734081972009861, 12.11329373438242 ], [ 78.734078754244521, 12.113307494926122 ], [ 78.734078753346225, 12.113307523032161 ], [ 78.734079896901576, 12.113318755787983 ], [ 78.73407991127462, 12.113318898074803 ], [ 78.73408337787329, 12.11335270964187 ], [ 78.734147719705533, 12.113420454848692 ], [ 78.734416722912286, 12.113636141328326 ], [ 78.734446394266143, 12.113659930429085 ], [ 78.734446426605473, 12.113659955900124 ], [ 78.735016054615357, 12.114152326131828 ], [ 78.735016095039555, 12.114152358629322 ], [ 78.73556751779185, 12.114599633784298 ], [ 78.736357680407352, 12.115218514614709 ], [ 78.736357725323117, 12.115218550625304 ], [ 78.736702313676219, 12.115494145835216 ], [ 78.737253687919491, 12.115941363408513 ], [ 78.737253727445363, 12.115941394149198 ], [ 78.737681061415898, 12.116293761179998 ], [ 78.737951253093826, 12.116546815385359 ], [ 78.737952315800797, 12.116547811381198 ], [ 78.737970533634766, 12.116564872420396 ], [ 78.73817736264408, 12.116804332005131 ], [ 78.738659763341559, 12.117233595790545 ], [ 78.738779647109467, 12.117354132028799 ], [ 78.738861991180002, 12.117436886372206 ], [ 78.738990593996078, 12.117597191934362 ], [ 78.738992090589349, 12.11759905919962 ], [ 78.739257183429658, 12.117929415634887 ], [ 78.739524254360262, 12.118203840787686 ], [ 78.739767293560377, 12.118453504712324 ], [ 78.740070568393563, 12.118711007196019 ], [ 78.74036889530619, 12.118988747109332 ], [ 78.740502472992276, 12.119113106650195 ], [ 78.740502498145133, 12.119113128607573 ], [ 78.741030865635651, 12.119501683292336 ], [ 78.741669516598719, 12.120034699752097 ], [ 78.742294480830083, 12.120590441777379 ], [ 78.742942433847887, 12.121164136609156 ], [ 78.743333180335213, 12.121532131126889 ], [ 78.743374299819052, 12.121570855667306 ], [ 78.743374324971867, 12.121570879381052 ], [ 78.743407814165664, 12.121603135335388 ], [ 78.743604078987246, 12.121792166250872 ], [ 78.743665857027665, 12.121862382567848 ], [ 78.743665990876636, 12.121862535389555 ], [ 78.743810881047111, 12.122027146281518 ], [ 78.744106467199771, 12.122371394322645 ], [ 78.744233748594084, 12.122519612616962 ], [ 78.744500261670879, 12.122858577153808 ], [ 78.744614693563349, 12.123016058416905 ], [ 78.74470706822234, 12.123143185302048 ], [ 78.744707085290315, 12.123143210772223 ], [ 78.745106997288488, 12.123771364861563 ], [ 78.745157721559337, 12.123839932127487 ], [ 78.745217244828382, 12.123920368437592 ], [ 78.74521727716774, 12.123920391272868 ], [ 78.745202514254345, 12.123942201572728 ], [ 78.745061201175332, 12.12415098769891 ], [ 78.744762744007019, 12.124530742615711 ], [ 78.744528334023514, 12.124781625814419 ], [ 78.744285260687406, 12.125041768433174 ], [ 78.743977621838596, 12.125380823740034 ], [ 78.743614989026355, 12.125823960973218 ], [ 78.743403833730625, 12.126117809766804 ], [ 78.743279504200373, 12.126322810598197 ], [ 78.743206425353705, 12.126443287398574 ], [ 78.74288047255115, 12.126949686343337 ], [ 78.742499450326775, 12.127537396934525 ], [ 78.742210247602515, 12.128007631222948 ], [ 78.742088369574645, 12.128185500122131 ], [ 78.741962406008881, 12.128369334073719 ], [ 78.741774782082018, 12.128630144185649 ], [ 78.741572150900012, 12.128911817168849 ], [ 78.741209472273724, 12.129440792388364 ], [ 78.741209454307409, 12.12944081873618 ], [ 78.740667720783748, 12.130191358240429 ], [ 78.740282056065965, 12.130702278357258 ], [ 78.740020376823708, 12.131091038356201 ], [ 78.739519962209826, 12.131719474962955 ], [ 78.739519938853647, 12.131719504823554 ], [ 78.739014918577354, 12.132406708997653 ], [ 78.738869332212488, 12.132593623575284 ], [ 78.73860636029454, 12.132931241244814 ], [ 78.738050813376773, 12.133704325175316 ], [ 78.737922263561302, 12.133867042283789 ], [ 78.737922232120269, 12.133867078291866 ], [ 78.737871761174347, 12.133916833567376 ], [ 78.737812089683246, 12.133939429079636 ], [ 78.737637524565685, 12.133921448750087 ], [ 78.736911510644646, 12.133492349709964 ], [ 78.736406101397804, 12.133207793886504 ], [ 78.735707806791453, 12.132841883759681 ], [ 78.735707783435274, 12.132841869707686 ], [ 78.735262147189133, 12.132575450818091 ], [ 78.735262119341357, 12.132575433253084 ], [ 78.734637150618383, 12.132137207887299 ], [ 78.734329364445841, 12.131906764158135 ], [ 78.733957180745534, 12.131585997123119 ], [ 78.733957155592719, 12.13158597780153 ], [ 78.733511392684136, 12.131260759385396 ], [ 78.733349543219376, 12.131143383246126 ], [ 78.733143831714258, 12.130994198394498 ], [ 78.731907888223887, 12.130181074714015 ], [ 78.731907853189568, 12.130181051879299 ], [ 78.731324335428795, 12.129801625574341 ], [ 78.731324303987762, 12.129801603617841 ], [ 78.730860302583935, 12.129435666858567 ], [ 78.730599114720121, 12.129189056389995 ], [ 78.730396138585064, 12.128997407348306 ], [ 78.730014722898559, 12.128531979786525 ], [ 78.729431167408549, 12.128035048913089 ], [ 78.729100345737166, 12.12778650584162 ], [ 78.72884765503764, 12.127673646854232 ], [ 78.728538907667755, 12.127541155917347 ], [ 78.728268796838208, 12.127425243090396 ], [ 78.727973278957535, 12.127311138566423 ], [ 78.727625612976283, 12.127176897060856 ], [ 78.726899823634042, 12.126955636615453 ], [ 78.726899776921655, 12.126955629589302 ], [ 78.72647258218997, 12.126919668865169 ], [ 78.725907626317891, 12.126955987044756 ], [ 78.725907594876858, 12.126955989679553 ], [ 78.724511212276724, 12.127110118807424 ], [ 78.724139124696137, 12.127128376250917 ], [ 78.723964052928736, 12.127090471063637 ], [ 78.723868135314262, 12.127069707039084 ], [ 78.723344414808693, 12.126843894434945 ], [ 78.722058017440375, 12.126234106088384 ], [ 78.721010537801618, 12.125678454866129 ], [ 78.721010506360585, 12.125678439057195 ], [ 78.720238670275236, 12.125326166979045 ], [ 78.720091680741902, 12.12528557840718 ], [ 78.719708613951923, 12.125106586016432 ], [ 78.719443882234344, 12.124982899393768 ], [ 78.719282219619188, 12.124926809205434 ], [ 78.719131520043746, 12.124874534235373 ], [ 78.718571038680082, 12.124725584767258 ], [ 78.718038191291228, 12.124585640187551 ], [ 78.717289423942347, 12.124350847727356 ], [ 78.717289381721514, 12.124350835431459 ], [ 78.716205181648903, 12.124007644757643 ], [ 78.715263466956785, 12.123727663430312 ], [ 78.714464170271484, 12.123506482681544 ], [ 78.713968064876056, 12.123352939040824 ], [ 78.713421366363818, 12.123203915825622 ], [ 78.712640466277222, 12.123036876332295 ], [ 78.712007740601805, 12.122876298257845 ], [ 78.711253104559162, 12.122684777300044 ], [ 78.71071843718353, 12.122524786585283 ], [ 78.710513545840243, 12.122463482387836 ], [ 78.710173569437856, 12.122337066588946 ], [ 78.710173532606902, 12.122337051658086 ], [ 78.709723370648362, 12.122093097584942 ], [ 78.709107716556602, 12.121831105055271 ], [ 78.708595913101576, 12.1216702021673 ], [ 78.708317592568676, 12.121582701997658 ], [ 78.707596362176503, 12.121307199148166 ], [ 78.706558200762203, 12.120982051633366 ], [ 78.706094252358994, 12.120855595609427 ], [ 78.705735932358465, 12.120787971737306 ], [ 78.705694619736889, 12.120774153612206 ], [ 78.705506278954402, 12.120711152157147 ], [ 78.705506230445394, 12.120711131078199 ], [ 78.705373030051675, 12.120638863651672 ], [ 78.705373000407278, 12.12063884696418 ], [ 78.705357248448777, 12.120629776865865 ], [ 78.705184653336602, 12.120530429100151 ], [ 78.705018820741898, 12.120428165373218 ], [ 78.704913600174351, 12.120363279024726 ], [ 78.704100403856657, 12.119807562875035 ], [ 78.703591873862536, 12.11943409508712 ], [ 78.703411267574666, 12.11930144811244 ], [ 78.702662415784147, 12.118705053226789 ], [ 78.702239717120463, 12.118388804960906 ], [ 78.701477141767356, 12.117946040071354 ], [ 78.700709920327583, 12.117471629294101 ], [ 78.69998864861293, 12.117001709308459 ], [ 78.699988619866815, 12.117001689985827 ], [ 78.699441925846173, 12.11663121943201 ], [ 78.698936647753342, 12.116287849315409 ], [ 78.698902712096853, 12.116265270751994 ], [ 78.698311830845697, 12.115872145923312 ], [ 78.698311806591164, 12.115872131870413 ], [ 78.697268990107077, 12.115271234143632 ], [ 78.697268959564383, 12.115271216577479 ], [ 78.696763664403576, 12.114991151426361 ], [ 78.696763618589486, 12.114991130346967 ], [ 78.696501809989826, 12.114882768156754 ], [ 78.696235375066465, 12.114801407776051 ], [ 78.696175344249298, 12.114788603787835 ], [ 78.69602412185435, 12.114756328565292 ], [ 78.695779027308873, 12.114707484035153 ], [ 78.695684156231707, 12.11468857140115 ], [ 78.695630311213591, 12.114679366719278 ], [ 78.695472823967833, 12.114652428970068 ], [ 78.69511917071523, 12.114616333084472 ], [ 78.694797681641361, 12.114593895787491 ], [ 78.69443479280929, 12.114593918623569 ], [ 78.6942556552669, 12.11461657022808 ], [ 78.69399841010889, 12.114670830430553 ], [ 78.69367329094294, 12.114770682770503 ], [ 78.69321759805716, 12.114910634254914 ], [ 78.692377140565569, 12.115150340371683 ], [ 78.692242229779552, 12.115181597587968 ], [ 78.692142832990001, 12.115204626814903 ], [ 78.691954557784541, 12.115222774406424 ], [ 78.691472228952307, 12.115200292366724 ], [ 78.69134374112059, 12.115184755104163 ], [ 78.69121047155663, 12.115168639914154 ], [ 78.691008340736232, 12.115100867923449 ], [ 78.690884318429795, 12.115010540081986 ], [ 78.690723477773133, 12.114834257407127 ], [ 78.690558050318614, 12.114603895342508 ], [ 78.690558025165757, 12.114603853183645 ], [ 78.690456994340693, 12.114400407618122 ], [ 78.690222579865647, 12.113826450561662 ], [ 78.689997397376729, 12.113198225632184 ], [ 78.689997386596929, 12.113198194891194 ], [ 78.689933044764715, 12.113017507148978 ], [ 78.68978599773925, 12.112664932024028 ], [ 78.689785985162828, 12.112664903917899 ], [ 78.689501052131092, 12.112118065584591 ], [ 78.689096703353727, 12.111458295289108 ], [ 78.688894533007456, 12.111123816789275 ], [ 78.688894517736117, 12.111123793952931 ], [ 78.688609669146047, 12.110771336657342 ], [ 78.688260558673804, 12.110364623099807 ], [ 78.688260529927732, 12.110364589723499 ], [ 78.687925118763573, 12.109976015589671 ], [ 78.68758980641411, 12.109623514619441 ], [ 78.687256885379909, 12.109245843840025 ], [ 78.687020101149102, 12.108977229280409 ], [ 78.686880136441317, 12.108808979329341 ], [ 78.686606613810355, 12.108480182061214 ], [ 78.686248290216525, 12.10807800159424 ], [ 78.685407520111212, 12.107300738072086 ], [ 78.685407494958397, 12.10730071699208 ], [ 78.685067590421198, 12.107020511730353 ], [ 78.684787408579027, 12.106731303236002 ], [ 78.684787378934615, 12.106731268980919 ], [ 78.684364709915343, 12.106198017792979 ], [ 78.684111985978163, 12.105913362591638 ], [ 78.68404823523737, 12.105908521191479 ], [ 78.682666196935685, 12.105803557998936 ], [ 78.681847619709444, 12.105823337303951 ], [ 78.680814120551489, 12.105922944382755 ], [ 78.680584996255106, 12.105930071218443 ], [ 78.680373223816773, 12.105936658754358 ], [ 78.679509735317922, 12.105891572776979 ], [ 78.679121445722856, 12.105850110816263 ], [ 78.678664565264327, 12.105801335802401 ], [ 78.678345692982859, 12.105755126407017 ], [ 78.677791860050618, 12.10567488400565 ], [ 78.676951301049385, 12.105534920653927 ], [ 78.676032626347677, 12.105408495081269 ], [ 78.675068084565837, 12.105282089650593 ], [ 78.674392845221305, 12.105200886202619 ], [ 78.6740392000535, 12.105160234843156 ], [ 78.674039173104063, 12.10516022957308 ], [ 78.673593677893393, 12.105069864992052 ], [ 78.673447687286682, 12.105026995801314 ], [ 78.673239956368803, 12.104966032773545 ], [ 78.673049684208465, 12.104887824374224 ], [ 78.672877063943474, 12.104816906189004 ], [ 78.672290261941995, 12.104543460682326 ], [ 78.672091616584922, 12.104450899156788 ], [ 78.671724160717957, 12.104297271652655 ], [ 78.671191349261704, 12.104130138642407 ], [ 78.670070583265442, 12.103782221067547 ], [ 78.668426203663131, 12.103267166854497 ], [ 78.668426168628841, 12.103267155435999 ], [ 78.667783125802373, 12.103045824225633 ], [ 78.667140059619712, 12.10286512170973 ], [ 78.666708268208751, 12.102743082225064 ], [ 78.66645561074688, 12.102684386572745 ], [ 78.666092800068228, 12.102594057166577 ], [ 78.66574367342632, 12.102539783970215 ], [ 78.665743640188666, 12.102539779578455 ], [ 78.66551867599037, 12.102517282417455 ], [ 78.665518648142594, 12.102517280660759 ], [ 78.665390027360218, 12.102517285052482 ], [ 78.665269521059784, 12.102514867835058 ], [ 78.665165002974788, 12.102512801079012 ], [ 78.664126926900465, 12.102526482248397 ], [ 78.663534495157094, 12.102553938568434 ], [ 78.663052159138346, 12.102576316270865 ], [ 78.662881608591775, 12.102633057620469 ], [ 78.66272605721548, 12.1026848195987 ], [ 78.662651088313439, 12.102690080029637 ], [ 78.662597518179808, 12.102693839362397 ], [ 78.662518850913742, 12.102690864395095 ], [ 78.662358567212536, 12.102684787099806 ], [ 78.662040009341439, 12.102605198146348 ], [ 78.661527268943544, 12.102477051379045 ], [ 78.661334551569027, 12.102477085634662 ], [ 78.66120577897135, 12.102477095296512 ], [ 78.661260825037019, 12.102617160381941 ], [ 78.661260849291537, 12.102617209569511 ], [ 78.661329668327141, 12.102741338703066 ], [ 78.661508922650498, 12.103064646335989 ], [ 78.661569617322684, 12.103165497304653 ], [ 78.661642201197623, 12.103286104891081 ], [ 78.661675705662802, 12.103343789434229 ], [ 78.661770786047413, 12.103507481576408 ], [ 78.661770805810349, 12.103507516710264 ], [ 78.662028042883534, 12.103945925237948 ], [ 78.6622118058513, 12.104203519885976 ], [ 78.662211839987293, 12.104203566438203 ], [ 78.662588551196635, 12.104723309192886 ], [ 78.662588580841046, 12.104723353988341 ], [ 78.662979017409612, 12.105351575139753 ], [ 78.663332790138156, 12.10597976670698 ], [ 78.66366355072411, 12.10674814883197 ], [ 78.663785956063037, 12.107027425979815 ], [ 78.66387945541274, 12.107240744365402 ], [ 78.663879467989162, 12.107240784768802 ], [ 78.664031149423181, 12.107760539180665 ], [ 78.664141406844536, 12.108153716356632 ], [ 78.664316094133, 12.108962786052553 ], [ 78.664355804160138, 12.109139337859117 ], [ 78.664449283746933, 12.10955488309639 ], [ 78.664628511120824, 12.110187678614112 ], [ 78.664757271142079, 12.110879143660336 ], [ 78.664794043678228, 12.111109715344424 ], [ 78.664743619444693, 12.111932332050561 ], [ 78.664688515886837, 12.112547052331847 ], [ 78.664630623060063, 12.113466105188703 ], [ 78.664630333802535, 12.113470698767472 ], [ 78.664572141836757, 12.114394344642264 ], [ 78.664477537559236, 12.11518218956736 ], [ 78.66443632105738, 12.115444262403098 ], [ 78.664421596771547, 12.115475223595594 ], [ 78.664404068843723, 12.115512144973255 ], [ 78.664353600592761, 12.115588963415185 ], [ 78.66431223766547, 12.115625131190324 ], [ 78.664211708100353, 12.115684512590397 ], [ 78.664036711791411, 12.115787893583471 ], [ 78.66358663517282, 12.116158570831166 ], [ 78.663333968727812, 12.116352982579977 ], [ 78.662690211740696, 12.11679836306222 ], [ 78.662576111326558, 12.116877306625103 ], [ 78.661896460355649, 12.11738790092628 ], [ 78.661703511215791, 12.117532853834913 ], [ 78.661703488757894, 12.117532871400925 ], [ 78.661000778033625, 12.118057200154302 ], [ 78.660376168636802, 12.118545390365004 ], [ 78.660376130009226, 12.118545417592205 ], [ 78.659912246284705, 12.118843818705502 ], [ 78.659466750175753, 12.119204215663482 ], [ 78.65937033489466, 12.119282216104933 ], [ 78.659370293572152, 12.119282251236703 ], [ 78.659159736554372, 12.119470648790319 ], [ 78.658865086446227, 12.119734291315172 ], [ 78.65885358711229, 12.119750840106027 ], [ 78.658805346683224, 12.119820233121997 ], [ 78.65880533141187, 12.119870748106553 ], [ 78.658805326021948, 12.119878915346206 ], [ 78.65880880879034, 12.11989327542398 ], [ 78.658828359724154, 12.119973855207419 ], [ 78.65882837230059, 12.119973893852253 ], [ 78.658878879179099, 12.120100467985159 ], [ 78.658961552931331, 12.120290226311909 ], [ 78.659076400743785, 12.120615636400212 ], [ 78.659076414218504, 12.120615674166704 ], [ 78.65909025186717, 12.120660401071785 ], [ 78.659140718321495, 12.120823512587664 ], [ 78.659140729101253, 12.120823548597523 ], [ 78.659172189899138, 12.120971997863466 ], [ 78.659209693663968, 12.121148951887301 ], [ 78.659209698155522, 12.121148978235945 ], [ 78.659218901395604, 12.121261985780109 ], [ 78.659207827863085, 12.121362908042624 ], [ 78.659207560165171, 12.121365345290023 ], [ 78.65920055240764, 12.121429262644085 ], [ 78.65910413443153, 12.121863194982108 ], [ 78.659001878304437, 12.122291929806163 ], [ 78.658980177702119, 12.12238292531352 ], [ 78.658922861593751, 12.122528542125639 ], [ 78.658837829763897, 12.122744573435048 ], [ 78.658837810000961, 12.122744618227447 ], [ 78.658571455027655, 12.123264408321177 ], [ 78.6583555458474, 12.123603428121445 ], [ 78.65805700962737, 12.124032849597068 ], [ 78.657648269884888, 12.124557146253622 ], [ 78.657487537924354, 12.124742544281727 ], [ 78.657331699985491, 12.124909327128604 ], [ 78.657329731776713, 12.124911434111949 ], [ 78.657225709561743, 12.125022797687269 ], [ 78.656928910683447, 12.125269924043158 ], [ 78.656449513053985, 12.125669133753057 ], [ 78.655884525740888, 12.126094068325219 ], [ 78.655884484418351, 12.126094102577808 ], [ 78.655466518977903, 12.126464762871061 ], [ 78.655336555214205, 12.126554920841439 ], [ 78.65470407657547, 12.126993706936407 ], [ 78.654208053825045, 12.127301080643763 ], [ 78.653711916090231, 12.127576841660114 ], [ 78.65365137592832, 12.127610179790992 ], [ 78.653643986386797, 12.127614248800977 ], [ 78.653211311033544, 12.127852573408489 ], [ 78.652903185297831, 12.128023485670804 ], [ 78.652705984431705, 12.12813288238925 ], [ 78.652577301665588, 12.128187831037122 ], [ 78.652462529311634, 12.128236851386912 ], [ 78.65209056300364, 12.128367864737593 ], [ 78.652090522579414, 12.128367879668083 ], [ 78.651199385732752, 12.128697894295755 ], [ 78.651199355190002, 12.128697905713194 ], [ 78.65110990724223, 12.128732145680086 ], [ 78.650537946307594, 12.128951094821248 ], [ 78.649948023558821, 12.129146038255982 ], [ 78.649894892701326, 12.129163597342068 ], [ 78.649876533831872, 12.129168481355146 ], [ 78.649554953129837, 12.129254057400015 ], [ 78.649229056022847, 12.129310798347904 ], [ 78.649114025852413, 12.129330836754237 ], [ 78.64911398632654, 12.129330843780348 ], [ 78.64888686437493, 12.129361988674177 ], [ 78.64875111635908, 12.129380605172205 ], [ 78.648374406048077, 12.129412291068894 ], [ 78.64832360362378, 12.129415940242685 ], [ 78.647933412295302, 12.129443969057476 ], [ 78.647557761996296, 12.12944101195353 ], [ 78.647350104740298, 12.12943940034506 ], [ 78.64705608075792, 12.129421348572862 ], [ 78.647056035842155, 12.129421342425015 ], [ 78.646674781852397, 12.129353667150944 ], [ 78.646457737201658, 12.129294460054656 ], [ 78.646376268988561, 12.129272250583632 ], [ 78.646115503332922, 12.129185743587291 ], [ 78.645994926963908, 12.129145746673098 ], [ 78.645897830759807, 12.12911054067127 ], [ 78.645296784172871, 12.128892622741326 ], [ 78.644936875052622, 12.128777522895156 ], [ 78.644731684570374, 12.128711929819602 ], [ 78.643688974087468, 12.128327783387293 ], [ 78.643197401590953, 12.128137906065371 ], [ 78.642825467622274, 12.128033987090252 ], [ 78.642173196402894, 12.127884848803191 ], [ 78.641782697850587, 12.127803540692348 ], [ 78.641782672697758, 12.127803536301007 ], [ 78.641240630153646, 12.127699509168798 ], [ 78.640827253307691, 12.127631738604851 ], [ 78.640727217815936, 12.127614518428862 ], [ 78.640602405890363, 12.127593031631502 ], [ 78.640459715694007, 12.127568468263419 ], [ 78.640226193246008, 12.127520980366794 ], [ 78.639770747396952, 12.127428363574438 ], [ 78.639361121915599, 12.12735888558934 ], [ 78.639104639427245, 12.127315383234526 ], [ 78.638453070690446, 12.127196531624222 ], [ 78.637717448389111, 12.127062343635366 ], [ 78.637357427877745, 12.127020042703775 ], [ 78.636794083583297, 12.126953851094699 ], [ 78.636717858836477, 12.126951711631541 ], [ 78.636633357012641, 12.126949339427084 ], [ 78.636467957405912, 12.126962928882337 ], [ 78.636233697441057, 12.127017218191517 ], [ 78.635899458578351, 12.127136546781452 ], [ 78.635714686802487, 12.127202514386772 ], [ 78.635443684844233, 12.127288415143513 ], [ 78.635256397785568, 12.127341970154625 ], [ 78.63519099863629, 12.127360679011812 ], [ 78.634786783707881, 12.127433021904594 ], [ 78.63407476643728, 12.127527985424923 ], [ 78.633850589163188, 12.12755917707751 ], [ 78.633165317433537, 12.127654543677307 ], [ 78.632591119693799, 12.127731399023071 ], [ 78.63152084620306, 12.127826255288685 ], [ 78.631446740581993, 12.127841446656511 ], [ 78.631410602256437, 12.127848863612932 ], [ 78.631373173051813, 12.127857373132061 ], [ 78.631350804102908, 12.127862457413688 ], [ 78.631318722569162, 12.127961837578935 ], [ 78.631286546712332, 12.128088393868866 ], [ 78.631217637845211, 12.128291800891626 ], [ 78.631171705188095, 12.128445483967454 ], [ 78.630928250966321, 12.128630794978864 ], [ 78.630853883037219, 12.12900487960311 ], [ 78.630762916936604, 12.129462453810657 ], [ 78.630705437334825, 12.129601105666611 ], [ 78.630620490844933, 12.129806016872134 ], [ 78.630515098699163, 12.130097415326981 ], [ 78.630450474795936, 12.130276090829268 ], [ 78.630326089570133, 12.130739656955393 ], [ 78.630298884091744, 12.130841063063263 ], [ 78.630298879600147, 12.130841098193519 ], [ 78.63031271994376, 12.131315609024039 ], [ 78.630326474049056, 12.131641077675528 ], [ 78.63038617338789, 12.131830908589635 ], [ 78.630386187760948, 12.131830949867535 ], [ 78.630487270688306, 12.132083984940499 ], [ 78.630517444200379, 12.132154219625445 ], [ 78.630588273665595, 12.13231909115245 ], [ 78.630617349436378, 12.132384425134575 ], [ 78.630652640650624, 12.132463731192958 ], [ 78.630710626003889, 12.132553378627518 ], [ 78.630749083779534, 12.132612831788309 ], [ 78.630712322921468, 12.132730404008459 ], [ 78.63068478596476, 12.132933760063656 ], [ 78.630681398417835, 12.133282970177389 ], [ 78.63068017581071, 12.133408304933235 ], [ 78.630652598429819, 12.133747383851262 ], [ 78.630592910769082, 12.134158646199438 ], [ 78.630496418232823, 12.134877305379106 ], [ 78.630464263935536, 12.135112397709628 ], [ 78.630476087561306, 12.135157404976903 ], [ 78.630501044556539, 12.135252406144403 ], [ 78.630501058929582, 12.135252441274075 ], [ 78.630546916128225, 12.135338394765812 ], [ 78.630873078238196, 12.1357451484092 ], [ 78.631111916017744, 12.136034383415447 ], [ 78.63111193308572, 12.136034403614934 ], [ 78.63147950393703, 12.136486427588091 ], [ 78.631663167191846, 12.136780209298587 ], [ 78.632035235009482, 12.137322539147545 ], [ 78.632035260162297, 12.137322577789872 ], [ 78.632196071174562, 12.137589223786948 ], [ 78.632338633810164, 12.137807264584442 ], [ 78.632535974813479, 12.138109082419493 ], [ 78.632747316958771, 12.138407370301442 ], [ 78.633124005710243, 12.138922601702635 ], [ 78.633335275092008, 12.139266135881382 ], [ 78.633592589420317, 12.139740761686472 ], [ 78.633845236102417, 12.140391618290215 ], [ 78.633927943990614, 12.14070796779828 ], [ 78.633950427923864, 12.140863053261681 ], [ 78.633969252120636, 12.140992740436118 ], [ 78.634097880089527, 12.141684305646445 ], [ 78.634179232419982, 12.14212456243715 ], [ 78.634281657430364, 12.142678629315323 ], [ 78.634355188129646, 12.143139653383667 ], [ 78.634405736330649, 12.143374756864731 ], [ 78.634463958839149, 12.143534562055194 ], [ 78.634469938025703, 12.143550968854168 ], [ 78.634469950602139, 12.143551008373793 ], [ 78.634685893020006, 12.144174783898016 ], [ 78.634961538370007, 12.144970250619876 ], [ 78.635039891225702, 12.145231203437111 ], [ 78.635080967590369, 12.145367957182431 ], [ 78.635168239818569, 12.145666269427695 ], [ 78.635264740439624, 12.145887755842208 ], [ 78.635356598567313, 12.146082097607902 ], [ 78.635549571063407, 12.146466262350931 ], [ 78.635690696394548, 12.146666574603149 ], [ 78.635788396266534, 12.146805249998602 ], [ 78.635788423215985, 12.146805286004962 ], [ 78.636050281222992, 12.147148844264311 ], [ 78.636050316257283, 12.147148881148784 ], [ 78.636096236337977, 12.147189475172183 ], [ 78.63621572484719, 12.147216614254601 ], [ 78.636215766169698, 12.147216620402029 ], [ 78.63684959677289, 12.147248221626308 ], [ 78.637708658374038, 12.147320526625503 ], [ 78.638005430302911, 12.147302598134987 ], [ 78.638457439197651, 12.147275257953082 ], [ 78.63887209075304, 12.147278481832439 ], [ 78.63905011438446, 12.147279851827477 ], [ 78.639399239229746, 12.147288864813858 ], [ 78.639697802399255, 12.147315998616921 ], [ 78.639716205286149, 12.147320514330673 ], [ 78.639765679102126, 12.147364954851168 ], [ 78.640138870712178, 12.14770018177787 ], [ 78.640543057792812, 12.148111465612919 ], [ 78.640924364783146, 12.14845038617875 ], [ 78.640924395325868, 12.148450417793896 ], [ 78.641004631948718, 12.148549075425985 ], [ 78.641310351097772, 12.148924952581027 ], [ 78.641519453743115, 12.149178757399737 ], [ 78.641585945243804, 12.149259452153547 ], [ 78.64158596231178, 12.149259474986623 ], [ 78.641781733059986, 12.149541214854164 ], [ 78.641893743992739, 12.149702410914891 ], [ 78.641893761959054, 12.149702443408062 ], [ 78.64218775629702, 12.150222182668269 ], [ 78.642266935602819, 12.150362025084476 ], [ 78.642366917195602, 12.15053858635968 ], [ 78.642514008238578, 12.150850440649908 ], [ 78.642739100895938, 12.151528399076568 ], [ 78.64283095363372, 12.151867375885775 ], [ 78.642955029839086, 12.152373600917834 ], [ 78.642989490111717, 12.152562167397221 ], [ 78.642989506281381, 12.152562255215683 ], [ 78.643028589284455, 12.152775861217341 ], [ 78.643092949082998, 12.152997346984369 ], [ 78.643314000219888, 12.15337805839448 ], [ 78.643350144833661, 12.153440303914387 ], [ 78.643350160105015, 12.153440327625296 ], [ 78.643448218404814, 12.153584035859959 ], [ 78.643575270728689, 12.153770234784936 ], [ 78.643575294983222, 12.1537702681558 ], [ 78.643938250290603, 12.154240269078061 ], [ 78.644186300293356, 12.154638072438189 ], [ 78.644370640877867, 12.154935004336666 ], [ 78.644503342706599, 12.155148761235861 ], [ 78.644503365164496, 12.155148793728394 ], [ 78.644535673073676, 12.155199825407392 ], [ 78.644677915909043, 12.155424444241371 ], [ 78.645040838877051, 12.155971343006046 ], [ 78.645040853250109, 12.155971369351267 ], [ 78.645220052776239, 12.156341959085365 ], [ 78.64522007613246, 12.156341998603121 ], [ 78.645518723743606, 12.156793916963391 ], [ 78.645764508195214, 12.157219839872512 ], [ 78.645923029401857, 12.157494483614773 ], [ 78.646262984244686, 12.158077547160985 ], [ 78.646772958729812, 12.159058340315683 ], [ 78.646772981187695, 12.159058385980142 ], [ 78.64719569871599, 12.159917126202435 ], [ 78.647240323426047, 12.160045522856416 ], [ 78.6474391727007, 12.160617623155039 ], [ 78.647669013852664, 12.161322783902857 ], [ 78.64779762744854, 12.161851509438627 ], [ 78.647797636431676, 12.161851544564787 ], [ 78.647815215563469, 12.16193680977621 ], [ 78.64786194502625, 12.162163441793178 ], [ 78.647843610411286, 12.162443661084687 ], [ 78.647777601305904, 12.162688338674762 ], [ 78.647705817829888, 12.162954508766534 ], [ 78.647545066106417, 12.16334314614531 ], [ 78.647447995953428, 12.163644251820431 ], [ 78.647447826171856, 12.163644781343626 ], [ 78.64736585041058, 12.16389910866471 ], [ 78.647337647802246, 12.163939686081621 ], [ 78.647337578631962, 12.163939785312241 ], [ 78.647306220242029, 12.163984948405526 ], [ 78.647218913877879, 12.164066411436366 ], [ 78.64721888962336, 12.16406643163374 ], [ 78.646947782562208, 12.164251717850794 ], [ 78.646869169195043, 12.164299824435659 ], [ 78.646741131419276, 12.164378227032996 ], [ 78.646136832032724, 12.164776853854825 ], [ 78.645905045129851, 12.164929762421531 ], [ 78.645664852690885, 12.165071958431598 ], [ 78.645385892557499, 12.165237104624833 ], [ 78.64459112697449, 12.165738893304606 ], [ 78.644103606778216, 12.166071157940001 ], [ 78.643529969587235, 12.166462129244866 ], [ 78.642868442127167, 12.166873417436831 ], [ 78.642481452394335, 12.167137151777986 ], [ 78.642046049755933, 12.167433909019113 ], [ 78.641555294726317, 12.167727900683559 ], [ 78.641117988557781, 12.167989898984754 ], [ 78.640973701156867, 12.168092636200507 ], [ 78.640902171904045, 12.168143574069196 ], [ 78.640902150344488, 12.168143590753751 ], [ 78.640548390192322, 12.168432914360976 ], [ 78.640387588163222, 12.168627260728625 ], [ 78.640185179763378, 12.168841757421035 ], [ 78.640184023631619, 12.168842983291528 ], [ 78.640148746790402, 12.168880369705086 ], [ 78.63996492902541, 12.169092859666353 ], [ 78.639721437074385, 12.169332408129755 ], [ 78.639487156448268, 12.169526759108217 ], [ 78.639383532186997, 12.169666501803169 ], [ 78.639326350825911, 12.169743614603778 ], [ 78.639326321181514, 12.169743652363286 ], [ 78.639105874610763, 12.170001280873624 ], [ 78.638885331920335, 12.170258986409223 ], [ 78.638765173267899, 12.170392955043173 ], [ 78.638762960717386, 12.17039542169803 ], [ 78.63874750699955, 12.170412652278149 ], [ 78.638747487236614, 12.170412675109404 ], [ 78.638554600978779, 12.170661238089554 ], [ 78.638465786343289, 12.170785684140727 ], [ 78.63837076075589, 12.170918850781989 ], [ 78.638223773917517, 12.171172028703294 ], [ 78.638144861411405, 12.171268693348116 ], [ 78.637998682158468, 12.171447786416676 ], [ 78.637841662935031, 12.171667876221525 ], [ 78.637814915597446, 12.171705373758957 ], [ 78.637791613298972, 12.171739409737475 ], [ 78.637663332079768, 12.171926818290373 ], [ 78.637419800602871, 12.172184487711386 ], [ 78.63741976556858, 12.172184524592423 ], [ 78.637171770363054, 12.172464694679709 ], [ 78.637056927940478, 12.172645520347174 ], [ 78.636859372239826, 12.172934795145748 ], [ 78.636722018036252, 12.173094982995691 ], [ 78.636661732995876, 12.173165321888968 ], [ 78.636609300129351, 12.173273725342705 ], [ 78.636569910800787, 12.173355211869243 ], [ 78.636404595635668, 12.173543937333022 ], [ 78.636312637794958, 12.173648931790405 ], [ 78.636312618930361, 12.173648949352701 ], [ 78.636069082063571, 12.173874910160892 ], [ 78.636028061394427, 12.173940978579807 ], [ 78.635917542563348, 12.17411905913816 ], [ 78.635701653146043, 12.174331457975786 ], [ 78.635435158035548, 12.174584534295773 ], [ 78.635435126594516, 12.174584565029688 ], [ 78.635388582184703, 12.174637767181489 ], [ 78.635387055947049, 12.174639511111081 ], [ 78.635265125816915, 12.174778907774877 ], [ 78.63503079308849, 12.175036584966264 ], [ 78.634828682929367, 12.175258063600925 ], [ 78.634796627446775, 12.175297113128931 ], [ 78.634635740077684, 12.175493146590107 ], [ 78.634435182207369, 12.175662185105843 ], [ 78.634378481444955, 12.175709984043031 ], [ 78.63437845269884, 12.175710011264382 ], [ 78.634144160394669, 12.17592695742551 ], [ 78.633946567863077, 12.176089704030078 ], [ 78.633703125319386, 12.176266009373043 ], [ 78.633526929759554, 12.17636796802037 ], [ 78.63339070743325, 12.176446809621567 ], [ 78.633265386162904, 12.176487308726845 ], [ 78.633055301659013, 12.176555217882559 ], [ 78.632880747321181, 12.176618554728002 ], [ 78.632880711388594, 12.176618573168209 ] ] ] } }
]
}
