{
"type": "FeatureCollection",
"name": "dindigul_boundary",
"crs": { "type": "name", "properties": { "name": "urn:ogc:def:crs:OGC:1.3:CRS84" } },
"features": [
{ "type": "Feature", "properties": { "dtname": "Dindigul", "stname": "TAMIL NADU", "stcode11": "33", "dtcode11": "612", "year_stat": "2011_c", "objectid": 674, "test": -1, "dist_lgd": 572, "state_lgd": 33, "remarks": " ", "dist": "Dindigul", "st_area(shape)": 6294058517.0235968, "st_length(shape)": 655178.32697645412 }, "geometry": { "type": "Polygon", "coordinates": [ [ [ 78.200017367722353, 10.54668869782366 ], [ 78.199875774368948, 10.546874071339509 ], [ 78.198359409186182, 10.548253060167308 ], [ 78.197445795592785, 10.548361771383986 ], [ 78.197445757863548, 10.548361776682816 ], [ 78.196162089577044, 10.548547327583785 ], [ 78.195362695873683, 10.548967909211749 ], [ 78.194736992328842, 10.549659667144224 ], [ 78.194736958192877, 10.549659697170672 ], [ 78.19438834359066, 10.551037110379072 ], [ 78.194307911135084, 10.551354898072987 ], [ 78.194307906643488, 10.551354927216142 ], [ 78.190438900444036, 10.553394310561551 ], [ 78.190383225557667, 10.553800584336855 ], [ 78.190352178883145, 10.554027191655289 ], [ 78.190464829416399, 10.55464623301328 ], [ 78.190466515554178, 10.554655502202626 ], [ 78.190466525435639, 10.55465553311169 ], [ 78.190566952592846, 10.554926574646354 ], [ 78.19112473362074, 10.556431882957336 ], [ 78.191161160305512, 10.556708673741404 ], [ 78.191211590827265, 10.557091871023527 ], [ 78.191094074120116, 10.557489863423271 ], [ 78.191070100780095, 10.557571041368309 ], [ 78.190144433592224, 10.558337157776002 ], [ 78.189982967708104, 10.558470791961918 ], [ 78.189982920097378, 10.558470824636812 ], [ 78.188754205350094, 10.559131030867643 ], [ 78.184674301671365, 10.558177903738198 ], [ 78.184234075079885, 10.558368393225628 ], [ 78.180932990091236, 10.559796752416021 ], [ 78.180530264569569, 10.559785229706396 ], [ 78.179991917694565, 10.559769828413883 ], [ 78.179991890745072, 10.559769798388416 ], [ 78.179575148810045, 10.559349598021262 ], [ 78.175738024718342, 10.555480517219902 ], [ 78.1700410241708, 10.554202003960864 ], [ 78.169212131590172, 10.554823888600051 ], [ 78.164075140790771, 10.558677886287734 ], [ 78.160964322572568, 10.562493341596587 ], [ 78.160964293826467, 10.562493376920349 ], [ 78.160452564033278, 10.561648080108993 ], [ 78.160335322210628, 10.561726150223956 ], [ 78.159223704657251, 10.562466369260537 ], [ 78.158602402857269, 10.5627067314327 ], [ 78.158536532990766, 10.562732213086418 ], [ 78.154911119353613, 10.564134723404697 ], [ 78.152526350989106, 10.564510073138267 ], [ 78.152456052428221, 10.564436551635163 ], [ 78.152206529188376, 10.56417558570142 ], [ 78.152206489662504, 10.564175546845513 ], [ 78.152206490560815, 10.564175615726468 ], [ 78.152140775204543, 10.564114356719816 ], [ 78.150666436804045, 10.562740009915684 ], [ 78.148729723848689, 10.56093462139677 ], [ 78.145702948415234, 10.561373782340336 ], [ 78.143992150075761, 10.561621980197923 ], [ 78.139167798148037, 10.562630184019957 ], [ 78.139021662014244, 10.565554839568673 ], [ 78.139021659319326, 10.565554868710478 ], [ 78.138959471647127, 10.565882390644434 ], [ 78.138624285061809, 10.567647797829395 ], [ 78.138101208648266, 10.569307774364672 ], [ 78.137765354614672, 10.570373592787281 ], [ 78.132712446125851, 10.575088386616493 ], [ 78.13271241019325, 10.575088418406544 ], [ 78.134867383219913, 10.578158618633696 ], [ 78.135111062020528, 10.578505788180438 ], [ 78.134910081941982, 10.579599742020591 ], [ 78.13446541677466, 10.581716843922916 ], [ 78.134398344063982, 10.58203620612152 ], [ 78.134398330589264, 10.582036247624298 ], [ 78.134867475746375, 10.583300169427854 ], [ 78.134910067568967, 10.583414918788247 ], [ 78.135855887561917, 10.585824299290186 ], [ 78.13586974407518, 10.586738237631167 ], [ 78.135883233177495, 10.58762793342491 ], [ 78.135706816632108, 10.591475714349828 ], [ 78.135622922967713, 10.593305466306534 ], [ 78.135764607050945, 10.595665166624194 ], [ 78.135927024250961, 10.59611442702368 ], [ 78.136166618411949, 10.596777163275803 ], [ 78.137820666581689, 10.598499385709857 ], [ 78.142533548362422, 10.603789792409879 ], [ 78.142705165209236, 10.603982432752501 ], [ 78.142705202938458, 10.603982466305508 ], [ 78.143705835435142, 10.604800585987736 ], [ 78.143705878554272, 10.604800618657718 ], [ 78.144861945646241, 10.605528357133052 ], [ 78.1478913477536, 10.606590485079019 ], [ 78.152612200285844, 10.608233462086899 ], [ 78.154969182860327, 10.609053707165009 ], [ 78.160566686905312, 10.611593685667684 ], [ 78.160566726431185, 10.6115937015608 ], [ 78.16539210243829, 10.613740416176515 ], [ 78.16535064069636, 10.613828513886149 ], [ 78.165081476691171, 10.614400436285548 ], [ 78.164004240358651, 10.616661364819855 ], [ 78.162628217176092, 10.619549340807348 ], [ 78.16232834785616, 10.620256036693075 ], [ 78.16208921632753, 10.620819594588077 ], [ 78.161728344213273, 10.622698677289051 ], [ 78.161687261560388, 10.622912607040172 ], [ 78.161632564939367, 10.623330904085874 ], [ 78.16137221161047, 10.62532197943456 ], [ 78.160746443386927, 10.627867015100652 ], [ 78.160494171302318, 10.630559000252838 ], [ 78.160376623154121, 10.631813337340462 ], [ 78.160262476925908, 10.63305643979098 ], [ 78.160528882204886, 10.634852373883566 ], [ 78.160719784982561, 10.636139299903851 ], [ 78.160518854311391, 10.637463733084807 ], [ 78.160176305133959, 10.639633530408227 ], [ 78.160340074298475, 10.640483073927516 ], [ 78.160436849804029, 10.640985087762624 ], [ 78.160590971960701, 10.642031828584177 ], [ 78.160862160768559, 10.643873614975002 ], [ 78.161328695421474, 10.645041086128348 ], [ 78.16146545224538, 10.64538329756898 ], [ 78.161465470211681, 10.645383338180288 ], [ 78.162428071632476, 10.647469464563475 ], [ 78.163065237680357, 10.648850299387375 ], [ 78.163065255646686, 10.648850333818304 ], [ 78.162100806391337, 10.64899095063123 ], [ 78.161607448942334, 10.649062880356409 ], [ 78.158974149078048, 10.649531050415826 ], [ 78.157613544579036, 10.649772933318989 ], [ 78.157613510443042, 10.649772938616024 ], [ 78.155360573439722, 10.650062430304255 ], [ 78.152988767764768, 10.64942974332029 ], [ 78.150319049300521, 10.649268038229662 ], [ 78.149931615799915, 10.649244569601924 ], [ 78.149931581663964, 10.649244571367603 ], [ 78.145535400038341, 10.649588368970486 ], [ 78.145535373088862, 10.649588371619036 ], [ 78.145475977380599, 10.649719450748064 ], [ 78.145905752073759, 10.654248794430389 ], [ 78.147130599573785, 10.656938359925782 ], [ 78.147803099955041, 10.65854783935365 ], [ 78.148501828447635, 10.660220063181747 ], [ 78.148501808684699, 10.660486738403032 ], [ 78.14850180059986, 10.660486771949843 ], [ 78.148007170238145, 10.661714022298787 ], [ 78.147359448087357, 10.663321094673726 ], [ 78.147359436409261, 10.663321122923401 ], [ 78.145906367419741, 10.666896769710608 ], [ 78.145939437100296, 10.667090070267198 ], [ 78.146025361855521, 10.667592316561846 ], [ 78.146157702561524, 10.668365864101501 ], [ 78.146364684284435, 10.669546196215654 ], [ 78.146473170228035, 10.670164910194101 ], [ 78.146164698640945, 10.670164961395511 ], [ 78.146016153225546, 10.670164976402818 ], [ 78.145700847255767, 10.670481445935195 ], [ 78.145535015559375, 10.67085923839598 ], [ 78.145444880400419, 10.671064581087551 ], [ 78.145433438558626, 10.671162865406499 ], [ 78.145265432939254, 10.672606062384808 ], [ 78.145102306968511, 10.674007332337089 ], [ 78.145070373656793, 10.675860654601117 ], [ 78.145070434742209, 10.67670594186745 ], [ 78.145233111555328, 10.677184041084695 ], [ 78.145385739813662, 10.677632605894596 ], [ 78.145977004645474, 10.678784823270878 ], [ 78.146473641843556, 10.679752632349864 ], [ 78.146547785193846, 10.680209302342977 ], [ 78.146615282807659, 10.680625044600868 ], [ 78.146784437372304, 10.682003773672118 ], [ 78.146958170649924, 10.683038904793877 ], [ 78.14681656921168, 10.684919326814812 ], [ 78.146800614233939, 10.685569244299494 ], [ 78.146784719443289, 10.686216724041209 ], [ 78.146899010300274, 10.687590883421731 ], [ 78.14666600079029, 10.689078049604531 ], [ 78.146728842436005, 10.689884222713159 ], [ 78.146839718796542, 10.691306621225579 ], [ 78.147182614723647, 10.69294747403727 ], [ 78.147923064571316, 10.694298998438956 ], [ 78.148553927140881, 10.696812335854817 ], [ 78.149002752406275, 10.698513373186497 ], [ 78.149267147255628, 10.699515413048662 ], [ 78.150382470359574, 10.701689643678272 ], [ 78.150609188967621, 10.702206750208047 ], [ 78.150610375642074, 10.702209458299944 ], [ 78.150707090062227, 10.702430043248711 ], [ 78.150711597808311, 10.702440325692921 ], [ 78.150729076328773, 10.702480189690412 ], [ 78.151292125975843, 10.703764404832596 ], [ 78.151292143942158, 10.703764440140009 ], [ 78.15158256657854, 10.70433679912064 ], [ 78.151612017845139, 10.704394839083776 ], [ 78.151618614174268, 10.704407836595054 ], [ 78.15162927358341, 10.704428843573199 ], [ 78.151675090357884, 10.704519134989511 ], [ 78.151689850576275, 10.704548223804249 ], [ 78.152608695957937, 10.706358996364091 ], [ 78.152847893063566, 10.706803131149778 ], [ 78.153093180746851, 10.707258574116231 ], [ 78.153294438404757, 10.709455425841314 ], [ 78.153751734783327, 10.712239916345482 ], [ 78.153840585351446, 10.713655981071819 ], [ 78.153921060926152, 10.714938560069998 ], [ 78.154313190819053, 10.717628076145639 ], [ 78.154666446118014, 10.720050970383074 ], [ 78.154688419808181, 10.721172281795157 ], [ 78.154721547879205, 10.722862677295328 ], [ 78.154749067767952, 10.723924934120159 ], [ 78.154889230105113, 10.726596582921955 ], [ 78.154950417054039, 10.727762675153949 ], [ 78.15478146101708, 10.730334745165978 ], [ 78.154730349572361, 10.730583649251331 ], [ 78.154667276161319, 10.730890808666665 ], [ 78.154126825431874, 10.731755087924551 ], [ 78.15380795584538, 10.732265011677807 ], [ 78.152637933425467, 10.734412243283996 ], [ 78.152637919950749, 10.73441226887928 ], [ 78.152485073401778, 10.734770925575356 ], [ 78.152208344683586, 10.735420286877305 ], [ 78.151867840970041, 10.736813253431977 ], [ 78.151637047603899, 10.73775739774025 ], [ 78.151600442154376, 10.738415852948787 ], [ 78.151550350297526, 10.739316901978679 ], [ 78.151637273979333, 10.740510236214428 ], [ 78.151952715594746, 10.741513701845047 ], [ 78.151952726374518, 10.741513728322285 ], [ 78.152342304153677, 10.742658948431172 ], [ 78.152638521821999, 10.74352971533156 ], [ 78.152638537093353, 10.743529755047145 ], [ 78.152689847964069, 10.743663586034375 ], [ 78.153333490865109, 10.745342360365939 ], [ 78.153359736044479, 10.745409518170238 ], [ 78.153387133762322, 10.745479626369169 ], [ 78.153411222985, 10.745541247823791 ], [ 78.153411245442854, 10.745541291069372 ], [ 78.155557483251684, 10.749591991775679 ], [ 78.156540485412592, 10.751447216789904 ], [ 78.156462349050869, 10.751681342908231 ], [ 78.156433785319791, 10.751766927725642 ], [ 78.156624088921134, 10.752147028162103 ], [ 78.156662379610111, 10.752223499701302 ], [ 78.157001366069125, 10.752703867857543 ], [ 78.157073849332747, 10.752806580760565 ], [ 78.15707387268894, 10.752806613414618 ], [ 78.157084025448299, 10.75281935643827 ], [ 78.157480744833961, 10.753317313561132 ], [ 78.157773344986609, 10.753697030787329 ], [ 78.157773367444506, 10.753697063441283 ], [ 78.158024846316721, 10.754149063596437 ], [ 78.158244307435581, 10.754546842659163 ], [ 78.158541501572572, 10.75511182372561 ], [ 78.159291296594148, 10.756494983641302 ], [ 78.15966060658387, 10.757317504253454 ], [ 78.159689090364907, 10.757380942182101 ], [ 78.159702988200664, 10.757412105148452 ], [ 78.159876554391658, 10.757801299094146 ], [ 78.160201202840383, 10.758497415594356 ], [ 78.160969340561721, 10.760002610888094 ], [ 78.160987874602668, 10.760037677855703 ], [ 78.161234526826874, 10.760504337746932 ], [ 78.161545448119753, 10.76121398141113 ], [ 78.161545460696161, 10.761214006121623 ], [ 78.162094142688545, 10.762289783200965 ], [ 78.162533062231319, 10.763067262247402 ], [ 78.16310919943372, 10.764052612610158 ], [ 78.163415542911935, 10.76462670805137 ], [ 78.163634936657147, 10.765016405419152 ], [ 78.163731059985807, 10.765187157977673 ], [ 78.163846550093666, 10.765430840665587 ], [ 78.164037384599354, 10.765833526568208 ], [ 78.164563226027354, 10.766941000702669 ], [ 78.164778175806816, 10.767510468111475 ], [ 78.164778186586631, 10.767510497233943 ], [ 78.164977420340207, 10.768018885040169 ], [ 78.165021530315627, 10.768131443158916 ], [ 78.165171417814022, 10.768513925118999 ], [ 78.165263569690836, 10.768724095885197 ], [ 78.165409276429912, 10.769056411701149 ], [ 78.165546977383187, 10.769350479881636 ], [ 78.165752163373881, 10.769788664094595 ], [ 78.166492976140901, 10.771433955272331 ], [ 78.166492991412241, 10.771433987924363 ], [ 78.16652536130519, 10.771509800647879 ], [ 78.166703357088863, 10.771926628205959 ], [ 78.166913678748031, 10.772356042067537 ], [ 78.167013774426877, 10.772555226754891 ], [ 78.167265731202818, 10.77305665914262 ], [ 78.167334145098224, 10.773261440068133 ], [ 78.167416732612182, 10.773508645267443 ], [ 78.167650537131166, 10.774152635369152 ], [ 78.16767416821304, 10.774217724402384 ], [ 78.167887730993741, 10.774805958941469 ], [ 78.167915726091252, 10.774884545324868 ], [ 78.168002052393433, 10.775126889392721 ], [ 78.168165328382827, 10.7756289264056 ], [ 78.168249025316186, 10.775886272822175 ], [ 78.168496060222665, 10.777011793589757 ], [ 78.168555537677648, 10.777373418563768 ], [ 78.168567045994735, 10.777441954710367 ], [ 78.168720232106878, 10.778354278902761 ], [ 78.168798991001097, 10.779084749931711 ], [ 78.168862086870035, 10.779669709845562 ], [ 78.168981089390655, 10.780808815173307 ], [ 78.16904523988174, 10.782074488683218 ], [ 78.169057137169361, 10.782623943401047 ], [ 78.169077457061078, 10.783561647084575 ], [ 78.169039181643456, 10.784127244396403 ], [ 78.169013529352213, 10.784506441853873 ], [ 78.168995385180096, 10.785663604005162 ], [ 78.168995384281772, 10.785663635773229 ], [ 78.168917819248591, 10.786951929671053 ], [ 78.168853910404309, 10.78775652505599 ], [ 78.168853906811066, 10.787756558588679 ], [ 78.168766701956528, 10.788213023068867 ], [ 78.168712279321667, 10.788497901360051 ], [ 78.168671230804776, 10.789135306414719 ], [ 78.168667970818618, 10.789937776352657 ], [ 78.168666755398036, 10.790238200585042 ], [ 78.168666757194657, 10.790238235882342 ], [ 78.168684125222342, 10.790386087380641 ], [ 78.168799526397009, 10.791368280112893 ], [ 78.168746750374055, 10.792583821837214 ], [ 78.168744771385491, 10.792629438816414 ], [ 78.168744772283816, 10.792629472348581 ], [ 78.168760030168912, 10.792759877130708 ], [ 78.168850034173872, 10.793529003878776 ], [ 78.168936981211914, 10.794243196218925 ], [ 78.169014746569403, 10.794537014766416 ], [ 78.1692800118863, 10.795282835850582 ], [ 78.169280020869436, 10.795282867617619 ], [ 78.16954987837407, 10.79625466803345 ], [ 78.169585288165919, 10.796444566253831 ], [ 78.169710042599334, 10.797113529810971 ], [ 78.169810670979118, 10.797655936586084 ], [ 78.169847590838998, 10.798032738885059 ], [ 78.169879322928111, 10.798356587383276 ], [ 78.169888551321023, 10.798984900388827 ], [ 78.169930446050927, 10.799070304985044 ], [ 78.169961760423405, 10.79913407560508 ], [ 78.170058491911533, 10.799236087920693 ], [ 78.170167492589769, 10.799351010677663 ], [ 78.170502522868247, 10.799568945358327 ], [ 78.17070243395159, 10.799698965047519 ], [ 78.171267461688856, 10.800120545871964 ], [ 78.171411202914115, 10.800227794914285 ], [ 78.172266303843159, 10.801317050592262 ], [ 78.172266334385895, 10.801317087653066 ], [ 78.17261337693634, 10.80171702626353 ], [ 78.173340953925987, 10.802555498778672 ], [ 78.173598210762108, 10.802848310324524 ], [ 78.173944567897991, 10.803242518393045 ], [ 78.174836089223632, 10.804280892412301 ], [ 78.174918568939759, 10.804376954783345 ], [ 78.174918594092574, 10.804376983902253 ], [ 78.175407902834564, 10.804960041580189 ], [ 78.175479113185446, 10.805060455675433 ], [ 78.175750878711753, 10.805443661877511 ], [ 78.176028370099644, 10.805745976559415 ], [ 78.176153300602806, 10.805882077628043 ], [ 78.176359100142861, 10.80620294843443 ], [ 78.17663835312699, 10.806557165970199 ], [ 78.176875843433606, 10.806858360668407 ], [ 78.177287954553364, 10.807307667360854 ], [ 78.177319400978192, 10.807341951435907 ], [ 78.177319418046167, 10.80734196996592 ], [ 78.177799590921751, 10.807897855157105 ], [ 78.178038381090559, 10.80819349128347 ], [ 78.178270608167921, 10.808480948350324 ], [ 78.178635099594473, 10.808910469711623 ], [ 78.178746210415326, 10.809041392439051 ], [ 78.178746242754684, 10.809041433028399 ], [ 78.179043480010833, 10.80938490163865 ], [ 78.179519045427298, 10.809918179259073 ], [ 78.18005510159837, 10.810537165214193 ], [ 78.180470248125459, 10.811016520848154 ], [ 78.180619088188251, 10.811217098770934 ], [ 78.181073957318887, 10.811830035172582 ], [ 78.181677599138695, 10.812621034591785 ], [ 78.182359024282263, 10.813529478110075 ], [ 78.182522297576753, 10.813728484628429 ], [ 78.182830051409923, 10.814103504676032 ], [ 78.183310245845078, 10.81486279932067 ], [ 78.183310270099568, 10.81486283726213 ], [ 78.183694480444899, 10.815441403656651 ], [ 78.183916397557738, 10.815759827169552 ], [ 78.184453636810034, 10.81653064117814 ], [ 78.184730425715401, 10.816964430430145 ], [ 78.184906455985185, 10.817240270857376 ], [ 78.185253382652974, 10.817839450566389 ], [ 78.185377512757256, 10.818053827419149 ], [ 78.185485757952378, 10.818198171996052 ], [ 78.18575711923674, 10.818560032394592 ], [ 78.186059041207116, 10.819323885429652 ], [ 78.186059013359355, 10.819323888959037 ], [ 78.185336600784282, 10.819400886062899 ], [ 78.185138162039692, 10.819436298159365 ], [ 78.184778806281642, 10.819500472095681 ], [ 78.1844031362197, 10.819555921379692 ], [ 78.18416610315559, 10.819590937284474 ], [ 78.183480252910897, 10.8196452950899 ], [ 78.183208482893036, 10.819708312226291 ], [ 78.182895041825802, 10.819781033385201 ], [ 78.182259458609437, 10.819853460705525 ], [ 78.181674243931084, 10.820070528151712 ], [ 78.181331314766339, 10.8201564693889 ], [ 78.180960944764564, 10.82014748359363 ], [ 78.180910657074961, 10.820228870148172 ], [ 78.180860423284258, 10.820581420258174 ], [ 78.18084303818857, 10.820839851390314 ], [ 78.180819410699982, 10.821191679908845 ], [ 78.180841064589913, 10.821270977678537 ], [ 78.180865120574879, 10.821358911779548 ], [ 78.180898932263872, 10.821358905603153 ], [ 78.180898989756045, 10.821358905603153 ], [ 78.180933716828307, 10.821358857956765 ], [ 78.182552365985927, 10.821277256417755 ], [ 78.183443907972801, 10.821263536013646 ], [ 78.183570687208871, 10.821291888279539 ], [ 78.183828045554606, 10.821349392204048 ], [ 78.183848105833235, 10.821499359232124 ], [ 78.183860120800148, 10.821588943242238 ], [ 78.183977638405594, 10.821974188591787 ], [ 78.184047656692115, 10.822203694590939 ], [ 78.18405171438225, 10.822308573720926 ], [ 78.184061490747482, 10.822560751121902 ], [ 78.184146262065909, 10.822958749391358 ], [ 78.184147532283717, 10.822964705160171 ], [ 78.184152966192855, 10.822990209966765 ], [ 78.184152973379398, 10.822990244377886 ], [ 78.184163038103847, 10.823032492389041 ], [ 78.184244509910201, 10.823374389419275 ], [ 78.18440006937135, 10.823889747559962 ], [ 78.184541895388392, 10.824310034422464 ], [ 78.18465171443188, 10.824938350429861 ], [ 78.184698038754448, 10.825081218200584 ], [ 78.184699129309223, 10.825084578112735 ], [ 78.184766073560809, 10.825290941763553 ], [ 78.184834795578368, 10.825476674662886 ], [ 78.18492165368319, 10.825711315775877 ], [ 78.184941642994872, 10.825834945788623 ], [ 78.184958228589977, 10.825937313426415 ], [ 78.184985724224191, 10.82628085356332 ], [ 78.185168776624565, 10.82628603987755 ], [ 78.185936811937978, 10.826307798926459 ], [ 78.186151889278278, 10.826315365756445 ], [ 78.186156570399206, 10.826315530751446 ], [ 78.18632089921411, 10.826321303812023 ], [ 78.18633395622679, 10.826351407899114 ], [ 78.186334622776712, 10.826352942264275 ], [ 78.186334638048095, 10.82635297402803 ], [ 78.18632405858898, 10.827096676981579 ], [ 78.186321072588981, 10.827306735298949 ], [ 78.186233308084027, 10.827309272860825 ], [ 78.185850109241727, 10.827320371605655 ], [ 78.185690996045324, 10.827279205927537 ], [ 78.185658060213754, 10.827270689741889 ], [ 78.185520911724382, 10.827259133069346 ], [ 78.185518960583593, 10.827258968957203 ], [ 78.185283142940037, 10.827239097267404 ], [ 78.185283149228226, 10.827306931174732 ], [ 78.185348383087543, 10.827641612107275 ], [ 78.185402108629717, 10.827917130366275 ], [ 78.185493008255008, 10.828213881419151 ], [ 78.185507338180443, 10.828260654998079 ], [ 78.185507357943379, 10.828260698231766 ], [ 78.18585952358589, 10.828843713886458 ], [ 78.185868875946312, 10.828844431211623 ], [ 78.186682595981807, 10.828906864083262 ], [ 78.186682622931286, 10.828906873788762 ], [ 78.186741087984913, 10.829009618891375 ], [ 78.18676489244163, 10.829051443423406 ], [ 78.186764922086027, 10.829051489303938 ], [ 78.186880090597015, 10.829503714091173 ], [ 78.186947960113386, 10.829770184250863 ], [ 78.186947977181362, 10.829770226602035 ], [ 78.186934376687972, 10.830384950576937 ], [ 78.186921827223429, 10.830745730425001 ], [ 78.186907054428588, 10.83117148682622 ], [ 78.186877339057304, 10.831630173102104 ], [ 78.186843256975422, 10.832156933237046 ], [ 78.186719761081747, 10.832683486867746 ], [ 78.186637606555735, 10.83303389861052 ], [ 78.186273561591904, 10.833360613865569 ], [ 78.185846690253726, 10.833743761838763 ], [ 78.184996224631533, 10.833807180105056 ], [ 78.184996222834911, 10.833807150989024 ], [ 78.184996179715782, 10.833807155400518 ], [ 78.184961537085144, 10.832834024368772 ], [ 78.184954818585169, 10.832645444413373 ], [ 78.184362294315335, 10.832635268759669 ], [ 78.184172908792178, 10.832632021867573 ], [ 78.184172877351159, 10.832632025396792 ], [ 78.184084387905784, 10.83265107706503 ], [ 78.18339559657683, 10.832799395579897 ], [ 78.182677698036059, 10.832776908216827 ], [ 78.182677671086594, 10.832776908216827 ], [ 78.181941539440501, 10.832790590154467 ], [ 78.181941511592726, 10.83279059103678 ], [ 78.18193514972387, 10.832740338345264 ], [ 78.18192774940259, 10.832682146642648 ], [ 78.181763445740472, 10.831920733720338 ], [ 78.181735586288582, 10.83179163766135 ], [ 78.181693827204285, 10.831512523137862 ], [ 78.181676075595945, 10.831393869939477 ], [ 78.18220645082117, 10.831316934149978 ], [ 78.182210302797088, 10.831041639596425 ], [ 78.182215518415646, 10.830666004593942 ], [ 78.18219332463822, 10.830279533415249 ], [ 78.182174212980584, 10.82994731709052 ], [ 78.182159536305463, 10.829529967428053 ], [ 78.182159476118329, 10.829528255733509 ], [ 78.182146681413741, 10.829165274800465 ], [ 78.182094613263232, 10.828867018572021 ], [ 78.182094530618244, 10.828866544766864 ], [ 78.182032218080238, 10.828509813385343 ], [ 78.181921433347839, 10.827954401389972 ], [ 78.181908703321923, 10.827890586604195 ], [ 78.181890487284591, 10.827763744905408 ], [ 78.181821717656319, 10.827284882796308 ], [ 78.181802206248364, 10.827074385066252 ], [ 78.181757596809675, 10.826593283395669 ], [ 78.181762127911966, 10.826317539808301 ], [ 78.182704012385685, 10.826208882194454 ], [ 78.182717858119133, 10.825979446319533 ], [ 78.18272228322023, 10.825906048154776 ], [ 78.182709142664265, 10.825489450782445 ], [ 78.182703890214796, 10.82532292707995 ], [ 78.182667159001156, 10.824667456375929 ], [ 78.182601352915015, 10.823900012626423 ], [ 78.182593903186344, 10.823813171599985 ], [ 78.182441843561563, 10.823801240684638 ], [ 78.181903451770765, 10.823759029839854 ], [ 78.181235880445485, 10.823745571602494 ], [ 78.18058201022491, 10.823745676600225 ], [ 78.180042452420849, 10.823686996984236 ], [ 78.180042452420849, 10.823686959043883 ], [ 78.180030827322767, 10.823550305771954 ], [ 78.179987460254097, 10.823040623996699 ], [ 78.179960691356953, 10.822916220786858 ], [ 78.179941735107846, 10.822828180380057 ], [ 78.179854836578826, 10.822819166430083 ], [ 78.179319485585253, 10.822839306643299 ], [ 78.179132404240804, 10.822846352100044 ], [ 78.178409950343223, 10.822792223400263 ], [ 78.178409908122418, 10.822792220753252 ], [ 78.178211001355578, 10.822787977596409 ], [ 78.177778956619662, 10.822778760707811 ], [ 78.177088542933319, 10.82272465758362 ], [ 78.176994032978925, 10.822759651059805 ], [ 78.17697877778879, 10.822765307720452 ], [ 78.176969685939767, 10.822887353390227 ], [ 78.176937751729739, 10.823633216075946 ], [ 78.176937749933117, 10.823633255780999 ], [ 78.17692589396799, 10.823884507381932 ], [ 78.176901277434254, 10.824406205964559 ], [ 78.176864860630957, 10.825513673350683 ], [ 78.176864857037714, 10.825513705996824 ], [ 78.176844317058737, 10.825703116301442 ], [ 78.176791832988258, 10.826187231664528 ], [ 78.176256774845442, 10.826160198940205 ], [ 78.17558463828189, 10.826124140010338 ], [ 78.175500734736062, 10.826132403883117 ], [ 78.175493211345525, 10.826133147684594 ], [ 78.1755025142986, 10.827245142948131 ], [ 78.175508003903332, 10.828026591155163 ], [ 78.175511867557347, 10.828574080669119 ], [ 78.175489099756476, 10.829315452319863 ], [ 78.175468460962847, 10.829651612417592 ], [ 78.175448034171566, 10.829984456396621 ], [ 78.175448017103591, 10.82998448904228 ], [ 78.175438565030163, 10.830004253789795 ], [ 78.175288067575664, 10.830318991402557 ], [ 78.175187534417276, 10.830874998103562 ], [ 78.17522422161349, 10.831553058264209 ], [ 78.175210610340315, 10.832185842973642 ], [ 78.175206108882421, 10.832656000341318 ], [ 78.175878240056093, 10.83266493458761 ], [ 78.17587824095439, 10.832664973409141 ], [ 78.175885355611484, 10.832749786091918 ], [ 78.175933227731264, 10.83332034014634 ], [ 78.175965344299286, 10.834066196265347 ], [ 78.176029491197127, 10.835128439163112 ], [ 78.176029491197127, 10.835128478866601 ], [ 78.175224571956463, 10.835151068399863 ], [ 78.175220166618303, 10.835151192804206 ], [ 78.175220139668852, 10.835151192804206 ], [ 78.175156307181368, 10.835149768771673 ], [ 78.174415335412533, 10.835133242405789 ], [ 78.173775210314133, 10.835033869792424 ], [ 78.173775172584882, 10.835033863616321 ], [ 78.173614525065986, 10.835010964386672 ], [ 78.173331620430176, 10.834970634422248 ], [ 78.173331588090818, 10.834970629128444 ], [ 78.173331571921167, 10.834884717727734 ], [ 78.173303455551093, 10.834523602298088 ], [ 78.173303301040846, 10.834521605648501 ], [ 78.173285802757434, 10.834297118801624 ], [ 78.17328433940186, 10.834041557941527 ], [ 78.173281075822388, 10.833478954830923 ], [ 78.173240032695375, 10.833011384795881 ], [ 78.173203268244066, 10.832593005338929 ], [ 78.172828682448682, 10.832482727437045 ], [ 78.172558505143854, 10.83240320676394 ], [ 78.171986916111734, 10.83227671195899 ], [ 78.171241566852487, 10.832168316788065 ], [ 78.171179488774769, 10.832155644183551 ], [ 78.170555679776868, 10.832028316373913 ], [ 78.17029788125663, 10.832036188338451 ], [ 78.17011212762219, 10.832041890704 ], [ 78.169865214886556, 10.832096164195836 ], [ 78.169856732095326, 10.83212412986752 ], [ 78.1698515119852, 10.83214136842289 ], [ 78.169849877949716, 10.832393637247842 ], [ 78.169849852796901, 10.832397394116729 ], [ 78.169847016815524, 10.83283749624697 ], [ 78.169818817800433, 10.833602016962388 ], [ 78.169818598611513, 10.833607952226599 ], [ 78.16980600872283, 10.833949501028636 ], [ 78.16954998257863, 10.833985734594808 ], [ 78.16929205739595, 10.834072008880193 ], [ 78.169252730949424, 10.834085168435035 ], [ 78.169252693220173, 10.834085172846553 ], [ 78.168361054215254, 10.834067225031152 ], [ 78.167670642325547, 10.834049225158749 ], [ 78.167393370126604, 10.834013165414037 ], [ 78.167323081447179, 10.834004027395828 ], [ 78.167057864639318, 10.833981446599065 ], [ 78.167057826011785, 10.833981438658327 ], [ 78.16704413299189, 10.833922689580895 ], [ 78.166979781278215, 10.833687014663692 ], [ 78.166966380210781, 10.833637935587861 ], [ 78.166791624650372, 10.833607832233151 ], [ 78.166790379585379, 10.833607617833078 ], [ 78.166467952670359, 10.833552094389143 ], [ 78.166201019181969, 10.833570233695601 ], [ 78.166001527611883, 10.833583814131895 ], [ 78.165758707600688, 10.833602569285173 ], [ 78.165416262627872, 10.833629054308874 ], [ 78.164928548395523, 10.833649514071871 ], [ 78.164552069849833, 10.833665332911357 ], [ 78.164158163987651, 10.833640733375955 ], [ 78.164157597150677, 10.833640698083769 ], [ 78.163756410443114, 10.833615653864774 ], [ 78.162777859434442, 10.833520837853113 ], [ 78.16216968561406, 10.833340084380676 ], [ 78.160807025769671, 10.83306447317452 ], [ 78.160345344714258, 10.832979999386652 ], [ 78.160066287562813, 10.832928964120867 ], [ 78.159838924862711, 10.832893370099269 ], [ 78.159517533705184, 10.832843093602728 ], [ 78.158571003144829, 10.832784412239583 ], [ 78.158570999551571, 10.832784370771142 ], [ 78.158570999551571, 10.832758420350951 ], [ 78.158570981585257, 10.832558396815291 ], [ 78.158507807562913, 10.832152690212869 ], [ 78.158470301103165, 10.83191196091451 ], [ 78.158447373402183, 10.831039544986975 ], [ 78.158422421796828, 10.830754609142586 ], [ 78.158365005975455, 10.830099368255089 ], [ 78.158392026400875, 10.829698180192292 ], [ 78.158410643086825, 10.829421362153822 ], [ 78.158461599123029, 10.828747761701608 ], [ 78.158511167262063, 10.828092342606578 ], [ 78.158483689594178, 10.827748800135298 ], [ 78.15848361144073, 10.827748760430831 ], [ 78.158392224928576, 10.827703606715451 ], [ 78.158269404567989, 10.827694729672109 ], [ 78.157829813085385, 10.827662967836421 ], [ 78.157006762249011, 10.827685635577195 ], [ 78.156460258671189, 10.827661931107741 ], [ 78.156174560274863, 10.827649547714293 ], [ 78.155835192031873, 10.827658472404405 ], [ 78.155141176101239, 10.827676738239917 ], [ 78.154519314650869, 10.827672262219171 ], [ 78.153961507571836, 10.827708457722654 ], [ 78.153961470740924, 10.827708464781219 ], [ 78.153912840443027, 10.827319032238913 ], [ 78.153912589813018, 10.827317026718061 ], [ 78.153874510228135, 10.827012325035849 ], [ 78.153741898230948, 10.826424718604494 ], [ 78.153568188309521, 10.826433780973936 ], [ 78.153409067028292, 10.826449084916234 ], [ 78.153051456696844, 10.826483523856949 ], [ 78.152758323843216, 10.826483543268115 ], [ 78.152534762813431, 10.826483588266729 ], [ 78.152306146963497, 10.826442893635681 ], [ 78.152214631992237, 10.825593077620857 ], [ 78.152132295108245, 10.82509132881852 ], [ 78.15203165235539, 10.824359045322456 ], [ 78.151857845415904, 10.823396228972095 ], [ 78.151642882161681, 10.822433420998818 ], [ 78.15156187029271, 10.822127557604823 ], [ 78.151464490220974, 10.821759941599318 ], [ 78.151381801197402, 10.821440053596845 ], [ 78.151359317264138, 10.821353085682917 ], [ 78.151327427969875, 10.821244802146396 ], [ 78.151180919035227, 10.820747359837338 ], [ 78.150952287913952, 10.820110013071409 ], [ 78.150677918171681, 10.819486230143553 ], [ 78.150293764420212, 10.818229615424082 ], [ 78.150227392395436, 10.817975442913914 ], [ 78.150227346581346, 10.817975268208462 ], [ 78.150074190113614, 10.81738881582392 ], [ 78.149885066000223, 10.816547510923845 ], [ 78.149882148272198, 10.816534527952102 ], [ 78.149831816565111, 10.815978526409726 ], [ 78.149827212699293, 10.81539541690568 ], [ 78.149694548599811, 10.814260815695423 ], [ 78.149630483448718, 10.813302512857959 ], [ 78.149641663880715, 10.813065682590898 ], [ 78.149653274605768, 10.81281887169555 ], [ 78.149648217989039, 10.81237742367674 ], [ 78.149644127061222, 10.812023264188307 ], [ 78.149680642679243, 10.810906745900818 ], [ 78.149675648046241, 10.810704793034708 ], [ 78.149671459202082, 10.810536056954126 ], [ 78.149689688714147, 10.809844428624622 ], [ 78.149680542966237, 10.809207109867423 ], [ 78.149690690335675, 10.809086671615342 ], [ 78.149712535566763, 10.808827401803475 ], [ 78.149712535566763, 10.808827361214101 ], [ 78.149703505701538, 10.808640277669681 ], [ 78.149698790444603, 10.808542621322603 ], [ 78.149310190930777, 10.808501961316562 ], [ 78.14931015499819, 10.808501960434162 ], [ 78.149302230060727, 10.808428868588702 ], [ 78.149302209399494, 10.808428672700567 ], [ 78.149296401791162, 10.808375359363978 ], [ 78.149308596421164, 10.807905312154114 ], [ 78.149323805797209, 10.807317637396888 ], [ 78.149760604417608, 10.807264950354355 ], [ 78.14988615655497, 10.807249791026075 ], [ 78.149910079589304, 10.806968466225536 ], [ 78.149931875413046, 10.806711880560519 ], [ 78.14993388135106, 10.806510344886519 ], [ 78.149936390345658, 10.806255322416597 ], [ 78.149836567754676, 10.806230656217785 ], [ 78.149735199163061, 10.806205643239496 ], [ 78.149529137314971, 10.806200535992675 ], [ 78.149524998776485, 10.806200433635974 ], [ 78.149369461773233, 10.806196587317867 ], [ 78.149369426738943, 10.806196575846828 ], [ 78.149364382698607, 10.80618319888325 ], [ 78.149355747193766, 10.806160435984159 ], [ 78.149359052095733, 10.805934098711713 ], [ 78.149360293567455, 10.805848524884608 ], [ 78.1493007945529, 10.805220219180693 ], [ 78.14927774917264, 10.804426899862641 ], [ 78.149273345631087, 10.804275496590853 ], [ 78.149273343834466, 10.804275469236721 ], [ 78.1492702302737, 10.804261283034908 ], [ 78.149191013238678, 10.803900291312566 ], [ 78.149143088118265, 10.803876596434138 ], [ 78.149127012766243, 10.803868647844579 ], [ 78.148441191267636, 10.803904846221032 ], [ 78.148441157131685, 10.803904847985807 ], [ 78.147732503153463, 10.803941039298756 ], [ 78.146936954239536, 10.803995294052672 ], [ 78.146875994564382, 10.804006744852311 ], [ 78.1465757587318, 10.804063145571011 ], [ 78.146479800693143, 10.804085047414905 ], [ 78.146159663583774, 10.804158126199823 ], [ 78.145688735270795, 10.8042349877781 ], [ 78.145089827572562, 10.804307317376582 ], [ 78.144600622136835, 10.804366126965785 ], [ 78.144266857584597, 10.804325461982035 ], [ 78.1441480410152, 10.80426567734269 ], [ 78.144147813741441, 10.804265564396612 ], [ 78.144006220388036, 10.804194333365267 ], [ 78.143183217162417, 10.803751384063988 ], [ 78.142817468992774, 10.803548000435939 ], [ 78.142817432161863, 10.803547980140895 ], [ 78.142277918375257, 10.803276782637289 ], [ 78.141802388891406, 10.803001017613147 ], [ 78.141462893087649, 10.802877571433038 ], [ 78.141317777440037, 10.802824804195692 ], [ 78.141002081601414, 10.802798561756816 ], [ 78.141000478108623, 10.8027984293975 ], [ 78.140773631939823, 10.80277956995943 ], [ 78.140069519843721, 10.80284739881021 ], [ 78.139644346321433, 10.802978507720121 ], [ 78.139644317575346, 10.80297851830885 ], [ 78.139104855891034, 10.803190956570454 ], [ 78.138702492390451, 10.803344675790512 ], [ 78.138702461847714, 10.80334468814404 ], [ 78.138153852618856, 10.803557139382436 ], [ 78.138150277324044, 10.803558807987971 ], [ 78.137650913739066, 10.803792215897664 ], [ 78.137376668862615, 10.803953261311074 ], [ 78.137042836936729, 10.804149284637541 ], [ 78.136722768099304, 10.804334655613083 ], [ 78.136722740251528, 10.804334667966573 ], [ 78.136716693691369, 10.804336661287619 ], [ 78.136517058390808, 10.804402499995604 ], [ 78.136517034136318, 10.804402462935196 ], [ 78.136421025792004, 10.804199077100986 ], [ 78.136254273322422, 10.804189359325342 ], [ 78.135954660022378, 10.80417189856496 ], [ 78.135417995691853, 10.804110724128329 ], [ 78.135360292409572, 10.804104145016687 ], [ 78.135360263663458, 10.804104140604723 ], [ 78.134711034139656, 10.804013746631769 ], [ 78.134089173587583, 10.804022798207297 ], [ 78.133599039293856, 10.803962208766158 ], [ 78.133467391188958, 10.803945936574722 ], [ 78.133445133631184, 10.803928334617456 ], [ 78.133261614106814, 10.803783227847456 ], [ 78.132904971260928, 10.80322724679756 ], [ 78.132744899562127, 10.802832850758815 ], [ 78.132644446353808, 10.802585345826705 ], [ 78.132565604814587, 10.802499363378065 ], [ 78.132511778661069, 10.802440668134778 ], [ 78.132255778568023, 10.802409026277742 ], [ 78.131675147094242, 10.802445186887116 ], [ 78.131675110263316, 10.802445190416693 ], [ 78.131076157649332, 10.802499430440175 ], [ 78.130957976188867, 10.802538384705009 ], [ 78.130957727355536, 10.802538466767862 ], [ 78.130897876201416, 10.802558195381298 ], [ 78.130829282642949, 10.802748079910142 ], [ 78.130797579299909, 10.803058007960415 ], [ 78.130742353571222, 10.80359787241451 ], [ 78.130273089836464, 10.80362331974745 ], [ 78.129658785014243, 10.803656633611052 ], [ 78.129654929445067, 10.803665789319709 ], [ 78.129635965111078, 10.803710896357931 ], [ 78.129538646124786, 10.804425662750962 ], [ 78.129466715325037, 10.804953960154632 ], [ 78.129447162594545, 10.804956592321307 ], [ 78.128392275447993, 10.805098625164467 ], [ 78.128384048676637, 10.805074163584797 ], [ 78.128378586021398, 10.805057940867396 ], [ 78.128351146981018, 10.804782166890515 ], [ 78.12837404324101, 10.804095105797105 ], [ 78.128374009105016, 10.804095095208389 ], [ 78.127761304182329, 10.804086066577241 ], [ 78.127419083788311, 10.804089918216722 ], [ 78.12696574359029, 10.804095019322707 ], [ 78.125831849614485, 10.804122139627856 ], [ 78.124949459663711, 10.804153774245249 ], [ 78.12468899674036, 10.804152377419575 ], [ 78.124108155959121, 10.804149276696014 ], [ 78.123921021614066, 10.804169061676628 ], [ 78.123852148679575, 10.804176349347115 ], [ 78.123341487881575, 10.804237086986772 ], [ 78.122142131874384, 10.80437974843257 ], [ 78.121970178159344, 10.80416222931996 ], [ 78.121945585880098, 10.804131124138387 ], [ 78.12151535394446, 10.80416951081386 ], [ 78.121186566957192, 10.804198847679283 ], [ 78.119452446556323, 10.804415641440201 ], [ 78.118475298716149, 10.804537794286144 ], [ 78.117785044929931, 10.804634033935367 ], [ 78.11588287040064, 10.804899234378073 ], [ 78.113647041811902, 10.805147724795498 ], [ 78.111513193567447, 10.805054614261644 ], [ 78.111054617987946, 10.805034596388705 ], [ 78.111054584750292, 10.805034596388705 ], [ 78.110272688432048, 10.805016433295949 ], [ 78.1091022626686, 10.804989232774171 ], [ 78.108838846084566, 10.805007190271956 ], [ 78.108439307785545, 10.80503442608766 ], [ 78.107584337112215, 10.805056943768045 ], [ 78.107533991032071, 10.805418539417596 ], [ 78.107498295575951, 10.80542534174451 ], [ 78.107415175361055, 10.805441183250613 ], [ 78.106028995825895, 10.805248258832728 ], [ 78.105627442605694, 10.805192375416247 ], [ 78.105065072983294, 10.805034086367959 ], [ 78.105065030762503, 10.805034074014493 ], [ 78.104823059659239, 10.801634823762951 ], [ 78.103687500206917, 10.801597705653123 ], [ 78.102742795921529, 10.801566821688057 ], [ 78.102742754599021, 10.801566821688057 ], [ 78.102740691168819, 10.801555189903597 ], [ 78.102304077601389, 10.799094167899886 ], [ 78.102255000840756, 10.799049231355095 ], [ 78.10218065357293, 10.798981184574464 ], [ 78.101774930373153, 10.798691215022524 ], [ 78.101010279013423, 10.798144773094988 ], [ 78.100899780843591, 10.796927984955181 ], [ 78.100864136591426, 10.796535534309069 ], [ 78.100228637816713, 10.796377274229869 ], [ 78.100132924119848, 10.796587495242763 ], [ 78.09998168555525, 10.796919659391472 ], [ 78.099492501679038, 10.796738837091603 ], [ 78.099426359622981, 10.79639934429292 ], [ 78.099346291883393, 10.795988419589756 ], [ 78.098637687312561, 10.79567192612658 ], [ 78.098637654074906, 10.795671910243069 ], [ 78.098272014601434, 10.794722629927364 ], [ 78.098272005618298, 10.794722600807528 ], [ 78.097271086559061, 10.791680314787046 ], [ 78.097051740424561, 10.790821440129335 ], [ 78.096855265397181, 10.789732006979268 ], [ 78.09666221295106, 10.789352149872505 ], [ 78.096655289635152, 10.789338527724343 ], [ 78.096416424007828, 10.788868545145984 ], [ 78.096948052382885, 10.787307499742329 ], [ 78.097372318606745, 10.786061574417069 ], [ 78.097278371895982, 10.785183577847183 ], [ 78.097175905563134, 10.78422634177814 ], [ 78.097018117381751, 10.782986529682546 ], [ 78.096956695074226, 10.78250403632058 ], [ 78.096883816551866, 10.780302630406867 ], [ 78.09689189689783, 10.78030263305426 ], [ 78.096906665201104, 10.78030264540873 ], [ 78.099415482821541, 10.779404192398877 ], [ 78.10006132929, 10.779172896704059 ], [ 78.099961560597933, 10.778672642889061 ], [ 78.099595220438545, 10.776835859684283 ], [ 78.099184049854884, 10.774543999769595 ], [ 78.099184043566666, 10.774543966235443 ], [ 78.09884136772682, 10.772731306124127 ], [ 78.098667753026831, 10.771262679409068 ], [ 78.098498832024163, 10.769833742679637 ], [ 78.098334566091324, 10.768746775133739 ], [ 78.098060266417619, 10.766931656785884 ], [ 78.097475123604468, 10.767044608023427 ], [ 78.095614419800285, 10.767315601688363 ], [ 78.09461325729761, 10.767112098110593 ], [ 78.093937900273716, 10.767095116160199 ], [ 78.093708125597104, 10.767089344608998 ], [ 78.09370810044426, 10.767089349021509 ], [ 78.093657169560927, 10.767105874719666 ], [ 78.092802883403849, 10.767383099657312 ], [ 78.092324145137766, 10.767651789696631 ], [ 78.092130577058654, 10.767760439367882 ], [ 78.091845406871712, 10.767920505088684 ], [ 78.09152274369977, 10.768101614754125 ], [ 78.091115968572794, 10.768245601202311 ], [ 78.089863168196118, 10.768689081995525 ], [ 78.089433719591383, 10.769087216932627 ], [ 78.089273330787279, 10.769235920722204 ], [ 78.088926169659231, 10.769494334241413 ], [ 78.088514375644763, 10.769800858372731 ], [ 78.087982620607292, 10.769957251843596 ], [ 78.086978234051031, 10.770252661413313 ], [ 78.085437484099927, 10.770934998211649 ], [ 78.084745577413585, 10.771094733077401 ], [ 78.08445908131327, 10.771160886169934 ], [ 78.083878621417696, 10.771172440588584 ], [ 78.083334483104039, 10.771183289898666 ], [ 78.082406403939615, 10.77161255214992 ], [ 78.082406364413742, 10.771612570682134 ], [ 78.081158179580953, 10.772249734404367 ], [ 78.080399169641225, 10.772972857690398 ], [ 78.079864864286606, 10.773856540407813 ], [ 78.079713232259934, 10.774107334163231 ], [ 78.07968698258901, 10.774114679923597 ], [ 78.079470945848016, 10.774175142125401 ], [ 78.079682082279135, 10.775220047142508 ], [ 78.079690158133545, 10.775260016259532 ], [ 78.079538729126099, 10.775328574066739 ], [ 78.078981498765458, 10.775580868568971 ], [ 78.077957538817515, 10.774739891367538 ], [ 78.076000784448183, 10.775236763891879 ], [ 78.075749534646363, 10.775317257193656 ], [ 78.074999501571256, 10.775557553570357 ], [ 78.073989599359152, 10.775536174721035 ], [ 78.072626803869184, 10.775507353071745 ], [ 78.069947742027679, 10.77571927684736 ], [ 78.069604911677587, 10.775420868692786 ], [ 78.068430103932187, 10.774832985698666 ], [ 78.067438680963804, 10.773818605221962 ], [ 78.067232588573006, 10.773607739085813 ], [ 78.067282959805951, 10.773178309359501 ], [ 78.068420874640964, 10.771941190989937 ], [ 78.068700503120937, 10.771637174417066 ], [ 78.06853176896783, 10.771404000116341 ], [ 78.067503086576437, 10.769982487577796 ], [ 78.066620978696648, 10.768965215595408 ], [ 78.0660864164239, 10.767627157396234 ], [ 78.066045446060414, 10.767663942583829 ], [ 78.065985800620496, 10.767717497883595 ], [ 78.064903564265123, 10.76852461302812 ], [ 78.064495200018428, 10.76882915782722 ], [ 78.064495167679084, 10.768829179007094 ], [ 78.060851819177316, 10.767964957379981 ], [ 78.060171461232258, 10.767500827692695 ], [ 78.058922926954821, 10.766649081708893 ], [ 78.058944137076992, 10.766419878336821 ], [ 78.05914296209717, 10.764271415655887 ], [ 78.056921382585458, 10.763570238935417 ], [ 78.05692137629724, 10.763570285708475 ], [ 78.056856609561862, 10.763979697053138 ], [ 78.056797679180946, 10.764352223413344 ], [ 78.056550646071074, 10.765012175566595 ], [ 78.056337236003955, 10.765107393566208 ], [ 78.055183640177347, 10.765622103276804 ], [ 78.055156158017866, 10.7657802771625 ], [ 78.055571884856619, 10.766779390967002 ], [ 78.05635319996486, 10.768569650325007 ], [ 78.056592453664379, 10.769177036310657 ], [ 78.056942607978968, 10.770065959810255 ], [ 78.057299676626315, 10.771301678314742 ], [ 78.057577491407741, 10.772263009627025 ], [ 78.057549972417306, 10.772624628832629 ], [ 78.057118289702458, 10.772947093599452 ], [ 78.056576035155928, 10.773352195397022 ], [ 78.055693577831548, 10.773939620627825 ], [ 78.055053497648885, 10.774075081296006 ], [ 78.054645481948526, 10.773890132021025 ], [ 78.054344945180318, 10.773753908806349 ], [ 78.053832913553208, 10.773708584595948 ], [ 78.053410899405776, 10.773746195925254 ], [ 78.053023686890768, 10.773780721215228 ], [ 78.05266323069651, 10.773731053438738 ], [ 78.052168829405133, 10.773662953275359 ], [ 78.051044282399857, 10.773323637400754 ], [ 78.050754951216547, 10.773323560624837 ], [ 78.050504797359352, 10.773323523560599 ], [ 78.049526441285124, 10.773617079265561 ], [ 78.048502346589871, 10.773616805696435 ], [ 78.047766339809584, 10.773480975062368 ], [ 78.047772850798779, 10.773532615225863 ], [ 78.0478666924066, 10.774276571646707 ], [ 78.048355861011416, 10.775301548236495 ], [ 78.048373152682302, 10.775337778291782 ], [ 78.048721104327839, 10.776066807619022 ], [ 78.0487211070228, 10.776066849977763 ], [ 78.048743933214155, 10.776292847925305 ], [ 78.048602776441967, 10.776907979669746 ], [ 78.048601803566555, 10.776912222592323 ], [ 78.048478419962251, 10.777450001952845 ], [ 78.047106862304986, 10.777562628026482 ], [ 78.047091988000517, 10.777515793601482 ], [ 78.047056612344647, 10.777404418852747 ], [ 78.043636852720439, 10.777629500675378 ], [ 78.043440383082981, 10.777335588835019 ], [ 78.042192244962621, 10.77751607069694 ], [ 78.042192238674403, 10.777516038928047 ], [ 78.042000398953874, 10.776833432004807 ], [ 78.041372731691837, 10.77688582610641 ], [ 78.040651717793651, 10.776946012420639 ], [ 78.040556214302512, 10.775201155087826 ], [ 78.039774863261684, 10.77523018767827 ], [ 78.038745802679514, 10.775268456262268 ], [ 78.038408149320432, 10.774862506334667 ], [ 78.038256852365322, 10.7746806241543 ], [ 78.035838290278122, 10.775041507118134 ], [ 78.035838274108428, 10.775041464759253 ], [ 78.03577418829606, 10.774812756666208 ], [ 78.035773252251559, 10.774809419136039 ], [ 78.035641944608159, 10.774340808178463 ], [ 78.035241048954717, 10.774384227904426 ], [ 78.035225891680938, 10.774385869315035 ], [ 78.035225848561808, 10.774385874609894 ], [ 78.035019863968827, 10.774416108332515 ], [ 78.034119496034322, 10.774548255962667 ], [ 78.033410803428566, 10.774751480065481 ], [ 78.033460886302279, 10.775384300659191 ], [ 78.033579240239263, 10.776925759703392 ], [ 78.033409788332278, 10.77785689704494 ], [ 78.033336469635415, 10.778376710335154 ], [ 78.033313509595104, 10.778647925890928 ], [ 78.033626040668949, 10.779338943878601 ], [ 78.033898284098967, 10.77994088805511 ], [ 78.033898287692224, 10.779940918941298 ], [ 78.032510725649843, 10.78026912157819 ], [ 78.030940071681215, 10.780640655316972 ], [ 78.02949537858342, 10.780843580564753 ], [ 78.027808116104381, 10.781457777309448 ], [ 78.027735164818495, 10.780933362019605 ], [ 78.027596894333328, 10.780224899660995 ], [ 78.027470479813289, 10.779577175609731 ], [ 78.026982250846274, 10.776833184030291 ], [ 78.026817258176337, 10.775912754113291 ], [ 78.02668565588553, 10.775178648408266 ], [ 78.025903834127433, 10.775494777795219 ], [ 78.025903789211682, 10.775494798974634 ], [ 78.024705772592597, 10.776131750630279 ], [ 78.023164943589705, 10.776560641365711 ], [ 78.02275252165289, 10.776560495757767 ], [ 78.022728821400733, 10.776560487815516 ], [ 78.022556906313241, 10.776560432219762 ], [ 78.022556956618899, 10.776424815589673 ], [ 78.022556958415535, 10.776424774995936 ], [ 78.022578930309066, 10.776107758816957 ], [ 78.022580540988372, 10.776084525929223 ], [ 78.022680995095016, 10.774634781186284 ], [ 78.022923569866137, 10.773907089761343 ], [ 78.023187540710694, 10.773752442123479 ], [ 78.023193389641492, 10.773749014568537 ], [ 78.023193430065689, 10.773748990741577 ], [ 78.023603134598758, 10.773659595435388 ], [ 78.024537571140471, 10.773455664610401 ], [ 78.024611192569594, 10.772117672249076 ], [ 78.024634244238086, 10.77157529178397 ], [ 78.024218195802476, 10.771642916759056 ], [ 78.024077684020639, 10.771780301398337 ], [ 78.023779167563546, 10.772072183650053 ], [ 78.023519072949441, 10.772380567200582 ], [ 78.023070285413297, 10.772912733238211 ], [ 78.022604596075041, 10.773254064282568 ], [ 78.022361453568664, 10.773432298263257 ], [ 78.021960027909245, 10.77362839708505 ], [ 78.02152926956083, 10.773838854618315 ], [ 78.020651414305604, 10.774064537428075 ], [ 78.018987216071494, 10.774317064199014 ], [ 78.018900148659228, 10.774320342608535 ], [ 78.01767968763275, 10.774366304759086 ], [ 78.014523618578735, 10.774529978953268 ], [ 78.014045114772998, 10.774554793362098 ], [ 78.01340795231836, 10.774595897434411 ], [ 78.01049278627076, 10.774783916415611 ], [ 78.010451687448182, 10.77478057888511 ], [ 78.009182646429451, 10.774677549601108 ], [ 78.008591065390675, 10.774629513674542 ], [ 78.008591024966478, 10.774629506614728 ], [ 78.007981407553444, 10.774510848586086 ], [ 78.006031080629967, 10.774131202588842 ], [ 78.003912895410835, 10.774104265781537 ], [ 78.003096059119628, 10.774093865758809 ], [ 78.003096023186998, 10.77409386664131 ], [ 78.000002441842483, 10.774149019850642 ], [ 77.998909525416678, 10.774168491760326 ], [ 77.998525640261477, 10.774475583862808 ], [ 77.998427701437635, 10.774431151064508 ], [ 77.998246700789352, 10.774349084948378 ], [ 77.998136605963083, 10.774077240723887 ], [ 77.99811858396184, 10.774032746975676 ], [ 77.998118572283744, 10.774032711676481 ], [ 77.998114032198288, 10.774010126368891 ], [ 77.998096762086959, 10.773924206347147 ], [ 77.998008638255897, 10.773485795176093 ], [ 77.998008630171057, 10.773485757229404 ], [ 77.997852941352534, 10.772889185939924 ], [ 77.997798306715268, 10.772619414234784 ], [ 77.997798069560034, 10.772618246708451 ], [ 77.997779693622604, 10.772527573229395 ], [ 77.997522780841223, 10.772116797705976 ], [ 77.997432050099206, 10.77197173559305 ], [ 77.997097852558994, 10.771710521421747 ], [ 77.996819257141638, 10.771492770408599 ], [ 77.99666373540974, 10.771266808570239 ], [ 77.996647148018027, 10.771127000383647 ], [ 77.99664662879178, 10.771122624123846 ], [ 77.996622429974664, 10.770918736587758 ], [ 77.996700403741329, 10.770664829400619 ], [ 77.996764000870172, 10.77045764457077 ], [ 77.996946741555163, 10.770123076417947 ], [ 77.996946751436624, 10.77012304641323 ], [ 77.996964479688771, 10.770006578718212 ], [ 77.996983215850634, 10.769883491405659 ], [ 77.996772657934571, 10.769173874334397 ], [ 77.996772649849731, 10.769173846977072 ], [ 77.99673122044716, 10.769050263362358 ], [ 77.996548399812099, 10.768504949251867 ], [ 77.996415595575442, 10.767899275721907 ], [ 77.996415589287238, 10.767899241304477 ], [ 77.99630568041222, 10.767374958600875 ], [ 77.996130774833148, 10.767016697184392 ], [ 77.995994565083222, 10.766737735147203 ], [ 77.995779527268837, 10.76623154525848 ], [ 77.995779521878958, 10.766231512605888 ], [ 77.995781326594354, 10.766098359685845 ], [ 77.995788407115427, 10.765576058601534 ], [ 77.995742398101513, 10.764834761747728 ], [ 77.995571236700556, 10.764150696419001 ], [ 77.995550143359367, 10.764066400049291 ], [ 77.995550134376202, 10.764066363866398 ], [ 77.995531373959821, 10.763997571395944 ], [ 77.995229652313768, 10.762891234593233 ], [ 77.995019083617905, 10.762109238382189 ], [ 77.994981320240001, 10.761956312652995 ], [ 77.994927547087087, 10.761738656079789 ], [ 77.994785806409993, 10.761765819916768 ], [ 77.994744126377427, 10.761772293169956 ], [ 77.993793883978327, 10.761919871832184 ], [ 77.992897869279645, 10.762028694777918 ], [ 77.992426534029832, 10.76200328628712 ], [ 77.991896686115695, 10.761974722802487 ], [ 77.99123590964723, 10.761836605616757 ], [ 77.990968611442867, 10.761780725607936 ], [ 77.990159400950077, 10.761555014180907 ], [ 77.989448422131943, 10.761415200605549 ], [ 77.989011852581939, 10.761329358183426 ], [ 77.98878941534457, 10.761269250823068 ], [ 77.988143188888728, 10.761094650032662 ], [ 77.9872151106226, 10.760882493574346 ], [ 77.986300679562277, 10.760611576199238 ], [ 77.985445755601376, 10.76029092328208 ], [ 77.985247961847151, 10.760211897126959 ], [ 77.984609056660901, 10.759956627130853 ], [ 77.983722061945969, 10.75955463939464 ], [ 77.983579078000517, 10.75952555498983 ], [ 77.983278560096963, 10.759464426191309 ], [ 77.982972504079655, 10.759542090810447 ], [ 77.982922049303383, 10.759554897973672 ], [ 77.982922016964054, 10.759554910328957 ], [ 77.982840529886317, 10.759596637743284 ], [ 77.982268423424586, 10.75988959788255 ], [ 77.981601039847163, 10.760129415000588 ], [ 77.980398742755739, 10.76021119464076 ], [ 77.97938837341971, 10.75998096441362 ], [ 77.978725475130531, 10.759818425180988 ], [ 77.978725449079391, 10.759818421650916 ], [ 77.978572709429926, 10.759826144596289 ], [ 77.978186052073767, 10.759845695093549 ], [ 77.977747255600192, 10.760071824350112 ], [ 77.977230797075364, 10.760510459784468 ], [ 77.976513259657324, 10.761125432250092 ], [ 77.975836806688847, 10.761586710638205 ], [ 77.975178606588599, 10.761939506032599 ], [ 77.974613869905454, 10.762116064633922 ], [ 77.974223249182245, 10.762238186118578 ], [ 77.973350178354238, 10.762410219896228 ], [ 77.972449599315595, 10.762482806655342 ], [ 77.971944543106687, 10.762537849028664 ], [ 77.971535323663844, 10.762582445963623 ], [ 77.970937869439709, 10.762588301439916 ], [ 77.97057993122317, 10.762591807665535 ], [ 77.96958335012846, 10.762673475441096 ], [ 77.968851018356006, 10.762827147412183 ], [ 77.968591354034928, 10.76288164168235 ], [ 77.968327367919002, 10.762923586616733 ], [ 77.967622270371052, 10.763035640076804 ], [ 77.966988252918256, 10.763262176425791 ], [ 77.966634851193888, 10.76338844524798 ], [ 77.966154952304493, 10.763572049846932 ], [ 77.966090927577554, 10.763596543042182 ], [ 77.966090902424739, 10.76359655010225 ], [ 77.965825818567524, 10.763641830826046 ], [ 77.965066914628977, 10.763660142913999 ], [ 77.964468228814624, 10.763593424250335 ], [ 77.963933114077975, 10.763533787719574 ], [ 77.963124022162845, 10.763627708896093 ], [ 77.963123396037062, 10.763627781261919 ], [ 77.962996003251689, 10.763642565074599 ], [ 77.961236053591449, 10.763850945096442 ], [ 77.961236013167252, 10.763850950391493 ], [ 77.960189151569423, 10.764059171417609 ], [ 77.959210941022249, 10.764267342879373 ], [ 77.958799523401936, 10.76440303558417 ], [ 77.958100112189697, 10.764602102861437 ], [ 77.957176738400705, 10.764900665583003 ], [ 77.957176706959672, 10.764900679703088 ], [ 77.956431669415863, 10.765312189603302 ], [ 77.955997418417638, 10.76549308109279 ], [ 77.955767636554484, 10.765551000764205 ], [ 77.955494563979443, 10.76561983171025 ], [ 77.955083238885578, 10.765636840218924 ], [ 77.954836236318442, 10.765647050795208 ], [ 77.954743365789412, 10.765583051568122 ], [ 77.954337922864042, 10.765303631065832 ], [ 77.954054474747494, 10.765258484732533 ], [ 77.9540544406115, 10.765258502382652 ], [ 77.953953586754565, 10.765298225720072 ], [ 77.953560713954957, 10.765452970361393 ], [ 77.953110687641995, 10.765696884932964 ], [ 77.952651158949976, 10.7659459469503 ], [ 77.952348928857475, 10.766100941007384 ], [ 77.952157445768151, 10.766199140639904 ], [ 77.951995501980306, 10.766229058365854 ], [ 77.951887746367049, 10.766248956153834 ], [ 77.950927709636375, 10.766430008578869 ], [ 77.950160807996852, 10.766639448322563 ], [ 77.949652395682008, 10.766778292253141 ], [ 77.949049310817713, 10.766920949405243 ], [ 77.948408953055633, 10.767072412959827 ], [ 77.947149578807668, 10.767423408694107 ], [ 77.946964409078177, 10.767475014596208 ], [ 77.946964379433766, 10.767475024303707 ], [ 77.946861616656832, 10.767504227961277 ], [ 77.946073028788049, 10.767728350848147 ], [ 77.945003324829173, 10.767913888120452 ], [ 77.945003282608369, 10.76791388900293 ], [ 77.943819211435724, 10.767814687411477 ], [ 77.943371144348433, 10.767860138706029 ], [ 77.943060347921389, 10.767891666825577 ], [ 77.942604956869573, 10.768044284198774 ], [ 77.942210072742014, 10.7681766225966 ], [ 77.941519790209711, 10.768285241191197 ], [ 77.941519762361949, 10.768285242956189 ], [ 77.940632893411177, 10.768303492104668 ], [ 77.939723174912828, 10.768267509184703 ], [ 77.939489296731978, 10.768331536963958 ], [ 77.939211146878975, 10.768407684051986 ], [ 77.939236159569759, 10.768278101792891 ], [ 77.939288826896558, 10.768005352823668 ], [ 77.939363034925549, 10.767602245341729 ], [ 77.939448588676584, 10.767137505288138 ], [ 77.939517452627939, 10.766767058896386 ], [ 77.939521706150799, 10.76674417034606 ], [ 77.939518157805423, 10.766688946945679 ], [ 77.939517801174276, 10.766683402189555 ], [ 77.939498735330673, 10.766387073965001 ], [ 77.939352355753456, 10.765704530067378 ], [ 77.939341679276282, 10.765678354107743 ], [ 77.939114540256682, 10.765121498659219 ], [ 77.939114524985342, 10.765121461593964 ], [ 77.938574825247457, 10.763923667415019 ], [ 77.938218092570068, 10.76292474712054 ], [ 77.938218079095307, 10.762924720645145 ], [ 77.937555105347641, 10.762129312945131 ], [ 77.937555082889787, 10.762129285587172 ], [ 77.937330993650576, 10.761871673253566 ], [ 77.937127177590696, 10.761543316425815 ], [ 77.937084096186325, 10.761473911795502 ], [ 77.936965208650037, 10.761198242595443 ], [ 77.936965194276979, 10.761198202882186 ], [ 77.936676966224795, 10.759909959412679 ], [ 77.93655610059831, 10.759648292641691 ], [ 77.936532906995964, 10.759598079784423 ], [ 77.936388882801396, 10.759286244842247 ], [ 77.935876637375245, 10.757921139229076 ], [ 77.935076436984772, 10.756849980728413 ], [ 77.934662726863849, 10.75627248861626 ], [ 77.93455510779448, 10.756122266653342 ], [ 77.93449835043819, 10.75603008172796 ], [ 77.934299079853659, 10.755706430385368 ], [ 77.934249726411949, 10.755635529399468 ], [ 77.934248750841576, 10.755634128818437 ], [ 77.934289855952329, 10.755362941085227 ], [ 77.93408863243036, 10.755019451393879 ], [ 77.933944436657612, 10.754902766936755 ], [ 77.933887499638246, 10.754856694148307 ], [ 77.933512638060094, 10.754684993190095 ], [ 77.933182852146246, 10.754590046367907 ], [ 77.93282228366256, 10.75448623796103 ], [ 77.932666137601558, 10.754364941157068 ], [ 77.932566258416671, 10.754287350220377 ], [ 77.932447378965264, 10.754056851591862 ], [ 77.932405011721514, 10.753895544720763 ], [ 77.932227757946279, 10.75322066476981 ], [ 77.932192776650808, 10.752817332769553 ], [ 77.932172868187465, 10.75258778969414 ], [ 77.932453086860576, 10.751432746565767 ], [ 77.93242855926006, 10.750882695728546 ], [ 77.932346220579447, 10.750552725111291 ], [ 77.932179549856571, 10.750191751048266 ], [ 77.931419233766405, 10.746742221612397 ], [ 77.931330893441341, 10.746341413021108 ], [ 77.931330704795144, 10.746339940909516 ], [ 77.931185749945939, 10.745682813582762 ], [ 77.931175157910431, 10.745634797748105 ], [ 77.931175142639091, 10.745634749207142 ], [ 77.930887018791481, 10.74470819875801 ], [ 77.930717772598683, 10.744201908353327 ], [ 77.930676637843504, 10.744052750936197 ], [ 77.93066195757514, 10.743994683278229 ], [ 77.9306400566485, 10.743908111311159 ], [ 77.930608811446291, 10.743657830803604 ], [ 77.93059885990958, 10.743578145425793 ], [ 77.930593572425821, 10.743377537429355 ], [ 77.930566670578017, 10.742357649786406 ], [ 77.930625962980002, 10.741507818599928 ], [ 77.930679579826062, 10.740612255147388 ], [ 77.930685229330876, 10.740517883752233 ], [ 77.930685231127498, 10.740517857274904 ], [ 77.93069614026831, 10.740348907983016 ], [ 77.930721714406161, 10.739952840066659 ], [ 77.930721717999404, 10.739952812706688 ], [ 77.930755076937487, 10.739804230398358 ], [ 77.930794793252829, 10.739627331304648 ], [ 77.930896433135644, 10.739417376797658 ], [ 77.930950172152592, 10.739306370134225 ], [ 77.93095019281381, 10.73930632600516 ], [ 77.931119242275571, 10.738926633924542 ], [ 77.931199119572312, 10.738771139603864 ], [ 77.931260876053173, 10.73865087440346 ], [ 77.931292844399167, 10.738307331275003 ], [ 77.931294960829973, 10.738042203692251 ], [ 77.931303866727703, 10.736926416292372 ], [ 77.93130630295876, 10.736621235597696 ], [ 77.931306311941896, 10.736621197646338 ], [ 77.932023804444171, 10.736645257912564 ], [ 77.932650212268214, 10.736666225584393 ], [ 77.934085577260106, 10.736824209005933 ], [ 77.934085608701139, 10.736824213418876 ], [ 77.935109538106389, 10.736977722917903 ], [ 77.936220364243994, 10.737189988852183 ], [ 77.936979192724039, 10.737352589696014 ], [ 77.937527771410203, 10.737510704264125 ], [ 77.93785691682524, 10.737646255431184 ], [ 77.938098733418258, 10.737796415981776 ], [ 77.938213510263807, 10.737867675957059 ], [ 77.938324031789833, 10.737941979952783 ], [ 77.938556387326273, 10.73809816399906 ], [ 77.938844386308048, 10.738211128679231 ], [ 77.939452361600758, 10.738247171669633 ], [ 77.939689957010259, 10.738226310017673 ], [ 77.939691712318321, 10.738226155565359 ], [ 77.939813508599485, 10.738215446283382 ], [ 77.940023720664158, 10.738256084008404 ], [ 77.940023754800151, 10.738256107838163 ], [ 77.940165482900852, 10.738360051566012 ], [ 77.940165520630103, 10.738360087751959 ], [ 77.940599892900892, 10.738897888208681 ], [ 77.94078692483798, 10.739214188898996 ], [ 77.940947371134257, 10.739485465277307 ], [ 77.941148531774161, 10.739634609063584 ], [ 77.941989674680343, 10.739864974844123 ], [ 77.942456984579309, 10.739982824823702 ], [ 77.943082247051365, 10.740140495843118 ], [ 77.944517670433754, 10.740452126394148 ], [ 77.945719931592578, 10.740718573962715 ], [ 77.94591695908386, 10.740748060870168 ], [ 77.946474211004059, 10.740831436166635 ], [ 77.946926787634069, 10.740957912073378 ], [ 77.947188161449134, 10.741075089103425 ], [ 77.947370191566748, 10.741156688566587 ], [ 77.947370238279134, 10.741156713278709 ], [ 77.947435744327962, 10.741200110423012 ], [ 77.947799991412722, 10.741441405703952 ], [ 77.94858870414734, 10.742020338312615 ], [ 77.948883497985932, 10.74223671702368 ], [ 77.948883542901683, 10.742236752326603 ], [ 77.948954359790505, 10.742296047981275 ], [ 77.949272166670042, 10.742562134716385 ], [ 77.949573897299217, 10.742697679203822 ], [ 77.94990236358791, 10.7427721020411 ], [ 77.950072169431152, 10.742810550376461 ], [ 77.950927473379451, 10.742841716612574 ], [ 77.951059544590848, 10.742846528390332 ], [ 77.951059579625138, 10.742846531920659 ], [ 77.952143009841521, 10.743054221133148 ], [ 77.95273703160295, 10.743188101755031 ], [ 77.953084696685906, 10.743266441316688 ], [ 77.953843594336234, 10.743397368766935 ], [ 77.954523330647106, 10.743408425597561 ], [ 77.954531378653741, 10.743408557982985 ], [ 77.95458750629102, 10.743409469677268 ], [ 77.954663600782069, 10.743410707039638 ], [ 77.954666423288728, 10.743410753815827 ], [ 77.954972690410102, 10.743415202848524 ], [ 77.954972736224192, 10.743415203731065 ], [ 77.956088076396114, 10.743405904096532 ], [ 77.956732631087206, 10.743469033402754 ], [ 77.956732668816443, 10.74346903869816 ], [ 77.957299535405099, 10.743604477752843 ], [ 77.957464271156866, 10.743673303115971 ], [ 77.957464786789828, 10.74367351934532 ], [ 77.957624090429064, 10.743740035893499 ], [ 77.957781987306547, 10.74377961202803 ], [ 77.95793038988981, 10.743816772567959 ], [ 77.958442347855055, 10.743771479160149 ], [ 77.958507964396674, 10.743762385175041 ], [ 77.960435342957894, 10.743495246592421 ], [ 77.961151585005283, 10.743467426244033 ], [ 77.961372445699354, 10.743458843257399 ], [ 77.962003252573325, 10.743503848111981 ], [ 77.962236016843235, 10.743528198195222 ], [ 77.962360323017293, 10.743541180786837 ], [ 77.96239184669723, 10.743544473652083 ], [ 77.962994138349174, 10.743593733358765 ], [ 77.963438680447268, 10.743630079310549 ], [ 77.96522603591022, 10.743774265428655 ], [ 77.965226079927675, 10.74377426984147 ], [ 77.965468367237889, 10.743802391117416 ], [ 77.966080900582355, 10.743873484635508 ], [ 77.966080931125063, 10.743873487283231 ], [ 77.966848899963153, 10.743936535295402 ], [ 77.96713446001894, 10.743902987121203 ], [ 77.967388306850239, 10.743873134255987 ], [ 77.968192809272608, 10.74372375338662 ], [ 77.968804117315017, 10.743558096105565 ], [ 77.969445189237746, 10.743384358809482 ], [ 77.970304585910512, 10.743158086426243 ], [ 77.970638571448305, 10.743114393902223 ], [ 77.970789046444906, 10.743094702874762 ], [ 77.97078908866574, 10.743094697579355 ], [ 77.971237024599006, 10.743081008912208 ], [ 77.9712370659215, 10.743081009794761 ], [ 77.972018732271039, 10.743171186415593 ], [ 77.972018773593533, 10.743171190828447 ], [ 77.972428500584527, 10.743196698870491 ], [ 77.973897627858065, 10.743288140179313 ], [ 77.974793561708339, 10.743324060769275 ], [ 77.974793595844332, 10.743324058121591 ], [ 77.974946150440815, 10.74329350179101 ], [ 77.975200377259483, 10.743242580156087 ], [ 77.975200416785356, 10.743242569565261 ], [ 77.975689450642903, 10.743084222351127 ], [ 77.975689477592354, 10.743084209995168 ], [ 77.975856670236396, 10.742998628011327 ], [ 77.97621967584945, 10.742812805345928 ], [ 77.976484738147079, 10.742740427436665 ], [ 77.976612970857246, 10.742740399194396 ], [ 77.976759012667941, 10.742740354183249 ], [ 77.977426505839802, 10.743038493726175 ], [ 77.978258582948143, 10.743395344152448 ], [ 77.978770043246726, 10.743634094116148 ], [ 77.978839228794953, 10.743666386424938 ], [ 77.979259796654787, 10.743792779065609 ], [ 77.979876955424658, 10.743851351591418 ], [ 77.98059924223557, 10.743873729989451 ], [ 77.980842041585532, 10.7438736929216 ], [ 77.981047194338529, 10.743873627611567 ], [ 77.981312306043492, 10.743841907229104 ], [ 77.981776726062236, 10.743713352315989 ], [ 77.982162477916603, 10.743606572971407 ], [ 77.982351230127463, 10.743551262373384 ], [ 77.983305190653553, 10.743271701433221 ], [ 77.984466202072838, 10.743022705421021 ], [ 77.984466232615532, 10.743022696595299 ], [ 77.985435230939473, 10.742787327278908 ], [ 77.985528892884275, 10.742766983127304 ], [ 77.985956276262158, 10.742674151610345 ], [ 77.985956305906555, 10.742674147197476 ], [ 77.986317433142347, 10.742637821429797 ], [ 77.986589717894844, 10.742637774653494 ], [ 77.986838540448773, 10.742637690809175 ], [ 77.987515123672992, 10.742754990747509 ], [ 77.988511682309849, 10.742845059791982 ], [ 77.989284980852503, 10.742895773207172 ], [ 77.989540244327031, 10.742912509400139 ], [ 77.992570922940402, 10.74280747638087 ], [ 77.993103248408104, 10.742796255369973 ], [ 77.993878285190817, 10.742779900441342 ], [ 77.994982700052276, 10.742821185359537 ], [ 77.995075964043394, 10.742824669750584 ], [ 77.99507599189117, 10.742824672398307 ], [ 77.996328539841258, 10.742882943272626 ], [ 77.997047916110688, 10.742859554257251 ], [ 77.9973113201183, 10.742850983609362 ], [ 77.99756886531361, 10.742828408322135 ], [ 77.997575945834669, 10.742827787874591 ], [ 77.997622139901537, 10.742823738638011 ], [ 77.997622166850988, 10.742823735990287 ], [ 77.997661636129621, 10.742820145690688 ], [ 77.998170621569614, 10.742773848649776 ], [ 77.998170612586463, 10.742773818642375 ], [ 77.997777099288058, 10.741612245742395 ], [ 77.997709657369768, 10.741409306441245 ], [ 77.997580350274532, 10.741020167258011 ], [ 77.997394408892163, 10.740594661844003 ], [ 77.997118226349642, 10.739962561680546 ], [ 77.996869225929316, 10.739381785828463 ], [ 77.996788836592827, 10.739194270793748 ], [ 77.996788814134973, 10.739194228429829 ], [ 77.996221641220771, 10.73827677090658 ], [ 77.996173681964379, 10.738188619239089 ], [ 77.99605693331678, 10.73797403457208 ], [ 77.996011188407579, 10.737806769596547 ], [ 77.996033913089335, 10.737540069687746 ], [ 77.996152624555805, 10.737182897260373 ], [ 77.996312169841858, 10.736862839911582 ], [ 77.996486146562916, 10.736513832402949 ], [ 77.996681839157688, 10.736166702644105 ], [ 77.996814982059192, 10.735930526592918 ], [ 77.997102790598106, 10.735469402280975 ], [ 77.997102818445882, 10.735469365212079 ], [ 77.997527742236556, 10.734962932229084 ], [ 77.997527773677589, 10.734962898690505 ], [ 77.997622605228841, 10.734865145194123 ], [ 77.998076096343837, 10.734397698105521 ], [ 77.998473569416021, 10.73381893888379 ], [ 77.998683612597461, 10.733249297568451 ], [ 77.998701438765949, 10.732128257757838 ], [ 77.998673693400065, 10.73121968073831 ], [ 77.998682454669051, 10.730202610826039 ], [ 77.998669693202118, 10.729979166158728 ], [ 77.998664009561324, 10.729879419884831 ], [ 77.99891077497324, 10.729936814177135 ], [ 78.000002075329832, 10.729724872362508 ], [ 78.000632519284437, 10.729602428811859 ], [ 78.00161374637436, 10.729602825986284 ], [ 78.002538658977414, 10.729603197565016 ], [ 78.00582042479752, 10.730033969093419 ], [ 78.00689247785084, 10.730255802078219 ], [ 78.007484156806015, 10.730378224181676 ], [ 78.008311032668857, 10.730595837170304 ], [ 78.010322496235574, 10.731125169606134 ], [ 78.010428999597352, 10.731116312661202 ], [ 78.010592169585564, 10.731102742603147 ], [ 78.010943161130015, 10.730285620984525 ], [ 78.011964715389638, 10.727907362224709 ], [ 78.010644480281186, 10.725976683073325 ], [ 78.010215211339528, 10.725246394141562 ], [ 78.009735520859294, 10.724430320262574 ], [ 78.008712554448039, 10.722115544648334 ], [ 78.009562179247112, 10.72206233342941 ], [ 78.011939744021376, 10.721913419285134 ], [ 78.012376280333697, 10.721082416360279 ], [ 78.01274932462006, 10.720372273273503 ], [ 78.015070451838284, 10.719665955642174 ], [ 78.015167649552026, 10.719636379297384 ], [ 78.015045475080115, 10.719349292038967 ], [ 78.014752068240313, 10.718659840186913 ], [ 78.014611173776231, 10.71841680380683 ], [ 78.01460888756381, 10.718412860160416 ], [ 78.014290759985755, 10.717864062598363 ], [ 78.012184755921865, 10.714911494410126 ], [ 78.011425634591035, 10.713988973575855 ], [ 78.011405691991698, 10.713964737624416 ], [ 78.010841531128662, 10.713279136901807 ], [ 78.010355903682708, 10.712372954428901 ], [ 78.009690614078224, 10.711131506404611 ], [ 78.009129114923354, 10.709427167206117 ], [ 78.008882896585433, 10.707863013435661 ], [ 78.008882893890515, 10.707862971067351 ], [ 78.009007031181312, 10.706000637882676 ], [ 78.008953095433327, 10.705877016951252 ], [ 78.008951939301554, 10.705874366266244 ], [ 78.008760498433048, 10.705435541206668 ], [ 78.008614718032106, 10.704273719022815 ], [ 78.008592729968896, 10.70214018215937 ], [ 78.00856622158318, 10.699861898102023 ], [ 78.008624194360024, 10.699073988063351 ], [ 78.008713224591233, 10.697863935366293 ], [ 78.0086680914347, 10.696846729584962 ], [ 78.008640822175934, 10.696232127763068 ], [ 78.008467934212987, 10.695555639737661 ], [ 78.008275731573107, 10.694803535404862 ], [ 78.008268425574926, 10.694582695984176 ], [ 78.008265075757208, 10.694481454213301 ], [ 78.008262625153122, 10.694407405247084 ], [ 78.008262270318582, 10.694396685587874 ], [ 78.008248679706654, 10.693985292781193 ], [ 78.00854635803563, 10.69246209073223 ], [ 78.008443761447026, 10.691726095436374 ], [ 78.008350368996815, 10.691056172761407 ], [ 78.007926042585837, 10.689256478867563 ], [ 78.007374035030253, 10.686915195310737 ], [ 78.007234036186503, 10.686151999168587 ], [ 78.007082137360172, 10.685323918931509 ], [ 78.007041228980441, 10.684828065612823 ], [ 78.007009407059797, 10.684442359969992 ], [ 78.006339845067856, 10.682622065054616 ], [ 78.00627439201962, 10.682444117403845 ], [ 78.00627437495163, 10.682444070618255 ], [ 78.005657555744946, 10.680731884110273 ], [ 78.005324861984548, 10.679808372142341 ], [ 78.005541778176195, 10.675548366157123 ], [ 78.005546050563666, 10.675464449413534 ], [ 78.004936001060955, 10.675452866621818 ], [ 78.0043257602171, 10.675441279415786 ], [ 78.002854085321445, 10.675666716083144 ], [ 78.001943819749101, 10.675954414076468 ], [ 78.001482830396426, 10.676100111923562 ], [ 78.000797281985641, 10.676145024385118 ], [ 78.000788852195043, 10.675799517733173 ], [ 78.000787853268434, 10.675758605918737 ], [ 78.000752410238889, 10.674305199655322 ], [ 78.000739501448265, 10.674209404001116 ], [ 78.000724999944623, 10.674101795070166 ], [ 78.00000569194718, 10.674119231570232 ], [ 77.998912370381177, 10.674145728833686 ], [ 77.998570784197781, 10.674011654387121 ], [ 77.998199437727294, 10.673865907869285 ], [ 77.997252035801125, 10.673857420898418 ], [ 77.997225944233691, 10.673857187846581 ], [ 77.997205338677702, 10.673856073788173 ], [ 77.996229606582389, 10.673803351102345 ], [ 77.995868588941079, 10.673722109560448 ], [ 77.995868544025285, 10.673722076897882 ], [ 77.995626273783046, 10.67357751227415 ], [ 77.995415953920556, 10.673416658647628 ], [ 77.995242270050241, 10.67328382241114 ], [ 77.995242231422708, 10.673283790631267 ], [ 77.995190465106134, 10.673239081667745 ], [ 77.994734776711937, 10.672845527567727 ], [ 77.994574716691247, 10.672740047408144 ], [ 77.9945693465625, 10.67273650924454 ], [ 77.994405686094126, 10.672628664091148 ], [ 77.994054167238616, 10.672490770086277 ], [ 77.993473244710671, 10.672262899896522 ], [ 77.993185263695239, 10.672109276402418 ], [ 77.993173631410613, 10.672095478594791 ], [ 77.993172636975601, 10.672094298321674 ], [ 77.993070989007933, 10.671973692390903 ], [ 77.992886311555182, 10.671601003775464 ], [ 77.992641048126416, 10.671105946399862 ], [ 77.992641003210665, 10.671105955227683 ], [ 77.990845111057567, 10.671504353621922 ], [ 77.990685167817858, 10.67155410968696 ], [ 77.990456053402994, 10.671678765088819 ], [ 77.990269351147575, 10.671780344620046 ], [ 77.989407016983861, 10.672311911656765 ], [ 77.988985439417661, 10.672571790380482 ], [ 77.988461977626883, 10.6728238633847 ], [ 77.987134820100835, 10.673462968935727 ], [ 77.986750944827108, 10.673616793900781 ], [ 77.986166022101216, 10.673757117667286 ], [ 77.98530230273532, 10.673924648400439 ], [ 77.984905658808145, 10.673993578754223 ], [ 77.984781345447544, 10.674015187239275 ], [ 77.982688197173673, 10.674115289996166 ], [ 77.981358318650649, 10.674233234405511 ], [ 77.980622564296993, 10.674305791111767 ], [ 77.9794796674054, 10.674607816866676 ], [ 77.978515872123594, 10.674862505593273 ], [ 77.978308847281539, 10.674891796756109 ], [ 77.978099964723455, 10.674921349215785 ], [ 77.977893859756264, 10.674907841966828 ], [ 77.977757225103218, 10.674898880095283 ], [ 77.977757189170589, 10.674898880095283 ], [ 77.976965739269318, 10.6748251785788 ], [ 77.976934600966629, 10.674822279564452 ], [ 77.976934564135718, 10.674822279564452 ], [ 77.97659097111594, 10.674840035585625 ], [ 77.97623080058591, 10.67485864700914 ], [ 77.976230761958377, 10.674858651422987 ], [ 77.975699186583938, 10.674933569386983 ], [ 77.97526648697621, 10.674994549296258 ], [ 77.97489175834869, 10.675026329854166 ], [ 77.974626747255044, 10.674938370767393 ], [ 77.974279278004815, 10.674823041394356 ], [ 77.971861313297268, 10.67373887870634 ], [ 77.97186127197476, 10.673738854871466 ], [ 77.971495838215517, 10.674088248060077 ], [ 77.971492322209485, 10.674091608770892 ], [ 77.971459248037348, 10.674123228758816 ], [ 77.971459219291276, 10.674123258773061 ], [ 77.971032646193777, 10.673770375142805 ], [ 77.971011260900113, 10.673752685267083 ], [ 77.971011226764119, 10.673752652604502 ], [ 77.970920293901202, 10.673659551881133 ], [ 77.970243250739529, 10.672966355611861 ], [ 77.969946741118747, 10.672612499585405 ], [ 77.969868356822005, 10.672518953593809 ], [ 77.969859450924289, 10.672507964798083 ], [ 77.969850040173355, 10.672496376597032 ], [ 77.969898261737825, 10.672402867646326 ], [ 77.969964284317925, 10.672274837686039 ], [ 77.970115716020331, 10.671973204214918 ], [ 77.970343343723457, 10.671519796956229 ], [ 77.97061736312277, 10.670905001749611 ], [ 77.970694977563326, 10.670629183864932 ], [ 77.970722303415926, 10.670267612247653 ], [ 77.970775141422635, 10.669416933567508 ], [ 77.970808784228325, 10.668875300351752 ], [ 77.970852223162197, 10.668048702026686 ], [ 77.970881475002827, 10.667492067762714 ], [ 77.970940709014343, 10.666868236096244 ], [ 77.971013669283394, 10.666398086105966 ], [ 77.971223672938947, 10.665579802285603 ], [ 77.971359887180427, 10.66505846923223 ], [ 77.971529578039267, 10.664409010202966 ], [ 77.971584272863637, 10.663938862591921 ], [ 77.971657306794569, 10.663617928103553 ], [ 77.971754313167153, 10.663368127748704 ], [ 77.971817072167852, 10.663206515691755 ], [ 77.971928850436981, 10.662896742603897 ], [ 77.972113956386082, 10.662383741285016 ], [ 77.972186914858511, 10.661922623423605 ], [ 77.972200901627488, 10.661746928940834 ], [ 77.972264287652251, 10.660950677250904 ], [ 77.97230989062767, 10.660113973918094 ], [ 77.972323415662558, 10.659865828609529 ], [ 77.972359607887057, 10.658571280780064 ], [ 77.972364112039898, 10.658410205577221 ], [ 77.972372160046547, 10.658296984285103 ], [ 77.972418738592339, 10.657641809581387 ], [ 77.972452401160965, 10.657254374437104 ], [ 77.972518893559993, 10.656489074231267 ], [ 77.972610130053496, 10.655905924388565 ], [ 77.9727210908557, 10.655534097152357 ], [ 77.972728846011549, 10.655508112072299 ], [ 77.972781767561585, 10.65538525012744 ], [ 77.972993707984884, 10.654893220951946 ], [ 77.973194702436416, 10.654522488951878 ], [ 77.973496186927264, 10.654156250984295 ], [ 77.973723036689321, 10.653935698967029 ], [ 77.974017022044166, 10.653649873824245 ], [ 77.974186086777252, 10.6534328333435 ], [ 77.974437274595303, 10.652944531865163 ], [ 77.974642772301394, 10.652515039597874 ], [ 77.974695379441044, 10.652440634337692 ], [ 77.974802611336543, 10.652288970441226 ], [ 77.975455889567328, 10.651574586848394 ], [ 77.975523191348401, 10.651494774864952 ], [ 77.975985866838897, 10.650946083245255 ], [ 77.976447208331152, 10.650267870013481 ], [ 77.976958764749455, 10.649377246824901 ], [ 77.97741403812195, 10.64872888262299 ], [ 77.977479439067906, 10.648635744228075 ], [ 77.977741365346887, 10.648216446294954 ], [ 77.97784943357388, 10.648043446299322 ], [ 77.977860953569092, 10.648017083604653 ], [ 77.977981811110794, 10.647740511334717 ], [ 77.978066962416548, 10.647459619035292 ], [ 77.978132540330606, 10.647243286604096 ], [ 77.978342502663651, 10.646443143347961 ], [ 77.978782697814111, 10.645346177058814 ], [ 77.978890409409956, 10.645077758185037 ], [ 77.978977779554484, 10.644847439620904 ], [ 77.979283115122911, 10.644042544710842 ], [ 77.979465659076865, 10.643355401873372 ], [ 77.979465589906582, 10.643353233567851 ], [ 77.979447162765169, 10.642776785994597 ], [ 77.979371538092977, 10.642566700026173 ], [ 77.979351174183805, 10.642510127053173 ], [ 77.979311040151856, 10.6424386478076 ], [ 77.978908620057382, 10.64172192183838 ], [ 77.978889302685531, 10.641687516576356 ], [ 77.97849610559409, 10.64099378488943 ], [ 77.978102912994231, 10.640300053390078 ], [ 77.977962053564426, 10.640093121975543 ], [ 77.977826570551585, 10.639894088580904 ], [ 77.977784276969672, 10.639831955674985 ], [ 77.97778293937823, 10.639829990404662 ], [ 77.977735103191037, 10.639837778207552 ], [ 77.977449305081706, 10.639884309906263 ], [ 77.977206204796147, 10.639940706792318 ], [ 77.977019806171327, 10.639983948900534 ], [ 77.976187697621953, 10.640270860429096 ], [ 77.975182981384023, 10.640617280560644 ], [ 77.974962340777196, 10.640640530901239 ], [ 77.97488143580776, 10.640649055878525 ], [ 77.974833412770991, 10.640645489973055 ], [ 77.97445642667715, 10.640617494214812 ], [ 77.972514257354817, 10.640396593377933 ], [ 77.972289713568074, 10.640345167130187 ], [ 77.972198857061926, 10.640324358783674 ], [ 77.972134094818145, 10.64030905424347 ], [ 77.971778444610621, 10.640225005067487 ], [ 77.971586509668711, 10.640216014806031 ], [ 77.971280311717607, 10.640256771597521 ], [ 77.970452090178469, 10.640263846913834 ], [ 77.970179026586607, 10.640266178572199 ], [ 77.968757870247572, 10.640203300600037 ], [ 77.967135605370899, 10.640126909408533 ], [ 77.96581955012347, 10.640054918422551 ], [ 77.964293205556245, 10.639955865677393 ], [ 77.964040907420483, 10.63994307729944 ], [ 77.963493468696456, 10.639915329563319 ], [ 77.962812620271279, 10.639901957606254 ], [ 77.962153002629506, 10.639830905941652 ], [ 77.962017439666624, 10.639816303258964 ], [ 77.961699977740139, 10.639782317145603 ], [ 77.96029007190171, 10.639631374436439 ], [ 77.96004179642182, 10.639608614012547 ], [ 77.959700573157775, 10.639577332994323 ], [ 77.959083655136396, 10.639618134897594 ], [ 77.959075059157442, 10.639619011588879 ], [ 77.957484324248966, 10.639781270943576 ], [ 77.956725743703927, 10.639835686686752 ], [ 77.955258944863587, 10.639976162867129 ], [ 77.9548946501681, 10.64000323167047 ], [ 77.953856056664165, 10.64008040070148 ], [ 77.953025589336818, 10.640157816916485 ], [ 77.952494306813179, 10.640207340611687 ], [ 77.951804339589529, 10.64023007715338 ], [ 77.951781476567248, 10.6402888347684 ], [ 77.95136128869477, 10.641224638733322 ], [ 77.950734819785296, 10.642688661322753 ], [ 77.950374689679478, 10.643530262950197 ], [ 77.950320088279867, 10.643637327369332 ], [ 77.950137218237501, 10.643995908586481 ], [ 77.949808138399462, 10.643731851615316 ], [ 77.948318084871374, 10.642536206825111 ], [ 77.946563508933181, 10.643562690398017 ], [ 77.94650770558772, 10.643581112153266 ], [ 77.946303063077778, 10.643648667702442 ], [ 77.946231460163133, 10.643648638568077 ], [ 77.946216228329178, 10.643648633270926 ], [ 77.945745506628697, 10.643458886355589 ], [ 77.945343406334487, 10.643291754683679 ], [ 77.945077131311251, 10.643625256027905 ], [ 77.944913917305584, 10.643829676842469 ], [ 77.944909356558881, 10.643829718336862 ], [ 77.944845086591883, 10.643881757583943 ], [ 77.944607792118006, 10.644073901196833 ], [ 77.944428172180309, 10.644166320573509 ], [ 77.944379353236215, 10.644191439654124 ], [ 77.944233123677634, 10.644195974896327 ], [ 77.944077704353674, 10.644105581688653 ], [ 77.944032037597893, 10.644024300438065 ], [ 77.944057509327791, 10.643977388859005 ], [ 77.944063943061835, 10.643965540011472 ], [ 77.944146196402542, 10.643829866657221 ], [ 77.944228394047641, 10.643644515613223 ], [ 77.944225899426101, 10.643567481678945 ], [ 77.944223855758835, 10.643504382789654 ], [ 77.943780478775636, 10.642934916290322 ], [ 77.943657070916842, 10.642894241962955 ], [ 77.943360046561395, 10.642921421747872 ], [ 77.942951840418218, 10.64295768706028 ], [ 77.941778927219715, 10.643061887678108 ], [ 77.941216587241755, 10.64312501402766 ], [ 77.940408046892173, 10.643215778327672 ], [ 77.939511362948608, 10.6433064860976 ], [ 77.938840625960268, 10.643374335700187 ], [ 77.938478026385724, 10.643395578205924 ], [ 77.937913034581044, 10.643428676641944 ], [ 77.936866516139645, 10.643487632284115 ], [ 77.935070639257944, 10.643591911295353 ], [ 77.934919800443652, 10.643610034642194 ], [ 77.934796135666687, 10.643680530107524 ], [ 77.934769013731625, 10.643695990744684 ], [ 77.93466397642041, 10.643790884007641 ], [ 77.934188816144129, 10.644319849576767 ], [ 77.933466871591307, 10.645092973317485 ], [ 77.932121027310743, 10.646556146567537 ], [ 77.932077939618154, 10.646602990653038 ], [ 77.931940898926612, 10.646747696101819 ], [ 77.931876546314612, 10.646755966647326 ], [ 77.931835758309134, 10.646761208131913 ], [ 77.931621002565734, 10.646788368149327 ], [ 77.930798410768475, 10.646842719959523 ], [ 77.928170804426443, 10.647055586606603 ], [ 77.926853420570694, 10.647158295573636 ], [ 77.926543975209853, 10.647182422084899 ], [ 77.926182895584759, 10.64720802295273 ], [ 77.923925502039296, 10.647368064083443 ], [ 77.923010135832769, 10.647451382057129 ], [ 77.922582049972334, 10.647490345698735 ], [ 77.920845520289859, 10.647630703581854 ], [ 77.920157151169121, 10.647676152602296 ], [ 77.919406013166196, 10.647725743938341 ], [ 77.917939116409514, 10.647838932963147 ], [ 77.916595665240862, 10.647924969095046 ], [ 77.916036765810432, 10.647982554571664 ], [ 77.915233864185893, 10.648065281752777 ], [ 77.91411425791469, 10.648219083357368 ], [ 77.913972596289341, 10.648241711594306 ], [ 77.913947386867534, 10.648265325968939 ], [ 77.913932737141863, 10.648279048049162 ], [ 77.913885765133969, 10.648323047339511 ], [ 77.9135978838315, 10.648757083339179 ], [ 77.912314017915648, 10.651265952263429 ], [ 77.911459627553967, 10.652888863956708 ], [ 77.91139849091067, 10.653008614040976 ], [ 77.910788026386314, 10.654204323682258 ], [ 77.910487327023063, 10.654753499402135 ], [ 77.910312772685259, 10.655072294436176 ], [ 77.910049862751052, 10.655546210397592 ], [ 77.909517799591413, 10.656505297859869 ], [ 77.909275603011039, 10.656979969051566 ], [ 77.909216195624651, 10.657047753811817 ], [ 77.909153438420589, 10.657045129185333 ], [ 77.909071781561266, 10.657041714434108 ], [ 77.909001396762122, 10.657038763163833 ], [ 77.909001355439628, 10.657038766695152 ], [ 77.90880490197182, 10.656943889034876 ], [ 77.908804878615626, 10.656943848425108 ], [ 77.9087779102925, 10.656900101984032 ], [ 77.908690620098, 10.656758514187073 ], [ 77.908676930671405, 10.656568704810221 ], [ 77.908736279667266, 10.655962892145357 ], [ 77.90871339688205, 10.655831881914802 ], [ 77.90817732543961, 10.655527752287066 ], [ 77.90781305230368, 10.655321089880193 ], [ 77.906902533406466, 10.65476678595617 ], [ 77.906053577852248, 10.654249955350506 ], [ 77.905652070446095, 10.654028704200032 ], [ 77.9047739870188, 10.653544832840334 ], [ 77.904335769060296, 10.653258568563327 ], [ 77.904019831574871, 10.653052183591711 ], [ 77.903628620658537, 10.652789272439861 ], [ 77.903064758934462, 10.652410329285459 ], [ 77.902987787687664, 10.652293974348099 ], [ 77.9029870555607, 10.652292869039115 ], [ 77.902964144029397, 10.651669022997428 ], [ 77.902964143131058, 10.651668994746649 ], [ 77.903005195241249, 10.650471136915098 ], [ 77.90300652295123, 10.650236399395473 ], [ 77.903009681427761, 10.649675581437162 ], [ 77.903019978815848, 10.649556056933301 ], [ 77.903027991788193, 10.649463062694599 ], [ 77.902936595394578, 10.649128613383798 ], [ 77.902721747124701, 10.648658467781349 ], [ 77.902300215372577, 10.648852508264637 ], [ 77.901209162052652, 10.649354749333099 ], [ 77.900829337282545, 10.649543624743657 ], [ 77.90037287723554, 10.649770606147559 ], [ 77.900236839063851, 10.649853474097911 ], [ 77.900194736823124, 10.649879122414822 ], [ 77.900143608310429, 10.649953741065364 ], [ 77.900098732970392, 10.650019255838778 ], [ 77.900040514055135, 10.65014434823847 ], [ 77.899938839138031, 10.650362859225554 ], [ 77.899866832879781, 10.650370735926218 ], [ 77.899815437567455, 10.650376358735612 ], [ 77.899632642983534, 10.650358292292863 ], [ 77.899564117697054, 10.650299538384498 ], [ 77.899481809559134, 10.650222675637711 ], [ 77.899312676554089, 10.649440744426226 ], [ 77.899252143578636, 10.649206781249458 ], [ 77.899166463165187, 10.648875622901905 ], [ 77.898910531344086, 10.648848521338266 ], [ 77.898764861435936, 10.648806187169026 ], [ 77.898599725933863, 10.648758196606609 ], [ 77.898533966560137, 10.648686235909967 ], [ 77.898512936101028, 10.648663231613977 ], [ 77.898495485428313, 10.648614701610569 ], [ 77.898439764727883, 10.648459828430898 ], [ 77.898293572898552, 10.648446279396575 ], [ 77.898293538762559, 10.648446281162267 ], [ 77.898211314167966, 10.648468867005743 ], [ 77.898173320821314, 10.648532494574633 ], [ 77.898092521853101, 10.648667822408868 ], [ 77.897809235433328, 10.649024932186604 ], [ 77.897715094686504, 10.649105589698639 ], [ 77.897672101316985, 10.649142438717892 ], [ 77.897647723735119, 10.649140249265281 ], [ 77.897521299333604, 10.649128925910508 ], [ 77.897398655941146, 10.649085083882747 ], [ 77.897356800737086, 10.649070129388589 ], [ 77.897128321431126, 10.648984226889501 ], [ 77.897055180600688, 10.648893816562159 ], [ 77.897073446943665, 10.648740186570031 ], [ 77.897073451435247, 10.648740159201829 ], [ 77.897096103353448, 10.648591835915914 ], [ 77.897132822889006, 10.648351409654087 ], [ 77.897233308436668, 10.647858643417308 ], [ 77.897222025596719, 10.647486001200869 ], [ 77.897219619908356, 10.647406647227863 ], [ 77.897183235444416, 10.647289376630832 ], [ 77.8970962057614, 10.647008861775401 ], [ 77.897096194083289, 10.64700883793844 ], [ 77.896652152346775, 10.646111351640615 ], [ 77.896570638319588, 10.64594659894618 ], [ 77.896570617658327, 10.64594655392067 ], [ 77.89651296558003, 10.645929822972095 ], [ 77.89649295740368, 10.64592400938438 ], [ 77.89632013501776, 10.645963457907552 ], [ 77.896314730753019, 10.645964691253187 ], [ 77.89631468763389, 10.645964695667466 ], [ 77.896181492630063, 10.64596469743317 ], [ 77.896067971629293, 10.645964700964578 ], [ 77.89604515621771, 10.645919490059249 ], [ 77.89599941220682, 10.645792941865649 ], [ 77.895995542264572, 10.64577534659499 ], [ 77.895953677179094, 10.645585040391044 ], [ 77.895930156589984, 10.645543599216943 ], [ 77.895912592729559, 10.645512649877942 ], [ 77.895592694572031, 10.645571444437664 ], [ 77.895331653133653, 10.645614080109468 ], [ 77.895122005210936, 10.645648320717546 ], [ 77.895121977363146, 10.645648325131825 ], [ 77.894166969401454, 10.645824641601553 ], [ 77.89416692897727, 10.645824652195817 ], [ 77.892672651570734, 10.646294827772612 ], [ 77.892103007391185, 10.646445725688919 ], [ 77.891324565095218, 10.646651932385357 ], [ 77.889866770967288, 10.647040725594939 ], [ 77.888578118827624, 10.647397876124687 ], [ 77.888477586567546, 10.647470210570576 ], [ 77.888450193341271, 10.647542545882123 ], [ 77.888601007002734, 10.64794938776803 ], [ 77.888834070411605, 10.648690678386522 ], [ 77.888835460105369, 10.64871716020701 ], [ 77.888838584445935, 10.648776612750787 ], [ 77.888655876998612, 10.648867013401583 ], [ 77.887997779306289, 10.649169888978642 ], [ 77.887681640598274, 10.649320897592448 ], [ 77.886928421198832, 10.649680669256979 ], [ 77.886201180179086, 10.650048225390234 ], [ 77.886087606177711, 10.650105622420437 ], [ 77.886087558566999, 10.650105642725785 ], [ 77.885760446937766, 10.650227504776069 ], [ 77.885735717216306, 10.650236716335254 ], [ 77.885562038735912, 10.650290990723269 ], [ 77.885495925425928, 10.650256062903999 ], [ 77.885493561958427, 10.650254814567443 ], [ 77.88546779558115, 10.6502038940849 ], [ 77.8854569610005, 10.650182469305632 ], [ 77.88532439841066, 10.649884097227519 ], [ 77.885127901823722, 10.649310075699395 ], [ 77.885044116855468, 10.649086561763522 ], [ 77.88502282678327, 10.649029777235151 ], [ 77.884851688738465, 10.649041595869132 ], [ 77.884826321213154, 10.649043347431776 ], [ 77.884826293365379, 10.649043350963147 ], [ 77.884825012367784, 10.649043522234898 ], [ 77.88445618477337, 10.649093045369442 ], [ 77.883674699883528, 10.649156348804327 ], [ 77.883085232580626, 10.649165383827157 ], [ 77.882687643625772, 10.649169919878164 ], [ 77.882162098641828, 10.649115640876257 ], [ 77.881938224998322, 10.649034294748487 ], [ 77.881821869812811, 10.648892404010933 ], [ 77.881801092678614, 10.648867061958041 ], [ 77.881801052254417, 10.64886701781581 ], [ 77.881759079371093, 10.648773548396283 ], [ 77.881709716946219, 10.648663618300166 ], [ 77.881595459326931, 10.647985588917303 ], [ 77.881595454835349, 10.647985558900473 ], [ 77.881589934687909, 10.647938618797117 ], [ 77.881572605287772, 10.647791239768129 ], [ 77.88150408269621, 10.647741511601328 ], [ 77.881373888963779, 10.64773726686885 ], [ 77.881225327378729, 10.647732418268335 ], [ 77.88090083074529, 10.647750500757999 ], [ 77.880731785775112, 10.647682705100392 ], [ 77.880571829958981, 10.647565145918163 ], [ 77.880361616097673, 10.647343681560644 ], [ 77.880158817828999, 10.647128377566958 ], [ 77.87967612068752, 10.646615939430575 ], [ 77.879430840190736, 10.646421361632243 ], [ 77.879146092211982, 10.646195473353485 ], [ 77.879146057177692, 10.646195507784732 ], [ 77.879116562791964, 10.646220903030885 ], [ 77.878899325003459, 10.646407967889203 ], [ 77.878817009679025, 10.646457725407691 ], [ 77.878747779215004, 10.646430284613963 ], [ 77.878725626760115, 10.646421509068471 ], [ 77.878657250593946, 10.646368061223439 ], [ 77.878442275661627, 10.646200020925784 ], [ 77.878090537617155, 10.645913740036764 ], [ 77.877797985973544, 10.645675642396396 ], [ 77.877482257795563, 10.645454741692795 ], [ 77.877235914591822, 10.645282396090817 ], [ 77.877089666168629, 10.645210041702901 ], [ 77.877056453655953, 10.645264255186296 ], [ 77.876998292232884, 10.645359233598008 ], [ 77.876948019814648, 10.645445074436152 ], [ 77.876815446444994, 10.645499296706275 ], [ 77.876655570578947, 10.645508360088849 ], [ 77.876605832658285, 10.64550203178902 ], [ 77.876513869427725, 10.645490328671718 ], [ 77.87641786916825, 10.645431569410544 ], [ 77.876385880160967, 10.645300473428684 ], [ 77.876393576926333, 10.645099992901651 ], [ 77.8763950744179, 10.645060861211903 ], [ 77.876421519023253, 10.6448230507165 ], [ 77.876495594101584, 10.64415681042478 ], [ 77.876468181112358, 10.643899135780599 ], [ 77.876139208173853, 10.642986009262476 ], [ 77.876131954277938, 10.642966483011321 ], [ 77.875746248237647, 10.641928194413456 ], [ 77.874996866441123, 10.640115578656019 ], [ 77.874996849373147, 10.640115547755569 ], [ 77.874908828848348, 10.639931996392422 ], [ 77.87465866241476, 10.639410358111915 ], [ 77.874342951304783, 10.638796657292664 ], [ 77.874270306344371, 10.63865545396361 ], [ 77.874270286581435, 10.638655421297265 ], [ 77.874014409557603, 10.638275705713111 ], [ 77.873927341246983, 10.638198047112525 ], [ 77.873781337165539, 10.638067822067857 ], [ 77.873612402688153, 10.637887449593174 ], [ 77.873607745821744, 10.637882478999101 ], [ 77.873591006614731, 10.637806656681734 ], [ 77.873552851571347, 10.637633834417837 ], [ 77.873530687438347, 10.637299775605555 ], [ 77.873530058617646, 10.637290315566732 ], [ 77.873530056821025, 10.637290286431769 ], [ 77.873516360207887, 10.636851797639391 ], [ 77.873539226823439, 10.635997455255422 ], [ 77.873516386259027, 10.635667473569926 ], [ 77.873506194872121, 10.635563176840213 ], [ 77.873489014592309, 10.635387220834337 ], [ 77.873479333448486, 10.635375751293026 ], [ 77.873466102162666, 10.635360075693383 ], [ 77.873420447983321, 10.63534200836083 ], [ 77.873388013411656, 10.635345650256291 ], [ 77.87321936190358, 10.635364571337123 ], [ 77.873074287578461, 10.635368946908638 ], [ 77.87306858058146, 10.635369118188072 ], [ 77.87305954263141, 10.635361965064464 ], [ 77.872977193170982, 10.63529677822298 ], [ 77.872872806240039, 10.635136726342449 ], [ 77.872703013871543, 10.634876412197055 ], [ 77.872483663245461, 10.634433391611237 ], [ 77.872451723645526, 10.634270686202855 ], [ 77.872451719153972, 10.634270650004504 ], [ 77.87240150332957, 10.633850216348346 ], [ 77.872392908248941, 10.63355995704678 ], [ 77.872383164223052, 10.633230918300331 ], [ 77.872360398218817, 10.632114478194922 ], [ 77.872360396422181, 10.632114434050273 ], [ 77.872351697136963, 10.631987258571863 ], [ 77.872304155597163, 10.631292016265249 ], [ 77.872301042934737, 10.631246493288678 ], [ 77.872182215585568, 10.631250997821979 ], [ 77.871985707320547, 10.631255548265811 ], [ 77.871716118412209, 10.631282659338927 ], [ 77.871716089666108, 10.63128266198763 ], [ 77.87142981994127, 10.631335758435107 ], [ 77.871058132110988, 10.631404702841524 ], [ 77.870602119424987, 10.631525950807115 ], [ 77.870089381722053, 10.631662278561205 ], [ 77.86947701366762, 10.63187022131002 ], [ 77.868677313638756, 10.632132369139917 ], [ 77.867863892742236, 10.63245777861847 ], [ 77.866355101255664, 10.633116697935149 ], [ 77.865441980837346, 10.633515455028224 ], [ 77.865346057832994, 10.633610329386245 ], [ 77.865323170556167, 10.633750451746325 ], [ 77.865323166962909, 10.633750495890732 ], [ 77.865323157979773, 10.633783324326654 ], [ 77.865323112165697, 10.633881589774175 ], [ 77.865300243753524, 10.634243254024321 ], [ 77.865281597423163, 10.634347930846438 ], [ 77.8652591781686, 10.634473779245949 ], [ 77.865199924394162, 10.634617927169041 ], [ 77.865199724968164, 10.634618404810279 ], [ 77.865080887737548, 10.634722349591591 ], [ 77.865015406841522, 10.634755739438111 ], [ 77.864930097432264, 10.634799237435194 ], [ 77.864802171945897, 10.634835350091322 ], [ 77.864633085653224, 10.634857945771795 ], [ 77.864633047923988, 10.634857951952007 ], [ 77.863911087201515, 10.634961909012105 ], [ 77.863673481910538, 10.634982843976944 ], [ 77.86339925859366, 10.635007003235364 ], [ 77.862752199399566, 10.63508343543881 ], [ 77.862480777029731, 10.635115485027296 ], [ 77.861846367013129, 10.635226870586417 ], [ 77.861013885662928, 10.635373019650993 ], [ 77.860465524369118, 10.635517632428716 ], [ 77.860109096220569, 10.635571868824279 ], [ 77.859732686845149, 10.63563156407537 ], [ 77.85865598321358, 10.635802331240409 ], [ 77.858331544970653, 10.635852000435415 ], [ 77.858331507241402, 10.635852006615602 ], [ 77.858112151225427, 10.635915276601446 ], [ 77.857719155356605, 10.636073448418585 ], [ 77.857719126610533, 10.63607345989605 ], [ 77.857312412569001, 10.636213523737728 ], [ 77.857106807963405, 10.636240644964944 ], [ 77.856544734785075, 10.636236084883777 ], [ 77.855914177642774, 10.636159223888725 ], [ 77.855000237960894, 10.636046103807402 ], [ 77.853908102171062, 10.635923960629583 ], [ 77.85371158312627, 10.635946562409622 ], [ 77.853635529059346, 10.63598275880371 ], [ 77.853464783578389, 10.636064022774129 ], [ 77.853195206348104, 10.636186041409596 ], [ 77.852943885579379, 10.636317092751225 ], [ 77.852249238133126, 10.636891109607051 ], [ 77.852171536555986, 10.636927267925282 ], [ 77.852039053916215, 10.636714871845452 ], [ 77.852039033254954, 10.636714841827555 ], [ 77.851838011853943, 10.636430080299979 ], [ 77.851636586211029, 10.636273456358232 ], [ 77.851518189154916, 10.636181393922371 ], [ 77.851518152323976, 10.636181391273732 ], [ 77.850585937315998, 10.636226492379787 ], [ 77.85012436585501, 10.636276130604918 ], [ 77.849611622762197, 10.636288799064802 ], [ 77.849576071036537, 10.636289675765642 ], [ 77.849576044985383, 10.636289675765642 ], [ 77.849151082567175, 10.636253435263887 ], [ 77.848469901765313, 10.63627998614643 ], [ 77.848456482731606, 10.636280508812007 ], [ 77.847565441106354, 10.636366280692418 ], [ 77.847021604626605, 10.636470181617113 ], [ 77.847021594745129, 10.636470209869305 ], [ 77.847003337385303, 10.636506394723833 ], [ 77.847003308639216, 10.636543460688594 ], [ 77.847003278994819, 10.636583250334143 ], [ 77.847026106982824, 10.636813780850874 ], [ 77.847065532244002, 10.637243092178647 ], [ 77.847085462266904, 10.63746017685377 ], [ 77.847085464063525, 10.637460212168881 ], [ 77.847094585556931, 10.637799250229707 ], [ 77.847113653197155, 10.637887408980877 ], [ 77.847135635870458, 10.637989050990461 ], [ 77.847316207124038, 10.638492835562875 ], [ 77.847414316627777, 10.638766568070825 ], [ 77.847414324712616, 10.638766598971413 ], [ 77.847428048275205, 10.638843470786904 ], [ 77.847199532138305, 10.638852461971664 ], [ 77.846989350616326, 10.638879519397385 ], [ 77.84631938797574, 10.63896444387157 ], [ 77.846276460183276, 10.638969885019435 ], [ 77.845993164780324, 10.639006049271385 ], [ 77.84594706862984, 10.638997873865952 ], [ 77.845865214141156, 10.638983356782092 ], [ 77.845828652709088, 10.638960772001633 ], [ 77.845752584269135, 10.638912243102361 ], [ 77.845731670591007, 10.638898901118996 ], [ 77.845686973117395, 10.63887037812491 ], [ 77.845431052076108, 10.638685016120569 ], [ 77.844786831558309, 10.638092758012666 ], [ 77.843932396280891, 10.637432723772912 ], [ 77.843820851573724, 10.637364072078158 ], [ 77.843763377361867, 10.637328696924484 ], [ 77.843763335141034, 10.637328689861464 ], [ 77.843566855622115, 10.637278944096449 ], [ 77.843514340110602, 10.637272704796542 ], [ 77.843338360146447, 10.637251799123812 ], [ 77.842991064271061, 10.63720658339512 ], [ 77.842752607377207, 10.63717022293082 ], [ 77.842634649597258, 10.637152246642014 ], [ 77.842303333852485, 10.637116024783158 ], [ 77.841972021700983, 10.637079814397453 ], [ 77.841569948356224, 10.63702554913492 ], [ 77.841231784754029, 10.637043544854549 ], [ 77.840939361569482, 10.637025424648989 ], [ 77.840454951340732, 10.636962113398056 ], [ 77.840020888090393, 10.636885216387878 ], [ 77.83999092298744, 10.636862649109668 ], [ 77.83992485728821, 10.63681289797136 ], [ 77.839755796148353, 10.636704353215617 ], [ 77.839694339704835, 10.636648581693098 ], [ 77.839591355044021, 10.636555124419651 ], [ 77.839399474899338, 10.636401467021217 ], [ 77.839399445254941, 10.636401446714967 ], [ 77.839088734167845, 10.636238664662518 ], [ 77.837722506215172, 10.63561014356938 ], [ 77.837722462197704, 10.635610120614427 ], [ 77.83742089685849, 10.635451915890403 ], [ 77.837357059879452, 10.63544285662339 ], [ 77.837324982837288, 10.635438312422199 ], [ 77.837224476628379, 10.63542925933494 ], [ 77.83722444159406, 10.635429256686313 ], [ 77.837152929409243, 10.635425772827997 ], [ 77.836945704242879, 10.635415692946838 ], [ 77.836669271968702, 10.635408840887614 ], [ 77.836392766930985, 10.635401986179611 ], [ 77.836365286568139, 10.635383886182888 ], [ 77.836337904121649, 10.635365849752693 ], [ 77.836296793620988, 10.6352799981315 ], [ 77.836255666950635, 10.635175202439752 ], [ 77.836232920709321, 10.635117242850137 ], [ 77.836232914421117, 10.634913795315546 ], [ 77.836232914421117, 10.634913768828982 ], [ 77.836200969431303, 10.634647101247516 ], [ 77.836192603421068, 10.63462833462718 ], [ 77.836132445043106, 10.634493431410645 ], [ 77.83608218340467, 10.634421057688279 ], [ 77.836082160048448, 10.634421031201661 ], [ 77.835972535041094, 10.634303512817045 ], [ 77.835757735280225, 10.634203990274278 ], [ 77.830681152590415, 10.632829007148796 ], [ 77.830653083831038, 10.632842928574087 ], [ 77.830640617909864, 10.63284911234244 ], [ 77.830626368832839, 10.632856179001626 ], [ 77.829936269556839, 10.633249317724445 ], [ 77.829246187348829, 10.633642464769645 ], [ 77.82924616039935, 10.633642482427424 ], [ 77.828478417038411, 10.63413956776577 ], [ 77.827166776112293, 10.635047932885309 ], [ 77.825448325024908, 10.636485099648299 ], [ 77.824991308920744, 10.636986758083188 ], [ 77.824909442753963, 10.637083865044989 ], [ 77.824854140668435, 10.637149476169199 ], [ 77.82469156087339, 10.637347834187414 ], [ 77.824502208587901, 10.637578855888998 ], [ 77.824432154368793, 10.637690734076996 ], [ 77.824323890309074, 10.637863608398366 ], [ 77.823903351195312, 10.638704309567117 ], [ 77.823683880195006, 10.639178927261691 ], [ 77.823572730746577, 10.639349514100809 ], [ 77.823418829575488, 10.639585714976148 ], [ 77.82307142320731, 10.640019577130042 ], [ 77.82245898957585, 10.640593529631847 ], [ 77.822458968914617, 10.640593547289217 ], [ 77.821992808859164, 10.640991228988309 ], [ 77.821992781909714, 10.64099125106001 ], [ 77.821270675660145, 10.641560633785694 ], [ 77.820132546127752, 10.642618192996842 ], [ 77.81962278723833, 10.643110925327978 ], [ 77.819524695700892, 10.643205736666998 ], [ 77.819369318597751, 10.643363914414689 ], [ 77.819220644723302, 10.643582736615437 ], [ 77.819163581041522, 10.643666733660053 ], [ 77.819099560806137, 10.64375710139492 ], [ 77.818999016867977, 10.643928893423901 ], [ 77.81899899441008, 10.643928935801116 ], [ 77.818948743551417, 10.644046371019838 ], [ 77.818948725585102, 10.644046411631336 ], [ 77.818903004930405, 10.644136808387977 ], [ 77.818902979777576, 10.644136850765204 ], [ 77.818724693838107, 10.644398929784728 ], [ 77.8186698454018, 10.64448480091043 ], [ 77.81861048742276, 10.644539017171377 ], [ 77.818240256659863, 10.644769524016958 ], [ 77.817924897689494, 10.644981904775507 ], [ 77.817376407038253, 10.645347951596946 ], [ 77.81710221156915, 10.645573904952142 ], [ 77.817102177433156, 10.645573929672038 ], [ 77.816654317856703, 10.645858640284187 ], [ 77.816215592350034, 10.646143267642278 ], [ 77.816215556417418, 10.646143289713573 ], [ 77.814903854405856, 10.646938583378093 ], [ 77.814515344723574, 10.647214227618241 ], [ 77.814076612030391, 10.647517003310387 ], [ 77.814076589572508, 10.647517017435982 ], [ 77.813724636830699, 10.647729354786195 ], [ 77.8130298169079, 10.648187396230339 ], [ 77.812956834180937, 10.64823550341834 ], [ 77.813162395667419, 10.648556489433131 ], [ 77.813482195908534, 10.648958877781505 ], [ 77.813482228247906, 10.648958913978111 ], [ 77.814039562813107, 10.649596386063136 ], [ 77.814135770583405, 10.649689136596709 ], [ 77.814395980181885, 10.649939954613119 ], [ 77.814434981438225, 10.649976059296181 ], [ 77.814464435399799, 10.650003326733685 ], [ 77.814469223420261, 10.650017408934897 ], [ 77.814473649419654, 10.650030423780404 ], [ 77.814473624266839, 10.650111792596114 ], [ 77.814476408145879, 10.650176277943212 ], [ 77.814478113148297, 10.650215787714782 ], [ 77.814482628979249, 10.650536706313316 ], [ 77.814491691183832, 10.65090284357492 ], [ 77.814422924250479, 10.651888237393964 ], [ 77.814422921555561, 10.651888277121586 ], [ 77.814299213659481, 10.653370928319529 ], [ 77.814299211862846, 10.653370968046922 ], [ 77.814253446292355, 10.653768685160623 ], [ 77.814264479400705, 10.654230286802811 ], [ 77.814276029040286, 10.654713477296232 ], [ 77.814262148272533, 10.655617532956905 ], [ 77.814243655554094, 10.65654420384284 ], [ 77.814261732352549, 10.657272022896787 ], [ 77.814250047965629, 10.657452363594027 ], [ 77.81423889178815, 10.657624545169469 ], [ 77.814215446657542, 10.657884856660676 ], [ 77.814188410960753, 10.658185043036401 ], [ 77.814175853411413, 10.658413511726588 ], [ 77.814165547938472, 10.658600962833679 ], [ 77.814167898829524, 10.658741373862926 ], [ 77.814183566346415, 10.659676840420623 ], [ 77.814178936429443, 10.659884689019639 ], [ 77.814178934632807, 10.659884731394641 ], [ 77.814142285165858, 10.660160486629721 ], [ 77.814134305431182, 10.660247392381681 ], [ 77.814128579569584, 10.660309632358771 ], [ 77.814114868583374, 10.660390951639048 ], [ 77.814091895966598, 10.660852026797759 ], [ 77.81409189327168, 10.660852067407005 ], [ 77.814068993418445, 10.661254398900544 ], [ 77.814064240432302, 10.662009260299232 ], [ 77.814036715153676, 10.662434163594265 ], [ 77.814035195204212, 10.662520534599972 ], [ 77.814032020558003, 10.662700894257846 ], [ 77.814048158792062, 10.662932462613817 ], [ 77.814059424564064, 10.663094116308082 ], [ 77.814091618387209, 10.663375756928234 ], [ 77.814109560438368, 10.663532638841845 ], [ 77.814109519115874, 10.663772225049881 ], [ 77.814123196864372, 10.663975658613669 ], [ 77.81416942327057, 10.664242655414451 ], [ 77.814177971638827, 10.664292034829042 ], [ 77.81426015311429, 10.664703426351542 ], [ 77.814282985593849, 10.66482548825128 ], [ 77.814397122838926, 10.66520071614887 ], [ 77.814444731752317, 10.665336470028366 ], [ 77.814511253795757, 10.66552618830627 ], [ 77.814602609765203, 10.665810965895853 ], [ 77.814602625036557, 10.665811007387219 ], [ 77.814936051822258, 10.666642786726067 ], [ 77.81493606439868, 10.666642820272218 ], [ 77.814970665706781, 10.666731826985258 ], [ 77.814981767985373, 10.666760385330623 ], [ 77.815269478607959, 10.667470089807612 ], [ 77.815269489387745, 10.667470119822481 ], [ 77.81540651660454, 10.667890535334871 ], [ 77.815511562898919, 10.668166302736058 ], [ 77.81551157367872, 10.668166330102503 ], [ 77.815548107263012, 10.668261248403386 ], [ 77.815940939638423, 10.669120189660717 ], [ 77.816087111704832, 10.669454727356344 ], [ 77.816119071966, 10.669594864127836 ], [ 77.816132507169385, 10.669680033396796 ], [ 77.816141913428723, 10.669739555117751 ], [ 77.816151795795165, 10.669847546072388 ], [ 77.816160119584609, 10.669938421583051 ], [ 77.816169692032275, 10.670056036569003 ], [ 77.816182942182692, 10.670218712271284 ], [ 77.816181156331922, 10.670309993750937 ], [ 77.816178296096069, 10.670458264081482 ], [ 77.816194193581637, 10.670571652107922 ], [ 77.816201123185749, 10.670620963403708 ], [ 77.816246300359708, 10.670875895586589 ], [ 77.816306096716573, 10.671213189154786 ], [ 77.816351725743147, 10.671520549966608 ], [ 77.816351730234686, 10.671520584394967 ], [ 77.816379132444126, 10.671755638307404 ], [ 77.816370722416423, 10.671874073573917 ], [ 77.816365339711254, 10.671950023357738 ], [ 77.81633333183936, 10.672072062045418 ], [ 77.816301321272533, 10.672162462839989 ], [ 77.816255599719526, 10.672248339376756 ], [ 77.816255577261629, 10.672248381750038 ], [ 77.816173314937799, 10.672397462406822 ], [ 77.81617329966646, 10.6723974897729 ], [ 77.816091008596544, 10.672551166970694 ], [ 77.815976697976623, 10.672795254407792 ], [ 77.815944697291258, 10.672912793252841 ], [ 77.815930946779218, 10.673057419104119 ], [ 77.815930955762354, 10.6731975851123 ], [ 77.815940053001228, 10.673306050653798 ], [ 77.81595488059331, 10.673373263270607 ], [ 77.815971976431484, 10.67345069220792 ], [ 77.816008527083781, 10.67355466787579 ], [ 77.816093717915422, 10.673740149015872 ], [ 77.816236973152115, 10.674051974979786 ], [ 77.816529279555681, 10.674689386562187 ], [ 77.816757665436882, 10.675177587820738 ], [ 77.816757685199818, 10.67517763460746 ], [ 77.816826205994744, 10.675349418615603 ], [ 77.816848085361784, 10.67542088660303 ], [ 77.816871921259533, 10.675498637228833 ], [ 77.816903874334187, 10.675656825563216 ], [ 77.81692665471148, 10.675801470412546 ], [ 77.816954056022581, 10.67606364840597 ], [ 77.816975145770542, 10.676198519967182 ], [ 77.81699509465804, 10.676325850007814 ], [ 77.817022099812093, 10.676448080264208 ], [ 77.817027060309101, 10.676470514842373 ], [ 77.81725541564758, 10.677175729876204 ], [ 77.817300624262586, 10.677352802264611 ], [ 77.817360487094803, 10.677587093375244 ], [ 77.817439001647273, 10.67791115309897 ], [ 77.817497431666624, 10.678152175704087 ], [ 77.817523209721998, 10.678275153805743 ], [ 77.817547687016869, 10.678391776876126 ], [ 77.817588712177582, 10.678730772006586 ], [ 77.817588716669135, 10.678730799372078 ], [ 77.817652612936982, 10.679083365629502 ], [ 77.817652619225186, 10.679083400939779 ], [ 77.817702854812509, 10.67941342384983 ], [ 77.817539311125159, 10.679388688143966 ], [ 77.817104180676253, 10.679322875143361 ], [ 77.817104137557124, 10.679322868081321 ], [ 77.816601424154427, 10.679218784042284 ], [ 77.816244974446334, 10.67910570644087 ], [ 77.816041068554938, 10.679040751418835 ], [ 77.815847432203867, 10.678979073177699 ], [ 77.815847384593155, 10.678979056405323 ], [ 77.815522924790642, 10.678852411613558 ], [ 77.815216760077192, 10.678689613414502 ], [ 77.814951713949256, 10.678522304232045 ], [ 77.814837515618734, 10.678413820248647 ], [ 77.81483748507604, 10.678413787586539 ], [ 77.814599598612375, 10.67813132403818 ], [ 77.814174971265786, 10.677627135423785 ], [ 77.814139473439013, 10.6775970006048 ], [ 77.814079011430508, 10.677545718351693 ], [ 77.81389622223648, 10.677455272371759 ], [ 77.813848996005376, 10.67745526089586 ], [ 77.813804771045611, 10.677455285613185 ], [ 77.813759109679751, 10.677482366973953 ], [ 77.813663103132058, 10.677613432322097 ], [ 77.813393369594962, 10.677997602688373 ], [ 77.813100783815315, 10.678395328215291 ], [ 77.81292248709606, 10.678643904198376 ], [ 77.812821943157886, 10.678820153883835 ], [ 77.81263906233572, 10.679055170372061 ], [ 77.81263903628458, 10.679055195972015 ], [ 77.812584221085928, 10.679095884887925 ], [ 77.812547922860247, 10.679111549408448 ], [ 77.812511052407743, 10.679127492879331 ], [ 77.812241380854374, 10.679235920111532 ], [ 77.811852867578835, 10.679403085894545 ], [ 77.810906732277189, 10.679778059223173 ], [ 77.810445090747635, 10.679958767043123 ], [ 77.810371974171716, 10.680017495803579 ], [ 77.81037195440878, 10.680017515224172 ], [ 77.810157119613635, 10.680297700398 ], [ 77.810097690667689, 10.680392641393464 ], [ 77.809987904861885, 10.680623158158875 ], [ 77.80993761357901, 10.680695465286115 ], [ 77.809913131792584, 10.680698150618381 ], [ 77.80989652373961, 10.680699991156803 ], [ 77.809896479722156, 10.680699980563748 ], [ 77.809855348560248, 10.68069544674829 ], [ 77.809800506412159, 10.680690912932768 ], [ 77.809721496887974, 10.680678221603385 ], [ 77.809631377898654, 10.680663776244597 ], [ 77.809421182003661, 10.680663704741669 ], [ 77.808950407302575, 10.680645527987856 ], [ 77.808488840333183, 10.680654444669559 ], [ 77.808283166557302, 10.680676998108718 ], [ 77.808159755105251, 10.680717644435296 ], [ 77.808111217333845, 10.680738212560238 ], [ 77.808031788296432, 10.680771872779273 ], [ 77.80755193611941, 10.680627087290025 ], [ 77.806720115030942, 10.680726343075078 ], [ 77.806098527566718, 10.680830160006565 ], [ 77.805102143203044, 10.681037853790185 ], [ 77.80437089929039, 10.681155187297328 ], [ 77.804370869645993, 10.681155192593829 ], [ 77.803977836047949, 10.681231986616158 ], [ 77.80342933192199, 10.681390015718973 ], [ 77.802638588994824, 10.681688159163079 ], [ 77.801728989972403, 10.682054076204846 ], [ 77.801061668378793, 10.682279917560804 ], [ 77.800179529956296, 10.682537344316803 ], [ 77.799114532271204, 10.682858041677466 ], [ 77.798291827286221, 10.683129015433835 ], [ 77.798084428745014, 10.683215454710965 ], [ 77.797619900928453, 10.68340908739461 ], [ 77.796554899650076, 10.68379755027415 ], [ 77.795553879979536, 10.684249302610102 ], [ 77.795274483264933, 10.68435526339956 ], [ 77.794708260768274, 10.68457001140416 ], [ 77.794392875746752, 10.684673888813716 ], [ 77.794141486706096, 10.68473258311832 ], [ 77.794087304819726, 10.684738260905204 ], [ 77.793410209555788, 10.684809219991122 ], [ 77.792436687316069, 10.684926469063786 ], [ 77.791868692443416, 10.684998219040516 ], [ 77.791865377659988, 10.68499863304543 ], [ 77.791812678892171, 10.68500576999611 ], [ 77.7916323079629, 10.6850301989339 ], [ 77.791632272030284, 10.685030201582094 ], [ 77.790923844427553, 10.685066166158387 ], [ 77.790224574250828, 10.685120204819745 ], [ 77.789999662154841, 10.685138399843275 ], [ 77.789278457813822, 10.685196724190401 ], [ 77.788940239414416, 10.685232799972068 ], [ 77.788789441922617, 10.685237299292988 ], [ 77.78857460982239, 10.685201041667559 ], [ 77.78787086423894, 10.685024567937658 ], [ 77.787870837289489, 10.685024561758476 ], [ 77.786838039715761, 10.6848524592553 ], [ 77.785818907314123, 10.684648705103941 ], [ 77.785014579164908, 10.68454451342992 ], [ 77.78378510803617, 10.684485337112266 ], [ 77.783556645798143, 10.684490166589468 ], [ 77.783360068362839, 10.684494323417788 ], [ 77.782930492197337, 10.684543900807659 ], [ 77.782537435243086, 10.684498578230334 ], [ 77.782537419073392, 10.684498545568925 ], [ 77.782532943666666, 10.68449145539161 ], [ 77.782514624323085, 10.684462399963422 ], [ 77.782501095694897, 10.683770766078075 ], [ 77.781555102327061, 10.683562521565484 ], [ 77.781555067292771, 10.683562515386276 ], [ 77.780216107700568, 10.683227576563914 ], [ 77.778831378046249, 10.682879060740637 ], [ 77.778326290396308, 10.68275249437364 ], [ 77.777675212139656, 10.682589353110631 ], [ 77.777195404878384, 10.682467165931262 ], [ 77.777195373437351, 10.682467157986528 ], [ 77.777012538429275, 10.682421932201496 ], [ 77.7768151695782, 10.682265581738868 ], [ 77.776738439079878, 10.682204811617286 ], [ 77.776185605074261, 10.681675757417144 ], [ 77.775737829041091, 10.681323007907839 ], [ 77.775029597271086, 10.680861701611194 ], [ 77.774857368671576, 10.68080821391211 ], [ 77.774490373640347, 10.680694217074429 ], [ 77.773192553294876, 10.680323098977604 ], [ 77.773109883135888, 10.680323107805131 ], [ 77.773028020562364, 10.680323114867134 ], [ 77.77284974270772, 10.680431537258912 ], [ 77.772520544292064, 10.680720731419623 ], [ 77.772099939601318, 10.681131890617372 ], [ 77.772017654819592, 10.681168062218962 ], [ 77.770669477614248, 10.68100032714975 ], [ 77.770599794399345, 10.680872540037063 ], [ 77.770422894560312, 10.680548137432762 ], [ 77.770190064713418, 10.680231773719067 ], [ 77.770116763982855, 10.680132179677686 ], [ 77.769678088781859, 10.680041665612826 ], [ 77.76855120885179, 10.679803288357288 ], [ 77.767708487605645, 10.679625015084127 ], [ 77.76735202442282, 10.679557111769578 ], [ 77.767351985795273, 10.679557102942038 ], [ 77.767018354193667, 10.679457485727809 ], [ 77.76654772142642, 10.679281028964285 ], [ 77.766191324718946, 10.679068465575041 ], [ 77.765834933401308, 10.678788073585046 ], [ 77.76597034993884, 10.678634885940468 ], [ 77.766182478109997, 10.678394948628977 ], [ 77.767179198443628, 10.677215498322619 ], [ 77.767179220003186, 10.677215473605294 ], [ 77.767595279218597, 10.676759123086912 ], [ 77.767595262150621, 10.676759099252319 ], [ 77.766147124013699, 10.675126727122699 ], [ 77.765530380265488, 10.67448007561811 ], [ 77.765315664047961, 10.674290138702313 ], [ 77.765315630810292, 10.674290103391476 ], [ 77.765059822058419, 10.674175291076367 ], [ 77.764579939338688, 10.673959908956668 ], [ 77.763666091285003, 10.673588860319736 ], [ 77.7629350081708, 10.673195313734732 ], [ 77.762258760018156, 10.672856065253207 ], [ 77.762101201805535, 10.672725135566637 ], [ 77.76200290275726, 10.672643450583244 ], [ 77.762000685715151, 10.672634031367171 ], [ 77.761971012564672, 10.67250784120945 ], [ 77.762053611756755, 10.672382435787569 ], [ 77.762098975780262, 10.672313561566186 ], [ 77.762259098683032, 10.671979094989592 ], [ 77.761692497097343, 10.671703123593023 ], [ 77.761171682641702, 10.671377493848654 ], [ 77.761043700561501, 10.671323164074359 ], [ 77.760897472799542, 10.671345667004756 ], [ 77.760508867895837, 10.67167550057416 ], [ 77.760147675083047, 10.671978261647574 ], [ 77.759599123346376, 10.672348695189493 ], [ 77.759164820245857, 10.672588107608599 ], [ 77.758689486594747, 10.672804879305476 ], [ 77.75839692866289, 10.672859008425078 ], [ 77.756742882289814, 10.672112533850177 ], [ 77.756742854442038, 10.672112522374075 ], [ 77.755998040578717, 10.671786750058111 ], [ 77.755682774134797, 10.671614863399995 ], [ 77.755098259244065, 10.670556821375964 ], [ 77.75455939493942, 10.669602832140443 ], [ 77.754143796559717, 10.668870380582192 ], [ 77.753737325063341, 10.668278087590704 ], [ 77.753737297215565, 10.668278048748013 ], [ 77.753550026326579, 10.66802482611536 ], [ 77.753540956935495, 10.667898296819407 ], [ 77.753616390266515, 10.659848529011249 ], [ 77.753617500584241, 10.659730020203646 ], [ 77.753617509567377, 10.659711953433019 ], [ 77.75368184780632, 10.65886214924309 ], [ 77.753681849602955, 10.658862121875805 ], [ 77.753746087230624, 10.658306144396844 ], [ 77.753794310591715, 10.657963574923359 ], [ 77.753883525875821, 10.657329826428608 ], [ 77.753934118094321, 10.656665364122157 ], [ 77.753934119890943, 10.656665337637499 ], [ 77.75404881409149, 10.655603131431935 ], [ 77.754048817684748, 10.655603084642211 ], [ 77.75405621441277, 10.655463901058759 ], [ 77.754076437286471, 10.655083299752466 ], [ 77.754080026954327, 10.654976691362355 ], [ 77.754085739341249, 10.654807600834017 ], [ 77.754136104285934, 10.65450018959357 ], [ 77.754461105772592, 10.653157810063259 ], [ 77.754625971780058, 10.652357782099243 ], [ 77.754625976271612, 10.652357755614229 ], [ 77.754653512330037, 10.65214530672092 ], [ 77.754662812588151, 10.65180178833107 ], [ 77.754530460204109, 10.651385821285862 ], [ 77.754447763095669, 10.65122216086492 ], [ 77.754375138796533, 10.651078433959981 ], [ 77.753612360424171, 10.650192119638035 ], [ 77.753342873025446, 10.649889147081652 ], [ 77.753256112836979, 10.649676660270382 ], [ 77.753169503565488, 10.6492426494173 ], [ 77.753000605919055, 10.648899005922152 ], [ 77.752630613209703, 10.648483017256982 ], [ 77.752630586260267, 10.648482993420151 ], [ 77.751822011774706, 10.647795525110858 ], [ 77.750995159268086, 10.647166899825116 ], [ 77.750373837705169, 10.646691954667398 ], [ 77.749889666428274, 10.646334648811331 ], [ 77.749755820145921, 10.646213028871523 ], [ 77.749665782004968, 10.646131214057149 ], [ 77.74960992386228, 10.646006690333053 ], [ 77.749556262998809, 10.645887064627836 ], [ 77.749405726916734, 10.64517274724914 ], [ 77.74940572242518, 10.64517271988062 ], [ 77.749346495600179, 10.644765900774038 ], [ 77.749246160969449, 10.644327337976183 ], [ 77.749154833746104, 10.644151041829041 ], [ 77.749154819373047, 10.644151017991852 ], [ 77.749008714680286, 10.643947580897482 ], [ 77.74900869491735, 10.643947558826037 ], [ 77.748987906105057, 10.643927231883447 ], [ 77.748941680597184, 10.643882032153112 ], [ 77.748348698186533, 10.643007508707985 ], [ 77.748120102099548, 10.642650461626376 ], [ 77.748111079420838, 10.642636367607585 ], [ 77.747891506012564, 10.642293413243817 ], [ 77.747525705740671, 10.641742099723791 ], [ 77.747000016127998, 10.641091404404143 ], [ 77.746679919442798, 10.64068919372148 ], [ 77.745911881434438, 10.639907489673048 ], [ 77.74511195503014, 10.638999200824317 ], [ 77.745111923589121, 10.638999166392281 ], [ 77.744682168658855, 10.638524692326493 ], [ 77.743873060574046, 10.637476248757537 ], [ 77.743873022844795, 10.637476203730767 ], [ 77.743770552918647, 10.637356708876407 ], [ 77.743415793839915, 10.636943028200793 ], [ 77.743159908731229, 10.636762291314632 ], [ 77.743159881781764, 10.636762275422786 ], [ 77.742826197179596, 10.636595097702768 ], [ 77.74216346687534, 10.636256344357145 ], [ 77.741819706768965, 10.636078936410755 ], [ 77.741132807292004, 10.635724450406618 ], [ 77.741130534554344, 10.63572327793848 ], [ 77.741079070970031, 10.635698240268463 ], [ 77.740536484046856, 10.635434267050107 ], [ 77.740198402191339, 10.635653112597819 ], [ 77.740047563377033, 10.635750765605529 ], [ 77.73986214930575, 10.635826758830154 ], [ 77.739650083118335, 10.63591368829657 ], [ 77.73940795480992, 10.635968062351324 ], [ 77.739140705114551, 10.635928455382118 ], [ 77.739042279403847, 10.635913868404513 ], [ 77.738014067729637, 10.635674615208858 ], [ 77.737621036826525, 10.635498398816683 ], [ 77.737259995828978, 10.635347798312404 ], [ 77.737004014600586, 10.635241019686411 ], [ 77.736743569643508, 10.635173284815158 ], [ 77.736496551805018, 10.635164313828319 ], [ 77.73587984488772, 10.635141901810451 ], [ 77.734938520962743, 10.635124154952013 ], [ 77.734938485030156, 10.635124156717806 ], [ 77.734248493551988, 10.635196700670051 ], [ 77.73383711725414, 10.634812688192742 ], [ 77.733360737065709, 10.634575831169048 ], [ 77.733037375902796, 10.634415053177706 ], [ 77.731958660943306, 10.633683094420524 ], [ 77.73156557973455, 10.633176996680398 ], [ 77.73143295426263, 10.632824418764141 ], [ 77.731291121059044, 10.632539665966359 ], [ 77.731158316822388, 10.63183462214727 ], [ 77.73107037894259, 10.631243348414529 ], [ 77.731039304420307, 10.631034452593648 ], [ 77.730906655592165, 10.630677393264664 ], [ 77.730906642117446, 10.630677370309341 ], [ 77.730742140825996, 10.630514731764601 ], [ 77.730574740671116, 10.63045732839848 ], [ 77.730294281249513, 10.630361151668454 ], [ 77.729330105082028, 10.630284634407015 ], [ 77.729330065556155, 10.630284630875416 ], [ 77.72859437138959, 10.630203456304628 ], [ 77.728151112984008, 10.630176528778586 ], [ 77.727091033575093, 10.630267236893934 ], [ 77.727069146123199, 10.630269909427483 ], [ 77.726939657568266, 10.630285716840419 ], [ 77.725569407858046, 10.630453001315933 ], [ 77.725144094198583, 10.630544180816468 ], [ 77.724449959690332, 10.630692987878287 ], [ 77.723759968212164, 10.630774549027777 ], [ 77.723082489367599, 10.630840371637994 ], [ 77.722640459857331, 10.630883324563003 ], [ 77.722363732037408, 10.630914097041231 ], [ 77.721621499033915, 10.63099665315579 ], [ 77.720801044328752, 10.631176431100441 ], [ 77.720547680791043, 10.631231959943902 ], [ 77.720547659231499, 10.631299769853117 ], [ 77.720456406568303, 10.631715660117484 ], [ 77.720384680584417, 10.631999898074286 ], [ 77.720328658948375, 10.632221914787184 ], [ 77.720328648168604, 10.632221955400247 ], [ 77.720155247267613, 10.633175870995647 ], [ 77.719936213746834, 10.634075430416278 ], [ 77.719593836147652, 10.635327690634723 ], [ 77.719625884443744, 10.635463311266674 ], [ 77.719923025580144, 10.636010145798902 ], [ 77.720229411279149, 10.636877997966756 ], [ 77.720517532431799, 10.63759664233411 ], [ 77.720690688092716, 10.637816759438715 ], [ 77.720901532571361, 10.638084707068252 ], [ 77.721559823401449, 10.639029270600004 ], [ 77.721559847655968, 10.639029303266298 ], [ 77.722574637601525, 10.640199828273571 ], [ 77.723054240945174, 10.640758993279194 ], [ 77.723059144848335, 10.640764723092916 ], [ 77.723025569416251, 10.640774484081982 ], [ 77.722805905278136, 10.640838341036787 ], [ 77.722561119753138, 10.64090951430239 ], [ 77.721985437098255, 10.641095017979195 ], [ 77.721108101069277, 10.641276040995347 ], [ 77.720820401226476, 10.641336838713061 ], [ 77.720422646083293, 10.641420914951492 ], [ 77.719929216769074, 10.641515988144306 ], [ 77.719929175446566, 10.64151599873867 ], [ 77.719175244581436, 10.641746678262784 ], [ 77.717950659389487, 10.642262390297175 ], [ 77.717598897988864, 10.642375466578429 ], [ 77.717155537175358, 10.642339398958192 ], [ 77.716442600928175, 10.64226735728843 ], [ 77.715469214334092, 10.642068691701532 ], [ 77.714765387902247, 10.64182923409472 ], [ 77.714107335125689, 10.641526591363309 ], [ 77.71394291737758, 10.64175721614177 ], [ 77.713481626190955, 10.642941664002773 ], [ 77.713230425796482, 10.643492472123537 ], [ 77.712823981249571, 10.644383741986223 ], [ 77.712321655919098, 10.645568223785768 ], [ 77.712321644241015, 10.64556825556849 ], [ 77.712244028003823, 10.645871129126775 ], [ 77.711911802265647, 10.646581769559267 ], [ 77.711819242553716, 10.646779771832824 ], [ 77.71181922638408, 10.64677980979539 ], [ 77.711444760962948, 10.647652291867393 ], [ 77.711125034383642, 10.64829877701461 ], [ 77.710873815124529, 10.648827718869228 ], [ 77.710649925311344, 10.649202462378504 ], [ 77.71037140894569, 10.649668690853355 ], [ 77.709814072583853, 10.650477968330485 ], [ 77.709814056414174, 10.6504779904015 ], [ 77.709462252792719, 10.650857718154786 ], [ 77.709190080329648, 10.651094259716842 ], [ 77.708749485428839, 10.651477217002693 ], [ 77.708091622196832, 10.652006253982664 ], [ 77.707200600334517, 10.65272069129883 ], [ 77.707575461912668, 10.653208763599679 ], [ 77.707575482573944, 10.653208798912971 ], [ 77.707292192560871, 10.653593060130225 ], [ 77.707292167408056, 10.653593091029302 ], [ 77.706794277060155, 10.654108519933692 ], [ 77.706504660212531, 10.654435778436589 ], [ 77.706150090678321, 10.654836448982746 ], [ 77.705445046130961, 10.65559028456128 ], [ 77.705240910270845, 10.655808552396206 ], [ 77.704797723730479, 10.656301349031631 ], [ 77.704263164152664, 10.656911766701723 ], [ 77.703614479007896, 10.657680349049208 ], [ 77.703399027968473, 10.657915480748382 ], [ 77.703038728081083, 10.658308761067094 ], [ 77.702632159566647, 10.658733789590855 ], [ 77.70221174442041, 10.659072910805044 ], [ 77.701914759590835, 10.659339729164405 ], [ 77.701585191967595, 10.659679058930337 ], [ 77.701238582405125, 10.660036015429965 ], [ 77.700566939914978, 10.660696074867168 ], [ 77.700566916558742, 10.660696096937405 ], [ 77.699694238294526, 10.661460210666833 ], [ 77.6995815410489, 10.66156019572824 ], [ 77.699296735577931, 10.661812894057102 ], [ 77.698935703563563, 10.662102294846962 ], [ 77.698474270443171, 10.662427819755631 ], [ 77.69851054800759, 10.662491523860472 ], [ 77.698739373164969, 10.662893337629175 ], [ 77.699114320981394, 10.663602996393132 ], [ 77.699443461006553, 10.66422675442022 ], [ 77.699653752123012, 10.66462897904748 ], [ 77.699653764699406, 10.664629002000245 ], [ 77.699955543837646, 10.665216527929648 ], [ 77.700289335339335, 10.665917179413077 ], [ 77.700659676594995, 10.666708154012962 ], [ 77.700763977287693, 10.666931068838297 ], [ 77.700970606871024, 10.667372579385654 ], [ 77.701104077657632, 10.667562876387034 ], [ 77.701167130407427, 10.667652735606117 ], [ 77.7013419236971, 10.667956052427787 ], [ 77.701372894913149, 10.668009791334931 ], [ 77.701372920065964, 10.668009832826018 ], [ 77.701766019241035, 10.668583880007427 ], [ 77.702186690407132, 10.669374762925406 ], [ 77.70227317930437, 10.669557561184627 ], [ 77.702319321268916, 10.669655049719227 ], [ 77.702319327557134, 10.669839411220069 ], [ 77.702319371574589, 10.670034790626447 ], [ 77.70230344264796, 10.671009373773664 ], [ 77.702292357437386, 10.671689258675794 ], [ 77.702297148152766, 10.672751527018557 ], [ 77.70230755693197, 10.672914743302467 ], [ 77.702343026910953, 10.673470227980038 ], [ 77.70239347270406, 10.674292871760825 ], [ 77.702435348569367, 10.674609813692223 ], [ 77.702475919182532, 10.674916677602146 ], [ 77.702482704157859, 10.675076035024974 ], [ 77.702494239424411, 10.675346110884764 ], [ 77.702549259438925, 10.675924681632969 ], [ 77.702601254825893, 10.676054553270863 ], [ 77.702636165154459, 10.676141685766117 ], [ 77.702681143800774, 10.676209001039449 ], [ 77.702814370245605, 10.676408286117182 ], [ 77.703111495212326, 10.676561909204199 ], [ 77.703111539229795, 10.676561928625011 ], [ 77.703614322701043, 10.676765238873593 ], [ 77.703614361328604, 10.676765253880594 ], [ 77.704107840948467, 10.676950429390962 ], [ 77.704107868796243, 10.676950439101347 ], [ 77.704907797895487, 10.677198879438203 ], [ 77.705698497703523, 10.67750609030757 ], [ 77.706078800377355, 10.677733495765464 ], [ 77.706265258290998, 10.67784496283962 ], [ 77.706265261884255, 10.677844990205164 ], [ 77.706356805601601, 10.678473256397403 ], [ 77.706356811889819, 10.678473289942243 ], [ 77.706512597726388, 10.679833942017243 ], [ 77.706541296204762, 10.679982868002242 ], [ 77.706585785269212, 10.680213558098291 ], [ 77.706595104391965, 10.681058913585867 ], [ 77.706641004709724, 10.681822849029633 ], [ 77.706741733700866, 10.682555068991 ], [ 77.706859900788288, 10.682917605837583 ], [ 77.706961252311913, 10.683228517569933 ], [ 77.707125935961358, 10.683585681233719 ], [ 77.707519061187568, 10.684200348388051 ], [ 77.707833921592965, 10.684791977424691 ], [ 77.70798087519367, 10.685068069344817 ], [ 77.708245311365545, 10.685471390120084 ], [ 77.708460990577024, 10.685800329149833 ], [ 77.708506886403242, 10.685903017091645 ], [ 77.708634741820987, 10.686189022012801 ], [ 77.70867073821276, 10.68625785160029 ], [ 77.708703299446839, 10.68632003681922 ], [ 77.708608557727104, 10.68644510457988 ], [ 77.708580004775783, 10.686482803563685 ], [ 77.708579987707779, 10.686482829163015 ], [ 77.708232680154339, 10.686609471655977 ], [ 77.707780187965952, 10.686686417894984 ], [ 77.707542588963179, 10.686835655656081 ], [ 77.707477845584009, 10.687083404672038 ], [ 77.70744217078915, 10.687219962657485 ], [ 77.707529078301306, 10.687712672192873 ], [ 77.707620602255716, 10.688038054919833 ], [ 77.707620612137177, 10.688038093760003 ], [ 77.707739611064554, 10.688643736588501 ], [ 77.707755766366631, 10.688887736946782 ], [ 77.707785427838971, 10.689335372614424 ], [ 77.707730720438178, 10.690004373991718 ], [ 77.707593746221988, 10.690379644066121 ], [ 77.707498475394516, 10.690579987941232 ], [ 77.707411065724116, 10.690763903327372 ], [ 77.706958832250521, 10.691830824870095 ], [ 77.706830880713014, 10.692138226611025 ], [ 77.706817276626367, 10.692522408614556 ], [ 77.706798041899489, 10.692664325778793 ], [ 77.706776264940387, 10.692825295440359 ], [ 77.706751517252613, 10.693591661403239 ], [ 77.706744449307948, 10.693810702573968 ], [ 77.706763087553469, 10.695221048695977 ], [ 77.706776911727403, 10.695804209615494 ], [ 77.706841008319529, 10.696224586796564 ], [ 77.706937137038096, 10.696834771576418 ], [ 77.706992233409409, 10.697752432389882 ], [ 77.706992233409409, 10.697752458870951 ], [ 77.706974031745105, 10.698195382841302 ], [ 77.707006239043011, 10.699162807850588 ], [ 77.706983776669333, 10.700437491582695 ], [ 77.707020506086351, 10.701111084078548 ], [ 77.707016287597781, 10.702616284395667 ], [ 77.706952556619939, 10.703597278066043 ], [ 77.706930010702948, 10.705134119868557 ], [ 77.706930008008001, 10.705134156941167 ], [ 77.70682052583274, 10.705794099841789 ], [ 77.706829853938672, 10.706476754356789 ], [ 77.706829853938672, 10.706476791429232 ], [ 77.706811817564372, 10.707385306794675 ], [ 77.706790335252691, 10.707923611592525 ], [ 77.706775395371196, 10.708298434927757 ], [ 77.706729489663516, 10.708571238686947 ], [ 77.706647642361375, 10.709057856657042 ], [ 77.706364420620261, 10.709867035093799 ], [ 77.706177211715058, 10.710739530219016 ], [ 77.706063174183015, 10.711422185066001 ], [ 77.706027186774392, 10.711988863779588 ], [ 77.706022130157663, 10.712068543358651 ], [ 77.70602212656442, 10.712068583078411 ], [ 77.705999541121571, 10.712873111571003 ], [ 77.705999689343585, 10.713492493659514 ], [ 77.706187269252979, 10.71446874315682 ], [ 77.706251454778368, 10.715110655207392 ], [ 77.706274531599703, 10.715965063859311 ], [ 77.70612390927937, 10.716796864624564 ], [ 77.706014343560796, 10.717420591893628 ], [ 77.705859074255514, 10.718157524832053 ], [ 77.705758636318549, 10.718799412291224 ], [ 77.705758630928656, 10.718799444948942 ], [ 77.705571501973495, 10.719834561670893 ], [ 77.705483550618979, 10.720249424337329 ], [ 77.705398065139917, 10.720652827173195 ], [ 77.705187882719613, 10.721376083774986 ], [ 77.70518787463476, 10.721376109371377 ], [ 77.70502350270074, 10.72196834724968 ], [ 77.704807859421834, 10.722914479697138 ], [ 77.704685577152077, 10.723451039293439 ], [ 77.704612568374003, 10.723912196938755 ], [ 77.704498501197534, 10.724680683771982 ], [ 77.704360679870007, 10.725317440832628 ], [ 77.704347843842925, 10.725376754811228 ], [ 77.704347831266503, 10.725376796294439 ], [ 77.704151390375131, 10.725878645998154 ], [ 77.703799634364373, 10.726665225926059 ], [ 77.703615503985645, 10.727072572567188 ], [ 77.703315351696418, 10.727736675957701 ], [ 77.703025067400546, 10.728377264187763 ], [ 77.702899517059805, 10.728654340231214 ], [ 77.702511154701213, 10.729373224667738 ], [ 77.702132054871541, 10.730421991803757 ], [ 77.701891026999348, 10.730867123932603 ], [ 77.701789388913156, 10.731054867433341 ], [ 77.701732336011133, 10.731380658153865 ], [ 77.701670663073628, 10.731733044018281 ], [ 77.701670730447276, 10.73210656338936 ], [ 77.701670773566406, 10.732266354115501 ], [ 77.7017373468138, 10.732527471812285 ], [ 77.701821791145463, 10.732858576847468 ], [ 77.702032247551912, 10.733703759006341 ], [ 77.701604901903238, 10.733622707388989 ], [ 77.701342014426928, 10.733572865306881 ], [ 77.701053222232773, 10.733533777677343 ], [ 77.700441433591664, 10.733451012890598 ], [ 77.699879246327313, 10.733613894647201 ], [ 77.698608531747183, 10.734102334627842 ], [ 77.698608496712907, 10.734102349631982 ], [ 77.69769897584392, 10.7344913088497 ], [ 77.697136792172827, 10.734708358429668 ], [ 77.696195229295981, 10.73514252772946 ], [ 77.695953015647589, 10.735196836358282 ], [ 77.695901693997115, 10.735208445109953 ], [ 77.69547302333342, 10.73530541033961 ], [ 77.695472984705859, 10.735305415635157 ], [ 77.695436375663078, 10.73488495767343 ], [ 77.694901613964348, 10.734971004435087 ], [ 77.694211426653439, 10.735165482223662 ], [ 77.693594270578544, 10.735228892151394 ], [ 77.693100587041116, 10.735165714345747 ], [ 77.692688015983933, 10.735061916029665 ], [ 77.692364593735576, 10.734980578816034 ], [ 77.691980920582765, 10.73492385095745 ], [ 77.691784099704009, 10.734894765062004 ], [ 77.691577819565339, 10.734848693633332 ], [ 77.691258336429485, 10.734777363221141 ], [ 77.690426463238708, 10.734885984130674 ], [ 77.689644761854893, 10.734949444424931 ], [ 77.689068844739708, 10.734931473041444 ], [ 77.688575095625268, 10.73474168168074 ], [ 77.688575092930336, 10.734741648142123 ], [ 77.688712082417879, 10.734303160606459 ], [ 77.689022843810648, 10.733706428864789 ], [ 77.689612401843419, 10.732865517616101 ], [ 77.68997345002748, 10.732417923323544 ], [ 77.689589427430022, 10.732182957038479 ], [ 77.689589394192367, 10.732182937621232 ], [ 77.688757436559968, 10.731690447801105 ], [ 77.687244249616697, 10.730754984392258 ], [ 77.68622932941544, 10.730239836583547 ], [ 77.685145927945115, 10.729674954615959 ], [ 77.685145877639442, 10.72967492902028 ], [ 77.684003067884447, 10.729123660275391 ], [ 77.683555025051689, 10.72895651838086 ], [ 77.683239645420031, 10.728762168989762 ], [ 77.683052041256119, 10.728511863580808 ], [ 77.682402897072222, 10.727645794817073 ], [ 77.682361024800215, 10.727640068407586 ], [ 77.682270415330763, 10.727627718850828 ], [ 77.681996294421808, 10.72771414632002 ], [ 77.681854522303681, 10.727758868434689 ], [ 77.681095658789317, 10.727885575761389 ], [ 77.681095616568484, 10.727885583704927 ], [ 77.680437481146939, 10.727713935374933 ], [ 77.67980200662673, 10.727334306402449 ], [ 77.679463683124467, 10.726882350851191 ], [ 77.67897003102803, 10.726810085632302 ], [ 77.677863790789928, 10.726593288106775 ], [ 77.677863776416913, 10.726593258097759 ], [ 77.67752085623529, 10.725671191233982 ], [ 77.67752083737065, 10.725671149750783 ], [ 77.677091067169073, 10.724884636082521 ], [ 77.676706393293031, 10.724858611925406 ], [ 77.676291139866422, 10.724830548022595 ], [ 77.675587490402719, 10.724780088419791 ], [ 77.674906111971495, 10.724731251071523 ], [ 77.673923288575338, 10.724654529851556 ], [ 77.672917629106351, 10.724017362739653 ], [ 77.672917596766993, 10.724017358326545 ], [ 77.67295272358956, 10.723909260440642 ], [ 77.672999838429561, 10.723764140735605 ], [ 77.673187176692167, 10.723090618918079 ], [ 77.673799422575755, 10.721042864615793 ], [ 77.673799431558933, 10.721042838136734 ], [ 77.673908311862931, 10.720753628591197 ], [ 77.67413298680367, 10.720156806565093 ], [ 77.673278159860772, 10.719596380748603 ], [ 77.672565081679835, 10.719135394819475 ], [ 77.672107905675546, 10.719099341607304 ], [ 77.671688216368068, 10.719074870399968 ], [ 77.671024588646844, 10.719036184263578 ], [ 77.6695665088547, 10.718959452773269 ], [ 77.669470433136752, 10.71849392467993 ], [ 77.669328272946416, 10.718077326978271 ], [ 77.669218989298827, 10.7177571479059 ], [ 77.668876135592555, 10.717296118574032 ], [ 77.668437267253751, 10.716667864831985 ], [ 77.66749109871445, 10.716618192072508 ], [ 77.66749105559532, 10.716618189424542 ], [ 77.666714062281898, 10.716582138560526 ], [ 77.666261530567638, 10.716491779245223 ], [ 77.665521005261496, 10.716320045896103 ], [ 77.664698263445572, 10.7162749187203 ], [ 77.664337076920972, 10.714706462955156 ], [ 77.663994136976427, 10.714114314139623 ], [ 77.663655858389887, 10.714037454299493 ], [ 77.663504918065968, 10.712898389146874 ], [ 77.663504913574371, 10.712898353840529 ], [ 77.663779469267922, 10.712764187067181 ], [ 77.663893492426936, 10.712708466570035 ], [ 77.663875121879371, 10.712568399133936 ], [ 77.663861360587532, 10.712057615133332 ], [ 77.663733315625265, 10.711311688899952 ], [ 77.663733304845493, 10.711311645649459 ], [ 77.663481857414311, 10.710511661384571 ], [ 77.663481846634511, 10.710511619899274 ], [ 77.663393174831114, 10.710208470054001 ], [ 77.663202864043228, 10.709557879811383 ], [ 77.663051945278895, 10.708857174569493 ], [ 77.66300789099904, 10.708689642817571 ], [ 77.662905739974804, 10.708301179154788 ], [ 77.662783880811588, 10.707980885591352 ], [ 77.662677035191706, 10.707700053383713 ], [ 77.662535317870777, 10.707026625584996 ], [ 77.66253531427752, 10.707026595573994 ], [ 77.66252152693454, 10.705900957852302 ], [ 77.662521532324419, 10.705900913718366 ], [ 77.662437974629967, 10.705544650177483 ], [ 77.662361474100379, 10.705218436207799 ], [ 77.662119153552482, 10.70467604596362 ], [ 77.661063200105673, 10.703112050386625 ], [ 77.660482680921291, 10.702230576649368 ], [ 77.660733943299533, 10.701380853432761 ], [ 77.660944097872033, 10.70045863212289 ], [ 77.661263926859263, 10.699165839920017 ], [ 77.661382670665091, 10.698677516581537 ], [ 77.661505824300662, 10.6981053393463 ], [ 77.661579184320033, 10.697764450386018 ], [ 77.661512754803084, 10.697686124643361 ], [ 77.661341503570583, 10.697484238964153 ], [ 77.660883134603608, 10.697054842287278 ], [ 77.660733559718892, 10.696914720833592 ], [ 77.660459303164345, 10.696580208969094 ], [ 77.660308465248363, 10.696164305841267 ], [ 77.660212401208511, 10.695689762048611 ], [ 77.660203437818609, 10.695571205428289 ], [ 77.660175800250585, 10.695205997607355 ], [ 77.660043241254002, 10.694930342140918 ], [ 77.660043225982605, 10.694930314776876 ], [ 77.660001652849601, 10.694870438728744 ], [ 77.659833004036457, 10.694627490076885 ], [ 77.659178295687724, 10.693640195704045 ], [ 77.659014697203119, 10.693393475989934 ], [ 77.658797822333966, 10.693009003792797 ], [ 77.658507329628975, 10.692493999221831 ], [ 77.658627643689925, 10.692224934317681 ], [ 77.658717536303769, 10.692023903890149 ], [ 77.659233863674572, 10.690812402771554 ], [ 77.658968760054449, 10.690184069420109 ], [ 77.658652159612345, 10.689492955254012 ], [ 77.658484215078389, 10.689126364827981 ], [ 77.658300467381977, 10.688762975616523 ], [ 77.658013373901994, 10.688195231294182 ], [ 77.657771123422705, 10.687657266641033 ], [ 77.657752752875155, 10.687458410006776 ], [ 77.657770335600205, 10.687334808882943 ], [ 77.657793900206741, 10.68716917459432 ], [ 77.657940118087225, 10.686671935747087 ], [ 77.657940127070361, 10.686671894258547 ], [ 77.658045196720934, 10.685889827233572 ], [ 77.658067998657799, 10.685415186163651 ], [ 77.658136482621799, 10.684764242604892 ], [ 77.658136442197616, 10.684764221419115 ], [ 77.657949115613093, 10.684633202410495 ], [ 77.657765909600784, 10.684441207992526 ], [ 77.657642865559723, 10.684312248280968 ], [ 77.656874885043536, 10.683236440205123 ], [ 77.657092662719535, 10.683188428591443 ], [ 77.658433410857484, 10.68289284216921 ], [ 77.65843340636593, 10.682892808624853 ], [ 77.658223063147204, 10.682083689760306 ], [ 77.658223052367418, 10.682083653567641 ], [ 77.657939600657599, 10.681206753186933 ], [ 77.657729319422643, 10.680551287977002 ], [ 77.657532844395277, 10.679782921437136 ], [ 77.65753283271718, 10.679782879064922 ], [ 77.65712593541933, 10.678359030931782 ], [ 77.657125921944612, 10.67835899209039 ], [ 77.656737318837529, 10.677079745332748 ], [ 77.656499603053817, 10.676184692331169 ], [ 77.656375183691992, 10.675765622147418 ], [ 77.65616140801059, 10.675045580390771 ], [ 77.655973933204038, 10.674399300359918 ], [ 77.655695050325761, 10.673355098439574 ], [ 77.655619119328065, 10.67334759398145 ], [ 77.655238007272146, 10.673309929561446 ], [ 77.655237981221006, 10.673309928678664 ], [ 77.654424499239056, 10.673273766734981 ], [ 77.653185961414124, 10.673165423004784 ], [ 77.65318592727813, 10.6731654185909 ], [ 77.651106546584316, 10.672953065438609 ], [ 77.651106505261822, 10.672953060141969 ], [ 77.649283039321119, 10.672736202038708 ], [ 77.647230996158015, 10.672582625570874 ], [ 77.646815066300022, 10.67107734079246 ], [ 77.645768546062001, 10.671023220183487 ], [ 77.645325164587206, 10.671005086109373 ], [ 77.643940363966053, 10.670946432409409 ], [ 77.643506252206677, 10.669983542408978 ], [ 77.643140599258501, 10.669920289209795 ], [ 77.642883188810458, 10.669882165317741 ], [ 77.642468786088429, 10.669820789778683 ], [ 77.641650775699134, 10.669662655788695 ], [ 77.641650731681679, 10.66966264784363 ], [ 77.640905771392951, 10.669531649690366 ], [ 77.639895865587619, 10.669337225134338 ], [ 77.639895830553343, 10.669337218072032 ], [ 77.638908644039844, 10.66913843596102 ], [ 77.638465329938697, 10.669057013084391 ], [ 77.63757871880442, 10.668880696826017 ], [ 77.63678805582731, 10.668740623286103 ], [ 77.636166596822164, 10.668894300566439 ], [ 77.635672958200502, 10.669029944214856 ], [ 77.635055988975182, 10.669165602810137 ], [ 77.634742190378432, 10.669220151017919 ], [ 77.634562433896818, 10.669251405156473 ], [ 77.633933063428969, 10.669356277404489 ], [ 77.633259988125957, 10.66946842817746 ], [ 77.632076393060416, 10.669694512823384 ], [ 77.631256786364858, 10.669873364847462 ], [ 77.630088247063497, 10.670128348858512 ], [ 77.627373616428301, 10.670702410579496 ], [ 77.624832615764504, 10.671136386421477 ], [ 77.623990830562889, 10.671484368388954 ], [ 77.62396883890645, 10.67149346012966 ], [ 77.623968813753606, 10.671493468074674 ], [ 77.623530132264392, 10.671579295364801 ], [ 77.623167467112836, 10.671644923775883 ], [ 77.62283091059669, 10.67170583460533 ], [ 77.62174764297535, 10.672022245153482 ], [ 77.620404037296481, 10.672551016898817 ], [ 77.618507451186588, 10.673256186294296 ], [ 77.617762530423718, 10.673536347687548 ], [ 77.617762484609671, 10.673536365343011 ], [ 77.61693075514934, 10.673852758978919 ], [ 77.616501082864119, 10.673916096988851 ], [ 77.616316040695381, 10.673911282350693 ], [ 77.616254625574356, 10.67390969424398 ], [ 77.616174155389487, 10.673907614433231 ], [ 77.615975494761045, 10.673902457279434 ], [ 77.615757860815478, 10.673908063764159 ], [ 77.615449882403496, 10.673915994587318 ], [ 77.614946859082039, 10.674000292232964 ], [ 77.614398736740071, 10.674092144613175 ], [ 77.613707425636747, 10.674220201173995 ], [ 77.613251609681797, 10.674304632916469 ], [ 77.612964264673565, 10.674333217916525 ], [ 77.612585402897452, 10.674370907810086 ], [ 77.612570659746993, 10.674372374092091 ], [ 77.612556476246979, 10.674373810359837 ], [ 77.611455583679771, 10.674485245120906 ], [ 77.610381567807536, 10.674525872854749 ], [ 77.60990894617025, 10.67455670889766 ], [ 77.60954977456683, 10.674580142028308 ], [ 77.609078495012582, 10.674586090132557 ], [ 77.608845915795641, 10.674589029756609 ], [ 77.608420912054939, 10.674652311998607 ], [ 77.608420879715581, 10.674652319943542 ], [ 77.607717035317435, 10.674869317922967 ], [ 77.60709546492123, 10.675031956621861 ], [ 77.606743224718514, 10.67508368333171 ], [ 77.60629565439956, 10.67514940720802 ], [ 77.60593550273417, 10.675215923795919 ], [ 77.605537034328677, 10.675289515754416 ], [ 77.605020620719586, 10.675461145215007 ], [ 77.605020582990335, 10.675461157573764 ], [ 77.604508720246528, 10.675637433822631 ], [ 77.604163830957788, 10.675762831722334 ], [ 77.603800282762322, 10.675895011862934 ], [ 77.602909101898192, 10.676044146345594 ], [ 77.602909058779048, 10.676044149876645 ], [ 77.602474878747699, 10.67605766943384 ], [ 77.60225979062767, 10.67600831223335 ], [ 77.602100181561255, 10.675971686275785 ], [ 77.601863876132484, 10.675921748201215 ], [ 77.601629493996754, 10.675872217073682 ], [ 77.601629458962478, 10.675872210894308 ], [ 77.601044490422495, 10.675808872409203 ], [ 77.600718929285421, 10.675804033083566 ], [ 77.600432042417978, 10.675799768438845 ], [ 77.59971909089947, 10.675872096134693 ], [ 77.59923013699202, 10.675971420563213 ], [ 77.599230096567823, 10.675971432921946 ], [ 77.598910160681058, 10.676111592289841 ], [ 77.598274893671714, 10.676233521609429 ], [ 77.597900117433483, 10.676179236841293 ], [ 77.597242012554659, 10.675993832224655 ], [ 77.597241982910248, 10.675993826045296 ], [ 77.596583901387618, 10.675885253765376 ], [ 77.596213658946638, 10.675907862290035 ], [ 77.595884642888976, 10.676007209658778 ], [ 77.595267704206378, 10.67627840403726 ], [ 77.594943090791929, 10.676450121215893 ], [ 77.594074705576432, 10.677272696020895 ], [ 77.593698594441719, 10.677600010820601 ], [ 77.593274830376117, 10.677968791163616 ], [ 77.592740053406004, 10.678321324760383 ], [ 77.592031649159466, 10.678492913667373 ], [ 77.591656860344841, 10.678669226999025 ], [ 77.591306444620514, 10.678940658229102 ], [ 77.591044314423968, 10.679143715300519 ], [ 77.590477434360551, 10.679676819577379 ], [ 77.589924483573924, 10.680196830799108 ], [ 77.589023983587026, 10.68098327592414 ], [ 77.587917900554132, 10.681982001563888 ], [ 77.586948785449209, 10.68297189999474 ], [ 77.586948750414876, 10.682971928242621 ], [ 77.586674637590804, 10.682732275069863 ], [ 77.58600720640267, 10.683468969234621 ], [ 77.584837455273998, 10.682460809269395 ], [ 77.58294088533377, 10.680986906680625 ], [ 77.582012142314326, 10.680365988427393 ], [ 77.58106741557107, 10.679734372562582 ], [ 77.580558620573939, 10.679401938311766 ], [ 77.580081678040116, 10.679090312926403 ], [ 77.580071091394487, 10.679083395643215 ], [ 77.580071106665869, 10.679083349739859 ], [ 77.580381787210229, 10.678724690687018 ], [ 77.580971598567928, 10.678043793105909 ], [ 77.581073161195633, 10.677936377974323 ], [ 77.581757840037213, 10.67721224092954 ], [ 77.580336717834129, 10.675846838425686 ], [ 77.579304047821154, 10.674919985337654 ], [ 77.579130463663901, 10.674214712986323 ], [ 77.578870099555189, 10.673401053862145 ], [ 77.578637148435718, 10.672763664296115 ], [ 77.578221335358677, 10.672144320006065 ], [ 77.578088367628638, 10.671951840996877 ], [ 77.577421759297323, 10.67098688229451 ], [ 77.576850684999854, 10.670186691093932 ], [ 77.575932363336037, 10.668834946409547 ], [ 77.575932348962979, 10.668834921691534 ], [ 77.575853982632566, 10.668687890885385 ], [ 77.575448038447249, 10.667926257406874 ], [ 77.575191004393318, 10.667411245625882 ], [ 77.574707968586964, 10.666443469646778 ], [ 77.574059016642551, 10.666854677287631 ], [ 77.573609678439112, 10.666350658890494 ], [ 77.572998927352174, 10.665665628596145 ], [ 77.573163473559404, 10.665448746757766 ], [ 77.573163492424001, 10.665448721156666 ], [ 77.573830928103689, 10.664513161990682 ], [ 77.574781714881865, 10.663378713433856 ], [ 77.573708066420608, 10.661710503428669 ], [ 77.5737080430644, 10.661710467233588 ], [ 77.57259335057779, 10.659888546910894 ], [ 77.572109086774432, 10.659142639940328 ], [ 77.5721090661132, 10.659142601979312 ], [ 77.571926362259134, 10.658690498940071 ], [ 77.571464988427508, 10.657876816832912 ], [ 77.570807089262885, 10.657117292721674 ], [ 77.57080707219491, 10.657117273299617 ], [ 77.570644782555675, 10.656967194630331 ], [ 77.57024961366217, 10.656601776213384 ], [ 77.570190786587489, 10.65658360773255 ], [ 77.570103385001929, 10.656556644574971 ], [ 77.569437683070745, 10.656945273298492 ], [ 77.569422365896841, 10.656954215394048 ], [ 77.568608434757223, 10.657443167261034 ], [ 77.568572293736736, 10.657464877563109 ], [ 77.56844434399585, 10.657116783334137 ], [ 77.568027807775024, 10.656350616733183 ], [ 77.567896232433654, 10.656108616340854 ], [ 77.567896219857261, 10.656108588090518 ], [ 77.567051144126765, 10.654322929986074 ], [ 77.566722226883783, 10.653653790061364 ], [ 77.566302039011347, 10.652835545256929 ], [ 77.566302021045047, 10.652835517889095 ], [ 77.565941110303214, 10.652397025854766 ], [ 77.565406565098456, 10.6517143442871 ], [ 77.565406595641193, 10.651714316919179 ], [ 77.566128702789058, 10.651203641576565 ], [ 77.565469621441508, 10.650437271173057 ], [ 77.565032177830773, 10.64992863923365 ], [ 77.564278421238797, 10.649137468307284 ], [ 77.563976459742562, 10.649227278228736 ], [ 77.563382587999797, 10.649403961656285 ], [ 77.562911983978665, 10.649308953605569 ], [ 77.562034571592875, 10.649028502408251 ], [ 77.561440576780939, 10.648797801026475 ], [ 77.56106143562873, 10.648454142021251 ], [ 77.561061408679294, 10.648454126130016 ], [ 77.56073247167339, 10.647974962086026 ], [ 77.560684042598098, 10.647846322397211 ], [ 77.560545239411994, 10.647477647687388 ], [ 77.560120450368629, 10.646654890819056 ], [ 77.559526514845487, 10.646080636315224 ], [ 77.558676608873725, 10.645443066825001 ], [ 77.557895303646944, 10.645027002814363 ], [ 77.557800379569173, 10.645000943561149 ], [ 77.557433820220865, 10.644900335947487 ], [ 77.55692337232361, 10.644778156587293 ], [ 77.556469653036515, 10.644669586415215 ], [ 77.556058427655657, 10.64445251305218 ], [ 77.555903075705345, 10.644217418636433 ], [ 77.555606116926924, 10.643733635874293 ], [ 77.555199587040065, 10.643408095400968 ], [ 77.555199549310814, 10.643408068032295 ], [ 77.554783830556886, 10.643163899647664 ], [ 77.554783803607435, 10.64316388640475 ], [ 77.554276560899083, 10.642973947606739 ], [ 77.553993146020233, 10.642892330566966 ], [ 77.553741931252702, 10.642820022403502 ], [ 77.553065793592864, 10.642462780872448 ], [ 77.553065765745089, 10.642462773809555 ], [ 77.552743983820434, 10.642179326052887 ], [ 77.552234216846131, 10.641730322301427 ], [ 77.551943766361944, 10.641404834426895 ], [ 77.551749997060227, 10.641187714596134 ], [ 77.551749990772024, 10.641187686344386 ], [ 77.551485082984627, 10.640581914612969 ], [ 77.55127965534713, 10.640052947856466 ], [ 77.551279642770723, 10.640052909010176 ], [ 77.551171788342756, 10.639661543914221 ], [ 77.551156322048527, 10.639605423315279 ], [ 77.550950692290101, 10.639510450174217 ], [ 77.550543994418248, 10.639573594033511 ], [ 77.55000933333082, 10.639618634602797 ], [ 77.549876089817985, 10.639548216774006 ], [ 77.549538707750102, 10.639369939347333 ], [ 77.549196124436719, 10.638967545405345 ], [ 77.549118700439024, 10.638735253417014 ], [ 77.549036357266814, 10.638488325839214 ], [ 77.548913026663129, 10.638036220407638 ], [ 77.549086933315621, 10.637353737109301 ], [ 77.549073333720528, 10.637240304932018 ], [ 77.549054911968994, 10.637086998381525 ], [ 77.548913402158931, 10.636653049065689 ], [ 77.548662147865528, 10.636345599209289 ], [ 77.548662111932941, 10.636345558596773 ], [ 77.548648564440114, 10.636065329438965 ], [ 77.548662294290907, 10.635816675430704 ], [ 77.548694360553299, 10.635676575208645 ], [ 77.548868180967503, 10.635179397022707 ], [ 77.548932253305153, 10.634668628650243 ], [ 77.548900380180569, 10.634248198191065 ], [ 77.548777089102771, 10.633922661720025 ], [ 77.548747839957102, 10.633827311582371 ], [ 77.548667526977454, 10.63356554220193 ], [ 77.548676723031036, 10.633214453286939 ], [ 77.548681361032834, 10.633036705424937 ], [ 77.548681376304188, 10.633036681586908 ], [ 77.548716292920972, 10.632947934311906 ], [ 77.548809408690076, 10.632711243590192 ], [ 77.548809433842891, 10.632625409762856 ], [ 77.548809453605827, 10.632449073302309 ], [ 77.548745563626198, 10.632132632242055 ], [ 77.548635583784247, 10.631952553793916 ], [ 77.548508037386966, 10.631743779414883 ], [ 77.548432000388047, 10.631517912049976 ], [ 77.548398461786917, 10.63141833209353 ], [ 77.548398466278499, 10.631418290597455 ], [ 77.548462607786433, 10.630997934238371 ], [ 77.548462612278001, 10.630997896273806 ], [ 77.548494732439281, 10.630396697146278 ], [ 77.548545616610255, 10.629992374596526 ], [ 77.548590864751105, 10.629632741277295 ], [ 77.548607117071228, 10.629223363987876 ], [ 77.548618492437683, 10.628936656616753 ], [ 77.545984812585999, 10.628752734773169 ], [ 77.54595453037777, 10.628750620220917 ], [ 77.545954506123252, 10.628750579607397 ], [ 77.544712239391572, 10.626381647689215 ], [ 77.54459811382462, 10.626110337374298 ], [ 77.544520470637991, 10.625920510685381 ], [ 77.544520645809456, 10.625613172743311 ], [ 77.544520647606092, 10.625613143607216 ], [ 77.544530169748114, 10.625553043789049 ], [ 77.544580093620013, 10.625237949969696 ], [ 77.544626293975099, 10.625149947372261 ], [ 77.544831592255164, 10.624758830688606 ], [ 77.544934738612724, 10.624341159819645 ], [ 77.54497334910198, 10.624184745989615 ], [ 77.545007998919104, 10.623993885091513 ], [ 77.545083270553391, 10.623579096785988 ], [ 77.54513008894935, 10.623032901293225 ], [ 77.545165786202119, 10.622616305227337 ], [ 77.545083685575051, 10.621978870358276 ], [ 77.54519351719496, 10.621156201013109 ], [ 77.545243895614405, 10.620921113373191 ], [ 77.545243997124004, 10.620627396602993 ], [ 77.545243994429086, 10.620627356871299 ], [ 77.545243160792481, 10.620623876375809 ], [ 77.545180065821881, 10.620360594700431 ], [ 77.545084319785644, 10.619926719615611 ], [ 77.545084312599101, 10.619926686064373 ], [ 77.54488352116681, 10.618904977358747 ], [ 77.544673496850024, 10.618177197431971 ], [ 77.544582272932914, 10.617661818189335 ], [ 77.544613951123097, 10.617475338756748 ], [ 77.544705873031177, 10.616934067970936 ], [ 77.544780154721991, 10.61655053668659 ], [ 77.544847660420686, 10.6162018103817 ], [ 77.544783846797841, 10.615853764425786 ], [ 77.544454928656535, 10.615586911560053 ], [ 77.544454919673399, 10.615586870944776 ], [ 77.544391046761746, 10.615338295620244 ], [ 77.543952747954833, 10.613959445028485 ], [ 77.543952737175076, 10.613959409710652 ], [ 77.543249853075949, 10.611427837143069 ], [ 77.542839119971845, 10.609764251401941 ], [ 77.540897316263809, 10.609393018686452 ], [ 77.539544869365898, 10.609220819608709 ], [ 77.539074275226213, 10.609067013367758 ], [ 77.538653961589617, 10.60890868541065 ], [ 77.538260998958492, 10.608723170130519 ], [ 77.537429465330888, 10.608600918902374 ], [ 77.536625338404292, 10.608550981271211 ], [ 77.535903390258213, 10.608473904931589 ], [ 77.535135770864798, 10.608582113597739 ], [ 77.534395561765635, 10.608536684363527 ], [ 77.533833552367668, 10.60830143691603 ], [ 77.533125561346196, 10.607713591224472 ], [ 77.532326187405758, 10.60690422334253 ], [ 77.532010842808432, 10.607215946358112 ], [ 77.531448630391225, 10.607663303794864 ], [ 77.530913930676235, 10.608115177813252 ], [ 77.530269529597092, 10.608395232177939 ], [ 77.529529264802363, 10.608752109165405 ], [ 77.528523719419411, 10.609447885737969 ], [ 77.527427532227634, 10.608407822327477 ], [ 77.525494875165847, 10.60808171265224 ], [ 77.524617642443104, 10.607896087383173 ], [ 77.523489146443865, 10.607633516128727 ], [ 77.522812937817093, 10.607506700423279 ], [ 77.522091013925532, 10.607275985325296 ], [ 77.520775256020471, 10.606931909620933 ], [ 77.519107409727994, 10.607039784188565 ], [ 77.517224876862372, 10.607269708328094 ], [ 77.514748949259456, 10.605591731408037 ], [ 77.508530688691906, 10.60692886515468 ], [ 77.508441840818719, 10.606947969003352 ], [ 77.508264822402083, 10.606986031890804 ], [ 77.507288915135305, 10.613386487872985 ], [ 77.508668679801005, 10.613694356401904 ], [ 77.509203636434179, 10.612948682597494 ], [ 77.511369041596197, 10.61387071958206 ], [ 77.511615718074935, 10.613975751266665 ], [ 77.512714831079549, 10.61386357036972 ], [ 77.51465910156135, 10.613665071719691 ], [ 77.515070758133589, 10.612517090895372 ], [ 77.515070768913347, 10.612517059992124 ], [ 77.515413527398238, 10.6122369467121 ], [ 77.515413560635892, 10.612236921106563 ], [ 77.515499374000058, 10.612236944946206 ], [ 77.515632915753528, 10.612236942297377 ], [ 77.516012120686113, 10.612485732051304 ], [ 77.51613525006718, 10.612951345570082 ], [ 77.515851659118482, 10.613606651564817 ], [ 77.515851642050507, 10.613606693946281 ], [ 77.515444650429558, 10.614691519921967 ], [ 77.51512908843992, 10.61540551572114 ], [ 77.515001079410254, 10.615776531880487 ], [ 77.514849981881127, 10.616214578563538 ], [ 77.514732122915873, 10.616796524018906 ], [ 77.51465774510531, 10.617163828391602 ], [ 77.514463101742791, 10.617631409910979 ], [ 77.514127227047965, 10.618438300144945 ], [ 77.51377976498425, 10.61887211730371 ], [ 77.511741286381977, 10.620326986079675 ], [ 77.510141254808602, 10.62200340059017 ], [ 77.509761697736437, 10.6227173996137 ], [ 77.50983037393992, 10.623227738575062 ], [ 77.510012357345119, 10.624579915104807 ], [ 77.510348945302297, 10.625674061872724 ], [ 77.510564523004177, 10.626374733623537 ], [ 77.510564434070972, 10.62662337678247 ], [ 77.510564390053503, 10.626623383845731 ], [ 77.508887336927671, 10.626826096145846 ], [ 77.508887304588356, 10.626826099677459 ], [ 77.506735002253023, 10.627024147441064 ], [ 77.507082138228256, 10.627412982441353 ], [ 77.507191569199534, 10.628014231589797 ], [ 77.507223328238084, 10.628511601559696 ], [ 77.507131794402241, 10.629040372895656 ], [ 77.507131766554465, 10.629040405563019 ], [ 77.507056585650005, 10.62912079995793 ], [ 77.506797984035913, 10.629397331722855 ], [ 77.506299790955765, 10.629677433685471 ], [ 77.506299767599543, 10.629677453992167 ], [ 77.505874607552002, 10.63021972459407 ], [ 77.50587459228062, 10.630219751081055 ], [ 77.505435620635581, 10.631091942375072 ], [ 77.505435606262523, 10.631091968861941 ], [ 77.504918915972382, 10.631959622239632 ], [ 77.504918901599325, 10.631959653140909 ], [ 77.504479608357386, 10.633247798271086 ], [ 77.504419939561288, 10.634038833847853 ], [ 77.504375369648457, 10.634458440862568 ], [ 77.504337394268134, 10.634816237391549 ], [ 77.504226552941873, 10.635404567731193 ], [ 77.504071742675677, 10.63622648001944 ], [ 77.503820137141005, 10.63689542070647 ], [ 77.503540986564815, 10.637763175888118 ], [ 77.503618485122672, 10.638210756987709 ], [ 77.503915074693495, 10.639236994672951 ], [ 77.503695263231691, 10.640339874328863 ], [ 77.504023972963836, 10.641067779762286 ], [ 77.504023989133501, 10.641067816842707 ], [ 77.504649422285439, 10.642559763372807 ], [ 77.5046494249804, 10.642559794272991 ], [ 77.504585808088578, 10.642550874709425 ], [ 77.502547448962218, 10.642265108634566 ], [ 77.501025885228941, 10.642029370689711 ], [ 77.500805932731637, 10.643331109081412 ], [ 77.500805901290605, 10.643331121441431 ], [ 77.500805896799022, 10.643331150575833 ], [ 77.500438899072819, 10.643476707772157 ], [ 77.50017976385945, 10.643579503582494 ], [ 77.499492188849402, 10.643841749058677 ], [ 77.498970190414241, 10.644040846973818 ], [ 77.498387432628149, 10.644339393398401 ], [ 77.497267519133146, 10.644913130297528 ], [ 77.496020617094572, 10.645242322418085 ], [ 77.495192983951981, 10.645460837802897 ], [ 77.495009956704422, 10.644674354724447 ], [ 77.494425330422544, 10.644551541382318 ], [ 77.494150782813833, 10.644493874034623 ], [ 77.493172948660771, 10.644675053064132 ], [ 77.492565569849418, 10.64576464640982 ], [ 77.492565853717039, 10.646673270010593 ], [ 77.492565816886113, 10.646673262947765 ], [ 77.491062383850192, 10.646614984185645 ], [ 77.487209951567721, 10.646376777619432 ], [ 77.485377432405571, 10.646377334698903 ], [ 77.484765304201289, 10.646861151227872 ], [ 77.483970572754288, 10.648068381428281 ], [ 77.483970544008173, 10.648068428219164 ], [ 77.483689575241826, 10.648595830791267 ], [ 77.48348641585045, 10.648977172963843 ], [ 77.482508898802664, 10.650003552741065 ], [ 77.482508873649849, 10.650003585406187 ], [ 77.481101043818015, 10.64928075382328 ], [ 77.479144920066048, 10.648250728987319 ], [ 77.479144885930054, 10.648250709564701 ], [ 77.477677714288902, 10.647347062872319 ], [ 77.476899776846096, 10.646539753784452 ], [ 77.476393125229237, 10.646014008300472 ], [ 77.475763973950322, 10.64555678817581 ], [ 77.475479012172528, 10.64534971818934 ], [ 77.474807250206425, 10.645349918597375 ], [ 77.474807211578891, 10.645349923011656 ], [ 77.474500962423775, 10.645110497999079 ], [ 77.474500932779378, 10.645110478576258 ], [ 77.474743065579389, 10.644563390207065 ], [ 77.475048941933636, 10.643654722354254 ], [ 77.474271934247156, 10.643180341169645 ], [ 77.47330880192203, 10.642806368057897 ], [ 77.472864249044122, 10.64263377817147 ], [ 77.472133250371556, 10.64305891243519 ], [ 77.471788016129793, 10.643479188609339 ], [ 77.471338465025624, 10.644026512881773 ], [ 77.470848283121157, 10.644215762394706 ], [ 77.470237175403028, 10.644451707003405 ], [ 77.468770289426161, 10.644266821603619 ], [ 77.467792345678632, 10.644208273992557 ], [ 77.466695521581343, 10.643905733385678 ], [ 77.466142665117815, 10.644267474918454 ], [ 77.465717777259812, 10.644633733600571 ], [ 77.463884932009179, 10.643119937575618 ], [ 77.46266016176429, 10.642998222769927 ], [ 77.461716968445216, 10.643217150293598 ], [ 77.460827874367467, 10.64342355958334 ], [ 77.460339848419693, 10.643281203614832 ], [ 77.459790446876767, 10.643120987297602 ], [ 77.458852917435564, 10.642680882421308 ], [ 77.458154273384579, 10.642352948263943 ], [ 77.457822670178913, 10.642082943779247 ], [ 77.45782266389071, 10.642082907581825 ], [ 77.457740454567499, 10.641647175805744 ], [ 77.457584074944506, 10.641055848694986 ], [ 77.457288546284033, 10.640031071217106 ], [ 77.457107911250077, 10.639400429333515 ], [ 77.456961350213163, 10.639038142591415 ], [ 77.456823340239424, 10.638746899406797 ], [ 77.456372571019742, 10.638268485559186 ], [ 77.455987922296544, 10.638073980126945 ], [ 77.455087195035873, 10.638215346174258 ], [ 77.454419356910961, 10.638536604952428 ], [ 77.452960058104949, 10.639344665366888 ], [ 77.452715465717716, 10.638875713329655 ], [ 77.452622563747653, 10.638697591778609 ], [ 77.452226297112901, 10.637937830046972 ], [ 77.4512009492678, 10.635323881874054 ], [ 77.45119107857947, 10.635298720567533 ], [ 77.451065006317549, 10.634977313586559 ], [ 77.449108564561939, 10.632256473857181 ], [ 77.447582029551867, 10.630742466316232 ], [ 77.445137089334679, 10.629653578605746 ], [ 77.443729670931262, 10.629414265762556 ], [ 77.442262836158349, 10.629414483839081 ], [ 77.440275153692113, 10.629966388222492 ], [ 77.438442845634043, 10.630328321981532 ], [ 77.436363826062973, 10.631115282614021 ], [ 77.434408118230962, 10.631540507976078 ], [ 77.432635086405242, 10.631418703792347 ], [ 77.431597815221394, 10.631057242792698 ], [ 77.43031341390963, 10.629244751391834 ], [ 77.429458806155651, 10.628639227000894 ], [ 77.427685682701764, 10.62730594411358 ], [ 77.426707743445817, 10.626944448225638 ], [ 77.423728443076797, 10.626709815324 ], [ 77.421955388793194, 10.626587968599168 ], [ 77.420305784589189, 10.625923706823176 ], [ 77.417742232618494, 10.625562307302252 ], [ 77.417176530246422, 10.625096702402523 ], [ 77.417006454010306, 10.624956718219618 ], [ 77.416055027631643, 10.624353819945661 ], [ 77.415480178613336, 10.623989548205302 ], [ 77.415539436879371, 10.622597266810882 ], [ 77.415251374117204, 10.621164285072224 ], [ 77.414698472737953, 10.620377811777809 ], [ 77.414388836934236, 10.619650912107312 ], [ 77.414209399354519, 10.619229661036007 ], [ 77.413048617005657, 10.618081602220162 ], [ 77.412909244287619, 10.617699282879322 ], [ 77.412806404255605, 10.617417175381373 ], [ 77.412317436873408, 10.617051103892647 ], [ 77.412208390381053, 10.617086761286416 ], [ 77.411764559748647, 10.617231893060895 ], [ 77.411523104278373, 10.617398035986339 ], [ 77.410969557908714, 10.617778923584194 ], [ 77.41059811172525, 10.618203852306566 ], [ 77.41017916173125, 10.618683124902439 ], [ 77.409626282809867, 10.618746433763123 ], [ 77.409236663708199, 10.618465929754311 ], [ 77.408954486707785, 10.618262778386484 ], [ 77.408712211973963, 10.617295500654501 ], [ 77.408102127436976, 10.616359532398512 ], [ 77.408040441923049, 10.616264896372787 ], [ 77.407245387980822, 10.615600448809019 ], [ 77.406408401579469, 10.615375202575999 ], [ 77.405901907167774, 10.615238896689965 ], [ 77.405182932445271, 10.615041247440599 ], [ 77.404800726241362, 10.614936178155515 ], [ 77.404553917710302, 10.614452447880275 ], [ 77.404736625157611, 10.613607168088588 ], [ 77.404546652136304, 10.613132024145481 ], [ 77.404494454628392, 10.613001474965447 ], [ 77.404022260589201, 10.612963746581116 ], [ 77.403758769444991, 10.612942695323786 ], [ 77.403221097204735, 10.613165473743782 ], [ 77.402296595131773, 10.613548528951863 ], [ 77.401981894626488, 10.613453314608629 ], [ 77.401684369909418, 10.613363294614643 ], [ 77.4011327288665, 10.612309920799202 ], [ 77.400829805274597, 10.61173147388924 ], [ 77.400560819135791, 10.611240457710373 ], [ 77.400537114392094, 10.611197185926489 ], [ 77.39997058556996, 10.61016296480693 ], [ 77.398261588352639, 10.607378439252237 ], [ 77.39775277628749, 10.607042398649487 ], [ 77.396762907404565, 10.6063886379112 ], [ 77.396764937597098, 10.606243458608219 ], [ 77.396767398980984, 10.60606758284341 ], [ 77.396484079323514, 10.605864195432842 ], [ 77.396068347993179, 10.606004319038046 ], [ 77.395552043080286, 10.606153578650114 ], [ 77.395490592026633, 10.605997450425816 ], [ 77.39535098574666, 10.605642755574779 ], [ 77.394505626148529, 10.605294709964021 ], [ 77.394465340301295, 10.605101276656434 ], [ 77.39441431599316, 10.60485628385638 ], [ 77.39451591275683, 10.604609487830203 ], [ 77.394615310444706, 10.604368038008108 ], [ 77.395159023855285, 10.60380292842742 ], [ 77.395808246192573, 10.60321904483915 ], [ 77.396164225183469, 10.602898890614975 ], [ 77.396371806981008, 10.602761955786914 ], [ 77.397082527982676, 10.602293113598725 ], [ 77.397082545948948, 10.601796983942114 ], [ 77.397082552237165, 10.601628603015053 ], [ 77.396902860434253, 10.601551922273421 ], [ 77.396415395035206, 10.60134390327045 ], [ 77.395803171609543, 10.601285066644103 ], [ 77.396049822037085, 10.600801404847477 ], [ 77.395817188921214, 10.600568415425105 ], [ 77.395684373006446, 10.600435395591212 ], [ 77.395684287666526, 10.60006656829017 ], [ 77.395684217597918, 10.599770793559317 ], [ 77.396232507924836, 10.599047569360545 ], [ 77.396479215844565, 10.598441766180567 ], [ 77.396289593166188, 10.598021415691132 ], [ 77.396232499839996, 10.59789485383668 ], [ 77.39568420322486, 10.597411198163474 ], [ 77.395259350401133, 10.597411176971628 ], [ 77.394948571940404, 10.597411161077748 ], [ 77.394445292599116, 10.597488484792402 ], [ 77.394153568303835, 10.597533306401349 ], [ 77.391773043580713, 10.597836224050683 ], [ 77.391258887437942, 10.597755531808149 ], [ 77.390247017915399, 10.597596727364206 ], [ 77.389630717934949, 10.597244551673159 ], [ 77.388656944166939, 10.596688099957948 ], [ 77.388550901640912, 10.596615139805518 ], [ 77.38786195041186, 10.596141118257371 ], [ 77.387921390137592, 10.594753390887034 ], [ 77.388533551579542, 10.593361175096314 ], [ 77.388839594122089, 10.592574610902956 ], [ 77.388291351405883, 10.591123574889053 ], [ 77.387968601097356, 10.590773853594714 ], [ 77.387619660406685, 10.590395750964518 ], [ 77.387202686706331, 10.590645186292271 ], [ 77.387007406438258, 10.590762003567477 ], [ 77.38682047241754, 10.590998097172134 ], [ 77.386577944358848, 10.591304402332897 ], [ 77.386029732185335, 10.591788019965943 ], [ 77.385600205427181, 10.591729283932906 ], [ 77.385291089748023, 10.591543059781333 ], [ 77.384992526578515, 10.591363194077076 ], [ 77.384832632746154, 10.591020449731975 ], [ 77.384444261404411, 10.590187943371848 ], [ 77.384320879596771, 10.587647404048582 ], [ 77.384556525662106, 10.585319428356218 ], [ 77.384626987716331, 10.584623326755304 ], [ 77.384931556123547, 10.583795341808292 ], [ 77.3851158464024, 10.58329433610537 ], [ 77.385239233599918, 10.582747341095075 ], [ 77.384846024830381, 10.582358384874611 ], [ 77.384444164386366, 10.581960867992207 ], [ 77.383660344775095, 10.580772347986118 ], [ 77.38352591458775, 10.580568507558791 ], [ 77.382059348411104, 10.579298220102972 ], [ 77.381240985882215, 10.578034635911365 ], [ 77.381081545699089, 10.577788452310978 ], [ 77.380469352816107, 10.575912584682127 ], [ 77.380592723843947, 10.575125916562683 ], [ 77.380167848562337, 10.574221916902252 ], [ 77.379496314768332, 10.573096259578712 ], [ 77.379190159038046, 10.571405720226073 ], [ 77.379087344158819, 10.56919239981047 ], [ 77.379010256131039, 10.567532827101887 ], [ 77.379007474946931, 10.567472953433461 ], [ 77.378836516565201, 10.566062956561252 ], [ 77.378582713751328, 10.563969634266087 ], [ 77.377833023832665, 10.561744325222929 ], [ 77.377605043091663, 10.561067598311583 ], [ 77.376153486865078, 10.558966778872767 ], [ 77.376015183142258, 10.558766612696759 ], [ 77.375970938419584, 10.558724618423716 ], [ 77.37377670901499, 10.55664196975245 ], [ 77.372712346438817, 10.555837418696315 ], [ 77.371405736078273, 10.555190945776005 ], [ 77.371106866583247, 10.55486256642317 ], [ 77.370954573396489, 10.554695236253925 ], [ 77.370945650430784, 10.554685431014196 ], [ 77.370784433379995, 10.554508296386341 ], [ 77.370311028411805, 10.553776015970747 ], [ 77.369665191824808, 10.552777004667101 ], [ 77.369318912842346, 10.552057136850205 ], [ 77.36916282337522, 10.551732646965059 ], [ 77.368830783588308, 10.550795255429119 ], [ 77.368664882721646, 10.550326890204849 ], [ 77.368349682753049, 10.54897523214782 ], [ 77.367961492871032, 10.546660796805032 ], [ 77.367979937080449, 10.544328287253432 ], [ 77.368441371099166, 10.541833053231915 ], [ 77.369081128786647, 10.53926096579775 ], [ 77.369985623581599, 10.536734068892638 ], [ 77.370480899832046, 10.535534828935186 ], [ 77.370904064721358, 10.53451018877138 ], [ 77.371461373235405, 10.53318569671837 ], [ 77.371801054092089, 10.532478121114462 ], [ 77.372201384705221, 10.53164420644107 ], [ 77.372468902098504, 10.531173411591778 ], [ 77.372594360811078, 10.53095262000044 ], [ 77.372769224169332, 10.530536528611764 ], [ 77.373000871833355, 10.529985315244403 ], [ 77.373220462309604, 10.529825953803009 ], [ 77.373275051132794, 10.529786338421845 ], [ 77.37352558767229, 10.529795646336735 ], [ 77.37400589799006, 10.5298134911429 ], [ 77.37449909284399, 10.529837517377699 ], [ 77.374500504097298, 10.529837586266312 ], [ 77.374841860312003, 10.529854214920883 ], [ 77.375960993171049, 10.529691544989653 ], [ 77.376895170099615, 10.529482794613058 ], [ 77.377093864864051, 10.529438397604293 ], [ 77.377911559046368, 10.529262156368842 ], [ 77.378007709324493, 10.529007395926081 ], [ 77.378053159586315, 10.528886973840327 ], [ 77.378044104568232, 10.528389691394802 ], [ 77.378044104568232, 10.528389646352053 ], [ 77.378033976063392, 10.527293107162699 ], [ 77.378021269393713, 10.525916995577928 ], [ 77.3817487478168, 10.525677424285307 ], [ 77.384027493418245, 10.525202519622438 ], [ 77.384069297418307, 10.525193805963045 ], [ 77.384069331554286, 10.525193799780672 ], [ 77.387061346677811, 10.52471016038632 ], [ 77.391775460947144, 10.524303164633524 ], [ 77.392912979625095, 10.524221795977351 ], [ 77.396386349807131, 10.524002280937115 ], [ 77.396635829029535, 10.523986513091131 ], [ 77.396635868555407, 10.523986510441514 ], [ 77.397010163296628, 10.523954077411501 ], [ 77.40081088405978, 10.523624687923608 ], [ 77.40176877830848, 10.523627319875494 ], [ 77.404022225554883, 10.523633512911205 ], [ 77.405002746568982, 10.523593858756611 ], [ 77.405365216786095, 10.523579204611849 ], [ 77.405512613256249, 10.52286741702337 ], [ 77.405666622225198, 10.522123690050414 ], [ 77.405539172845934, 10.520412969187117 ], [ 77.405360205085131, 10.518010126120343 ], [ 77.40511781985856, 10.513598157226571 ], [ 77.405081831551655, 10.513282728578002 ], [ 77.404752184876671, 10.510393280855558 ], [ 77.40467211534046, 10.50973026126923 ], [ 77.404569310342694, 10.508878983171458 ], [ 77.404490189427392, 10.508734547435255 ], [ 77.403774436063543, 10.50742791535702 ], [ 77.403397622446263, 10.506821651691361 ], [ 77.402796825590954, 10.505854931966363 ], [ 77.402856075772192, 10.504462690978933 ], [ 77.402856076670489, 10.504462663597868 ], [ 77.402732571793635, 10.501415908024374 ], [ 77.402154298397505, 10.500878355424792 ], [ 77.402079416632048, 10.500808741343503 ], [ 77.402029149603678, 10.500415471041187 ], [ 77.402015903944829, 10.500224618927662 ], [ 77.402015760214368, 10.500222551187285 ], [ 77.402006264123514, 10.500085462000071 ], [ 77.401960558740157, 10.49960630210551 ], [ 77.401905724676894, 10.499244672721254 ], [ 77.401863061887454, 10.499082859335971 ], [ 77.401850904986702, 10.499036744400287 ], [ 77.401777850394552, 10.498910167438659 ], [ 77.401758514158061, 10.498888793041376 ], [ 77.401700158698873, 10.498824285615518 ], [ 77.401700119173, 10.498824251167743 ], [ 77.401656696408807, 10.498790838591161 ], [ 77.401617940392498, 10.498761015646492 ], [ 77.401569680200467, 10.498740543064217 ], [ 77.401521993133613, 10.498720305432162 ], [ 77.401468358321267, 10.498706359378119 ], [ 77.401435230250215, 10.498697738598315 ], [ 77.401316469376425, 10.498679658808406 ], [ 77.401220549066977, 10.498679663224797 ], [ 77.401069818948827, 10.498679672940831 ], [ 77.399886817669739, 10.498828911333307 ], [ 77.399568578700524, 10.49890180988081 ], [ 77.399334143564204, 10.498955512176664 ], [ 77.399105696597573, 10.498989196784397 ], [ 77.398904791977515, 10.49901882008673 ], [ 77.398529044660506, 10.499090482887 ], [ 77.398406915104346, 10.499113769561667 ], [ 77.397867953781656, 10.499290095138393 ], [ 77.397775585410869, 10.499317161331199 ], [ 77.396602746772558, 10.499660835439732 ], [ 77.395817124242527, 10.499877838090578 ], [ 77.395364934786386, 10.499990867015981 ], [ 77.395258494306674, 10.500022473169892 ], [ 77.3951365560917, 10.500058681171618 ], [ 77.395035501910456, 10.50007607811108 ], [ 77.395031528661931, 10.500076764413969 ], [ 77.395031502610806, 10.500076762647424 ], [ 77.395021053407405, 10.500074699322395 ], [ 77.394985841244903, 10.500067758565466 ], [ 77.394985822380278, 10.500067730300755 ], [ 77.39495384505112, 10.500027044990118 ], [ 77.394931003588397, 10.499936639352478 ], [ 77.394931006283329, 10.499883864663959 ], [ 77.394931003588397, 10.499823628072717 ], [ 77.394923356230379, 10.49976056941061 ], [ 77.394903589700832, 10.499597608922338 ], [ 77.394857883419192, 10.498811061202893 ], [ 77.394837274269946, 10.498662216743222 ], [ 77.394812194205542, 10.498481074297599 ], [ 77.394755762039381, 10.498365895805891 ], [ 77.394739103680749, 10.49833190463289 ], [ 77.394739079426259, 10.498331859585752 ], [ 77.394666013155984, 10.498214385398873 ], [ 77.394492443371718, 10.498001924282452 ], [ 77.394492423608796, 10.498001902200471 ], [ 77.394309732331152, 10.497798511332309 ], [ 77.394218268563847, 10.497691028600757 ], [ 77.394090477824818, 10.497540856032172 ], [ 77.393747901697949, 10.497066228726851 ], [ 77.393545472636887, 10.496754987624323 ], [ 77.392898279593794, 10.495759858235093 ], [ 77.392755845417284, 10.495438312287479 ], [ 77.392752110222347, 10.495429877789887 ], [ 77.392738833122451, 10.495385210015337 ], [ 77.39266074167648, 10.495122490587629 ], [ 77.392660724608504, 10.495122449073145 ], [ 77.39263570383288, 10.495069826371642 ], [ 77.392624208990526, 10.495045656105361 ], [ 77.392583094896594, 10.495027563735889 ], [ 77.392552518040958, 10.495027564619193 ], [ 77.392505447218383, 10.495027566385762 ], [ 77.392472376639503, 10.495027566385762 ], [ 77.392472099958397, 10.495027567269027 ], [ 77.392441502441486, 10.495027567269027 ], [ 77.392377722056338, 10.495034583218519 ], [ 77.39235928503345, 10.495036605062678 ], [ 77.392359247304199, 10.495036608595816 ], [ 77.392003023971526, 10.495108937433979 ], [ 77.391709291043313, 10.495150484596337 ], [ 77.391700580079984, 10.495151716781375 ], [ 77.391523436797556, 10.495176772092606 ], [ 77.391248900866941, 10.495248694586207 ], [ 77.390746949235634, 10.495380207082873 ], [ 77.390367844914365, 10.495461581571458 ], [ 77.390198888877407, 10.495484180439764 ], [ 77.390198847554899, 10.49548419192247 ], [ 77.390190592037442, 10.495488002417455 ], [ 77.390130333048177, 10.495515832985207 ], [ 77.390101612111906, 10.495552009716368 ], [ 77.390101514195564, 10.495552135142903 ], [ 77.390080117223803, 10.495579147782497 ], [ 77.390080091172678, 10.495609128258856 ], [ 77.390080092070988, 10.495646925807707 ], [ 77.390048130013184, 10.495741819787778 ], [ 77.390048121030006, 10.495741855119199 ], [ 77.390018118197858, 10.495755712978433 ], [ 77.389979609218258, 10.495773499688713 ], [ 77.389892825673584, 10.495791583181678 ], [ 77.389837214567606, 10.495792996437563 ], [ 77.389714690651061, 10.495796108250344 ], [ 77.388613910373266, 10.495859415040689 ], [ 77.387389805780003, 10.496067374646636 ], [ 77.38705233567724, 10.496116858870376 ], [ 77.387049597612247, 10.496117259881327 ], [ 77.386773185999289, 10.49615779024843 ], [ 77.386165700288402, 10.496239165415723 ], [ 77.386021313174496, 10.496247880775439 ], [ 77.385791160307107, 10.496261771293499 ], [ 77.385603890316474, 10.496275334112713 ], [ 77.385444025230214, 10.496270815234043 ], [ 77.385321880402699, 10.496255218212459 ], [ 77.385302428283524, 10.496252737068787 ], [ 77.385133430025775, 10.496207530610015 ], [ 77.384984734591725, 10.496153027581668 ], [ 77.384886782293151, 10.496117117672595 ], [ 77.384690377334394, 10.496008627412513 ], [ 77.384590330164556, 10.495956525999595 ], [ 77.384430022208861, 10.49587302557498 ], [ 77.383845372570775, 10.495524958209838 ], [ 77.383401594938988, 10.495263028558943 ], [ 77.383087157640063, 10.495077440305439 ], [ 77.382602998041293, 10.494833337671066 ], [ 77.381538762127548, 10.494385816116077 ], [ 77.381027199421013, 10.494168834343245 ], [ 77.38065781037956, 10.494041675067637 ], [ 77.380606973819312, 10.494024178860201 ], [ 77.380305571973508, 10.493947344105093 ], [ 77.380305527956054, 10.493947334388906 ], [ 77.380228179416832, 10.493928581254083 ], [ 77.380081722584492, 10.493893075633688 ], [ 77.379940228045768, 10.493879079014421 ], [ 77.379899048374824, 10.49387500527911 ], [ 77.379899018730413, 10.493875004395795 ], [ 77.379785569594887, 10.493871790985271 ], [ 77.379579292151121, 10.493865950669015 ], [ 77.379579266099967, 10.493865948902434 ], [ 77.379294655563484, 10.493878566705979 ], [ 77.379273265778224, 10.493879515359858 ], [ 77.379264641951522, 10.493880955123224 ], [ 77.378921564564706, 10.493938273597886 ], [ 77.378835362230078, 10.493950178583303 ], [ 77.378834816952661, 10.493950253662993 ], [ 77.378725161402571, 10.493965395023071 ], [ 77.378588146762169, 10.493965395023071 ], [ 77.378578199717055, 10.493955559587119 ], [ 77.378542461141762, 10.493920188229984 ], [ 77.378535272822887, 10.493882245610475 ], [ 77.37853515065197, 10.493881597275307 ], [ 77.378528759138732, 10.493847861763687 ], [ 77.378513655763868, 10.493800525339719 ], [ 77.378513411422119, 10.493799760410059 ], [ 77.378501355132684, 10.493761974118222 ], [ 77.378471157366093, 10.49362498629521 ], [ 77.3784465480189, 10.493513350643477 ], [ 77.378378039800381, 10.493237604598978 ], [ 77.378175256803104, 10.492527186861075 ], [ 77.378174621694185, 10.492524963609435 ], [ 77.378152344373433, 10.492446927201456 ], [ 77.378090287855315, 10.492229550118997 ], [ 77.377875648892896, 10.491470157419437 ], [ 77.377875639011421, 10.491470121204268 ], [ 77.377441765305619, 10.489847331147779 ], [ 77.377441755424158, 10.489847288749305 ], [ 77.377103788553029, 10.488382671793451 ], [ 77.376939375296459, 10.487582557089931 ], [ 77.376854496180215, 10.487191002141463 ], [ 77.376683621341797, 10.486402726918145 ], [ 77.376658580803266, 10.486207190787148 ], [ 77.376658375987361, 10.486205591991874 ], [ 77.376642530604059, 10.486081772782242 ], [ 77.376667539701586, 10.485966237232358 ], [ 77.37666991844047, 10.485955247935351 ], [ 77.376669931915202, 10.485955209069571 ], [ 77.376691412430247, 10.485910441879508 ], [ 77.376756708273305, 10.485774388659664 ], [ 77.376834356849841, 10.485688502306624 ], [ 77.376907438391456, 10.485643303137477 ], [ 77.377048994913935, 10.485602631829412 ], [ 77.377049029948225, 10.485602623879577 ], [ 77.377080240116143, 10.485598021813523 ], [ 77.377080971344782, 10.485597914049194 ], [ 77.377263698555026, 10.485570982686463 ], [ 77.377495717223255, 10.485563245738099 ], [ 77.377670197899192, 10.485557428231152 ], [ 77.3781680577044, 10.485548403410373 ], [ 77.378371569235398, 10.485535096282032 ], [ 77.378374532777514, 10.485534901952901 ], [ 77.378652193048666, 10.485516758678459 ], [ 77.378919026824036, 10.485471674315086 ], [ 77.379026734826624, 10.485453478921354 ], [ 77.379223120022459, 10.485417316909174 ], [ 77.379309901770483, 10.485376634088327 ], [ 77.379363611142978, 10.485346513056793 ], [ 77.379365309857178, 10.4853455599602 ], [ 77.379446925394021, 10.485299748603742 ], [ 77.379477479791788, 10.485261301437742 ], [ 77.379547408246751, 10.485173218137344 ], [ 77.379590892994713, 10.485100736813097 ], [ 77.379634190893114, 10.485028566399009 ], [ 77.379684413005663, 10.484879437063913 ], [ 77.379684428277045, 10.484879392014777 ], [ 77.379713628913663, 10.484802909198949 ], [ 77.379762081345149, 10.484675976620391 ], [ 77.379814578890347, 10.48453000320742 ], [ 77.379857989078118, 10.484409277588584 ], [ 77.37991490992782, 10.484260418250443 ], [ 77.379985889411671, 10.484074763332524 ], [ 77.380154892161002, 10.4834419101165 ], [ 77.380154907432342, 10.483441865067174 ], [ 77.380323842808068, 10.483048663670557 ], [ 77.380432602737812, 10.482868650685944 ], [ 77.38043322077877, 10.482867627799266 ], [ 77.380575092609888, 10.482632758620824 ], [ 77.380752936578261, 10.482303815333113 ], [ 77.380853705095262, 10.482117434033132 ], [ 77.381098432229791, 10.481456497656103 ], [ 77.381123169137766, 10.481389692598331 ], [ 77.38112318440912, 10.481389650198688 ], [ 77.381187127389381, 10.481163630832809 ], [ 77.381264773270956, 10.480973773837327 ], [ 77.381406357641197, 10.480725157756901 ], [ 77.381417936026878, 10.48070565475882 ], [ 77.381621028942959, 10.480363520439781 ], [ 77.381716951049, 10.480078733283904 ], [ 77.381780888639341, 10.479866277383046 ], [ 77.381790022709154, 10.479604093331121 ], [ 77.381826132288623, 10.479100201094438 ], [ 77.381835692159868, 10.478966727748064 ], [ 77.381908774599822, 10.478614124001099 ], [ 77.381952887270174, 10.47847475242188 ], [ 77.382027525592164, 10.478238930327093 ], [ 77.382296997719536, 10.477411696573206 ], [ 77.382327321250273, 10.477285649603193 ], [ 77.382327540439192, 10.477284735348615 ], [ 77.382342663576992, 10.477221836394829 ], [ 77.382360940699769, 10.477031982283449 ], [ 77.382339764713592, 10.47689724487147 ], [ 77.382328969658801, 10.476828564385025 ], [ 77.382284686308552, 10.476594800102081 ], [ 77.382274161646691, 10.476539259229444 ], [ 77.382274153561852, 10.476539215062429 ], [ 77.382267235635837, 10.476490199412545 ], [ 77.382187386186871, 10.475924480570615 ], [ 77.38217948730059, 10.475744649831022 ], [ 77.382169118047258, 10.475508604822593 ], [ 77.382164551012366, 10.475341350000269 ], [ 77.382187387085196, 10.475246420616312 ], [ 77.382187387983507, 10.475115328871675 ], [ 77.382155416942524, 10.475083686607185 ], [ 77.382082340790816, 10.475052042572793 ], [ 77.382027534575329, 10.475029439562896 ], [ 77.381995564432671, 10.474979716998742 ], [ 77.381995564432671, 10.474925471702944 ], [ 77.381995564432671, 10.474839584108228 ], [ 77.38201839960719, 10.474798900781392 ], [ 77.382068639686082, 10.474776298636391 ], [ 77.382109745695161, 10.474753695606392 ], [ 77.382187388881832, 10.474722053304982 ], [ 77.382338108220182, 10.474658768692478 ], [ 77.382456857415917, 10.474572881023885 ], [ 77.382566470745189, 10.474477952287895 ], [ 77.382634978963722, 10.474324258040179 ], [ 77.3827217580168, 10.47417056371628 ], [ 77.382817669343027, 10.474053034426012 ], [ 77.383032329865003, 10.473831534214163 ], [ 77.383224153415838, 10.473659758394652 ], [ 77.383484485185193, 10.473424696732065 ], [ 77.383731115849798, 10.47324387960747 ], [ 77.383927506435541, 10.473076622679553 ], [ 77.384064522872563, 10.472977173383232 ], [ 77.384087358945408, 10.472904847324974 ], [ 77.384110193221602, 10.472728550886226 ], [ 77.38414216336426, 10.472620061263832 ], [ 77.384196969579733, 10.472443766429762 ], [ 77.384260909865034, 10.472281030065716 ], [ 77.384315716080522, 10.472217743188098 ], [ 77.384411627406763, 10.472177060400444 ], [ 77.384521240736049, 10.472131854843038 ], [ 77.384658256274776, 10.472055007588732 ], [ 77.384767868705737, 10.471951037847649 ], [ 77.384854644165571, 10.471801863349528 ], [ 77.384904883346138, 10.471675292035775 ], [ 77.384941419625349, 10.471480914402687 ], [ 77.385000791977447, 10.471286535764378 ], [ 77.385046463224811, 10.471200647161325 ], [ 77.385133238684602, 10.471123799676162 ], [ 77.385270254223315, 10.471015308608779 ], [ 77.385315924572353, 10.470906818386787 ], [ 77.385315924572353, 10.470811890294746 ], [ 77.385283954429724, 10.470707921020107 ], [ 77.38521544531288, 10.470644635588039 ], [ 77.385119533088314, 10.470581351026388 ], [ 77.384945980372038, 10.470527106727591 ], [ 77.384507528851557, 10.470409578705917 ], [ 77.384196959698272, 10.47030109092205 ], [ 77.384000570909151, 10.47024232643226 ], [ 77.383900091649693, 10.470206164411254 ], [ 77.383763076110995, 10.470088633617866 ], [ 77.383635194642082, 10.469939459990314 ], [ 77.383479910065432, 10.469690838590498 ], [ 77.383383998739191, 10.469437695070949 ], [ 77.383329193422014, 10.469189072385426 ], [ 77.383338325695206, 10.468859083059806 ], [ 77.383365727904632, 10.468357317275496 ], [ 77.383393130114058, 10.468027327948134 ], [ 77.383475339437268, 10.467733500583204 ], [ 77.38358951620819, 10.467435153640428 ], [ 77.383772201197644, 10.467010234075854 ], [ 77.383932049215929, 10.466635039606404 ], [ 77.384279146563614, 10.465866567600045 ], [ 77.384566874254176, 10.465419046592825 ], [ 77.384667349022067, 10.465188504198681 ], [ 77.384882000560907, 10.464700297561253 ], [ 77.385000742570099, 10.464361267421282 ], [ 77.385096649404787, 10.464103602853683 ], [ 77.385165154928345, 10.463882101718101 ], [ 77.385170912231004, 10.463785213030782 ], [ 77.385174288099833, 10.463728408401929 ], [ 77.385192551747878, 10.463267325346333 ], [ 77.385224520093885, 10.462964458276748 ], [ 77.385183414983103, 10.462905693280245 ], [ 77.385089078403553, 10.462879016125369 ], [ 77.38505553710749, 10.462869531287176 ], [ 77.385028955059909, 10.462864471293294 ], [ 77.384936793301662, 10.462846930039383 ], [ 77.384548589944885, 10.462806248672557 ], [ 77.384269999019068, 10.462783647420146 ], [ 77.384238029774735, 10.462724882389407 ], [ 77.384224628707329, 10.462671831045402 ], [ 77.384224326873408, 10.462670637599864 ], [ 77.384224326873408, 10.462646322581426 ], [ 77.384224326873408, 10.462548586346996 ], [ 77.384228347732616, 10.462488879588784 ], [ 77.384233460044911, 10.46241297427833 ], [ 77.384243277732651, 10.462092246177617 ], [ 77.384247159352967, 10.461965453589393 ], [ 77.384278260824743, 10.461698106930649 ], [ 77.384333929422908, 10.461219584634673 ], [ 77.384349003153375, 10.461025617406062 ], [ 77.384365896870591, 10.460808227112265 ], [ 77.384397864318288, 10.460442072778841 ], [ 77.384424868574044, 10.460204482563441 ], [ 77.384438966734123, 10.460080440953636 ], [ 77.384465874870145, 10.459912639827369 ], [ 77.384484635286526, 10.459795654600864 ], [ 77.384626210673616, 10.459330050700938 ], [ 77.384722116610007, 10.458986499687745 ], [ 77.384840855924253, 10.458570619776898 ], [ 77.38484923361257, 10.458545742600469 ], [ 77.384923060755909, 10.458326518415141 ], [ 77.384942503891907, 10.458264727806458 ], [ 77.385009831724133, 10.458050771975783 ], [ 77.385023531032232, 10.457729822052142 ], [ 77.385030226176042, 10.457646676166565 ], [ 77.38507376302627, 10.457106004310063 ], [ 77.385055492191697, 10.456744372131627 ], [ 77.38510572777902, 10.456518350701963 ], [ 77.385142729385592, 10.45636268994666 ], [ 77.385160530401251, 10.456287809645879 ], [ 77.385183361982513, 10.455998502997687 ], [ 77.385178792252674, 10.455614267754687 ], [ 77.385157310839276, 10.454946790719584 ], [ 77.385155952586572, 10.454904563248119 ], [ 77.385157253347103, 10.454805321026109 ], [ 77.385160516028222, 10.454556491384006 ], [ 77.385164022152765, 10.454472319018002 ], [ 77.385178780574577, 10.454118010722537 ], [ 77.385258904908014, 10.453675538218235 ], [ 77.385265548847855, 10.453638845106795 ], [ 77.385288380429117, 10.453177762964577 ], [ 77.385288378632495, 10.452994675168089 ], [ 77.385288377734184, 10.452865854977821 ], [ 77.385259036062052, 10.452492475597545 ], [ 77.385256405794905, 10.452459017388044 ], [ 77.385254804098736, 10.452441888981287 ], [ 77.385210733649231, 10.451970812813613 ], [ 77.385165059706907, 10.451518771674747 ], [ 77.385165055215353, 10.450953720209421 ], [ 77.385178749133544, 10.449882381667964 ], [ 77.38513307519122, 10.449344453438819 ], [ 77.38508283690895, 10.448973779269823 ], [ 77.385028033388423, 10.448865289293192 ], [ 77.385005200010525, 10.448847208362915 ], [ 77.384932130146993, 10.448833647001972 ], [ 77.384813390832761, 10.448838169222528 ], [ 77.384671817242292, 10.448865291060029 ], [ 77.384434340410394, 10.448887895092486 ], [ 77.383913716397601, 10.448928580933321 ], [ 77.383434194800643, 10.448987347691979 ], [ 77.382612156365596, 10.449113920308626 ], [ 77.381529805924188, 10.449290213378786 ], [ 77.381077684739992, 10.449344456972517 ], [ 77.380643830797126, 10.449430341907004 ], [ 77.380109504781288, 10.449507185046613 ], [ 77.379629981387666, 10.449538823735576 ], [ 77.379113924409765, 10.449593062868795 ], [ 77.378643533289349, 10.44961113757175 ], [ 77.378218813416268, 10.449615652713664 ], [ 77.377287167940182, 10.449624678580184 ], [ 77.376844180825771, 10.449606590626784 ], [ 77.3764240270893, 10.449606581792603 ], [ 77.375775528794122, 10.449624650310879 ], [ 77.375149865673478, 10.449647238386584 ], [ 77.374711443797352, 10.449647226902172 ], [ 77.374327826340107, 10.449629135416423 ], [ 77.373976176330586, 10.449592963042724 ], [ 77.373250044730227, 10.449498013412867 ], [ 77.372478240984194, 10.449497988677198 ], [ 77.371852580558468, 10.449407558580331 ], [ 77.371309124964426, 10.44935329556243 ], [ 77.37103511544656, 10.449285479144617 ], [ 77.370656068617478, 10.449149851565011 ], [ 77.37043229558526, 10.449027793230064 ], [ 77.370117188143169, 10.448860525016318 ], [ 77.36988428373607, 10.448697780701966 ], [ 77.369496119006868, 10.44826380516453 ], [ 77.369222122065409, 10.447924762375619 ], [ 77.368692396322174, 10.447255718408359 ], [ 77.368577830580719, 10.447157290909285 ], [ 77.368450362336858, 10.447047767575972 ], [ 77.368450329997486, 10.447047772876507 ], [ 77.368269274551992, 10.447059709699046 ], [ 77.36818551383827, 10.447065232864562 ], [ 77.368039343568498, 10.447074871017858 ], [ 77.368014732424655, 10.447082684017417 ], [ 77.367797297905057, 10.447151707672621 ], [ 77.367629962428907, 10.447218912343805 ], [ 77.367482210225916, 10.44727822361452 ], [ 77.365897412283118, 10.447734721603199 ], [ 77.365822046325732, 10.447738777393006 ], [ 77.365821727423835, 10.447738794178013 ], [ 77.365728495772032, 10.44774380936391 ], [ 77.36570690386587, 10.447726484577519 ], [ 77.36570625887552, 10.447725968659121 ], [ 77.365632627564921, 10.447666888047042 ], [ 77.36526125234839, 10.447450855055797 ], [ 77.36503434419582, 10.447318821323826 ], [ 77.364321942446253, 10.446875779927066 ], [ 77.364093611362293, 10.446713034573168 ], [ 77.36341395230653, 10.446521209423924 ], [ 77.363084349649014, 10.446428182956316 ], [ 77.361394660820395, 10.445985074916223 ], [ 77.36099721469769, 10.445877757087374 ], [ 77.357526631987994, 10.444940576393964 ], [ 77.357147593243738, 10.444845617391639 ], [ 77.356486088241553, 10.44502468066821 ], [ 77.355645035166887, 10.445252297983016 ], [ 77.35134301494935, 10.446395574832671 ], [ 77.347022644845495, 10.447620173567948 ], [ 77.347022613404462, 10.447620182402179 ], [ 77.346274900677727, 10.447828674388923 ], [ 77.344510788224454, 10.448320551666926 ], [ 77.344510774749736, 10.448320581703232 ], [ 77.344423179128071, 10.449381815804395 ], [ 77.344332415148358, 10.450481289277777 ], [ 77.344269372280067, 10.451023591080602 ], [ 77.344195230726385, 10.451661114791767 ], [ 77.344382485445678, 10.451796742158328 ], [ 77.34438251778505, 10.451796770427428 ], [ 77.344689083147102, 10.452111252859554 ], [ 77.344761453223001, 10.452185491929001 ], [ 77.344692810257214, 10.452822840107387 ], [ 77.344642621382292, 10.453288503237117 ], [ 77.344606020424351, 10.453853539853833 ], [ 77.34370751290075, 10.45409540530388 ], [ 77.342692402256645, 10.454368652575605 ], [ 77.342692381595413, 10.45436867024365 ], [ 77.340573519046529, 10.452799822043158 ], [ 77.338011342396555, 10.453798463996979 ], [ 77.335988019271412, 10.454869534610483 ], [ 77.335586128284675, 10.455077406884236 ], [ 77.334825320816037, 10.454984579094047 ], [ 77.334101895839638, 10.454896311394744 ], [ 77.33226142928217, 10.454561531195052 ], [ 77.332024678289031, 10.454498404132229 ], [ 77.331430297201507, 10.454339918124619 ], [ 77.331316088091228, 10.454302204760955 ], [ 77.331019311670801, 10.454204205295142 ], [ 77.330723638381556, 10.454070156739233 ], [ 77.330530631749511, 10.453982653807943 ], [ 77.330160636345255, 10.453786298631574 ], [ 77.329576270574819, 10.453476174851797 ], [ 77.329119559897862, 10.453335960691611 ], [ 77.32883944812427, 10.453186198612142 ], [ 77.328662976781658, 10.45309184903039 ], [ 77.32831131060243, 10.452852194850706 ], [ 77.328210452253913, 10.452956624179588 ], [ 77.327918480023641, 10.453258932100523 ], [ 77.326662683765448, 10.452910641957079 ], [ 77.326708501438205, 10.451938798923125 ], [ 77.326726597999595, 10.451588751078351 ], [ 77.326731406681333, 10.451495754397261 ], [ 77.326037261393282, 10.451251517612027 ], [ 77.325060045281134, 10.450681760600283 ], [ 77.323882020668691, 10.449786523974888 ], [ 77.323564026939579, 10.449488431873446 ], [ 77.323365982555416, 10.449302780875193 ], [ 77.323227318608161, 10.44912907976035 ], [ 77.3232107761322, 10.449108358309148 ], [ 77.323064675032711, 10.448814475047625 ], [ 77.32306137282572, 10.448806549014002 ], [ 77.322946007583667, 10.44852966334428 ], [ 77.322809205843981, 10.447562306758101 ], [ 77.322850460973427, 10.44683901268818 ], [ 77.322864089314578, 10.446552762724687 ], [ 77.32286875516418, 10.446454771415178 ], [ 77.322916252686511, 10.44630270557726 ], [ 77.322964753627019, 10.446147431943732 ], [ 77.323142918293968, 10.445785886833628 ], [ 77.323375814616185, 10.445632228731439 ], [ 77.323648448813344, 10.445596480821298 ], [ 77.32375485875032, 10.445582528843318 ], [ 77.324001449889096, 10.445691075621996 ], [ 77.32424369138522, 10.445830983149703 ], [ 77.324439854697189, 10.445944278261594 ], [ 77.324567739759345, 10.445817752058908 ], [ 77.324928596602263, 10.44527533692531 ], [ 77.325357928425973, 10.444619814345755 ], [ 77.32550880407122, 10.444389449979571 ], [ 77.325431180647527, 10.444127228881692 ], [ 77.324577582599915, 10.44220595859893 ], [ 77.324092271360939, 10.441122410787729 ], [ 77.324075432440949, 10.441084816851209 ], [ 77.324037100429436, 10.441002868873971 ], [ 77.323413507925537, 10.439669725262762 ], [ 77.324071203172579, 10.439118363342354 ], [ 77.324597272772635, 10.439500657735662 ], [ 77.3247059554473, 10.439579635966552 ], [ 77.325691153989055, 10.438750334388182 ], [ 77.325806698894155, 10.438653072997397 ], [ 77.325832167929093, 10.437797226574093 ], [ 77.325847996244377, 10.437265309638764 ], [ 77.325762603291793, 10.437142054860608 ], [ 77.325199671324043, 10.43632952357996 ], [ 77.325565153592336, 10.435710248013466 ], [ 77.325700744403036, 10.435852073597092 ], [ 77.325971527172385, 10.436135307579709 ], [ 77.326482955131638, 10.436451810414606 ], [ 77.326631239137257, 10.436527752989267 ], [ 77.326880171285623, 10.436655244169762 ], [ 77.327154541926234, 10.434693435268686 ], [ 77.325492254408729, 10.434828749343001 ], [ 77.324985380009679, 10.434846745393092 ], [ 77.32211766656863, 10.434338865008856 ], [ 77.321351723431491, 10.434203208822336 ], [ 77.320948522701045, 10.434131797832764 ], [ 77.319975896979997, 10.433955307989981 ], [ 77.319975855657489, 10.433955303572676 ], [ 77.320103841330962, 10.433385743678377 ], [ 77.320089143994622, 10.433098787811485 ], [ 77.320081132818899, 10.432942751339715 ], [ 77.320090344143836, 10.432553996942199 ], [ 77.320145888774462, 10.432324706767483 ], [ 77.32019542457418, 10.43212007043361 ], [ 77.320391878041988, 10.431722267419207 ], [ 77.320597471867828, 10.43136070377194 ], [ 77.320597484444221, 10.431360676384413 ], [ 77.320734552983538, 10.430971936796515 ], [ 77.320800880990859, 10.430775136836099 ], [ 77.320871631404316, 10.430565165087589 ], [ 77.320901747424216, 10.430417827768688 ], [ 77.32090193876536, 10.430416892172817 ], [ 77.320958481424299, 10.43014026312157 ], [ 77.321191444221881, 10.429728976662066 ], [ 77.321191460391546, 10.429728951041374 ], [ 77.321456393331758, 10.429399021399181 ], [ 77.321794408711924, 10.428974153180324 ], [ 77.321825679066961, 10.428878504610106 ], [ 77.321844655079047, 10.428820463802291 ], [ 77.32181731215843, 10.428549240207767 ], [ 77.321853880777013, 10.42836390977987 ], [ 77.321931560794567, 10.428106264839068 ], [ 77.321937181553281, 10.428099497400321 ], [ 77.32210055905233, 10.427902864368214 ], [ 77.322160573699861, 10.427838255600175 ], [ 77.32225586069697, 10.427735648402953 ], [ 77.322488806426563, 10.427532267126505 ], [ 77.322644091901523, 10.427378607958449 ], [ 77.322730905090594, 10.427130009041669 ], [ 77.322799442953496, 10.426931123404252 ], [ 77.322899947365798, 10.426687031653648 ], [ 77.322899995874835, 10.426433888434865 ], [ 77.322936581561393, 10.426153628262464 ], [ 77.322930974277412, 10.425991765268618 ], [ 77.322927487915777, 10.425891446569697 ], [ 77.322923881179889, 10.425707019247836 ], [ 77.32291845355897, 10.42543035862354 ], [ 77.322862151648508, 10.425182972944445 ], [ 77.322861510251414, 10.42518015639132 ], [ 77.322813510570839, 10.424969255858899 ], [ 77.322608181748038, 10.424024459230006 ], [ 77.32254042721604, 10.42396153005407 ], [ 77.322462140835668, 10.423888819752277 ], [ 77.322267312420209, 10.423759526323956 ], [ 77.32203288986031, 10.423603956954935 ], [ 77.321986754183939, 10.423553673094506 ], [ 77.321895945288489, 10.423454700933739 ], [ 77.321864002095296, 10.423397515217669 ], [ 77.321815535290781, 10.423310751089385 ], [ 77.321800027674044, 10.423282990026561 ], [ 77.321708787587255, 10.42303884682438 ], [ 77.32167118860103, 10.422903630993796 ], [ 77.321585600714045, 10.422595837995544 ], [ 77.321439492427999, 10.422419487389165 ], [ 77.321252318557114, 10.422207007066442 ], [ 77.321142707922789, 10.422044254992604 ], [ 77.32104686486845, 10.421772980437924 ], [ 77.321094279745793, 10.421574703642245 ], [ 77.321106322560496, 10.421524342590059 ], [ 77.321024182407541, 10.421320926334838 ], [ 77.320868970594447, 10.421135534177909 ], [ 77.320626926727655, 10.420990846424679 ], [ 77.320499079394736, 10.420828064560023 ], [ 77.320488482867646, 10.420738570589162 ], [ 77.320471787678088, 10.420597567725608 ], [ 77.32048675001748, 10.420486382899295 ], [ 77.320499162938077, 10.420394147331276 ], [ 77.320436972570945, 10.420285285153364 ], [ 77.32036227855339, 10.420154534221064 ], [ 77.320248253597754, 10.419946113806573 ], [ 77.320243550917212, 10.419937517343865 ], [ 77.320165954442956, 10.419688928390784 ], [ 77.320182049557928, 10.419626765218451 ], [ 77.320216293336557, 10.419494528842835 ], [ 77.320188918974893, 10.419340848039244 ], [ 77.320061094998181, 10.41913735702768 ], [ 77.319933255750101, 10.418942981873734 ], [ 77.319942157156248, 10.418850508186287 ], [ 77.31995153556781, 10.41875308773165 ], [ 77.319946761022067, 10.418715966418583 ], [ 77.319924213308454, 10.418540644666111 ], [ 77.319746146557875, 10.418445707647232 ], [ 77.319540604834359, 10.41836877997101 ], [ 77.319367120390041, 10.418233185740142 ], [ 77.319307799241955, 10.417989050066257 ], [ 77.319426601438295, 10.417640990787103 ], [ 77.319515519380047, 10.417485084396889 ], [ 77.319527155257916, 10.417464682435103 ], [ 77.319530875181499, 10.417458936983738 ], [ 77.319641293401304, 10.417288437595957 ], [ 77.319704338066259, 10.417185327741137 ], [ 77.31976011266562, 10.417094106347683 ], [ 77.31979218431789, 10.416935399842878 ], [ 77.319810359931026, 10.4168454550476 ], [ 77.319846935736152, 10.416619484140602 ], [ 77.319924598685702, 10.416388930298943 ], [ 77.319933035662842, 10.41629584711445 ], [ 77.319947541658053, 10.416135813168774 ], [ 77.319865394318597, 10.415855487187097 ], [ 77.319778634130131, 10.415633964050357 ], [ 77.31955495542104, 10.415276816966625 ], [ 77.319546345967353, 10.415252000823985 ], [ 77.319504771037685, 10.415132172435936 ], [ 77.319478786369771, 10.41504296043748 ], [ 77.319436315819772, 10.414897138072638 ], [ 77.319399784032115, 10.41468467824247 ], [ 77.319399853202384, 10.414567331432888 ], [ 77.319399909796232, 10.414472188227936 ], [ 77.319399900813096, 10.414332824103198 ], [ 77.319399897219853, 10.414286868862607 ], [ 77.319340570681831, 10.414074327332921 ], [ 77.319263005648608, 10.413861935856373 ], [ 77.319188791331456, 10.413735892265736 ], [ 77.319167166187583, 10.413699164404395 ], [ 77.319142387957115, 10.41363865310082 ], [ 77.319098645392685, 10.413531830375533 ], [ 77.318979963570584, 10.413341985064367 ], [ 77.318929133298568, 10.413155928171459 ], [ 77.31892069003321, 10.413125019988824 ], [ 77.318920773576508, 10.412799515105322 ], [ 77.318920810407448, 10.412641275563944 ], [ 77.318939132445976, 10.412370052020359 ], [ 77.318970268053704, 10.412297613789409 ], [ 77.319030440804724, 10.412157619624333 ], [ 77.319272547553595, 10.41168306941856 ], [ 77.319407622731276, 10.411378243701623 ], [ 77.319418760942497, 10.411353107412504 ], [ 77.319418795078448, 10.411140616894475 ], [ 77.319304700952529, 10.410878429638142 ], [ 77.319297420107162, 10.410849546272607 ], [ 77.319263665012045, 10.410715654861596 ], [ 77.319270097847806, 10.410613760333373 ], [ 77.319281925066818, 10.410426377404459 ], [ 77.319368741849146, 10.41020035236718 ], [ 77.319485676447968, 10.410067758581208 ], [ 77.319556066637048, 10.409987939697757 ], [ 77.319633729586613, 10.409865888977375 ], [ 77.319682756939855, 10.409717415369057 ], [ 77.319711352111995, 10.409630820604329 ], [ 77.319688318409789, 10.409588073652232 ], [ 77.319601765732145, 10.409427449599216 ], [ 77.319556716118967, 10.40923224140581 ], [ 77.319515169037075, 10.409052203329127 ], [ 77.319487780302381, 10.408907549726122 ], [ 77.319487847676029, 10.40864541183738 ], [ 77.319501352049699, 10.408518242284076 ], [ 77.319506096052706, 10.408473571727521 ], [ 77.319553831628596, 10.408288409600331 ], [ 77.319565517812137, 10.408243079011008 ], [ 77.319688845720847, 10.408021625566533 ], [ 77.319857891589351, 10.407750420093729 ], [ 77.319918273647787, 10.407678654927382 ], [ 77.319972003681571, 10.407614795622274 ], [ 77.320071505574006, 10.407454052159263 ], [ 77.320109098272013, 10.407393319643365 ], [ 77.3201776397282, 10.407217092966826 ], [ 77.320186812425561, 10.406963907427341 ], [ 77.3201658385603, 10.406868775155711 ], [ 77.320132009803345, 10.406715309896686 ], [ 77.319986044349449, 10.406600136243847 ], [ 77.319885544428729, 10.406520835993881 ], [ 77.319549534088281, 10.406409146947631 ], [ 77.319218862435548, 10.40629923289217 ], [ 77.318881030311715, 10.406104791421011 ], [ 77.318634540682581, 10.405788273657215 ], [ 77.318424611587218, 10.405114717012397 ], [ 77.318347070808528, 10.404612927910373 ], [ 77.318182767146439, 10.404332653419152 ], [ 77.318045819879657, 10.404052330081164 ], [ 77.31798873733328, 10.404003019385394 ], [ 77.317831254579119, 10.403866978018208 ], [ 77.317816346138642, 10.403856736832431 ], [ 77.317771918159679, 10.403826217372304 ], [ 77.317157181247822, 10.403731037316032 ], [ 77.317041327322244, 10.403713100433484 ], [ 77.316730798593127, 10.403663309034595 ], [ 77.316781238098017, 10.402745685899941 ], [ 77.31685913910114, 10.401321707427989 ], [ 77.316808922378442, 10.400900232664672 ], [ 77.316806584962094, 10.400880614214657 ], [ 77.316690515440854, 10.399906817801343 ], [ 77.316729646054625, 10.398621834440906 ], [ 77.316759448562507, 10.397642058973455 ], [ 77.317042754745245, 10.396724495893219 ], [ 77.317102314845201, 10.39574361001095 ], [ 77.317214400338131, 10.395260162910912 ], [ 77.317317138860531, 10.39481694497969 ], [ 77.317326369948418, 10.394342341014132 ], [ 77.317321625945411, 10.39428697277236 ], [ 77.317289930687224, 10.393917373779416 ], [ 77.317239798406163, 10.393465319952352 ], [ 77.317134880570862, 10.392972572327263 ], [ 77.317040914995516, 10.392693297316168 ], [ 77.316966008975555, 10.392470738086489 ], [ 77.316810825908519, 10.39213622742424 ], [ 77.316651874408905, 10.391725890168635 ], [ 77.31663745105871, 10.391688667562498 ], [ 77.316527953612081, 10.391272765803468 ], [ 77.316372800189498, 10.390838772125203 ], [ 77.316290035707411, 10.390600244330665 ], [ 77.316071603159557, 10.389970782076805 ], [ 77.31599408573706, 10.389536785706659 ], [ 77.316035257323165, 10.389035009566005 ], [ 77.316081018402045, 10.388569485420268 ], [ 77.31604084843751, 10.388203234657759 ], [ 77.316030927443492, 10.388112881315104 ], [ 77.316011903820723, 10.388048577979996 ], [ 77.315953319291154, 10.387850658814308 ], [ 77.315924222859081, 10.387619510269239 ], [ 77.315921451556449, 10.387597530026275 ], [ 77.315867648759124, 10.387130565248956 ], [ 77.315866762121956, 10.387122873565827 ], [ 77.315841036168848, 10.387028754916988 ], [ 77.315748118029106, 10.386688902399644 ], [ 77.315688843593406, 10.386277502094119 ], [ 77.315707224920729, 10.385744141827821 ], [ 77.315711808125329, 10.385597615686059 ], [ 77.315721039213201, 10.38530110832502 ], [ 77.315698304649985, 10.38485358197144 ], [ 77.315561432841704, 10.384356304680779 ], [ 77.315602617004231, 10.383931392787497 ], [ 77.315556698720158, 10.383579243324691 ], [ 77.315534221075126, 10.383407019191761 ], [ 77.315449152414359, 10.38240330239868 ], [ 77.31541582581562, 10.382010170354961 ], [ 77.315301869131957, 10.381119621070589 ], [ 77.315087691903571, 10.379171269371069 ], [ 77.314882510404473, 10.37786482068433 ], [ 77.314814143221469, 10.377304272061128 ], [ 77.314779596710594, 10.377088695745055 ], [ 77.314736594357939, 10.376820594977305 ], [ 77.314663954787434, 10.3767125923926 ], [ 77.314645341694757, 10.376684936754899 ], [ 77.314567782949752, 10.376404654001131 ], [ 77.314569570597186, 10.376373345434281 ], [ 77.314741933045653, 10.373353387399771 ], [ 77.314694447201461, 10.373289863045212 ], [ 77.313765154413062, 10.372046783645612 ], [ 77.314409183589717, 10.370858046687527 ], [ 77.314882713423742, 10.369435836042991 ], [ 77.315176698778558, 10.368552798196383 ], [ 77.315365222817348, 10.367519095728973 ], [ 77.315478414136422, 10.366898371404059 ], [ 77.315583782027659, 10.365225830654515 ], [ 77.315680299716732, 10.362228799574842 ], [ 77.31560312904395, 10.360135822038712 ], [ 77.315635357003075, 10.358874626381802 ], [ 77.315658078091559, 10.358304044982626 ], [ 77.315690398577175, 10.357491416341828 ], [ 77.315672563425494, 10.355656067894833 ], [ 77.316055214295517, 10.355641588756288 ], [ 77.316384793596839, 10.355629105856098 ], [ 77.316628791299351, 10.355600065393398 ], [ 77.317256860108344, 10.355525279318927 ], [ 77.317786528359434, 10.355050761569963 ], [ 77.318293356944423, 10.35472085821303 ], [ 77.318809224377802, 10.354660900169067 ], [ 77.319379983366616, 10.354594530091562 ], [ 77.319927812857799, 10.354748331983524 ], [ 77.31995799175975, 10.354753118905579 ], [ 77.320270200338442, 10.354802617637267 ], [ 77.320950505282909, 10.354567671352777 ], [ 77.321667393218974, 10.354057011124553 ], [ 77.322533530849611, 10.354047649343993 ], [ 77.323306421557135, 10.354039265804753 ], [ 77.323621425692991, 10.354132394037807 ], [ 77.323872556018856, 10.354206623721945 ], [ 77.323972587917325, 10.354204686680891 ], [ 77.325027588251601, 10.354184233753477 ], [ 77.327976875008673, 10.354329403999346 ], [ 77.328214294348371, 10.354252596630824 ], [ 77.328771319893121, 10.354049271793407 ], [ 77.329144042582584, 10.354077186582527 ], [ 77.329497215236557, 10.354103617658867 ], [ 77.330994648424692, 10.354551383259508 ], [ 77.331439382762284, 10.35464272629601 ], [ 77.331501388076475, 10.354655458434747 ], [ 77.332021868358822, 10.354583212730951 ], [ 77.333354019619492, 10.354447512181151 ], [ 77.334724661893517, 10.354307865029552 ], [ 77.33664221558044, 10.354136361791618 ], [ 77.336617423875254, 10.353855814080076 ], [ 77.336519181420812, 10.352744083622714 ], [ 77.336067813923165, 10.348553585343083 ], [ 77.3347623004056, 10.347007378692973 ], [ 77.332780003339465, 10.344648605905871 ], [ 77.332064699133255, 10.3437974392721 ], [ 77.329969626668046, 10.341139047898205 ], [ 77.330034042162154, 10.338209825173218 ], [ 77.330003335949101, 10.33767687443939 ], [ 77.329842877076416, 10.334891786778131 ], [ 77.330381593159032, 10.334543800314774 ], [ 77.331860848937424, 10.333771063341439 ], [ 77.332742071976597, 10.333296530380201 ], [ 77.332852889946693, 10.333241290980624 ], [ 77.334002125350906, 10.332668423562847 ], [ 77.3348650137752, 10.332108008889405 ], [ 77.334555259393838, 10.331452893161378 ], [ 77.334290030009598, 10.330891944301626 ], [ 77.334288509161794, 10.330890305824964 ], [ 77.333564246057236, 10.330109804923142 ], [ 77.332979986288038, 10.329662190052307 ], [ 77.332391146009172, 10.329200982361829 ], [ 77.331980361701127, 10.328848318936501 ], [ 77.331969416627686, 10.328835592821276 ], [ 77.331455429368205, 10.328237988894596 ], [ 77.331254592121823, 10.328034493436755 ], [ 77.330305281275642, 10.327112236099723 ], [ 77.32984420119314, 10.326687235135442 ], [ 77.329558439914734, 10.326474870095739 ], [ 77.329515576800958, 10.326443015680935 ], [ 77.329336094305532, 10.326284855335052 ], [ 77.328853777151366, 10.325859833809641 ], [ 77.328648191410409, 10.325611134780985 ], [ 77.328379119033343, 10.325285641428787 ], [ 77.328081817996818, 10.324812073107505 ], [ 77.328041330926936, 10.324747581801768 ], [ 77.327498233760664, 10.323834372605125 ], [ 77.327407465289411, 10.323679016041343 ], [ 77.327347712949987, 10.32357674586974 ], [ 77.327133180887088, 10.323242112191791 ], [ 77.327033523586081, 10.32292434764846 ], [ 77.326987174110712, 10.322776556633446 ], [ 77.326950371031828, 10.322588052662173 ], [ 77.326932452336862, 10.322496281392951 ], [ 77.326927253786295, 10.322479212146025 ], [ 77.326626786188399, 10.321492618882154 ], [ 77.326547489203307, 10.321134647669949 ], [ 77.32654467388322, 10.321121941569549 ], [ 77.326578130737644, 10.321060433148114 ], [ 77.326768416372715, 10.320710607252392 ], [ 77.327088131273925, 10.319743315578842 ], [ 77.327247990071996, 10.319227985377726 ], [ 77.327423549624584, 10.318902217633783 ], [ 77.327467210442336, 10.318821200967191 ], [ 77.327928402814251, 10.318088954119196 ], [ 77.328220602318282, 10.317645989433178 ], [ 77.328770573393115, 10.317055908289221 ], [ 77.328818753635076, 10.317004212691318 ], [ 77.329804954696684, 10.316127455189115 ], [ 77.330224332288765, 10.315699255072328 ], [ 77.330535391922197, 10.315381652600788 ], [ 77.331014780568509, 10.314965818440923 ], [ 77.331257995838428, 10.314786270613718 ], [ 77.331302474123078, 10.314753434883981 ], [ 77.331247956266836, 10.314667561564333 ], [ 77.331202029897938, 10.314595223588245 ], [ 77.330613291128699, 10.31378143192244 ], [ 77.3305280392116, 10.313657219951338 ], [ 77.330458119739788, 10.313555347768419 ], [ 77.330325814068104, 10.313157561086305 ], [ 77.330198079024598, 10.312420685838637 ], [ 77.330170908580513, 10.311879920981191 ], [ 77.3301571948994, 10.311606984887543 ], [ 77.330111677263929, 10.310752609838985 ], [ 77.330096857756686, 10.310620447693493 ], [ 77.330047816030373, 10.310183097068881 ], [ 77.329938321278732, 10.309862118177131 ], [ 77.329915229186042, 10.309715956080678 ], [ 77.329901889204052, 10.309631516697875 ], [ 77.329906395153515, 10.309625191255646 ], [ 77.330153007851848, 10.309278981588259 ], [ 77.330317418413458, 10.309030353419587 ], [ 77.330691708663124, 10.308723088386911 ], [ 77.331312668204944, 10.308203331673612 ], [ 77.331855953119103, 10.307810151756781 ], [ 77.332116162717583, 10.307593211713057 ], [ 77.332300814119151, 10.307460989026151 ], [ 77.332412873560969, 10.307380748059506 ], [ 77.332936214079169, 10.307124944434019 ], [ 77.333152503246779, 10.307019221989105 ], [ 77.333449218581734, 10.306924379327512 ], [ 77.333976922217303, 10.306819912723279 ], [ 77.334042633082021, 10.306806904662583 ], [ 77.334289109236423, 10.306721058342218 ], [ 77.334472980002019, 10.306580426621013 ], [ 77.334690923866361, 10.306413736260289 ], [ 77.334920748848674, 10.306249629221483 ], [ 77.335165664629415, 10.30607474477271 ], [ 77.335277935175299, 10.306020387067687 ], [ 77.335380262269297, 10.305970842649161 ], [ 77.335525616868821, 10.305881601338918 ], [ 77.335836730401141, 10.305690588683994 ], [ 77.336873036794401, 10.305008168754737 ], [ 77.337755569577283, 10.30447605709066 ], [ 77.337877460181545, 10.304402563380261 ], [ 77.33827076327421, 10.30409537868187 ], [ 77.338288268744151, 10.304081706754211 ], [ 77.338430357069242, 10.303883509253767 ], [ 77.3385896553186, 10.303661305074396 ], [ 77.338708318276048, 10.303489602741905 ], [ 77.33916946124063, 10.302969817951547 ], [ 77.339594052654618, 10.302386698657145 ], [ 77.339849782354733, 10.301925607440754 ], [ 77.339942697799515, 10.301804685727861 ], [ 77.340329076677961, 10.30130185188848 ], [ 77.340580804383507, 10.301063780149759 ], [ 77.34074002268278, 10.300913199209353 ], [ 77.341259147407371, 10.300577981977773 ], [ 77.341684956038563, 10.300303020059209 ], [ 77.342041061691916, 10.300077042015911 ], [ 77.341965491816964, 10.299775524700873 ], [ 77.341890468117683, 10.299292210788444 ], [ 77.341719689399, 10.298854596965935 ], [ 77.34141140735646, 10.29825928273717 ], [ 77.341180517870569, 10.297627529967176 ], [ 77.341110353158641, 10.297221087994981 ], [ 77.341155303058827, 10.297067219075563 ], [ 77.341153972653899, 10.296750923594628 ], [ 77.341189645652165, 10.296551935744107 ], [ 77.341321042228756, 10.296302820257244 ], [ 77.341593019757426, 10.295849800306225 ], [ 77.341823941582703, 10.295410452008792 ], [ 77.342046230598058, 10.295075096349624 ], [ 77.342450382644401, 10.294589850199198 ], [ 77.342959195607847, 10.294004798324659 ], [ 77.3433179180536, 10.293546900601662 ], [ 77.34364960839585, 10.293197468406461 ], [ 77.344657227090494, 10.292922212799054 ], [ 77.345030933435226, 10.292775993351908 ], [ 77.345126336315033, 10.292658179316298 ], [ 77.345475828571239, 10.292186702652442 ], [ 77.345843503627151, 10.291706146251572 ], [ 77.345988667783772, 10.291493169858015 ], [ 77.346356868354107, 10.291121057210521 ], [ 77.346724759904021, 10.290694724311729 ], [ 77.346961264758747, 10.290481266412625 ], [ 77.347184353274741, 10.290353849200166 ], [ 77.347419399265448, 10.290128183988696 ], [ 77.347425018227554, 10.290109644885623 ], [ 77.347515289032145, 10.289811783441481 ], [ 77.347615771884875, 10.289310019409351 ], [ 77.347618058097282, 10.289260860383928 ], [ 77.347634064279006, 10.288916733733581 ], [ 77.347675229576893, 10.28804879074065 ], [ 77.347666745887381, 10.28742457818511 ], [ 77.347666197915046, 10.287384294732036 ], [ 77.347725599911513, 10.287117582010117 ], [ 77.347839791055478, 10.28649374502862 ], [ 77.347921952768004, 10.286181883085725 ], [ 77.348133655137744, 10.285813441995785 ], [ 77.348223224358108, 10.28565755757243 ], [ 77.348433281912563, 10.285241612610779 ], [ 77.348501757791723, 10.285065363292013 ], [ 77.348495388736353, 10.284987998079618 ], [ 77.348447055780809, 10.284400891939821 ], [ 77.348301022953294, 10.283767979168662 ], [ 77.348290432714379, 10.283570216151313 ], [ 77.348282866204769, 10.283428896168127 ], [ 77.348297287758328, 10.283401425009172 ], [ 77.348401498619467, 10.283202933440217 ], [ 77.348428944846361, 10.283004013061538 ], [ 77.348301155903926, 10.282488658154419 ], [ 77.348260119963442, 10.282212958335554 ], [ 77.348187130049993, 10.281973367814189 ], [ 77.348191710559618, 10.28182871485166 ], [ 77.348198477568658, 10.281803613262444 ], [ 77.348228272889983, 10.281693088994082 ], [ 77.348337367891361, 10.281497582134607 ], [ 77.348419993134556, 10.281349512714714 ], [ 77.348493052218288, 10.28118676620471 ], [ 77.348622254210653, 10.280956537976243 ], [ 77.348789808875765, 10.280657965201987 ], [ 77.348999822412793, 10.280300873939495 ], [ 77.349118518607924, 10.280061278432177 ], [ 77.349298720653906, 10.279773581147493 ], [ 77.349342201808597, 10.279704160862211 ], [ 77.349460934834667, 10.279405890080845 ], [ 77.349537588976162, 10.279260682623059 ], [ 77.349616076579167, 10.279111999613711 ], [ 77.349773654554738, 10.278759037945138 ], [ 77.349789626600497, 10.278723263037124 ], [ 77.349797572199165, 10.278711934993082 ], [ 77.350017866056305, 10.278397880366525 ], [ 77.350137428227356, 10.278235434629734 ], [ 77.350373891759574, 10.277914158059946 ], [ 77.350607828330951, 10.277598044917271 ], [ 77.350661558364692, 10.277525442107144 ], [ 77.350701260307019, 10.277462762849119 ], [ 77.350807583107411, 10.27729490979975 ], [ 77.350967345785733, 10.277082495571307 ], [ 77.351127182125921, 10.276689178757779 ], [ 77.351161426802875, 10.2765837448743 ], [ 77.351168285440082, 10.276562630161992 ], [ 77.351187906442519, 10.276508507794988 ], [ 77.351296114806686, 10.276210026279115 ], [ 77.351295134744717, 10.27619232606931 ], [ 77.351277846667074, 10.275880058849246 ], [ 77.351246982350531, 10.275625792433647 ], [ 77.351232299387206, 10.27550482882393 ], [ 77.35125058010324, 10.275143227339575 ], [ 77.35125058010324, 10.27510725579452 ], [ 77.351250582798201, 10.2748493938977 ], [ 77.351284687337937, 10.274696047956331 ], [ 77.351300848928219, 10.27462337907018 ], [ 77.351312976184559, 10.274547285015153 ], [ 77.351341907326585, 10.274365756318415 ], [ 77.351373900825436, 10.274040235690507 ], [ 77.351332860393384, 10.273764535571027 ], [ 77.351316708684578, 10.27363766405996 ], [ 77.351278181738664, 10.273335039581536 ], [ 77.351189253017097, 10.27309182535107 ], [ 77.351182299158495, 10.273072805282535 ], [ 77.351146189579012, 10.272946575215927 ], [ 77.35101808083634, 10.272498725368548 ], [ 77.350971337898869, 10.272344359131255 ], [ 77.350894873301868, 10.272091838259533 ], [ 77.350764320243329, 10.271906194400199 ], [ 77.35071685416203, 10.271838697559724 ], [ 77.350639319671529, 10.271653400047732 ], [ 77.350635465898975, 10.271641741164833 ], [ 77.350557134602838, 10.2714047696357 ], [ 77.350397438399838, 10.270857732011073 ], [ 77.350273323566896, 10.270352946680436 ], [ 77.350265164169187, 10.270319759828674 ], [ 77.350118321959584, 10.27004339529052 ], [ 77.350082622910193, 10.269976207425463 ], [ 77.350056414561777, 10.269917519351539 ], [ 77.349854516405031, 10.269465410001443 ], [ 77.349718083872915, 10.269172631992836 ], [ 77.349635422697105, 10.268995246705913 ], [ 77.349512207077794, 10.268660667371568 ], [ 77.349252116955284, 10.268014283827466 ], [ 77.349096887175875, 10.267548949934939 ], [ 77.349069636781721, 10.267467260668218 ], [ 77.349052175329248, 10.267423681147093 ], [ 77.348955512113065, 10.267182434419521 ], [ 77.348668087154778, 10.266400426042232 ], [ 77.348563126200347, 10.266016133282156 ], [ 77.348389774706718, 10.265491779615024 ], [ 77.348363617562271, 10.265365863855372 ], [ 77.348293990042905, 10.265030679604997 ], [ 77.348161924221429, 10.264394420347902 ], [ 77.348161676286409, 10.264393228798635 ], [ 77.348093233644903, 10.263900480369593 ], [ 77.348096743362717, 10.263523316209318 ], [ 77.348097902189423, 10.263398715854985 ], [ 77.347782900748541, 10.263565961058244 ], [ 77.34762437055879, 10.26362461672089 ], [ 77.347367614084263, 10.263719618240083 ], [ 77.3470638236181, 10.263807700246529 ], [ 77.346915672563128, 10.263850655320143 ], [ 77.346249338218001, 10.264031361801347 ], [ 77.345934375404639, 10.264203118295644 ], [ 77.345895380436502, 10.264247594574607 ], [ 77.345783744999508, 10.264374920661515 ], [ 77.345682541697897, 10.264392316573977 ], [ 77.345573788954667, 10.264411010107317 ], [ 77.345263389582954, 10.264383859933108 ], [ 77.344980464285911, 10.264329578140432 ], [ 77.34474308267545, 10.264198445793282 ], [ 77.34453156625699, 10.264152815966625 ], [ 77.344282123865483, 10.264099005274018 ], [ 77.343917025177831, 10.263985931720979 ], [ 77.343515389312614, 10.263832185390521 ], [ 77.343004247915971, 10.263578987695428 ], [ 77.342955684093383, 10.263552970662133 ], [ 77.342666544251188, 10.263398067925973 ], [ 77.341831120918428, 10.264071540390567 ], [ 77.341580075034187, 10.264193552306043 ], [ 77.34145908544015, 10.264174042000027 ], [ 77.341383841653638, 10.264161909049957 ], [ 77.341227995629964, 10.264133446204461 ], [ 77.340516698808202, 10.264003537148575 ], [ 77.340220491919666, 10.263973954337093 ], [ 77.339973559421097, 10.263949292416102 ], [ 77.339512545813946, 10.264179783185263 ], [ 77.339006825750019, 10.264394721770964 ], [ 77.338704613623833, 10.264523165096609 ], [ 77.337946887376617, 10.264938967609394 ], [ 77.337788970736199, 10.264994150029295 ], [ 77.337015751245275, 10.265264342917277 ], [ 77.336843000724556, 10.265420491089149 ], [ 77.336805756572858, 10.265454154896293 ], [ 77.33666442732418, 10.265516525389673 ], [ 77.336048053681864, 10.265788528129828 ], [ 77.335845720740522, 10.265907617096113 ], [ 77.335564263290649, 10.266073277847459 ], [ 77.335233447907484, 10.266292364329718 ], [ 77.334916021015317, 10.266502583931235 ], [ 77.334504224305945, 10.26679116308315 ], [ 77.334322619091452, 10.266918427155019 ], [ 77.333637968996001, 10.267311571382654 ], [ 77.333266954902186, 10.267566318271076 ], [ 77.333071856093824, 10.267700277796159 ], [ 77.332469363219289, 10.268097958255774 ], [ 77.332340920303324, 10.268180705421459 ], [ 77.331802885143716, 10.268527319930762 ], [ 77.330858021856486, 10.269101300100262 ], [ 77.330173260369918, 10.269471864417644 ], [ 77.33016443801553, 10.269481005963902 ], [ 77.329977049447265, 10.269675187299923 ], [ 77.329607213044767, 10.270059426998399 ], [ 77.329442748584242, 10.270173384070635 ], [ 77.329150755692737, 10.270375705018306 ], [ 77.329033891162467, 10.270439578092063 ], [ 77.32888604104312, 10.270520386205231 ], [ 77.328552722953575, 10.271049197983318 ], [ 77.328251454058432, 10.270981332365187 ], [ 77.32821411738027, 10.270972260692 ], [ 77.327544062213221, 10.270809476132829 ], [ 77.327076876281723, 10.270708288412392 ], [ 77.326603800096905, 10.270605821625539 ], [ 77.325932796308919, 10.270391344248065 ], [ 77.325896401065194, 10.270379711836274 ], [ 77.325861720705305, 10.270367478357102 ], [ 77.325357837696131, 10.270189726912625 ], [ 77.325152111817985, 10.2701088550725 ], [ 77.325070310329892, 10.270076697965147 ], [ 77.325061172666821, 10.26999986562403 ], [ 77.325029343559663, 10.269520628756483 ], [ 77.32502242293873, 10.269391952336141 ], [ 77.324983883416422, 10.268675375911373 ], [ 77.324979516705838, 10.26846259613276 ], [ 77.324979336144438, 10.268453804592296 ], [ 77.324956580919974, 10.268001750605059 ], [ 77.324933246282171, 10.267782577797735 ], [ 77.324897384637708, 10.267445744926714 ], [ 77.324829153998593, 10.266189059027027 ], [ 77.324822492990791, 10.265696077384296 ], [ 77.324820116048528, 10.26552006466731 ], [ 77.324813473905323, 10.26543420358407 ], [ 77.324792837806598, 10.265167435210968 ], [ 77.324692504972518, 10.264787710026157 ], [ 77.324373066752457, 10.264376252757076 ], [ 77.324167719065031, 10.26413209466117 ], [ 77.324084676105215, 10.263988928276744 ], [ 77.324044489970959, 10.263919648607727 ], [ 77.323743320788836, 10.263481138075559 ], [ 77.323395142767865, 10.26303878974179 ], [ 77.323387443307553, 10.263029008918991 ], [ 77.323131934592993, 10.262685346944005 ], [ 77.323009918224557, 10.262531797101117 ], [ 77.322912828308631, 10.262409618363371 ], [ 77.322794235419792, 10.262206161755396 ], [ 77.322534120144454, 10.261835457219279 ], [ 77.322295181753589, 10.261530256235515 ], [ 77.322123485855016, 10.261310942817282 ], [ 77.321849741340174, 10.260913092948233 ], [ 77.320506842635425, 10.259028645613451 ], [ 77.32022213508084, 10.258646165731758 ], [ 77.319846620427469, 10.25814169328539 ], [ 77.319518093053333, 10.257689601583376 ], [ 77.319385755042305, 10.257477053086227 ], [ 77.319210961752646, 10.257251001095694 ], [ 77.319057189040635, 10.257052131571731 ], [ 77.318805176569143, 10.256705544271462 ], [ 77.318610063387737, 10.256437205698512 ], [ 77.318404185694277, 10.256109195949808 ], [ 77.318272416316844, 10.255899256732558 ], [ 77.318122383291339, 10.255708638153106 ], [ 77.318094484313562, 10.255673191240124 ], [ 77.317629095910945, 10.255022130630593 ], [ 77.3171865040553, 10.254393715022166 ], [ 77.316570514891936, 10.253557249973168 ], [ 77.316439058128211, 10.253367056941347 ], [ 77.316223706801765, 10.253055484092398 ], [ 77.315897792626785, 10.252603273748877 ], [ 77.315721846798624, 10.252359146351978 ], [ 77.315420575208535, 10.25192191129273 ], [ 77.315093521969771, 10.251447256096604 ], [ 77.314772731785183, 10.25121767362441 ], [ 77.314439124438124, 10.250909629262623 ], [ 77.314371186649808, 10.250846896997064 ], [ 77.314340079788153, 10.250812740145738 ], [ 77.313527047862166, 10.249920009221064 ], [ 77.311524044628769, 10.24751924393162 ], [ 77.310538508320448, 10.246330144774985 ], [ 77.310262339252645, 10.246238032220097 ], [ 77.310063884338405, 10.246171839094952 ], [ 77.308493965191673, 10.245622301256226 ], [ 77.307453506785194, 10.245258089679073 ], [ 77.307275266659772, 10.245206435368852 ], [ 77.306079885697741, 10.244860008372294 ], [ 77.304117513264629, 10.244181441255479 ], [ 77.303697550869302, 10.244701204269699 ], [ 77.303029870847851, 10.245704591084634 ], [ 77.302693045735452, 10.246210768221152 ], [ 77.302606122951929, 10.246323743810308 ], [ 77.302400925283166, 10.246590444079503 ], [ 77.302104194676829, 10.246857053073599 ], [ 77.301894140715589, 10.24729552386288 ], [ 77.301517412438287, 10.248058162715107 ], [ 77.301291328939158, 10.2485158346046 ], [ 77.300695011982199, 10.249380517248611 ], [ 77.300515179143758, 10.249641283440987 ], [ 77.300377518614695, 10.249886281883686 ], [ 77.300040293751962, 10.250486452748319 ], [ 77.299702451746668, 10.250902250712683 ], [ 77.299277852247855, 10.251403897131603 ], [ 77.299227680440907, 10.251439340986467 ], [ 77.298758061871624, 10.252458421720149 ], [ 77.298643151177103, 10.25270777861447 ], [ 77.297247920217174, 10.252697275267977 ], [ 77.296781034322962, 10.252693758830246 ], [ 77.296196788926821, 10.251437626075402 ], [ 77.29615612668546, 10.251407645185074 ], [ 77.295809458732492, 10.250607452441404 ], [ 77.295572168750198, 10.250268322399727 ], [ 77.295330433005532, 10.249856927587821 ], [ 77.295280245028934, 10.249737773357369 ], [ 77.295157140800725, 10.249445503070412 ], [ 77.294933622890028, 10.249011479915124 ], [ 77.294381715047479, 10.247718438559021 ], [ 77.294208445300526, 10.24723471001656 ], [ 77.294118764689088, 10.246838045572364 ], [ 77.294089873971231, 10.24671026602025 ], [ 77.294035508828529, 10.246524810592687 ], [ 77.293975921779122, 10.24632154267753 ], [ 77.293939542705075, 10.245892093429584 ], [ 77.293792731038167, 10.245244732559295 ], [ 77.293725251390669, 10.244947179807385 ], [ 77.293623154265362, 10.244640692251544 ], [ 77.293561109425326, 10.244454440902283 ], [ 77.293533855437929, 10.244047570788217 ], [ 77.293438109401663, 10.243613564109181 ], [ 77.293196427555955, 10.24299419835077 ], [ 77.292936380552561, 10.242582777301489 ], [ 77.292887002856332, 10.242460434401169 ], [ 77.292772153247256, 10.242175880033551 ], [ 77.292625160120679, 10.241885717305559 ], [ 77.292252241598476, 10.241149581057952 ], [ 77.291839658863211, 10.24005463212524 ], [ 77.291828082274151, 10.240023909360735 ], [ 77.291604585923025, 10.239580860846582 ], [ 77.291298792213809, 10.238643062381811 ], [ 77.290870464706543, 10.237329467845825 ], [ 77.290706401792946, 10.236524771750062 ], [ 77.290350713856213, 10.235530135969853 ], [ 77.290116529349817, 10.234866245741287 ], [ 77.289830825563612, 10.234056302024831 ], [ 77.289470495133486, 10.233382689740916 ], [ 77.289155759593896, 10.232808438878312 ], [ 77.288941314667596, 10.23261399625723 ], [ 77.288088161286083, 10.231863375776594 ], [ 77.288088563731321, 10.231863193666557 ], [ 77.288120102682598, 10.231784678589717 ], [ 77.288127738362533, 10.231765671953339 ], [ 77.288273852038472, 10.231401513420598 ], [ 77.289196589820207, 10.229341581857087 ], [ 77.289645883107866, 10.228448629602308 ], [ 77.28989835911004, 10.227946838139001 ], [ 77.289956258225047, 10.227836547025158 ], [ 77.290088553116945, 10.227584537901045 ], [ 77.290502086269768, 10.22683487090489 ], [ 77.290963035198232, 10.225999240200839 ], [ 77.29148576665871, 10.225000245793163 ], [ 77.291932216778505, 10.22414702737586 ], [ 77.292308087164741, 10.223563573621412 ], [ 77.292857476131275, 10.222710764199103 ], [ 77.293468626070194, 10.221846561410365 ], [ 77.293718979353343, 10.221492543144604 ], [ 77.29371960008919, 10.221491665274771 ], [ 77.293853203826473, 10.22110109960378 ], [ 77.294662379284944, 10.218735602691549 ], [ 77.294955000098867, 10.217900167282487 ], [ 77.294955628021228, 10.217898372624026 ], [ 77.294349267001081, 10.216906516374687 ], [ 77.293866692030463, 10.216114264904535 ], [ 77.293366113024916, 10.215292447977905 ], [ 77.292900295227582, 10.215208331722359 ], [ 77.289790652005792, 10.214732487344991 ], [ 77.289538953944657, 10.214557206649548 ], [ 77.288455371014649, 10.212916439426559 ], [ 77.287546588560815, 10.211604854110309 ], [ 77.287234339557969, 10.211127054045058 ], [ 77.287281289107966, 10.209782728774709 ], [ 77.287299839318592, 10.20925155155915 ], [ 77.287299850996689, 10.209251189965425 ], [ 77.284039403096557, 10.208717136789566 ], [ 77.283117347136113, 10.208648399377607 ], [ 77.283151937664442, 10.208461567287763 ], [ 77.283224525132681, 10.208069507403442 ], [ 77.283671816075568, 10.208090326084644 ], [ 77.283899944140302, 10.206932447990319 ], [ 77.284564038985437, 10.20553978437446 ], [ 77.284605143197894, 10.205453584361999 ], [ 77.284605934613637, 10.20545192313282 ], [ 77.285110476087908, 10.204930170312219 ], [ 77.285873111628163, 10.204358936772008 ], [ 77.285874760036705, 10.204357701676141 ], [ 77.285420502658781, 10.203717763111799 ], [ 77.285154452214357, 10.203370771895221 ], [ 77.285098702767826, 10.203126963826406 ], [ 77.285020718221361, 10.202550684081864 ], [ 77.28491532697393, 10.201771873396339 ], [ 77.28493445480126, 10.201663323747363 ], [ 77.284959957073852, 10.201518597013267 ], [ 77.284870183935951, 10.200902022566474 ], [ 77.284819223408178, 10.200552007255173 ], [ 77.284792907261945, 10.200477859938482 ], [ 77.284740737601808, 10.200330863137093 ], [ 77.283876615790675, 10.198465260206319 ], [ 77.283447318102915, 10.197538409665302 ], [ 77.283318743134615, 10.197257149110289 ], [ 77.283129715140944, 10.196843645080328 ], [ 77.282964398179203, 10.19658668327112 ], [ 77.282456107136952, 10.19614576331063 ], [ 77.281271904810296, 10.19555384393016 ], [ 77.280842277440826, 10.194647868135675 ], [ 77.280724803852792, 10.194400144634727 ], [ 77.280724235219239, 10.194398944865547 ], [ 77.280053399416175, 10.194745586899879 ], [ 77.279226067209194, 10.195173090336963 ], [ 77.279225131164651, 10.195171731427088 ], [ 77.278784158971476, 10.194531196180026 ], [ 77.278565111975951, 10.19421301684023 ], [ 77.278364667293374, 10.193790950430564 ], [ 77.277911698099544, 10.192837151916178 ], [ 77.277583522865001, 10.191794407770235 ], [ 77.277511144704249, 10.191401199199904 ], [ 77.277476293664492, 10.191211860172649 ], [ 77.277534127202458, 10.191002901901985 ], [ 77.277620299892718, 10.190691549050184 ], [ 77.277596655336126, 10.190483754856515 ], [ 77.277529512556868, 10.189674985423888 ], [ 77.277461039372639, 10.189304121071311 ], [ 77.277403607381586, 10.188993062749917 ], [ 77.277328089608915, 10.188721534440621 ], [ 77.277241644729131, 10.188410715155442 ], [ 77.277162998124311, 10.18813986095727 ], [ 77.27647643731224, 10.187604729079968 ], [ 77.276117704086673, 10.186874435200458 ], [ 77.276114241081245, 10.186867383185053 ], [ 77.27611302027077, 10.18686490136367 ], [ 77.276033784371151, 10.186643084629978 ], [ 77.275610029288686, 10.185456799257857 ], [ 77.2753048024164, 10.184418497753898 ], [ 77.275313364259361, 10.183970330280657 ], [ 77.275316113104111, 10.183826446959676 ], [ 77.275339825034379, 10.182886265727204 ], [ 77.275344563647494, 10.18262412383109 ], [ 77.275377239865946, 10.180816272119657 ], [ 77.275367692571123, 10.180404933321936 ], [ 77.275316824569828, 10.178213280145391 ], [ 77.275366704424286, 10.177820050409217 ], [ 77.27537872388281, 10.177725289344412 ], [ 77.275378773290157, 10.177724901189494 ], [ 77.275477655345028, 10.177501948117824 ], [ 77.276274263372699, 10.175705784610962 ], [ 77.276205615915316, 10.17566089275028 ], [ 77.274703448605635, 10.175269125850832 ], [ 77.274702899735004, 10.17526898261263 ], [ 77.27460691744183, 10.172902688186428 ], [ 77.274606856356399, 10.172901216889121 ], [ 77.273907994014792, 10.172723059004054 ], [ 77.274242413438884, 10.170153829671426 ], [ 77.274253468106764, 10.170068890687983 ], [ 77.274250211713849, 10.170047140228377 ], [ 77.274187877616299, 10.16963074406492 ], [ 77.273889029680831, 10.168829919404256 ], [ 77.273888083754869, 10.168827381737701 ], [ 77.273547095849437, 10.167894049604106 ], [ 77.273547076984784, 10.167893997435909 ], [ 77.273546774252523, 10.167893168933958 ], [ 77.273224956395268, 10.166618261973156 ], [ 77.272990735057988, 10.165690364833052 ], [ 77.272990599412353, 10.165689827231503 ], [ 77.272990147559781, 10.165687695393801 ], [ 77.272916133566895, 10.165337598997043 ], [ 77.272788856664164, 10.164289649796078 ], [ 77.272827556086597, 10.163705198669147 ], [ 77.272831964119717, 10.16363863115291 ], [ 77.272853522788225, 10.163484835414621 ], [ 77.272925147262427, 10.162973889849054 ], [ 77.27332769671429, 10.162068493563552 ], [ 77.273147965385519, 10.161626258811756 ], [ 77.273031378434695, 10.160980415424497 ], [ 77.27305197770248, 10.160521110043009 ], [ 77.273056516889596, 10.160419899595167 ], [ 77.273219726403681, 10.15995928121268 ], [ 77.273300007044, 10.159732703663387 ], [ 77.273300235216055, 10.159732060828491 ], [ 77.273699187813534, 10.159079748115213 ], [ 77.27393432183915, 10.158424692064138 ], [ 77.273942877393907, 10.158400859327035 ], [ 77.274140786132477, 10.157672487297564 ], [ 77.274080189376676, 10.157267189862434 ], [ 77.274065816332126, 10.157171050365928 ], [ 77.273997124857303, 10.157042810387166 ], [ 77.273215457609439, 10.155583500374092 ], [ 77.273252870644399, 10.155555494691578 ], [ 77.273379244740269, 10.155460896797472 ], [ 77.273623820059527, 10.155383576071763 ], [ 77.273625356178655, 10.15538309239162 ], [ 77.273374851978531, 10.15433554384215 ], [ 77.27337192886057, 10.153598895734419 ], [ 77.273440605962378, 10.153068134292623 ], [ 77.273473736728363, 10.152812085160068 ], [ 77.273526271104473, 10.152544315981086 ], [ 77.273576666591936, 10.152287451150666 ], [ 77.273526472327134, 10.151121656319694 ], [ 77.272896568260009, 10.151015609567233 ], [ 77.272896401173355, 10.151015582155368 ], [ 77.272915836224513, 10.150927569726086 ], [ 77.273089186819846, 10.150142552928356 ], [ 77.273289229057212, 10.149207774429824 ], [ 77.273438610804121, 10.148509716914543 ], [ 77.273558888932456, 10.148108938828948 ], [ 77.273623271188868, 10.147894410686908 ], [ 77.273123375801248, 10.14724552865647 ], [ 77.272473058417617, 10.1465117566628 ], [ 77.272472643395957, 10.146511288001797 ], [ 77.272448069083055, 10.146309679693456 ], [ 77.272279387032256, 10.144925773772531 ], [ 77.272221963126029, 10.144385143621754 ], [ 77.272203567425635, 10.144211952723312 ], [ 77.272173315760142, 10.144100263790291 ], [ 77.271814709197045, 10.142776281927448 ], [ 77.271804991222268, 10.142324691381646 ], [ 77.271797886446706, 10.141994448883656 ], [ 77.272068865048794, 10.141279401877968 ], [ 77.272313075652036, 10.140787449714772 ], [ 77.272394804376589, 10.140622811418323 ], [ 77.272557561139777, 10.140251586824366 ], [ 77.272703299319872, 10.140160564871946 ], [ 77.272848900057767, 10.140069627784891 ], [ 77.274303477318639, 10.139856204034142 ], [ 77.27453117329371, 10.139755843922734 ], [ 77.27454520138518, 10.139075605401636 ], [ 77.274558009564501, 10.138454463314746 ], [ 77.27455801675103, 10.138454128169457 ], [ 77.274652208701823, 10.138319717200156 ], [ 77.274653290273434, 10.138318173232086 ], [ 77.274665679837838, 10.138086548756208 ], [ 77.274683026305951, 10.137762234592508 ], [ 77.274711669088802, 10.137160061558513 ], [ 77.274716784096015, 10.137052536067355 ], [ 77.274212115959315, 10.13634493882196 ], [ 77.274225690401551, 10.135914540192182 ], [ 77.274228365584477, 10.135829674357794 ], [ 77.274227570575434, 10.135827983584683 ], [ 77.274117890770839, 10.135595005220008 ], [ 77.274169701104853, 10.134835920028889 ], [ 77.274169707393042, 10.134835853706512 ], [ 77.274169726257682, 10.134835562772347 ], [ 77.274175375762496, 10.134808295432816 ], [ 77.274330889409541, 10.134057650795116 ], [ 77.274359609447473, 10.133776948947 ], [ 77.274383624109987, 10.133542222595359 ], [ 77.274449073564938, 10.13344411989859 ], [ 77.274528762215496, 10.133324672763605 ], [ 77.274591187042901, 10.13296742939653 ], [ 77.274631544755337, 10.132873524313668 ], [ 77.274772028689384, 10.132546641275976 ], [ 77.274772105944493, 10.132546462646445 ], [ 77.274499662190152, 10.131720399028714 ], [ 77.274462285087822, 10.131572164396866 ], [ 77.27436988437772, 10.131205692204139 ], [ 77.27436946935606, 10.131103009842496 ], [ 77.274369025588285, 10.130993311341191 ], [ 77.274177148138563, 10.129769206166884 ], [ 77.274052919219599, 10.129485014602237 ], [ 77.273284165253941, 10.128913994575436 ], [ 77.271889546046708, 10.128114847280777 ], [ 77.271312992924337, 10.127687729918796 ], [ 77.270563739586891, 10.127423942165581 ], [ 77.269691715296176, 10.127251106440825 ], [ 77.268897482414133, 10.127141085614005 ], [ 77.268409293871315, 10.127138491020482 ], [ 77.268359318795419, 10.127138656388231 ], [ 77.268359036724405, 10.127138657272527 ], [ 77.268208889612879, 10.126836605412008 ], [ 77.267995800244321, 10.126407926404802 ], [ 77.26769430407542, 10.125901125745004 ], [ 77.26769267632811, 10.125898387881156 ], [ 77.267247474866565, 10.125145827278692 ], [ 77.267247196388837, 10.125145355049129 ], [ 77.267241475917118, 10.125123520179015 ], [ 77.267140725366431, 10.124738935809363 ], [ 77.267081523694245, 10.124134495662354 ], [ 77.26706948716776, 10.124011611213925 ], [ 77.267083238578138, 10.123869769367959 ], [ 77.267126470899484, 10.123423850809832 ], [ 77.267392107220573, 10.122683993136372 ], [ 77.267775592625469, 10.121615887433894 ], [ 77.267776409194056, 10.121613612924895 ], [ 77.266582658674253, 10.121694882395115 ], [ 77.266592595837906, 10.119341512756288 ], [ 77.267313035712633, 10.119191525830521 ], [ 77.267719516192201, 10.119106901418579 ], [ 77.26902896163574, 10.118922014705364 ], [ 77.270942281562768, 10.11870228743487 ], [ 77.27150174872844, 10.118638033734708 ], [ 77.272880697723892, 10.118602984568183 ], [ 77.273782815576595, 10.118580045592783 ], [ 77.27596817142279, 10.118377351432311 ], [ 77.277856714017659, 10.11835804001881 ], [ 77.27811236556434, 10.118355424130035 ], [ 77.278160252955516, 10.118355116378407 ], [ 77.278778417838495, 10.118351141253243 ], [ 77.279387495364077, 10.11824531712508 ], [ 77.280388944429319, 10.118071317081302 ], [ 77.281665199818079, 10.117929928047852 ], [ 77.28185344807406, 10.117909069888054 ], [ 77.283039632982593, 10.117773819024272 ], [ 77.282778956260159, 10.119826040184634 ], [ 77.28246829098714, 10.121258926394635 ], [ 77.282466025435994, 10.121273563919509 ], [ 77.282349389077822, 10.12202744064839 ], [ 77.282376045685567, 10.122454783091381 ], [ 77.282385759168719, 10.122610514881774 ], [ 77.28248597342521, 10.123139520089927 ], [ 77.282524917189377, 10.123243173342399 ], [ 77.282672822105994, 10.123636830953771 ], [ 77.283479999711247, 10.124717428996645 ], [ 77.284145860644244, 10.125377657423243 ], [ 77.284363980578377, 10.125511081606676 ], [ 77.284681439809916, 10.125705272028894 ], [ 77.285003431940353, 10.125902232917323 ], [ 77.285664825551422, 10.126413291583605 ], [ 77.285746043134608, 10.126466227066441 ], [ 77.286730777247357, 10.127108013830473 ], [ 77.286804613373818, 10.12715613496341 ], [ 77.286809707719797, 10.127159455583053 ], [ 77.286809745449034, 10.127159480344014 ], [ 77.286810473982712, 10.127158894040196 ], [ 77.286814712234246, 10.127155475261066 ], [ 77.287004014214062, 10.127004185846912 ], [ 77.287188470681244, 10.126856768800119 ], [ 77.287850132888607, 10.126404882570018 ], [ 77.288388645053658, 10.125975620217215 ], [ 77.289233828581985, 10.125225281219828 ], [ 77.289533993447648, 10.124958814588403 ], [ 77.289748948617046, 10.125136887636819 ], [ 77.290172605783127, 10.125487848645088 ], [ 77.290802481104137, 10.126072462386185 ], [ 77.29117141290314, 10.126414878940764 ], [ 77.291353140288479, 10.126837530411123 ], [ 77.291659319374972, 10.127549618868814 ], [ 77.291732203287239, 10.127961062775814 ], [ 77.291781448032793, 10.128832258246963 ], [ 77.291786631311993, 10.12892391658559 ], [ 77.291822243224786, 10.12910733222742 ], [ 77.291977990433821, 10.129909436840995 ], [ 77.292201439174193, 10.13037060339526 ], [ 77.292329588341062, 10.130537401137808 ], [ 77.292420266082488, 10.130655427340956 ], [ 77.292549098867283, 10.130820374075791 ], [ 77.292748676675615, 10.131075896055197 ], [ 77.293086221338584, 10.131288494403266 ], [ 77.293179009222598, 10.131320114606234 ], [ 77.295157309683972, 10.131994289982979 ], [ 77.295372994285387, 10.132079800607464 ], [ 77.295636326427797, 10.13218420086212 ], [ 77.296425483828486, 10.132704285338258 ], [ 77.297574953693001, 10.133604208613784 ], [ 77.29836861883976, 10.134074515288669 ], [ 77.29836864758586, 10.134074531206073 ], [ 77.299591187313908, 10.134608244968149 ], [ 77.299591222348198, 10.134608259116948 ], [ 77.300056569428307, 10.134780126106513 ], [ 77.300395246866813, 10.134821794247362 ], [ 77.300535560120949, 10.134839049560592 ], [ 77.30080014002327, 10.13491596670181 ], [ 77.301595302661624, 10.135481814400249 ], [ 77.302077446440919, 10.135824910657556 ], [ 77.302378456621256, 10.135951517883713 ], [ 77.302483383439707, 10.136001263023775 ], [ 77.303440253608983, 10.135660939223314 ], [ 77.304007381607448, 10.135459216201692 ], [ 77.304805815011719, 10.135491057067421 ], [ 77.30546051437733, 10.135345862623357 ], [ 77.306475707666436, 10.135120714362882 ], [ 77.306917041880681, 10.135210660672856 ], [ 77.306986660416896, 10.135224846569423 ], [ 77.30698669904443, 10.135224855412408 ], [ 77.307602552562187, 10.135392282901551 ], [ 77.307798642212305, 10.135564101718703 ], [ 77.308501234358957, 10.13579478093714 ], [ 77.30874297818842, 10.13592595821329 ], [ 77.309045993408489, 10.135951478974716 ], [ 77.309226638323935, 10.135966694158091 ], [ 77.309438181691874, 10.135930117054075 ], [ 77.309879050578786, 10.13585388460095 ], [ 77.310074243710275, 10.13583094774342 ], [ 77.310148262194716, 10.135822249812163 ], [ 77.310805231603027, 10.135709400410853 ], [ 77.31084130884318, 10.135702601059617 ], [ 77.31084849716207, 10.135701246318252 ], [ 77.311092738308034, 10.135655221365104 ], [ 77.311276292866651, 10.135673613838105 ], [ 77.311589961207687, 10.135705042600611 ], [ 77.312114686029759, 10.135596660622538 ], [ 77.312315086694909, 10.135550350026676 ], [ 77.313013530421571, 10.135388944681228 ], [ 77.314377865623968, 10.134548436288249 ], [ 77.314765701569797, 10.13424560526477 ], [ 77.31497193409777, 10.134125423574918 ], [ 77.316262307409545, 10.133373445578775 ], [ 77.316585799726511, 10.133226149956462 ], [ 77.31658690195934, 10.133225649441108 ], [ 77.316887436930912, 10.133088795602424 ], [ 77.317254887407984, 10.132860763810708 ], [ 77.317608353811025, 10.132641397155384 ], [ 77.318225876398586, 10.132230424398045 ], [ 77.318749081271221, 10.131882210349309 ], [ 77.318749113610565, 10.131882185588742 ], [ 77.318880537136636, 10.131780135723055 ], [ 77.319488296833683, 10.131308179985121 ], [ 77.320118772229321, 10.130779292596369 ], [ 77.320264001064672, 10.130657457716342 ], [ 77.320264040590544, 10.130657423228277 ], [ 77.321377434113259, 10.129798752807583 ], [ 77.321838374956883, 10.129366189433295 ], [ 77.322070959563732, 10.129147919589505 ], [ 77.323113022361284, 10.128150022750004 ], [ 77.323722841895304, 10.127566038892535 ], [ 77.324493820987897, 10.127968509611433 ], [ 77.324548100790608, 10.127986452407944 ], [ 77.325027496623463, 10.128144911399174 ], [ 77.325146115563456, 10.128280559371682 ], [ 77.32522819822421, 10.12852917510053 ], [ 77.325296521389788, 10.129008370388826 ], [ 77.325288386246584, 10.129381549072297 ], [ 77.325278191266406, 10.129849204583373 ], [ 77.325182178430538, 10.130839108169599 ], [ 77.325117329948512, 10.131186256875235 ], [ 77.324857921647279, 10.132574963783211 ], [ 77.324871544598565, 10.132737697886011 ], [ 77.325473626943008, 10.134077542248933 ], [ 77.325560220044821, 10.134270239207185 ], [ 77.325575060213296, 10.134318732439766 ], [ 77.325760828220808, 10.134925764724491 ], [ 77.325825956977226, 10.135031178341819 ], [ 77.325897692842531, 10.135147283965164 ], [ 77.325998825177237, 10.135297679050113 ], [ 77.326153103640749, 10.135527108065174 ], [ 77.326239749743181, 10.135662669790658 ], [ 77.326267029781704, 10.136146369625752 ], [ 77.326205276894143, 10.136583123361547 ], [ 77.326203110157664, 10.136598446398738 ], [ 77.326276050663793, 10.137104771202953 ], [ 77.326490382402397, 10.137547775568782 ], [ 77.326814248418529, 10.137868789779496 ], [ 77.327156382574259, 10.138153630054211 ], [ 77.32748480843874, 10.138506289680672 ], [ 77.327690066294664, 10.13892220197669 ], [ 77.327936314276982, 10.139722401156684 ], [ 77.328273745752213, 10.140739546392947 ], [ 77.328998933223176, 10.142339931022162 ], [ 77.329286656422155, 10.142674183358704 ], [ 77.329290803045538, 10.142679001782282 ], [ 77.329359240297137, 10.142701613620037 ], [ 77.329746269555798, 10.142495804365126 ], [ 77.329852021926001, 10.142439564332273 ], [ 77.329852057858631, 10.142439543109615 ], [ 77.331124870004913, 10.141673500706446 ], [ 77.331759329428834, 10.141291642088785 ], [ 77.331968243427937, 10.14116621483485 ], [ 77.333821805625632, 10.140053358729913 ], [ 77.335546553903129, 10.139045536118324 ], [ 77.336468246045897, 10.138480627636604 ], [ 77.337435581588238, 10.137908221149809 ], [ 77.337499415872344, 10.137870448707405 ], [ 77.337852495101501, 10.137695596242098 ], [ 77.338129052241499, 10.137558637312797 ], [ 77.338416514030726, 10.137436643184179 ], [ 77.33923317694709, 10.137133869715774 ], [ 77.339233202099933, 10.137133859104287 ], [ 77.33941488097625, 10.137041073871739 ], [ 77.340693271660442, 10.136388173728395 ], [ 77.341468922890826, 10.136022109395638 ], [ 77.341492267410132, 10.136030776371166 ], [ 77.341541951431864, 10.136049200657231 ], [ 77.342847656290573, 10.136587129211035 ], [ 77.343353086198675, 10.136795345769846 ], [ 77.344890482738862, 10.137609213436622 ], [ 77.344986315013344, 10.137690622108462 ], [ 77.345062699660275, 10.137888439585659 ], [ 77.345187048953491, 10.138210474808877 ], [ 77.34535530520283, 10.138654508725574 ], [ 77.34551080986671, 10.139064888732033 ], [ 77.345726371398925, 10.139672898004099 ], [ 77.345925915071305, 10.140235728086159 ], [ 77.346117488890471, 10.140687775213779 ], [ 77.346328403437724, 10.14088508856848 ], [ 77.34644131538073, 10.140990722179991 ], [ 77.347623362649017, 10.141708696794726 ], [ 77.348138465616088, 10.142021567937141 ], [ 77.348539960445791, 10.142256681581069 ], [ 77.348983290716617, 10.142508925269485 ], [ 77.349279019701413, 10.142677178403792 ], [ 77.349464711352098, 10.142710271572115 ], [ 77.349464987134908, 10.142710320207325 ], [ 77.350091164091907, 10.14282189997483 ], [ 77.350529146691841, 10.142916865926287 ], [ 77.350687564592178, 10.143084104582247 ], [ 77.35088036281509, 10.143287638219554 ], [ 77.351253697257263, 10.143816100851195 ], [ 77.351391311073954, 10.144010894753524 ], [ 77.351614839764409, 10.144490107569487 ], [ 77.351823142010844, 10.144815262052871 ], [ 77.351979755195771, 10.145059718612256 ], [ 77.351979777653668, 10.145059749561712 ], [ 77.351998785106758, 10.145080564394647 ], [ 77.352153168673155, 10.145249597872091 ], [ 77.352435120196432, 10.145670359582464 ], [ 77.352559134418044, 10.145855413914614 ], [ 77.353143080675252, 10.146510939600962 ], [ 77.353143101336485, 10.146510966128925 ], [ 77.353699641790982, 10.147247825090204 ], [ 77.353707184046101, 10.147256792411772 ], [ 77.353882137235885, 10.147464789811396 ], [ 77.354061213692844, 10.147816664571069 ], [ 77.354142126747107, 10.147975640776238 ], [ 77.354142142018489, 10.147975669956873 ], [ 77.354190718417456, 10.148083556981058 ], [ 77.354274456673295, 10.148269506559149 ], [ 77.354346494372564, 10.148349846986752 ], [ 77.354420407754134, 10.148432267175524 ], [ 77.354495357791535, 10.148458394427534 ], [ 77.354666792280383, 10.148518146570337 ], [ 77.354881247088159, 10.148536239424667 ], [ 77.355141330922478, 10.148459421054225 ], [ 77.355369446410776, 10.148445889212455 ], [ 77.355615824648794, 10.14850920227488 ], [ 77.355919837897133, 10.148741174685084 ], [ 77.356131344434161, 10.148902551195572 ], [ 77.356224695561878, 10.148945845420752 ], [ 77.356345792055436, 10.149001989695057 ], [ 77.356751826970594, 10.149336540145752 ], [ 77.357053553108216, 10.149610296663861 ], [ 77.357075730715934, 10.149630416174567 ], [ 77.357075775631714, 10.149630455081898 ], [ 77.357249072328116, 10.14977510542206 ], [ 77.357499990651604, 10.149815806887867 ], [ 77.357942567235895, 10.149892670029832 ], [ 77.358064179362415, 10.149975668125123 ], [ 77.358147896956993, 10.150032801701597 ], [ 77.358271066762242, 10.150227172683991 ], [ 77.358349298345374, 10.150300942601064 ], [ 77.358458129242067, 10.150403568406528 ], [ 77.358675079569707, 10.150545416193388 ], [ 77.358686227662389, 10.150552705106758 ], [ 77.358824613131873, 10.150589345975579 ], [ 77.359420766595449, 10.150747189842177 ], [ 77.360244577406561, 10.15100691027984 ], [ 77.360324208564904, 10.151032016008775 ], [ 77.360346364613079, 10.151035812109411 ], [ 77.360693747625007, 10.151095328559602 ], [ 77.360693778167757, 10.151095332980853 ], [ 77.361053924443254, 10.151092644850474 ], [ 77.361295997056118, 10.151090833015198 ], [ 77.361441237569565, 10.151063132006858 ], [ 77.361793364584543, 10.150995972946111 ], [ 77.362153811795636, 10.150882981221137 ], [ 77.362386496115477, 10.150747356966253 ], [ 77.362934036349159, 10.150308930081872 ], [ 77.363161181656963, 10.150086491089985 ], [ 77.363326433939974, 10.149924660668542 ], [ 77.36397432766897, 10.149264732175922 ], [ 77.364396783787541, 10.148788126230613 ], [ 77.364795704045648, 10.14833807305132 ], [ 77.365060321677205, 10.14798099940414 ], [ 77.36607323863538, 10.146954898342933 ], [ 77.36607326468652, 10.146954870930751 ], [ 77.366223977736695, 10.146804001162748 ], [ 77.366511249083075, 10.146516422934864 ], [ 77.367223043571514, 10.145933293146857 ], [ 77.367390135604253, 10.145788471291175 ], [ 77.367551618556348, 10.145648510193766 ], [ 77.367884670744559, 10.145386343941167 ], [ 77.368007205440904, 10.145055479421412 ], [ 77.368117364047521, 10.144758001094457 ], [ 77.368400264191749, 10.143853886740883 ], [ 77.368637612564555, 10.143094516926595 ], [ 77.368673464327557, 10.143009706934963 ], [ 77.368696867237333, 10.142954346846887 ], [ 77.369217005261589, 10.142818737802878 ], [ 77.369317304857958, 10.142795722743369 ], [ 77.369318127714777, 10.142795534392524 ], [ 77.36953188183665, 10.142746483580146 ], [ 77.36996528572358, 10.142529477637947 ], [ 77.370007777833138, 10.142484568739237 ], [ 77.370102128785732, 10.142384841709692 ], [ 77.370139964028866, 10.142313668860691 ], [ 77.370193445229305, 10.142213068111326 ], [ 77.370439788433046, 10.141851450398422 ], [ 77.370439809992618, 10.141851421217225 ], [ 77.370488601987248, 10.141799450370698 ], [ 77.370622289267871, 10.141657035422874 ], [ 77.370818516360202, 10.141489762419111 ], [ 77.37100100282197, 10.141078418115406 ], [ 77.371256502553393, 10.140599273590151 ], [ 77.371457261646356, 10.140183346669943 ], [ 77.371575919213925, 10.139735908607097 ], [ 77.371758452388079, 10.139206936969167 ], [ 77.371835200852686, 10.139248455974366 ], [ 77.37185879510362, 10.139261213570133 ], [ 77.371858822053071, 10.139261224181585 ], [ 77.371879989954451, 10.139265593439164 ], [ 77.372077860065431, 10.139306430652265 ], [ 77.372571994557148, 10.139697555405 ], [ 77.372803197555058, 10.13988055987995 ], [ 77.373720280442114, 10.140572266720122 ], [ 77.373754725443348, 10.140621622942872 ], [ 77.374016799944357, 10.140997125260997 ], [ 77.374596212404285, 10.141932901321907 ], [ 77.374753369069992, 10.142126486677068 ], [ 77.375084361421258, 10.142534197024675 ], [ 77.375389301730976, 10.142794622703622 ], [ 77.375481346708256, 10.142873230439523 ], [ 77.375983167185524, 10.143130889829306 ], [ 77.375983209406357, 10.143130913704752 ], [ 77.376303544145088, 10.143207383180686 ], [ 77.377119245864122, 10.143402102289905 ], [ 77.377543541732365, 10.143492551195619 ], [ 77.378424129662662, 10.143818056864234 ], [ 77.379751792041887, 10.144315325922207 ], [ 77.380436160066367, 10.144613656213711 ], [ 77.382293089149741, 10.14540473585542 ], [ 77.382726520884418, 10.14555847131342 ], [ 77.382781666663092, 10.145582231612829 ], [ 77.383146254209336, 10.145739318362113 ], [ 77.383584223334552, 10.145911064425258 ], [ 77.383584261962099, 10.145911076804982 ], [ 77.383949259140152, 10.146037688887416 ], [ 77.384300544433685, 10.146358608815499 ], [ 77.384444063775049, 10.146479954031703 ], [ 77.38467474844505, 10.146674996560598 ], [ 77.385002883255424, 10.147046628428756 ], [ 77.385281503825638, 10.14736218163319 ], [ 77.38554611786391, 10.147741907244271 ], [ 77.385809633262639, 10.148022985930625 ], [ 77.385811137042396, 10.148024589097442 ], [ 77.385842697553286, 10.148058252061945 ], [ 77.386093255652355, 10.148392525841151 ], [ 77.38676437172974, 10.14928785730271 ], [ 77.387859417162773, 10.150648530913298 ], [ 77.38810576934965, 10.150992044206944 ], [ 77.388105796299101, 10.150992076924357 ], [ 77.388312596562372, 10.151191563612844 ], [ 77.388452531625731, 10.151326549248964 ], [ 77.388697052147762, 10.151524770364032 ], [ 77.388803876208087, 10.151611365173121 ], [ 77.388893928722055, 10.151701843592386 ], [ 77.389447269377499, 10.152257780136463 ], [ 77.389780312582559, 10.15256513563279 ], [ 77.390081432357391, 10.152899674400214 ], [ 77.390104334007248, 10.15292349958902 ], [ 77.390628937556741, 10.153469297004618 ], [ 77.390797993306705, 10.153636714070624 ], [ 77.390799404560013, 10.153638111179916 ], [ 77.39096209394954, 10.15379922259981 ], [ 77.391746849605354, 10.154468234422643 ], [ 77.392399294199564, 10.155186972857839 ], [ 77.392750697172417, 10.155539578351577 ], [ 77.393042699945397, 10.155923848095124 ], [ 77.393307398425321, 10.156577498908785 ], [ 77.393348402026476, 10.156678748595068 ], [ 77.393859467066335, 10.158175014587476 ], [ 77.393888491633163, 10.15828149224104 ], [ 77.393982690770486, 10.158627036378492 ], [ 77.394069404246537, 10.159092641092196 ], [ 77.39425514979618, 10.159938439052343 ], [ 77.394306678957477, 10.160173054091363 ], [ 77.394703669634367, 10.16122183116088 ], [ 77.394831548408348, 10.161492418172395 ], [ 77.395105266872037, 10.162071597186545 ], [ 77.395329977745405, 10.16256639919083 ], [ 77.395433757415248, 10.16279488730188 ], [ 77.39545849701814, 10.162773772102055 ], [ 77.395710387318772, 10.162559195436558 ], [ 77.395890064748642, 10.162406135735898 ], [ 77.396948555037824, 10.161402534069239 ], [ 77.397861093347814, 10.160543587101643 ], [ 77.398069594121893, 10.160353870773724 ], [ 77.39836290304531, 10.160086984179289 ], [ 77.399521813305171, 10.159879005596627 ], [ 77.399521856424286, 10.159878999407013 ], [ 77.400876974013528, 10.159689066932669 ], [ 77.401042652098013, 10.159661493998041 ], [ 77.402697474615508, 10.159386065159165 ], [ 77.403719025281873, 10.159204364582733 ], [ 77.404121035744581, 10.159132855045341 ], [ 77.404700640443991, 10.158986320217751 ], [ 77.405462477381903, 10.158793700915936 ], [ 77.40606108594119, 10.158729118362718 ], [ 77.407264722420663, 10.158599252904896 ], [ 77.407780269155495, 10.158556422439817 ], [ 77.408300442214028, 10.158513205559238 ], [ 77.40858226168497, 10.158473334610557 ], [ 77.408747546307353, 10.158449939572446 ], [ 77.408793036993345, 10.156971708884011 ], [ 77.408790091417515, 10.156038753303116 ], [ 77.40879007524785, 10.156033828087656 ], [ 77.408788390906679, 10.155502568436841 ], [ 77.40879747826412, 10.155023390678899 ], [ 77.409033952576152, 10.153831863652869 ], [ 77.409071114981103, 10.153644612159285 ], [ 77.40910598758046, 10.153527190409459 ], [ 77.409112600977551, 10.153504925076916 ], [ 77.409284001330406, 10.152927795267521 ], [ 77.409472547827065, 10.152292955607624 ], [ 77.40959489836878, 10.152033859610627 ], [ 77.409673196427249, 10.151868051927478 ], [ 77.409860245432341, 10.151420431236762 ], [ 77.409923729373489, 10.151053501601801 ], [ 77.409942350550978, 10.150945840179244 ], [ 77.40994235683921, 10.150945804809083 ], [ 77.409987968797765, 10.150475633439067 ], [ 77.410014568811647, 10.149486833952462 ], [ 77.410037949263526, 10.148617731092179 ], [ 77.410074443321946, 10.148278687843296 ], [ 77.410348141124416, 10.147831111651048 ], [ 77.41062210842145, 10.147609301416704 ], [ 77.410772479213492, 10.147487557825798 ], [ 77.410852096897102, 10.147187569563963 ], [ 77.410909253105359, 10.146972216669655 ], [ 77.411004999141625, 10.146352878768539 ], [ 77.411041454572469, 10.145878237752356 ], [ 77.411119997871026, 10.145595834317129 ], [ 77.411120854863825, 10.145592751756736 ], [ 77.41116466300528, 10.145435239602081 ], [ 77.41142925638232, 10.145019339300356 ], [ 77.411762308570516, 10.144657631907728 ], [ 77.4125607096355, 10.14423718808891 ], [ 77.412811775282691, 10.144057758565488 ], [ 77.412952991343673, 10.143956834720036 ], [ 77.412962477553066, 10.143952680404825 ], [ 77.413018103930398, 10.143928321331543 ], [ 77.413018903431009, 10.143927971159343 ], [ 77.413071635436495, 10.143904856256702 ], [ 77.413076294099568, 10.143902813585393 ], [ 77.413190254376488, 10.143852859215164 ], [ 77.414116037447059, 10.143780094115606 ], [ 77.414860124573309, 10.143721573766211 ], [ 77.415988743641762, 10.143617089727398 ], [ 77.41671702940215, 10.14354964790533 ], [ 77.417004451665534, 10.143441121791438 ], [ 77.417096799375045, 10.143344221202117 ], [ 77.417159552087554, 10.143278343605107 ], [ 77.417354578132361, 10.142951162569339 ], [ 77.41767958770383, 10.142405856563194 ], [ 77.417830128277458, 10.142206938296532 ], [ 77.418260121261241, 10.141885402286801 ], [ 77.418331914618761, 10.141831714175964 ], [ 77.418733389685528, 10.141510644689372 ], [ 77.419668693999796, 10.141207681413555 ], [ 77.419914386823265, 10.141075914715676 ], [ 77.420553749251994, 10.140732955839006 ], [ 77.420803395561023, 10.140612847324775 ], [ 77.421023636417573, 10.140506831578586 ], [ 77.421297968430608, 10.140328760877116 ], [ 77.421420566907315, 10.140249168309365 ], [ 77.421564164402099, 10.140150505261365 ], [ 77.421822000651574, 10.139973329257421 ], [ 77.422652255078205, 10.139127898570347 ], [ 77.423147613973654, 10.138695268199253 ], [ 77.423190592071791, 10.138657730185905 ], [ 77.423655924778842, 10.138449733256467 ], [ 77.424490787562888, 10.137993059020722 ], [ 77.424910513701278, 10.137834797672367 ], [ 77.425603945726962, 10.137459501224855 ], [ 77.425603972676441, 10.137459486191913 ], [ 77.42656653457135, 10.136898828361502 ], [ 77.427074385439127, 10.136450213138398 ], [ 77.427196031701641, 10.136342744888164 ], [ 77.427312482108576, 10.136263057595087 ], [ 77.427579264679949, 10.136080494085787 ], [ 77.427694853602503, 10.136025767724185 ], [ 77.427884911963801, 10.135935773891026 ], [ 77.428041232297971, 10.135926914136519 ], [ 77.428523659046576, 10.135899532815717 ], [ 77.428946731409425, 10.135918625636577 ], [ 77.429422437861362, 10.135940047690058 ], [ 77.429794458068301, 10.135907420730367 ], [ 77.429938005257441, 10.135894822174228 ], [ 77.430952325384112, 10.135872683838448 ], [ 77.431397948155535, 10.135862952166857 ], [ 77.431523437410831, 10.135868014758438 ], [ 77.431621522660066, 10.135871967559124 ], [ 77.431858738082198, 10.135804129710746 ], [ 77.431971277224349, 10.13575072532414 ], [ 77.432287591103858, 10.135600613426583 ], [ 77.432519711281728, 10.135537622349215 ], [ 77.432670797132729, 10.135496616639474 ], [ 77.433054005856505, 10.135288607046709 ], [ 77.433395907348583, 10.135023591951182 ], [ 77.433409809675922, 10.13501281412951 ], [ 77.43343019424637, 10.134997951735691 ], [ 77.43380671501285, 10.134723438148523 ], [ 77.433999686610619, 10.134631418905256 ], [ 77.434167074189105, 10.134551588814535 ], [ 77.434632496727673, 10.13450175501954 ], [ 77.43561805369724, 10.134279852430922 ], [ 77.435877949783688, 10.134221328577638 ], [ 77.436201485219783, 10.1341661208393 ], [ 77.436726481333068, 10.134076526187801 ], [ 77.436954574363483, 10.133999647754353 ], [ 77.43704576683956, 10.133909302284858 ], [ 77.437054976367833, 10.133900171878302 ], [ 77.43712614719287, 10.133697903018867 ], [ 77.437191770921004, 10.133511369301349 ], [ 77.437259661098608, 10.133190824712573 ], [ 77.437287511567348, 10.133059322662071 ], [ 77.437287519652187, 10.13305929259578 ], [ 77.437506012387161, 10.132734459564391 ], [ 77.437533816143514, 10.132693125419213 ], [ 77.437533843991304, 10.132693083856894 ], [ 77.437573335727819, 10.132654985375906 ], [ 77.437575116188711, 10.132653266288315 ], [ 77.437707153264114, 10.132525839777632 ], [ 77.437834030416525, 10.13247493212168 ], [ 77.437898726184997, 10.132448953897867 ], [ 77.438030605156911, 10.132429973177056 ], [ 77.438181625430886, 10.132408235192145 ], [ 77.438838611907201, 10.132534690783068 ], [ 77.439147706026787, 10.132653566067489 ], [ 77.439308525123892, 10.132715408116173 ], [ 77.43978311317332, 10.132891636622013 ], [ 77.439940557299892, 10.132931458582506 ], [ 77.439997515878829, 10.13294586211863 ], [ 77.439997547319848, 10.132945869193035 ], [ 77.440239283962811, 10.132986499400168 ], [ 77.440239327980265, 10.132986502937378 ], [ 77.440430211893315, 10.132993641918715 ], [ 77.441562374815547, 10.133035968213449 ], [ 77.442497699791033, 10.132968013921095 ], [ 77.442623175571626, 10.133001152307338 ], [ 77.442908310724292, 10.133076435697348 ], [ 77.442908346656878, 10.13307646576364 ], [ 77.443259658899876, 10.133338560733735 ], [ 77.443546139728838, 10.133914407353725 ], [ 77.443875839404399, 10.134577030098454 ], [ 77.444259222401357, 10.135422328651646 ], [ 77.444784063106113, 10.136272048215831 ], [ 77.445932340007914, 10.136047993594593 ], [ 77.446754915635481, 10.135887463952233 ], [ 77.447255729101343, 10.13582053516301 ], [ 77.448109881409451, 10.135706341631328 ], [ 77.448534165599625, 10.135611353203732 ], [ 77.4489607737314, 10.135556526836533 ], [ 77.449414698732681, 10.135498181844261 ], [ 77.44988919066239, 10.13549356581659 ], [ 77.450760640929616, 10.135687760805155 ], [ 77.451226032027193, 10.135827804072701 ], [ 77.451892181319394, 10.136035609927657 ], [ 77.452124862045949, 10.136058157680759 ], [ 77.452576461308951, 10.135854595574536 ], [ 77.453425055740425, 10.135447570899698 ], [ 77.453677755423101, 10.135311448438937 ], [ 77.45368125705609, 10.135309559580563 ], [ 77.45384467767424, 10.135221521611809 ], [ 77.453844706420355, 10.135221503041555 ], [ 77.454437729255133, 10.134810015393164 ], [ 77.454556312262554, 10.134678885412358 ], [ 77.454750545993264, 10.134374162111039 ], [ 77.45508077028498, 10.133856009888763 ], [ 77.455691966038003, 10.133137106847318 ], [ 77.455928373874684, 10.13289916735199 ], [ 77.455983920301975, 10.132843252827216 ], [ 77.456125284584971, 10.132576519274915 ], [ 77.456513015427888, 10.132255468813039 ], [ 77.45651305495376, 10.132255430787891 ], [ 77.456687071200719, 10.132081297737388 ], [ 77.456996467154227, 10.131771684403446 ], [ 77.456996507578438, 10.131771669370249 ], [ 77.457183547600351, 10.131708335313709 ], [ 77.457183578143102, 10.131708344156758 ], [ 77.457712888864705, 10.13205631078867 ], [ 77.45813265093571, 10.13227318233457 ], [ 77.458374453155685, 10.132399658317761 ], [ 77.458611664984531, 10.132440002079278 ], [ 77.4588261647081, 10.132476446051522 ], [ 77.459232204114841, 10.132444709234344 ], [ 77.460299691031551, 10.132037613906842 ], [ 77.460911874931384, 10.131598678581927 ], [ 77.461024990791969, 10.131517567258797 ], [ 77.461658942667739, 10.130907140732322 ], [ 77.462206284373721, 10.130210166415548 ], [ 77.462283806287815, 10.13011144368136 ], [ 77.462283828745711, 10.130111409193193 ], [ 77.463209943294601, 10.129984610417939 ], [ 77.464122310026397, 10.129618226610765 ], [ 77.464584587563195, 10.129352684198837 ], [ 77.465185141873334, 10.12900766116868 ], [ 77.46564590844379, 10.128767988004583 ], [ 77.465648177588221, 10.128775312785999 ], [ 77.465650152085203, 10.128781648903084 ], [ 77.465778311133505, 10.12919288695312 ], [ 77.465769224674432, 10.12934206624729 ], [ 77.465510353565747, 10.129396324179471 ], [ 77.465445329013903, 10.129409956753198 ], [ 77.46531807816234, 10.129475856655958 ], [ 77.464834054209135, 10.129726541633595 ], [ 77.46466539731118, 10.130026904390375 ], [ 77.464587800836938, 10.130165092192954 ], [ 77.464432801026248, 10.130644302722988 ], [ 77.464451096115312, 10.130870325171855 ], [ 77.464930247606389, 10.13124540560416 ], [ 77.46504362936831, 10.131313160407974 ], [ 77.465194902068902, 10.131403557898903 ], [ 77.465952416313698, 10.132067881047869 ], [ 77.466492183425189, 10.132595438970018 ], [ 77.466650634563209, 10.132750300987761 ], [ 77.46694725916835, 10.133021450606272 ], [ 77.467558789992964, 10.13369937184356 ], [ 77.467618628570662, 10.133795382205626 ], [ 77.467786994414496, 10.13406547420116 ], [ 77.467965036012217, 10.134494884898761 ], [ 77.468120387064189, 10.135358249854093 ], [ 77.468207188575136, 10.135769590005557 ], [ 77.468207274813423, 10.136125695699443 ], [ 77.46820755059619, 10.137170947191612 ], [ 77.468376531786006, 10.137835417559662 ], [ 77.468376537175885, 10.137835454699852 ], [ 77.46838571616145, 10.138047877012477 ], [ 77.468267229273806, 10.138513476290637 ], [ 77.468277202370075, 10.138602349007099 ], [ 77.468299229060847, 10.138798302727928 ], [ 77.468399652624768, 10.138988137063979 ], [ 77.468778399416536, 10.139250231620895 ], [ 77.468778447027233, 10.139250264339504 ], [ 77.468901238641749, 10.13932486712997 ], [ 77.469179961619901, 10.139494229062137 ], [ 77.469308169177253, 10.139578295416385 ], [ 77.469517641030166, 10.139715645220539 ], [ 77.469470550444655, 10.140085443201452 ], [ 77.469467556359788, 10.140108951001752 ], [ 77.469066232209983, 10.140651484271901 ], [ 77.469066214243668, 10.14065150991609 ], [ 77.468787994322099, 10.141022260956115 ], [ 77.468450469422066, 10.141397544387399 ], [ 77.468362714798616, 10.141582452629637 ], [ 77.46826810333458, 10.141781809002339 ], [ 77.468268083571601, 10.141781840836396 ], [ 77.468085663585185, 10.142093800216438 ], [ 77.468044633932891, 10.142252032048241 ], [ 77.468455342782491, 10.142581922338435 ], [ 77.468579595057648, 10.142666094879864 ], [ 77.46880216344907, 10.142816893202571 ], [ 77.469094256053594, 10.143164898175675 ], [ 77.469655517154891, 10.14344502144222 ], [ 77.469760427803664, 10.143331971342731 ], [ 77.469979312204117, 10.142929595963402 ], [ 77.470316825426053, 10.142518141205622 ], [ 77.470864115029727, 10.141867083565533 ], [ 77.470864142877502, 10.14186704377299 ], [ 77.471293057882946, 10.142025145727848 ], [ 77.47160791559341, 10.142196839841988 ], [ 77.471639644089251, 10.142332896593787 ], [ 77.471649030585652, 10.142373127685797 ], [ 77.472196587887311, 10.142580926642625 ], [ 77.47238820482562, 10.142585391356832 ], [ 77.472476681694559, 10.142821207586524 ], [ 77.472566273372792, 10.143059994808628 ], [ 77.47262597271164, 10.143249502090125 ], [ 77.472698701215378, 10.143480365009653 ], [ 77.472730692917565, 10.143683791398008 ], [ 77.472635017848233, 10.14414941697096 ], [ 77.472635010661733, 10.144149441730585 ], [ 77.472448059572983, 10.144542750025733 ], [ 77.472005558447179, 10.144759853642029 ], [ 77.47168624329629, 10.144981444782958 ], [ 77.471686256771022, 10.144981483690849 ], [ 77.471827782750751, 10.145320398675493 ], [ 77.471967392624038, 10.145583101733154 ], [ 77.472055995257122, 10.145749797824523 ], [ 77.472525891405823, 10.145514634573331 ], [ 77.472525929135088, 10.145514616887958 ], [ 77.4728954044148, 10.14533823173536 ], [ 77.473552395382697, 10.145283799648498 ], [ 77.473994957593931, 10.145292727232913 ], [ 77.474178347760855, 10.145314566918961 ], [ 77.474373658571608, 10.145337826740002 ], [ 77.474601878264522, 10.145667758949093 ], [ 77.474807370580677, 10.146296049607228 ], [ 77.474907874992994, 10.146748072263737 ], [ 77.474976419144099, 10.147168425243217 ], [ 77.474976432618845, 10.147168458845229 ], [ 77.47540077789445, 10.147416932585848 ], [ 77.475400822810201, 10.147416962650817 ], [ 77.475838908716369, 10.147710675084889 ], [ 77.475920573660545, 10.147730265925857 ], [ 77.476660088361996, 10.147907668430689 ], [ 77.476742355177407, 10.147927403394331 ], [ 77.476952243848615, 10.147968027280047 ], [ 77.477112897655687, 10.147950294288266 ], [ 77.477198614001793, 10.147940832683593 ], [ 77.477618320377246, 10.147777973664203 ], [ 77.478028907055972, 10.147633200393186 ], [ 77.478357671585329, 10.147542032866852 ], [ 77.478877470046385, 10.147397888200612 ], [ 77.478950445586818, 10.147311976671737 ], [ 77.479246788120932, 10.146561478940539 ], [ 77.479671116328561, 10.146611089793039 ], [ 77.480341854215197, 10.146800749719329 ], [ 77.480702379579782, 10.147049272379894 ], [ 77.481055695964173, 10.147369072700352 ], [ 77.481446279856428, 10.147722603789381 ], [ 77.481711033133621, 10.148111285659397 ], [ 77.481811551918952, 10.14858590567953 ], [ 77.481720450172716, 10.149101264575725 ], [ 77.481570031769976, 10.149530756805904 ], [ 77.481273577844746, 10.149937696379812 ], [ 77.481063787988262, 10.150231591310243 ], [ 77.480979562845548, 10.150525188861128 ], [ 77.480904267855053, 10.150787660393975 ], [ 77.480904422365256, 10.151298475106332 ], [ 77.480972432917099, 10.151846943964484 ], [ 77.481018759036331, 10.152220621288004 ], [ 77.481059927927461, 10.152306061078164 ], [ 77.481160297592496, 10.152514410664553 ], [ 77.481548253912536, 10.1529301703586 ], [ 77.48206454804567, 10.153407035409003 ], [ 77.482634460821487, 10.153933400703819 ], [ 77.482782592113537, 10.154028066252293 ], [ 77.483136483419699, 10.15425415797163 ], [ 77.48336899436471, 10.153784011800754 ], [ 77.483779553195617, 10.15352168685798 ], [ 77.484055191359104, 10.15342672758967 ], [ 77.484212948997708, 10.153372367618172 ], [ 77.484380933057537, 10.153279253729837 ], [ 77.484637205340093, 10.153137180787452 ], [ 77.485011259332822, 10.152874878304788 ], [ 77.485367019134785, 10.152490524432098 ], [ 77.485658932076248, 10.152178515054169 ], [ 77.486046626088267, 10.151857463018249 ], [ 77.486046649444475, 10.151857445333221 ], [ 77.486215425818372, 10.151744376982499 ], [ 77.486215445581308, 10.151744346917964 ], [ 77.486379613597791, 10.151540904429794 ], [ 77.486411481332496, 10.151319388569922 ], [ 77.486530021220744, 10.151075276344255 ], [ 77.486530035593802, 10.15107524893239 ], [ 77.486739773348006, 10.150727134952275 ], [ 77.486739797602539, 10.15072709958209 ], [ 77.486749697935281, 10.150714436174084 ], [ 77.486881162783831, 10.150546271267919 ], [ 77.486881184343403, 10.150546240318997 ], [ 77.487305303243573, 10.149931317352527 ], [ 77.48730532570147, 10.149931289056328 ], [ 77.487460370427883, 10.149750446144377 ], [ 77.487514801147597, 10.149615498750816 ], [ 77.48755152158148, 10.149524397224187 ], [ 77.487610760982861, 10.149298326922107 ], [ 77.487505478431572, 10.148141136563128 ], [ 77.487505483821451, 10.148141109151009 ], [ 77.487591345694639, 10.148002388817408 ], [ 77.487692920000441, 10.147838281250795 ], [ 77.487751731803783, 10.147743261934695 ], [ 77.487751756956627, 10.147743241596636 ], [ 77.488079696832557, 10.147971443184325 ], [ 77.488258280114394, 10.148095691704631 ], [ 77.488431902899279, 10.148226104362575 ], [ 77.488655319300292, 10.148393917667745 ], [ 77.488655350741354, 10.148393945079839 ], [ 77.489358163873575, 10.1490401330976 ], [ 77.489634750657956, 10.149257374261104 ], [ 77.490042749290339, 10.149577810809504 ], [ 77.49069078585147, 10.150183339235994 ], [ 77.490690818190785, 10.150183369300683 ], [ 77.491644675410626, 10.151037435598981 ], [ 77.49205543456587, 10.151385369738271 ], [ 77.49241143960792, 10.151746890909878 ], [ 77.492698141422395, 10.152059138572115 ], [ 77.493050448100419, 10.152442789100265 ], [ 77.493616447814858, 10.153143319235419 ], [ 77.493949658106587, 10.153563614297239 ], [ 77.493949677869523, 10.153563637287675 ], [ 77.494584138191755, 10.1542369151998 ], [ 77.494774890950737, 10.154459720920391 ], [ 77.494886701559196, 10.154590321097158 ], [ 77.494940107301176, 10.154652692108675 ], [ 77.494940127064112, 10.154652715983266 ], [ 77.495172911995255, 10.154955476421918 ], [ 77.495505700977091, 10.154796202157442 ], [ 77.495702113122391, 10.154702187639465 ], [ 77.496364193046347, 10.156094257911807 ], [ 77.496592470231434, 10.156437705230038 ], [ 77.496784203950725, 10.156830957748282 ], [ 77.497272680852774, 10.157572103592468 ], [ 77.497415555203759, 10.157755339244153 ], [ 77.497551127149805, 10.157929165651399 ], [ 77.497813471145378, 10.158256066104245 ], [ 77.498080661551896, 10.158588960436417 ], [ 77.498279359011278, 10.158870286904685 ], [ 77.498569091741558, 10.159280434082326 ], [ 77.498722152089542, 10.15948683028228 ], [ 77.498833898019313, 10.159637465938316 ], [ 77.49892356785098, 10.159731596608012 ], [ 77.498987695884182, 10.159798914764339 ], [ 77.499407239664592, 10.160201383881281 ], [ 77.499407260325825, 10.160201403334304 ], [ 77.499790393591141, 10.160603863986481 ], [ 77.499790427727106, 10.160603908197857 ], [ 77.500013859399544, 10.160965540972903 ], [ 77.500351466944565, 10.160848174080433 ], [ 77.500351493894016, 10.160848162585463 ], [ 77.500903611942348, 10.160608856332825 ], [ 77.500903649671613, 10.16060883864828 ], [ 77.500955397123533, 10.160584241217437 ], [ 77.501369188991177, 10.16038753244084 ], [ 77.501586313591972, 10.16031753608207 ], [ 77.50177526792379, 10.160256572982229 ], [ 77.501998881954194, 10.16021598956304 ], [ 77.502272649825258, 10.160198045035431 ], [ 77.502468860747911, 10.160216189398602 ], [ 77.50273347298959, 10.160275079875621 ], [ 77.502957030426131, 10.160302229212146 ], [ 77.503290134716636, 10.160315975419778 ], [ 77.503362264044071, 10.160306064108806 ], [ 77.503454378191606, 10.160293378974341 ], [ 77.503610886273691, 10.160296099743853 ], [ 77.503723523332212, 10.160298050350763 ], [ 77.503933473088836, 10.160266500210847 ], [ 77.504095169839985, 10.160275605991284 ], [ 77.504257413665115, 10.160284708234588 ], [ 77.504284252630868, 10.160286613745953 ], [ 77.504936885871302, 10.160332141758511 ], [ 77.504973784171597, 10.16033469982975 ], [ 77.505130709970274, 10.160355197999689 ], [ 77.505425394214399, 10.160393656602022 ], [ 77.505909045366735, 10.160434515877689 ], [ 77.506310499772269, 10.160525111171779 ], [ 77.506310531213288, 10.160525118245587 ], [ 77.506570592589739, 10.160570381840289 ], [ 77.506782002108693, 10.160578246157069 ], [ 77.506817004963722, 10.160579545971055 ], [ 77.506817042692973, 10.160579545971055 ], [ 77.507040548925573, 10.160566039400345 ], [ 77.507332623563769, 10.160615832884698 ], [ 77.507426052844906, 10.16064114565277 ], [ 77.507483145272801, 10.160656593982761 ], [ 77.507752322752722, 10.160733574774641 ], [ 77.50794841240284, 10.160756290559551 ], [ 77.507948452827037, 10.1607562949807 ], [ 77.508055210412024, 10.160767705926157 ], [ 77.50837276666158, 10.160801631049214 ], [ 77.508678502878638, 10.160801731851029 ], [ 77.50892029072557, 10.160765629761913 ], [ 77.509058360886414, 10.160774380069018 ], [ 77.50920780102382, 10.160783810346196 ], [ 77.509399409877318, 10.160761299703806 ], [ 77.509636644164061, 10.160797555648857 ], [ 77.509837438291299, 10.160842852805562 ], [ 77.509968353370937, 10.16084289613268 ], [ 77.510092851784464, 10.160842903206476 ], [ 77.510521783857911, 10.1608611987358 ], [ 77.510639949148683, 10.160842535368266 ], [ 77.510749947855231, 10.16082514086469 ], [ 77.511016760969355, 10.160818221792132 ], [ 77.511438956576455, 10.160807229971891 ], [ 77.511566697009869, 10.160834422590307 ], [ 77.511636517667, 10.160853098337489 ], [ 77.51180390344885, 10.160897844613345 ], [ 77.511880022194433, 10.160983124693225 ], [ 77.511908843742006, 10.16101538214321 ], [ 77.511957370733654, 10.1610736561676 ], [ 77.511995481759612, 10.161119410429858 ], [ 77.512109765430054, 10.161197838587418 ], [ 77.512114113275999, 10.161200824616895 ], [ 77.512114149208628, 10.161200853796334 ], [ 77.512538206125015, 10.161585200737896 ], [ 77.512538242955969, 10.161585228148859 ], [ 77.512684203019944, 10.161671157065937 ], [ 77.512843857002139, 10.161811381726269 ], [ 77.513167763442453, 10.162127952254654 ], [ 77.513221293151886, 10.162178619992002 ], [ 77.513368421924071, 10.162317854100664 ], [ 77.513514388276278, 10.162489669959351 ], [ 77.513514424208893, 10.16248970974935 ], [ 77.513674046750026, 10.162652484351323 ], [ 77.513777535365719, 10.162790550197506 ], [ 77.513806193419924, 10.162828775072516 ], [ 77.513806223962618, 10.162828813978232 ], [ 77.513938512566327, 10.162991599018186 ], [ 77.514079889425759, 10.163131776235582 ], [ 77.514191076603382, 10.163218179562978 ], [ 77.514248658613113, 10.163262893675817 ], [ 77.514499588614683, 10.16338960234428 ], [ 77.514499625445609, 10.163389620912866 ], [ 77.514700310876691, 10.163489087624507 ], [ 77.514955764794038, 10.163588685169586 ], [ 77.514955803421614, 10.163588717885675 ], [ 77.51519753557298, 10.163810258847311 ], [ 77.515358065412556, 10.16395501241735 ], [ 77.515398185969801, 10.163991181346789 ], [ 77.515398211122616, 10.163991204336437 ], [ 77.515690440271058, 10.164303198651844 ], [ 77.515694689302364, 10.164307737337165 ], [ 77.515822356073926, 10.164511134566206 ], [ 77.515822356972237, 10.164511163745352 ], [ 77.51585880162331, 10.164746297115286 ], [ 77.515936268740163, 10.16495877760687 ], [ 77.516013782569388, 10.165189280016493 ], [ 77.516049158225286, 10.165273117682165 ], [ 77.516095853552059, 10.165383719597715 ], [ 77.516123366254263, 10.165484661441214 ], [ 77.516155034562971, 10.165600735679712 ], [ 77.516221727286293, 10.165732938804704 ], [ 77.516278219639588, 10.165844861574728 ], [ 77.516325258122791, 10.165975132594873 ], [ 77.516364767825607, 10.166084482223274 ], [ 77.516487898104998, 10.16631963742503 ], [ 77.516553743717012, 10.16646480366901 ], [ 77.516569925070186, 10.1665004647774 ], [ 77.516656689750249, 10.166455273643647 ], [ 77.516656724784525, 10.166455260380491 ], [ 77.516889353408828, 10.166383056591153 ], [ 77.517090224791176, 10.166292689315634 ], [ 77.517090274198523, 10.166292666326139 ], [ 77.517215691588618, 10.166240846229176 ], [ 77.517505462946446, 10.166121099207158 ], [ 77.517738147266286, 10.166030774299719 ], [ 77.517738182300562, 10.166030763689159 ], [ 77.517955506327382, 10.166341300601514 ], [ 77.518048285228232, 10.166473862409706 ], [ 77.518212491872262, 10.166627609846309 ], [ 77.518372167414029, 10.166785820701133 ], [ 77.518372197956737, 10.166785851648489 ], [ 77.51855465028251, 10.166962247963028 ], [ 77.518709678839329, 10.16714306610964 ], [ 77.518709701297183, 10.167143090867484 ], [ 77.518901244573669, 10.167337575238587 ], [ 77.518948990929331, 10.167416476690011 ], [ 77.519010724053956, 10.167518431193699 ], [ 77.519109174917517, 10.167616071615383 ], [ 77.519206848738364, 10.167712903841597 ], [ 77.519375593671228, 10.167866645376668 ], [ 77.519451053053416, 10.16796789767654 ], [ 77.519530623126343, 10.168074624950748 ], [ 77.519672026935183, 10.16823738609737 ], [ 77.519672053884662, 10.168237417044576 ], [ 77.519845400886737, 10.168427378038469 ], [ 77.520000451901382, 10.168608214808284 ], [ 77.520107528388309, 10.168716724425209 ], [ 77.520205708858967, 10.16881620539422 ], [ 77.520319709560098, 10.168960882423168 ], [ 77.520493041290806, 10.169146279612637 ], [ 77.520652677306671, 10.169322649866155 ], [ 77.520652707849408, 10.169322685234292 ], [ 77.520830585055435, 10.169526097838988 ], [ 77.520961483965394, 10.169631213576265 ], [ 77.521022128331907, 10.169679906584944 ], [ 77.521154342375411, 10.169815575860719 ], [ 77.521154380104662, 10.169815611228792 ], [ 77.521341411143439, 10.169969326994222 ], [ 77.521505654618409, 10.170136591294053 ], [ 77.521665354414679, 10.170267748301304 ], [ 77.52182949188844, 10.170444112630378 ], [ 77.522039338338828, 10.170602425046342 ], [ 77.522212680849307, 10.170747193222914 ], [ 77.522212707798758, 10.170747211791106 ], [ 77.522472725157755, 10.170905460394533 ], [ 77.522472753005516, 10.170905478962688 ], [ 77.522664280112309, 10.17104111942354 ], [ 77.522864995187831, 10.171172274290928 ], [ 77.523070322213997, 10.171289933597437 ], [ 77.523280199207093, 10.171380371079236 ], [ 77.523280225258233, 10.171380382573798 ], [ 77.523490081590069, 10.171475391328752 ], [ 77.523658875031956, 10.171565834947378 ], [ 77.523864123904701, 10.171651805390086 ], [ 77.524137849554933, 10.171764876425627 ], [ 77.524379596977653, 10.171841784689764 ], [ 77.524379637401864, 10.171841802373688 ], [ 77.52455759994784, 10.171945852777124 ], [ 77.52455764306697, 10.171945878418807 ], [ 77.524771982890385, 10.172063449904948 ], [ 77.524991020902746, 10.172167493162583 ], [ 77.525246517939209, 10.172262494609805 ], [ 77.525246563753299, 10.172262526440797 ], [ 77.525442630945548, 10.172384608086665 ], [ 77.52562965120454, 10.172493216334498 ], [ 77.527604979140662, 10.173940364018755 ], [ 77.527604934224897, 10.173940389660272 ], [ 77.525688166563839, 10.175060814086951 ], [ 77.525688142309306, 10.17506082734975 ], [ 77.525336763590985, 10.175228000563902 ], [ 77.525035560272826, 10.175250459788273 ], [ 77.52463405196842, 10.175218722793227 ], [ 77.524634024120644, 10.175218721024851 ], [ 77.524383119271874, 10.175223131347959 ], [ 77.524150444833509, 10.17517792288055 ], [ 77.523890300812084, 10.175150707609944 ], [ 77.52378009818797, 10.175148749136046 ], [ 77.52363022506259, 10.175146115143352 ], [ 77.523471008559966, 10.175131702896872 ], [ 77.523379302247534, 10.175123413644398 ], [ 77.523274245173397, 10.175525659209109 ], [ 77.523274238885179, 10.17552569103977 ], [ 77.523246819607749, 10.175751660563444 ], [ 77.523193113828512, 10.175914150773384 ], [ 77.523173614996935, 10.175973161258291 ], [ 77.523150834619642, 10.176140413571183 ], [ 77.523388039261974, 10.176167585432385 ], [ 77.523388084177768, 10.176167589853318 ], [ 77.523921899052198, 10.176199403678021 ], [ 77.524094575012725, 10.176196507091353 ], [ 77.524186547226478, 10.176194942969914 ], [ 77.524278326302394, 10.17620173615529 ], [ 77.524432957803839, 10.176213152738317 ], [ 77.524607539091122, 10.176225344750232 ], [ 77.524692958094846, 10.176231300612859 ], [ 77.524692994925772, 10.17623130768631 ], [ 77.52489832913848, 10.17627209685417 ], [ 77.525140201427021, 10.176303845238872 ], [ 77.525413952230082, 10.176380788661129 ], [ 77.525497810860188, 10.176403096609009 ], [ 77.525601065913861, 10.176430551386527 ], [ 77.525786344339551, 10.176495072889521 ], [ 77.525861009611035, 10.176521068757028 ], [ 77.525861042848689, 10.176521079367205 ], [ 77.526116531800312, 10.176607029023575 ], [ 77.526308139755471, 10.176738103796492 ], [ 77.526499789931464, 10.176873844344515 ], [ 77.526646205441281, 10.17700214356139 ], [ 77.526695883174824, 10.177045664751944 ], [ 77.526781791760385, 10.177142989260288 ], [ 77.526855582971095, 10.17722658505904 ], [ 77.527033470058583, 10.177439120024099 ], [ 77.527188525564853, 10.177629015419473 ], [ 77.527311624403183, 10.177800785022121 ], [ 77.527480444794506, 10.177977111591103 ], [ 77.527535524097843, 10.178055379994044 ], [ 77.527617290551632, 10.178171508019156 ], [ 77.527763210191452, 10.178438377735368 ], [ 77.527986699356049, 10.178619250391559 ], [ 77.528171313028409, 10.178578306792657 ], [ 77.528251362801655, 10.178560555163067 ], [ 77.528465825694269, 10.178474722744284 ], [ 77.528694022030976, 10.178379892907973 ], [ 77.528805209208628, 10.178352387015847 ], [ 77.528894811666646, 10.178330220672688 ], [ 77.529026915217372, 10.17830063961018 ], [ 77.529136675870348, 10.178276062993639 ], [ 77.529424190660194, 10.178262672114357 ], [ 77.529620324327766, 10.178253545626411 ], [ 77.529875886941255, 10.178289817269548 ], [ 77.53017702917397, 10.178276406054767 ], [ 77.53026631183171, 10.178282720855471 ], [ 77.530368644315644, 10.178289957853893 ], [ 77.530462167919865, 10.178306689156962 ], [ 77.530587388578894, 10.178329089808939 ], [ 77.530596789448339, 10.17833077239978 ], [ 77.530838669821748, 10.178362502011947 ], [ 77.53108962138289, 10.178403262613754 ], [ 77.531345077995184, 10.178434960388302 ], [ 77.531545929614609, 10.178448590872494 ], [ 77.531683264953571, 10.178476838581391 ], [ 77.531920034811307, 10.17852555057709 ], [ 77.532101261835038, 10.178539249139071 ], [ 77.532280455971289, 10.178552792969395 ], [ 77.532384058673003, 10.178586424424982 ], [ 77.53253141292231, 10.178634255763461 ], [ 77.532750441951521, 10.178683963318512 ], [ 77.532942109195474, 10.17872019158807 ], [ 77.532942134348303, 10.178720200429847 ], [ 77.533059870244387, 10.178767863754635 ], [ 77.533165634292686, 10.178810680015534 ], [ 77.533165663038787, 10.178810692394023 ], [ 77.53336634936818, 10.17891019143819 ], [ 77.533512318415347, 10.178987140421329 ], [ 77.533642416926355, 10.179071941753087 ], [ 77.533685713926431, 10.179100156692297 ], [ 77.533968612274009, 10.179109289345279 ], [ 77.53416031095901, 10.179000901739979 ], [ 77.534238334133022, 10.17897211119327 ], [ 77.534393051872712, 10.17891501815738 ], [ 77.534639476823159, 10.178838238918777 ], [ 77.534904156438486, 10.178829303429412 ], [ 77.535082047119218, 10.178815803819649 ], [ 77.535229823576714, 10.178835566936927 ], [ 77.535319314643658, 10.178847535151936 ], [ 77.535529267095214, 10.178888295691761 ], [ 77.535803005321881, 10.178956162421116 ], [ 77.535980924748728, 10.179033032701479 ], [ 77.536245573821319, 10.179164218768365 ], [ 77.536324578853922, 10.179210224197551 ], [ 77.536455360982885, 10.179286380887202 ], [ 77.536573196591945, 10.17939712914305 ], [ 77.536633308257521, 10.179453636768855 ], [ 77.536802119665694, 10.179620980980289 ], [ 77.536966268817551, 10.17984705724194 ], [ 77.536998377300776, 10.179890338433397 ], [ 77.537080298264769, 10.180000744304541 ], [ 77.537138025801596, 10.180149013965059 ], [ 77.537180633793824, 10.180258450693406 ], [ 77.53725804162184, 10.180419227735355 ], [ 77.537276388813225, 10.180457346168 ], [ 77.537321980110505, 10.180715096396639 ], [ 77.53734740872126, 10.180807601052866 ], [ 77.53737665696859, 10.180914003964959 ], [ 77.537418907431359, 10.181153284393158 ], [ 77.537422147654596, 10.181171625620006 ], [ 77.537422148552892, 10.181171656565963 ], [ 77.537408475295933, 10.18139771139294 ], [ 77.537417561755035, 10.181484645584606 ], [ 77.537431157756885, 10.18161471216974 ], [ 77.537453954303857, 10.181881375647448 ], [ 77.53748119930809, 10.182111916237835 ], [ 77.537492957356832, 10.18226381530763 ], [ 77.537499406362258, 10.182347015426361 ], [ 77.537499404565636, 10.182347041067215 ], [ 77.537503897938691, 10.182604702236659 ], [ 77.537502097714864, 10.182698737720406 ], [ 77.537499225800914, 10.182848755890655 ], [ 77.537512844260618, 10.183061298604933 ], [ 77.537512847853861, 10.183061341044843 ], [ 77.53754478386054, 10.183327946726759 ], [ 77.537567527406893, 10.183567545411501 ], [ 77.537585720088046, 10.183798104234837 ], [ 77.5375857245796, 10.183798149327151 ], [ 77.537608458244506, 10.184001571274385 ], [ 77.537649478913622, 10.184241139391592 ], [ 77.537667598831248, 10.184480737390313 ], [ 77.537664355913066, 10.18455576463257 ], [ 77.537658417150709, 10.18469315523464 ], [ 77.537658309352864, 10.184955399761071 ], [ 77.537630919719874, 10.185122673890291 ], [ 77.537630932296295, 10.185122716329921 ], [ 77.53767642657553, 10.185384813732822 ], [ 77.537672015847477, 10.185446074417381 ], [ 77.537662756911871, 10.185574649580962 ], [ 77.53769913239266, 10.185836901339961 ], [ 77.537703179303023, 10.186065859967551 ], [ 77.537703608697697, 10.186090082321343 ], [ 77.537703613189294, 10.186090117687609 ], [ 77.537753777809684, 10.186297963373555 ], [ 77.537779693307328, 10.186400849935268 ], [ 77.537817552804967, 10.186551194385709 ], [ 77.537839106981934, 10.186633802770459 ], [ 77.537885958615533, 10.186813373725082 ], [ 77.53793604328591, 10.18705749312244 ], [ 77.537981610328671, 10.187269956110441 ], [ 77.538059036123045, 10.187712951961823 ], [ 77.538200555814583, 10.187776284651108 ], [ 77.538405876552531, 10.187839645620688 ], [ 77.538729803654093, 10.187961814142517 ], [ 77.538944268343329, 10.188025155623883 ], [ 77.539208836567553, 10.188120198325546 ], [ 77.539231743607303, 10.187939361117921 ], [ 77.539327718713963, 10.187491913872446 ], [ 77.539327726798774, 10.187491874085602 ], [ 77.539405385256785, 10.187084990306563 ], [ 77.539394335080488, 10.186988721858805 ], [ 77.539387215931853, 10.186926795702465 ], [ 77.539399466257379, 10.186864550354359 ], [ 77.539423676752619, 10.186741453933754 ], [ 77.539451221794153, 10.186325599435667 ], [ 77.539519698571624, 10.186095098141415 ], [ 77.539515811561387, 10.186046213122726 ], [ 77.539510678587874, 10.185982068433825 ], [ 77.539510710927232, 10.185982061360576 ], [ 77.53976620077718, 10.185964081146329 ], [ 77.540227053585923, 10.185923460323282 ], [ 77.540249955235765, 10.18577888293572 ], [ 77.540291144788171, 10.185362964407087 ], [ 77.540346046225082, 10.184906447371516 ], [ 77.540368879602966, 10.184716533319556 ], [ 77.54043753065362, 10.183835132090994 ], [ 77.540582986762729, 10.183813104942342 ], [ 77.540944094235599, 10.183758380561347 ], [ 77.541240733213755, 10.183749439904814 ], [ 77.541509957406106, 10.183699769389648 ], [ 77.54153643704575, 10.18370022738619 ], [ 77.541774577732625, 10.183704347586593 ], [ 77.542039221415294, 10.183690916263632 ], [ 77.542039258246248, 10.183690912726984 ], [ 77.542285691281492, 10.183690957819323 ], [ 77.542500178428625, 10.183650381799046 ], [ 77.54273747110588, 10.183578097019058 ], [ 77.542837069118065, 10.183524465424044 ], [ 77.542947308573105, 10.183465056693617 ], [ 77.543125298068546, 10.183338635387699 ], [ 77.543125321424725, 10.183338607094425 ], [ 77.543202975391168, 10.183148806166145 ], [ 77.543202991560833, 10.183148769031222 ], [ 77.543339943319168, 10.182864003324982 ], [ 77.543362761425698, 10.182692241753108 ], [ 77.543467839161124, 10.182439097861906 ], [ 77.543504396999893, 10.182235702327423 ], [ 77.543504404186436, 10.182235666960725 ], [ 77.543563804386281, 10.181982613776537 ], [ 77.543750978257208, 10.181688812593107 ], [ 77.543992812816512, 10.181661708398844 ], [ 77.544121311428029, 10.181671360869812 ], [ 77.544234664443835, 10.181679838280147 ], [ 77.544522134317887, 10.181734247369524 ], [ 77.544522167555584, 10.181734252674538 ], [ 77.544695484913206, 10.181752305629026 ], [ 77.544950951406975, 10.181897033382043 ], [ 77.545065002413764, 10.181983014304615 ], [ 77.54506504912618, 10.181983051439664 ], [ 77.545293137664999, 10.182163846932241 ], [ 77.54541174762187, 10.182299484377101 ], [ 77.545626135055983, 10.182484921564756 ], [ 77.545626165598719, 10.182484943668898 ], [ 77.545808644873944, 10.182584377023108 ], [ 77.545885078029926, 10.182633078665836 ], [ 77.546064179639686, 10.182747173211812 ], [ 77.546171225583876, 10.182812067439594 ], [ 77.546228379995497, 10.18284668959579 ], [ 77.546312293422844, 10.182931725973846 ], [ 77.546433719598099, 10.183054723954324 ], [ 77.546570476422019, 10.183185825256043 ], [ 77.546784905178654, 10.183416434752639 ], [ 77.546885262267253, 10.183533963994131 ], [ 77.546980970574239, 10.183854967398695 ], [ 77.54698090409893, 10.184049340793745 ], [ 77.547067599608667, 10.184234723914399 ], [ 77.547190642751431, 10.184967111340201 ], [ 77.54723617386162, 10.185193110427818 ], [ 77.547281676225708, 10.185595469732407 ], [ 77.547336355778725, 10.1858260270897 ], [ 77.547249621641427, 10.186110805181922 ], [ 77.547183517314622, 10.186207739664344 ], [ 77.547126337750143, 10.18629162043853 ], [ 77.547051545816245, 10.186382331293798 ], [ 77.546984853991233, 10.186463249216953 ], [ 77.546747513703266, 10.186558127931303 ], [ 77.546464629728717, 10.186643974974062 ], [ 77.546464598287685, 10.186643982047297 ], [ 77.546406410813461, 10.186656499913768 ], [ 77.546254668293997, 10.186689158828747 ], [ 77.546076526983256, 10.186741688234774 ], [ 77.545994585357988, 10.186765858372102 ], [ 77.545994549425373, 10.186765868097805 ], [ 77.545941051156916, 10.186779134838433 ], [ 77.545866787432416, 10.186797551779073 ], [ 77.545638597383913, 10.186860755563668 ], [ 77.545545324409659, 10.186935134160931 ], [ 77.545474291026878, 10.186991776611061 ], [ 77.545365438570656, 10.187090600262328 ], [ 77.545310037670461, 10.187140908608244 ], [ 77.545253707912224, 10.187200526198307 ], [ 77.545177687082997, 10.187280998300555 ], [ 77.545135039564897, 10.18735793907528 ], [ 77.54510004659133, 10.187421113571713 ], [ 77.544967621443718, 10.187615463573465 ], [ 77.544853510249808, 10.187845977915076 ], [ 77.544538660624184, 10.187891099708834 ], [ 77.544328790817602, 10.187891061690328 ], [ 77.543940919837482, 10.187863822747984 ], [ 77.543940883904895, 10.187863821863816 ], [ 77.543685350037492, 10.187868279756318 ], [ 77.543439356278384, 10.187870194828735 ], [ 77.543124074563124, 10.187872689904596 ], [ 77.543119515613057, 10.188008256841838 ], [ 77.543105741744796, 10.188270405806074 ], [ 77.543128468223173, 10.188496455601415 ], [ 77.543132976867597, 10.188763209697109 ], [ 77.543132968782757, 10.188898742658026 ], [ 77.543351901692233, 10.188948549406398 ], [ 77.5436165786126, 10.188966749605299 ], [ 77.543894891060631, 10.188984914437237 ], [ 77.543894920705043, 10.188984918857978 ], [ 77.543960509398886, 10.188987070875472 ], [ 77.544173332866137, 10.188994040618171 ], [ 77.544529189686116, 10.189030318113108 ], [ 77.544529198669295, 10.189030355247358 ], [ 77.544552002402781, 10.189147799309817 ], [ 77.54467511471583, 10.189532060439962 ], [ 77.544775357718393, 10.189893777152964 ], [ 77.54474788274544, 10.190286981393951 ], [ 77.544724981993909, 10.190508490562483 ], [ 77.544683826577483, 10.190784298372668 ], [ 77.544683821187562, 10.190784331970137 ], [ 77.544642824772964, 10.190951564138848 ], [ 77.544556773355268, 10.191104069940236 ], [ 77.544533188985767, 10.191145884579786 ], [ 77.544512332799826, 10.191234062754477 ], [ 77.5444829498052, 10.191358342190512 ], [ 77.544460153258257, 10.191503015187482 ], [ 77.544473691767877, 10.191692858886299 ], [ 77.544469118444795, 10.191973063385101 ], [ 77.544469096885223, 10.192135769018577 ], [ 77.544464451696868, 10.192388982131245 ], [ 77.544459584624661, 10.192457929941719 ], [ 77.544455228693877, 10.192520088436154 ], [ 77.544692527659308, 10.192529088084038 ], [ 77.544833923383322, 10.192542778087249 ], [ 77.544833959315952, 10.192542779855522 ], [ 77.545062147567791, 10.192551838740043 ], [ 77.545509293881935, 10.192533932279881 ], [ 77.545874348552147, 10.192488774009526 ], [ 77.54587437999318, 10.192488769588822 ], [ 77.545997627951849, 10.192475272325559 ], [ 77.546266862025661, 10.192407511917544 ], [ 77.546266888076786, 10.192407501307887 ], [ 77.546440235977173, 10.192312648206265 ], [ 77.54665025490408, 10.192208690207138 ], [ 77.546892070598787, 10.192055046161997 ], [ 77.547133995887933, 10.191951235730265 ], [ 77.547567532725537, 10.191729812441899 ], [ 77.547675153591499, 10.191690822709555 ], [ 77.547754593408712, 10.191662017393877 ], [ 77.547867441571327, 10.191633118356666 ], [ 77.548001097410875, 10.191598863189027 ], [ 77.548262085848705, 10.19156028102983 ], [ 77.548398094375969, 10.191540167696932 ], [ 77.548544122711931, 10.191513081138753 ], [ 77.548845270334496, 10.19149504641971 ], [ 77.549004976418985, 10.191458902710657 ], [ 77.549278851189555, 10.191468027936597 ], [ 77.549493308692291, 10.191468127844614 ], [ 77.549776237582591, 10.191432022150595 ], [ 77.550017985005312, 10.191377874653684 ], [ 77.550018013751412, 10.191377869348798 ], [ 77.550278150586308, 10.191350794270706 ], [ 77.550428787279699, 10.191328198253807 ], [ 77.550716187983483, 10.191310202426546 ], [ 77.551122306441968, 10.191319355065167 ], [ 77.551122315425147, 10.191319387778407 ], [ 77.551122348662801, 10.191319387778407 ], [ 77.551158799602092, 10.191463966189891 ], [ 77.551199470826575, 10.191581154722975 ], [ 77.551254571689469, 10.191739806770602 ], [ 77.551295612121535, 10.191830173913175 ], [ 77.551163237279582, 10.192029087810315 ], [ 77.550871126708756, 10.192304777598169 ], [ 77.550688521669372, 10.192503641687315 ], [ 77.550547119657125, 10.192625676684955 ], [ 77.550191028376815, 10.192955539718904 ], [ 77.549981092993249, 10.193086588321821 ], [ 77.54991235300939, 10.193202836420786 ], [ 77.549871538054461, 10.193271875121233 ], [ 77.549739205433312, 10.193525004222373 ], [ 77.549583919060055, 10.193760012770445 ], [ 77.549433128754771, 10.193918086393252 ], [ 77.549273526874856, 10.194085390300645 ], [ 77.549173130260385, 10.194153237881126 ], [ 77.549032435222273, 10.194254506594669 ], [ 77.548972291217382, 10.194297807933872 ], [ 77.54891625700489, 10.194330066437512 ], [ 77.548776070413226, 10.194410794906679 ], [ 77.548607173665076, 10.194555371915616 ], [ 77.548278367813211, 10.194802166072746 ], [ 77.547890696259088, 10.195093206406588 ], [ 77.547575625647923, 10.195404984645197 ], [ 77.547455567606832, 10.195504049707806 ], [ 77.547301868556659, 10.195630905601828 ], [ 77.547386621010446, 10.195695210144669 ], [ 77.54745690699491, 10.195748540856206 ], [ 77.547665334107137, 10.195882886112956 ], [ 77.547835610667534, 10.195992636611217 ], [ 77.54783565827826, 10.195992668439867 ], [ 77.548095657670942, 10.196169010588658 ], [ 77.548246271008125, 10.196038057855406 ], [ 77.548246306042415, 10.196038046361734 ], [ 77.548310125055139, 10.196006445823041 ], [ 77.548465354834548, 10.195929582287159 ], [ 77.54857325417828, 10.195892093436253 ], [ 77.548725550958295, 10.195839162375306 ], [ 77.548908046403199, 10.195803084584597 ], [ 77.548908076945935, 10.195803083700453 ], [ 77.549177257120817, 10.195839334780553 ], [ 77.54929245258127, 10.195856031565862 ], [ 77.549396261895481, 10.195871041431328 ], [ 77.549456057354092, 10.195906266913697 ], [ 77.549565119117759, 10.195970473262639 ], [ 77.549674616564403, 10.196074532593371 ], [ 77.549674645310475, 10.196074562653735 ], [ 77.549747566951993, 10.196327693948808 ], [ 77.549747555273896, 10.196327738155212 ], [ 77.549697295432054, 10.196535641706221 ], [ 77.549646178597413, 10.196615907217957 ], [ 77.549564927776615, 10.19674357341364 ], [ 77.5494782520298, 10.196852206079241 ], [ 77.549427975119997, 10.196915262873064 ], [ 77.54919062674719, 10.197059925389739 ], [ 77.548997194313685, 10.19719775531712 ], [ 77.548962392681275, 10.197222555043046 ], [ 77.548747916313928, 10.19730841512744 ], [ 77.548547061101203, 10.197484635422756 ], [ 77.548364517147292, 10.197565937773614 ], [ 77.547976648862104, 10.197809944607682 ], [ 77.547752936915344, 10.197931973152167 ], [ 77.547752904575972, 10.197931989950533 ], [ 77.547570445063684, 10.198035869163375 ], [ 77.547570415419287, 10.198035887729992 ], [ 77.547337723014607, 10.198162446434472 ], [ 77.547145971329002, 10.198270839903024 ], [ 77.546890350325015, 10.198410973329258 ], [ 77.546824375355584, 10.198445416966658 ], [ 77.546726113138249, 10.198496770320608 ], [ 77.546562161615753, 10.198614774079536 ], [ 77.546525292061517, 10.198641317183192 ], [ 77.54652526241712, 10.198641335749731 ], [ 77.546360932703877, 10.198731744256687 ], [ 77.546377812946403, 10.198817893925993 ], [ 77.546392865117298, 10.198894535734608 ], [ 77.546438470787649, 10.199093344431251 ], [ 77.546438479770785, 10.199093385100801 ], [ 77.546538754214382, 10.199522871086939 ], [ 77.546564024721633, 10.199651038296953 ], [ 77.546584250290252, 10.199753445775697 ], [ 77.546661765017831, 10.199993017082161 ], [ 77.546716518232685, 10.200214532764177 ], [ 77.54679398804447, 10.200436081888476 ], [ 77.546803091571576, 10.200535469857025 ], [ 77.546864279418855, 10.200560192404948 ], [ 77.546926317072362, 10.200585235001032 ], [ 77.547149875407229, 10.200698312575717 ], [ 77.547400771272834, 10.20075302609083 ], [ 77.54756505876523, 10.200788852231955 ], [ 77.54756509559617, 10.200788862841332 ], [ 77.547765896909937, 10.200852194699765 ], [ 77.547930117028713, 10.200947115103707 ], [ 77.54793015565626, 10.200947137206565 ], [ 77.54801686733569, 10.200987914371112 ], [ 77.54801690416663, 10.2009879373581 ], [ 77.548014239763475, 10.201075706115647 ], [ 77.548012266164818, 10.201141601849908 ], [ 77.547996775616042, 10.201294349440994 ], [ 77.547980207088941, 10.20145805024619 ], [ 77.547987434933717, 10.201562551608962 ], [ 77.547998376413901, 10.201720227044985 ], [ 77.548021216978299, 10.201841883647734 ], [ 77.548034892031879, 10.201914592195504 ], [ 77.548052985000012, 10.202181320026458 ], [ 77.5480894296511, 10.202393703968616 ], [ 77.548089435040993, 10.202393734028419 ], [ 77.54808801660117, 10.2024826924119 ], [ 77.548084844649878, 10.202683125631541 ], [ 77.548088383113779, 10.2028392020416 ], [ 77.548089357785855, 10.202881949644871 ], [ 77.548089359582491, 10.202881992082148 ], [ 77.548107568433323, 10.203144170360627 ], [ 77.548107574721499, 10.203144206609116 ], [ 77.548144013982693, 10.203306933059348 ], [ 77.548162235409919, 10.203578174863425 ], [ 77.548189556770978, 10.203867482283739 ], [ 77.548186517770361, 10.203948692825927 ], [ 77.548184843310665, 10.203994082875669 ], [ 77.548549971642728, 10.204066465580622 ], [ 77.548700293925762, 10.204126693573247 ], [ 77.548764432738736, 10.204152384822939 ], [ 77.549038218576058, 10.204247374971381 ], [ 77.549248100959048, 10.204288143756209 ], [ 77.549278109181117, 10.204199010824219 ], [ 77.549293721900781, 10.204152566064748 ], [ 77.549389606277558, 10.203899416234826 ], [ 77.549389615260708, 10.203899384406965 ], [ 77.549435312559211, 10.203709558592852 ], [ 77.549471925195249, 10.20343384242805 ], [ 77.549503923185654, 10.20323040371054 ], [ 77.549526743088819, 10.202972776015773 ], [ 77.54952674578378, 10.202972746840164 ], [ 77.549540523245298, 10.202760296091904 ], [ 77.549577100847017, 10.202466478698728 ], [ 77.549577191576887, 10.202281146853664 ], [ 77.549631974436139, 10.201996328398689 ], [ 77.549645744711157, 10.201783922972698 ], [ 77.549654926391696, 10.201499101420573 ], [ 77.549654929086614, 10.201499066056012 ], [ 77.549691482433829, 10.201286728375097 ], [ 77.549709816150468, 10.201006390610329 ], [ 77.549718327687785, 10.200916071160698 ], [ 77.549728104053045, 10.200812021368906 ], [ 77.549749670806364, 10.200689822409499 ], [ 77.549778327063933, 10.200527224586725 ], [ 77.549782951591027, 10.200369086166733 ], [ 77.549782953387648, 10.200369047265584 ], [ 77.549805909834745, 10.199921490161586 ], [ 77.549805938580818, 10.199921491929823 ], [ 77.549983951432466, 10.199935111770021 ], [ 77.550180105761271, 10.199984858441391 ], [ 77.550286136609216, 10.200017067742575 ], [ 77.550403721588324, 10.200052756044135 ], [ 77.550841750002334, 10.200220097398795 ], [ 77.550954324178804, 10.200278340391861 ], [ 77.551051654843192, 10.200328695282142 ], [ 77.551116666818629, 10.200352377240394 ], [ 77.551275223957845, 10.200410112726217 ], [ 77.551420747440602, 10.20044029470475 ], [ 77.551471350438874, 10.200450780329065 ], [ 77.551471374693392, 10.200450788286114 ], [ 77.551694969859199, 10.200523205393106 ], [ 77.55184407223004, 10.200580837406363 ], [ 77.551964186865007, 10.200627226103457 ], [ 77.552174080027754, 10.200699613994496 ], [ 77.552370256814456, 10.200785585424192 ], [ 77.552584714317192, 10.200839839184122 ], [ 77.552767566393257, 10.20094123043202 ], [ 77.552853877424084, 10.200989070793797 ], [ 77.553041032430372, 10.201070503983134 ], [ 77.553134467999698, 10.201114730063928 ], [ 77.55324181128627, 10.201165525995174 ], [ 77.553454816213161, 10.201241862219289 ], [ 77.553456257110867, 10.201242379426271 ], [ 77.553675225054661, 10.20133281725462 ], [ 77.553841709826258, 10.201403037137597 ], [ 77.553857689956828, 10.201409775854916 ], [ 77.553857717804604, 10.201409787348398 ], [ 77.554136068880226, 10.201509243973863 ], [ 77.554136108406098, 10.201509257235568 ], [ 77.554355105095979, 10.201568081739573 ], [ 77.554606087199815, 10.201672118022621 ], [ 77.554829620381867, 10.20174445704987 ], [ 77.554829650026264, 10.201744467659246 ], [ 77.555062333447808, 10.201844058565325 ], [ 77.555140426690386, 10.201865440833553 ], [ 77.555276808916815, 10.201902765420499 ], [ 77.555495813691522, 10.202002409323818 ], [ 77.555664644862659, 10.202079213926707 ], [ 77.555806158265966, 10.201952701868647 ], [ 77.55601613856534, 10.201767393595567 ], [ 77.556139339811594, 10.201627310272572 ], [ 77.556139368557695, 10.201627276676284 ], [ 77.556303675813041, 10.201432967049497 ], [ 77.556381315406412, 10.201342874938243 ], [ 77.556463377405933, 10.201247596585912 ], [ 77.556696236897267, 10.201003561441789 ], [ 77.556760100825755, 10.200932780941574 ], [ 77.556810338209687, 10.200877086089138 ], [ 77.556992945944046, 10.200678211313315 ], [ 77.557111579257096, 10.200560637999603 ], [ 77.557376325347732, 10.200343724387393 ], [ 77.557483760262429, 10.200257931430119 ], [ 77.557517749817848, 10.200230767810844 ], [ 77.557605420898014, 10.20015901107312 ], [ 77.557755159276084, 10.200036420198922 ], [ 77.557901128323252, 10.199932522187984 ], [ 77.557901160662567, 10.199932497432696 ], [ 77.557952605382283, 10.199888225213517 ], [ 77.55811114904678, 10.199751765066166 ], [ 77.558266338401978, 10.199661355080556 ], [ 77.558458017324043, 10.199552941750548 ], [ 77.558645065430852, 10.199439976052268 ], [ 77.558645105855007, 10.199439953949296 ], [ 77.558886955685708, 10.19931340901425 ], [ 77.558886997008202, 10.199313388679514 ], [ 77.55906502692784, 10.199241125134257 ], [ 77.559357068328382, 10.19908295866788 ], [ 77.559444458235859, 10.199052703178701 ], [ 77.559539616773918, 10.199019718406138 ], [ 77.559776908552848, 10.198888690810453 ], [ 77.559959466879818, 10.198829930352321 ], [ 77.560237900600455, 10.198712508425086 ], [ 77.56030408397902, 10.19869701065841 ], [ 77.560411289823335, 10.198671857398601 ], [ 77.560712503022941, 10.198635792306435 ], [ 77.560815431988203, 10.198646006564822 ], [ 77.560940658037111, 10.198658436431757 ], [ 77.56105879188685, 10.198675489370325 ], [ 77.56119162756454, 10.19869466419974 ], [ 77.561191656310655, 10.198694670388578 ], [ 77.5613969051834, 10.198726583639559 ], [ 77.561656998899181, 10.198767013628739 ], [ 77.561726847404088, 10.198776944079921 ], [ 77.56188058777677, 10.198798762425934 ], [ 77.56207231430956, 10.198880148432849 ], [ 77.562254771126888, 10.198911880420443 ], [ 77.562378010102421, 10.198753673120972 ], [ 77.56253780242514, 10.198591007116327 ], [ 77.562670099113689, 10.198450923280133 ], [ 77.562670129656382, 10.198450885262847 ], [ 77.56285731340877, 10.198179677992419 ], [ 77.56285734125656, 10.198179642627487 ], [ 77.562985144572011, 10.198039540043778 ], [ 77.563099262054152, 10.197818072359858 ], [ 77.563226997097658, 10.197687016861993 ], [ 77.563284209899763, 10.197593822181757 ], [ 77.56336847007681, 10.197456501681783 ], [ 77.563459849402449, 10.197325460181109 ], [ 77.563524503848384, 10.197227969428592 ], [ 77.563660655207798, 10.197022623222484 ], [ 77.563771866639968, 10.196932549314294 ], [ 77.563861497844087, 10.196859903286168 ], [ 77.563948095437453, 10.196782148756299 ], [ 77.564057760869048, 10.196683611030929 ], [ 77.564244882637666, 10.196593305385541 ], [ 77.564358279670927, 10.196515862887665 ], [ 77.564509600880541, 10.196412471217686 ], [ 77.564728631706359, 10.196326653329979 ], [ 77.564897490725258, 10.196236243256205 ], [ 77.565098292039053, 10.196150414711475 ], [ 77.565098334259844, 10.196150392608249 ], [ 77.565331024867902, 10.196019322278161 ], [ 77.565487264353706, 10.195935001115329 ], [ 77.565531889063749, 10.195910911244983 ], [ 77.565610990216101, 10.19586892570965 ], [ 77.565846762045567, 10.195743762134818 ], [ 77.56608895862594, 10.19566975339127 ], [ 77.566216409801825, 10.19563078624426 ], [ 77.566380650581863, 10.195549494009043 ], [ 77.566380679327921, 10.195549480747097 ], [ 77.566547075166326, 10.195482570642271 ], [ 77.566818781403811, 10.195373312429119 ], [ 77.566741234336902, 10.195210522688113 ], [ 77.566508626373846, 10.194880495771745 ], [ 77.566399020231088, 10.19470848604386 ], [ 77.566289633277265, 10.194536838717664 ], [ 77.566190464659797, 10.194418919209058 ], [ 77.566061489042866, 10.194265604243276 ], [ 77.566061512399088, 10.194265583024066 ], [ 77.566061494432773, 10.194265561804855 ], [ 77.566212191313269, 10.194125494633315 ], [ 77.566536251365491, 10.193754834390072 ], [ 77.566791770859851, 10.193515335311728 ], [ 77.566905907206561, 10.193393333367812 ], [ 77.566905949427394, 10.19339329181342 ], [ 77.567074729394548, 10.193528968687872 ], [ 77.567218463433264, 10.19364724483248 ], [ 77.567316572038692, 10.193727937225109 ], [ 77.567489922634053, 10.1938816308594 ], [ 77.567654655690845, 10.194011440408872 ], [ 77.567845754301231, 10.194161992577726 ], [ 77.568005442419391, 10.194008398101783 ], [ 77.568005470267167, 10.194008365388786 ], [ 77.568247379386662, 10.193687394311201 ], [ 77.568435101229881, 10.193498628678263 ], [ 77.568539487262541, 10.193393624248673 ], [ 77.568827056849599, 10.193117938939332 ], [ 77.56870845318096, 10.192986829343821 ], [ 77.568708428028131, 10.1929867930942 ], [ 77.568585304036972, 10.192733632620692 ], [ 77.56852592629501, 10.192566410228448 ], [ 77.568393691590245, 10.192249992785007 ], [ 77.568351506704488, 10.192118830668143 ], [ 77.568325306440954, 10.19203746680574 ], [ 77.568256893443817, 10.191829451570277 ], [ 77.568183996955156, 10.191567294039178 ], [ 77.568183987073695, 10.191567263094239 ], [ 77.568065366337066, 10.191296017250794 ], [ 77.568016294966355, 10.191154908138305 ], [ 77.567974155894689, 10.19103377528733 ], [ 77.567869222788019, 10.190848480113516 ], [ 77.567855624091266, 10.190780958962524 ], [ 77.567846438817483, 10.190735486572764 ], [ 77.567695839853343, 10.190735417609586 ], [ 77.567695802124106, 10.190735416725429 ], [ 77.56767745762771, 10.190734312429999 ], [ 77.567244150758825, 10.190708226654039 ], [ 77.566851761252806, 10.190672010355975 ], [ 77.566851719032016, 10.190672007703533 ], [ 77.566845299671002, 10.190551142564718 ], [ 77.566842574182431, 10.190500176953563 ], [ 77.566801583157684, 10.19025153955903 ], [ 77.566774357916387, 10.189618757231147 ], [ 77.566774349831533, 10.189618716560402 ], [ 77.566965941617028, 10.189627728668249 ], [ 77.566965971261425, 10.189627730436561 ], [ 77.567385785434737, 10.189641346296066 ], [ 77.567572915288196, 10.189691167958861 ], [ 77.567679000035028, 10.189698972320492 ], [ 77.567696044669262, 10.18970022338786 ], [ 77.567720598320918, 10.189594276974583 ], [ 77.567746287443072, 10.189483302381307 ], [ 77.567780058707854, 10.189395962778152 ], [ 77.567828427596041, 10.189270747148671 ], [ 77.567876440751334, 10.189180344798682 ], [ 77.567924383838061, 10.189089971599929 ], [ 77.568044558660134, 10.188911454948688 ], [ 77.568088642584385, 10.188845953667657 ], [ 77.568099376553718, 10.188792909149466 ], [ 77.568120644168062, 10.188687720150593 ], [ 77.567951877675625, 10.188619958937402 ], [ 77.567865545983565, 10.18858810391216 ], [ 77.567792153624836, 10.188561055121594 ], [ 77.567586787971138, 10.188520330299703 ], [ 77.567510404222503, 10.188493154185769 ], [ 77.567408859561112, 10.188457052575519 ], [ 77.567203531636608, 10.1884253699433 ], [ 77.567203489415803, 10.188425369059132 ], [ 77.567215984083077, 10.188369841777119 ], [ 77.567230913184801, 10.188303269678656 ], [ 77.56719899155118, 10.188172181090593 ], [ 77.567198996941059, 10.188172144840387 ], [ 77.567212777097538, 10.187937155160128 ], [ 77.567194517941076, 10.187769899306222 ], [ 77.567356436576091, 10.187685031323014 ], [ 77.5674272786177, 10.187647873059332 ], [ 77.567614435420609, 10.187584559795896 ], [ 77.567842549112285, 10.187534948232161 ], [ 77.568107240405709, 10.187458186098988 ], [ 77.568169543062226, 10.187441736436519 ], [ 77.568312552160521, 10.187403963658223 ], [ 77.568554467568234, 10.187295489571962 ], [ 77.568686737307289, 10.187281977942337 ], [ 77.568627529346898, 10.187060496593112 ], [ 77.568545454770998, 10.186649083621715 ], [ 77.568399560283979, 10.186219648364329 ], [ 77.568326219129261, 10.186054447273717 ], [ 77.568198830835428, 10.185767472884075 ], [ 77.568057380314173, 10.185559552583094 ], [ 77.56795710407394, 10.185347056625744 ], [ 77.567864880331967, 10.185143325196853 ], [ 77.567738085824544, 10.184863295947961 ], [ 77.567686599782334, 10.184786720613614 ], [ 77.567610381323732, 10.184673444645673 ], [ 77.56755710763413, 10.184525462672015 ], [ 77.56754200875082, 10.184483547254006 ], [ 77.567473602041957, 10.184275617274302 ], [ 77.567428034100857, 10.184045060564483 ], [ 77.567382388006308, 10.183796374812186 ], [ 77.56732768958868, 10.183592999594758 ], [ 77.567327754267367, 10.183348857209584 ], [ 77.567359789987023, 10.183122842668505 ], [ 77.567346107746943, 10.182978177363196 ], [ 77.567346119425025, 10.182978132270794 ], [ 77.567364170172368, 10.182862746925821 ], [ 77.567396314588166, 10.182657221705385 ], [ 77.567462267997996, 10.182550878613863 ], [ 77.567519616445736, 10.182458363853129 ], [ 77.567674787834662, 10.182268529686867 ], [ 77.567820834136938, 10.182155554325721 ], [ 77.567922981567904, 10.182068532784282 ], [ 77.568017036974751, 10.181988360868063 ], [ 77.568120831017623, 10.181955002094814 ], [ 77.568199624047836, 10.181929652112659 ], [ 77.568343456901232, 10.18184669591554 ], [ 77.568505332417118, 10.18175332330706 ], [ 77.568669615417974, 10.181694643685971 ], [ 77.568669649553925, 10.18169462777092 ], [ 77.568728202642475, 10.181662426343937 ], [ 77.568875017902627, 10.181581667237417 ], [ 77.568964112812495, 10.181528198878063 ], [ 77.569025564764473, 10.18149129807448 ], [ 77.569262876306325, 10.181360249126536 ], [ 77.56949561272846, 10.181315099883678 ], [ 77.5697466298666, 10.181269906425994 ], [ 77.569746656816093, 10.181269920572682 ], [ 77.570143509152416, 10.181464339751422 ], [ 77.570289565336125, 10.1816678516038 ], [ 77.570373908158132, 10.181725897280916 ], [ 77.570453735149243, 10.181780810338445 ], [ 77.570672735432368, 10.181943644072298 ], [ 77.570800534256264, 10.18205216241893 ], [ 77.571024064743341, 10.182264698590616 ], [ 77.571151750379514, 10.182400291784317 ], [ 77.571320541126468, 10.182612793241583 ], [ 77.571384735634979, 10.182683205576756 ], [ 77.571448360611598, 10.182752946814521 ], [ 77.571515639036491, 10.182810127580172 ], [ 77.571639978448232, 10.182915733191365 ], [ 77.571744891791951, 10.183064921912889 ], [ 77.571986642807957, 10.183318120125573 ], [ 77.572114408394171, 10.183449229276519 ], [ 77.572278639292719, 10.183648204988963 ], [ 77.572278664445577, 10.183648235934678 ], [ 77.57239722230014, 10.183797357117188 ], [ 77.572556917604814, 10.184032456831762 ], [ 77.572556933774493, 10.184032478051686 ], [ 77.572707454585185, 10.184222299674005 ], [ 77.572707484229596, 10.184222337692942 ], [ 77.572835135729804, 10.184380614981487 ], [ 77.572942658679409, 10.184555372065178 ], [ 77.572949199312973, 10.184566000562059 ], [ 77.572949233448966, 10.18456604477009 ], [ 77.573095275259661, 10.184733265169754 ], [ 77.573232117423515, 10.184900476640127 ], [ 77.57333075962822, 10.185088617843135 ], [ 77.573350651023546, 10.185126545623536 ], [ 77.573350672583146, 10.18512658275823 ], [ 77.573473833405203, 10.185325485807377 ], [ 77.573615215654513, 10.185547016106256 ], [ 77.573738432172163, 10.185732382441469 ], [ 77.57373845103676, 10.185732415155293 ], [ 77.573866175300509, 10.185985575884008 ], [ 77.573900622098364, 10.18607601362198 ], [ 77.573943704401103, 10.186189015887427 ], [ 77.573961920438435, 10.186320948775599 ], [ 77.573975557762736, 10.186419494125749 ], [ 77.574053089558305, 10.186830951601108 ], [ 77.574057649406669, 10.186984597280102 ], [ 77.574203567249853, 10.187070545001575 ], [ 77.574320281761473, 10.187142836063197 ], [ 77.574605158199319, 10.187319237042122 ], [ 77.574800515722458, 10.187392452871315 ], [ 77.574810439411394, 10.187396170734386 ], [ 77.57481046995413, 10.187396188417457 ], [ 77.575011176944798, 10.187540768608322 ], [ 77.575399081162558, 10.187771380260635 ], [ 77.575545940440193, 10.187850826602867 ], [ 77.575850675933978, 10.188015622705652 ], [ 77.576708471808914, 10.188431662439321 ], [ 77.576708510436461, 10.18843168896381 ], [ 77.577041578794351, 10.188684842244481 ], [ 77.577407944106582, 10.18888038861334 ], [ 77.577516105758349, 10.188938112915837 ], [ 77.577903907568185, 10.189141609389088 ], [ 77.578355636188604, 10.189322442378153 ], [ 77.57858840944165, 10.189408313432699 ], [ 77.578737086909399, 10.18947503914203 ], [ 77.578780015600188, 10.189494287909342 ], [ 77.57919524387394, 10.189697807015358 ], [ 77.579424122031952, 10.189771812725153 ], [ 77.579614993368551, 10.189833520828886 ], [ 77.580039282050308, 10.190037022035387 ], [ 77.580197912851389, 10.190110806630058 ], [ 77.580486498433046, 10.190244985391983 ], [ 77.580970204382609, 10.190398761163118 ], [ 77.581165116341353, 10.190431336585165 ], [ 77.581403617252676, 10.190471166408791 ], [ 77.581786891553463, 10.190602316825704 ], [ 77.581786884366963, 10.190602345118327 ], [ 77.581764048294119, 10.190914210860296 ], [ 77.581973899236061, 10.19092782224415 ], [ 77.581973931575433, 10.19092782224415 ], [ 77.58200820410012, 10.190926977003295 ], [ 77.582156468342831, 10.190923309577547 ], [ 77.58219309355529, 10.190408041144737 ], [ 77.582215878424137, 10.190168373331897 ], [ 77.582384709595289, 10.190191001260256 ], [ 77.582384750917797, 10.19019101186999 ], [ 77.582603778150371, 10.190272469923173 ], [ 77.582603807794769, 10.190272476996318 ], [ 77.582845647743994, 10.190308687150784 ], [ 77.582964284650288, 10.190371950361079 ], [ 77.583031118409124, 10.19038227363416 ], [ 77.583169572150581, 10.190403636336443 ], [ 77.583249906689829, 10.190437436298097 ], [ 77.583320129792227, 10.190466935777799 ], [ 77.583470759299061, 10.190476043349257 ], [ 77.583507214729906, 10.190638769198149 ], [ 77.583539133668609, 10.190765334377463 ], [ 77.583539139956784, 10.190765370627364 ], [ 77.583575602574172, 10.190986843213603 ], [ 77.583662233405221, 10.191307838230637 ], [ 77.583726067689341, 10.191588121756503 ], [ 77.583716979433603, 10.191809605264879 ], [ 77.583786113777848, 10.191855288810951 ], [ 77.583881219315288, 10.191918073394318 ], [ 77.584004433137977, 10.192013088411034 ], [ 77.584209731418056, 10.192130628629815 ], [ 77.584428673310711, 10.192275277404459 ], [ 77.584460504214462, 10.192194642997142 ], [ 77.584501783598412, 10.192089958196542 ], [ 77.584537078405916, 10.192034054025084 ], [ 77.58457024330788, 10.191981444150287 ], [ 77.584647861341679, 10.191787155163723 ], [ 77.584647873019819, 10.19178713217606 ], [ 77.5847801975561, 10.191556562331149 ], [ 77.584912514905866, 10.191660575359748 ], [ 77.584912546346899, 10.19166059481085 ], [ 77.585163455687223, 10.19178264958243 ], [ 77.585292997242803, 10.191870685234315 ], [ 77.585323131229003, 10.19189115839152 ], [ 77.585323156381818, 10.191891174306049 ], [ 77.585583244707706, 10.19204035175472 ], [ 77.5855832860302, 10.192040379163073 ], [ 77.585756677948027, 10.192153402301916 ], [ 77.586035027227013, 10.192248412827777 ], [ 77.586244873677387, 10.192356882576144 ], [ 77.586431939750483, 10.192456355290343 ], [ 77.58661900582355, 10.192555827973525 ], [ 77.586828851375628, 10.192664387799372 ], [ 77.586916454183807, 10.192715218675398 ], [ 77.587015975839179, 10.192772954661345 ], [ 77.587016006381916, 10.192772975880645 ], [ 77.587298803219852, 10.192980902086481 ], [ 77.58729882927102, 10.192980924189936 ], [ 77.587440341776045, 10.193103015589546 ], [ 77.587456613859104, 10.193154355658535 ], [ 77.587490504599828, 10.193261191214003 ], [ 77.587613633082555, 10.193654500933174 ], [ 77.587613648353909, 10.193654530993779 ], [ 77.587891902411471, 10.194007108149425 ], [ 77.588215802563582, 10.194377845902912 ], [ 77.588215834004615, 10.194377885688942 ], [ 77.588352707609531, 10.194585796701356 ], [ 77.588471370566978, 10.194789277190564 ], [ 77.588590324578604, 10.195010608171522 ], [ 77.588691403014337, 10.195198676213224 ], [ 77.588694891172608, 10.195205154243096 ], [ 77.588749679421767, 10.19544473604366 ], [ 77.588822566028995, 10.195729563010335 ], [ 77.588822572317184, 10.19572959041836 ], [ 77.58884539222035, 10.195829032019239 ], [ 77.588886505415971, 10.196059529810467 ], [ 77.588927561119391, 10.196149982372559 ], [ 77.588950303767433, 10.196367009357026 ], [ 77.589027788850572, 10.196606554034563 ], [ 77.589046032735695, 10.196760257773755 ], [ 77.589210371432102, 10.196751221996195 ], [ 77.589511510071517, 10.196755793816775 ], [ 77.589798940419698, 10.196783007243527 ], [ 77.589954586119092, 10.19678767631757 ], [ 77.590100178772147, 10.196792044788433 ], [ 77.590217049590606, 10.196786394333607 ], [ 77.590378552305651, 10.196778575115401 ], [ 77.590775569931978, 10.196792128780494 ], [ 77.590784666272555, 10.196588710575337 ], [ 77.590898763093435, 10.196367243650933 ], [ 77.590985526875144, 10.196159272796217 ], [ 77.591199988869434, 10.195847399809812 ], [ 77.591286711328664, 10.195653046870767 ], [ 77.591286730193275, 10.195653006200798 ], [ 77.591296451761295, 10.19563485943155 ], [ 77.591405389557465, 10.195431491766985 ], [ 77.591378040348644, 10.195128647703026 ], [ 77.591295949603051, 10.194898166036792 ], [ 77.591136297417464, 10.194568116693571 ], [ 77.591049622568988, 10.194382758148972 ], [ 77.591049597416131, 10.194382714826409 ], [ 77.590940131410562, 10.19422453091736 ], [ 77.590932604426825, 10.194114961057544 ], [ 77.590926430305871, 10.194025582141162 ], [ 77.59102237666643, 10.193591638887945 ], [ 77.591122832569667, 10.193153232804594 ], [ 77.59120500685863, 10.192922681630847 ], [ 77.591259757378552, 10.192723769175604 ], [ 77.591266066246803, 10.192705690318171 ], [ 77.591346507685557, 10.192475169765469 ], [ 77.591401291443148, 10.192253653122341 ], [ 77.59143780616283, 10.192005022400574 ], [ 77.591451509962482, 10.191788100310177 ], [ 77.591474791599694, 10.19167989826294 ], [ 77.591510806856064, 10.191512309283219 ], [ 77.591647822394776, 10.191394775025369 ], [ 77.591647864615581, 10.191394732586579 ], [ 77.591753384322132, 10.191359262582276 ], [ 77.591889612038329, 10.19131343131337 ], [ 77.592163421231859, 10.191259261692737 ], [ 77.592163461656057, 10.191259256387889 ], [ 77.592212777368516, 10.191254536836727 ], [ 77.592587905746342, 10.191218630934657 ], [ 77.59285244342783, 10.19132712578952 ], [ 77.593034446595993, 10.191368571712609 ], [ 77.59313082684281, 10.191390512577545 ], [ 77.593130860978803, 10.191390524955514 ], [ 77.593331514070528, 10.191480839148657 ], [ 77.593559768797718, 10.191535131627258 ], [ 77.593559803832008, 10.191535143121095 ], [ 77.59380160964524, 10.19163012377048 ], [ 77.593965782153319, 10.191679872622835 ], [ 77.594276101574934, 10.191824580839487 ], [ 77.594276142897442, 10.191824605595448 ], [ 77.594426666403081, 10.191942163566548 ], [ 77.594914875607174, 10.192213395597964 ], [ 77.595138485146023, 10.192407776275109 ], [ 77.595138514790435, 10.192407801915151 ], [ 77.595321032693235, 10.192561525362725 ], [ 77.595392523318466, 10.192582363624759 ], [ 77.595463507293914, 10.192603032130817 ], [ 77.59547607562304, 10.192606691580014 ], [ 77.595476109759034, 10.192606733134509 ], [ 77.595631294622677, 10.192778515889424 ], [ 77.595736204373139, 10.192868971151247 ], [ 77.595736234915876, 10.192869000327786 ], [ 77.596137745915243, 10.193208071394855 ], [ 77.596534848881532, 10.19348811188034 ], [ 77.596579116960442, 10.193519329837958 ], [ 77.596579993716134, 10.193519947848955 ], [ 77.596644228648842, 10.193565241245953 ], [ 77.597214552853046, 10.193813911420643 ], [ 77.59831889584926, 10.194311288321403 ], [ 77.599546198444969, 10.195247155780272 ], [ 77.599546222699459, 10.195247194682043 ], [ 77.599892979585647, 10.195708261670088 ], [ 77.599893335318498, 10.195711957332941 ], [ 77.599897349889517, 10.195753664388118 ], [ 77.599902152283008, 10.195803195100792 ], [ 77.6000527126196, 10.196024770281051 ], [ 77.600052741365673, 10.196024813603385 ], [ 77.600139400044498, 10.196164858720781 ], [ 77.600239631368979, 10.196320625344166 ], [ 77.600308165638609, 10.196427091156563 ], [ 77.600356434813776, 10.196529611956104 ], [ 77.600403981743455, 10.19663055543956 ], [ 77.600512976133516, 10.1968748680139 ], [ 77.60059558161376, 10.197060012034116 ], [ 77.600727907946705, 10.197249827666344 ], [ 77.60077803573617, 10.197439687391746 ], [ 77.600914932697279, 10.197715446764221 ], [ 77.601056415557906, 10.197851086432962 ], [ 77.601206941758463, 10.198013847416718 ], [ 77.601366672097456, 10.198167534562625 ], [ 77.601366692758731, 10.198167556665723 ], [ 77.601590243008744, 10.198429803366942 ], [ 77.601763587315858, 10.198565433890227 ], [ 77.601763620553513, 10.19856546129801 ], [ 77.601955274322762, 10.198723680184598 ], [ 77.602096706877717, 10.198872858854552 ], [ 77.602260945861104, 10.199080771353747 ], [ 77.602406996654963, 10.199230012629 ], [ 77.602444655828293, 10.199275480269849 ], [ 77.602553070804987, 10.199406291981223 ], [ 77.602671598116856, 10.199564522827716 ], [ 77.602671619676414, 10.199564547583055 ], [ 77.602872346430019, 10.199786057374251 ], [ 77.603004741034894, 10.199962334650436 ], [ 77.602845020577377, 10.200102436388256 ], [ 77.602844995424547, 10.200102457607111 ], [ 77.602502697775449, 10.200382669739003 ], [ 77.602502660046198, 10.20038270156722 ], [ 77.60228364359341, 10.200549993237976 ], [ 77.602096516434898, 10.200631296574501 ], [ 77.602047551963707, 10.200672336361938 ], [ 77.601859257893594, 10.200830235920074 ], [ 77.601727899046239, 10.200913278240099 ], [ 77.601694957824762, 10.200934120376367 ], [ 77.601430296175778, 10.201087806997037 ], [ 77.601220350910708, 10.201160110792481 ], [ 77.601220318571379, 10.201160123170068 ], [ 77.600964773025879, 10.201277659129603 ], [ 77.600895577596162, 10.201310993777582 ], [ 77.600795940956417, 10.2013590277048 ], [ 77.600696227959901, 10.201404754971197 ], [ 77.600608809306323, 10.201444874296339 ], [ 77.600408270300633, 10.201549179390199 ], [ 77.60016648514862, 10.20167493569175 ], [ 77.600157034871856, 10.201679863739265 ], [ 77.600157005227445, 10.201679876116838 ], [ 77.599956231761439, 10.201765810149091 ], [ 77.599727987814049, 10.201860678117988 ], [ 77.599603915201939, 10.201872364320655 ], [ 77.599536378960593, 10.201878734353013 ], [ 77.59945117285757, 10.201906346960914 ], [ 77.599285401348297, 10.201960083324112 ], [ 77.599173667096622, 10.201973050602081 ], [ 77.599052713435199, 10.201987130093014 ], [ 77.598928645314672, 10.202014974328959 ], [ 77.598810831265169, 10.202041456145439 ], [ 77.598582627741948, 10.202063911712669 ], [ 77.598349948812029, 10.202095612439075 ], [ 77.598130885646853, 10.202063894914545 ], [ 77.597893573206662, 10.202068403002752 ], [ 77.597757984192597, 10.202062902056502 ], [ 77.597669987922316, 10.202059344388859 ], [ 77.597199933670112, 10.202050212393425 ], [ 77.596670599592315, 10.202077305128494 ], [ 77.59657251613973, 10.202110750206757 ], [ 77.596392240431854, 10.202172255227023 ], [ 77.596150427432107, 10.202163139148814 ], [ 77.596155308877371, 10.202248277350066 ], [ 77.596159522874359, 10.202321327072067 ], [ 77.596146535031991, 10.202415087968184 ], [ 77.596127604834024, 10.202551978420194 ], [ 77.596142443205878, 10.202679654613682 ], [ 77.596154931584948, 10.202786958204856 ], [ 77.596171955557878, 10.202850221589358 ], [ 77.596227955634404, 10.203058130607335 ], [ 77.596237184925613, 10.2031667151451 ], [ 77.596246063873892, 10.203270707584393 ], [ 77.596265326448531, 10.203485266590267 ], [ 77.596282620814378, 10.203677487586003 ], [ 77.596346437132155, 10.203984965965516 ], [ 77.596382941970361, 10.204219942040099 ], [ 77.596317389209148, 10.204237981343264 ], [ 77.59621857991776, 10.204265174680257 ], [ 77.596007546792904, 10.204389641766792 ], [ 77.595812402170466, 10.204504756737377 ], [ 77.595611645772465, 10.204635764339688 ], [ 77.595482580324017, 10.204699668332825 ], [ 77.59541081211934, 10.204735206695721 ], [ 77.595552224911359, 10.205074293420534 ], [ 77.595634373149167, 10.20529123210078 ], [ 77.595699219834572, 10.205464391634576 ], [ 77.595739361053035, 10.205571513046008 ], [ 77.595761905173433, 10.205693526238235 ], [ 77.595780316145181, 10.205793040760113 ], [ 77.595985682697219, 10.205756885412152 ], [ 77.596149937850299, 10.205779569699672 ], [ 77.596455762102252, 10.205770488204781 ], [ 77.59659800314094, 10.205782528788731 ], [ 77.596670246554424, 10.205788638816902 ], [ 77.59688475436279, 10.20574338075429 ], [ 77.597112832121852, 10.205716328115825 ], [ 77.597368397430287, 10.205725405191794 ], [ 77.597582907035317, 10.205757087871504 ], [ 77.597713362177501, 10.205769508619815 ], [ 77.597820207797383, 10.205779681096514 ], [ 77.598075710223753, 10.205874639815733 ], [ 77.598303885000874, 10.205965116112612 ], [ 77.59855027940857, 10.206132381863068 ], [ 77.598550319832782, 10.206132411038398 ], [ 77.598719152800527, 10.206249923059451 ], [ 77.599002005334043, 10.206412694779205 ], [ 77.599170876031039, 10.206530219958289 ], [ 77.599389867331027, 10.20664330603036 ], [ 77.599572422963035, 10.206797032331313 ], [ 77.599681871002318, 10.206878395959221 ], [ 77.599681898850093, 10.206878419829856 ], [ 77.600010396579819, 10.207185751893064 ], [ 77.600010430715784, 10.207185776647805 ], [ 77.600045788405367, 10.20723893215149 ], [ 77.600142818134145, 10.207384701287792 ], [ 77.600238556085557, 10.207495018063968 ], [ 77.600311592711435, 10.207579111604653 ], [ 77.600457594097918, 10.207836755020864 ], [ 77.600630997693841, 10.208022124299248 ], [ 77.600726794934076, 10.20819396239294 ], [ 77.600854521892742, 10.208329549855931 ], [ 77.600913935567306, 10.208175870268294 ], [ 77.600927614214129, 10.207986022250271 ], [ 77.600836327414953, 10.207778065173898 ], [ 77.600836314838574, 10.207778031578258 ], [ 77.600799842339711, 10.207646986369209 ], [ 77.60070862740578, 10.207429982103493 ], [ 77.600692891616916, 10.207354533229173 ], [ 77.600681251247465, 10.207298848341365 ], [ 77.600662390219767, 10.207146222100844 ], [ 77.600653882275722, 10.207077432187734 ], [ 77.600653874190883, 10.20707739240332 ], [ 77.600608287385143, 10.20687397369673 ], [ 77.600558137137782, 10.206670494741326 ], [ 77.600558132646199, 10.206670469102441 ], [ 77.600553321269544, 10.206642482933724 ], [ 77.600521607146746, 10.206458089782126 ], [ 77.600480561324801, 10.206281743606665 ], [ 77.600443385445061, 10.206074567845977 ], [ 77.600407524698923, 10.205874849347811 ], [ 77.600622024422464, 10.205924671123745 ], [ 77.600763606097772, 10.206042175264592 ], [ 77.600932330369389, 10.20611905934593 ], [ 77.601008441030146, 10.20617504415039 ], [ 77.601073811433366, 10.206223080880019 ], [ 77.601265482270577, 10.206308989815035 ], [ 77.601332386098008, 10.206343970130938 ], [ 77.601429729338818, 10.206394858058214 ], [ 77.601653302945067, 10.206453617120095 ], [ 77.601653337979343, 10.20645362065649 ], [ 77.601688951688786, 10.206452217589728 ], [ 77.601881492993527, 10.206444623170327 ], [ 77.602064054015443, 10.206471718183678 ], [ 77.602146492409076, 10.206354459097177 ], [ 77.602315049594054, 10.206114691003027 ], [ 77.602373129270433, 10.206023973389041 ], [ 77.602433689195323, 10.205929347136538 ], [ 77.602451948351757, 10.205888679349497 ], [ 77.602451984284372, 10.205888674044903 ], [ 77.60264814669803, 10.205888633376221 ], [ 77.603054304682388, 10.205915885806977 ], [ 77.60339202182189, 10.205906857362033 ], [ 77.603557502276999, 10.205914147663346 ], [ 77.603802708213593, 10.205924921324446 ], [ 77.603802710010214, 10.205924949615721 ], [ 77.603802740552908, 10.205924949615721 ], [ 77.603816422793017, 10.206069565601988 ], [ 77.603966989417785, 10.206363417685488 ], [ 77.604012586104972, 10.20649003143018 ], [ 77.604085582306652, 10.206761237809863 ], [ 77.604106295660472, 10.206819676760249 ], [ 77.604144934895785, 10.206928529664848 ], [ 77.604219750185919, 10.207161681440033 ], [ 77.60424067823709, 10.207226874824745 ], [ 77.604251358307522, 10.20727090996917 ], [ 77.604268090327992, 10.20733984129609 ], [ 77.604301949627683, 10.207528631435467 ], [ 77.604304581691437, 10.207543302141543 ], [ 77.604368500417195, 10.207755792133687 ], [ 77.604400099555619, 10.20792122598019 ], [ 77.604418621020145, 10.208018033588553 ], [ 77.604496734923984, 10.208197352013915 ], [ 77.604505255444451, 10.208216908198899 ], [ 77.604505264427615, 10.208216935605853 ], [ 77.604550931183411, 10.208361495736616 ], [ 77.604550941064872, 10.208361527564008 ], [ 77.604605695178051, 10.208578500251102 ], [ 77.604623733348973, 10.208703890412707 ], [ 77.604655817577665, 10.208926661633441 ], [ 77.6048292687843, 10.209026070821237 ], [ 77.605144047442991, 10.209270237732611 ], [ 77.605144079782349, 10.209270260719 ], [ 77.60555018925767, 10.209523398319575 ], [ 77.605983682976131, 10.209781140063587 ], [ 77.606408044421414, 10.210038823248805 ], [ 77.606791363637967, 10.210255808937422 ], [ 77.606982313128029, 10.210360365761218 ], [ 77.607138243593369, 10.21044571571899 ], [ 77.607611255099485, 10.210722482293745 ], [ 77.607617287286601, 10.210726011573703 ], [ 77.607617319625959, 10.210726030139568 ], [ 77.608064490194607, 10.210983727588861 ], [ 77.608783147811778, 10.211415758727819 ], [ 77.609132367878487, 10.211625684937324 ], [ 77.609433552331993, 10.211788455674887 ], [ 77.609433523585921, 10.211788478661123 ], [ 77.60928746201229, 10.211892459441851 ], [ 77.609287423384757, 10.211892490384818 ], [ 77.608931518055684, 10.212199849431215 ], [ 77.608748904931488, 10.212344454608456 ], [ 77.608720896359216, 10.212374410897882 ], [ 77.608634874585931, 10.212466477580392 ], [ 77.608794567195687, 10.212579521758617 ], [ 77.608850212437659, 10.212636253360293 ], [ 77.608949761042467, 10.212737661183564 ], [ 77.609113125066798, 10.212836290303875 ], [ 77.609159626357467, 10.212864354611048 ], [ 77.609460826980666, 10.21306776683493 ], [ 77.610072278753549, 10.213515316059002 ], [ 77.610227389056988, 10.213492729571934 ], [ 77.61054683536193, 10.213411446318959 ], [ 77.610546873091181, 10.213411435709977 ], [ 77.610738553809867, 10.213366227356241 ], [ 77.610966790570743, 10.213307461614459 ], [ 77.611172117596908, 10.213293895391415 ], [ 77.611665044752883, 10.213226592948185 ], [ 77.611966104340553, 10.213185487589655 ], [ 77.611966130391721, 10.213185481401071 ], [ 77.61219428360927, 10.213117688269664 ], [ 77.612627871650787, 10.21299118502071 ], [ 77.612837769305159, 10.212986644376233 ], [ 77.613061350097908, 10.212923331730334 ], [ 77.613230981667954, 10.212900960917251 ], [ 77.613335150308302, 10.212887211671898 ], [ 77.613420936722989, 10.212866408334023 ], [ 77.613558760745434, 10.212832966154439 ], [ 77.613712355591048, 10.212791238350977 ], [ 77.613791614846889, 10.212769685304902 ], [ 77.61387984108589, 10.212750489221404 ], [ 77.614019715962144, 10.212720018431307 ], [ 77.614480639737778, 10.212606993752885 ], [ 77.614480672975432, 10.212606984912037 ], [ 77.614900503318424, 10.212485000009584 ], [ 77.615229019912789, 10.212430707567101 ], [ 77.615229063031904, 10.212430748234933 ], [ 77.615365875551362, 10.212534658963115 ], [ 77.61536591687387, 10.212534687253793 ], [ 77.615580413004125, 10.212679423123028 ], [ 77.615799500423833, 10.212751695994065 ], [ 77.615986598836272, 10.212873834624519 ], [ 77.616089793702841, 10.212922793324344 ], [ 77.616205549712063, 10.212977701887903 ], [ 77.616602629322145, 10.213140474585805 ], [ 77.616898721226306, 10.213277644213623 ], [ 77.617022485716276, 10.213334963604563 ], [ 77.617197684146134, 10.213423809303167 ], [ 77.617405775288432, 10.213529327849081 ], [ 77.617638505422363, 10.213683072040361 ], [ 77.618350429268162, 10.21402211209692 ], [ 77.618615793399741, 10.214129420703651 ], [ 77.618797598938514, 10.2142029291869 ], [ 77.618852352153397, 10.214379214390263 ], [ 77.6189070712323, 10.214439510272744 ], [ 77.618975558789543, 10.214514908842292 ], [ 77.61906224711278, 10.214718289951735 ], [ 77.619258516425944, 10.215156821047476 ], [ 77.619368021957385, 10.215364715834697 ], [ 77.619450098329963, 10.215572685632297 ], [ 77.619450110906385, 10.215572718343081 ], [ 77.619545937790988, 10.215812273318784 ], [ 77.619637247048061, 10.216015727860556 ], [ 77.619805595823877, 10.216332684833956 ], [ 77.619865390384135, 10.216445227252796 ], [ 77.619965451926987, 10.216662296093288 ], [ 77.620057069306213, 10.216861043296539 ], [ 77.620234995919574, 10.217317586128255 ], [ 77.620235011190928, 10.217317620606968 ], [ 77.620435758605794, 10.217729016934344 ], [ 77.620586650420719, 10.218204332574622 ], [ 77.620613697795577, 10.218289525715273 ], [ 77.620791774427602, 10.218275933182808 ], [ 77.621014452413505, 10.218277833043166 ], [ 77.621330173404942, 10.218280491433095 ], [ 77.621891471337179, 10.218239851747361 ], [ 77.621891503676537, 10.21823984555888 ], [ 77.622206384743194, 10.218746154017804 ], [ 77.622489307345305, 10.218705470188276 ], [ 77.622986777281653, 10.218691912152195 ], [ 77.623255971829565, 10.218728149131968 ], [ 77.623465919789567, 10.218700973828694 ], [ 77.623479632572398, 10.218144979822172 ], [ 77.623502433610923, 10.217652198428297 ], [ 77.623516459007476, 10.217177569769039 ], [ 77.623529817854035, 10.216725498369843 ], [ 77.623516469787248, 10.216553200747919 ], [ 77.62351160181673, 10.216490460806817 ], [ 77.623525302023097, 10.216259983117446 ], [ 77.623545197011708, 10.21598409217442 ], [ 77.623561779911867, 10.215753607929429 ], [ 77.623537954793889, 10.215531949236215 ], [ 77.623525322684372, 10.215414602429915 ], [ 77.623512633082669, 10.215215993122319 ], [ 77.62348426698091, 10.214772726992299 ], [ 77.62348881604953, 10.214411047385468 ], [ 77.623507064426221, 10.214185043394339 ], [ 77.623543610586907, 10.213927434294648 ], [ 77.623589296207328, 10.213732983653657 ], [ 77.623749012173263, 10.213290013391644 ], [ 77.623945276096549, 10.212901275650477 ], [ 77.623945318317354, 10.21290123940312 ], [ 77.624365076795101, 10.21261644459927 ], [ 77.624589884686515, 10.212334071045671 ], [ 77.624739316739095, 10.212146374717978 ], [ 77.624972024415158, 10.211784698312758 ], [ 77.625223052333098, 10.211423041830226 ], [ 77.625574423864876, 10.211002647943738 ], [ 77.625711328012486, 10.210925867596663 ], [ 77.626090072109335, 10.210839946646947 ], [ 77.62609010804195, 10.210839941342432 ], [ 77.626134615072715, 10.21083481009653 ], [ 77.626756357945467, 10.210763112331239 ], [ 77.627270505105074, 10.210675442610912 ], [ 77.627869856571039, 10.210573208391407 ], [ 77.628326974184844, 10.210513596944715 ], [ 77.628873860444969, 10.210442235060807 ], [ 77.629595560656043, 10.210349114842153 ], [ 77.62995988858917, 10.210302083060922 ], [ 77.630315863986809, 10.210039844372833 ], [ 77.630690124592064, 10.209556163633128 ], [ 77.631420236627434, 10.208512002220123 ], [ 77.631420268068467, 10.208511958899493 ], [ 77.631432718718301, 10.208495518281186 ], [ 77.631557172216091, 10.208331153603952 ], [ 77.631785275127996, 10.207851962359046 ], [ 77.631903926407347, 10.207309505254695 ], [ 77.632045429929207, 10.206301442249519 ], [ 77.633067590551676, 10.206536540387836 ], [ 77.634359049926601, 10.206984051059234 ], [ 77.634746009116697, 10.207106415581015 ], [ 77.635760072325184, 10.207427064582312 ], [ 77.636040308066285, 10.207494461082788 ], [ 77.636079400950806, 10.207503861687554 ], [ 77.63635329997588, 10.207341082569078 ], [ 77.636699440617789, 10.207100061567024 ], [ 77.636937409726457, 10.206934350570727 ], [ 77.637170089554715, 10.206717281279779 ], [ 77.637170131775548, 10.206717247683988 ], [ 77.63746676356719, 10.206500297598449 ], [ 77.637996080576997, 10.206143181155683 ], [ 77.637996102136555, 10.206143165241894 ], [ 77.638461539048208, 10.205813138163165 ], [ 77.639488248739241, 10.205071811740989 ], [ 77.640108846260034, 10.20461519386606 ], [ 77.640108886684203, 10.204615163806473 ], [ 77.64056064405068, 10.204285169623457 ], [ 77.640914782393565, 10.204027563116796 ], [ 77.641076332719322, 10.203910020215545 ], [ 77.64173796707891, 10.203453454604572 ], [ 77.641738017384583, 10.203453420124344 ], [ 77.64194668165203, 10.20332545160119 ], [ 77.642408804678567, 10.203042015943682 ], [ 77.643513164742799, 10.20431683741676 ], [ 77.643624319581107, 10.204483516103307 ], [ 77.643681983337501, 10.204569966580264 ], [ 77.643974021144786, 10.205049110605053 ], [ 77.644181017240768, 10.204945238984958 ], [ 77.644325405252999, 10.204872765417077 ], [ 77.644877532284525, 10.204624163112575 ], [ 77.644877576301951, 10.204624143662274 ], [ 77.645265458960196, 10.204470405702464 ], [ 77.645217915623775, 10.204100683159055 ], [ 77.645142195730131, 10.20351213463972 ], [ 77.645073777343171, 10.203109759943572 ], [ 77.645047946287164, 10.202883932703502 ], [ 77.645018939686665, 10.202630567909914 ], [ 77.645041814387042, 10.202440719236417 ], [ 77.645548230645289, 10.202164925054948 ], [ 77.646054907415007, 10.201886143217683 ], [ 77.646451828921613, 10.201667698340106 ], [ 77.647302497563089, 10.201376442985502 ], [ 77.647692990725488, 10.201242724230902 ], [ 77.64799273787456, 10.201173193037961 ], [ 77.648842951070151, 10.200975926652699 ], [ 77.649071141118625, 10.201409901399094 ], [ 77.64909920358977, 10.201488620251375 ], [ 77.649125946435802, 10.201563558614353 ], [ 77.649710064271204, 10.201292346921949 ], [ 77.649600476094747, 10.201016618054354 ], [ 77.649299274573238, 10.200139703714253 ], [ 77.649266488760333, 10.199906771361873 ], [ 77.649221611623673, 10.199588137649776 ], [ 77.649335678800128, 10.19919488918805 ], [ 77.649541032775744, 10.198846726886543 ], [ 77.649714398642459, 10.198715644404166 ], [ 77.649714434575074, 10.198715621417024 ], [ 77.650230077429612, 10.198444432938572 ], [ 77.650230100785805, 10.198444418792612 ], [ 77.650276737722081, 10.198416959721788 ], [ 77.650625431376056, 10.19821166025659 ], [ 77.650690905983836, 10.198173109842521 ], [ 77.650957958948126, 10.198039784945955 ], [ 77.651270422648352, 10.197883775145121 ], [ 77.651767805448131, 10.197621599608381 ], [ 77.651767842279042, 10.197621583694133 ], [ 77.65229262369499, 10.198480409640172 ], [ 77.65266231187546, 10.19906806388941 ], [ 77.652868558776476, 10.198987857347639 ], [ 77.653278387277084, 10.198828455638145 ], [ 77.6537756919234, 10.19850295033425 ], [ 77.653451747753877, 10.198041867056562 ], [ 77.652940589289216, 10.197259910234436 ], [ 77.652817376364851, 10.197051924048251 ], [ 77.653620454957505, 10.196735433256283 ], [ 77.653565639758838, 10.196066473758766 ], [ 77.653335330584625, 10.195997823796485 ], [ 77.653049978039661, 10.195912782062603 ], [ 77.653049955581807, 10.195912750233941 ], [ 77.652963345411976, 10.195822409004824 ], [ 77.652963305886104, 10.195822370987273 ], [ 77.652849218946713, 10.195365764604386 ], [ 77.65284921355682, 10.195365733659814 ], [ 77.652894750955213, 10.194714873902159 ], [ 77.65330091522776, 10.194506842731824 ], [ 77.653574708251639, 10.1943441232788 ], [ 77.654300219116138, 10.19401853735708 ], [ 77.654929874349932, 10.193724754337785 ], [ 77.655085116705735, 10.194181267586014 ], [ 77.655167270333408, 10.194484147915789 ], [ 77.655308720854663, 10.194791504320152 ], [ 77.655408253289835, 10.195005160151281 ], [ 77.655445615120826, 10.195085336751298 ], [ 77.655527786714813, 10.195116967441839 ], [ 77.655801497093691, 10.19504915720009 ], [ 77.656586446785568, 10.194863782136812 ], [ 77.657298326613954, 10.194646675440506 ], [ 77.657567505890498, 10.194511111326936 ], [ 77.657608367557842, 10.194473850415481 ], [ 77.657681574863616, 10.19440706121102 ], [ 77.657722636855226, 10.194036441965535 ], [ 77.657722637753565, 10.194036413673228 ], [ 77.657690631678321, 10.193539184878228 ], [ 77.657727078126015, 10.192919844433279 ], [ 77.65774608378247, 10.192669485740872 ], [ 77.657758981793336, 10.192499458826816 ], [ 77.657877635767619, 10.192083594157404 ], [ 77.658096675576616, 10.191975049164085 ], [ 77.658096713305852, 10.1919750323654 ], [ 77.658393202265358, 10.191843925836261 ], [ 77.659027491009383, 10.191572674923446 ], [ 77.659129386912085, 10.191526492681042 ], [ 77.659456362895725, 10.191378247761538 ], [ 77.659862469676085, 10.191174809301325 ], [ 77.660095177352147, 10.191070801419041 ], [ 77.660469463110203, 10.191504716275807 ], [ 77.660469481076504, 10.191504735726921 ], [ 77.661176840582385, 10.192255053599267 ], [ 77.661729079004985, 10.192820103969948 ], [ 77.662002793875416, 10.193118446434006 ], [ 77.662408883587787, 10.192811050397884 ], [ 77.662764843714086, 10.192449307819137 ], [ 77.662764885036594, 10.192449270685334 ], [ 77.663193704820628, 10.192101230980191 ], [ 77.66319373087174, 10.19210120622428 ], [ 77.663531386027472, 10.191771190233792 ], [ 77.663700194740741, 10.191554214935767 ], [ 77.663316853066291, 10.191287541864385 ], [ 77.662975861567574, 10.191037494876223 ], [ 77.662842227287584, 10.190939520341724 ], [ 77.662842201236472, 10.190939479671144 ], [ 77.662732685823528, 10.190745077763147 ], [ 77.662632316158522, 10.190491937612544 ], [ 77.6626185611549, 10.190243372711452 ], [ 77.662656397296345, 10.190035732951104 ], [ 77.662677861641725, 10.189917903728155 ], [ 77.662733098150255, 10.189797505132617 ], [ 77.662814735246641, 10.189619536164457 ], [ 77.662814770280946, 10.189619502566872 ], [ 77.66285630209147, 10.189571920436963 ], [ 77.663106752392679, 10.189284948329217 ], [ 77.663419931151864, 10.189080442250152 ], [ 77.663508311002772, 10.189022711784387 ], [ 77.663941739144221, 10.188914183431654 ], [ 77.664203863052535, 10.188843796344324 ], [ 77.664430032789951, 10.188783033204329 ], [ 77.665205771156906, 10.18881461500804 ], [ 77.66550018231321, 10.188877133177396 ], [ 77.66571680385745, 10.188923103607948 ], [ 77.66618686709279, 10.189031511713463 ], [ 77.666866791151548, 10.189271045990587 ], [ 77.66686682798246, 10.189271061905243 ], [ 77.667318547619743, 10.189510544721855 ], [ 77.667551318177843, 10.18972304497751 ], [ 77.667761217628794, 10.189980658632214 ], [ 77.668144567388097, 10.190694864589375 ], [ 77.668144586252737, 10.190694899955133 ], [ 77.668363671875781, 10.19112427701978 ], [ 77.668363690740421, 10.191124315922048 ], [ 77.66862837125403, 10.191662134984657 ], [ 77.668824677398121, 10.192069044750394 ], [ 77.668856669998647, 10.192128957605595 ], [ 77.668906786110057, 10.192222719733708 ], [ 77.669278842249568, 10.192779698866051 ], [ 77.669691860667768, 10.193397905236585 ], [ 77.669965709387171, 10.193895189068375 ], [ 77.670559126582404, 10.195350653924153 ], [ 77.670682328726997, 10.195617383716009 ], [ 77.670887605447504, 10.195793673908923 ], [ 77.670887639583469, 10.195793701316921 ], [ 77.671412447050571, 10.196186849650779 ], [ 77.671412482084861, 10.196186874406372 ], [ 77.672466655070792, 10.196882916218545 ], [ 77.672676569793097, 10.196977780337317 ], [ 77.67265362502414, 10.196010391690933 ], [ 77.672669461424277, 10.195945724718719 ], [ 77.672690114590978, 10.195861273569403 ], [ 77.672690143337036, 10.195861269148738 ], [ 77.672789701823362, 10.19586124969789 ], [ 77.673027844306858, 10.195861194881857 ], [ 77.673576044802275, 10.195899329150853 ], [ 77.67361191183663, 10.195901823279712 ], [ 77.673817272998775, 10.195956021287355 ], [ 77.674150468917418, 10.196507506997317 ], [ 77.67437408384616, 10.196823901645953 ], [ 77.6746023008441, 10.197108631893906 ], [ 77.675122463122847, 10.197031796916033 ], [ 77.675660906117614, 10.196909601810885 ], [ 77.676071577237948, 10.196855360643282 ], [ 77.676742439092138, 10.196724132344508 ], [ 77.676742472329792, 10.196724121735004 ], [ 77.677148597974792, 10.196941006868045 ], [ 77.677312914213303, 10.197088446412948 ], [ 77.677390486433069, 10.197158018283416 ], [ 77.677634579357019, 10.197364414743081 ], [ 77.67776471829221, 10.197474446766766 ], [ 77.677764740750078, 10.197474462681027 ], [ 77.678211869996218, 10.197763638607899 ], [ 77.678211896945712, 10.197763652753874 ], [ 77.678567901089423, 10.197908266258416 ], [ 77.679110885067942, 10.198129724154271 ], [ 77.679923213613108, 10.19837369165503 ], [ 77.680306527439768, 10.19853631975344 ], [ 77.68030654899934, 10.198536354234189 ], [ 77.680393239119212, 10.198644880193708 ], [ 77.680502836278819, 10.198884452334164 ], [ 77.680502847058577, 10.198884476205448 ], [ 77.681009533709755, 10.200226876810509 ], [ 77.681109106569124, 10.200550031254968 ], [ 77.681256098797391, 10.201026960433051 ], [ 77.68148889271167, 10.201483502116382 ], [ 77.681990935072818, 10.201390875264337 ], [ 77.682150541444315, 10.201361420117752 ], [ 77.682389663989781, 10.201340634592777 ], [ 77.682775705101633, 10.201307079803454 ], [ 77.68327979113009, 10.20127458241147 ], [ 77.683478453555168, 10.20126177689796 ], [ 77.683610766413381, 10.201306881761854 ], [ 77.683610791566196, 10.201306910937628 ], [ 77.683898355763375, 10.201600697572845 ], [ 77.684272531028654, 10.202016461405965 ], [ 77.68427256157139, 10.202016490581663 ], [ 77.684382124595004, 10.202111395608577 ], [ 77.684847524675718, 10.201957646709999 ], [ 77.684847557913386, 10.201957636984753 ], [ 77.685664403187772, 10.201740606737241 ], [ 77.685919876868041, 10.20162300906067 ], [ 77.686658354913646, 10.201143872256681 ], [ 77.68693740128532, 10.200962810802725 ], [ 77.687548766819901, 10.20054233678959 ], [ 77.687548808142409, 10.200542307613752 ], [ 77.688246874576649, 10.200090143615899 ], [ 77.688246902424424, 10.200090126817672 ], [ 77.688570808864739, 10.199882211441016 ], [ 77.688570846594004, 10.199882184033337 ], [ 77.688753351022044, 10.199719357695532 ], [ 77.689241618616634, 10.199434442348188 ], [ 77.689510765553862, 10.199244653657436 ], [ 77.690268239374475, 10.198693007355883 ], [ 77.69086140773635, 10.19828597520014 ], [ 77.691145922153126, 10.198117821204091 ], [ 77.691381441556018, 10.197978617746829 ], [ 77.691381481980216, 10.197978590338998 ], [ 77.691910790006872, 10.197616810305618 ], [ 77.692276845400301, 10.197384548043171 ], [ 77.692659088435178, 10.197142012068676 ], [ 77.693211227144758, 10.196911371832224 ], [ 77.693580845256619, 10.197196048070301 ], [ 77.694209911195571, 10.197609526887291 ], [ 77.694612279187751, 10.197873976400532 ], [ 77.694780689947322, 10.198000636843553 ], [ 77.694972860247844, 10.198145143261618 ], [ 77.695211684552646, 10.198304134196087 ], [ 77.695515954719141, 10.198506668067697 ], [ 77.695721307796504, 10.198659692768654 ], [ 77.696437877728954, 10.199193585110759 ], [ 77.696656936402562, 10.199419629809285 ], [ 77.69665696784358, 10.199419664289971 ], [ 77.696835090289724, 10.200197079402857 ], [ 77.696826028983438, 10.200508978190012 ], [ 77.696876330147774, 10.201015280388166 ], [ 77.696921963665901, 10.201309139789856 ], [ 77.697094664779243, 10.201392044063159 ], [ 77.697373718337431, 10.201526006770413 ], [ 77.697779979628052, 10.201742931954753 ], [ 77.6979215765747, 10.201851958997558 ], [ 77.697944251849108, 10.201869414920482 ], [ 77.697944279696884, 10.201869430834515 ], [ 77.697868719703393, 10.202212547741357 ], [ 77.697802948651542, 10.202511345566089 ], [ 77.697664081685048, 10.202968952241285 ], [ 77.697451781037302, 10.203668696902572 ], [ 77.697212012603146, 10.204421881566059 ], [ 77.697155310942392, 10.204600016432753 ], [ 77.697155296569363, 10.204600060638009 ], [ 77.696808809177739, 10.205757323926738 ], [ 77.696639977108319, 10.206191247065478 ], [ 77.696685654643858, 10.206268068339639 ], [ 77.696685684288269, 10.206268113428774 ], [ 77.697027986428978, 10.206706527979803 ], [ 77.697028009785186, 10.206706551850464 ], [ 77.697288099907695, 10.206932484238363 ], [ 77.697365772738735, 10.206955109207446 ], [ 77.697589372396138, 10.206936943632188 ], [ 77.698114175371629, 10.206936841960834 ], [ 77.698434758045366, 10.206926879052538 ], [ 77.698844300881731, 10.206914108246298 ], [ 77.699239488639833, 10.206933068627627 ], [ 77.699314271590609, 10.206936652763734 ], [ 77.699314306624899, 10.20693665541601 ], [ 77.699693077671171, 10.206986271914822 ], [ 77.699693103722325, 10.206986274567099 ], [ 77.699948451638477, 10.207039986202005 ], [ 77.70027264823463, 10.207108177588742 ], [ 77.700272692252085, 10.207108186429718 ], [ 77.700824785147589, 10.207193958090581 ], [ 77.700824816588607, 10.207193964279266 ], [ 77.701764926889652, 10.207379099646314 ], [ 77.702061563172904, 10.207487540370288 ], [ 77.702444909338894, 10.207749640590778 ], [ 77.702750799167873, 10.208088669289717 ], [ 77.702852734596433, 10.208292510701224 ], [ 77.702983616438374, 10.208554208879859 ], [ 77.703084110070918, 10.209019754861616 ], [ 77.703178233749753, 10.209694570765969 ], [ 77.703230417782905, 10.210068538398803 ], [ 77.703233817906266, 10.210238169583842 ], [ 77.703239612938162, 10.210525042357473 ], [ 77.703193921029566, 10.210668072850741 ], [ 77.703152994683535, 10.210796322213337 ], [ 77.7030070391111, 10.21120318896015 ], [ 77.702678629416255, 10.21182703184655 ], [ 77.70246417730344, 10.212166199421773 ], [ 77.702347747557766, 10.212425797367739 ], [ 77.70233646202287, 10.212450963685862 ], [ 77.702368486962754, 10.212676990127317 ], [ 77.702336565329148, 10.213147137907619 ], [ 77.702368672914019, 10.213802564262863 ], [ 77.702487463432234, 10.214168709158717 ], [ 77.702961964345107, 10.214209895725407 ], [ 77.703162844710619, 10.214227323563932 ], [ 77.703569017966316, 10.21419557719004 ], [ 77.703623530432722, 10.214176319307118 ], [ 77.703696735043522, 10.214150423760668 ], [ 77.703829050596667, 10.214023830746498 ], [ 77.703829076647821, 10.214023801571894 ], [ 77.703845849990827, 10.214001068363803 ], [ 77.704052580185447, 10.213720847889954 ], [ 77.704358286758122, 10.21331853207637 ], [ 77.704358319097452, 10.213318496713132 ], [ 77.704654800870458, 10.213060785242032 ], [ 77.704974151055637, 10.212784892407301 ], [ 77.705330085130768, 10.21257691459782 ], [ 77.705331172092258, 10.212576502615139 ], [ 77.705558248229792, 10.212490898613119 ], [ 77.70579471535531, 10.212494225418393 ], [ 77.705877691839774, 10.212495387103777 ], [ 77.705877726874093, 10.212495392408268 ], [ 77.706151589966538, 10.212590270439664 ], [ 77.706352402060105, 10.212734889584704 ], [ 77.706410285005433, 10.212816418785508 ], [ 77.706557829697573, 10.213024179838319 ], [ 77.706639698559314, 10.213341709141845 ], [ 77.706726829751972, 10.213679548981771 ], [ 77.706768004931348, 10.214027723346282 ], [ 77.706748196181024, 10.214108852612028 ], [ 77.706736040178598, 10.214158726143106 ], [ 77.706526273678264, 10.21493634218027 ], [ 77.70640317663657, 10.215469708595979 ], [ 77.706403173043313, 10.215469738654535 ], [ 77.706407819129964, 10.215709408637492 ], [ 77.706456409902003, 10.215764141673171 ], [ 77.706540158039303, 10.215858450269749 ], [ 77.706540197565175, 10.215858495357521 ], [ 77.706540177802239, 10.215736494904966 ], [ 77.706540177802239, 10.215736466614608 ], [ 77.706558368686757, 10.215501345217351 ], [ 77.706645029162232, 10.215288931125684 ], [ 77.706836659575245, 10.215008582711631 ], [ 77.706978063384128, 10.214809667259846 ], [ 77.706978098418404, 10.214809617751536 ], [ 77.707133129670154, 10.214556441922502 ], [ 77.707219764094461, 10.214384690369412 ], [ 77.707219774874261, 10.214384655006288 ], [ 77.707274425681177, 10.213982363018545 ], [ 77.707274446342453, 10.213982345336964 ], [ 77.70739310660494, 10.213833205576556 ], [ 77.707393126367876, 10.213833174633779 ], [ 77.707548147738152, 10.213543816157827 ], [ 77.707671270831, 10.213281551851933 ], [ 77.707761082596477, 10.213060871882046 ], [ 77.707794513399762, 10.212978686755145 ], [ 77.707922199934259, 10.212716503318799 ], [ 77.70792673642643, 10.212490446846559 ], [ 77.70787194368566, 10.212305126144265 ], [ 77.707855141596596, 10.212195552782658 ], [ 77.707780462850423, 10.211708480432796 ], [ 77.707780460155462, 10.211708442417127 ], [ 77.707812353941307, 10.211364830051529 ], [ 77.707834683364339, 10.211149743254207 ], [ 77.707857862593599, 10.210926380367455 ], [ 77.707884352114704, 10.210863066427351 ], [ 77.707935361151499, 10.21074099509952 ], [ 77.708017293793588, 10.210696713774755 ], [ 77.708035776630581, 10.210686709432037 ], [ 77.708245680573128, 10.210722815594998 ], [ 77.708252061306581, 10.210445967684352 ], [ 77.708254724811411, 10.210329610065417 ], [ 77.70831852585782, 10.209719309400157 ], [ 77.708364071341052, 10.209316999134213 ], [ 77.708596743982767, 10.209231002602115 ], [ 77.708605594184974, 10.209130252309874 ], [ 77.708614967206614, 10.20902305518039 ], [ 77.708811179027634, 10.208905479644653 ], [ 77.70890243708071, 10.208860245011776 ], [ 77.708907561969426, 10.208846480562187 ], [ 77.708934359612627, 10.208774411029468 ], [ 77.709011814153058, 10.208363027872769 ], [ 77.709053916393799, 10.2083458410708 ], [ 77.70908937738966, 10.208331332191092 ], [ 77.709372294601849, 10.208150420701447 ], [ 77.709431603173556, 10.208082567262563 ], [ 77.70950913227415, 10.207874657990459 ], [ 77.7095779252586, 10.207636043903948 ], [ 77.709618591093218, 10.207494917276897 ], [ 77.709782672871413, 10.206934298408918 ], [ 77.710028964871185, 10.206301390971712 ], [ 77.70984338910317, 10.206276512383882 ], [ 77.708682748688076, 10.206120923030735 ], [ 77.70821161106764, 10.206076554421081 ], [ 77.707820284268664, 10.206039727188449 ], [ 77.707400399128417, 10.206017258640177 ], [ 77.707400377568845, 10.206017220623808 ], [ 77.707391028801695, 10.20597836525579 ], [ 77.707377522631404, 10.205922296427081 ], [ 77.707373431703616, 10.205766178207829 ], [ 77.707368367900344, 10.205574228124705 ], [ 77.707423060928093, 10.205167341802342 ], [ 77.707391005445487, 10.204995609935017 ], [ 77.707057913731418, 10.204950525928158 ], [ 77.706692830315106, 10.204896355090455 ], [ 77.706542200808272, 10.204819524644146 ], [ 77.70641887559448, 10.20453472614243 ], [ 77.706176918864301, 10.203969690366284 ], [ 77.706135881127167, 10.203776674734392 ], [ 77.706067315416462, 10.203454433312531 ], [ 77.706034667045785, 10.20314909396488 ], [ 77.706007812808664, 10.202898335738345 ], [ 77.706067006395998, 10.202310694746867 ], [ 77.706199287813192, 10.201858705662358 ], [ 77.706331556653922, 10.201510533011723 ], [ 77.706340602688826, 10.201307147880263 ], [ 77.706208800972021, 10.201328597377248 ], [ 77.706034888031354, 10.201356944731792 ], [ 77.706034868268418, 10.201356902294274 ], [ 77.705989240140184, 10.201076726384347 ], [ 77.705190626174513, 10.201094937383917 ], [ 77.704822840625823, 10.201075073089353 ], [ 77.70460654157678, 10.201063401003285 ], [ 77.704596337613452, 10.20097997943696 ], [ 77.704556208073086, 10.200652038824087 ], [ 77.704255059552196, 10.200620452889051 ], [ 77.704255055060599, 10.200620426365578 ], [ 77.704255025416202, 10.20062042282912 ], [ 77.704214052357784, 10.200317654428268 ], [ 77.704177350788541, 10.20004639039584 ], [ 77.704177348991877, 10.200046353262877 ], [ 77.704179914580351, 10.199957444593387 ], [ 77.704190888399864, 10.199576301947147 ], [ 77.704236403340374, 10.198884589372906 ], [ 77.704354932448823, 10.198287934416072 ], [ 77.704414156578892, 10.197939839200593 ], [ 77.704623939248862, 10.197297863090254 ], [ 77.704623949130337, 10.197297817999862 ], [ 77.704715062554669, 10.196655947574927 ], [ 77.70479247307766, 10.196140566402343 ], [ 77.704217513566562, 10.196063862042053 ], [ 77.704089747980333, 10.196095541262489 ], [ 77.704017909707076, 10.196174397584144 ], [ 77.703920968911504, 10.196280877591496 ], [ 77.703706471882896, 10.196308074260376 ], [ 77.703446418591284, 10.196292947710562 ], [ 77.7032410780904, 10.196281031429812 ], [ 77.702415055627057, 10.196294810568766 ], [ 77.70130625159716, 10.196294982089643 ], [ 77.701306212071287, 10.196294982973786 ], [ 77.701297048357091, 10.195865543030438 ], [ 77.701297046560427, 10.195865498823972 ], [ 77.701274003875085, 10.195164963401439 ], [ 77.701274025434643, 10.195164933340987 ], [ 77.701342516585171, 10.195078973656136 ], [ 77.701552283085505, 10.194767043911815 ], [ 77.701552304645062, 10.194767012967182 ], [ 77.701748441007567, 10.194518368292092 ], [ 77.70193552684357, 10.194287751796038 ], [ 77.702063196310078, 10.194025584793579 ], [ 77.702063208886486, 10.194025545007499 ], [ 77.702068667948481, 10.193994129937497 ], [ 77.702108754369718, 10.193763312363277 ], [ 77.702102414060434, 10.193407725338078 ], [ 77.702099557417839, 10.193248032607805 ], [ 77.702085763786627, 10.192805071857292 ], [ 77.702140540357718, 10.192606117774147 ], [ 77.702332035125139, 10.192095319620902 ], [ 77.702332048599871, 10.192095286907728 ], [ 77.702382088354483, 10.191955699754558 ], [ 77.702528142741556, 10.191548230182573 ], [ 77.702701461895856, 10.19111421105622 ], [ 77.702879276219804, 10.190603342432773 ], [ 77.703098206434333, 10.190295994367023 ], [ 77.703098230688852, 10.190295971379259 ], [ 77.703152318252123, 10.190259787747719 ], [ 77.703280769252913, 10.190173849727497 ], [ 77.703280796202364, 10.190173849727497 ], [ 77.703291467289617, 10.190174045123575 ], [ 77.703522644236429, 10.190178288136506 ], [ 77.70367924843822, 10.190211930744224 ], [ 77.703901411689429, 10.190259643632091 ], [ 77.704385105062599, 10.190218772259096 ], [ 77.704462503009154, 10.189775799340975 ], [ 77.704517133154837, 10.18917908223534 ], [ 77.704579386404049, 10.188936535594651 ], [ 77.704649366062981, 10.188663734946186 ], [ 77.704562583416646, 10.188283981936801 ], [ 77.704489569248665, 10.188037493069281 ], [ 77.704384480733481, 10.187682858961203 ], [ 77.704306791732776, 10.187181109303312 ], [ 77.704306785444558, 10.187181070400561 ], [ 77.704251969347595, 10.18662506643436 ], [ 77.70430664620568, 10.186245356088721 ], [ 77.704443384164961, 10.185996674704649 ], [ 77.704443414707683, 10.185996632265121 ], [ 77.704671502348219, 10.18573438417414 ], [ 77.704851793327421, 10.185561732032605 ], [ 77.704945283694002, 10.185472190685269 ], [ 77.705000845392647, 10.185411143972068 ], [ 77.705114008863902, 10.185286787948314 ], [ 77.705232632295477, 10.185123993055853 ], [ 77.705282720559111, 10.184888986098503 ], [ 77.705259940181818, 10.184613240384667 ], [ 77.705266937159578, 10.184443144630141 ], [ 77.705278121184875, 10.184170209281469 ], [ 77.705371243242155, 10.184023749601748 ], [ 77.705410286719342, 10.1839623118115 ], [ 77.7054103190587, 10.183962293244095 ], [ 77.705597406691368, 10.183894393097342 ], [ 77.705743485332974, 10.18397125157791 ], [ 77.705862135714, 10.18412486503655 ], [ 77.706058382569267, 10.184111260435571 ], [ 77.706075899717334, 10.184059139963372 ], [ 77.706103923560917, 10.183975626413586 ], [ 77.706158245584461, 10.183833766943645 ], [ 77.706204296819209, 10.183713405838068 ], [ 77.706345636847686, 10.183428614111008 ], [ 77.706438137270808, 10.183362415866558 ], [ 77.706509920746839, 10.183311030012506 ], [ 77.706577232409416, 10.18329435379003 ], [ 77.706728921928288, 10.183256749395921 ], [ 77.70691600596767, 10.183288368881815 ], [ 77.70691759688404, 10.1832878516457 ], [ 77.707166937765891, 10.18320688870865 ], [ 77.707189788211764, 10.183093926942325 ], [ 77.707253559613761, 10.182759352595703 ], [ 77.707422310834843, 10.18237509479841 ], [ 77.707422341377537, 10.18237507092589 ], [ 77.70778271133355, 10.181995290976177 ], [ 77.708079167953741, 10.18163814441459 ], [ 77.708293557184504, 10.181362350797823 ], [ 77.708293574252508, 10.181362326925228 ], [ 77.708622071982234, 10.180905637055643 ], [ 77.708955031643981, 10.180557503406737 ], [ 77.709329203315988, 10.180399209190352 ], [ 77.709461467665164, 10.1803088043256 ], [ 77.709479485174811, 10.179377513717792 ], [ 77.709525055810857, 10.178862205410189 ], [ 77.709579801839254, 10.178785358077247 ], [ 77.709844390724697, 10.178577327124145 ], [ 77.709990511587137, 10.178437495325978 ], [ 77.710108959847247, 10.178324111886409 ], [ 77.71033707443722, 10.17812965719553 ], [ 77.710337098691738, 10.178129630670187 ], [ 77.710415024847691, 10.178027622082947 ], [ 77.710438060346519, 10.177997463623523 ], [ 77.710578803893668, 10.177813203323325 ], [ 77.710695259690453, 10.177657318020076 ], [ 77.710838833829058, 10.17746507691079 ], [ 77.71110333557796, 10.177058193605209 ], [ 77.711363328682424, 10.176578880177665 ], [ 77.711500111557456, 10.176090694125602 ], [ 77.71176010466192, 10.175588797144455 ], [ 77.711955531355386, 10.17535837828013 ], [ 77.712289206076079, 10.174964872697018 ], [ 77.712553771605343, 10.174702668589839 ], [ 77.712599368292558, 10.174576071395698 ], [ 77.71259007432262, 10.173979426656029 ], [ 77.712563788719081, 10.173597180432209 ], [ 77.712544366244344, 10.17331486867741 ], [ 77.712589764403845, 10.172582522591428 ], [ 77.712652305113949, 10.172192441611347 ], [ 77.712685424201837, 10.171985829032508 ], [ 77.71268418003514, 10.171946402746897 ], [ 77.712680838302276, 10.171841145416048 ], [ 77.71233866641731, 10.171809544248305 ], [ 77.712338657434174, 10.171809507112071 ], [ 77.712320345277107, 10.171755410220509 ], [ 77.712228854560351, 10.17072917589817 ], [ 77.712236526172859, 10.170326363708025 ], [ 77.712242425409343, 10.170014988910054 ], [ 77.712639336136192, 10.16996965326449 ], [ 77.713177777334323, 10.170001190067563 ], [ 77.713177804283774, 10.170001190951783 ], [ 77.714163383711224, 10.170046097755398 ], [ 77.714959819262333, 10.170052038701872 ], [ 77.715094987864816, 10.170053046690997 ], [ 77.715335984296004, 10.170054837197982 ], [ 77.715837902689628, 10.170041181597776 ], [ 77.715851541810594, 10.169973411119591 ], [ 77.71591529524629, 10.169453540178438 ], [ 77.7162803903407, 10.169494124192925 ], [ 77.716380010810781, 10.169479687817905 ], [ 77.716499381640688, 10.169462377783717 ], [ 77.716820259860171, 10.169390041159414 ], [ 77.716900904318166, 10.169371858412152 ], [ 77.717306925758592, 10.169200017075363 ], [ 77.717447551626421, 10.16909650425737 ], [ 77.717767695024008, 10.168860849755765 ], [ 77.718430057917303, 10.168414913393518 ], [ 77.718620810676299, 10.16828648870586 ], [ 77.718834177624259, 10.168124958399433 ], [ 77.71912255569508, 10.167906640710941 ], [ 77.719519495168001, 10.167748346411454 ], [ 77.719519530202277, 10.167748329611497 ], [ 77.719694009979918, 10.167662624264638 ], [ 77.72003498261401, 10.167495145575206 ], [ 77.720211073969267, 10.16743350035156 ], [ 77.720500420423946, 10.167332205440323 ], [ 77.720920183393304, 10.167232650619864 ], [ 77.721051031099279, 10.167184150879892 ], [ 77.721444917198539, 10.167038153805972 ], [ 77.721910222057815, 10.166834570732959 ], [ 77.722037199821543, 10.166749853687909 ], [ 77.722398283938205, 10.166508942590584 ], [ 77.722655829133515, 10.166333337394876 ], [ 77.722822623823916, 10.166219609235862 ], [ 77.723068948163018, 10.165939149574568 ], [ 77.723296961243378, 10.165541380203461 ], [ 77.723575111994677, 10.165007841813773 ], [ 77.723862500122081, 10.164750090400494 ], [ 77.723862535156357, 10.164750054147666 ], [ 77.724122493226545, 10.164379312033168 ], [ 77.724122505802981, 10.164379286390874 ], [ 77.724222806297689, 10.164090048371738 ], [ 77.724619616413179, 10.163737324095898 ], [ 77.725048464045003, 10.163515659293017 ], [ 77.725741872714494, 10.163244183584867 ], [ 77.726316745987319, 10.162932149329963 ], [ 77.726316773835094, 10.16293213429819 ], [ 77.726388471971177, 10.162893524799506 ], [ 77.726896171023682, 10.16262015456036 ], [ 77.727379702700077, 10.162371321255529 ], [ 77.727379717073134, 10.162371285886641 ], [ 77.727530173205125, 10.162104527420368 ], [ 77.727649455101812, 10.161849403346928 ], [ 77.727703486071192, 10.161733838827455 ], [ 77.727866940825365, 10.16139423827093 ], [ 77.728086493572349, 10.160938106087654 ], [ 77.728218580953396, 10.160653613253565 ], [ 77.728483203974875, 10.16008370722823 ], [ 77.728676216895138, 10.159585948937449 ], [ 77.728802306225035, 10.15926077763126 ], [ 77.728888996344892, 10.159170434869015 ], [ 77.729066959789208, 10.159129675349931 ], [ 77.729281448732976, 10.159066347588929 ], [ 77.729281431664987, 10.159066316640834 ], [ 77.729085148877061, 10.158686639839564 ], [ 77.728930133795032, 10.158284283766328 ], [ 77.728769985739433, 10.157868572590536 ], [ 77.728514285683687, 10.157190531866602 ], [ 77.728281374988413, 10.156503502305426 ], [ 77.728094140032056, 10.155961020661278 ], [ 77.728094121167445, 10.155960975565032 ], [ 77.72782023112552, 10.15524239007439 ], [ 77.727820216752463, 10.155242345862263 ], [ 77.727642141018734, 10.154650281660668 ], [ 77.727615758397192, 10.154577065398742 ], [ 77.727386411318619, 10.153940583430517 ], [ 77.727386402335455, 10.153940543639463 ], [ 77.727322506965947, 10.153940566629872 ], [ 77.7262819865757, 10.153940933591764 ], [ 77.726172707419693, 10.153940970730083 ], [ 77.726172679571945, 10.153940970730083 ], [ 77.726163743131494, 10.153940733752272 ], [ 77.725502018940389, 10.153923072715363 ], [ 77.724700491738233, 10.153902453875777 ], [ 77.724635163555817, 10.153900772924791 ], [ 77.724635160860899, 10.153900743744678 ], [ 77.72461213793845, 10.153557120390214 ], [ 77.724570901673658, 10.152576253299692 ], [ 77.724502142825187, 10.151568118173861 ], [ 77.724396995919491, 10.150731923189971 ], [ 77.72434771074974, 10.150391210053854 ], [ 77.724323774240688, 10.150225663259278 ], [ 77.724140938334273, 10.148928296409125 ], [ 77.724082540654308, 10.148655902836875 ], [ 77.723981075044648, 10.148182419196488 ], [ 77.723957888628831, 10.147183440050068 ], [ 77.723957888628831, 10.147183409985074 ], [ 77.723925658873071, 10.146170871023818 ], [ 77.723989486868959, 10.145863438645621 ], [ 77.724012142380431, 10.145284808599969 ], [ 77.724089434325791, 10.144335497053468 ], [ 77.724113361851678, 10.143518746939868 ], [ 77.724134619584561, 10.142793985140356 ], [ 77.724202663374072, 10.141247914415425 ], [ 77.72416961794805, 10.140405987083941 ], [ 77.724142873305397, 10.139724586224478 ], [ 77.724152192428136, 10.13914411196226 ], [ 77.724156294135739, 10.138888311674357 ], [ 77.724156292339103, 10.13888827011284 ], [ 77.724146868113451, 10.137816924401688 ], [ 77.724210444581061, 10.13677272644088 ], [ 77.724210448174318, 10.136772688416292 ], [ 77.724226972683994, 10.136570320560173 ], [ 77.724265091794763, 10.136103654652022 ], [ 77.724652821739369, 10.135931707017011 ], [ 77.725300557364875, 10.135574412613408 ], [ 77.726422780428507, 10.135036178161386 ], [ 77.726826689929709, 10.134819050269584 ], [ 77.727289448963489, 10.134570272285261 ], [ 77.727834966191139, 10.134283132299009 ], [ 77.727916720966817, 10.134240098728988 ], [ 77.728543975003859, 10.133909908030949 ], [ 77.728797145403732, 10.133758925118837 ], [ 77.729127799090136, 10.133561723219755 ], [ 77.729289982728162, 10.133393163751837 ], [ 77.729410596826412, 10.133267798844688 ], [ 77.729706894444774, 10.132630300904021 ], [ 77.729715901852146, 10.132101469638789 ], [ 77.729715895563928, 10.132101443109629 ], [ 77.7294510497603, 10.131382712111016 ], [ 77.729154335323628, 10.130704716999048 ], [ 77.728884902722157, 10.130044846187364 ], [ 77.728884876671003, 10.130044783401267 ], [ 77.728674938592476, 10.130584129852149 ], [ 77.728529364804061, 10.130958116728992 ], [ 77.728251335325311, 10.131699466599324 ], [ 77.728064569289529, 10.132138845707772 ], [ 77.727945741042078, 10.132418411773997 ], [ 77.727690340125335, 10.132617343191503 ], [ 77.727461879683943, 10.132667729085309 ], [ 77.726910338354003, 10.132789366885943 ], [ 77.725829106315103, 10.133042816257934 ], [ 77.72582907577241, 10.133042824216661 ], [ 77.72470226501261, 10.133300770066715 ], [ 77.723488733590216, 10.133558866040552 ], [ 77.722398299209559, 10.133852473569016 ], [ 77.721741419632764, 10.134029342567656 ], [ 77.721704994744627, 10.13398422820412 ], [ 77.721704965998541, 10.13398418841061 ], [ 77.72106597277741, 10.133053167911676 ], [ 77.721065953912756, 10.133053139613951 ], [ 77.720563942992641, 10.132311898106019 ], [ 77.720162338568471, 10.131724426162334 ], [ 77.720162306229099, 10.131724386368507 ], [ 77.719614633943124, 10.1311549125633 ], [ 77.719071589777457, 10.130567376598076 ], [ 77.718891120033504, 10.130392845575351 ], [ 77.718679085287107, 10.130187786270261 ], [ 77.718477112570213, 10.130076843229663 ], [ 77.718177250436796, 10.129912127802067 ], [ 77.717661641718209, 10.129681752975932 ], [ 77.716936079649741, 10.129279599222549 ], [ 77.716420484405916, 10.129022042773174 ], [ 77.715699569322396, 10.128692270288548 ], [ 77.714937652434386, 10.128520650297055 ], [ 77.714937617400111, 10.12852064499114 ], [ 77.71439013555694, 10.128489168655614 ], [ 77.713774256886339, 10.128520926203546 ], [ 77.713348017962119, 10.128551203403941 ], [ 77.713135557414276, 10.12856629336571 ], [ 77.712674706402169, 10.128607099222206 ], [ 77.711985870157463, 10.128634339675363 ], [ 77.711447472976772, 10.1286885225605 ], [ 77.710950198873149, 10.12873856684169 ], [ 77.710357141004053, 10.128815615440729 ], [ 77.710357102376463, 10.128815618093656 ], [ 77.709691010576449, 10.128838383011686 ], [ 77.709038724984055, 10.128883682921034 ], [ 77.708847368557173, 10.128867970416575 ], [ 77.708655442598399, 10.128852209274068 ], [ 77.707866164823443, 10.128902089047214 ], [ 77.707866129789153, 10.128902092584461 ], [ 77.707496736256147, 10.129367788271926 ], [ 77.70720030478877, 10.129801857627685 ], [ 77.70720028682247, 10.12980189034722 ], [ 77.706995071187407, 10.130262910260564 ], [ 77.706995055017714, 10.130262945633014 ], [ 77.706707765705005, 10.130882314636406 ], [ 77.706370299195498, 10.13138869622207 ], [ 77.70602375071843, 10.132017079435922 ], [ 77.706023725565615, 10.132017116576773 ], [ 77.705713589400304, 10.132437581736719 ], [ 77.705713566044111, 10.132437610034495 ], [ 77.70528026995504, 10.13288067390919 ], [ 77.705280249293764, 10.132880690710953 ], [ 77.704755634964485, 10.13322886741882 ], [ 77.704487203984542, 10.133408177435737 ], [ 77.704112452000842, 10.133658490585184 ], [ 77.703551414580005, 10.134119649094096 ], [ 77.703277709591049, 10.134228234076312 ], [ 77.703133794092651, 10.134250411434879 ], [ 77.703013079383084, 10.134269011798946 ], [ 77.702616123740484, 10.134160554169789 ], [ 77.702616091401126, 10.134160547095357 ], [ 77.702127935197637, 10.134101917104278 ], [ 77.702127910044823, 10.134101909145564 ], [ 77.70195603088996, 10.134132240645624 ], [ 77.701512061018619, 10.13421058786963 ], [ 77.700741048688386, 10.134314725677623 ], [ 77.700334970654097, 10.134322395209246 ], [ 77.700020179418985, 10.134328340356253 ], [ 77.699130476283472, 10.13431948497885 ], [ 77.698772626101857, 10.134342399837031 ], [ 77.698491808252427, 10.134360381186024 ], [ 77.698081232353502, 10.13464521219881 ], [ 77.697661525079738, 10.134930060644434 ], [ 77.697319494230271, 10.135172265367162 ], [ 77.697246470180815, 10.135223971999466 ], [ 77.69716028760908, 10.135336160117582 ], [ 77.697013786759271, 10.135526857809273 ], [ 77.696804059784853, 10.135875030758552 ], [ 77.696644450718424, 10.136277443295601 ], [ 77.696256792639034, 10.137321692390582 ], [ 77.696083630689927, 10.137800900180682 ], [ 77.695896603244407, 10.138103789745006 ], [ 77.695718740411394, 10.138686946167997 ], [ 77.695718731428258, 10.138686982423788 ], [ 77.695618431831832, 10.139197807597805 ], [ 77.6955089748094, 10.139437363312375 ], [ 77.695048289087296, 10.140074876009583 ], [ 77.69460586341998, 10.140585821885967 ], [ 77.694605833775583, 10.140585857257234 ], [ 77.69423182559693, 10.14107410989795 ], [ 77.69423179056264, 10.141074147037758 ], [ 77.693492842698134, 10.141711645866311 ], [ 77.693132539217444, 10.142068863568051 ], [ 77.692922663122658, 10.142439518349875 ], [ 77.69286453942884, 10.142600319719438 ], [ 77.69281318993059, 10.14274237257877 ], [ 77.692693726574177, 10.143236439578281 ], [ 77.692571611391116, 10.143741484958371 ], [ 77.692453720984801, 10.144147506942113 ], [ 77.692302519251115, 10.144668257310286 ], [ 77.692111076585988, 10.145364458278026 ], [ 77.691887531725854, 10.145472972244576 ], [ 77.691887484115142, 10.145473001425453 ], [ 77.690993338810543, 10.145690098221136 ], [ 77.690222279767909, 10.145902744349993 ], [ 77.689802568900831, 10.145929937351029 ], [ 77.689277904265921, 10.14594350909114 ], [ 77.688880944131739, 10.145889393675073 ], [ 77.68888090101261, 10.145889386600908 ], [ 77.688538719246168, 10.145821624268185 ], [ 77.687749342656559, 10.14564543293948 ], [ 77.68728389676177, 10.145537056977313 ], [ 77.687147184853629, 10.145537029565002 ], [ 77.687147139937835, 10.145537029565002 ], [ 77.686782069097944, 10.145546164945525 ], [ 77.68639886306913, 10.145550781712624 ], [ 77.686284807570743, 10.14550558585025 ], [ 77.686284763553303, 10.14550555932216 ], [ 77.686157003356968, 10.145406201973652 ], [ 77.685737231404445, 10.145094296223652 ], [ 77.685737202658387, 10.145094273232631 ], [ 77.685376730294436, 10.144823181581751 ], [ 77.684934066573561, 10.144574530742467 ], [ 77.684579968654845, 10.144411422414535 ], [ 77.683953121554666, 10.144122675682056 ], [ 77.683515083259167, 10.143982613933678 ], [ 77.683140966384371, 10.143874141907183 ], [ 77.682876283175801, 10.143806357925392 ], [ 77.682675895087073, 10.143778059402006 ], [ 77.682493036722775, 10.143752210314274 ], [ 77.682169074586938, 10.143734128685139 ], [ 77.682169035959348, 10.143734126916586 ], [ 77.681329588174123, 10.143720663848459 ], [ 77.681091715185218, 10.143753105199249 ], [ 77.680864208754684, 10.143784131708937 ], [ 77.680252915085305, 10.143892711647279 ], [ 77.68011180682214, 10.143909342175006 ], [ 77.679869648869342, 10.143937883861909 ], [ 77.679449934409007, 10.143992230403084 ], [ 77.678710746694335, 10.144155053324464 ], [ 77.678332140039757, 10.144209381259063 ], [ 77.677962558758807, 10.144372136865364 ], [ 77.677962524622828, 10.144372148360906 ], [ 77.677652353423213, 10.14446263590059 ], [ 77.677027322716512, 10.144584718433437 ], [ 77.67675036941948, 10.144604101661917 ], [ 77.676379394851537, 10.144630067404712 ], [ 77.676282781941026, 10.1444508963088 ], [ 77.676201427813965, 10.144300033319388 ], [ 77.675530594705862, 10.143011856609291 ], [ 77.675014888969258, 10.142003832847516 ], [ 77.674649795671471, 10.141208216403399 ], [ 77.674398812669295, 10.140471478840176 ], [ 77.674448815592967, 10.140313201030402 ], [ 77.674494485043695, 10.140168514581543 ], [ 77.674530246076813, 10.140092167295574 ], [ 77.674581204807964, 10.139983240313807 ], [ 77.674581161688835, 10.139264419991528 ], [ 77.674581194028178, 10.139264391694363 ], [ 77.674749885062113, 10.13907006357741 ], [ 77.674859376220539, 10.138590857685426 ], [ 77.674923123368032, 10.138039402866625 ], [ 77.674923127859614, 10.138039364842152 ], [ 77.675050791936215, 10.137067439927643 ], [ 77.675075147958523, 10.136493415311772 ], [ 77.675096243096334, 10.135996017385217 ], [ 77.675135710578331, 10.135328403064817 ], [ 77.67519644297974, 10.134300815642318 ], [ 77.675223843392544, 10.134003956066907 ], [ 77.675251070430491, 10.133708626942337 ], [ 77.675298360442, 10.13309899957604 ], [ 77.675337658142425, 10.132592040587847 ], [ 77.675460718353179, 10.131678955098714 ], [ 77.675451391145572, 10.130404178899356 ], [ 77.675501258423651, 10.12833380936293 ], [ 77.675494850740719, 10.12724778935941 ], [ 77.67549199499642, 10.126765095721682 ], [ 77.675478269637196, 10.126611430837265 ], [ 77.675268479780669, 10.126641863858378 ], [ 77.674917126215206, 10.126692853797822 ], [ 77.674644694138991, 10.126739430084845 ], [ 77.67438798707181, 10.126783355172206 ], [ 77.67390661943692, 10.126897569568186 ], [ 77.673530224434558, 10.126986908888432 ], [ 77.673081285981425, 10.12705765359275 ], [ 77.672841304646525, 10.127095486558476 ], [ 77.672047491277752, 10.127204114597999 ], [ 77.671753620907268, 10.127136139614816 ], [ 77.671499995061538, 10.127077508339365 ], [ 77.670628603184781, 10.126815466617201 ], [ 77.670049168266971, 10.126535263377008 ], [ 77.669720898709301, 10.126396352404139 ], [ 77.669109292426228, 10.12613759007696 ], [ 77.668772364905891, 10.123488104436268 ], [ 77.668760306819806, 10.123393286602658 ], [ 77.668629852575947, 10.122367464978064 ], [ 77.669898029415336, 10.121413523278745 ], [ 77.670413524047902, 10.121020157424258 ], [ 77.670947297599824, 10.120794068785109 ], [ 77.672010231854713, 10.120576997577496 ], [ 77.672386505584498, 10.120540427561805 ], [ 77.672475557375265, 10.120531770779738 ], [ 77.672559397140702, 10.120524623562012 ], [ 77.672954529203267, 10.1204909276384 ], [ 77.673971960195729, 10.12040947480536 ], [ 77.674446318276466, 10.120364252405659 ], [ 77.675349710838589, 10.120214912409335 ], [ 77.676061330155505, 10.120210366024464 ], [ 77.676147923257346, 10.11945537518028 ], [ 77.676147928647225, 10.119455332731937 ], [ 77.676170559005868, 10.119259987115592 ], [ 77.676270966400111, 10.118393097171136 ], [ 77.676334753971801, 10.117791804839323 ], [ 77.677005399331989, 10.117579229384887 ], [ 77.677612681125325, 10.117398903250582 ], [ 77.678040931377438, 10.117271718298458 ], [ 77.678364790207056, 10.117118004651292 ], [ 77.678364835122807, 10.11711798608002 ], [ 77.678714832232245, 10.117005606762097 ], [ 77.67882249621735, 10.116971036733768 ], [ 77.679012648003422, 10.116909967223318 ], [ 77.679979717644457, 10.116620473213167 ], [ 77.681412146043684, 10.116150102925536 ], [ 77.68208735394721, 10.115919507744374 ], [ 77.683090900578662, 10.115503501064545 ], [ 77.683316082169227, 10.115379337192298 ], [ 77.683779705382321, 10.115123680673557 ], [ 77.684068728443521, 10.114969139128108 ], [ 77.684473153577684, 10.114752852825935 ], [ 77.685079793075573, 10.114409221992894 ], [ 77.685079829906513, 10.114409200768391 ], [ 77.685552197320547, 10.114178582228371 ], [ 77.686293198733807, 10.113816791410457 ], [ 77.687219328554079, 10.11352740604112 ], [ 77.688245665444285, 10.113147509911611 ], [ 77.689185467623162, 10.112880652096578 ], [ 77.690293971615773, 10.112514270873719 ], [ 77.690722771636871, 10.112342419373519 ], [ 77.690954268383919, 10.112268758342763 ], [ 77.691461778790199, 10.112107248428309 ], [ 77.692214487946515, 10.11188555055953 ], [ 77.693263636655075, 10.111541838835313 ], [ 77.694198810713601, 10.111094091094923 ], [ 77.694198855629352, 10.111094067217087 ], [ 77.695019889747925, 10.110610252678635 ], [ 77.69568582344445, 10.110162631873152 ], [ 77.6956858611737, 10.110162607110867 ], [ 77.696087701854779, 10.109870774059356 ], [ 77.696538835790491, 10.109543135337494 ], [ 77.69725035269947, 10.10885136160069 ], [ 77.697250385038828, 10.10885132799463 ], [ 77.698144306662883, 10.107770786223238 ], [ 77.698572933309109, 10.10691631816081 ], [ 77.698778110316667, 10.106486834308607 ], [ 77.698778121096424, 10.106486803355436 ], [ 77.698802088148213, 10.106369166236615 ], [ 77.698864670180782, 10.106061892045851 ], [ 77.699589848668623, 10.105379065158539 ], [ 77.699966788948345, 10.105005506595036 ], [ 77.700082479380555, 10.104890826303569 ], [ 77.701437154998686, 10.10363836996112 ], [ 77.702376681394796, 10.102847154619873 ], [ 77.702376730802129, 10.102847116591265 ], [ 77.702536349750019, 10.10273855990811 ], [ 77.702445004560332, 10.102024377038672 ], [ 77.70231204042355, 10.101524657244619 ], [ 77.702198434981142, 10.101097692896122 ], [ 77.701997461190842, 10.099990215602251 ], [ 77.701997454902639, 10.099990167844975 ], [ 77.701915220426571, 10.099190108407742 ], [ 77.701851211869339, 10.09855721243818 ], [ 77.701841953832002, 10.098006772243217 ], [ 77.701828065877706, 10.097182962565 ], [ 77.701808500570834, 10.097136444785351 ], [ 77.701759600778331, 10.097020289157946 ], [ 77.701458532207482, 10.096767155390461 ], [ 77.701458490884974, 10.096767121783131 ], [ 77.701006808976985, 10.096414744424612 ], [ 77.701006784722466, 10.096414708164049 ], [ 77.700358926926086, 10.095659899325137 ], [ 77.700354282636056, 10.095370599319319 ], [ 77.700386144980882, 10.095117381119774 ], [ 77.700025656447252, 10.094688076081663 ], [ 77.699715426857139, 10.094321966868161 ], [ 77.699563663676429, 10.094191101598827 ], [ 77.699469016279764, 10.094109517398842 ], [ 77.699416244748377, 10.093946944145355 ], [ 77.699386848279033, 10.093856429984315 ], [ 77.699386850075669, 10.093856385763766 ], [ 77.699400304143694, 10.092984009392154 ], [ 77.699446105646771, 10.092797327328489 ], [ 77.69952338771067, 10.092482129966269 ], [ 77.69966935765612, 10.092120450051777 ], [ 77.699669366639256, 10.092120420866053 ], [ 77.699724035412515, 10.091826664640628 ], [ 77.699696529896826, 10.091410725842982 ], [ 77.699678031788494, 10.091330125295624 ], [ 77.699650841581473, 10.0912118732699 ], [ 77.699421511570904, 10.09083801877946 ], [ 77.699368032167101, 10.090750844197375 ], [ 77.699368004319325, 10.090750802629637 ], [ 77.699171766447179, 10.090448022296641 ], [ 77.699171738599404, 10.090447985150981 ], [ 77.699112285398968, 10.089995961935788 ], [ 77.699093986716633, 10.089412789627671 ], [ 77.698970756724279, 10.089037619678058 ], [ 77.698847513257192, 10.088915621271745 ], [ 77.698482598724155, 10.088852375169806 ], [ 77.698290962022909, 10.08882535156623 ], [ 77.69815866802935, 10.088680711791095 ], [ 77.698158640181575, 10.088680670223116 ], [ 77.698017221999635, 10.088413987565325 ], [ 77.697770726980622, 10.088011745905574 ], [ 77.697524438574135, 10.087839960912182 ], [ 77.697268903808393, 10.087591418068619 ], [ 77.697154848310021, 10.087329215026532 ], [ 77.697142693205919, 10.087300422436853 ], [ 77.696944932689377, 10.086832011614471 ], [ 77.696935771670113, 10.086669331207869 ], [ 77.696935772568438, 10.086669292292916 ], [ 77.697597165281209, 10.086755030780138 ], [ 77.697895612568033, 10.086754955603505 ], [ 77.698076240415475, 10.08675489280896 ], [ 77.698253550784571, 10.086723521167931 ], [ 77.698459325171754, 10.086687097654949 ], [ 77.698609893593201, 10.086583060270311 ], [ 77.699216493565203, 10.086397599433351 ], [ 77.700028416970127, 10.086076478953103 ], [ 77.700926967612858, 10.085633227606872 ], [ 77.701231854921957, 10.085552793655925 ], [ 77.701492590933157, 10.085483971420885 ], [ 77.702053347181305, 10.085253897295585 ], [ 77.703079944582939, 10.084832632779756 ], [ 77.70383249743243, 10.084461871719851 ], [ 77.704748841904291, 10.084012940058999 ], [ 77.704986430127263, 10.083896535591879 ], [ 77.704986470551461, 10.083896512596482 ], [ 77.705401585637517, 10.083647804857836 ], [ 77.706482478113244, 10.082992142010337 ], [ 77.707189457631728, 10.082661955259749 ], [ 77.707189496259289, 10.082661937570903 ], [ 77.707726916971268, 10.082465741767994 ], [ 77.708193009653073, 10.082295584729762 ], [ 77.708441633679314, 10.081712768178225 ], [ 77.708543999400888, 10.081472803263349 ], [ 77.708639273821589, 10.081143327819465 ], [ 77.708899575946518, 10.080243153290295 ], [ 77.709008804796852, 10.079438450064137 ], [ 77.709004225185552, 10.079285088924294 ], [ 77.708962897292594, 10.077901473568936 ], [ 77.708844167859809, 10.077318275831152 ], [ 77.708775421587745, 10.075966727871833 ], [ 77.708692870904699, 10.074000340306577 ], [ 77.708646931061082, 10.072915422845149 ], [ 77.70863945258634, 10.072814481963182 ], [ 77.708564542973107, 10.071803402407966 ], [ 77.708610093846232, 10.071310611563083 ], [ 77.708619474952727, 10.071174400919599 ], [ 77.708678270586375, 10.070320604351778 ], [ 77.708678270586375, 10.070320562781431 ], [ 77.708679431209731, 10.070002855401739 ], [ 77.708682499854746, 10.069158838955074 ], [ 77.708659538916095, 10.068449180048411 ], [ 77.708610221406985, 10.067866715260458 ], [ 77.708591020816101, 10.067640009057765 ], [ 77.708561565956273, 10.067458430820428 ], [ 77.70841281662328, 10.066541570296758 ], [ 77.708319832906568, 10.066093752906253 ], [ 77.708312384076237, 10.066057888712246 ], [ 77.70771450135571, 10.064579796284203 ], [ 77.707782870335379, 10.064484788618717 ], [ 77.707782896386519, 10.064484754123514 ], [ 77.707839729201297, 10.064457962867817 ], [ 77.707974436069705, 10.064394461656805 ], [ 77.708048324298474, 10.0639846886451 ], [ 77.708106517162577, 10.063661964369759 ], [ 77.708357049210477, 10.062238012590472 ], [ 77.708758081407808, 10.060465899403262 ], [ 77.708815578077562, 10.06009499357938 ], [ 77.708903830367703, 10.059525655698563 ], [ 77.70890383755426, 10.059525612357806 ], [ 77.709108877119519, 10.058291429657311 ], [ 77.709281998644443, 10.057527370681933 ], [ 77.709353852189082, 10.056971913349956 ], [ 77.709468548186251, 10.056085258418898 ], [ 77.709505298264503, 10.055600174251424 ], [ 77.709508958000981, 10.055551863749342 ], [ 77.709514089177873, 10.05548411333954 ], [ 77.709664459071618, 10.055041029590349 ], [ 77.709726500318368, 10.054639397320395 ], [ 77.709726808440507, 10.054637403615278 ], [ 77.70976011707296, 10.054421770267279 ], [ 77.709797784331116, 10.053845414329558 ], [ 77.70984195629029, 10.053169517615144 ], [ 77.710010400287544, 10.051885709061699 ], [ 77.709984736318148, 10.051098856565563 ], [ 77.709984726436687, 10.051098561133088 ], [ 77.709973679853647, 10.050760056365155 ], [ 77.710014578351903, 10.050158856269515 ], [ 77.710034044844107, 10.049984791144617 ], [ 77.710046436205133, 10.04987399206469 ], [ 77.710151275887029, 10.049634372328416 ], [ 77.710247270756582, 10.049499765045459 ], [ 77.710338258416755, 10.049372180014887 ], [ 77.710795431726126, 10.048953347124471 ], [ 77.710817047886778, 10.048933543286401 ], [ 77.711277607844764, 10.048603451719712 ], [ 77.71144099342861, 10.048426952399716 ], [ 77.711583179670086, 10.04827335539335 ], [ 77.711613133993254, 10.048169312700518 ], [ 77.711637857426496, 10.048083445433516 ], [ 77.711861324133224, 10.047961315668159 ], [ 77.711969648380077, 10.047936740576615 ], [ 77.712080230991546, 10.047911655105306 ], [ 77.712291548882348, 10.047900461288023 ], [ 77.712595584588584, 10.047884354750916 ], [ 77.712536113421805, 10.047152025246145 ], [ 77.712526767349601, 10.04708770243491 ], [ 77.712344355448025, 10.045832122029212 ], [ 77.71221326879018, 10.045544720679912 ], [ 77.712152617237152, 10.045411744562694 ], [ 77.71212316058066, 10.045375305772922 ], [ 77.712079545576984, 10.045321347697305 ], [ 77.711942707006401, 10.04532525561352 ], [ 77.711920044308386, 10.045325908407113 ], [ 77.711793649551282, 10.045410008202934 ], [ 77.711600725564224, 10.04553838027147 ], [ 77.711016866443643, 10.045866812026603 ], [ 77.710989601676431, 10.045882149112074 ], [ 77.710820898066103, 10.045959037973315 ], [ 77.710689774577347, 10.045953537003797 ], [ 77.710606505242055, 10.045950059867353 ], [ 77.710488072253327, 10.045770392435413 ], [ 77.710314496180871, 10.04550708777114 ], [ 77.709999578283302, 10.044924113694922 ], [ 77.709817046007444, 10.044494617143643 ], [ 77.70915094522428, 10.043491216168306 ], [ 77.70846649006323, 10.042429024753593 ], [ 77.708030365179297, 10.041829685309427 ], [ 77.707759435086231, 10.041457366697163 ], [ 77.70775940544182, 10.041457319815787 ], [ 77.707481015738665, 10.040960089976585 ], [ 77.706632317102631, 10.039319401406372 ], [ 77.706413345565593, 10.038880874000407 ], [ 77.706380997232202, 10.038686213734465 ], [ 77.706363019248414, 10.038578034397176 ], [ 77.706308230999255, 10.038220878771746 ], [ 77.706322072241164, 10.038116793040629 ], [ 77.706340084360932, 10.037981347705532 ], [ 77.70644488002533, 10.037610695609727 ], [ 77.706568029169318, 10.037443316357157 ], [ 77.706575195030339, 10.037430248667421 ], [ 77.706709307214027, 10.037185644027719 ], [ 77.7068533844092, 10.036951487709592 ], [ 77.706855820640257, 10.036947528387369 ], [ 77.707101526040134, 10.036548201831767 ], [ 77.70717893656311, 10.036299549623125 ], [ 77.707507233968556, 10.035711774317397 ], [ 77.707563120857301, 10.035578105078867 ], [ 77.707762421086244, 10.035101410396186 ], [ 77.707910828161062, 10.034888525660325 ], [ 77.707976737553466, 10.034793980746485 ], [ 77.708391781672617, 10.034970218593182 ], [ 77.708825142440389, 10.035155486054823 ], [ 77.708875783167898, 10.034968090311786 ], [ 77.708993729269764, 10.03453153757177 ], [ 77.709103150359581, 10.034278437058981 ], [ 77.709104434052136, 10.034275466658229 ], [ 77.709226309385059, 10.033993553564754 ], [ 77.709352129220377, 10.033615229397194 ], [ 77.70937214727816, 10.03355503928967 ], [ 77.709534118015455, 10.033386889243209 ], [ 77.709536243429426, 10.033384682224039 ], [ 77.709759702949597, 10.033152696563823 ], [ 77.709960382092518, 10.032885855705395 ], [ 77.710516927038569, 10.033432751893733 ], [ 77.71088015004392, 10.033835187152054 ], [ 77.710941137566863, 10.033902756335607 ], [ 77.711132714979328, 10.03400217198031 ], [ 77.711132740132143, 10.034002185248974 ], [ 77.711344949151709, 10.033983653399488 ], [ 77.711392729643364, 10.033979479089211 ], [ 77.711666331326057, 10.033970364426324 ], [ 77.711671897287573, 10.033875021357327 ], [ 77.711679548238848, 10.033743789251517 ], [ 77.711684524007197, 10.03365845244044 ], [ 77.711671289128134, 10.033501346385394 ], [ 77.711671133719562, 10.033499504697128 ], [ 77.711657105628106, 10.033332991973754 ], [ 77.711683083109492, 10.032869421127049 ], [ 77.711707008838758, 10.032442449975587 ], [ 77.711793447430338, 10.031506667126637 ], [ 77.711861703222255, 10.030810552578931 ], [ 77.711884356937091, 10.030073709320368 ], [ 77.711879759359476, 10.029915449795157 ], [ 77.71193906882948, 10.029834050154541 ], [ 77.712062620418706, 10.029808957088003 ], [ 77.712139659937492, 10.029793307866429 ], [ 77.712155034603583, 10.029777772755779 ], [ 77.712157469037962, 10.029775312720266 ], [ 77.712372267002209, 10.029558211194347 ], [ 77.712420636788693, 10.029477243142686 ], [ 77.712445203915081, 10.029436120437017 ], [ 77.712463164830837, 10.028577228085359 ], [ 77.712481824635944, 10.027958573595203 ], [ 77.712494926564347, 10.027523956627494 ], [ 77.712494928360968, 10.027523927435944 ], [ 77.712549342012693, 10.026258149599323 ], [ 77.712551319204636, 10.026078478315616 ], [ 77.712552598405608, 10.025962310393854 ], [ 77.712553720401374, 10.025860401255613 ], [ 77.712608392767905, 10.025182302709323 ], [ 77.712635593754698, 10.024798053814759 ], [ 77.712631472284187, 10.024703173346218 ], [ 77.712617330106639, 10.024377593308053 ], [ 77.712557751142057, 10.023789931714775 ], [ 77.712443641744784, 10.023161633856017 ], [ 77.712288489220498, 10.022601109779444 ], [ 77.71223824465001, 10.02230739117773 ], [ 77.712023823978228, 10.021868913278574 ], [ 77.711672512633555, 10.021480191410271 ], [ 77.711111379092998, 10.021001162728718 ], [ 77.71038147187349, 10.020318719416862 ], [ 77.711261805580577, 10.020332051411316 ], [ 77.711622048874133, 10.020377159566001 ], [ 77.712999426716124, 10.020331656874143 ], [ 77.713770115652892, 10.020168704143639 ], [ 77.715101712653066, 10.019684666608191 ], [ 77.715430066652303, 10.019549027798147 ], [ 77.715886155695117, 10.019277658892452 ], [ 77.716246305563899, 10.019006334875106 ], [ 77.716633831590926, 10.018658158652352 ], [ 77.716985053104096, 10.018377803053983 ], [ 77.71712176141898, 10.018255708085498 ], [ 77.717231133101464, 10.018052249394984 ], [ 77.717828716682931, 10.018332325735523 ], [ 77.71862692371181, 10.018838522280117 ], [ 77.719949788189112, 10.019466488824106 ], [ 77.720592886711088, 10.0198235005867 ], [ 77.721537154415259, 10.020338451582278 ], [ 77.722125547333107, 10.020754251887594 ], [ 77.72208014198705, 10.02136454110647 ], [ 77.722121382743438, 10.021983902600356 ], [ 77.722677795637182, 10.022236926910399 ], [ 77.723403134025133, 10.022661575265131 ], [ 77.723813590448103, 10.022851387792095 ], [ 77.724392972365337, 10.023312250159993 ], [ 77.724862837073005, 10.023565230972325 ], [ 77.725259719952049, 10.023791210850728 ], [ 77.725323694373344, 10.024279403421593 ], [ 77.725360440858353, 10.025273854291719 ], [ 77.72535613702982, 10.026164499147406 ], [ 77.725420112349411, 10.026706876671518 ], [ 77.725876169951178, 10.026702258200723 ], [ 77.726856749355747, 10.026444359715336 ], [ 77.727331075097126, 10.026389890726485 ], [ 77.728425542015103, 10.026104755261438 ], [ 77.728441014597564, 10.026115819796717 ], [ 77.728482544611438, 10.026145520128292 ], [ 77.728785851783996, 10.026362431098912 ], [ 77.729502058797053, 10.026945287333987 ], [ 77.730259357446229, 10.02746497197294 ], [ 77.731194556657584, 10.028043392652792 ], [ 77.731513916724239, 10.028278268391816 ], [ 77.732047579783384, 10.028685030390076 ], [ 77.732877870142602, 10.02922267910971 ], [ 77.73381759686302, 10.029932176436853 ], [ 77.734784808437865, 10.030763582942495 ], [ 77.735469102800465, 10.031387207851386 ], [ 77.735875167360035, 10.031708092564761 ], [ 77.736709992414831, 10.032403909733899 ], [ 77.73727114392166, 10.032842274304855 ], [ 77.737704454383788, 10.033135973626747 ], [ 77.737937124330614, 10.03329413339031 ], [ 77.738398003190497, 10.03367371403097 ], [ 77.739118798798032, 10.034202329155539 ], [ 77.739497395571192, 10.034446361960745 ], [ 77.740031167326478, 10.034771662085237 ], [ 77.740459970042508, 10.034997492615403 ], [ 77.740952602551062, 10.035300262148825 ], [ 77.741322182933686, 10.03552614273087 ], [ 77.74227096467213, 10.036136106026042 ], [ 77.742991868975849, 10.036755205755494 ], [ 77.743749174811526, 10.03733357269177 ], [ 77.744255633290607, 10.037794514412321 ], [ 77.745072273749102, 10.038526533387911 ], [ 77.74539161315451, 10.038829311120013 ], [ 77.74571100556048, 10.039181758440531 ], [ 77.746098966372145, 10.039593038342851 ], [ 77.746591621338595, 10.039995230650598 ], [ 77.747244063237858, 10.04051937286083 ], [ 77.74756340982978, 10.040849242692667 ], [ 77.748889438173507, 10.041939334572133 ], [ 77.74895951934208, 10.041996946416948 ], [ 77.749304859585081, 10.042206146738204 ], [ 77.750234550327121, 10.042988759991907 ], [ 77.750777078859798, 10.043653422989808 ], [ 77.751624983385128, 10.044752303113029 ], [ 77.752445541396554, 10.045670298422898 ], [ 77.754109596798557, 10.047601154127138 ], [ 77.755400035687344, 10.048623362606717 ], [ 77.755655516554128, 10.048442632563621 ], [ 77.756709427231982, 10.047755870392821 ], [ 77.75797308824049, 10.047042078776075 ], [ 77.759314309790611, 10.046554448597313 ], [ 77.759980217435995, 10.04660892215446 ], [ 77.760367667106237, 10.047092706274011 ], [ 77.76041759097815, 10.047806994888992 ], [ 77.76018458056987, 10.048878305883131 ], [ 77.7598786089942, 10.049773250960412 ], [ 77.75982379020229, 10.050089608102521 ], [ 77.760183952647466, 10.050578001606288 ], [ 77.761492141347972, 10.052721195195151 ], [ 77.763552678082036, 10.055913465267373 ], [ 77.76848406966576, 10.054007568192636 ], [ 77.769564759122233, 10.054853216376534 ], [ 77.770723499600464, 10.054392572284161 ], [ 77.772320134643735, 10.053651721007149 ], [ 77.773026878803648, 10.053363790588582 ], [ 77.773111412966813, 10.0533293508309 ], [ 77.773196043249726, 10.053294872150516 ], [ 77.774071949160785, 10.052938020246279 ], [ 77.777547943321778, 10.051741239359918 ], [ 77.779596054558837, 10.051194933139985 ], [ 77.78023929142141, 10.050937395598321 ], [ 77.780469180184085, 10.050937492011951 ], [ 77.780549470705864, 10.05093752473954 ], [ 77.78090974633875, 10.051068728642848 ], [ 77.781862955873265, 10.051448726271849 ], [ 77.782788694926367, 10.051833240730401 ], [ 77.784229937595171, 10.052317409761724 ], [ 77.785283506913217, 10.052575370775543 ], [ 77.786159190042056, 10.052751947437709 ], [ 77.787782770950599, 10.053394293334756 ], [ 77.788681203914024, 10.053851139833109 ], [ 77.789301398989537, 10.054339512616288 ], [ 77.789479262720874, 10.054515900796545 ], [ 77.790122133969092, 10.055384070983061 ], [ 77.790587139689421, 10.05627923332711 ], [ 77.791202714729422, 10.056867082702972 ], [ 77.793464550443971, 10.058942615802344 ], [ 77.793754457447392, 10.059198935190205 ], [ 77.793756572081591, 10.05920080503633 ], [ 77.794390240988051, 10.059761055204397 ], [ 77.796063890397249, 10.060959458632306 ], [ 77.798057929342434, 10.061849322413037 ], [ 77.79807069530095, 10.06185501858625 ], [ 77.799639491553549, 10.062877100600156 ], [ 77.801390732047125, 10.064278900105426 ], [ 77.802859082277919, 10.065888566818122 ], [ 77.80442784080131, 10.067168205975921 ], [ 77.80555903803463, 10.067602440636493 ], [ 77.806808875767544, 10.067602782047004 ], [ 77.8078124179074, 10.067322666099615 ], [ 77.808888843061226, 10.067526334386978 ], [ 77.81053545677365, 10.067861219970863 ], [ 77.8128525074371, 10.068679963136537 ], [ 77.814138887737428, 10.068449700123171 ], [ 77.816533786403454, 10.067735919735981 ], [ 77.818928596136217, 10.067225594855303 ], [ 77.821373716914806, 10.066100426363057 ], [ 77.822869914021112, 10.065540148277378 ], [ 77.825273440107082, 10.067416585899338 ], [ 77.826299720403441, 10.068054220181695 ], [ 77.828566465410987, 10.069663896368068 ], [ 77.831370406551727, 10.071458861590507 ], [ 77.831393644171484, 10.071473738419604 ], [ 77.831398819365873, 10.071477051653872 ], [ 77.83428139543328, 10.073339984310168 ], [ 77.835517394619231, 10.074054391766792 ], [ 77.835927968721535, 10.074108722708974 ], [ 77.837834663573304, 10.074081831423292 ], [ 77.841000362567186, 10.073878850082167 ], [ 77.84280221594048, 10.073725386353127 ], [ 77.844357571599801, 10.074281517120538 ], [ 77.845033735310778, 10.074508193890987 ], [ 77.846259639229558, 10.074919167021353 ], [ 77.847600753880172, 10.075353299264641 ], [ 77.849042137584448, 10.075326327596725 ], [ 77.852645782347324, 10.075123258592656 ], [ 77.857522091932736, 10.075132679887808 ], [ 77.859273698938921, 10.075182584798478 ], [ 77.860637576898839, 10.075132965569198 ], [ 77.862051690446052, 10.074676490590154 ], [ 77.863625436415887, 10.07424256616946 ], [ 77.864679161142462, 10.07360075439931 ], [ 77.866093333978498, 10.072429934998674 ], [ 77.867539334125055, 10.071227617026134 ], [ 77.868848538820117, 10.06961837672833 ], [ 77.870335706061198, 10.067462132384202 ], [ 77.872497890762929, 10.064605252832266 ], [ 77.874044249794721, 10.062769896112496 ], [ 77.874842504434284, 10.06159463614609 ], [ 77.875490194245685, 10.062001501306533 ], [ 77.876676083608459, 10.062819702987213 ], [ 77.876989827407954, 10.063031765326706 ], [ 77.878956750706308, 10.064361217139524 ], [ 77.879732242036567, 10.065003209150371 ], [ 77.880125772402977, 10.065329670821665 ], [ 77.880347960807015, 10.065513993056792 ], [ 77.880491276230828, 10.065692458104385 ], [ 77.881041313780969, 10.066377391945691 ], [ 77.881416062171411, 10.066948188642531 ], [ 77.881661615756002, 10.067322200861053 ], [ 77.882614983394021, 10.068470480115979 ], [ 77.882662081166032, 10.068562574898259 ], [ 77.882759293252832, 10.06875266032792 ], [ 77.882774022928544, 10.068781463419016 ], [ 77.882821686639204, 10.068874663712169 ], [ 77.88290360400994, 10.069034841177549 ], [ 77.883125865177561, 10.069469440384635 ], [ 77.883153276370138, 10.07048659917781 ], [ 77.883139895065682, 10.071121066284848 ], [ 77.883125820261782, 10.071788468103433 ], [ 77.883004698615409, 10.072796430836878 ], [ 77.882975348858437, 10.073040673307149 ], [ 77.883105780644428, 10.073419243198421 ], [ 77.883114930883934, 10.073445800210745 ], [ 77.883115719604746, 10.073448089211764 ], [ 77.883230791097674, 10.073782073568854 ], [ 77.883924094664309, 10.074595708079393 ], [ 77.884588989908366, 10.07492023722172 ], [ 77.885443080232719, 10.075337108303987 ], [ 77.886509778428632, 10.075817312428413 ], [ 77.887089850251996, 10.076078444911813 ], [ 77.888713773418672, 10.077045810031889 ], [ 77.889632923329174, 10.077532101975258 ], [ 77.89039695485134, 10.077936323745355 ], [ 77.891012781419647, 10.078117163756003 ], [ 77.891471982226591, 10.078211461612332 ], [ 77.891760931625925, 10.078270798747786 ], [ 77.892481630215443, 10.078293391238303 ], [ 77.893074600947969, 10.078139649238324 ], [ 77.893595671423469, 10.077920705156762 ], [ 77.893795319300423, 10.077836817252395 ], [ 77.894666580921452, 10.077221988570248 ], [ 77.895020548584412, 10.076948685992734 ], [ 77.895492214414247, 10.076584510385976 ], [ 77.895934851185643, 10.076330867913528 ], [ 77.896162759163118, 10.076200272171103 ], [ 77.897886935213833, 10.075485969412538 ], [ 77.898347663156741, 10.075255375161831 ], [ 77.898530082244861, 10.074821384300876 ], [ 77.898557421572221, 10.074288030319826 ], [ 77.89868009191413, 10.074174034277297 ], [ 77.898995317035542, 10.07388109574131 ], [ 77.899611157976892, 10.073469689668118 ], [ 77.899670613872289, 10.073385315917674 ], [ 77.899843709346058, 10.073139673595533 ], [ 77.899997370667009, 10.072633597408638 ], [ 77.899998789106817, 10.072628924756764 ], [ 77.900099089601568, 10.071937199948112 ], [ 77.900394788941938, 10.071625647433416 ], [ 77.900459434404738, 10.071557533340659 ], [ 77.900893079040145, 10.071384439402445 ], [ 77.901490314075346, 10.071146042932272 ], [ 77.9021335159036, 10.071046582105701 ], [ 77.902533916585298, 10.071112314418992 ], [ 77.902904342282611, 10.071173123740044 ], [ 77.903467409895953, 10.071521422101634 ], [ 77.903730014402953, 10.071683861616854 ], [ 77.904203348404266, 10.072170930250888 ], [ 77.904323062390588, 10.072294116648214 ], [ 77.904373257553743, 10.072936044230476 ], [ 77.904140674743502, 10.073623190666439 ], [ 77.903753006782665, 10.073953200053001 ], [ 77.903420055205771, 10.074260600409996 ], [ 77.90295649577304, 10.074526808325166 ], [ 77.902931970867485, 10.074540893417323 ], [ 77.902915633207414, 10.074583720053868 ], [ 77.902854381579743, 10.074744289155182 ], [ 77.903187396038746, 10.074897977053036 ], [ 77.903571530027278, 10.074872454982291 ], [ 77.90393548875285, 10.074848271102535 ], [ 77.90494023104192, 10.074946147567978 ], [ 77.90573158572181, 10.075023234705201 ], [ 77.905888448638407, 10.075038514684922 ], [ 77.905928867436316, 10.075042451428859 ], [ 77.907447946429514, 10.075295491711648 ], [ 77.908451485874437, 10.075706819391966 ], [ 77.908966940082792, 10.075806211562421 ], [ 77.90945499657326, 10.075806174415069 ], [ 77.909787961624914, 10.075525863049364 ], [ 77.910509872041743, 10.074764012693052 ], [ 77.9105518871459, 10.074719672763106 ], [ 77.910563341564085, 10.074707584797796 ], [ 77.911694512746266, 10.073613539365825 ], [ 77.912146891746914, 10.073213425836519 ], [ 77.912415210437445, 10.072976108000692 ], [ 77.912980817588107, 10.072641516947519 ], [ 77.913300748983289, 10.072736905186575 ], [ 77.913496209812706, 10.072795183735675 ], [ 77.914311709410754, 10.072836428289271 ], [ 77.915002354862452, 10.072530580588122 ], [ 77.916213582106124, 10.072120222659166 ], [ 77.91687115069071, 10.072090905988524 ], [ 77.917516918107452, 10.072067570107851 ], [ 77.918933021423015, 10.07178644089425 ], [ 77.919554783160393, 10.071917806145203 ], [ 77.919913343909414, 10.072248601801954 ], [ 77.919962960557498, 10.072517265781284 ], [ 77.919893678889537, 10.072932657600315 ], [ 77.91997913292758, 10.073443659800189 ], [ 77.920186777607199, 10.073985277856211 ], [ 77.920363652293361, 10.074426054569519 ], [ 77.920852044753786, 10.075479059114178 ], [ 77.921188856391453, 10.076355123323259 ], [ 77.921282153620226, 10.077018263608238 ], [ 77.921324518169044, 10.077855790583175 ], [ 77.921568495210295, 10.07836512663056 ], [ 77.921859934739629, 10.078884893103201 ], [ 77.921912298435856, 10.078978280633827 ], [ 77.922045306590064, 10.079215495877898 ], [ 77.922449566434238, 10.080094266076044 ], [ 77.922842268553936, 10.080841537880639 ], [ 77.923104458937615, 10.08198467106404 ], [ 77.923560050313739, 10.084005132238666 ], [ 77.923782599840536, 10.085352027971554 ], [ 77.924253861428468, 10.087778951316997 ], [ 77.924370894842028, 10.088889033694903 ], [ 77.92454208409076, 10.089469380335075 ], [ 77.9248219991333, 10.090135918109061 ], [ 77.925414929441601, 10.091008172189289 ], [ 77.926074668355952, 10.090839680603569 ], [ 77.927128367929726, 10.090229260810494 ], [ 77.928775043625919, 10.089514798116072 ], [ 77.929933613424225, 10.089003794865929 ], [ 77.930759605344832, 10.088963509328739 ], [ 77.931233679557934, 10.088940386047193 ], [ 77.931981870188395, 10.089270252391628 ], [ 77.932497375600704, 10.089243075817812 ], [ 77.932647871258581, 10.088962757567835 ], [ 77.932660777354243, 10.088649783434825 ], [ 77.932675086618417, 10.088302752392154 ], [ 77.932442362772704, 10.087584056086929 ], [ 77.93244090570532, 10.087572264887676 ], [ 77.932392075981426, 10.087177225854919 ], [ 77.932462004436402, 10.087111988560411 ], [ 77.932857384433987, 10.086743126343405 ], [ 77.934298751070287, 10.086358655253063 ], [ 77.936255583593038, 10.085671234375193 ], [ 77.939831784823937, 10.084752966319503 ], [ 77.944028390437836, 10.083884299385089 ], [ 77.944740590964784, 10.083809122101348 ], [ 77.946423278324062, 10.083631496683424 ], [ 77.946473342333164, 10.083626212159023 ], [ 77.946478290253737, 10.084160984362319 ], [ 77.946496639241744, 10.086144116806663 ], [ 77.94649716295956, 10.088901620828219 ], [ 77.946702809785961, 10.090610377096592 ], [ 77.94572207407451, 10.090560826574569 ], [ 77.945441680229962, 10.09047332114419 ], [ 77.945056016410476, 10.090352962997928 ], [ 77.944704672726445, 10.090259464674258 ], [ 77.944207468691431, 10.090127148186713 ], [ 77.943149061945576, 10.08969335689306 ], [ 77.942399795133397, 10.08966801287867 ], [ 77.942350777661616, 10.089666354586198 ], [ 77.941771526000096, 10.090150174981094 ], [ 77.941521426041831, 10.090461400925355 ], [ 77.941361004898411, 10.090661029598218 ], [ 77.941078269145891, 10.091171896671055 ], [ 77.940818339821817, 10.091352749593762 ], [ 77.940313164136953, 10.091304424105161 ], [ 77.940252646432882, 10.091298635588295 ], [ 77.939559201830775, 10.091018518122167 ], [ 77.938915975747975, 10.091018598604297 ], [ 77.938878954378481, 10.091047963964931 ], [ 77.938528337431535, 10.091326072007538 ], [ 77.938218141977401, 10.091732988092719 ], [ 77.938152612572367, 10.091805655320808 ], [ 77.937757482306452, 10.092243823394359 ], [ 77.937235713839968, 10.092460662562264 ], [ 77.937137155178547, 10.092501621586017 ], [ 77.936927612358772, 10.092501646349625 ], [ 77.936676405676081, 10.092501676419733 ], [ 77.936188286303505, 10.092167278986414 ], [ 77.936108591364786, 10.091990127803328 ], [ 77.93598287932727, 10.091710683980246 ], [ 77.935567622307403, 10.090766019069751 ], [ 77.935389619337244, 10.090332078285281 ], [ 77.935157007780944, 10.090101579563449 ], [ 77.935054017730252, 10.090040703059998 ], [ 77.934896962574172, 10.089947870615296 ], [ 77.934794922941037, 10.089939588888727 ], [ 77.9345638969112, 10.089920838259458 ], [ 77.934393138853807, 10.090006088564625 ], [ 77.933948117055323, 10.090228262299053 ], [ 77.933611029634861, 10.090495632417733 ], [ 77.933560476043922, 10.090535729381731 ], [ 77.933440110779017, 10.090571971153278 ], [ 77.933304993380489, 10.090612657131514 ], [ 77.933095155014968, 10.090508729798787 ], [ 77.932734698820667, 10.09025563336235 ], [ 77.932395924364116, 10.09006620358765 ], [ 77.932273934945144, 10.08999799168369 ], [ 77.931808586966724, 10.089772008583271 ], [ 77.931525819773171, 10.089871532616254 ], [ 77.931426488560632, 10.090056860558215 ], [ 77.931293202826978, 10.090305535930861 ], [ 77.931010536244713, 10.091404029030882 ], [ 77.930677796670224, 10.093216867432643 ], [ 77.930035000880466, 10.09600609374894 ], [ 77.929647597024299, 10.09858282018765 ], [ 77.929337636030453, 10.100269051732209 ], [ 77.929330129707935, 10.100496680391901 ], [ 77.929314977824063, 10.100956194689243 ], [ 77.92962067541356, 10.101466927793808 ], [ 77.929631312364819, 10.101476021093927 ], [ 77.930076584793269, 10.101856668599417 ], [ 77.930186405633393, 10.101950550031356 ], [ 77.93152776282912, 10.10271887169025 ], [ 77.931605326065679, 10.102765737995323 ], [ 77.932709401363979, 10.103432861990129 ], [ 77.933089891785698, 10.103826542995742 ], [ 77.933224899589732, 10.103966232260047 ], [ 77.933498324304338, 10.104348566872359 ], [ 77.933845516873461, 10.104834052588526 ], [ 77.934274630406591, 10.106624184126792 ], [ 77.93437966681951, 10.107360933078819 ], [ 77.934408032921226, 10.107874020821678 ], [ 77.934457390854504, 10.108766809635894 ], [ 77.934047069178803, 10.110222514962686 ], [ 77.933956871137781, 10.110436956875423 ], [ 77.933554582197331, 10.11139338705841 ], [ 77.933447753645453, 10.111896497186697 ], [ 77.933299243264372, 10.112595912309288 ], [ 77.933554890319471, 10.11361749813277 ], [ 77.933977299725626, 10.114045907690024 ], [ 77.934508560689736, 10.114584712388949 ], [ 77.935977744557121, 10.115913503004791 ], [ 77.936846574438675, 10.116620580219342 ], [ 77.938432448563162, 10.117911188778633 ], [ 77.939088414553297, 10.118321151386537 ], [ 77.939285706149263, 10.118444451886351 ], [ 77.940672698659725, 10.119158448806045 ], [ 77.940778999002262, 10.11922007060217 ], [ 77.942036910792922, 10.119949276434051 ], [ 77.943330715669077, 10.120476680070864 ], [ 77.943611016987191, 10.120590940928476 ], [ 77.943850972270923, 10.120721760960336 ], [ 77.94510301536782, 10.121404353605735 ], [ 77.94633947988109, 10.122095709428264 ], [ 77.947108412611485, 10.122575878247796 ], [ 77.947808632307471, 10.123013135078768 ], [ 77.948362461646425, 10.123561685956441 ], [ 77.948427171787898, 10.123625778607371 ], [ 77.948890107789808, 10.124084302095811 ], [ 77.949744345437878, 10.125070164420164 ], [ 77.949994461565794, 10.12535881866018 ], [ 77.950313333847248, 10.125748520750488 ], [ 77.950560305871704, 10.126050353439188 ], [ 77.951103235053012, 10.126253652935802 ], [ 77.951720074022646, 10.126698325974658 ], [ 77.951774055584679, 10.126737239622599 ], [ 77.951918297171531, 10.126923733064601 ], [ 77.952207505285671, 10.127297658770205 ], [ 77.95275054675642, 10.127885196303952 ], [ 77.953421376271223, 10.128445648818539 ], [ 77.95345242384407, 10.128559705214448 ], [ 77.953562867216689, 10.128965422773664 ], [ 77.953623564583808, 10.129382820714877 ], [ 77.953663445290857, 10.129657064737899 ], [ 77.954001096853332, 10.129937221035279 ], [ 77.954721996665455, 10.130167639893459 ], [ 77.955365371868552, 10.130547186029631 ], [ 77.955876415348854, 10.130904188908389 ], [ 77.956165948653137, 10.131135153574396 ], [ 77.956392052813541, 10.131315517973178 ], [ 77.956690984292294, 10.131347356597519 ], [ 77.956857411571718, 10.131365083433833 ], [ 77.957345591131428, 10.131392097269901 ], [ 77.957680006063924, 10.131239709774892 ], [ 77.957911301588325, 10.131134312597025 ], [ 77.958709622703239, 10.130831259924136 ], [ 77.959275349329815, 10.130880847567417 ], [ 77.95991866793905, 10.131160939125447 ], [ 77.960107025789512, 10.131319448722303 ], [ 77.96043428204753, 10.13159484511003 ], [ 77.96071867070016, 10.132095416565193 ], [ 77.960927300831671, 10.13246264205301 ], [ 77.961027874414242, 10.133330602011668 ], [ 77.961089832117707, 10.134187527976794 ], [ 77.961133117439658, 10.134786167633537 ], [ 77.960950769318472, 10.135446201124234 ], [ 77.961516757354801, 10.136368237318965 ], [ 77.962210480434649, 10.13730834666374 ], [ 77.962880991047527, 10.136774769157645 ], [ 77.96214739265055, 10.135907060822158 ], [ 77.962082384268371, 10.135830167794747 ], [ 77.962663151387787, 10.135233959252325 ], [ 77.962853230410332, 10.135038826633149 ], [ 77.963661420416912, 10.13568552884214 ], [ 77.96434994225126, 10.136236471283723 ], [ 77.966074254845864, 10.135114945205775 ], [ 77.965728031558996, 10.134371662196077 ], [ 77.965015212991148, 10.132841337425154 ], [ 77.966123720577016, 10.13228054329244 ], [ 77.966559020807466, 10.132557025665005 ], [ 77.967205175398092, 10.13296743204943 ], [ 77.967670303289282, 10.13311593397999 ], [ 77.968336736449103, 10.133328704298565 ], [ 77.969700872225502, 10.133251514411221 ], [ 77.970809349268634, 10.1327132840176 ], [ 77.970990223254489, 10.132577749342531 ], [ 77.971967961287802, 10.131845098658095 ], [ 77.972706852558446, 10.131162274431166 ], [ 77.972842729931713, 10.131162224025582 ], [ 77.972908700409519, 10.13116220103357 ], [ 77.972989728448169, 10.131162171851395 ], [ 77.973337548041343, 10.131303886669556 ], [ 77.973865718800823, 10.131519082961773 ], [ 77.974494734434145, 10.131685859767824 ], [ 77.97481935683173, 10.131771929356422 ], [ 77.975823267280859, 10.132409031950926 ], [ 77.97628439407579, 10.133001262845239 ], [ 77.976699535212987, 10.133534435432907 ], [ 77.977781150832513, 10.134655223345753 ], [ 77.978552340130889, 10.135165800268927 ], [ 77.978793668938692, 10.135312362802061 ], [ 77.979095404957789, 10.135495612078657 ], [ 77.979839149825906, 10.135929337105631 ], [ 77.980537306091691, 10.13615967826061 ], [ 77.981463426928812, 10.136082565104376 ], [ 77.982517297182483, 10.135982778602886 ], [ 77.983557582214075, 10.136194942161 ], [ 77.98407327357765, 10.136606150363173 ], [ 77.984484019258176, 10.137116837367747 ], [ 77.984794486901848, 10.137880692321879 ], [ 77.984922574084919, 10.138952060811272 ], [ 77.985027799144063, 10.139923949059089 ], [ 77.985543704306693, 10.140995086992568 ], [ 77.985876965802348, 10.141632423271037 ], [ 77.985877177804767, 10.142186114434015 ], [ 77.985877220923882, 10.142296870237329 ], [ 77.985998542894592, 10.142734789907816 ], [ 77.986032517178657, 10.142857419581972 ], [ 77.986470722560753, 10.143571505395702 ], [ 77.986830225642507, 10.143998127619922 ], [ 77.987114318749434, 10.144335259184261 ], [ 77.987315215284625, 10.144627358881786 ], [ 77.987835479072999, 10.145383804320046 ], [ 77.988168884299128, 10.145837638360957 ], [ 77.988529354866444, 10.146328312075212 ], [ 77.989072576000211, 10.147141816846119 ], [ 77.989448806610866, 10.14757473822513 ], [ 77.989551790373355, 10.147693237422622 ], [ 77.989766661999454, 10.147830603200184 ], [ 77.989989873584605, 10.147973299250379 ], [ 77.990078551676206, 10.148089531053289 ], [ 77.990300233430418, 10.148380089595817 ], [ 77.990583282694999, 10.14884109869325 ], [ 77.990679041307629, 10.149447706424038 ], [ 77.990683897600078, 10.149478467988777 ], [ 77.990839089650223, 10.149758641439385 ], [ 77.991227013630947, 10.150011685659218 ], [ 77.99168789159252, 10.150165226136899 ], [ 77.991833186004897, 10.150276024276971 ], [ 77.992025632088215, 10.150422777084424 ], [ 77.992123562827231, 10.150624531356929 ], [ 77.992308638233638, 10.151005815573807 ], [ 77.99255789826708, 10.151278345973735 ], [ 77.992614483146852, 10.151340213606826 ], [ 77.993052657087929, 10.151670045014013 ], [ 77.993208371059282, 10.151955343433482 ], [ 77.993235240567714, 10.152004575874795 ], [ 77.993285584851193, 10.152461100142387 ], [ 77.993214923370971, 10.152612546426878 ], [ 77.992975507974677, 10.153125684681932 ], [ 77.992642760315363, 10.154020846389248 ], [ 77.99264289685928, 10.154454869957132 ], [ 77.992711004429182, 10.15464493729235 ], [ 77.99277084300688, 10.154811933727608 ], [ 77.993336666651501, 10.155091991977788 ], [ 77.993779209099841, 10.155183284683984 ], [ 77.994189919746049, 10.155268009215474 ], [ 77.994340772933398, 10.15541734437106 ], [ 77.994628131416349, 10.155701805609809 ], [ 77.994780809980355, 10.155758922247438 ], [ 77.995038782773761, 10.155855425591193 ], [ 77.995321793410753, 10.1561852779862 ], [ 77.995389683588371, 10.156400588426337 ], [ 77.995499949094565, 10.156750284324112 ], [ 77.995606432693393, 10.156840533156689 ], [ 77.99607044308037, 10.15723380021166 ], [ 77.99670484501209, 10.157708235157656 ], [ 77.996782638217383, 10.158291291317093 ], [ 77.996796718411161, 10.158811433306669 ], [ 77.996810293751736, 10.159312969352541 ], [ 77.996938323442649, 10.160081385243993 ], [ 77.997052657418735, 10.160448318670161 ], [ 77.997143949607818, 10.160741308221862 ], [ 77.99758209659943, 10.161075652749517 ], [ 77.998302976648617, 10.161174846071287 ], [ 77.998644884428913, 10.161093038397208 ], [ 77.99892689164777, 10.161025562236903 ], [ 77.999142381314726, 10.161068850400188 ], [ 77.999389085641198, 10.161118408602142 ], [ 77.999614219621094, 10.161225508654381 ], [ 77.999836122360875, 10.16133107100325 ], [ 78.000006492346088, 10.161497084225942 ], [ 78.000365213893559, 10.161846631305666 ], [ 78.001012849806088, 10.162448094726525 ], [ 78.001050719185187, 10.162466740315903 ], [ 78.001674367384666, 10.162773823386896 ], [ 78.002431662440529, 10.162918778144423 ], [ 78.003052286012462, 10.162819587132244 ], [ 78.004567272281221, 10.162431397961559 ], [ 78.007513239763341, 10.162068296381795 ], [ 78.007555183002239, 10.162063126329413 ], [ 78.007717036060257, 10.162065028293261 ], [ 78.008687583079748, 10.162084985207754 ], [ 78.009806517411121, 10.162191963797611 ], [ 78.010585573256449, 10.162266445406894 ], [ 78.013569253810772, 10.163194247266359 ], [ 78.013742570270139, 10.163361581429541 ], [ 78.013824307977842, 10.164455578365764 ], [ 78.013577206595983, 10.16633153271964 ], [ 78.013398320581885, 10.167362886590055 ], [ 78.01322518737885, 10.168361081188721 ], [ 78.012749766591156, 10.17069797516263 ], [ 78.013251384947509, 10.171534482211745 ], [ 78.014427605742853, 10.173377494218769 ], [ 78.014870246107549, 10.174071060569167 ], [ 78.015244202183879, 10.174586547260393 ], [ 78.017543100590402, 10.176788786015795 ], [ 78.017595848765609, 10.176926476163461 ], [ 78.017679922093023, 10.177145930047418 ], [ 78.018024038830617, 10.178202273892669 ], [ 78.018500285170049, 10.1796642020786 ], [ 78.019129271158974, 10.181662420154781 ], [ 78.019909759817168, 10.184137266292488 ], [ 78.020031800440066, 10.184524243414163 ], [ 78.02277866442428, 10.184782872748574 ], [ 78.02543429640653, 10.185018788700081 ], [ 78.026201684034632, 10.185094939582269 ], [ 78.028495974982079, 10.185322602565947 ], [ 78.032055735246658, 10.185249549830866 ], [ 78.033916996006297, 10.185211337365885 ], [ 78.037636674357785, 10.185102095083469 ], [ 78.039251288283168, 10.185054662586522 ], [ 78.044188521611147, 10.185024385429815 ], [ 78.046579598843934, 10.184934624659993 ], [ 78.047708297862457, 10.184924196879663 ], [ 78.049906123223096, 10.184903879771374 ], [ 78.052009677581196, 10.184827564389815 ], [ 78.055975035281406, 10.184837566892302 ], [ 78.058598740240143, 10.184747736221269 ], [ 78.06000876106296, 10.184612459670843 ], [ 78.061396076966929, 10.184278242350045 ], [ 78.062500438827755, 10.183686285016741 ], [ 78.063171121018883, 10.183338858197056 ], [ 78.063189495159691, 10.183329340169545 ], [ 78.065279019629685, 10.185106347005464 ], [ 78.066091199952794, 10.185454556148194 ], [ 78.068144443265084, 10.186047140603069 ], [ 78.068783246043409, 10.1863501586331 ], [ 78.070754128217217, 10.18810448873155 ], [ 78.071020316103883, 10.188002409949686 ], [ 78.071543639554093, 10.187801722583727 ], [ 78.073624577028312, 10.186762385412514 ], [ 78.075465731695289, 10.185780935949225 ], [ 78.076599994878677, 10.185176294606661 ], [ 78.077754639937524, 10.184448687436166 ], [ 78.081423089164971, 10.185981736874981 ], [ 78.081663422639465, 10.186002999078262 ], [ 78.081934137136855, 10.186026950884848 ], [ 78.083131415340802, 10.186041391816369 ], [ 78.083836874909821, 10.186049899171856 ], [ 78.084996088800224, 10.185766352656598 ], [ 78.087715681729037, 10.185101111898346 ], [ 78.088331984404434, 10.18461139690973 ], [ 78.090047694731908, 10.183248074858815 ], [ 78.091310432272266, 10.182185364030186 ], [ 78.091535337181753, 10.181996090263958 ], [ 78.093271075448428, 10.184042372711309 ], [ 78.093314678774007, 10.184093776130776 ], [ 78.093935131666029, 10.185056750971039 ], [ 78.094742657817633, 10.186417510964642 ], [ 78.09518593418953, 10.187265042870623 ], [ 78.09584211308038, 10.188519638894531 ], [ 78.096781912564339, 10.190318874267575 ], [ 78.098406340584177, 10.190811818223063 ], [ 78.098441633595073, 10.190587754088913 ], [ 78.098538783698103, 10.189971067418844 ], [ 78.099241504303848, 10.190056516561247 ], [ 78.099282524074681, 10.190061506678724 ], [ 78.100505450078273, 10.190341922154021 ], [ 78.101331332404399, 10.190685572238083 ], [ 78.101790752400262, 10.190995555558306 ], [ 78.102389952050956, 10.191399854420176 ], [ 78.103071603570044, 10.191905842195959 ], [ 78.10364470716172, 10.192331214246726 ], [ 78.104803814152618, 10.191368415219472 ], [ 78.106287401607275, 10.190156887400857 ], [ 78.106442143601484, 10.190030522681001 ], [ 78.106714925122333, 10.189976756012818 ], [ 78.107404986669081, 10.189840756681036 ], [ 78.107391329581844, 10.189302803691337 ], [ 78.107391329581844, 10.189302775398586 ], [ 78.108230941758762, 10.189257632585091 ], [ 78.108230941758762, 10.189257664414429 ], [ 78.108281124345481, 10.18984083625419 ], [ 78.109983144347993, 10.189660140601985 ], [ 78.112447247426857, 10.189244433142811 ], [ 78.11302852658595, 10.18918774423306 ], [ 78.113327967409489, 10.189158559391663 ], [ 78.114055771672923, 10.189409490232817 ], [ 78.114783577732936, 10.18966041822403 ], [ 78.115112118581791, 10.189759887359086 ], [ 78.11555403759931, 10.189786875041833 ], [ 78.115652079729429, 10.18979286336468 ], [ 78.116371512592693, 10.189836837261163 ], [ 78.116479483801626, 10.189810074155728 ], [ 78.116517560691591, 10.189800641199405 ], [ 78.117421088000981, 10.189109048865753 ], [ 78.117612759736531, 10.189077411389892 ], [ 78.119177896252694, 10.189321597133036 ], [ 78.120035795433864, 10.189366801827823 ], [ 78.120763314033013, 10.188840783164794 ], [ 78.121286090409228, 10.188462798666238 ], [ 78.122139413572327, 10.18774409798462 ], [ 78.122764632925239, 10.18690775278807 ], [ 78.122823295608242, 10.186848487036768 ], [ 78.123914545659204, 10.185746022339593 ], [ 78.123919093829471, 10.185746055053418 ], [ 78.124051419264077, 10.185624007696385 ], [ 78.1240568208339, 10.185622619568585 ], [ 78.124174625001942, 10.18559238932618 ], [ 78.124772372076833, 10.185797080663102 ], [ 78.12491380912337, 10.185845513915625 ], [ 78.126018062288054, 10.186012776968081 ], [ 78.126634123316634, 10.186085134581246 ], [ 78.127780062802088, 10.186374747005774 ], [ 78.12820839929249, 10.186482998598114 ], [ 78.128855443215215, 10.186710647328495 ], [ 78.129184876091159, 10.1868265520483 ], [ 78.129750677277926, 10.187084196336453 ], [ 78.130390829325805, 10.18739140426592 ], [ 78.130626800581254, 10.187504644786401 ], [ 78.131635287946764, 10.186645715875271 ], [ 78.132296916018149, 10.186171106417392 ], [ 78.133350979409585, 10.185660280269834 ], [ 78.133754865554593, 10.185466227037725 ], [ 78.134113036434812, 10.185294139728478 ], [ 78.135313103907706, 10.184679341996043 ], [ 78.135409515595555, 10.184639751056386 ], [ 78.13600667696889, 10.18439453256407 ], [ 78.136300801562584, 10.184267452926155 ], [ 78.136864517759562, 10.184023892836056 ], [ 78.138119415702462, 10.183476864701301 ], [ 78.138689772246025, 10.183255379825235 ], [ 78.139111807953, 10.183132358049704 ], [ 78.139465434256181, 10.183029276801417 ], [ 78.140647320726046, 10.182785133984769 ], [ 78.142088989196267, 10.1825558078413 ], [ 78.142214593435938, 10.182535828333688 ], [ 78.14226712421879, 10.182527472076902 ], [ 78.142319631645464, 10.182517518131091 ], [ 78.142984156783669, 10.18239155356388 ], [ 78.143102182835577, 10.182369180606315 ], [ 78.143475827196525, 10.182065398409778 ], [ 78.143585885191882, 10.18197591708849 ], [ 78.143837205960608, 10.181728074104104 ], [ 78.144557733870215, 10.181017512951174 ], [ 78.145050499329429, 10.180466051727015 ], [ 78.14612282008072, 10.179385565900855 ], [ 78.146957769102983, 10.17841818488308 ], [ 78.147132831887234, 10.178172935967424 ], [ 78.14767412433811, 10.177414624685804 ], [ 78.148340264647175, 10.176325162906497 ], [ 78.14875113160025, 10.17568568000431 ], [ 78.148804107947484, 10.17560322705398 ], [ 78.149133573162771, 10.17509043612233 ], [ 78.149467234408746, 10.17457111463518 ], [ 78.149644354335024, 10.17428670909724 ], [ 78.15062151475162, 10.172717653928617 ], [ 78.151156091397411, 10.171802811094778 ], [ 78.151324199424735, 10.171515122720445 ], [ 78.151372766840581, 10.171361052251683 ], [ 78.151438197430949, 10.171153493043132 ], [ 78.151445033610244, 10.170900845761905 ], [ 78.151447929778726, 10.170793822341162 ], [ 78.151450789116254, 10.17068816143558 ], [ 78.151451896739005, 10.170647260145282 ], [ 78.151447415044061, 10.169942042311991 ], [ 78.151442647684817, 10.169191632174947 ], [ 78.151450766658385, 10.1688188553548 ], [ 78.15145511001279, 10.168619465432272 ], [ 78.151456334416494, 10.168563260939647 ], [ 78.151484156139176, 10.168177978058562 ], [ 78.151570260557463, 10.166985573409777 ], [ 78.151574783574915, 10.166321076036844 ], [ 78.151401365605949, 10.165362783180152 ], [ 78.151370485119756, 10.16519785335962 ], [ 78.151319264978895, 10.164924284374674 ], [ 78.151347278941003, 10.164794553181832 ], [ 78.151373940938669, 10.164671086605818 ], [ 78.151706999415069, 10.164006557009031 ], [ 78.15219516100845, 10.163156734232208 ], [ 78.152305999639779, 10.162999847027148 ], [ 78.152865841402942, 10.162207407631533 ], [ 78.154170701845302, 10.161113354367991 ], [ 78.154621701932015, 10.160745197051085 ], [ 78.155128850317226, 10.16033120536118 ], [ 78.156816932059812, 10.15875344359276 ], [ 78.157524051715498, 10.157980398195708 ], [ 78.157958028727577, 10.157655082894955 ], [ 78.158048728926858, 10.157587093152523 ], [ 78.158653249298979, 10.156988086724493 ], [ 78.159212193645175, 10.156434236361815 ], [ 78.159518787753328, 10.156160964055955 ], [ 78.16002877930643, 10.155706399240128 ], [ 78.161224132420728, 10.154544502235138 ], [ 78.161223227817217, 10.154525165589328 ], [ 78.16117380969682, 10.15346865857839 ], [ 78.161053270158732, 10.152431789918182 ], [ 78.161014056001648, 10.15209446615623 ], [ 78.160925564759637, 10.151316429860023 ], [ 78.160870260877459, 10.150830184178801 ], [ 78.160858782204784, 10.150729257162896 ], [ 78.160657935076912, 10.149630787562696 ], [ 78.16049402218195, 10.14929567060992 ], [ 78.160229006596751, 10.148753847013744 ], [ 78.159850257110023, 10.148223041281311 ], [ 78.159612950059724, 10.147890461571619 ], [ 78.159485236575776, 10.147720559373919 ], [ 78.158814466349767, 10.146828193775415 ], [ 78.158545871876456, 10.146439378591838 ], [ 78.158521942553904, 10.146404739227021 ], [ 78.158458489155507, 10.146312883391444 ], [ 78.15845386822167, 10.14557602935248 ], [ 78.158567835685162, 10.144378116312479 ], [ 78.158636277428315, 10.14398934325162 ], [ 78.158668637439789, 10.143936983671834 ], [ 78.15877317528772, 10.143767840735805 ], [ 78.158919610560503, 10.143661401582358 ], [ 78.159046826377789, 10.143568933042054 ], [ 78.159330205324054, 10.143435312107551 ], [ 78.160935702247613, 10.142678268716931 ], [ 78.162140117566494, 10.142094972769446 ], [ 78.163673004563904, 10.14137159076248 ], [ 78.164252458346368, 10.141131956909033 ], [ 78.163850814396326, 10.139744201429743 ], [ 78.163462871550976, 10.138302178217657 ], [ 78.164306833370517, 10.137181029002999 ], [ 78.16495913603093, 10.136380826129262 ], [ 78.164849635889368, 10.136097594579628 ], [ 78.16454842718133, 10.135318489211539 ], [ 78.164528552854009, 10.135101089147332 ], [ 78.164470742672208, 10.134468707871299 ], [ 78.164565057692201, 10.13392732433597 ], [ 78.164580209576101, 10.133840341843039 ], [ 78.164612147379373, 10.133505816769263 ], [ 78.164850605171566, 10.132505117865351 ], [ 78.164945006429804, 10.132108954403428 ], [ 78.164934642566394, 10.131990748336845 ], [ 78.164924312838934, 10.131872924247082 ], [ 78.164917660814268, 10.131797043667451 ], [ 78.165323508879837, 10.129771769788203 ], [ 78.165408783254833, 10.129392773661484 ], [ 78.165446571785566, 10.129224825715674 ], [ 78.165432826663405, 10.128433685792377 ], [ 78.16545096634394, 10.127728553573409 ], [ 78.165446278036455, 10.126363287618426 ], [ 78.165432076570141, 10.125904229718532 ], [ 78.165418868640515, 10.125477262401279 ], [ 78.165415849402834, 10.124654844340247 ], [ 78.165414139010522, 10.124188964945331 ], [ 78.165402602845674, 10.124049887587255 ], [ 78.165386767343833, 10.123858985865473 ], [ 78.165339233888886, 10.123722054630738 ], [ 78.165250532441092, 10.123466528561964 ], [ 78.16523613244712, 10.123425046423668 ], [ 78.164464943148744, 10.121779618435264 ], [ 78.163953949974086, 10.120997649293423 ], [ 78.163384902275908, 10.12029670841504 ], [ 78.16275397592598, 10.119519536745434 ], [ 78.162074117444234, 10.118791760803651 ], [ 78.161960095183531, 10.11864261905294 ], [ 78.161571601670929, 10.117703327849295 ], [ 78.161535683432618, 10.117616484221557 ], [ 78.161229917571148, 10.116649099573474 ], [ 78.160688316099836, 10.115164015994965 ], [ 78.160659531383175, 10.115085085753313 ], [ 78.160358353217887, 10.114208173637808 ], [ 78.15981494433619, 10.112690600677695 ], [ 78.159778876977555, 10.11258987743933 ], [ 78.159600908143361, 10.112268898071756 ], [ 78.159565826236545, 10.112233781883079 ], [ 78.159153823812971, 10.111821378625576 ], [ 78.158104490051471, 10.110750098180411 ], [ 78.15722847724092, 10.109999757206424 ], [ 78.157174491187291, 10.109849381218467 ], [ 78.156767604669255, 10.108716020254809 ], [ 78.156525425156872, 10.108077220395684 ], [ 78.156430000717478, 10.107825513865535 ], [ 78.156323898004302, 10.107356251202814 ], [ 78.156302229741357, 10.107260417766531 ], [ 78.157205431860632, 10.106867108866098 ], [ 78.15795834942611, 10.106567344389616 ], [ 78.15885222793105, 10.106211452641389 ], [ 78.160561564711557, 10.105465704265059 ], [ 78.160644996641878, 10.105429304098621 ], [ 78.16112345643019, 10.105137067893878 ], [ 78.161822000768154, 10.104710404609664 ], [ 78.161999180881537, 10.104594531182126 ], [ 78.162264426435513, 10.104421064102828 ], [ 78.16245723903144, 10.104364716577034 ], [ 78.16333191604717, 10.104109100820423 ], [ 78.164481465861755, 10.103733788816692 ], [ 78.165621556416369, 10.103309616752044 ], [ 78.166185116306522, 10.103099939576637 ], [ 78.166292500017263, 10.103059986564443 ], [ 78.166980004060406, 10.10287413636418 ], [ 78.16709540433672, 10.102842941402926 ], [ 78.167269270565043, 10.102795641759695 ], [ 78.168591664325092, 10.102435902288114 ], [ 78.168859936303235, 10.1023141327113 ], [ 78.169189183227928, 10.102164686157705 ], [ 78.1692336812755, 10.102076477256425 ], [ 78.169659009308035, 10.101233333720117 ], [ 78.170210821030864, 10.099746092618728 ], [ 78.170406895409641, 10.098873547375742 ], [ 78.170589250717356, 10.098037290223383 ], [ 78.170698708638085, 10.097978514786098 ], [ 78.171041735719228, 10.097992758044745 ], [ 78.171565483174277, 10.098014503665608 ], [ 78.172865931091934, 10.098184248226431 ], [ 78.173157543097815, 10.098222309230142 ], [ 78.173776344886335, 10.098262374277503 ], [ 78.174690383382838, 10.098321552064432 ], [ 78.173234980570228, 10.096830002840317 ], [ 78.169982335436671, 10.096798742731506 ], [ 78.169877441855874, 10.096794228738281 ], [ 78.169898764267487, 10.096680554623227 ], [ 78.169986837792877, 10.096211022757862 ], [ 78.169737272332227, 10.095758035673638 ], [ 78.169361786424915, 10.095076482568619 ], [ 78.16935267660962, 10.095013166040077 ], [ 78.16977163738342, 10.093611573591637 ], [ 78.170080974946444, 10.092576706630288 ], [ 78.170095902251518, 10.092526769037255 ], [ 78.170131141363484, 10.092486916419737 ], [ 78.170159802112607, 10.092454502611904 ], [ 78.170182931934548, 10.092450655406676 ], [ 78.170187146829861, 10.092449953181168 ], [ 78.170214489750478, 10.092445395790598 ], [ 78.170244987554369, 10.092450844671486 ], [ 78.171656027066689, 10.092702952375719 ], [ 78.17268249600923, 10.092897228070886 ], [ 78.173097659604338, 10.092960413238078 ], [ 78.173101189983399, 10.092960914700614 ], [ 78.17316542132285, 10.092970033004715 ], [ 78.174338437827586, 10.093136555656226 ], [ 78.175328291439172, 10.092512649354745 ], [ 78.17625418140922, 10.091915835059414 ], [ 78.176970513288154, 10.092381356177237 ], [ 78.177577268668699, 10.092647909962029 ], [ 78.178152015279068, 10.092674963314821 ], [ 78.178594491252042, 10.09257549056014 ], [ 78.179725658840965, 10.091761614015661 ], [ 78.180724651013932, 10.091029173601372 ], [ 78.181550172217328, 10.09037809204416 ], [ 78.182941406572567, 10.089356198025921 ], [ 78.183287992778844, 10.089107556412637 ], [ 78.183593674198661, 10.089044216599445 ], [ 78.185673760968285, 10.088754629400849 ], [ 78.186298641656336, 10.08864604143073 ], [ 78.186978300712084, 10.088496721193422 ], [ 78.187635256645663, 10.088410716957615 ], [ 78.188570356144069, 10.088419592173409 ], [ 78.188857563710073, 10.087438572893664 ], [ 78.189153981702674, 10.086688186389312 ], [ 78.189687522590958, 10.085811079220489 ], [ 78.190125392003154, 10.085263989580538 ], [ 78.190914488318413, 10.084857032597151 ], [ 78.192004623560067, 10.084395717598563 ], [ 78.192944229007907, 10.084020389681637 ], [ 78.194764216671842, 10.083233443067533 ], [ 78.195836072095844, 10.082776654969532 ], [ 78.197145161806532, 10.082148058737507 ], [ 78.19872332658926, 10.081523905615493 ], [ 78.201227481953381, 10.080515328941486 ], [ 78.20398241640207, 10.079348492567746 ], [ 78.202686469043968, 10.077156351254617 ], [ 78.201367764664781, 10.075226371875861 ], [ 78.200610266589635, 10.074141523104846 ], [ 78.201070710664922, 10.072780789003122 ], [ 78.201503771395437, 10.071275362657698 ], [ 78.201800028589588, 10.070262682683889 ], [ 78.202397200742695, 10.068373056309012 ], [ 78.202857569359495, 10.066912757056681 ], [ 78.203783612941493, 10.067152143739184 ], [ 78.204294372554187, 10.067319184770769 ], [ 78.205261634434663, 10.067635517652636 ], [ 78.20668937722138, 10.06808277568021 ], [ 78.206890241417199, 10.068724649728408 ], [ 78.207196132144503, 10.069927000909818 ], [ 78.207378735387266, 10.070455882234207 ], [ 78.207670700430995, 10.070406131375419 ], [ 78.208897649988756, 10.070066777404461 ], [ 78.209645817263052, 10.07064976359896 ], [ 78.210079252590972, 10.070929966874317 ], [ 78.210156927218677, 10.071576311572539 ], [ 78.210531023432239, 10.071675687326485 ], [ 78.21049017883287, 10.072778714923327 ], [ 78.210412917430247, 10.073822981014645 ], [ 78.211138289954164, 10.07408947939574 ], [ 78.211594541592035, 10.074505300808386 ], [ 78.212064432350857, 10.074925573187738 ], [ 78.212589082612766, 10.075264547034793 ], [ 78.212976827828726, 10.075250835217316 ], [ 78.213458015800555, 10.075115134803859 ], [ 78.213939204670723, 10.074979430795461 ], [ 78.214673622331247, 10.07476672268935 ], [ 78.2158823280039, 10.074590173103511 ], [ 78.216593927557923, 10.074603488709215 ], [ 78.217213015010685, 10.074756771589842 ], [ 78.21725082689764, 10.074766133636627 ], [ 78.218715283829994, 10.075489031418469 ], [ 78.219395074039795, 10.075943138431503 ], [ 78.220074869639461, 10.076397243036068 ], [ 78.221744696717167, 10.077454599743424 ], [ 78.222816717431115, 10.077910916009825 ], [ 78.223081317994698, 10.077906366373664 ], [ 78.224435995409436, 10.077580500286285 ], [ 78.225640211302334, 10.07725914459875 ], [ 78.226456676589351, 10.077132385122621 ], [ 78.226853542400406, 10.07708702220137 ], [ 78.227067861562546, 10.077109602392479 ], [ 78.227291354320414, 10.077229588707523 ], [ 78.227337112704362, 10.077254156262869 ], [ 78.22812187285173, 10.078031482228866 ], [ 78.228596454612941, 10.078429192026224 ], [ 78.229632031574184, 10.078917077434523 ], [ 78.230188607961267, 10.07912936091904 ], [ 78.230316328631744, 10.079097726737865 ], [ 78.23108243077067, 10.078378679113976 ], [ 78.232144990428054, 10.077447182693875 ], [ 78.233545468447574, 10.077555228728913 ], [ 78.235187629211168, 10.077663216353674 ], [ 78.236405613582349, 10.077694464168561 ], [ 78.236592622163272, 10.077798391212733 ], [ 78.237231530942807, 10.078566710364891 ], [ 78.237788180093446, 10.079081823412059 ], [ 78.238422423921705, 10.079574366232631 ], [ 78.238924185110164, 10.079705319694931 ], [ 78.239850164013461, 10.079673401661793 ], [ 78.240119322628786, 10.079722993658745 ], [ 78.240644031281164, 10.080039255116729 ], [ 78.241040958177663, 10.080319395397256 ], [ 78.241597672007032, 10.080753192238523 ], [ 78.242076845955964, 10.081417537819062 ], [ 78.242113483744859, 10.081815367260454 ], [ 78.242077208875372, 10.08237141685423 ], [ 78.242314506942492, 10.082769116873926 ], [ 78.243345789956649, 10.083831081829938 ], [ 78.244094174623214, 10.084540590135926 ], [ 78.245517265933387, 10.084160369678079 ], [ 78.246315535844303, 10.084128455623983 ], [ 78.247150321373226, 10.084155297427422 ], [ 78.247989680225245, 10.084191120693466 ], [ 78.248900626720584, 10.084192572940154 ], [ 78.250489226333613, 10.084302125563971 ], [ 78.25240475072637, 10.085369721967661 ], [ 78.253613299193859, 10.086057298264659 ], [ 78.256315595960174, 10.086571113374522 ], [ 78.25630987459013, 10.086319047744229 ], [ 78.256774139200331, 10.085208372781496 ], [ 78.257199063889303, 10.085389264430674 ], [ 78.257638374199203, 10.085599203439585 ], [ 78.258390259600418, 10.085474461984905 ], [ 78.258881570687208, 10.085317100766819 ], [ 78.259182676088983, 10.085458810153153 ], [ 78.259640250945239, 10.085629658916774 ], [ 78.260379138622625, 10.085924573211445 ], [ 78.260302474599627, 10.086926395363472 ], [ 78.26038409103478, 10.087360516738679 ], [ 78.26052335685327, 10.088215937085323 ], [ 78.260635121647681, 10.089133777819853 ], [ 78.260762149717038, 10.089567273585704 ], [ 78.26093691515895, 10.090120744975826 ], [ 78.261177430991424, 10.090809956149622 ], [ 78.261238031340483, 10.091046300373057 ], [ 78.261322622995863, 10.091443105263627 ], [ 78.261498178056883, 10.091820474607983 ], [ 78.261541278325893, 10.091913123438488 ], [ 78.263312984238269, 10.091509999963652 ], [ 78.26369472691151, 10.091826871594144 ], [ 78.263980796312069, 10.092030487252792 ], [ 78.264244695291382, 10.092280373634596 ], [ 78.264351670268681, 10.092568124270363 ], [ 78.264411039027507, 10.093092646310716 ], [ 78.264527751742463, 10.093618842572269 ], [ 78.264541948717238, 10.09424436431555 ], [ 78.264471174049234, 10.09473322338175 ], [ 78.264245842440019, 10.095067838366777 ], [ 78.264075827289346, 10.095413637213266 ], [ 78.263990100163468, 10.096003733271377 ], [ 78.263942315180245, 10.096739361251728 ], [ 78.263916531734949, 10.097310533105933 ], [ 78.263856907854603, 10.097666421438497 ], [ 78.263534124308379, 10.097820168267322 ], [ 78.262591162754646, 10.098062178112961 ], [ 78.261980497905967, 10.099597838805604 ], [ 78.261951658392078, 10.099670363638886 ], [ 78.261417280273989, 10.101014176283359 ], [ 78.261284402375452, 10.102428998758789 ], [ 78.26264352285763, 10.1034014150334 ], [ 78.26406638599569, 10.104459646153797 ], [ 78.264823236385496, 10.105893067858663 ], [ 78.265092066217449, 10.106620883635392 ], [ 78.265894354292641, 10.108461067699064 ], [ 78.267724041964996, 10.107399309602231 ], [ 78.268946834119632, 10.106997468421792 ], [ 78.270957464948111, 10.110334259025981 ], [ 78.272006094430424, 10.11205243219479 ], [ 78.272361690739018, 10.112970245591384 ], [ 78.271868747413379, 10.113643592847438 ], [ 78.271530724846684, 10.114909279032215 ], [ 78.272242105211745, 10.115772854107217 ], [ 78.273392138319934, 10.114823973423881 ], [ 78.273547019553035, 10.115497538766054 ], [ 78.274361827448345, 10.120755162375435 ], [ 78.273403724790498, 10.120881475760147 ], [ 78.273941643169138, 10.122075011603521 ], [ 78.27274612386654, 10.122716508246883 ], [ 78.273420862849505, 10.12396900339621 ], [ 78.272143225851806, 10.124637549568702 ], [ 78.272617336895834, 10.125817548372288 ], [ 78.271567774962278, 10.126481749559437 ], [ 78.271617612595904, 10.127521439177313 ], [ 78.271530748202878, 10.128185951653172 ], [ 78.27096478891265, 10.128529362575478 ], [ 78.270316919438145, 10.128714435649604 ], [ 78.270499235220001, 10.129442258946858 ], [ 78.270882325366188, 10.129686580437983 ], [ 78.272182403177979, 10.130324304424821 ], [ 78.27284838358689, 10.13061840659166 ], [ 78.273049316953035, 10.13009415716278 ], [ 78.273765668594862, 10.129768885161527 ], [ 78.275015866552209, 10.1294257240585 ], [ 78.276065235347957, 10.129444093012404 ], [ 78.277000462407116, 10.129503253558743 ], [ 78.278049699150557, 10.129580433736669 ], [ 78.279564376398881, 10.129458901720559 ], [ 78.280832805664886, 10.129581252610317 ], [ 78.280649973351757, 10.130512411415863 ], [ 78.280147787260148, 10.131457097424491 ], [ 78.27969581339967, 10.13257801640251 ], [ 78.279631446414612, 10.133938677873951 ], [ 78.27983187941912, 10.134856383575373 ], [ 78.280164406092894, 10.136556158599072 ], [ 78.280364699858524, 10.13799824980064 ], [ 78.280528353140369, 10.139838204423537 ], [ 78.280509798438175, 10.140891427099046 ], [ 78.280472786950156, 10.142229546630473 ], [ 78.281572431757425, 10.142184629731204 ], [ 78.282106235852083, 10.142153183034466 ], [ 78.2825575530441, 10.143360277864003 ], [ 78.283109101560555, 10.144879274407073 ], [ 78.283505714046697, 10.145977950429927 ], [ 78.283774606760701, 10.146986122617694 ], [ 78.283975073002878, 10.147836068826233 ], [ 78.284257761144687, 10.148581982216369 ], [ 78.284056788252684, 10.149250978419346 ], [ 78.283655006860386, 10.150385506606689 ], [ 78.283189256436728, 10.151438549570324 ], [ 78.282855885346592, 10.15250533738039 ], [ 78.282604590629006, 10.153603703382583 ], [ 78.282371457151513, 10.154797086400649 ], [ 78.28217043215723, 10.155913576762297 ], [ 78.281859714781916, 10.157233435906232 ], [ 78.281708495081944, 10.159059757412354 ], [ 78.281443298037033, 10.160980900864633 ], [ 78.28165778967572, 10.16101249602956 ], [ 78.282487885100537, 10.161858091728734 ], [ 78.283021466413018, 10.162784979604666 ], [ 78.282619823361259, 10.163187223907091 ], [ 78.282286581628526, 10.163621114779319 ], [ 78.281702391927908, 10.164009644697281 ], [ 78.281802598099532, 10.164475230960509 ], [ 78.28203508479001, 10.165139869225333 ], [ 78.282486535830998, 10.166116491579091 ], [ 78.281368408186736, 10.166902639855726 ], [ 78.279853720158613, 10.166314537294125 ], [ 78.278535208018894, 10.165929807870763 ], [ 78.277267017704744, 10.165418643392425 ], [ 78.275318749719887, 10.164902629944283 ], [ 78.275236720958077, 10.164703723012188 ], [ 78.275027087408418, 10.164120496399395 ], [ 78.27481298204529, 10.163053598786913 ], [ 78.274078097260812, 10.163672693025175 ], [ 78.27326110825598, 10.164445415181451 ], [ 78.272809528755914, 10.164336851060899 ], [ 78.271043839759329, 10.163843477157178 ], [ 78.269661435843318, 10.163576269852149 ], [ 78.269593132440676, 10.163146818588189 ], [ 78.269210101583326, 10.162558983223345 ], [ 78.26884518974525, 10.162124891074905 ], [ 78.268124486664149, 10.161600192762497 ], [ 78.266158273933215, 10.160776802850059 ], [ 78.264511362878423, 10.159971609131937 ], [ 78.263179258330112, 10.159401502939053 ], [ 78.261860760563451, 10.159043913753754 ], [ 78.262244582836573, 10.157480044935717 ], [ 78.263462901381104, 10.157403578870088 ], [ 78.265566299432336, 10.157404333123377 ], [ 78.266880336165329, 10.157449990644777 ], [ 78.267779528205153, 10.156338350391458 ], [ 78.268281687347297, 10.155579008429745 ], [ 78.268948154643098, 10.15472490208432 ], [ 78.269080874438131, 10.153721429285023 ], [ 78.269614834839658, 10.153350842389722 ], [ 78.270618985138938, 10.152451659893078 ], [ 78.269684032964292, 10.151321209246401 ], [ 78.268999428682903, 10.151831756063132 ], [ 78.268150676147926, 10.152138823703014 ], [ 78.266932143804397, 10.152929600902651 ], [ 78.265453520439976, 10.15379698457331 ], [ 78.264454200381948, 10.154244178385943 ], [ 78.263454832713208, 10.154460802350942 ], [ 78.261620774736969, 10.154134598341102 ], [ 78.259841289414226, 10.154179175781982 ], [ 78.259817926928648, 10.154179751425396 ], [ 78.259836785261427, 10.15431930469221 ], [ 78.259841351397995, 10.154353088135998 ], [ 78.259918648733247, 10.154925006299662 ], [ 78.259803609579635, 10.157424857123976 ], [ 78.25975290507175, 10.158848757625062 ], [ 78.259651939823698, 10.160177734311826 ], [ 78.2596697480259, 10.161447983226903 ], [ 78.259998102025193, 10.161986128173243 ], [ 78.26079610064491, 10.163315396873246 ], [ 78.260932705653516, 10.164043293600372 ], [ 78.261416230143396, 10.164233272119478 ], [ 78.262565755703477, 10.165020323391708 ], [ 78.263728967995206, 10.166010677926149 ], [ 78.266032534047923, 10.167679579829098 ], [ 78.267382819599291, 10.168593247870218 ], [ 78.269850702788844, 10.170311838950619 ], [ 78.271401772585975, 10.171306858022437 ], [ 78.272218246856141, 10.171940048032027 ], [ 78.272336757998318, 10.172342362153568 ], [ 78.272764730671014, 10.175199483774708 ], [ 78.272965040606337, 10.176343243576682 ], [ 78.272973717433658, 10.177640625586847 ], [ 78.272973634788627, 10.177643444352606 ], [ 78.272972008837982, 10.177699268817925 ], [ 78.272927625774727, 10.179222777722773 ], [ 78.272812824674688, 10.181098711633162 ], [ 78.27087800536799, 10.18140546998073 ], [ 78.269810156430196, 10.181857147668998 ], [ 78.269349158992682, 10.182119171716936 ], [ 78.269349156297721, 10.182124291047067 ], [ 78.269250951572559, 10.182181198717673 ], [ 78.268945160558275, 10.182358399075328 ], [ 78.269577155005038, 10.182413098939858 ], [ 78.270945852426436, 10.183046393351892 ], [ 78.271995118814274, 10.183729418916316 ], [ 78.272026877852838, 10.184520499876914 ], [ 78.27274326902058, 10.184335392780774 ], [ 78.27407061788773, 10.185682985439859 ], [ 78.275270438323929, 10.186831469715655 ], [ 78.276169014119475, 10.187681638831258 ], [ 78.276816761423106, 10.188224339793123 ], [ 78.277350570907657, 10.188491160427754 ], [ 78.278003060417618, 10.188518551390267 ], [ 78.278870120618052, 10.188645486101754 ], [ 78.279581871987361, 10.189029883996287 ], [ 78.280612796573706, 10.19002019497578 ], [ 78.280982210767988, 10.190562740767849 ], [ 78.282332915832555, 10.190658096583975 ], [ 78.282346490274819, 10.190875045967795 ], [ 78.28253343238039, 10.191372344346119 ], [ 78.282816039673833, 10.192376030377575 ], [ 78.282929879576542, 10.193040589315231 ], [ 78.28345882288717, 10.194324508773041 ], [ 78.283924319985928, 10.194324675874308 ], [ 78.284325954952848, 10.194058054632888 ], [ 78.284841276210528, 10.194894542863334 ], [ 78.285657724429527, 10.196024910857572 ], [ 78.285958979849937, 10.195948179061384 ], [ 78.286707298939518, 10.196088567254501 ], [ 78.286606649898459, 10.196816305228641 ], [ 78.286606509761285, 10.197575777197409 ], [ 78.286875662088377, 10.197779221295932 ], [ 78.288075633441522, 10.19831755429375 ], [ 78.289074754073567, 10.198923512799933 ], [ 78.289809261565637, 10.199791724574098 ], [ 78.290826379046095, 10.201279277058992 ], [ 78.291067989026587, 10.202151707581073 ], [ 78.291419053334565, 10.203422132411806 ], [ 78.291469108360502, 10.203887756629788 ], [ 78.291425923649854, 10.203943302425568 ], [ 78.291423464062618, 10.203946466644526 ], [ 78.29142633238331, 10.20394793160982 ], [ 78.293070552983792, 10.204787738430841 ], [ 78.294521588187521, 10.205452640140185 ], [ 78.295288048754244, 10.205651710856305 ], [ 78.296552002613524, 10.206244313441129 ], [ 78.297834206646101, 10.206533937598012 ], [ 78.299152964025893, 10.206891352427656 ], [ 78.299819322625538, 10.206642894924075 ], [ 78.300831935953155, 10.208261493113396 ], [ 78.301831341351146, 10.2083431277839 ], [ 78.303250475582516, 10.208560505398681 ], [ 78.303309432014586, 10.208569533768324 ], [ 78.303377579110361, 10.208579969615547 ], [ 78.303847743855343, 10.21091120235109 ], [ 78.30461433377944, 10.211065173250248 ], [ 78.306015340008358, 10.210898220407836 ], [ 78.307247646220176, 10.210044108339218 ], [ 78.307868609355268, 10.208991051900107 ], [ 78.307982838228469, 10.208032653878576 ], [ 78.308735836642356, 10.207969570111562 ], [ 78.309050679081437, 10.208154947269465 ], [ 78.309465767218043, 10.208589072248545 ], [ 78.311117852568856, 10.20828204478534 ], [ 78.311701966810986, 10.208345498926128 ], [ 78.312518704287527, 10.20872989603023 ], [ 78.313034328277467, 10.208607924670565 ], [ 78.313467913624066, 10.208838638653738 ], [ 78.313883108660178, 10.209304293846712 ], [ 78.314768097437053, 10.210479729270999 ], [ 78.313599559034017, 10.211876414184236 ], [ 78.312349244295703, 10.211812801612437 ], [ 78.311399726837038, 10.212987934251684 ], [ 78.309583661217616, 10.212476655147467 ], [ 78.309117722147704, 10.214194437612843 ], [ 78.309029546214376, 10.214744532894233 ], [ 78.30906036022526, 10.21477507333241 ], [ 78.30926809473641, 10.214980960631872 ], [ 78.309268131567322, 10.21498097124079 ], [ 78.310153407805075, 10.215225302439084 ], [ 78.310938347615519, 10.215053698887955 ], [ 78.31250372757512, 10.214638168689605 ], [ 78.313521325654222, 10.214914087322832 ], [ 78.314707720768496, 10.215411577124812 ], [ 78.315091143291326, 10.214991261889153 ], [ 78.315757451585341, 10.215054666067243 ], [ 78.317404793831457, 10.215100213666116 ], [ 78.318358667220949, 10.214666425566591 ], [ 78.320193310000448, 10.214097214599052 ], [ 78.320991706573807, 10.215367703124995 ], [ 78.320992358750701, 10.215368868336178 ], [ 78.321018199688183, 10.215415084250832 ], [ 78.32213677110019, 10.217415622385337 ], [ 78.322789087235321, 10.218780952616378 ], [ 78.322688505567911, 10.219834165823949 ], [ 78.323322631716849, 10.220562097025043 ], [ 78.324153011907612, 10.221719546229508 ], [ 78.325088372815728, 10.222736727120363 ], [ 78.325535420315177, 10.223618345086843 ], [ 78.326019046314698, 10.224499992432539 ], [ 78.326602972808942, 10.225386077017232 ], [ 78.327305676346697, 10.226172756219498 ], [ 78.32795353773632, 10.227289399702499 ], [ 78.327987120354933, 10.227337968971192 ], [ 78.328688146738031, 10.228351822027848 ], [ 78.328423344053505, 10.229170043392257 ], [ 78.3278388076032, 10.231167891441384 ], [ 78.327505518259727, 10.232157847585881 ], [ 78.327172169627474, 10.233089073921091 ], [ 78.325903162744723, 10.234526350980961 ], [ 78.3249353996043, 10.235782863681086 ], [ 78.32385348843907, 10.237238198678188 ], [ 78.323086639800138, 10.238214550395023 ], [ 78.32265299426642, 10.238942283871326 ], [ 78.322748603758725, 10.23981026256938 ], [ 78.322867013391274, 10.240755047407358 ], [ 78.322132257964199, 10.240895004749587 ], [ 78.321849274276659, 10.241527843269514 ], [ 78.321634458346111, 10.242581014606495 ], [ 78.321584043994065, 10.243435412222132 ], [ 78.3215976220296, 10.244642434603213 ], [ 78.321747594867958, 10.24772537165458 ], [ 78.321929727393496, 10.249596872292734 ], [ 78.325882250863231, 10.249412227396494 ], [ 78.326881862873748, 10.249150211950239 ], [ 78.328739501626174, 10.248354946132912 ], [ 78.329618043194273, 10.248489032240752 ], [ 78.32970184882376, 10.248501822590738 ], [ 78.32974812373898, 10.248508884730649 ], [ 78.329880367426924, 10.249372289157771 ], [ 78.330163081619872, 10.250208559290026 ], [ 78.329879985642918, 10.25109448102055 ], [ 78.329992327155722, 10.251480755202364 ], [ 78.330003161736357, 10.251603000035534 ], [ 78.330199440032658, 10.251824529228088 ], [ 78.330838271557099, 10.252118453885638 ], [ 78.331294606738268, 10.252701720759482 ], [ 78.33155918574225, 10.253253234368572 ], [ 78.331810147184868, 10.253949379206405 ], [ 78.331974251420974, 10.25493032291878 ], [ 78.33129430041275, 10.254545979989715 ], [ 78.330691908149518, 10.254279189180725 ], [ 78.329884176283699, 10.253772812781209 ], [ 78.329176740421047, 10.253555662365077 ], [ 78.329094616437786, 10.253863086260097 ], [ 78.329121554218219, 10.25604647620556 ], [ 78.328204207226491, 10.255775102430205 ], [ 78.327747799281752, 10.255657501781037 ], [ 78.327733931988732, 10.256810183913201 ], [ 78.327774880792632, 10.257985544174034 ], [ 78.327610318415736, 10.259224084158019 ], [ 78.327623733856186, 10.260679667741016 ], [ 78.327582423031203, 10.261764540894823 ], [ 78.327691710272063, 10.263622526200948 ], [ 78.328020272680476, 10.264169601089321 ], [ 78.328631589706035, 10.26520039719955 ], [ 78.329229354747241, 10.266118052633159 ], [ 78.329758730147546, 10.266945424191574 ], [ 78.330310834721175, 10.267858636355802 ], [ 78.330534343648694, 10.268532241636592 ], [ 78.329493848411303, 10.268016711095097 ], [ 78.329480003576137, 10.268622495879065 ], [ 78.329589501022724, 10.269282422562435 ], [ 78.32953454568694, 10.270069023747894 ], [ 78.330424529096774, 10.270507691324491 ], [ 78.330282995930517, 10.270968674627614 ], [ 78.329977020761589, 10.271750678780096 ], [ 78.329739529556676, 10.272329322829131 ], [ 78.329561478975776, 10.272641195795043 ], [ 78.328908926583708, 10.27196748877757 ], [ 78.328114844618639, 10.271298306875298 ], [ 78.327576239028787, 10.271786463316552 ], [ 78.327101384179727, 10.272211357087501 ], [ 78.327101294348182, 10.272536802698035 ], [ 78.327379707407559, 10.272907461103705 ], [ 78.328128087582584, 10.273956468256124 ], [ 78.328141750059729, 10.274241187637076 ], [ 78.32803208013658, 10.274937346405268 ], [ 78.328228254228321, 10.275118220681341 ], [ 78.328725749317513, 10.275430149233552 ], [ 78.329670398805646, 10.276008957140924 ], [ 78.329894117938949, 10.276266587392309 ], [ 78.330062718243056, 10.277297352022465 ], [ 78.330117505593932, 10.277866928584089 ], [ 78.329921218314468, 10.277970931888195 ], [ 78.329350684802776, 10.278088294427871 ], [ 78.329104225716378, 10.277789909865559 ], [ 78.32860225522046, 10.277206708687737 ], [ 78.32818700179385, 10.276759025747245 ], [ 78.328004201820036, 10.277233671257449 ], [ 78.327839821801163, 10.278164924157631 ], [ 78.328113610333446, 10.278305059418562 ], [ 78.328003907172615, 10.279145868794961 ], [ 78.327419784845645, 10.279077895312058 ], [ 78.327323870824443, 10.279222660021404 ], [ 78.327364787289, 10.279737910654076 ], [ 78.327615882580602, 10.27986448626276 ], [ 78.328309634406551, 10.28002290325283 ], [ 78.329039886579096, 10.28015857932559 ], [ 78.329792980214378, 10.280637959164032 ], [ 78.329614859564899, 10.280913690410008 ], [ 78.328683580601421, 10.281944149962872 ], [ 78.327852579674811, 10.283015279079599 ], [ 78.327615348981325, 10.282888726830716 ], [ 78.327099553413177, 10.282603837580867 ], [ 78.326670539593025, 10.282630926969775 ], [ 78.32599042868469, 10.282694070127134 ], [ 78.325460985910752, 10.282730175159319 ], [ 78.32551564929409, 10.283313301616317 ], [ 78.32582118518684, 10.284407360193116 ], [ 78.325989963357372, 10.285144214288746 ], [ 78.326044748013288, 10.285117019049768 ], [ 78.327254334933258, 10.285004218179816 ], [ 78.327779235825119, 10.284922987739925 ], [ 78.328518744238366, 10.284859790227587 ], [ 78.328824551422343, 10.285131108991076 ], [ 78.329436040026124, 10.28584089526735 ], [ 78.329709925576466, 10.286252266257435 ], [ 78.329070800302972, 10.28606231562617 ], [ 78.328532135424325, 10.286152740753421 ], [ 78.328737246854828, 10.288286367611398 ], [ 78.328832930009, 10.289253738166979 ], [ 78.329681943055377, 10.289253876934426 ], [ 78.331156291337351, 10.289186347561966 ], [ 78.33218333879492, 10.289073472133287 ], [ 78.333406773245017, 10.288748168185206 ], [ 78.33429691475834, 10.288413789194028 ], [ 78.334949620762316, 10.288052335069175 ], [ 78.33584878585269, 10.288197071799919 ], [ 78.336921470421672, 10.288016430400777 ], [ 78.337975993750533, 10.287564488368899 ], [ 78.338866094839688, 10.287049299118911 ], [ 78.338888160158035, 10.287080762424631 ], [ 78.339281442589424, 10.287641539174812 ], [ 78.339892913226905, 10.288749134255664 ], [ 78.339851805421191, 10.288984163286445 ], [ 78.339741193165295, 10.289073266191684 ], [ 78.339116790381013, 10.289576253873756 ], [ 78.338349959708381, 10.290077908766996 ], [ 78.337573862015304, 10.290683479780478 ], [ 78.33676581843406, 10.291497138402002 ], [ 78.335975999873355, 10.292193214055342 ], [ 78.335752235824287, 10.293047546603876 ], [ 78.335916393060984, 10.293815987231023 ], [ 78.335387016762382, 10.293580868994081 ], [ 78.335277437569076, 10.293711970585408 ], [ 78.335752073229216, 10.294512150573082 ], [ 78.336792465160372, 10.296148681315669 ], [ 78.337801252563168, 10.296442679660386 ], [ 78.339065678037954, 10.29670498558759 ], [ 78.338992574038457, 10.297012395797449 ], [ 78.33871389507776, 10.298300692586382 ], [ 78.338618145448251, 10.298382035365959 ], [ 78.337892378563907, 10.298097144193337 ], [ 78.336769477272242, 10.297658545876091 ], [ 78.335669369832573, 10.297450439957988 ], [ 78.334656104328062, 10.297178985951907 ], [ 78.334560231629368, 10.297296557008954 ], [ 78.334852288301278, 10.297979223432293 ], [ 78.335062118582002, 10.298458372036203 ], [ 78.334989071176338, 10.298639196598986 ], [ 78.334350076158529, 10.298571316582166 ], [ 78.333738513892897, 10.298431109004923 ], [ 78.333405364686627, 10.297644468868 ], [ 78.333099497315544, 10.297617280893256 ], [ 78.332446743700856, 10.297449987428783 ], [ 78.332168400710074, 10.297025025975717 ], [ 78.331908289926304, 10.296536698193316 ], [ 78.331547673831921, 10.296803332245679 ], [ 78.330671214558649, 10.296907232971678 ], [ 78.330059442985529, 10.297074393263109 ], [ 78.329917895446229, 10.297567086411135 ], [ 78.329406701947278, 10.297783955577305 ], [ 78.329379179363599, 10.298430375414924 ], [ 78.329808160844351, 10.298507282152318 ], [ 78.330600161412931, 10.29864579978833 ], [ 78.331127314381206, 10.298737996948887 ], [ 78.332200095069936, 10.298702035162968 ], [ 78.332976040947713, 10.298855889143217 ], [ 78.333058114625359, 10.299348621932099 ], [ 78.333249727072072, 10.300365722180551 ], [ 78.33324973336029, 10.300365756650258 ], [ 78.333413913054883, 10.301152358179738 ], [ 78.333386373403229, 10.302083567904246 ], [ 78.333623621164676, 10.303141312867091 ], [ 78.333623634639409, 10.303141377386703 ], [ 78.333847287297402, 10.303322207217846 ], [ 78.333920397585104, 10.303468544627096 ], [ 78.334143980174488, 10.303916063291698 ], [ 78.334303549715045, 10.304235452933414 ], [ 78.334928681033048, 10.30568208188742 ], [ 78.335740941306213, 10.307531054577609 ], [ 78.336007537028024, 10.308169642374994 ], [ 78.336188218774382, 10.308602431775427 ], [ 78.336355904593503, 10.309007776399287 ], [ 78.336603404827343, 10.309606051423019 ], [ 78.337018653762371, 10.310808627403897 ], [ 78.336991214722019, 10.311066253985127 ], [ 78.335936763258346, 10.311206192566154 ], [ 78.335977768656136, 10.3117984323226 ], [ 78.336036907446257, 10.313055085104724 ], [ 78.336205599378488, 10.314216865008241 ], [ 78.336393294272256, 10.315018250576376 ], [ 78.336456532075005, 10.315288250393811 ], [ 78.3365385859897, 10.31595734959806 ], [ 78.336606942392947, 10.316951787957054 ], [ 78.336857757410129, 10.318407449135471 ], [ 78.33695351332787, 10.319248232891775 ], [ 78.337094909950196, 10.320238299387196 ], [ 78.336314188628364, 10.321038216689017 ], [ 78.336314167068792, 10.321038245853762 ], [ 78.336510333075694, 10.321960453834844 ], [ 78.33684348497691, 10.322737978966515 ], [ 78.337272481729045, 10.323456841739976 ], [ 78.33755082382153, 10.324415228613484 ], [ 78.337676259177897, 10.324955425762351 ], [ 78.337801687347763, 10.325495647612589 ], [ 78.337774557327862, 10.325514827132281 ], [ 78.337705861361457, 10.325563355677644 ], [ 78.337685711251325, 10.325574494679417 ], [ 78.336651188912242, 10.326146363113173 ], [ 78.335057817448387, 10.327475199065608 ], [ 78.334774664877585, 10.328106499564111 ], [ 78.334642236136702, 10.328401755710473 ], [ 78.33438235442334, 10.329045935113237 ], [ 78.334126141429564, 10.329681037909443 ], [ 78.333779086302698, 10.330725242072816 ], [ 78.333281284888017, 10.331846184052939 ], [ 78.332861209304951, 10.332311692599772 ], [ 78.332861185948758, 10.332311724414733 ], [ 78.332363616299418, 10.332528697790304 ], [ 78.331418621858191, 10.332609875302584 ], [ 78.330957460028984, 10.332763536845434 ], [ 78.330651472283634, 10.333405306173269 ], [ 78.330459578664218, 10.334562556853744 ], [ 78.33041605888198, 10.335026009330877 ], [ 78.330358996996807, 10.335633835814495 ], [ 78.330365813413195, 10.335923206263555 ], [ 78.330372629829569, 10.336212559655047 ], [ 78.330600767775721, 10.336578859704197 ], [ 78.33080619361661, 10.336908694641723 ], [ 78.330915633571038, 10.337207038240182 ], [ 78.330847054385615, 10.337591276918133 ], [ 78.329952264090679, 10.337939216702855 ], [ 78.329007195089289, 10.338287096008402 ], [ 78.328409022212952, 10.33884303770775 ], [ 78.327783521687337, 10.339177480681563 ], [ 78.327381780719236, 10.339218058860304 ], [ 78.326980010106723, 10.338960297151543 ], [ 78.326628669117653, 10.338544386357485 ], [ 78.326007901815274, 10.33755431741791 ], [ 78.325409921178419, 10.337192557366722 ], [ 78.324978555568904, 10.337095282925919 ], [ 78.324799126074012, 10.3370548211259 ], [ 78.324547189959361, 10.336998007571239 ], [ 78.3239901707028, 10.337219439685873 ], [ 78.323405655812039, 10.337928990151156 ], [ 78.32292153034922, 10.338905366285807 ], [ 78.322378162790059, 10.339474850024077 ], [ 78.321752523025594, 10.340546089254547 ], [ 78.321487553254443, 10.341459139424625 ], [ 78.321282005242736, 10.342272756058451 ], [ 78.320921205892006, 10.342864985024612 ], [ 78.320327662932641, 10.343163082593184 ], [ 78.320144972553322, 10.343809559435831 ], [ 78.320103757848088, 10.344311294036533 ], [ 78.320035071763115, 10.345179172923158 ], [ 78.319797600321152, 10.345807482716934 ], [ 78.319382123214041, 10.346078599608429 ], [ 78.318811251037516, 10.346607366746273 ], [ 78.318601068617241, 10.347213132984745 ], [ 78.318240330351955, 10.347936276096139 ], [ 78.317838445653379, 10.348722771915535 ], [ 78.317290516449233, 10.34896684856227 ], [ 78.316897870025045, 10.349005380590874 ], [ 78.316824865738525, 10.349012544756924 ], [ 78.316509773567773, 10.349043464578241 ], [ 78.315551016936425, 10.349043240118124 ], [ 78.314637921670922, 10.34946794925817 ], [ 78.314245207873114, 10.349829597073066 ], [ 78.313884440861756, 10.350254395285777 ], [ 78.313510031136147, 10.350448775149198 ], [ 78.313121859220445, 10.350566152207675 ], [ 78.312400572234395, 10.35047556177757 ], [ 78.311565220766866, 10.350149920102316 ], [ 78.310926035306238, 10.350072932319604 ], [ 78.310314253851672, 10.350217439927565 ], [ 78.309661270268251, 10.350592445723153 ], [ 78.308853117092582, 10.350940402026508 ], [ 78.307967285695966, 10.351622815051378 ], [ 78.307405623946053, 10.352223910129808 ], [ 78.306903311192002, 10.352467807314204 ], [ 78.30646047499458, 10.352350260414807 ], [ 78.305433350281859, 10.352042603832887 ], [ 78.304794163024596, 10.352168979818 ], [ 78.30454292310425, 10.352855971221107 ], [ 78.304410343446435, 10.353271824167669 ], [ 78.304268795008781, 10.353466244578238 ], [ 78.303962833314586, 10.353583754828129 ], [ 78.30313186742228, 10.353759749270118 ], [ 78.30260227732461, 10.353863637366288 ], [ 78.302378489021024, 10.354071462941954 ], [ 78.302268872098495, 10.354469255272786 ], [ 78.302058648355697, 10.355192546905627 ], [ 78.301725313198162, 10.355608339314287 ], [ 78.301154368258111, 10.356236446181562 ], [ 78.300629251770559, 10.356701946837159 ], [ 78.299862059076901, 10.357293889648204 ], [ 78.299236424702315, 10.357669007161883 ], [ 78.298610927769985, 10.358134472994324 ], [ 78.297985296090374, 10.35839195208186 ], [ 78.297515056785201, 10.358405347708093 ], [ 78.296944286118318, 10.358585947804908 ], [ 78.296387391727606, 10.358712452820214 ], [ 78.296012805033897, 10.359010616627465 ], [ 78.295569928412291, 10.359408403575117 ], [ 78.295428231752638, 10.359991407368657 ], [ 78.29519527165003, 10.360235558309574 ], [ 78.29477062274384, 10.36031673307374 ], [ 78.294131475012463, 10.360330147174746 ], [ 78.293464843324955, 10.360664520409172 ], [ 78.292364298405744, 10.361202134086778 ], [ 78.291711272601532, 10.361757878771373 ], [ 78.291519251421349, 10.362621258368771 ], [ 78.291295469405981, 10.363177186105332 ], [ 78.290669593384607, 10.364257448721107 ], [ 78.290500587041976, 10.364619044129419 ], [ 78.28973781136456, 10.365382743980987 ], [ 78.288915930134706, 10.365952144300572 ], [ 78.288427191822933, 10.366417470583073 ], [ 78.287746732368234, 10.366946229929068 ], [ 78.287052657148791, 10.367370969599815 ], [ 78.286678083929843, 10.367877190776635 ], [ 78.286426871857273, 10.368405955610969 ], [ 78.286371823994969, 10.369255757365128 ], [ 78.286084079236431, 10.369703261847471 ], [ 78.285819118448416, 10.370037660422597 ], [ 78.285038224650037, 10.370412601855374 ], [ 78.284166115019403, 10.370782975304719 ], [ 78.282942487431541, 10.370773530078083 ], [ 78.282522401068704, 10.370927091631327 ], [ 78.282398983328449, 10.371365590335127 ], [ 78.282247986410667, 10.372102364363652 ], [ 78.282051650622151, 10.372256011861388 ], [ 78.281663564046355, 10.372359880570347 ], [ 78.280718414196599, 10.372459032400545 ], [ 78.279618029177527, 10.372485762362158 ], [ 78.279339472387704, 10.372639432646166 ], [ 78.279494570114764, 10.37324517331383 ], [ 78.27964500199225, 10.373905263192515 ], [ 78.279685966965857, 10.37443405407446 ], [ 78.279521336316989, 10.374899576287296 ], [ 78.279356239442507, 10.375234545436388 ], [ 78.279338635157885, 10.375270260766035 ], [ 78.279064458553364, 10.375993519392898 ], [ 78.279066586662253, 10.376216330697577 ], [ 78.279068817179123, 10.376449992744849 ], [ 78.279059703770571, 10.376490753427404 ], [ 78.278830909155928, 10.377928142644917 ], [ 78.278209256114678, 10.379935004409864 ], [ 78.278044761111417, 10.380499997307744 ], [ 78.277583055801458, 10.382149803386563 ], [ 78.27720373678288, 10.383189375911977 ], [ 78.277206637442916, 10.38319609307581 ], [ 78.277300052351009, 10.383412523162324 ], [ 78.277513992424119, 10.383908192913349 ], [ 78.277842473085855, 10.384609005779751 ], [ 78.278485789898468, 10.385911132011152 ], [ 78.278732142983685, 10.386675123619915 ], [ 78.279142838358553, 10.387588408702136 ], [ 78.279622070697997, 10.388248487749863 ], [ 78.28036152072076, 10.389030755971891 ], [ 78.281315446212531, 10.389790446610066 ], [ 78.282023079704572, 10.390274386379067 ], [ 78.283068569574908, 10.390704177634106 ], [ 78.284465617826683, 10.391088879086501 ], [ 78.285880989913636, 10.391487102394819 ], [ 78.286387732260323, 10.39181727625574 ], [ 78.286958309789469, 10.392332753122322 ], [ 78.28763383389996, 10.393345581274737 ], [ 78.287816240411686, 10.394109482254381 ], [ 78.288048837594928, 10.394936872177599 ], [ 78.288045546167737, 10.395005809310748 ], [ 78.288044593953515, 10.395025746215516 ], [ 78.288035024200809, 10.395226141019375 ], [ 78.288048394725507, 10.396351721592122 ], [ 78.288061777826584, 10.397423003069417 ], [ 78.288002120708583, 10.398349741655265 ], [ 78.287827498997132, 10.402115240877738 ], [ 78.289105925613939, 10.402472639823769 ], [ 78.292365901898535, 10.40338671543376 ], [ 78.293781369206883, 10.403771365920095 ], [ 78.296566531066617, 10.404558698611682 ], [ 78.297091519095062, 10.404830110957585 ], [ 78.297703321210903, 10.405300389943603 ], [ 78.298675725048071, 10.406087132106475 ], [ 78.299177954258766, 10.406363003229112 ], [ 78.299680184367816, 10.406638873224242 ], [ 78.300511124209009, 10.406896779769802 ], [ 78.301743931680747, 10.407141175937147 ], [ 78.303250761246758, 10.407412813105291 ], [ 78.303926342849451, 10.408226586965943 ], [ 78.30478904083084, 10.409569394941053 ], [ 78.306035256556541, 10.411038848849342 ], [ 78.306815854809187, 10.412155632581397 ], [ 78.306861304172656, 10.412942236410419 ], [ 78.307121212835511, 10.414443051626165 ], [ 78.307212339734562, 10.415500816845212 ], [ 78.307307740817748, 10.41736778811805 ], [ 78.307307559358037, 10.418217613952901 ], [ 78.307243327120275, 10.419203056959706 ], [ 78.307119835718197, 10.420446219904436 ], [ 78.306996215856984, 10.421757051895357 ], [ 78.306813405103384, 10.422245205826515 ], [ 78.306475264857426, 10.423230598987145 ], [ 78.307182841755576, 10.42387262008662 ], [ 78.307931521069548, 10.425021032582766 ], [ 78.308684733282476, 10.425993123182941 ], [ 78.308988643224552, 10.426432218653149 ], [ 78.30900011920231, 10.426448799850027 ], [ 78.310236800209566, 10.428235567064254 ], [ 78.310515324660017, 10.428877496564647 ], [ 78.310743523691642, 10.429374803610006 ], [ 78.3111451379973, 10.430233796273065 ], [ 78.311697553387987, 10.43134586238603 ], [ 78.312222292583144, 10.432503230388464 ], [ 78.312295246563977, 10.433520459333989 ], [ 78.312281402627136, 10.433963418162087 ], [ 78.312482259636454, 10.434605327013553 ], [ 78.312728638772811, 10.435260809746103 ], [ 78.312885516960748, 10.435605164433138 ], [ 78.313033209874959, 10.435929357403493 ], [ 78.313042334961594, 10.43594938622072 ], [ 78.313340330395846, 10.436603495001419 ], [ 78.313426406068061, 10.436761414042614 ], [ 78.313591677215712, 10.437064592014663 ], [ 78.313988486432919, 10.437792531920147 ], [ 78.315093283976637, 10.439460821418667 ], [ 78.314639399399553, 10.439763549736375 ], [ 78.314280297864755, 10.440003047039156 ], [ 78.312302578613327, 10.441336135331408 ], [ 78.311274941860887, 10.44199136888373 ], [ 78.310320296818574, 10.442520086761578 ], [ 78.308255967397372, 10.443550287091462 ], [ 78.307287683234051, 10.443902608230381 ], [ 78.307287642809882, 10.443902625899035 ], [ 78.306008785900033, 10.444503550422665 ], [ 78.306008741882621, 10.444503568974712 ], [ 78.303702280559691, 10.445488410177379 ], [ 78.300783649710013, 10.447196435402866 ], [ 78.299815368241696, 10.447810928215143 ], [ 78.298509019290904, 10.448538375628425 ], [ 78.297508629339362, 10.449424173005648 ], [ 78.296894636232537, 10.449969028841387 ], [ 78.296398581142782, 10.450409238018196 ], [ 78.295475884683526, 10.450879079776112 ], [ 78.294905061016024, 10.450991961377014 ], [ 78.294092182701945, 10.451177055699524 ], [ 78.294092138684491, 10.451177062766805 ], [ 78.292831628067688, 10.451262667153113 ], [ 78.291553759304676, 10.451348052429724 ], [ 78.291484412059674, 10.451352685923551 ], [ 78.290855769227221, 10.451868308987319 ], [ 78.290547907596235, 10.452120824600604 ], [ 78.290547874358566, 10.452120854636503 ], [ 78.289899200891895, 10.45272188340916 ], [ 78.289899182925581, 10.452721904610939 ], [ 78.289259112624379, 10.452944593059087 ], [ 78.289159252304131, 10.452979336573367 ], [ 78.288501651380187, 10.452992721071972 ], [ 78.287719499042097, 10.452763398267539 ], [ 78.287282363553487, 10.452635231703228 ], [ 78.287007214073526, 10.452601891885779 ], [ 78.286684122405163, 10.452562741006012 ], [ 78.285743239553014, 10.452792980052196 ], [ 78.284743116401117, 10.452923770270553 ], [ 78.284743070587027, 10.452923779988026 ], [ 78.283427684584481, 10.453289505019605 ], [ 78.282614779320951, 10.453361631583931 ], [ 78.281212627740047, 10.453691190387291 ], [ 78.280061680146915, 10.453830896429519 ], [ 78.279032543207961, 10.453973237603435 ], [ 78.27839924979726, 10.454060827110951 ], [ 78.277822734404097, 10.454076319364479 ], [ 78.277399067356555, 10.45408769318874 ], [ 78.276398783406236, 10.454430968700988 ], [ 78.27532087962544, 10.454787662707698 ], [ 78.274733423650446, 10.455054420789542 ], [ 78.274256565558289, 10.455270954680952 ], [ 78.273201505935191, 10.455614192665735 ], [ 78.272109804031658, 10.456056757814455 ], [ 78.270908499578624, 10.456598862600901 ], [ 78.269784896702703, 10.457014322890366 ], [ 78.268720653602443, 10.457529210403067 ], [ 78.267940982411176, 10.457904733905034 ], [ 78.267313681661747, 10.458206835594808 ], [ 78.266404738409506, 10.458604270790415 ], [ 78.265871633204156, 10.458768009027812 ], [ 78.265846901686061, 10.458775605302559 ], [ 78.265463878913536, 10.4588932472724 ], [ 78.26515471292872, 10.458969165811252 ], [ 78.264710218441294, 10.459078313033402 ], [ 78.264353162370384, 10.459168765048895 ], [ 78.263819558600048, 10.459303938607629 ], [ 78.26344741532391, 10.459436027314547 ], [ 78.262928836775018, 10.459620090106421 ], [ 78.261695534331551, 10.460103328620226 ], [ 78.260325286417967, 10.460559356345932 ], [ 78.259448309715125, 10.460744340725382 ], [ 78.258870161184774, 10.460921964636182 ], [ 78.258096394619855, 10.461159682392893 ], [ 78.255981584371227, 10.461615426767308 ], [ 78.254981257301793, 10.461813970428457 ], [ 78.253012682899936, 10.462382716741155 ], [ 78.252195020158666, 10.462712371972533 ], [ 78.251992571334654, 10.462874913714227 ], [ 78.251733642733797, 10.463082785926852 ], [ 78.25173362207255, 10.463082825678875 ], [ 78.251258335133812, 10.463738114941323 ], [ 78.250641573419315, 10.464379753800312 ], [ 78.250460678772228, 10.46457349367164 ], [ 78.250148027324101, 10.464908348758842 ], [ 78.249873872279196, 10.465152352188838 ], [ 78.249334889396906, 10.465522816232072 ], [ 78.249334860650819, 10.465522837432962 ], [ 78.248887084617664, 10.465852587381704 ], [ 78.247391207311594, 10.467096730712621 ], [ 78.246370308822122, 10.467945807562401 ], [ 78.241961001013578, 10.468813663245035 ], [ 78.239720920698602, 10.469254507331001 ], [ 78.236638245799938, 10.469594558585852 ], [ 78.234227961688077, 10.470226218402063 ], [ 78.234030592837001, 10.470277943417361 ], [ 78.23403055600609, 10.470277946067412 ], [ 78.233135433334482, 10.47021045311392 ], [ 78.232843796175786, 10.470067409168381 ], [ 78.2320208423575, 10.469663758323929 ], [ 78.231284879594668, 10.467584688002461 ], [ 78.228434706657822, 10.466704063331299 ], [ 78.227493920823704, 10.466867073816285 ], [ 78.223958569582052, 10.465697310274628 ], [ 78.223772005667186, 10.465680558914398 ], [ 78.223355712889813, 10.465643179076318 ], [ 78.221423932583718, 10.466023477089827 ], [ 78.220687073302216, 10.466074570313435 ], [ 78.218870974445139, 10.466200481386387 ], [ 78.218159725234088, 10.466470301130537 ], [ 78.217583176603284, 10.4666890195757 ], [ 78.217562041041276, 10.466765402625175 ], [ 78.217259194704511, 10.467859915383858 ], [ 78.217178366091858, 10.468576312649024 ], [ 78.217063341311317, 10.46959576790522 ], [ 78.215113584818056, 10.471354733400638 ], [ 78.215113553377023, 10.471354763434706 ], [ 78.214410613582359, 10.472959681285582 ], [ 78.213282730234127, 10.473669655426319 ], [ 78.211812147689827, 10.473687006148225 ], [ 78.210675246154466, 10.47370041272054 ], [ 78.20976138642267, 10.473711170131816 ], [ 78.207724335243356, 10.473557969295632 ], [ 78.20653699060982, 10.473996737836 ], [ 78.20606724537808, 10.477043623800876 ], [ 78.205594580621664, 10.477075352432349 ], [ 78.204783912163194, 10.477129749285968 ], [ 78.204783899586758, 10.477129789919525 ], [ 78.20361082019997, 10.480330458318187 ], [ 78.20350025465649, 10.480333928918057 ], [ 78.202304595216688, 10.480371465983715 ], [ 78.202265690080054, 10.48048133176809 ], [ 78.20210237636141, 10.480942518185225 ], [ 78.201966808906946, 10.481325346706395 ], [ 78.201966790042292, 10.481325384689445 ], [ 78.200396829573066, 10.481459759778437 ], [ 78.199902410315417, 10.48150208168309 ], [ 78.199902369891248, 10.48150207903314 ], [ 78.200131593002268, 10.485276576603553 ], [ 78.201657198256058, 10.485791592073479 ], [ 78.202132295650273, 10.486151359261887 ], [ 78.202611983435546, 10.486514600979334 ], [ 78.202611967265867, 10.486514624828711 ], [ 78.200365333740891, 10.488987771203353 ], [ 78.200365310384711, 10.488987797702462 ], [ 78.200296586570531, 10.489065039125837 ], [ 78.197054682592807, 10.492708757658217 ], [ 78.19578514570405, 10.493626625683534 ], [ 78.195785115161314, 10.493626650415679 ], [ 78.19379404874141, 10.495380993207482 ], [ 78.193402500058511, 10.496156262167295 ], [ 78.19326437240548, 10.496429782386171 ], [ 78.193236003608817, 10.496512391428098 ], [ 78.191725952684209, 10.500909786600447 ], [ 78.187596105370631, 10.50143745095126 ], [ 78.187536017061277, 10.501445128323597 ], [ 78.187470248704386, 10.501453529976148 ], [ 78.18631386899871, 10.502061484147891 ], [ 78.184760444717227, 10.502359016917049 ], [ 78.184247203059442, 10.502457313827026 ], [ 78.183975347701619, 10.50250937969704 ], [ 78.183736480277702, 10.502149849701118 ], [ 78.183660057901534, 10.502034811249246 ], [ 78.181499590778614, 10.502243117358191 ], [ 78.181499562930838, 10.502243119124721 ], [ 78.181499629406161, 10.502485335436106 ], [ 78.181499692288213, 10.502722195437943 ], [ 78.181499664440452, 10.502722198087753 ], [ 78.180819407106725, 10.502829968780887 ], [ 78.180156790888532, 10.502934941254415 ], [ 78.179872406727455, 10.502725067816138 ], [ 78.179871506615555, 10.502724403600764 ], [ 78.179617804412985, 10.502537171652349 ], [ 78.179617760395573, 10.502537183134802 ], [ 78.17926704822716, 10.502615002362839 ], [ 78.176274346790734, 10.503279031774005 ], [ 78.176274336909273, 10.503279006159357 ], [ 78.176077859186947, 10.502750151661408 ], [ 78.175506541446026, 10.502955835759304 ], [ 78.173364784433858, 10.503726869029833 ], [ 78.173364791620372, 10.503726911426412 ], [ 78.173399743271432, 10.503885742255219 ], [ 78.173411072823797, 10.50393723111473 ], [ 78.173680101183407, 10.505159843019097 ], [ 78.17561341042213, 10.513323430690912 ], [ 78.175687986760394, 10.513629235580968 ], [ 78.176614381583661, 10.517427806213691 ], [ 78.179323053693551, 10.517110990400738 ], [ 78.179384117573335, 10.517163306402461 ], [ 78.179736903053367, 10.517465549866325 ], [ 78.181981889068126, 10.519388901435089 ], [ 78.183764258881212, 10.520620632284363 ], [ 78.184892005685541, 10.521399974862291 ], [ 78.184892036228248, 10.521399996059365 ], [ 78.184763231291228, 10.521634814583098 ], [ 78.184718451172643, 10.521716452417808 ], [ 78.185637435793154, 10.522795581332614 ], [ 78.185711465955677, 10.52288251368887 ], [ 78.185740178807151, 10.522916231898286 ], [ 78.186061725373193, 10.523293814297391 ], [ 78.186345825666649, 10.528193860356337 ], [ 78.186355543641383, 10.528284908631907 ], [ 78.186461921239001, 10.529281593595877 ], [ 78.186574513381757, 10.530336507335875 ], [ 78.188073933643309, 10.532219661036359 ], [ 78.188201156647125, 10.532379443400224 ], [ 78.188201177308343, 10.532379464596534 ], [ 78.188576128718083, 10.534522053332685 ], [ 78.188638125049096, 10.534695394750672 ], [ 78.188946336124729, 10.535557136956015 ], [ 78.189417077588146, 10.536732095012669 ], [ 78.190107168779306, 10.538454544681503 ], [ 78.192759756371061, 10.539553094849248 ], [ 78.193565536197767, 10.53988680009012 ], [ 78.1935655748253, 10.539886825701727 ], [ 78.193697437627534, 10.540018863203025 ], [ 78.193935674434172, 10.540257414780134 ], [ 78.194903693594441, 10.541491927189892 ], [ 78.195388740728745, 10.542110499201991 ], [ 78.195388771271453, 10.542110535411219 ], [ 78.197444869429717, 10.544279881134601 ], [ 78.198563031209957, 10.545326882652748 ], [ 78.200017367722353, 10.54668869782366 ] ] ] } }
]
}
