{
"type": "FeatureCollection",
"name": "kallakurichi_boundary",
"crs": { "type": "name", "properties": { "name": "urn:ogc:def:crs:OGC:1.3:CRS84" } },
"features": [
{ "type": "Feature", "properties": { "dtname": "Kallakurichi", "stname": "TAMIL NADU", "stcode11": "33", "dtcode11": "789", "year_stat": "201920", "objectid": 676, "test": 0, "dist_lgd": 729, "state_lgd": 33, "remarks": " ", "dist": "Kallakurichi", "st_area(shape)": 3679819087.962491, "st_length(shape)": 420346.81056368764 }, "geometry": { "type": "Polygon", "coordinates": [ [ [ 79.172629555655021, 12.030478403366656 ], [ 79.172566818213909, 12.030490691262676 ], [ 79.165471086870085, 12.031880501743817 ], [ 79.165471050039173, 12.031880541279982 ], [ 79.16073264083299, 12.035872156736771 ], [ 79.158799931668895, 12.035586388339992 ], [ 79.158624986563936, 12.035560520638548 ], [ 79.158624952427985, 12.035560516245692 ], [ 79.156097598071639, 12.037362250214507 ], [ 79.156065865084244, 12.037384869695554 ], [ 79.156008502263447, 12.037425762402034 ], [ 79.15460355422708, 12.038427308895956 ], [ 79.154547596371387, 12.03846720164327 ], [ 79.149652847966451, 12.042612324244661 ], [ 79.149652812033821, 12.042612352358105 ], [ 79.149419233890271, 12.042775414800138 ], [ 79.147490096427745, 12.044122152776751 ], [ 79.146649756615446, 12.043864561839833 ], [ 79.146649682055269, 12.043864514398564 ], [ 79.145086327796633, 12.042859162113746 ], [ 79.144225065323056, 12.042305303064261 ], [ 79.144225033881995, 12.04230528110061 ], [ 79.141543168398513, 12.040388898382004 ], [ 79.140623636704007, 12.03939144800195 ], [ 79.140014048037045, 12.038730198255402 ], [ 79.140014025579163, 12.038730168384397 ], [ 79.138539908164205, 12.036244281791976 ], [ 79.13823136561021, 12.035065349991639 ], [ 79.138229671387577, 12.035058874048653 ], [ 79.138228136166774, 12.035053008711968 ], [ 79.138123318942789, 12.034652503260313 ], [ 79.137644439641221, 12.032822669143785 ], [ 79.137580353828852, 12.032466434602156 ], [ 79.137571159571934, 12.03241532678026 ], [ 79.137565866698267, 12.0323859014063 ], [ 79.136432081418633, 12.026083435199734 ], [ 79.13464130427279, 12.024736514576054 ], [ 79.13237760814728, 12.023181691633775 ], [ 79.131332698588594, 12.022503139936024 ], [ 79.130380104400061, 12.021884527306307 ], [ 79.128747211555307, 12.020858626311162 ], [ 79.1279062087863, 12.02033024580437 ], [ 79.125430361133411, 12.018774698014061 ], [ 79.124498525214463, 12.018886001161691 ], [ 79.123690166324593, 12.018982561848176 ], [ 79.122227787195484, 12.01971109573479 ], [ 79.11957133864459, 12.021034452429408 ], [ 79.119304980976366, 12.021811888800892 ], [ 79.117449585317161, 12.023087628584149 ], [ 79.112617533030843, 12.026409934996261 ], [ 79.112541075620385, 12.026462496283136 ], [ 79.112541043281027, 12.026462512976506 ], [ 79.109550983789845, 12.022946008978487 ], [ 79.109520049404722, 12.022909626611629 ], [ 79.109520032336746, 12.02290960376774 ], [ 79.108935018880985, 12.02216162342248 ], [ 79.107091256404729, 12.019804235656295 ], [ 79.105528191403621, 12.020469373268497 ], [ 79.103321345160893, 12.021408420266878 ], [ 79.103261900943593, 12.021433141858598 ], [ 79.099334317401087, 12.023066560403533 ], [ 79.099351676445664, 12.023161175227211 ], [ 79.099340183399889, 12.023166256225132 ], [ 79.099340151958856, 12.023166280826175 ], [ 79.099389525163502, 12.023538476183649 ], [ 79.099537413910426, 12.02465333007255 ], [ 79.099537436368323, 12.024653352916285 ], [ 79.099458215740029, 12.024657680921969 ], [ 79.09598798157667, 12.024847260858365 ], [ 79.096249517986777, 12.026723054231862 ], [ 79.096249518885116, 12.026723093768741 ], [ 79.095133720572406, 12.026786244730621 ], [ 79.095349666583516, 12.028099637637746 ], [ 79.095351440756232, 12.028110427641044 ], [ 79.095399783593223, 12.028404425851617 ], [ 79.094476812249511, 12.028788497782259 ], [ 79.094476814944457, 12.028788524139998 ], [ 79.094545511809201, 12.030017939845353 ], [ 79.091128978035186, 12.031183521748659 ], [ 79.090403680071418, 12.029759747611875 ], [ 79.09040366480005, 12.029759714225515 ], [ 79.086725564971502, 12.030599843179159 ], [ 79.086725535327105, 12.030599849329258 ], [ 79.086677297592999, 12.030138016299466 ], [ 79.086597119360633, 12.029370379176434 ], [ 79.078910050421456, 12.031502424403103 ], [ 79.078927816402853, 12.031561656645721 ], [ 79.080962395418481, 12.038345094165942 ], [ 79.081140265437995, 12.038938114312508 ], [ 79.078251508063062, 12.041138830230301 ], [ 79.078251508063062, 12.041138862736675 ], [ 79.078239457163534, 12.041232399368244 ], [ 79.07811815675241, 12.042173867160225 ], [ 79.077332906124894, 12.042237025034291 ], [ 79.077461076851321, 12.044180537959811 ], [ 79.077461073258078, 12.044180564316049 ], [ 79.076873296584509, 12.044243734017746 ], [ 79.076873266940098, 12.044243740167538 ], [ 79.07904024056063, 12.046897330383841 ], [ 79.079332820052045, 12.046451811617723 ], [ 79.079761388307787, 12.045799218771087 ], [ 79.079761410765684, 12.045799186265246 ], [ 79.080550941865539, 12.047092031403032 ], [ 79.080877457013429, 12.044633180176172 ], [ 79.083980222733402, 12.043008886343772 ], [ 79.084096794412886, 12.042947860879222 ], [ 79.084096822260634, 12.042947842429767 ], [ 79.084556094034482, 12.042559217024875 ], [ 79.087972608943872, 12.042433231746859 ], [ 79.088890717706974, 12.044376940045444 ], [ 79.0896805308778, 12.044440292437233 ], [ 79.090093757705134, 12.044761305421094 ], [ 79.090094691054716, 12.04476285340637 ], [ 79.09115075858756, 12.046514723374946 ], [ 79.092044864366272, 12.047997885963182 ], [ 79.092259349716755, 12.048599788658057 ], [ 79.092503931324217, 12.049286146916884 ], [ 79.092898209987268, 12.053751828876925 ], [ 79.092897901865129, 12.055433215803149 ], [ 79.094160190247848, 12.057364390438224 ], [ 79.09417437823943, 12.057386094596701 ], [ 79.094202821596298, 12.057425557577059 ], [ 79.094205239861026, 12.057428911679736 ], [ 79.095476995588555, 12.059193314103682 ], [ 79.096575680096777, 12.060717570736617 ], [ 79.097299107768123, 12.062756715561417 ], [ 79.098480796608627, 12.066087501261382 ], [ 79.098526536127935, 12.067888782564788 ], [ 79.098544831217026, 12.06860957192524 ], [ 79.098480552266849, 12.068934983423597 ], [ 79.096179424241797, 12.071004856385848 ], [ 79.095553376642215, 12.071787714814352 ], [ 79.095196413996078, 12.072234086633543 ], [ 79.093685172803703, 12.074028321912945 ], [ 79.091981526850518, 12.077249884674973 ], [ 79.091976286079159, 12.077259795148301 ], [ 79.090368634995542, 12.078525209892099 ], [ 79.090295118669317, 12.078583078974972 ], [ 79.090116038619144, 12.078724044663426 ], [ 79.090059917270068, 12.078768662627196 ], [ 79.088297137018358, 12.080170124781286 ], [ 79.08731286014806, 12.080655469597849 ], [ 79.086455311309848, 12.081078319246025 ], [ 79.085257414166705, 12.081051914825023 ], [ 79.08521526880682, 12.081050986335237 ], [ 79.084494826237176, 12.079729799206774 ], [ 79.082809538255148, 12.076639153025802 ], [ 79.081583789744897, 12.073899861028908 ], [ 79.080702222650928, 12.072751657611079 ], [ 79.079476087865132, 12.072529874228353 ], [ 79.078824211904461, 12.071241614246349 ], [ 79.077515292873656, 12.071182586655656 ], [ 79.07622963302218, 12.070052360612831 ], [ 79.075818752594387, 12.070052278916428 ], [ 79.07512289242247, 12.070052129578904 ], [ 79.075111980586726, 12.070028210979787 ], [ 79.074920885569583, 12.069609190649794 ], [ 79.074514899163461, 12.069670299652186 ], [ 79.074495648266932, 12.06967319768242 ], [ 79.073960972806447, 12.069753669618082 ], [ 79.073056262415818, 12.07005173866605 ], [ 79.071811545080024, 12.070697783368322 ], [ 79.071800201154616, 12.070686181628554 ], [ 79.070746314731309, 12.069608303407845 ], [ 79.067030901580807, 12.069932852806158 ], [ 79.067030868343124, 12.069932856319971 ], [ 79.06629267326683, 12.06998139102733 ], [ 79.065248969247236, 12.070050002837087 ], [ 79.06523389641508, 12.07001212557131 ], [ 79.065065476672359, 12.069588839426837 ], [ 79.064646199691595, 12.069671033163907 ], [ 79.063637047572755, 12.069868863404709 ], [ 79.063222611613085, 12.069868697376382 ], [ 79.063044600558058, 12.069868633249085 ], [ 79.06298444397676, 12.069716560081872 ], [ 79.06294678300678, 12.069621364311931 ], [ 79.062939087139739, 12.069601911751825 ], [ 79.062939079953196, 12.069601885398079 ], [ 79.062695918582207, 12.068639120704798 ], [ 79.063146060777825, 12.068377064370871 ], [ 79.062737447697785, 12.067834642004781 ], [ 79.062737424341606, 12.067834613015501 ], [ 79.062240942552037, 12.066226459197061 ], [ 79.061861042323443, 12.064995914429362 ], [ 79.062152163849163, 12.064604709254674 ], [ 79.062187268213833, 12.064557536965175 ], [ 79.061540816280854, 12.062298762750588 ], [ 79.061485263565388, 12.062104650807617 ], [ 79.061063062568365, 12.060629412842671 ], [ 79.061319103085609, 12.060619523716449 ], [ 79.061376371583265, 12.06061731168657 ], [ 79.061412038293327, 12.060615933340694 ], [ 79.06141207692086, 12.060615922798872 ], [ 79.062812884622076, 12.060021451842099 ], [ 79.064764827614752, 12.059193064612094 ], [ 79.06486626088504, 12.057764685434419 ], [ 79.065426500601887, 12.057690233750096 ], [ 79.065477037124822, 12.057683516766257 ], [ 79.065477075752369, 12.057683513252252 ], [ 79.065518402747045, 12.057439407965209 ], [ 79.065684126645579, 12.055893720087511 ], [ 79.065684132035486, 12.055893677919411 ], [ 79.06644309256788, 12.055543686758531 ], [ 79.066644015154239, 12.055451026589198 ], [ 79.066644064561586, 12.055451001991093 ], [ 79.06768657472017, 12.054863521277651 ], [ 79.068136778001204, 12.054203839119422 ], [ 79.068297651895548, 12.053679540726515 ], [ 79.068339202570684, 12.052852342745 ], [ 79.068770900556899, 12.052513525821437 ], [ 79.068770940082771, 12.052513494194944 ], [ 79.068455283770021, 12.051580840796959 ], [ 79.06836247522476, 12.051306627562534 ], [ 79.068116563212371, 12.050943315591914 ], [ 79.068115117823069, 12.050941180791868 ], [ 79.067747372698577, 12.050397866602509 ], [ 79.067747346647437, 12.050397888565524 ], [ 79.067702193727996, 12.050431566639672 ], [ 79.067689459210541, 12.05044106519996 ], [ 79.067177826435412, 12.050822710784006 ], [ 79.066525249788825, 12.051027026974021 ], [ 79.066153726350251, 12.051143348036957 ], [ 79.063926404807248, 12.051585689329157 ], [ 79.063854784824585, 12.051471951297318 ], [ 79.063724383581331, 12.051264866358974 ], [ 79.062780204810366, 12.05161941293713 ], [ 79.061956213437909, 12.0519288226914 ], [ 79.061956182895202, 12.051928832355069 ], [ 79.060486628921907, 12.052208654268167 ], [ 79.059731794351592, 12.050635413998 ], [ 79.059261216381572, 12.04965459609622 ], [ 79.058963617104382, 12.049609095642188 ], [ 79.058728543265858, 12.049573154389549 ], [ 79.058526859806491, 12.048325599612348 ], [ 79.058136503187967, 12.048284828923714 ], [ 79.057860770701424, 12.047965679997064 ], [ 79.057860625174328, 12.047965509562577 ], [ 79.057769302442566, 12.047859819076029 ], [ 79.057259958574775, 12.046539789678006 ], [ 79.056094215728876, 12.044021924424985 ], [ 79.056094196864265, 12.04402188225499 ], [ 79.054992882987193, 12.04146328843898 ], [ 79.054217199417437, 12.040152346108398 ], [ 79.052808414676491, 12.036834306276845 ], [ 79.052592853144304, 12.036628208100629 ], [ 79.052491636367975, 12.036531434108641 ], [ 79.052434764027339, 12.036542028731928 ], [ 79.050021042961177, 12.036991695823115 ], [ 79.048888921361439, 12.037360908648871 ], [ 79.048220862250929, 12.037578759669181 ], [ 79.047375068766556, 12.037745021374235 ], [ 79.047095766375037, 12.037799920932752 ], [ 79.043546023224181, 12.038011224561815 ], [ 79.043508061318576, 12.038121512038479 ], [ 79.043040442399132, 12.039480057421244 ], [ 79.0427139559973, 12.041007704762523 ], [ 79.041083481417303, 12.041857005738322 ], [ 79.041083444586363, 12.041857023309284 ], [ 79.041034234875099, 12.041881080595266 ], [ 79.040279718308398, 12.042249957246085 ], [ 79.03269247824845, 12.045714128214801 ], [ 79.02927981980659, 12.047561526816125 ], [ 79.028485619263904, 12.046896764609397 ], [ 79.02848558512791, 12.046896738253423 ], [ 79.0274800074056, 12.046756311940952 ], [ 79.027314644629811, 12.046475177965005 ], [ 79.027195457954548, 12.046272539824127 ], [ 79.027100155686043, 12.04607132827029 ], [ 79.027034861639606, 12.045933471240753 ], [ 79.025785706626323, 12.046376011759996 ], [ 79.025762663940966, 12.046503489572913 ], [ 79.025560242066419, 12.047623423611823 ], [ 79.02556020972709, 12.047623432397099 ], [ 79.024949317604637, 12.047822093297299 ], [ 79.02474259729145, 12.048002748616558 ], [ 79.025091101400861, 12.049141899394543 ], [ 79.025173555065834, 12.049847026771435 ], [ 79.023834437370141, 12.04997230136069 ], [ 79.022863577736942, 12.050063119405435 ], [ 79.022508416212943, 12.053945577012822 ], [ 79.022485047439162, 12.05400989174858 ], [ 79.022370475409488, 12.054325206709226 ], [ 79.021571256877635, 12.054727163102982 ], [ 79.021043057372026, 12.054989141413143 ], [ 79.020900527974092, 12.055391326101757 ], [ 79.021852876922551, 12.056966278792691 ], [ 79.022043258677343, 12.057281121160711 ], [ 79.022043279338604, 12.057281151029656 ], [ 79.022470362679201, 12.057321963397829 ], [ 79.022609536869538, 12.057535162392455 ], [ 79.023553471298726, 12.058981153047876 ], [ 79.02849848134214, 12.061279184825093 ], [ 79.030849578154871, 12.061962550160679 ], [ 79.031175548025388, 12.062224837657002 ], [ 79.031229451434029, 12.062588254700197 ], [ 79.03150070402225, 12.064417110233595 ], [ 79.031500729175107, 12.064417154157297 ], [ 79.028887318909497, 12.065243264061195 ], [ 79.028839118006303, 12.065212382265509 ], [ 79.028414423286037, 12.064940251770359 ], [ 79.026286133816583, 12.065389868648081 ], [ 79.02089598699034, 12.066528423779152 ], [ 79.020895974413932, 12.066528401817449 ], [ 79.020524454568616, 12.065420918211284 ], [ 79.020139279432669, 12.06534822120314 ], [ 79.019996400590088, 12.065321255645234 ], [ 79.019599121554009, 12.065406523583283 ], [ 79.01766321169255, 12.065822029577346 ], [ 79.017663188336357, 12.065822007615628 ], [ 79.017442356388358, 12.065397919836609 ], [ 79.017034602097752, 12.064614896036476 ], [ 79.016793861686438, 12.064638233569179 ], [ 79.015826721078497, 12.064731966694003 ], [ 79.011105158877186, 12.065995490410264 ], [ 79.010930119449142, 12.066167604438485 ], [ 79.010696220607031, 12.066397614668478 ], [ 79.008693768939224, 12.066821628831486 ], [ 79.008693729413352, 12.066821640251547 ], [ 79.008348431391184, 12.06626922128188 ], [ 79.00830370427316, 12.066197669148362 ], [ 79.006934846053355, 12.066721398418197 ], [ 79.006375714857569, 12.066835629830528 ], [ 79.005566171089839, 12.067001016905664 ], [ 79.005414767235209, 12.0665890837088 ], [ 79.005414205788171, 12.06658755605419 ], [ 79.005240509341462, 12.066114965712508 ], [ 79.000744359597732, 12.066474449853215 ], [ 78.99875809018144, 12.066674561197134 ], [ 78.998632086191492, 12.066696150401308 ], [ 78.998629745181873, 12.066696550982247 ], [ 78.998386285570177, 12.066738263224247 ], [ 78.997996885657471, 12.066895616785478 ], [ 78.997525248573737, 12.06709779133069 ], [ 78.996680441439494, 12.067423599973781 ], [ 78.996680413591761, 12.067423607879965 ], [ 78.99588912538718, 12.067540718598538 ], [ 78.995670091866401, 12.067573135681148 ], [ 78.99559141921047, 12.067580575393128 ], [ 78.995045587572477, 12.06763220096242 ], [ 78.995045543555023, 12.067632183393137 ], [ 78.994923222657746, 12.067586461102081 ], [ 78.994489790024701, 12.067424447692083 ], [ 78.993832899668149, 12.067004377037835 ], [ 78.99341506628005, 12.066568118207838 ], [ 78.993088633777148, 12.066227287592845 ], [ 78.992209049265057, 12.065122889693468 ], [ 78.992137916169256, 12.06503357542144 ], [ 78.992059387243742, 12.064934977420286 ], [ 78.992040776846025, 12.064904584019967 ], [ 78.990988608001487, 12.063186211039627 ], [ 78.990349779172035, 12.061947963837799 ], [ 78.990248297392696, 12.061663848393927 ], [ 78.990243094350589, 12.061649281381428 ], [ 78.989834881020855, 12.060506363166844 ], [ 78.989503655107612, 12.058965122321554 ], [ 78.989461839429467, 12.057749359189396 ], [ 78.989461802598512, 12.057749354796897 ], [ 78.98861674124106, 12.057464880870546 ], [ 78.988616398084631, 12.05667324042024 ], [ 78.988616318134561, 12.056475100873639 ], [ 78.988616317236264, 12.056475065733624 ], [ 78.988473347663842, 12.055069351569106 ], [ 78.988454707621699, 12.055093868007621 ], [ 78.988441379317834, 12.055111397694644 ], [ 78.988432074568095, 12.055123638781398 ], [ 78.988432047618659, 12.055123673043108 ], [ 78.988408976187202, 12.055196407084766 ], [ 78.987877116945157, 12.056873065660314 ], [ 78.987340801160983, 12.059535515320766 ], [ 78.986979966775934, 12.060564285336572 ], [ 78.986827056446614, 12.061000176187932 ], [ 78.986694076140154, 12.061261056414565 ], [ 78.986313138357389, 12.06200826726163 ], [ 78.985427215332635, 12.062939685280307 ], [ 78.985427172213505, 12.062939721297978 ], [ 78.984892106884189, 12.063302907210913 ], [ 78.984334482163135, 12.063681403604667 ], [ 78.983406967140695, 12.064097547410448 ], [ 78.982843129671181, 12.06439489361509 ], [ 78.982497774156826, 12.06457698374208 ], [ 78.982223289430181, 12.064758939338962 ], [ 78.98222011208901, 12.064761045917892 ], [ 78.981785497273094, 12.065049091878658 ], [ 78.981785443374164, 12.06504912789601 ], [ 78.981754061628024, 12.065069926606077 ], [ 78.981696670061169, 12.065108199004337 ], [ 78.981014832590859, 12.065562875591331 ], [ 78.979035844019933, 12.066399727383795 ], [ 78.979035802697439, 12.066399741439289 ], [ 78.977699494033615, 12.066707626693066 ], [ 78.976565146408561, 12.066762198807869 ], [ 78.976515748051114, 12.066759973651674 ], [ 78.975371091359875, 12.066708414677867 ], [ 78.974762808843352, 12.066637108632351 ], [ 78.973102365567144, 12.066442450788388 ], [ 78.971931264270552, 12.06615807656717 ], [ 78.970783995278481, 12.065810808003947 ], [ 78.970365067742378, 12.065683995582713 ], [ 78.97036502462322, 12.065683980648723 ], [ 78.970235593560474, 12.065632666561179 ], [ 78.969950567103979, 12.065519663616797 ], [ 78.968633526404673, 12.064997487773645 ], [ 78.968476533232362, 12.06495384525633 ], [ 78.967480645637053, 12.064676995338854 ], [ 78.967480617789263, 12.064676990946483 ], [ 78.966020241903223, 12.064505624421102 ], [ 78.964454251089236, 12.064506107581861 ], [ 78.964454207970093, 12.064506123394395 ], [ 78.963774509388472, 12.064678012611228 ], [ 78.963490154871792, 12.064817091628372 ], [ 78.963487793200912, 12.064818245942019 ], [ 78.963287196703035, 12.064916358190695 ], [ 78.963154751792473, 12.064981136764501 ], [ 78.962309895250925, 12.065627683876912 ], [ 78.962263728133536, 12.065680891068835 ], [ 78.960827032736717, 12.067336682920496 ], [ 78.959716128445649, 12.068747158155327 ], [ 78.959716095207995, 12.068747147613786 ], [ 78.959178737378082, 12.06859364718991 ], [ 78.959178698750506, 12.068593636648409 ], [ 78.959174839588044, 12.068592525395603 ], [ 78.959056791078226, 12.068558500852985 ], [ 78.959052993001237, 12.068557406290829 ], [ 78.958645860344802, 12.068440060588919 ], [ 78.958422824829412, 12.068398991645489 ], [ 78.9581315856244, 12.068345364210108 ], [ 78.958017449277676, 12.068277396754814 ], [ 78.958013684438313, 12.068275154920402 ], [ 78.957782456287575, 12.068137457761726 ], [ 78.957079668308182, 12.067568150397555 ], [ 78.956617362025312, 12.06728638992568 ], [ 78.955678738436063, 12.066714336423116 ], [ 78.955289744561838, 12.066408867842163 ], [ 78.954585485142033, 12.065855825186766 ], [ 78.954005953206163, 12.065365676428264 ], [ 78.953372752321968, 12.064830131682612 ], [ 78.952977190864701, 12.064286576812179 ], [ 78.952238092981531, 12.063270950812933 ], [ 78.951856307189146, 12.062695049783386 ], [ 78.95155808088785, 12.062245192953004 ], [ 78.950630084368427, 12.060613726581719 ], [ 78.950630059215612, 12.060613684414358 ], [ 78.950187970416522, 12.059879922866253 ], [ 78.948999100443643, 12.057906631054989 ], [ 78.948319280589445, 12.057111335598353 ], [ 78.94827929657616, 12.057075689647585 ], [ 78.947143335576882, 12.056063032908085 ], [ 78.945782502007489, 12.054996457605062 ], [ 78.94549450392401, 12.054770738761095 ], [ 78.945494467991423, 12.054770712405924 ], [ 78.944027606269046, 12.053722734403179 ], [ 78.943951162333306, 12.053668119223335 ], [ 78.943951138078774, 12.053668099896122 ], [ 78.943072588425864, 12.052814688827507 ], [ 78.942857971023017, 12.052606210725054 ], [ 78.942792627569247, 12.052516969593915 ], [ 78.942077038597091, 12.051539647157808 ], [ 78.941810759980555, 12.051064195321803 ], [ 78.941704987847416, 12.050875325277248 ], [ 78.941630751970649, 12.050737516397799 ], [ 78.941622243128279, 12.050721719743509 ], [ 78.941599306444147, 12.050680304585583 ], [ 78.941539615190152, 12.050572504085078 ], [ 78.943434795436644, 12.050261181105926 ], [ 78.943743688333612, 12.050210435106335 ], [ 78.943721385860044, 12.050112825263751 ], [ 78.943659900670411, 12.04984366115319 ], [ 78.943651800561511, 12.049808202240676 ], [ 78.943555267601056, 12.049401406599323 ], [ 78.943104913403047, 12.04790094475474 ], [ 78.942993956194101, 12.046871835390633 ], [ 78.942989902995521, 12.046834244766979 ], [ 78.942989871554502, 12.046834225439282 ], [ 78.944519520125354, 12.04643501142627 ], [ 78.945800627314966, 12.045996269788422 ], [ 78.947477207028641, 12.045379677393925 ], [ 78.947559177400009, 12.045349531282634 ], [ 78.947329205094007, 12.043749493059654 ], [ 78.947154488161146, 12.043026349172115 ], [ 78.945854996949222, 12.043076457827935 ], [ 78.945634572836369, 12.041759745156824 ], [ 78.94562498242243, 12.041702453240735 ], [ 78.94719533006554, 12.041390130729463 ], [ 78.948822119756258, 12.040965833016685 ], [ 78.948912692394771, 12.04094220965308 ], [ 78.948531180588574, 12.039649700388331 ], [ 78.947515753737491, 12.037326684226356 ], [ 78.946904658595798, 12.036201384016373 ], [ 78.946123743237848, 12.035003798215985 ], [ 78.945430069565347, 12.033779142587443 ], [ 78.945094672774204, 12.033218758082311 ], [ 78.944823616018681, 12.032554411971114 ], [ 78.943983316630579, 12.032405423436094 ], [ 78.943023534123142, 12.032184241040156 ], [ 78.942899646563987, 12.031415812885491 ], [ 78.942890178320894, 12.031357083159964 ], [ 78.944703393585897, 12.031025940784231 ], [ 78.944823208183578, 12.031004059656942 ], [ 78.944529210252298, 12.030656098975085 ], [ 78.943808098437785, 12.029680013998954 ], [ 78.94330743409229, 12.0289569350431 ], [ 78.942361212552356, 12.027885947863103 ], [ 78.939628396422577, 12.024776924217049 ], [ 78.93913239613002, 12.024216526221736 ], [ 78.939102611588467, 12.024182243016513 ], [ 78.936293931834626, 12.020949281986352 ], [ 78.936050631224759, 12.021062374854402 ], [ 78.936057561727154, 12.021098296197621 ], [ 78.936252935419986, 12.022110887052616 ], [ 78.936634316072173, 12.023435122852916 ], [ 78.936554007584093, 12.023492465228848 ], [ 78.936266999444072, 12.023697397897724 ], [ 78.935403713964462, 12.023182279423384 ], [ 78.934214245713591, 12.022373549977683 ], [ 78.932905346445722, 12.021203156373486 ], [ 78.931265816847642, 12.019689291884267 ], [ 78.930209523837661, 12.01844206405814 ], [ 78.928859310151537, 12.016955257252917 ], [ 78.928702912562272, 12.015716832089003 ], [ 78.92864749728902, 12.014094221884129 ], [ 78.927265386223795, 12.013669596422595 ], [ 78.927306519182352, 12.012819866387325 ], [ 78.926631571790253, 12.012706951935236 ], [ 78.926158642030842, 12.012625695851067 ], [ 78.92608979155419, 12.01260311734139 ], [ 78.925414754330575, 12.012381748207872 ], [ 78.924601971237934, 12.011871112895159 ], [ 78.924317301412586, 12.011609037201096 ], [ 78.923274874797315, 12.010895038851524 ], [ 78.920827471399619, 12.009828836101248 ], [ 78.918513160597755, 12.00883029884163 ], [ 78.916405567414131, 12.007569565787074 ], [ 78.915634169706607, 12.007284928918324 ], [ 78.915572079052481, 12.007363757116394 ], [ 78.915110785170938, 12.007949395411288 ], [ 78.914257096393499, 12.00975751407964 ], [ 78.914219566577557, 12.009751571748531 ], [ 78.913715272139981, 12.009671724132621 ], [ 78.913095105810569, 12.007484097611634 ], [ 78.912461258139359, 12.005875096662352 ], [ 78.91202502455927, 12.005373487866024 ], [ 78.911767881809197, 12.005323790432183 ], [ 78.910294026702346, 12.005251660600754 ], [ 78.907773407015682, 12.005102853771509 ], [ 78.905335378436263, 12.004863566805145 ], [ 78.902741178643012, 12.004664920740376 ], [ 78.901271960639633, 12.004529465859367 ], [ 78.899040574219967, 12.004339853162838 ], [ 78.896496880406971, 12.004190941268142 ], [ 78.895289341645849, 12.004019263783519 ], [ 78.892855905254166, 12.003680431894493 ], [ 78.891570314572959, 12.003468046895602 ], [ 78.890353625572388, 12.003319001839364 ], [ 78.889123127669237, 12.003142762598936 ], [ 78.886565750717779, 12.002794830041069 ], [ 78.885381237574066, 12.002704476669178 ], [ 78.884150717213032, 12.002555362653835 ], [ 78.882129723419439, 12.002235709579306 ], [ 78.882093751282198, 12.002230020141452 ], [ 78.880826573369376, 12.002966792117858 ], [ 78.880339929928809, 12.003228966723331 ], [ 78.879761396021209, 12.003369119649101 ], [ 78.879123261589484, 12.003305821727237 ], [ 78.878462059319517, 12.0031702290898 ], [ 78.878071791634255, 12.003066267805226 ], [ 78.877043302380599, 12.002966870319975 ], [ 78.87562006015348, 12.002944240037509 ], [ 78.875623642634835, 12.00301888437607 ], [ 78.875730270862448, 12.005240361811044 ], [ 78.87565308491827, 12.005267993277613 ], [ 78.875376729899202, 12.005366921584319 ], [ 78.874770659034908, 12.005452776166303 ], [ 78.874444656825034, 12.005416639219566 ], [ 78.874283955407236, 12.004905888776843 ], [ 78.872350960578871, 12.005163521417614 ], [ 78.872344517861649, 12.00522772041632 ], [ 78.872272949082969, 12.005940902570842 ], [ 78.872204415711607, 12.005950051236605 ], [ 78.87146022078754, 12.006049394022842 ], [ 78.871106748994578, 12.006076483270077 ], [ 78.870904683751192, 12.005940951776122 ], [ 78.870528200713963, 12.005213237333022 ], [ 78.870243571312812, 12.004340847818186 ], [ 78.869609940135589, 12.003915986433476 ], [ 78.868824867374499, 12.00370355505061 ], [ 78.86762186959713, 12.00411481405671 ], [ 78.867024999277959, 12.004679778166436 ], [ 78.867023524244246, 12.004683497575183 ], [ 78.866731158551914, 12.005421062430601 ], [ 78.866597945581773, 12.00576911285331 ], [ 78.866841304582167, 12.006135217634073 ], [ 78.867167270859397, 12.006546470292626 ], [ 78.867272871414315, 12.006930708729692 ], [ 78.867272834583375, 12.007305900802672 ], [ 78.867197888139231, 12.007330853898596 ], [ 78.866974419635881, 12.007405257147513 ], [ 78.86642349095699, 12.007495665177348 ], [ 78.866372942755945, 12.007387231420736 ], [ 78.866244438754549, 12.006406401613974 ], [ 78.865730147864511, 12.006546467656621 ], [ 78.865555716595892, 12.006496708932691 ], [ 78.865422567406171, 12.006320468256064 ], [ 78.865881761026571, 12.005484285168885 ], [ 78.866125064331399, 12.005195048906002 ], [ 78.866556661706269, 12.004548723672839 ], [ 78.866014895843264, 12.00460743113111 ], [ 78.865716476404188, 12.004259394145214 ], [ 78.865229829370392, 12.004607440796486 ], [ 78.864853277162837, 12.004318169324199 ], [ 78.864472217209212, 12.004557662383712 ], [ 78.863338166028214, 12.005145247756424 ], [ 78.862433596673114, 12.005619755385894 ], [ 78.862456824411424, 12.005641454935772 ], [ 78.863783465406144, 12.006880863967789 ], [ 78.863218673027433, 12.007454919050982 ], [ 78.863217218655009, 12.007453422691896 ], [ 78.861905576830551, 12.006103387116266 ], [ 78.861496899071838, 12.006455924872663 ], [ 78.86145198869751, 12.006503203136422 ], [ 78.860835748005883, 12.007151951422983 ], [ 78.86048675431465, 12.00802880332971 ], [ 78.86014695398201, 12.00934861672409 ], [ 78.860550890432648, 12.009809610296738 ], [ 78.861349729875485, 12.011319273296834 ], [ 78.861932828123045, 12.012205265361445 ], [ 78.861818321670384, 12.012218287760641 ], [ 78.861377240781053, 12.012268452240171 ], [ 78.860022748419226, 12.012191608579791 ], [ 78.8606197409093, 12.010993869318886 ], [ 78.859917222424485, 12.01069548695304 ], [ 78.859876886271621, 12.010783290439203 ], [ 78.859591227401154, 12.011405104894083 ], [ 78.859557651070773, 12.011388194439034 ], [ 78.858998913337118, 12.011106782732014 ], [ 78.857240496202735, 12.009723572586127 ], [ 78.856202841438275, 12.00990879877404 ], [ 78.854986042843208, 12.010270299066923 ], [ 78.854063268230547, 12.009510903274208 ], [ 78.852740994844709, 12.008313000083534 ], [ 78.851675732156608, 12.009275705967633 ], [ 78.851427816901122, 12.009275704210326 ], [ 78.851294652440032, 12.008737793028178 ], [ 78.849967659305705, 12.009451809398008 ], [ 78.849586543656514, 12.009560303829261 ], [ 78.849223928810602, 12.008963596217761 ], [ 78.849044819116017, 12.009035896393172 ], [ 78.849016387437246, 12.009090113823724 ], [ 78.848750907423053, 12.009596369927868 ], [ 78.848697605885633, 12.009628221999304 ], [ 78.848493832046614, 12.009749994566157 ], [ 78.848126467807816, 12.009759044693363 ], [ 78.8479382141619, 12.009496871170677 ], [ 78.848007208368983, 12.009049394298208 ], [ 78.847492969581239, 12.008760049395043 ], [ 78.846965014417378, 12.008588193818669 ], [ 78.845784974883756, 12.008375701977783 ], [ 78.845707054117682, 12.007150757321856 ], [ 78.845096453947718, 12.007028683077559 ], [ 78.844068002423327, 12.006901970318967 ], [ 78.842906339725474, 12.006752693437926 ], [ 78.842043167433559, 12.006662229802961 ], [ 78.840335141295071, 12.00680211382941 ], [ 78.839141381792103, 12.00692854722033 ], [ 78.837874112251129, 12.007041377107473 ], [ 78.837167076138769, 12.007027694582778 ], [ 78.836547185592138, 12.007380161715417 ], [ 78.835756858584929, 12.007947665331661 ], [ 78.83463865638052, 12.007053213562751 ], [ 78.834632140899771, 12.007048002218728 ], [ 78.834632101373899, 12.00704796707225 ], [ 78.834429828619676, 12.007130111408905 ], [ 78.834264794627273, 12.00719713219968 ], [ 78.833709236929693, 12.007215151788534 ], [ 78.832516565286539, 12.007434381236598 ], [ 78.832161845733651, 12.007499586639126 ], [ 78.832161811597686, 12.007499592789758 ], [ 78.831923647554618, 12.007533774437769 ], [ 78.831091983671314, 12.007653150967075 ], [ 78.830022182694378, 12.00771172858588 ], [ 78.829457857439635, 12.007717612091817 ], [ 78.829178379876666, 12.007720524848921 ], [ 78.82917742317089, 12.007720535392854 ], [ 78.829177403407954, 12.007720555602022 ], [ 78.828897258396694, 12.007726046346846 ], [ 78.828722842399458, 12.007729471362534 ], [ 78.82794219563776, 12.007995988059021 ], [ 78.82598614464932, 12.008434091406794 ], [ 78.825986108716705, 12.00843409667873 ], [ 78.824461816799882, 12.008528692921848 ], [ 78.824461771884117, 12.008528696436462 ], [ 78.821720628371665, 12.008754115828474 ], [ 78.817767312587833, 12.009209727778739 ], [ 78.817767287435018, 12.009209732172026 ], [ 78.816910044023999, 12.009390113813474 ], [ 78.816780006598407, 12.009417475986192 ], [ 78.816183071600534, 12.00981958476485 ], [ 78.815278390854317, 12.010519948429568 ], [ 78.814590660435712, 12.011011902712134 ], [ 78.813629755932496, 12.01169927160506 ], [ 78.811609046006538, 12.013217484619082 ], [ 78.807921171609379, 12.016335243631763 ], [ 78.804729206774937, 12.019281343588284 ], [ 78.804729164554132, 12.019281377854536 ], [ 78.804315894607655, 12.019606705039749 ], [ 78.804315875743043, 12.019606724369405 ], [ 78.80409086393405, 12.019566009948932 ], [ 78.804090821713217, 12.019566004677227 ], [ 78.803880980652735, 12.019441916110857 ], [ 78.803677702683743, 12.019321730325826 ], [ 78.802484069843231, 12.018652465615576 ], [ 78.802029672328089, 12.018370493031503 ], [ 78.801230741257115, 12.017874779372566 ], [ 78.800652478640743, 12.017341186255532 ], [ 78.800652437318263, 12.017341140566863 ], [ 78.799996085052555, 12.016446032031654 ], [ 78.798738407722183, 12.015152964823775 ], [ 78.797604578425066, 12.014298329639379 ], [ 78.796452291443813, 12.013669719432265 ], [ 78.794289966604865, 12.012548159042494 ], [ 78.793606259740457, 12.012284959341907 ], [ 78.792315829834806, 12.011788231941402 ], [ 78.791327223983188, 12.011403403832043 ], [ 78.790851381885574, 12.011218195366396 ], [ 78.790015707922862, 12.01085109407639 ], [ 78.788689071419682, 12.010268337916882 ], [ 78.78727316393686, 12.009648516259404 ], [ 78.786467226904989, 12.009295713812881 ], [ 78.786467185582495, 12.00929570063307 ], [ 78.78455271042202, 12.008793385615821 ], [ 78.783726162444239, 12.008584238983815 ], [ 78.78265658335124, 12.008313626566562 ], [ 78.7813864787272, 12.00797805199498 ], [ 78.780292205845313, 12.00768895811637 ], [ 78.778970003426409, 12.007498681618817 ], [ 78.778969962103915, 12.007498674589524 ], [ 78.777138143627667, 12.00724942573212 ], [ 78.777138108593377, 12.0072494195815 ], [ 78.775453125140203, 12.006982082354551 ], [ 78.773616689323404, 12.006732866408344 ], [ 78.772216332576477, 12.006637305641 ], [ 78.771394394752733, 12.006731973686769 ], [ 78.770053619665305, 12.007092980041941 ], [ 78.770053590020908, 12.007092988828578 ], [ 78.766986058921319, 12.007968682854706 ], [ 78.766663946416628, 12.008081239043364 ], [ 78.766366117170705, 12.008185317011701 ], [ 78.76636609201789, 12.008185324919628 ], [ 78.766288731800543, 12.008212577382473 ], [ 78.766162130430928, 12.008257173673686 ], [ 78.765750799947185, 12.008402082793102 ], [ 78.765378927063949, 12.008478728079567 ], [ 78.763362950361213, 12.009106135223934 ], [ 78.763362917123544, 12.009106145767817 ], [ 78.761057707153839, 12.009941349337266 ], [ 78.758605283970311, 12.011138066139125 ], [ 78.758424459391833, 12.011233200043918 ], [ 78.757884264682232, 12.011517430319669 ], [ 78.757617900725776, 12.011612173971153 ], [ 78.757617863894865, 12.01161218978678 ], [ 78.75751223998374, 12.011612173092495 ], [ 78.757334802952187, 12.011464506746954 ], [ 78.7573057388595, 12.011440320214732 ], [ 78.757057884689445, 12.011137343011317 ], [ 78.756442977097663, 12.010377696611899 ], [ 78.755516072929652, 12.009179530165211 ], [ 78.755064887789985, 12.008633689792255 ], [ 78.754589145405419, 12.00805818391968 ], [ 78.752799478577245, 12.005887772294628 ], [ 78.751707408364439, 12.004499664880143 ], [ 78.748788516104995, 12.001487212254679 ], [ 78.748638916965803, 12.001332823724978 ], [ 78.747658365409009, 12.000332055632894 ], [ 78.747006124732351, 11.999586614364857 ], [ 78.747006095986251, 11.99958658185348 ], [ 78.746693348418404, 11.999273121761078 ], [ 78.746036899134651, 11.99861517395999 ], [ 78.74585470642198, 11.998408045687606 ], [ 78.745476555213244, 11.997978119838553 ], [ 78.744718630438342, 11.997191937563811 ], [ 78.74413067230509, 11.996618178707902 ], [ 78.74356573439934, 11.995935854613387 ], [ 78.743115577830665, 11.995393625234335 ], [ 78.743059969419647, 11.995353482702722 ], [ 78.742752707863232, 11.99513166883462 ], [ 78.742082250250959, 11.994801936155451 ], [ 78.741393432870851, 11.994535577758938 ], [ 78.740814966336913, 11.994413690237067 ], [ 78.740075642976606, 11.994246797218231 ], [ 78.739038032229601, 11.994043772654361 ], [ 78.739037990907093, 11.994043764746026 ], [ 78.738661476428788, 11.99395352882374 ], [ 78.738436444856859, 11.993808930906001 ], [ 78.738200937132106, 11.993659778579628 ], [ 78.73783021409244, 11.99342497515998 ], [ 78.737049489177309, 11.992824121227848 ], [ 78.736112646947291, 11.992173607398463 ], [ 78.73552482356132, 11.991712797188773 ], [ 78.735524793018627, 11.99171277258484 ], [ 78.73532078292267, 11.99158629339396 ], [ 78.734767117077084, 11.991243006618998 ], [ 78.734776199044617, 11.99106222356286 ], [ 78.735088203705686, 11.990506153398275 ], [ 78.735418472913167, 11.9898460603464 ], [ 78.735845220283821, 11.98906403707652 ], [ 78.736478302590442, 11.988019680927378 ], [ 78.736492094424975, 11.987965465410221 ], [ 78.736147824075516, 11.988060429112416 ], [ 78.735670336264334, 11.988047086569271 ], [ 78.735619620976664, 11.988037976838623 ], [ 78.734917285748182, 11.987911813144454 ], [ 78.734017402903888, 11.987785519340013 ], [ 78.733429764570872, 11.987717949792975 ], [ 78.732511538128492, 11.987578220186615 ], [ 78.732511494111037, 11.987578213156826 ], [ 78.732121255171833, 11.98751045199568 ], [ 78.731056037399497, 11.987366274170387 ], [ 78.730101036624333, 11.987212941694494 ], [ 78.729848689081223, 11.987180555344972 ], [ 78.729187309843198, 11.98709565187853 ], [ 78.728820046215702, 11.987041615436056 ], [ 78.72849871883858, 11.987114019029288 ], [ 78.72839309762243, 11.987186357577331 ], [ 78.728223255846601, 11.987190945409345 ], [ 78.727956946687343, 11.987127793952176 ], [ 78.727956903568199, 11.987127786922375 ], [ 78.726726511666257, 11.987168858613524 ], [ 78.726261129551858, 11.987200375025107 ], [ 78.725854278966438, 11.9872279266188 ], [ 78.724945209051725, 11.98726888669645 ], [ 78.72400867314721, 11.987300860912747 ], [ 78.723420908151766, 11.98731461122178 ], [ 78.72291145828278, 11.987414212189874 ], [ 78.722084978576987, 11.987522981744196 ], [ 78.721606504415618, 11.98758229659377 ], [ 78.721134781093639, 11.987640772247785 ], [ 78.72068133938599, 11.987651186898722 ], [ 78.720335858107475, 11.98765912969546 ], [ 78.719910290224789, 11.98763961233051 ], [ 78.719357940411086, 11.987614280438919 ], [ 78.718072414408581, 11.987488115667915 ], [ 78.717915999751312, 11.986674553277735 ], [ 78.717713702742586, 11.985734524954259 ], [ 78.717552860289288, 11.985115276943581 ], [ 78.71744246812068, 11.984577405432148 ], [ 78.717112071352418, 11.984127375772053 ], [ 78.716293998081056, 11.981536976003353 ], [ 78.716041006445906, 11.980735884438364 ], [ 78.71562282361316, 11.979411699817527 ], [ 78.715291993856937, 11.97844451376114 ], [ 78.715062233553354, 11.977748530882037 ], [ 78.714731444221329, 11.976817448016789 ], [ 78.714469507162605, 11.976112424627829 ], [ 78.714014664083081, 11.974810848224067 ], [ 78.713578127770788, 11.973631273236057 ], [ 78.713435734018475, 11.973310427674203 ], [ 78.712967114375786, 11.972171539597745 ], [ 78.712783283136034, 11.971565866597896 ], [ 78.712397309397801, 11.970431519739877 ], [ 78.712190602559346, 11.969812286730351 ], [ 78.711795445343981, 11.968808987729627 ], [ 78.711675984682529, 11.968388633069555 ], [ 78.711331534669981, 11.968063350429398 ], [ 78.710734639197966, 11.967494022919951 ], [ 78.710307513636593, 11.967051126953519 ], [ 78.709857482832064, 11.966617408382064 ], [ 78.710330242809931, 11.966156200405132 ], [ 78.710724895172092, 11.965735706285153 ], [ 78.710880900197594, 11.965518725196574 ], [ 78.710945168367971, 11.965261117983307 ], [ 78.711022899589523, 11.964492672176245 ], [ 78.711096185947014, 11.963670043337528 ], [ 78.711210649280503, 11.962598716852815 ], [ 78.711233294012203, 11.961554631873693 ], [ 78.711265239002017, 11.961116159782256 ], [ 78.711292387886544, 11.959755641929409 ], [ 78.711374648413738, 11.958431271899359 ], [ 78.711613058595191, 11.95735548924065 ], [ 78.711810249579841, 11.956641294635919 ], [ 78.712108279150073, 11.955461466364641 ], [ 78.712186408325309, 11.955187715998019 ], [ 78.712273408363927, 11.954882888108344 ], [ 78.712690580591968, 11.953219460162181 ], [ 78.713139957422953, 11.951610205265887 ], [ 78.71332386861279, 11.950761016346437 ], [ 78.713327929896167, 11.950742262669712 ], [ 78.712455796011014, 11.950832941021682 ], [ 78.711262302409338, 11.950928204275501 ], [ 78.71042225544781, 11.950978192071757 ], [ 78.709504202380288, 11.951068799158325 ], [ 78.708480469706089, 11.951091668439107 ], [ 78.708278553583028, 11.951073688168131 ], [ 78.708255148876631, 11.949722235237871 ], [ 78.708158322167122, 11.94812666000151 ], [ 78.707956084447204, 11.947073643604893 ], [ 78.707753842235704, 11.946354963416264 ], [ 78.707413999682274, 11.945523412596822 ], [ 78.707142947418333, 11.944872602108692 ], [ 78.706793944743922, 11.944267017393967 ], [ 78.706458688089967, 11.943887419875439 ], [ 78.705971988953891, 11.943444637312728 ], [ 78.705425690191959, 11.94307413494708 ], [ 78.704277926228158, 11.942559118353897 ], [ 78.704323586695736, 11.941763645978346 ], [ 78.704373878876908, 11.941031383602057 ], [ 78.704424170159783, 11.940005313328644 ], [ 78.704511137859072, 11.939241444223768 ], [ 78.704556965413289, 11.939074201620473 ], [ 78.704786486765016, 11.938852680815895 ], [ 78.705240827686268, 11.938490896861451 ], [ 78.70577310733988, 11.937839891943673 ], [ 78.706488914602673, 11.936876984218266 ], [ 78.707631518643467, 11.935516123958124 ], [ 78.70880617457361, 11.934046819164545 ], [ 78.709884524817085, 11.93272218980583 ], [ 78.710811454137939, 11.931763712048138 ], [ 78.7110822952978, 11.931835997724177 ], [ 78.711637708366609, 11.931962375662634 ], [ 78.71225287557148, 11.93209777111452 ], [ 78.713129652848352, 11.932165321158983 ], [ 78.713363707997289, 11.932133594428247 ], [ 78.713680373118123, 11.931939197149829 ], [ 78.714708336857299, 11.931080050054913 ], [ 78.715997866651023, 11.930125982146642 ], [ 78.716768767590167, 11.929474846397611 ], [ 78.718384140591965, 11.928290167706644 ], [ 78.718705412273536, 11.928140920356467 ], [ 78.719044906280672, 11.927616470064299 ], [ 78.719829423882913, 11.92649073795816 ], [ 78.720866233332714, 11.924854211111942 ], [ 78.721398351289551, 11.923909387887047 ], [ 78.721825001642159, 11.923122787251849 ], [ 78.722416863853638, 11.922245720578841 ], [ 78.722994801279896, 11.92127821160145 ], [ 78.723559087008752, 11.920270068234089 ], [ 78.723826975406254, 11.919737988421373 ], [ 78.723838180092812, 11.919715731757163 ], [ 78.723861775242042, 11.919668867242832 ], [ 78.723714841404302, 11.919356985403491 ], [ 78.722998503237164, 11.918502964928372 ], [ 78.722700007441304, 11.918123407809199 ], [ 78.722309713704874, 11.917603716141945 ], [ 78.721836809098292, 11.917120277705637 ], [ 78.721593400690551, 11.916808431612207 ], [ 78.721051579132009, 11.916148701102525 ], [ 78.720408733036606, 11.915267546703735 ], [ 78.719577619820583, 11.914296008298066 ], [ 78.718898112580106, 11.913536871219138 ], [ 78.718002882110653, 11.912822985694453 ], [ 78.717015788123661, 11.911977981366752 ], [ 78.716037858749146, 11.91112403261187 ], [ 78.715138065736397, 11.910450876880599 ], [ 78.714518359344368, 11.910093955348129 ], [ 78.713843577242287, 11.909827482813467 ], [ 78.713109088614857, 11.909538364889393 ], [ 78.712094687639819, 11.909231289102532 ], [ 78.711318921425104, 11.908987445075867 ], [ 78.711282083311929, 11.908702719407048 ], [ 78.711291131143454, 11.908065444816366 ], [ 78.71127439013982, 11.907855593579301 ], [ 78.711189805670998, 11.906795324764387 ], [ 78.711093285286964, 11.906406664296602 ], [ 78.710817780972462, 11.905895937888122 ], [ 78.7105973191304, 11.905525376331868 ], [ 78.710477823434687, 11.905046284994329 ], [ 78.71039506164756, 11.904282415924936 ], [ 78.710229565921082, 11.903342314302419 ], [ 78.71016983424289, 11.903233866049577 ], [ 78.709912776832766, 11.903143575244924 ], [ 78.709256419177152, 11.902949342675358 ], [ 78.708393461582631, 11.902746201295058 ], [ 78.708159382179161, 11.902687513928134 ], [ 78.708113445928788, 11.90258352019227 ], [ 78.707980119770937, 11.901810717039989 ], [ 78.707828503015605, 11.901132755566522 ], [ 78.707773292558215, 11.900775692581464 ], [ 78.707699708858371, 11.900179009622086 ], [ 78.707740875952894, 11.899704446313928 ], [ 78.707951785110254, 11.898750622401071 ], [ 78.708162724810336, 11.898068100874209 ], [ 78.708240720136544, 11.897936990358639 ], [ 78.707598109399726, 11.897715723420147 ], [ 78.706221042374835, 11.897318267699491 ], [ 78.705408694965072, 11.897173856390571 ], [ 78.704701864566943, 11.896943510318341 ], [ 78.703939907254735, 11.896740360934722 ], [ 78.703118272163266, 11.896482892305384 ], [ 78.701569449950995, 11.896020082988418 ], [ 78.701042231405694, 11.895862542782734 ], [ 78.700745318441335, 11.895773821223749 ], [ 78.700029283904797, 11.895588751608296 ], [ 78.69835402740955, 11.895263663786871 ], [ 78.696178523387061, 11.894916124374506 ], [ 78.695274325036138, 11.894722006354487 ], [ 78.694723517629797, 11.89446444000057 ], [ 78.694113200429157, 11.895038622774535 ], [ 78.693250580601159, 11.895942784380974 ], [ 78.692516533046515, 11.897054910189398 ], [ 78.691341960659713, 11.89871399038516 ], [ 78.691121705430135, 11.8990259486645 ], [ 78.691029947015423, 11.899215749421083 ], [ 78.691149445406111, 11.900006749295118 ], [ 78.69128743741355, 11.901380768730203 ], [ 78.691338035920211, 11.901755932248467 ], [ 78.691260037000745, 11.90204068629164 ], [ 78.690948069170545, 11.902556073377701 ], [ 78.690484689400904, 11.903184387184574 ], [ 78.689879018286888, 11.904007182005754 ], [ 78.688543312392625, 11.903623281719016 ], [ 78.686523754106844, 11.903040540672269 ], [ 78.684733677646932, 11.902480456400278 ], [ 78.683531032009171, 11.902105496052528 ], [ 78.682062308079196, 11.901897872882131 ], [ 78.680194247072819, 11.901477853948562 ], [ 78.678280363003807, 11.901089417055452 ], [ 78.677463301235463, 11.900940378021989 ], [ 78.676728807218112, 11.899638771913068 ], [ 78.676283424296884, 11.898915652762305 ], [ 78.675773777696875, 11.898505092690957 ], [ 78.675475574751758, 11.898264867615831 ], [ 78.67373145340683, 11.897862882246853 ], [ 78.672262770799364, 11.89754220190054 ], [ 78.670596674425084, 11.897221471951035 ], [ 78.669582339027073, 11.896954978884951 ], [ 78.668636919682726, 11.896724577249094 ], [ 78.666525638016509, 11.896467226393661 ], [ 78.665772954911304, 11.896372315843026 ], [ 78.664409769552506, 11.896087728152024 ], [ 78.664058775313137, 11.895999234333349 ], [ 78.663478057601083, 11.895852820788694 ], [ 78.662931921434208, 11.89576244666282 ], [ 78.661642259588135, 11.895464266861261 ], [ 78.660834413636266, 11.89532424441725 ], [ 78.660444274410082, 11.895093766682766 ], [ 78.659691570643616, 11.894528858641984 ], [ 78.659062731978409, 11.894067874379987 ], [ 78.657295643406627, 11.892766327677327 ], [ 78.656781594163363, 11.892382110891161 ], [ 78.656455745565424, 11.892079329151342 ], [ 78.656258326408704, 11.891749427928829 ], [ 78.656001312117709, 11.891414904328109 ], [ 78.655900283089281, 11.89080929264882 ], [ 78.655776262579465, 11.890203646218103 ], [ 78.655661481242333, 11.889127859362931 ], [ 78.655523742559851, 11.888359510789027 ], [ 78.65533552574486, 11.8876769376997 ], [ 78.655151863388383, 11.887044211273167 ], [ 78.655128877296931, 11.886298420372325 ], [ 78.655055381631939, 11.88535827505283 ], [ 78.654729515067672, 11.88528591635478 ], [ 78.654265998754099, 11.885182036397154 ], [ 78.653471975179542, 11.885078103656442 ], [ 78.653371061135473, 11.885064947677268 ], [ 78.653371024304533, 11.885064942402904 ], [ 78.653370889557266, 11.885064902845315 ], [ 78.653332270983185, 11.885059870239164 ], [ 78.652778951887299, 11.884987752323733 ], [ 78.65220069466082, 11.884861310338103 ], [ 78.651177239566039, 11.884725787615174 ], [ 78.65060815324027, 11.884617288866435 ], [ 78.650199736891309, 11.884499842126342 ], [ 78.649364451000807, 11.884635480118526 ], [ 78.648226284637488, 11.884915753941129 ], [ 78.647317672863593, 11.885196028354311 ], [ 78.646353902734617, 11.885327183688069 ], [ 78.644155611148321, 11.885829051802261 ], [ 78.643090859601614, 11.886018861765645 ], [ 78.641938936438052, 11.886186180995667 ], [ 78.641411140276048, 11.886285632775683 ], [ 78.640552956328932, 11.886493629153383 ], [ 78.639951757028399, 11.886660853153856 ], [ 78.639020089992712, 11.886981817952872 ], [ 78.638331689430927, 11.887334327981614 ], [ 78.637702910952882, 11.887659796235926 ], [ 78.63655102012865, 11.888175143763714 ], [ 78.635981900565227, 11.888450832349394 ], [ 78.635761632759284, 11.888446292072128 ], [ 78.634554592563148, 11.888337854581545 ], [ 78.63469687672098, 11.887397680264971 ], [ 78.634774890013517, 11.886769414379886 ], [ 78.634921745697838, 11.886145687360406 ], [ 78.635146631742714, 11.885300407610984 ], [ 78.635426550378497, 11.884391870723555 ], [ 78.635614710599597, 11.883759069852845 ], [ 78.635862502785898, 11.88280088086448 ], [ 78.6359588938125, 11.882240373409042 ], [ 78.636114886261581, 11.88108779464357 ], [ 78.636179097838109, 11.880436944884545 ], [ 78.636206615031895, 11.879596201024228 ], [ 78.6361974944368, 11.878931752765522 ], [ 78.636156127916294, 11.878574640430049 ], [ 78.636078171217605, 11.878398421998286 ], [ 78.635839443032523, 11.878167892131469 ], [ 78.63536673875025, 11.877661678662317 ], [ 78.634793113237365, 11.876884209759483 ], [ 78.634660059269081, 11.876359952425055 ], [ 78.634416807168208, 11.875975739736639 ], [ 78.634118466780919, 11.875279663561077 ], [ 78.63383392900792, 11.874633249886129 ], [ 78.633659543553364, 11.874176803219161 ], [ 78.633508069630167, 11.873932673716428 ], [ 78.633081292615088, 11.873833229732956 ], [ 78.632649898259473, 11.873765496404602 ], [ 78.631842202326297, 11.873421975145511 ], [ 78.631080444440059, 11.873259230801198 ], [ 78.63066742242863, 11.873204929039956 ], [ 78.629988185581055, 11.873200486967278 ], [ 78.628404969571505, 11.873132597881627 ], [ 78.627904708569559, 11.87310099700357 ], [ 78.627684449746738, 11.873033202835583 ], [ 78.627555934965542, 11.87259929356382 ], [ 78.62732189418962, 11.871704275323985 ], [ 78.627138379156875, 11.871062436811375 ], [ 78.6269226738942, 11.870009271117615 ], [ 78.626922584960994, 11.87000883595995 ], [ 78.626849226738258, 11.869647707595496 ], [ 78.626821749968684, 11.869222803801129 ], [ 78.626895210599358, 11.868816013412131 ], [ 78.62699156659167, 11.868391130299296 ], [ 78.627230230996361, 11.867636351257854 ], [ 78.627514754396316, 11.867179810237008 ], [ 78.627721208808168, 11.866994511079664 ], [ 78.628221423996024, 11.866917676318412 ], [ 78.629217262184, 11.866718758581438 ], [ 78.629671594122115, 11.866669083190203 ], [ 78.630906069765331, 11.86646567913354 ], [ 78.632264459018842, 11.866235125986298 ], [ 78.632704997325746, 11.86616284484662 ], [ 78.633278607567277, 11.866045287294604 ], [ 78.633861456981464, 11.865891640951777 ], [ 78.634503859309135, 11.865643024910153 ], [ 78.63516472920243, 11.865276856033301 ], [ 78.635502598157217, 11.865050861888939 ], [ 78.635536382896717, 11.865028264046606 ], [ 78.635550202579054, 11.864992131231347 ], [ 78.635570706625415, 11.864995728600951 ], [ 78.640625684832642, 11.865882423381663 ], [ 78.641185556240202, 11.865792036672381 ], [ 78.641731610660386, 11.865606704923627 ], [ 78.643218530864758, 11.865538842078685 ], [ 78.644512626795077, 11.86553877702376 ], [ 78.647821378006327, 11.866062902205416 ], [ 78.649790116799863, 11.866356598169837 ], [ 78.65118971536873, 11.866311371930571 ], [ 78.653162995145991, 11.865913399163324 ], [ 78.655292247609424, 11.865203651561615 ], [ 78.65606628277061, 11.864727500257437 ], [ 78.65630635303873, 11.864579819786279 ], [ 78.656985500054759, 11.863946965872632 ], [ 78.65765998211954, 11.86292534222855 ], [ 78.658453783810259, 11.861261902407659 ], [ 78.658361755002645, 11.858925111272086 ], [ 78.6585771835842, 11.856796186413916 ], [ 78.659816186736464, 11.856565519596423 ], [ 78.661206727592315, 11.857550763356844 ], [ 78.662526456949237, 11.857560918378722 ], [ 78.668737198617876, 11.857608568117083 ], [ 78.67142175904722, 11.858182240422694 ], [ 78.672612735569459, 11.858255289411833 ], [ 78.674436753075739, 11.858367148193524 ], [ 78.677607643433632, 11.858330528329228 ], [ 78.680852138152616, 11.857545428695376 ], [ 78.680916136828387, 11.857529943406906 ], [ 78.685550642397246, 11.855987802432303 ], [ 78.68912031557096, 11.853727059983701 ], [ 78.692535451566386, 11.851835872765838 ], [ 78.693121346269436, 11.851511423770434 ], [ 78.693291088332245, 11.851405180052316 ], [ 78.693460828598475, 11.851298935413656 ], [ 78.695204639126302, 11.851230722618503 ], [ 78.694464701318353, 11.846602452404616 ], [ 78.694005365764113, 11.844541455157582 ], [ 78.694133605660824, 11.843343613641387 ], [ 78.694155890168091, 11.84044624637753 ], [ 78.694117813278126, 11.834452759812311 ], [ 78.693842340404672, 11.833494632417029 ], [ 78.693392601552617, 11.833178324367875 ], [ 78.693392418296298, 11.832450570392911 ], [ 78.69380068911822, 11.832134090565905 ], [ 78.693740894557948, 11.831347614383013 ], [ 78.693516024682751, 11.831248226983465 ], [ 78.693341423632575, 11.830353271009974 ], [ 78.693635027203413, 11.830009675781714 ], [ 78.693377957216867, 11.829295633877118 ], [ 78.692841017103532, 11.828848280991487 ], [ 78.692565525365481, 11.828097991971301 ], [ 78.692822383349608, 11.827786083564851 ], [ 78.692569883991226, 11.827180418563447 ], [ 78.692179814833622, 11.826714928654678 ], [ 78.692359926149749, 11.82492807996544 ], [ 78.692367527693705, 11.824852664792939 ], [ 78.691587457650456, 11.824604230333748 ], [ 78.6911006740727, 11.822805338729976 ], [ 78.690949183979811, 11.82233536594681 ], [ 78.691114253006532, 11.822104798416387 ], [ 78.691109521579946, 11.821336350831764 ], [ 78.690889184603677, 11.820943227635992 ], [ 78.690820220939301, 11.820170316270248 ], [ 78.690356443216018, 11.818439219970495 ], [ 78.690493998642197, 11.817941957580796 ], [ 78.690434150183037, 11.817241386358093 ], [ 78.690158845294548, 11.816920554105447 ], [ 78.690108217143418, 11.816242527632969 ], [ 78.690548577583911, 11.815984817746703 ], [ 78.690493437195144, 11.815270674188055 ], [ 78.690263813435479, 11.8144571572528 ], [ 78.690392147655274, 11.813869442424121 ], [ 78.691089224146083, 11.812391299764217 ], [ 78.691510890645517, 11.810108620639138 ], [ 78.69161954187912, 11.809173586436438 ], [ 78.691625396199825, 11.809123208575862 ], [ 78.691626999692616, 11.809110814810028 ], [ 78.691950527942197, 11.806610035963926 ], [ 78.692241277565358, 11.803947552228616 ], [ 78.692248173931816, 11.803884406574115 ], [ 78.68930235467171, 11.80230750506378 ], [ 78.687512897151024, 11.801489787794159 ], [ 78.685177464261912, 11.80102914241164 ], [ 78.681754830927133, 11.800971048706227 ], [ 78.679158250598363, 11.802006528953516 ], [ 78.672399736930743, 11.799702443932263 ], [ 78.666627803413775, 11.796918893136997 ], [ 78.665288031744538, 11.796652300433017 ], [ 78.664870484020682, 11.796168757607582 ], [ 78.663044166827262, 11.792828686082633 ], [ 78.662222751823037, 11.790885160613321 ], [ 78.661892104424822, 11.788136983591803 ], [ 78.661947138812394, 11.787784411575018 ], [ 78.662552443413773, 11.785732269307461 ], [ 78.663442180685237, 11.782812229726737 ], [ 78.66228015776295, 11.779951141941593 ], [ 78.662248996104083, 11.779874417288726 ], [ 78.659257779582802, 11.778658779767715 ], [ 78.658340213402141, 11.778075855734828 ], [ 78.651371329566345, 11.773700965975364 ], [ 78.643319229313164, 11.768431740276007 ], [ 78.643173197383931, 11.768336177593488 ], [ 78.643170014652881, 11.768317015628869 ], [ 78.642108681195822, 11.761926795780278 ], [ 78.642021479934584, 11.760851109584053 ], [ 78.643131478723831, 11.756728759282682 ], [ 78.643342110301759, 11.756134427751233 ], [ 78.643365367684453, 11.756068803307626 ], [ 78.642497711002662, 11.751399241616312 ], [ 78.641971840828617, 11.750257100434467 ], [ 78.641783129041912, 11.749803257358835 ], [ 78.641628357403292, 11.748350479388108 ], [ 78.640924147390848, 11.746297683165484 ], [ 78.640550476080421, 11.74500937839805 ], [ 78.639068784969339, 11.740998300110254 ], [ 78.639060768403752, 11.739356636390106 ], [ 78.639004936312205, 11.737666941393478 ], [ 78.637999175333547, 11.724548844370288 ], [ 78.637902100689018, 11.722145155262993 ], [ 78.637910986823798, 11.721241234572808 ], [ 78.640671814220795, 11.720339776403703 ], [ 78.642755354114371, 11.719574560950401 ], [ 78.645395196408899, 11.718695653582323 ], [ 78.650144458161989, 11.716861319586753 ], [ 78.652558255584935, 11.715974278720905 ], [ 78.652621567049522, 11.715951013300078 ], [ 78.652670456062225, 11.715267538572734 ], [ 78.652642075587465, 11.713221422246392 ], [ 78.65250249895189, 11.710198936327643 ], [ 78.652426312832617, 11.708104827083684 ], [ 78.65232001518504, 11.706528398176129 ], [ 78.652311005082765, 11.706394770023611 ], [ 78.652278648664534, 11.705914905670996 ], [ 78.652151189403838, 11.704129589990934 ], [ 78.651989349820553, 11.700916686768133 ], [ 78.651544623567787, 11.69701130840336 ], [ 78.651366137303981, 11.695511012875606 ], [ 78.651276780984375, 11.69477276088379 ], [ 78.65121966160703, 11.693202263288759 ], [ 78.651241886825446, 11.690918915431856 ], [ 78.651217929655161, 11.688421066033698 ], [ 78.650579355048919, 11.685221672087762 ], [ 78.650381165137659, 11.683269310591914 ], [ 78.649939584785017, 11.681528734279123 ], [ 78.650040228436197, 11.677390921143477 ], [ 78.650163703668639, 11.672147361346459 ], [ 78.649543717002246, 11.667669873728325 ], [ 78.648976686021882, 11.666427686323148 ], [ 78.647716677563324, 11.664489174575928 ], [ 78.64640240906499, 11.663168549568548 ], [ 78.646097228006795, 11.662297515677807 ], [ 78.645874075710424, 11.660440206610076 ], [ 78.647162971293568, 11.661267054416069 ], [ 78.648650066669418, 11.662184963096038 ], [ 78.649251636974142, 11.662357154433735 ], [ 78.650022102230395, 11.66253093980745 ], [ 78.651904529993118, 11.662501173675833 ], [ 78.655015856657741, 11.662649469402229 ], [ 78.656465368318763, 11.662472853882806 ], [ 78.658569318833884, 11.661993180021474 ], [ 78.660020658566481, 11.661626270210515 ], [ 78.659767696575742, 11.657842184879337 ], [ 78.659727723342215, 11.656985580386765 ], [ 78.659074171125241, 11.648036518413907 ], [ 78.659067236131264, 11.647941559892519 ], [ 78.661680111000933, 11.647205035934688 ], [ 78.668043989374368, 11.645290605427135 ], [ 78.672905370756382, 11.644051639281606 ], [ 78.67650833729121, 11.643205149925091 ], [ 78.678630381672804, 11.643319958163428 ], [ 78.68009971016896, 11.643571393398011 ], [ 78.680211047365276, 11.644547525015552 ], [ 78.679843171985056, 11.647707278878151 ], [ 78.679332792359773, 11.650627912764131 ], [ 78.679583446578548, 11.652176167233341 ], [ 78.679636565757917, 11.654198277848813 ], [ 78.679113463293248, 11.658450771701663 ], [ 78.678868205254361, 11.661397756215058 ], [ 78.678462205373535, 11.663487033224884 ], [ 78.678496171572718, 11.664985782181629 ], [ 78.680515244768259, 11.665813158378819 ], [ 78.682963455751405, 11.667191523203229 ], [ 78.682417701368522, 11.668756292355319 ], [ 78.679002055130013, 11.667606803315252 ], [ 78.678326451069466, 11.667600543867842 ], [ 78.678127106823098, 11.667628429419075 ], [ 78.677882378790244, 11.670516048985839 ], [ 78.677869784409936, 11.671836014406711 ], [ 78.679773002781587, 11.675968534437429 ], [ 78.681649375000973, 11.680398165392464 ], [ 78.682417459721748, 11.682105969141309 ], [ 78.685245204420838, 11.682940792865523 ], [ 78.685205847431604, 11.683273437283205 ], [ 78.685305261289159, 11.683356300985379 ], [ 78.686331230768417, 11.68421147370513 ], [ 78.688260988966803, 11.68558505828581 ], [ 78.689818088256132, 11.686812481306317 ], [ 78.691329983422008, 11.687718356601483 ], [ 78.692664412810259, 11.688890196003182 ], [ 78.693166932176837, 11.689346749206162 ], [ 78.695187789426512, 11.690031280266693 ], [ 78.697834999702977, 11.690840437437231 ], [ 78.700428221230894, 11.69161932342338 ], [ 78.700432446906007, 11.691617065291334 ], [ 78.704970171579362, 11.689192745406649 ], [ 78.707378538686413, 11.689737899840166 ], [ 78.709594970851526, 11.690162344131158 ], [ 78.710549868320456, 11.688696201393467 ], [ 78.712519932129013, 11.685764461797142 ], [ 78.715863800281383, 11.684319851085545 ], [ 78.717949686574457, 11.683196873997842 ], [ 78.721732616203397, 11.686465771315351 ], [ 78.724259272568759, 11.68858161073601 ], [ 78.724955173164872, 11.689015993729308 ], [ 78.725992650961203, 11.689049051437141 ], [ 78.728381112299871, 11.689141725421916 ], [ 78.730256255623971, 11.689943392933666 ], [ 78.733452503625671, 11.691116324278207 ], [ 78.733461440964419, 11.691119603721688 ], [ 78.73487517362598, 11.691578155395149 ], [ 78.737758775569475, 11.692959558921602 ], [ 78.740630409258429, 11.693008730009812 ], [ 78.742874796096899, 11.69302852881019 ], [ 78.748797531597205, 11.693431940385343 ], [ 78.75380802972316, 11.693965453716368 ], [ 78.755935774813523, 11.694531400267248 ], [ 78.756004100674062, 11.695566517098049 ], [ 78.758246453726699, 11.69627713940914 ], [ 78.760502392899724, 11.697412630261482 ], [ 78.761016382854137, 11.696658001407524 ], [ 78.765079631767478, 11.697066488609964 ], [ 78.769875926613921, 11.699387180675037 ], [ 78.771045516944156, 11.699175193073835 ], [ 78.775507404942942, 11.700686575179294 ], [ 78.780647704237566, 11.703341697393917 ], [ 78.783533163897047, 11.701539206730903 ], [ 78.786432510612528, 11.699253049429517 ], [ 78.789327610093338, 11.695800690835503 ], [ 78.791350917048803, 11.693414756877932 ], [ 78.798776613071198, 11.691279025269422 ], [ 78.801193824990534, 11.690231066646254 ], [ 78.80373960199671, 11.688572916788234 ], [ 78.804397348447736, 11.688326160919242 ], [ 78.804606469059337, 11.68824770770077 ], [ 78.806079098864203, 11.686458164602751 ], [ 78.804093475336572, 11.685915227584085 ], [ 78.804251914796509, 11.682681191793529 ], [ 78.804254905288076, 11.682620160434698 ], [ 78.804255146934892, 11.682601274025183 ], [ 78.804292407256241, 11.679695703044782 ], [ 78.805200530346639, 11.679329823044593 ], [ 78.805320441962323, 11.676866430013867 ], [ 78.804219982383088, 11.6762830490299 ], [ 78.804538615712673, 11.6683278537632 ], [ 78.80450252409949, 11.666180821886266 ], [ 78.805438070958886, 11.665986709332234 ], [ 78.805461360680965, 11.664666861243385 ], [ 78.805940301067935, 11.663845446439627 ], [ 78.805975202413364, 11.663785588061996 ], [ 78.806489460065734, 11.661344896787833 ], [ 78.805985062321938, 11.661249843401363 ], [ 78.805682521412336, 11.660838438864491 ], [ 78.80488914013317, 11.661055189856608 ], [ 78.804843499428543, 11.660277728580056 ], [ 78.803770509432368, 11.660083076993057 ], [ 78.803770715146584, 11.6593463089739 ], [ 78.800193917434314, 11.65934531394289 ], [ 78.799983141227614, 11.658784768681393 ], [ 78.797043797024102, 11.658634754435795 ], [ 78.796938592626248, 11.657762354091577 ], [ 78.796915782604557, 11.657373622634589 ], [ 78.7973147046593, 11.657459621712633 ], [ 78.79752168458559, 11.655384978685076 ], [ 78.794697366959284, 11.654109482647698 ], [ 78.793294467081765, 11.653227643680262 ], [ 78.79385884982868, 11.652079724139494 ], [ 78.790883672726821, 11.64954304909508 ], [ 78.788476469836354, 11.649022472416439 ], [ 78.787284239266015, 11.649044682403501 ], [ 78.783954772904281, 11.646608519366474 ], [ 78.78394687222135, 11.646602738067955 ], [ 78.783930699851297, 11.646587235635456 ], [ 78.781998730000652, 11.644735286131194 ], [ 78.780972231413713, 11.642985668087162 ], [ 78.78029381742293, 11.642379742324078 ], [ 78.778262853228028, 11.641429807270606 ], [ 78.776136052266992, 11.63931364884002 ], [ 78.773578497449108, 11.636605186838873 ], [ 78.773881281802161, 11.636193974581136 ], [ 78.777533382589752, 11.636493120967641 ], [ 78.777595230698736, 11.63649818715653 ], [ 78.777617555630172, 11.636506874816758 ], [ 78.7793740602513, 11.637190395036987 ], [ 78.779653818088676, 11.637036812780226 ], [ 78.780446999941816, 11.637231454993289 ], [ 78.780891522277017, 11.637923179772642 ], [ 78.781075230447584, 11.63710059401348 ], [ 78.782477794355188, 11.638592699050545 ], [ 78.783037415132753, 11.637987205400291 ], [ 78.784275247780201, 11.638548113753528 ], [ 78.783857727904149, 11.639284740708026 ], [ 78.785164377790565, 11.639759787970059 ], [ 78.784989885436502, 11.640482938732648 ], [ 78.786250570326473, 11.641301489235179 ], [ 78.786251086857732, 11.639791792215856 ], [ 78.786741575986014, 11.640203278944558 ], [ 78.786320042437268, 11.639276528249956 ], [ 78.786063605763005, 11.638282030691999 ], [ 78.785949478399431, 11.636812974330832 ], [ 78.786600702183151, 11.636469666746786 ], [ 78.786344967093129, 11.63342306481422 ], [ 78.78796814375977, 11.633391958174908 ], [ 78.787570205360296, 11.630498991207245 ], [ 78.787781260044724, 11.630087734732063 ], [ 78.78820313944486, 11.629956790324652 ], [ 78.788996406637963, 11.629853085850886 ], [ 78.789487117650125, 11.629550399632437 ], [ 78.789840395406983, 11.628881544023566 ], [ 78.789676672954855, 11.62479987814711 ], [ 78.788966068734183, 11.62455104626372 ], [ 78.788710303101453, 11.621549644564883 ], [ 78.78954941940836, 11.621378151235495 ], [ 78.78917419580911, 11.61911348015065 ], [ 78.788454348822498, 11.619131329065862 ], [ 78.787497184005801, 11.61587205243992 ], [ 78.786450914397733, 11.613522432683917 ], [ 78.78643429376838, 11.61348510891273 ], [ 78.782018651938728, 11.614586509590476 ], [ 78.780620302926422, 11.614454941071241 ], [ 78.776858128872121, 11.613388140294052 ], [ 78.776741885976051, 11.613355178294592 ], [ 78.776743034921296, 11.61334171895704 ], [ 78.776893853074355, 11.611574328767428 ], [ 78.776177045986643, 11.608294002710583 ], [ 78.776156962351834, 11.608202093710622 ], [ 78.776146316417424, 11.608172991402151 ], [ 78.77534171428205, 11.605973402282963 ], [ 78.776116490553363, 11.606100248602116 ], [ 78.776653418090234, 11.604744426428514 ], [ 78.778776409296128, 11.60405362241576 ], [ 78.780367421784035, 11.603751341995046 ], [ 78.782164628172396, 11.603774568421878 ], [ 78.78312272544035, 11.604095822397079 ], [ 78.784196070271065, 11.602609085144609 ], [ 78.784361196789959, 11.602147695759893 ], [ 78.784393404087851, 11.602057703929898 ], [ 78.784408877568637, 11.602037881049325 ], [ 78.786195978808323, 11.599748551939909 ], [ 78.790395762661703, 11.599040262868034 ], [ 78.79434300942745, 11.599493492157361 ], [ 78.794215341757592, 11.597237940304829 ], [ 78.795664070985964, 11.597279056306295 ], [ 78.795618662046692, 11.595855221595453 ], [ 78.801711609428722, 11.59581629565608 ], [ 78.802344460868284, 11.595188180632768 ], [ 78.805751146411851, 11.593959640402824 ], [ 78.808868970590936, 11.592740025790112 ], [ 78.813164864298244, 11.592049507988424 ], [ 78.817625891710975, 11.590866276400373 ], [ 78.81731069803061, 11.585912204976555 ], [ 78.821656775222962, 11.585782060880376 ], [ 78.822541985883717, 11.583820531409819 ], [ 78.824257503073383, 11.579192319737095 ], [ 78.82650994959657, 11.578832154576183 ], [ 78.826572661884825, 11.57882212658753 ], [ 78.826591679219405, 11.57881751256857 ], [ 78.829144682273736, 11.578198135055541 ], [ 78.82932796643945, 11.578153668588564 ], [ 78.829397001070745, 11.576707256665266 ], [ 78.828778131010239, 11.576652902701376 ], [ 78.828663614676145, 11.576178273333289 ], [ 78.827865854110001, 11.576675334064218 ], [ 78.827652356906299, 11.576040890753784 ], [ 78.827358097565309, 11.575166441824068 ], [ 78.827010344447473, 11.574133012016466 ], [ 78.825956706857468, 11.571001828992044 ], [ 78.825955335130018, 11.570997751679956 ], [ 78.823058276423552, 11.570260403174951 ], [ 78.821527690011564, 11.567787604612271 ], [ 78.820899914951681, 11.56662129184204 ], [ 78.819918926813642, 11.56655780340472 ], [ 78.818237509672173, 11.562326642398897 ], [ 78.817549850220473, 11.562552492616861 ], [ 78.81736205741035, 11.561883480024525 ], [ 78.816729421566421, 11.562037020908681 ], [ 78.816660776804, 11.561539796006679 ], [ 78.816170244556588, 11.561711448409373 ], [ 78.816078790670787, 11.560739611385586 ], [ 78.816638062902058, 11.560653855306869 ], [ 78.815520679062871, 11.55590299442253 ], [ 78.815281519686451, 11.554316399639863 ], [ 78.815278110579939, 11.554293787822971 ], [ 78.815277416182241, 11.554287818908533 ], [ 78.8148343787622, 11.550474213705474 ], [ 78.814624052611464, 11.548250283115404 ], [ 78.815197666446252, 11.545560964604267 ], [ 78.814661563562794, 11.544720104404933 ], [ 78.816201947001289, 11.543707957703788 ], [ 78.816037220232701, 11.542473936126237 ], [ 78.816283417909347, 11.542350856156416 ], [ 78.816353534112224, 11.542315804231496 ], [ 78.816380840201887, 11.542317796888454 ], [ 78.817348187422368, 11.542388349609162 ], [ 78.817980849317408, 11.541913879580287 ], [ 78.819915047888259, 11.542519993404518 ], [ 78.820850092589396, 11.542691954064345 ], [ 78.823114245957342, 11.543709441627362 ], [ 78.826639033909615, 11.544311306644623 ], [ 78.82921060514083, 11.543882377637653 ], [ 78.834641842704826, 11.540051827872473 ], [ 78.834720928585824, 11.539996049745165 ], [ 78.834803760441517, 11.53806598487129 ], [ 78.8342450020466, 11.535408079724832 ], [ 78.834011394258667, 11.534481423258526 ], [ 78.833961209875326, 11.53309826608432 ], [ 78.834066796955497, 11.532126463687309 ], [ 78.834465728891701, 11.531168269969751 ], [ 78.834919633231721, 11.530368287393344 ], [ 78.836120723885713, 11.529107372812268 ], [ 78.83822936809824, 11.527643188372181 ], [ 78.839215490108117, 11.526941836813705 ], [ 78.840796390260863, 11.52581744359501 ], [ 78.841699464819328, 11.524890952650939 ], [ 78.843047255749156, 11.523019816084073 ], [ 78.843748590254407, 11.522495578772062 ], [ 78.844789091780001, 11.521980423395872 ], [ 78.846439152328159, 11.521691343835558 ], [ 78.849367959293389, 11.521542522583339 ], [ 78.850747591906725, 11.521257908782756 ], [ 78.851765096561067, 11.521321298326834 ], [ 78.853598328985541, 11.522555468319066 ], [ 78.85475329114972, 11.523152232101287 ], [ 78.855825788869126, 11.523396416026923 ], [ 78.856733300206812, 11.523477857272693 ], [ 78.857943355149033, 11.523107312397011 ], [ 78.859950984706146, 11.521927726824892 ], [ 78.861459019811264, 11.520598929015666 ], [ 78.862747030553834, 11.519396670756731 ], [ 78.86338414180446, 11.519026064166697 ], [ 78.864177083807462, 11.518673547430204 ], [ 78.865465022684802, 11.518361736208874 ], [ 78.868132541174916, 11.518090670248263 ], [ 78.870749644414659, 11.517652332946023 ], [ 78.871890911762307, 11.517123524284052 ], [ 78.872138428165783, 11.516648922671584 ], [ 78.872450130094649, 11.515577669297214 ], [ 78.872495313556811, 11.515154473383244 ], [ 78.872500562413023, 11.515105319355353 ], [ 78.872550993833073, 11.514632972141097 ], [ 78.872463972234854, 11.512843010052631 ], [ 78.872607436779006, 11.511728045080238 ], [ 78.872619843411371, 11.511631628344958 ], [ 78.874421099405012, 11.509909522391457 ], [ 78.876176498200039, 11.508408889597696 ], [ 78.87763396444285, 11.507522975758599 ], [ 78.878614731595334, 11.509850839615433 ], [ 78.880324273191718, 11.509046276272739 ], [ 78.881657983029442, 11.508151301326134 ], [ 78.883656244056453, 11.507459722185345 ], [ 78.885672819037168, 11.506130794403797 ], [ 78.888867272204976, 11.506216618191839 ], [ 78.890278878554227, 11.506144259773894 ], [ 78.892020493599489, 11.506704698346164 ], [ 78.893083765620929, 11.506189368803053 ], [ 78.895673215122955, 11.505610685738089 ], [ 78.897749339423854, 11.504959685893946 ], [ 78.898661363897546, 11.5046748695777 ], [ 78.899628395809302, 11.504575370371517 ], [ 78.902149179887658, 11.505537988262734 ], [ 78.903409547672283, 11.505619260387624 ], [ 78.904944876290685, 11.505347937435117 ], [ 78.90494673490501, 11.505353335217682 ], [ 78.905444557879292, 11.50679885009996 ], [ 78.905962634269926, 11.508923255600353 ], [ 78.906549479390549, 11.511192296860598 ], [ 78.907553381754838, 11.513149413035526 ], [ 78.908635304598192, 11.516073819894659 ], [ 78.909616278363174, 11.517574400355254 ], [ 78.910391079787317, 11.519757532828201 ], [ 78.910900023006462, 11.521606203414013 ], [ 78.911367705706311, 11.523319271054696 ], [ 78.913155451038079, 11.52522204538543 ], [ 78.914296850438078, 11.526275102617962 ], [ 78.915241306788474, 11.52849888343607 ], [ 78.916465089784836, 11.528394777810226 ], [ 78.916974056360232, 11.529997090584674 ], [ 78.916985820697178, 11.53003412799009 ], [ 78.917483030122099, 11.531599401259587 ], [ 78.917703217079691, 11.53299608359206 ], [ 78.915585684935778, 11.53367434886164 ], [ 78.914898163824645, 11.533823590572158 ], [ 78.914902597908906, 11.533864763416817 ], [ 78.915113826866474, 11.535825966760319 ], [ 78.915260821789687, 11.538533484372698 ], [ 78.915888975938628, 11.540129002574311 ], [ 78.91715900959575, 11.542953908766091 ], [ 78.917690879617595, 11.544178787947603 ], [ 78.918726826684704, 11.544314261283207 ], [ 78.918937777164572, 11.545060049088759 ], [ 78.917888127196107, 11.545331387385458 ], [ 78.918085345130208, 11.546230857571379 ], [ 78.919034173581068, 11.546108697232812 ], [ 78.919341418967804, 11.547094036076743 ], [ 78.91848887374573, 11.547433152318668 ], [ 78.918919971657303, 11.549101010401699 ], [ 78.920079799097053, 11.549964195914349 ], [ 78.920625519343929, 11.551726958062762 ], [ 78.92084565599589, 11.552531503877532 ], [ 78.92085115907534, 11.552550686021778 ], [ 78.921221717723299, 11.553842278075408 ], [ 78.919649697417114, 11.555813242940259 ], [ 78.919548901950677, 11.556201983053979 ], [ 78.921112565229748, 11.560052887869569 ], [ 78.922561671750543, 11.563917359879023 ], [ 78.923799842164513, 11.567076720189302 ], [ 78.925179637372921, 11.566886674938239 ], [ 78.927485347704291, 11.566226389831916 ], [ 78.928915582417588, 11.566162881063359 ], [ 78.929667385173786, 11.566212479386014 ], [ 78.930625398898428, 11.565819072926798 ], [ 78.930955578274379, 11.566528670356634 ], [ 78.931308546112447, 11.566474369860209 ], [ 78.93139573300067, 11.566976083164541 ], [ 78.931666192376525, 11.566953437166788 ], [ 78.93179467392001, 11.567667587839662 ], [ 78.933133213100689, 11.56750011061887 ], [ 78.935544460206543, 11.567445435401083 ], [ 78.936910520174266, 11.567372857786472 ], [ 78.936851162195254, 11.56858877060734 ], [ 78.938368497558486, 11.568484517052333 ], [ 78.938506786908292, 11.569407442297859 ], [ 78.938533748943215, 11.569587383592502 ], [ 78.940404048551287, 11.569379090162981 ], [ 78.940463720940656, 11.569754244400576 ], [ 78.942888751796232, 11.569762785408455 ], [ 78.942893575749309, 11.5708747238415 ], [ 78.946469209244981, 11.570706706423049 ], [ 78.946418903589048, 11.571231047233807 ], [ 78.9497057251276, 11.571022373962242 ], [ 78.950077050936812, 11.571049406722862 ], [ 78.952515597844155, 11.570063446321017 ], [ 78.955307202421068, 11.569438983780532 ], [ 78.956064553172482, 11.569291118088792 ], [ 78.956118558989047, 11.569280574040537 ], [ 78.957562653808907, 11.569587565765579 ], [ 78.960326928041624, 11.569650113608455 ], [ 78.961835173352497, 11.569830503578885 ], [ 78.964636352173741, 11.570670453243299 ], [ 78.966452006364747, 11.571723106593096 ], [ 78.96828610296852, 11.573069549251098 ], [ 78.970000980557714, 11.574271372386745 ], [ 78.973486074652527, 11.574507270152271 ], [ 78.974255258911185, 11.574559333769384 ], [ 78.973992914017273, 11.571368243842867 ], [ 78.973671414163604, 11.569506075424105 ], [ 78.977934243580279, 11.568184833078833 ], [ 78.980157293634122, 11.56742923595383 ], [ 78.981009660091431, 11.567026345796954 ], [ 78.98102813574188, 11.567017612850043 ], [ 78.983934958237157, 11.56835002699601 ], [ 78.986905885409399, 11.569411182568729 ], [ 78.990885534407496, 11.570937500212013 ], [ 78.991843541843906, 11.570706614896839 ], [ 78.993196477425343, 11.572220323088917 ], [ 78.995058410124841, 11.574068310815518 ], [ 78.996296868898028, 11.575821612144624 ], [ 78.998772492870401, 11.57465842622439 ], [ 79.002458761978119, 11.574710350765949 ], [ 79.004346774566969, 11.574632384745746 ], [ 79.004407117997857, 11.574629893331835 ], [ 79.004489658799429, 11.574679585199016 ], [ 79.004497607093043, 11.577351030395315 ], [ 79.004607538425944, 11.577468591227527 ], [ 79.007389351366299, 11.579372756356655 ], [ 79.007613878085024, 11.579621428758955 ], [ 79.007774213888538, 11.579937874745903 ], [ 79.008057482342011, 11.582143829100625 ], [ 79.009565585719102, 11.582456314770752 ], [ 79.011339673065279, 11.582628869565726 ], [ 79.01210517243463, 11.58285966143754 ], [ 79.01243530419984, 11.58299817061395 ], [ 79.012511027686742, 11.583029941129562 ], [ 79.012838591168546, 11.583167370436566 ], [ 79.013342767926844, 11.583411665766052 ], [ 79.013576369426573, 11.583800443229268 ], [ 79.014111888405111, 11.58578042405764 ], [ 79.014483241163788, 11.585925296031867 ], [ 79.015436658209097, 11.586083831866238 ], [ 79.015564772341648, 11.586847780921355 ], [ 79.01540317889679, 11.589636589880406 ], [ 79.018597252077214, 11.592743192875156 ], [ 79.018867717741273, 11.592874382676714 ], [ 79.01887939404331, 11.593238479130623 ], [ 79.018882115040327, 11.593323341710819 ], [ 79.018890329235276, 11.593579491274719 ], [ 79.018541909567503, 11.593742109425996 ], [ 79.016308897197149, 11.594468886341 ], [ 79.015194652071585, 11.594834577006608 ], [ 79.015194537985522, 11.595223373774074 ], [ 79.014942344952644, 11.595363306792159 ], [ 79.014534352608521, 11.595263781686413 ], [ 79.014378343091423, 11.595593641994398 ], [ 79.01444572392424, 11.598906851397075 ], [ 79.014349002317601, 11.599896759666617 ], [ 79.013904300319368, 11.599905579583151 ], [ 79.013014208213349, 11.601392363796958 ], [ 79.012390302197389, 11.602250917764582 ], [ 79.012138018434669, 11.602657624569403 ], [ 79.012140554378718, 11.602660153571657 ], [ 79.012568818105578, 11.603087184163437 ], [ 79.014819370980163, 11.604376354391745 ], [ 79.016918594560281, 11.605791891710108 ], [ 79.017981938446908, 11.606492941041004 ], [ 79.01838988138374, 11.606746219574489 ], [ 79.018393648918064, 11.606739281199056 ], [ 79.018954258740791, 11.605706871009831 ], [ 79.019220293913861, 11.60549906383665 ], [ 79.01949537422351, 11.60539514611285 ], [ 79.020164803264834, 11.605282404204187 ], [ 79.021200912028689, 11.60533711161761 ], [ 79.021393477587949, 11.605305538108761 ], [ 79.021824595262473, 11.605048028340462 ], [ 79.023301462420491, 11.603516252960507 ], [ 79.023521738311288, 11.603223319743757 ], [ 79.023569090306566, 11.603160349115486 ], [ 79.023851922178835, 11.602784225127618 ], [ 79.024292070616909, 11.602748214577856 ], [ 79.025268574365029, 11.60285259526569 ], [ 79.02626799772932, 11.602843926795135 ], [ 79.027019976555337, 11.602767317601797 ], [ 79.028198365883796, 11.602410705313869 ], [ 79.029541856578319, 11.601778337313547 ], [ 79.030885565563466, 11.600838628032514 ], [ 79.031678922588114, 11.600111201563681 ], [ 79.03283003816621, 11.5991126721066 ], [ 79.03346313304921, 11.597978317795882 ], [ 79.034466982412937, 11.598444223930994 ], [ 79.035351777153721, 11.598679587389123 ], [ 79.036199844274094, 11.598978144867468 ], [ 79.037025037592414, 11.599096021309682 ], [ 79.037717283841928, 11.59908717760835 ], [ 79.038657144411303, 11.599055849784067 ], [ 79.040358135842794, 11.598889137582997 ], [ 79.040353473586507, 11.599219057845518 ], [ 79.041761013262459, 11.599133627716547 ], [ 79.042114297307492, 11.598080629689976 ], [ 79.042270280773437, 11.597890792068933 ], [ 79.043173582605704, 11.597393870270739 ], [ 79.043934814079151, 11.596951147138512 ], [ 79.04452166009807, 11.596689124175359 ], [ 79.044966391740729, 11.596607928606879 ], [ 79.045681603420476, 11.596580996875456 ], [ 79.046616896056648, 11.596585817395974 ], [ 79.04734589687601, 11.596427835748486 ], [ 79.04789610061448, 11.596229093373188 ], [ 79.048221698582466, 11.596057417277805 ], [ 79.04943666012278, 11.595723323049626 ], [ 79.049808047017422, 11.595619453604929 ], [ 79.049735116392768, 11.594218159184463 ], [ 79.048832029257866, 11.594091366424426 ], [ 79.04836903935707, 11.593838089607067 ], [ 79.048240707832221, 11.593770271653058 ], [ 79.048245403326177, 11.59328660571007 ], [ 79.048113027585927, 11.59153281376889 ], [ 79.047943426558589, 11.591365493400028 ], [ 79.04768674015267, 11.591234360089485 ], [ 79.047425388795503, 11.591116804166932 ], [ 79.047150357893187, 11.590994651096912 ], [ 79.046792823918508, 11.591039754397904 ], [ 79.046205936577095, 11.591152536378415 ], [ 79.045967518310789, 11.591129850978628 ], [ 79.045765849224466, 11.59106658458419 ], [ 79.045490857847994, 11.590899187376422 ], [ 79.045257153940312, 11.590523970867801 ], [ 79.045101347442468, 11.590239218562534 ], [ 79.04500064719744, 11.589836866385911 ], [ 79.044844826326596, 11.589461629970504 ], [ 79.044734915654942, 11.589321473995435 ], [ 79.044611138588593, 11.589203934867989 ], [ 79.044336101398031, 11.589163155598335 ], [ 79.043918817778874, 11.589230833870664 ], [ 79.043707923892896, 11.589339278176501 ], [ 79.043663857934945, 11.589310663182124 ], [ 79.043533751339112, 11.589226176023484 ], [ 79.043451344386497, 11.588968502703837 ], [ 79.0431813763891, 11.587228228732474 ], [ 79.043662765583576, 11.587314282028364 ], [ 79.043997374552148, 11.587291744158213 ], [ 79.044529263438633, 11.587106596687068 ], [ 79.044767741892045, 11.586907764078774 ], [ 79.044983265695009, 11.586776728997004 ], [ 79.045184912323464, 11.586736173775469 ], [ 79.045469142872619, 11.586795035825389 ], [ 79.045744192639575, 11.586926202899834 ], [ 79.046115534618465, 11.586985017389253 ], [ 79.046615230580088, 11.586894813870877 ], [ 79.046913249370562, 11.586849673820407 ], [ 79.047211239414935, 11.586795521590361 ], [ 79.047367188744872, 11.586700674201662 ], [ 79.047486375420149, 11.586515368817162 ], [ 79.047564324033985, 11.586452083777612 ], [ 79.047990700400419, 11.586669154025982 ], [ 79.048394133794517, 11.586660222810186 ], [ 79.048609556986165, 11.586569917105855 ], [ 79.048728853255909, 11.58647500539988 ], [ 79.048866423953456, 11.586181223575977 ], [ 79.048926141258605, 11.585937212270913 ], [ 79.049022375978367, 11.585819705160358 ], [ 79.049192033599553, 11.585724858320509 ], [ 79.049609202234336, 11.585752063902381 ], [ 79.050021778681398, 11.585955607155435 ], [ 79.050608581581187, 11.586091367402606 ], [ 79.050653380564384, 11.586091377082726 ], [ 79.050717573276287, 11.58609139204291 ], [ 79.051085350740124, 11.586091479164015 ], [ 79.051883010695008, 11.58609624794491 ], [ 79.052433109330579, 11.586159658906602 ], [ 79.052822764364862, 11.586200460614867 ], [ 79.053304143677849, 11.586422025270833 ], [ 79.053615794402745, 11.586535126798873 ], [ 79.053913839244316, 11.586499075433256 ], [ 79.054321847758175, 11.586422386074993 ], [ 79.054560266922778, 11.586363676188432 ], [ 79.055014121855464, 11.586399942293982 ], [ 79.055774974239839, 11.586843069353879 ], [ 79.056343391320695, 11.587304295704355 ], [ 79.056494514900976, 11.587729230724987 ], [ 79.056686963679226, 11.588045663133308 ], [ 79.05700777272844, 11.588439008410203 ], [ 79.057580770318935, 11.588900171406191 ], [ 79.05799318237429, 11.589655152601386 ], [ 79.058694571676753, 11.589827057911942 ], [ 79.059528873013747, 11.589890605306897 ], [ 79.060468717413457, 11.590040012424007 ], [ 79.060505050673427, 11.591124793645191 ], [ 79.061055168173638, 11.591337416289951 ], [ 79.061554796761627, 11.591622254595164 ], [ 79.061907777176103, 11.591884495270731 ], [ 79.062256095334263, 11.592214568128188 ], [ 79.062476076577681, 11.592476833767384 ], [ 79.062691559058123, 11.592526557661682 ], [ 79.063480079553273, 11.592671434937792 ], [ 79.064268544352899, 11.592771065686222 ], [ 79.064672056798742, 11.592793722793003 ], [ 79.064593408397286, 11.595505766167204 ], [ 79.065143550152001, 11.595569130114013 ], [ 79.065262496078773, 11.596852839607404 ], [ 79.067357479610777, 11.597327919609112 ], [ 79.068228580433356, 11.597554156026487 ], [ 79.068150314714217, 11.598711306842914 ], [ 79.068150285069805, 11.598770068692348 ], [ 79.068828814943274, 11.598774685021713 ], [ 79.069438573391807, 11.598824543310096 ], [ 79.070034590311451, 11.598946770392539 ], [ 79.070383000996102, 11.599091442824324 ], [ 79.070772638962382, 11.599209074587078 ], [ 79.071414517572236, 11.599322222855367 ], [ 79.071941698388287, 11.599254458151604 ], [ 79.072358937989989, 11.599209408095641 ], [ 79.072826601825213, 11.599046801048367 ], [ 79.073308006291015, 11.5988660770641 ], [ 79.073867463575255, 11.598468383570074 ], [ 79.074706515203459, 11.597966879896294 ], [ 79.075114603667359, 11.5978267704283 ], [ 79.075857361287007, 11.597397547688885 ], [ 79.076719383735309, 11.597040652227752 ], [ 79.077402494118374, 11.596891594686717 ], [ 79.077865586427123, 11.596891709083764 ], [ 79.077571914584325, 11.598066844025274 ], [ 79.077232183421984, 11.600665768578621 ], [ 79.076988780404164, 11.602690781424021 ], [ 79.076690378033106, 11.604476159593343 ], [ 79.076841256373257, 11.60662317403818 ], [ 79.076974009405959, 11.607992815373004 ], [ 79.076075378813158, 11.607866037670032 ], [ 79.074984137745375, 11.608340424887951 ], [ 79.073700267337955, 11.608814813938835 ], [ 79.070985943926601, 11.609492217912681 ], [ 79.06754714540827, 11.610174024317519 ], [ 79.065923999284323, 11.610603045256999 ], [ 79.065928281553283, 11.610642338705942 ], [ 79.065988053655659, 11.611190749900675 ], [ 79.065926149851109, 11.611210843149948 ], [ 79.065570805969131, 11.611326182860449 ], [ 79.065590568905364, 11.611356695370199 ], [ 79.065592042142441, 11.61135896911345 ], [ 79.065781622600014, 11.611651672923941 ], [ 79.066116286365855, 11.61179194527613 ], [ 79.066258416911779, 11.611932038052077 ], [ 79.067202421409576, 11.613862322774846 ], [ 79.068554341894711, 11.617418987717894 ], [ 79.068632036285308, 11.617623387788385 ], [ 79.068975038213637, 11.619114069688431 ], [ 79.068980075965726, 11.619135967055925 ], [ 79.069085516620532, 11.619594206427896 ], [ 79.069095534632567, 11.61964724009284 ], [ 79.069337395243068, 11.620927651770451 ], [ 79.069314313930136, 11.621763845437249 ], [ 79.069070957624717, 11.623119844409731 ], [ 79.068681001654838, 11.624317607845791 ], [ 79.068410232360222, 11.625316416594718 ], [ 79.068336818441921, 11.625668992580085 ], [ 79.068332013353483, 11.626369576612804 ], [ 79.067482953594677, 11.630215954114217 ], [ 79.071577585152482, 11.629611200688664 ], [ 79.071921438683702, 11.629683565912158 ], [ 79.072407339217492, 11.630198971703495 ], [ 79.078216904958339, 11.62958985934522 ], [ 79.078471086861256, 11.629699095682886 ], [ 79.078501182219867, 11.629712028945651 ], [ 79.078516669175372, 11.6297312145895 ], [ 79.079055820940908, 11.630399115256205 ], [ 79.079800334766958, 11.630963048059039 ], [ 79.081783680166964, 11.632465335249004 ], [ 79.0835807554013, 11.633970832858687 ], [ 79.084083790400811, 11.634314855331811 ], [ 79.084089674365927, 11.634318878927358 ], [ 79.085149071055213, 11.632836533296638 ], [ 79.085424278925657, 11.632298651827625 ], [ 79.086786363848262, 11.630680701256386 ], [ 79.087735689965783, 11.629464991996233 ], [ 79.088533661636021, 11.628529446359755 ], [ 79.089116174182038, 11.627376919007288 ], [ 79.089327215391748, 11.626373446343433 ], [ 79.089428259691516, 11.625537283232733 ], [ 79.090748782260846, 11.625288834759267 ], [ 79.090693854772795, 11.624547581257136 ], [ 79.090725968645899, 11.624335160784323 ], [ 79.090886506570314, 11.62408651414281 ], [ 79.091152438437121, 11.623869636664997 ], [ 79.0913542377792, 11.623783763583164 ], [ 79.091345127963891, 11.623291124612503 ], [ 79.091702755363329, 11.623214269387729 ], [ 79.092028320093661, 11.623132970674991 ], [ 79.092335539429271, 11.623060657422768 ], [ 79.092908609783294, 11.623020052041696 ], [ 79.093435921753397, 11.622916239397163 ], [ 79.093830278569854, 11.622884587808763 ], [ 79.09427042341467, 11.622758135400849 ], [ 79.094586866651611, 11.622491459153936 ], [ 79.094916993026942, 11.622089218603637 ], [ 79.095375552436749, 11.621718620398019 ], [ 79.095747003111796, 11.621470047972217 ], [ 79.096164215764034, 11.621311897400293 ], [ 79.096503593888499, 11.621158300224542 ], [ 79.09690705602867, 11.62111768576716 ], [ 79.09711785918482, 11.621669103203972 ], [ 79.098626396448182, 11.621153991351001 ], [ 79.098929119715791, 11.620141552925043 ], [ 79.099030075082354, 11.619576610075264 ], [ 79.099011799756212, 11.618970895566186 ], [ 79.098874386263844, 11.61832450064249 ], [ 79.098553531400555, 11.617488212182582 ], [ 79.098260179357993, 11.616837316577898 ], [ 79.098040090316758, 11.616308475263565 ], [ 79.097870557561407, 11.615906138675985 ], [ 79.09781557168283, 11.615589700019186 ], [ 79.097870609663673, 11.615056383704797 ], [ 79.097976107810624, 11.614636050041067 ], [ 79.098219189231571, 11.614175037799846 ], [ 79.098700603578877, 11.613827026393599 ], [ 79.099310468926944, 11.613619167195958 ], [ 79.100557609019035, 11.613289327317821 ], [ 79.100713478398902, 11.613135648287086 ], [ 79.100993162574412, 11.612864498963273 ], [ 79.101208768124081, 11.612380869634485 ], [ 79.101795695889692, 11.611775202843244 ], [ 79.102373432991627, 11.611119904796665 ], [ 79.102808958699271, 11.610730327677627 ], [ 79.102868606834107, 11.610676972900231 ], [ 79.103354513656129, 11.61149516401189 ], [ 79.103955062576389, 11.612625206276249 ], [ 79.104555621378125, 11.613642316247642 ], [ 79.105926472959567, 11.613945291647186 ], [ 79.106183124331196, 11.614890030394436 ], [ 79.107691612187224, 11.614465235276418 ], [ 79.108526076119247, 11.614302545609783 ], [ 79.109351341302769, 11.614063094011064 ], [ 79.109984067876539, 11.613923019904375 ], [ 79.110369179232109, 11.613846200812507 ], [ 79.110809386060652, 11.613859764836668 ], [ 79.111286191152217, 11.613968282285557 ], [ 79.111595012183983, 11.613987146081838 ], [ 79.111657589724985, 11.613990967588666 ], [ 79.112038097214693, 11.613819208270508 ], [ 79.112941390962135, 11.613285856011716 ], [ 79.113899702927426, 11.612540133983469 ], [ 79.114633269883399, 11.611825998573746 ], [ 79.115509023080847, 11.610863268010425 ], [ 79.116054656191153, 11.610185276050338 ], [ 79.116334410435229, 11.609525373954996 ], [ 79.116494921410208, 11.608869959749279 ], [ 79.116504126446941, 11.607613443869322 ], [ 79.11638961190944, 11.606691353167109 ], [ 79.116169548919359, 11.605362403156308 ], [ 79.118063105910124, 11.605516179745125 ], [ 79.118063061892698, 11.605235973598376 ], [ 79.117911761344331, 11.604892371036202 ], [ 79.117682655912589, 11.603617723346535 ], [ 79.117297628100317, 11.602252619607842 ], [ 79.117091340775119, 11.601687599156612 ], [ 79.116903369200244, 11.600788143568879 ], [ 79.116472470714655, 11.599178976974553 ], [ 79.119090400404417, 11.598541779405634 ], [ 79.121511069040977, 11.597985875010719 ], [ 79.122648087357348, 11.597678526403627 ], [ 79.123404608065457, 11.597362156827062 ], [ 79.12377595992578, 11.597226550773602 ], [ 79.130148533991189, 11.595486454970681 ], [ 79.130111887219158, 11.594844636100081 ], [ 79.13189071317845, 11.594600525883941 ], [ 79.131890706890246, 11.594134945089777 ], [ 79.133587022590717, 11.593927084421981 ], [ 79.1333394118641, 11.592697550415108 ], [ 79.134673508875707, 11.592100933863932 ], [ 79.134118824340618, 11.590130176207063 ], [ 79.135692988027017, 11.588995423729244 ], [ 79.135755434414023, 11.58895040897843 ], [ 79.136447713002909, 11.589366287166255 ], [ 79.137020748322627, 11.588837406988279 ], [ 79.13754340073136, 11.589470166856447 ], [ 79.13939093882675, 11.58858426356762 ], [ 79.141550154596473, 11.58793327414104 ], [ 79.142072833056332, 11.588697145099733 ], [ 79.143654430301737, 11.587693600156424 ], [ 79.144598888448726, 11.588927550039386 ], [ 79.145149058051246, 11.588484567965709 ], [ 79.145524979641436, 11.589230332269889 ], [ 79.145969663673384, 11.589054105782836 ], [ 79.146258571750224, 11.58979988880678 ], [ 79.147743903733172, 11.589478846302232 ], [ 79.148257479564251, 11.591119628072212 ], [ 79.149000182386672, 11.591087927995963 ], [ 79.149001845168243, 11.591105915983473 ], [ 79.149179062112566, 11.593022501653413 ], [ 79.150233830681501, 11.597461201598264 ], [ 79.150884858632523, 11.597895071382817 ], [ 79.153172543369351, 11.597790897394933 ], [ 79.15331931012048, 11.598261052352017 ], [ 79.153634415765964, 11.598180073714056 ], [ 79.15370455442671, 11.598162049223346 ], [ 79.155923350059354, 11.597591826879238 ], [ 79.156487327666085, 11.59824271723607 ], [ 79.159325094868848, 11.597166637590243 ], [ 79.160714322387733, 11.597898805112711 ], [ 79.165404180347736, 11.596149012605014 ], [ 79.16691241308223, 11.595610878187747 ], [ 79.169878476775537, 11.594046608570803 ], [ 79.171973474680541, 11.592889179706075 ], [ 79.173949234706342, 11.592039165436667 ], [ 79.174204331992499, 11.592406759185007 ], [ 79.174375737735232, 11.592653755047778 ], [ 79.176892486581323, 11.591717792867996 ], [ 79.177616739804392, 11.591252075269155 ], [ 79.178038470084218, 11.590840665869738 ], [ 79.178217101875092, 11.589882431873484 ], [ 79.17851501735926, 11.589339901217215 ], [ 79.179234679292961, 11.588797460147696 ], [ 79.179894755075537, 11.588236828332963 ], [ 79.180829904879573, 11.587576750269299 ], [ 79.181742064100519, 11.587016121285375 ], [ 79.182590144695624, 11.586532262366823 ], [ 79.183627561406567, 11.586007832323048 ], [ 79.183690281779704, 11.585976126386766 ], [ 79.184997023294258, 11.58660869209211 ], [ 79.18544174056386, 11.586929546052549 ], [ 79.186776161867272, 11.588579099707662 ], [ 79.188055538003354, 11.590206077829208 ], [ 79.188766340751684, 11.591403803963633 ], [ 79.189692615200727, 11.592131324396803 ], [ 79.190275140323124, 11.593541462605646 ], [ 79.192539828188657, 11.592989609407308 ], [ 79.192653011422891, 11.59354776243806 ], [ 79.192657222724947, 11.593568531028263 ], [ 79.193820259845182, 11.599303859650073 ], [ 79.194393925782279, 11.601965998786431 ], [ 79.194976552414289, 11.603389687932674 ], [ 79.201539324079846, 11.611578536597012 ], [ 79.20178657907357, 11.610475660705896 ], [ 79.20223132958084, 11.610620196049631 ], [ 79.202588940810628, 11.610561272148226 ], [ 79.203212963607584, 11.612247117850982 ], [ 79.203827192971318, 11.611935100207683 ], [ 79.204533931741295, 11.614344165051582 ], [ 79.205533969553244, 11.616341722006547 ], [ 79.206148198916978, 11.616016169665251 ], [ 79.209418117755135, 11.618921714888426 ], [ 79.21109161085748, 11.618948300418952 ], [ 79.211417436099239, 11.62001050617177 ], [ 79.212366039971272, 11.620089640351937 ], [ 79.212389482406934, 11.620091596378563 ], [ 79.212358011727574, 11.622102996921601 ], [ 79.212583136724319, 11.623721137237267 ], [ 79.212514499148384, 11.624150513036867 ], [ 79.21261114799151, 11.625402552290268 ], [ 79.209883092932728, 11.625891471768966 ], [ 79.210149180208077, 11.626384087662528 ], [ 79.210892270204383, 11.627437099342304 ], [ 79.211013976653987, 11.627835091149446 ], [ 79.211135516016981, 11.628232531583885 ], [ 79.211195719310737, 11.630375014696028 ], [ 79.210952895706257, 11.631188674708294 ], [ 79.210045541573777, 11.633024129864134 ], [ 79.210040239716932, 11.633104459599334 ], [ 79.210022721670612, 11.633369901793484 ], [ 79.209999900869107, 11.633715673293246 ], [ 79.215535346599324, 11.637293973597657 ], [ 79.215820181714662, 11.639165182287213 ], [ 79.216260429865741, 11.639219344582749 ], [ 79.216530656577902, 11.639193684823704 ], [ 79.216595095428204, 11.639187566390893 ], [ 79.216571932368609, 11.638175097643103 ], [ 79.217534747588431, 11.638003090165983 ], [ 79.218887720000765, 11.638902161675086 ], [ 79.218694936150911, 11.638292041585691 ], [ 79.221757661263766, 11.637481978049548 ], [ 79.222101120434544, 11.636275021361234 ], [ 79.22212401040629, 11.636139399045355 ], [ 79.222330268087077, 11.635818375581414 ], [ 79.222903360899025, 11.635596792979943 ], [ 79.223375561226433, 11.63547912642299 ], [ 79.223579001790498, 11.635504454819177 ], [ 79.223701124160115, 11.635519659598536 ], [ 79.223834009245152, 11.635221310194979 ], [ 79.223636364611295, 11.633616702113997 ], [ 79.224750372581653, 11.633069425215911 ], [ 79.224635390920241, 11.631984642627774 ], [ 79.225135093170081, 11.631754001380898 ], [ 79.227895307916015, 11.631689763150865 ], [ 79.228353864630904, 11.631621853218562 ], [ 79.229353268232259, 11.631305120061878 ], [ 79.230953287229212, 11.630644604563997 ], [ 79.231466792991682, 11.630526956150328 ], [ 79.233057753377338, 11.630359138293604 ], [ 79.235061100665476, 11.629359499433811 ], [ 79.235542468300366, 11.62933139095381 ], [ 79.235606765216815, 11.629327637407725 ], [ 79.236634964314632, 11.632387392403555 ], [ 79.238709152746097, 11.63684340398221 ], [ 79.239030351664141, 11.637412806067218 ], [ 79.239397150862629, 11.637322285398534 ], [ 79.241210056208857, 11.641764773171284 ], [ 79.242503137941213, 11.641678454254995 ], [ 79.243085886744126, 11.64279918682573 ], [ 79.244099127994133, 11.642468799943739 ], [ 79.244636212736197, 11.644000865266712 ], [ 79.245361183713214, 11.645121540086361 ], [ 79.245715994894212, 11.645395625642049 ], [ 79.245741593286567, 11.645415399686351 ], [ 79.24606298174912, 11.645663664782671 ], [ 79.246604581423824, 11.646843223620255 ], [ 79.247085979601422, 11.646870107381966 ], [ 79.247145794822941, 11.647322118610246 ], [ 79.248012713089551, 11.647990766235703 ], [ 79.248645954397958, 11.649021084952066 ], [ 79.248559111564475, 11.649671988871761 ], [ 79.248660244797506, 11.650363547211505 ], [ 79.248403576357902, 11.65061224603218 ], [ 79.248578087576561, 11.651262999297371 ], [ 79.248312203320424, 11.651389687734643 ], [ 79.248051012761707, 11.651796651821543 ], [ 79.248500406660668, 11.651927476850869 ], [ 79.248727724445018, 11.652366698090754 ], [ 79.248743665948041, 11.652397499955653 ], [ 79.25048219258538, 11.652547462142492 ], [ 79.252683602223996, 11.651924701071298 ], [ 79.255669480955859, 11.650271725123087 ], [ 79.256201250366388, 11.650678698765583 ], [ 79.259572270996514, 11.64903486985477 ], [ 79.261163428113207, 11.649017444287683 ], [ 79.26296089411467, 11.64922164518946 ], [ 79.263172839927861, 11.646839598764133 ], [ 79.264024815618029, 11.646619708919408 ], [ 79.265074489840998, 11.646348784887692 ], [ 79.265970200909138, 11.646117600383233 ], [ 79.265947696314612, 11.645050856704968 ], [ 79.270808321315172, 11.64374937323158 ], [ 79.270886738849597, 11.643728376106058 ], [ 79.270901808986807, 11.643914333246173 ], [ 79.271087479976245, 11.646205454969474 ], [ 79.272362721167056, 11.645116596350226 ], [ 79.272321059100804, 11.64606582814779 ], [ 79.273403615256456, 11.645117045060921 ], [ 79.274077149598597, 11.646378384704377 ], [ 79.275158734675415, 11.647092647042417 ], [ 79.275200311401719, 11.647120102662058 ], [ 79.278355059932238, 11.647170921857802 ], [ 79.278469187295812, 11.648450146726331 ], [ 79.279120217043484, 11.648830052946584 ], [ 79.27957400729747, 11.649191833640858 ], [ 79.280329757251039, 11.649235271716087 ], [ 79.280362771236042, 11.649237170350087 ], [ 79.281156003394884, 11.649282758678114 ], [ 79.281584759398498, 11.649262567878136 ], [ 79.282013517198763, 11.649242376196892 ], [ 79.284925784383006, 11.647810541186715 ], [ 79.285673023697555, 11.648244714396528 ], [ 79.28695701178431, 11.648136671332688 ], [ 79.288360154206941, 11.648259162718258 ], [ 79.291086410838531, 11.64739478716268 ], [ 79.29115023164789, 11.647374552234657 ], [ 79.291455180042462, 11.647277862005199 ], [ 79.291464818965451, 11.647274807276823 ], [ 79.292886693058406, 11.645878572069067 ], [ 79.293795145830501, 11.644256148251644 ], [ 79.295982730396929, 11.643230740687178 ], [ 79.296436741636469, 11.643086238985838 ], [ 79.296661515391904, 11.64268857429405 ], [ 79.296771711727814, 11.642308912193252 ], [ 79.296347026889038, 11.636364920314858 ], [ 79.296586418030785, 11.636305968424878 ], [ 79.304743219625266, 11.634297066340373 ], [ 79.308672962717708, 11.632681957029812 ], [ 79.308732804888692, 11.632657362183577 ], [ 79.30873935720038, 11.632678704171695 ], [ 79.310863138025397, 11.63959615317318 ], [ 79.311279340971268, 11.641995707902634 ], [ 79.31160953921183, 11.643899379676933 ], [ 79.311703873096462, 11.643874503397383 ], [ 79.318510957773185, 11.642079418011093 ], [ 79.319619494105126, 11.647024639691402 ], [ 79.319976925671867, 11.647996529909063 ], [ 79.321086539982147, 11.648457758000255 ], [ 79.32630893002235, 11.64785528512518 ], [ 79.326405781884716, 11.647844112338488 ], [ 79.327377679072086, 11.649024054319392 ], [ 79.328019570258334, 11.649205022902411 ], [ 79.328908083126095, 11.654683442776511 ], [ 79.329535771049407, 11.657743609394499 ], [ 79.330384132817201, 11.657712176436803 ], [ 79.330791888904429, 11.659475057686965 ], [ 79.330900845565239, 11.659581520656683 ], [ 79.332269510647322, 11.660918844140628 ], [ 79.332314065288756, 11.660962378037002 ], [ 79.336413810057167, 11.66029861536262 ], [ 79.337716068978452, 11.660782537067803 ], [ 79.340958269400232, 11.65978409060161 ], [ 79.341546756641165, 11.660547534909375 ], [ 79.341655132091958, 11.660688130123882 ], [ 79.344727584162698, 11.660245636076473 ], [ 79.351156991941167, 11.65763377966165 ], [ 79.351638334423228, 11.658659917082653 ], [ 79.359841916684431, 11.659885603821071 ], [ 79.36320747106609, 11.662584954146316 ], [ 79.363212206085919, 11.662588752111596 ], [ 79.363165594302458, 11.662626222375073 ], [ 79.363149162319289, 11.662639432992931 ], [ 79.360524797997144, 11.664749209686196 ], [ 79.360304378375872, 11.66874486528202 ], [ 79.361579288088336, 11.668234227086351 ], [ 79.361551483433644, 11.672691006251448 ], [ 79.363436241426214, 11.672487690033142 ], [ 79.364403806038965, 11.67348220676014 ], [ 79.366898535380784, 11.673536597253017 ], [ 79.367425884181799, 11.674020246906617 ], [ 79.371195477422035, 11.673920931154344 ], [ 79.371640189301758, 11.675484908415809 ], [ 79.374277142614332, 11.675123398634302 ], [ 79.375634478144008, 11.678174436201578 ], [ 79.376547123353518, 11.67807052803705 ], [ 79.376909351025574, 11.679119209162577 ], [ 79.381619130923625, 11.678043435284234 ], [ 79.38214649858925, 11.679684208684204 ], [ 79.383366435897912, 11.679711317111519 ], [ 79.383366428711398, 11.68034868328626 ], [ 79.384196444186145, 11.680398343974222 ], [ 79.384224021567064, 11.679607390169377 ], [ 79.384888982388134, 11.679503439435962 ], [ 79.384976060580186, 11.68085941089676 ], [ 79.390433419356015, 11.679733831663446 ], [ 79.390905792159955, 11.680221947368599 ], [ 79.392180630007232, 11.679580117225047 ], [ 79.392290696087386, 11.68032135499295 ], [ 79.393186922788487, 11.680307358753469 ], [ 79.393244331423332, 11.680306463205259 ], [ 79.395477951953126, 11.680271556176182 ], [ 79.394913905176097, 11.679263527602812 ], [ 79.395895293064441, 11.679480453337515 ], [ 79.39523021097078, 11.677252091200355 ], [ 79.39927962942204, 11.677369401367594 ], [ 79.399279553963552, 11.676334391602582 ], [ 79.401723747680748, 11.67554768056897 ], [ 79.401824748861401, 11.676429135435791 ], [ 79.403566218379652, 11.67595261313509 ], [ 79.403659016145099, 11.675927219808401 ], [ 79.403961626224984, 11.675045837243221 ], [ 79.40996894709248, 11.672758111743446 ], [ 79.412312307613973, 11.672382697659112 ], [ 79.414348384121212, 11.671912408400781 ], [ 79.414567333200324, 11.672190345403781 ], [ 79.414594528797252, 11.67222486812468 ], [ 79.414618961176345, 11.672255881562709 ], [ 79.41488957326581, 11.672599399165868 ], [ 79.41838845470356, 11.671500599155449 ], [ 79.417842247569823, 11.667898240919328 ], [ 79.418473459583979, 11.667751759409541 ], [ 79.418473897961832, 11.667751657358172 ], [ 79.418543864146059, 11.667735420632454 ], [ 79.421166864825622, 11.667233364347169 ], [ 79.424560265184425, 11.667174111971779 ], [ 79.426357912645585, 11.666983951974967 ], [ 79.428462758781038, 11.666793832316635 ], [ 79.428531564341938, 11.667295503184922 ], [ 79.429360791095846, 11.667708259128958 ], [ 79.429412133407581, 11.66773381508275 ], [ 79.430737459268755, 11.667796910100009 ], [ 79.431654634682275, 11.667765058638466 ], [ 79.43127834208785, 11.666418208696468 ], [ 79.433382765116846, 11.6639408367671 ], [ 79.435047487967083, 11.664754080052608 ], [ 79.435625552954107, 11.665947292615957 ], [ 79.442614286862735, 11.666194538195882 ], [ 79.444278807592028, 11.666008859018792 ], [ 79.443793042703817, 11.667450835262619 ], [ 79.443781840712248, 11.667482890863205 ], [ 79.442866644287307, 11.670101789334925 ], [ 79.442496111690474, 11.671162072729491 ], [ 79.442463457031579, 11.671611411349961 ], [ 79.442048033823397, 11.677327479938578 ], [ 79.442348980223372, 11.679994268585961 ], [ 79.442354570439363, 11.680043800899142 ], [ 79.442649937403104, 11.682661072040505 ], [ 79.442687432184755, 11.68620022505106 ], [ 79.441770608910844, 11.688153037403753 ], [ 79.44149117356865, 11.689599534398811 ], [ 79.441333725848821, 11.689699114595006 ], [ 79.44130032558823, 11.689720239315058 ], [ 79.440340161296788, 11.690327508791265 ], [ 79.439290071153835, 11.690797764160635 ], [ 79.439629593008746, 11.691502845307246 ], [ 79.437153113840239, 11.691756499411824 ], [ 79.436762234402238, 11.695667808734601 ], [ 79.436741145552602, 11.695878826994045 ], [ 79.435714554439201, 11.699608049081187 ], [ 79.435374703800889, 11.700667463932437 ], [ 79.434518216771352, 11.703337338776731 ], [ 79.435376949589099, 11.709000748364694 ], [ 79.435524623638656, 11.713452921100666 ], [ 79.436574934767151, 11.713579341854924 ], [ 79.436567985400146, 11.714534814858069 ], [ 79.436543700344743, 11.717873363765403 ], [ 79.437057546568724, 11.718582905783553 ], [ 79.435805787339447, 11.72061716781233 ], [ 79.435581301044877, 11.72210884882278 ], [ 79.435861481090441, 11.723939393940677 ], [ 79.434967086952511, 11.723903385032667 ], [ 79.434967436397187, 11.726077533947175 ], [ 79.431270642627553, 11.726720019666887 ], [ 79.42910141423566, 11.728189419206672 ], [ 79.429071925239839, 11.728324172329815 ], [ 79.428450551574656, 11.731163650422518 ], [ 79.429909323069595, 11.731895709047793 ], [ 79.431106486289167, 11.731945223269596 ], [ 79.431317274173949, 11.730729263290709 ], [ 79.432950409563858, 11.731940322421906 ], [ 79.436055923230299, 11.733372621362891 ], [ 79.437661387814515, 11.733733966178022 ], [ 79.439799706075803, 11.73762973899432 ], [ 79.440238724433257, 11.737612683128866 ], [ 79.440267545980831, 11.737611562606322 ], [ 79.442551333825946, 11.735287868735711 ], [ 79.446532789336018, 11.73525986335031 ], [ 79.450844862599908, 11.736813676394304 ], [ 79.454289828950991, 11.737608426198618 ], [ 79.456922817998191, 11.737847260994135 ], [ 79.456928963373073, 11.73787235135369 ], [ 79.45729476095002, 11.739365867889395 ], [ 79.460699004872623, 11.742108618299586 ], [ 79.462791058998448, 11.743229058730865 ], [ 79.462080742238697, 11.74558867592029 ], [ 79.461728908074505, 11.750280535342421 ], [ 79.461935638269125, 11.751383412608034 ], [ 79.463086950578329, 11.753691790072603 ], [ 79.463087123054848, 11.754188919934554 ], [ 79.461256898189916, 11.754501396579679 ], [ 79.460532174249636, 11.754623633320868 ], [ 79.460422166559937, 11.754967156723756 ], [ 79.460415397754289, 11.754988294920162 ], [ 79.460312140903952, 11.755310738622871 ], [ 79.460528246815201, 11.757105135257104 ], [ 79.462042477600832, 11.75853753295061 ], [ 79.462237066166097, 11.76525417269742 ], [ 79.462865682947438, 11.765877782225365 ], [ 79.46375151614069, 11.767247141989424 ], [ 79.463623221446753, 11.767807658125996 ], [ 79.463446770765387, 11.767867605659269 ], [ 79.463392007669029, 11.767886210973257 ], [ 79.4619856223282, 11.768364008126355 ], [ 79.459081937648207, 11.768925361843326 ], [ 79.453779096287775, 11.769672522800526 ], [ 79.453150572931278, 11.769424099924599 ], [ 79.452833856606475, 11.768741670623774 ], [ 79.450943686264353, 11.768308203710221 ], [ 79.450498675245612, 11.768244983902017 ], [ 79.450878538643295, 11.764574671276041 ], [ 79.450796251166651, 11.764560001254457 ], [ 79.447029520857242, 11.763888481739812 ], [ 79.446144350620671, 11.764385883402362 ], [ 79.44671333184354, 11.765072815707049 ], [ 79.446272960623261, 11.765384830600313 ], [ 79.443240690195196, 11.765195617632182 ], [ 79.443369308282627, 11.765756124757695 ], [ 79.443750141860804, 11.766253231948895 ], [ 79.443181469658413, 11.766877115355344 ], [ 79.442612662708711, 11.767374385854581 ], [ 79.442424718981584, 11.767998226263963 ], [ 79.44197988133773, 11.768369010340283 ], [ 79.441222886319153, 11.768120483393094 ], [ 79.441034619198533, 11.767374778083026 ], [ 79.440355482063964, 11.766502520418415 ], [ 79.440265068427266, 11.766509789859324 ], [ 79.438777482571268, 11.766629405817209 ], [ 79.437708791013719, 11.767501991108887 ], [ 79.435750016333358, 11.767814279389109 ], [ 79.435746246104102, 11.767854837150637 ], [ 79.435310504800796, 11.772542260272976 ], [ 79.435310960246653, 11.775028266742041 ], [ 79.433861500687939, 11.776149500948526 ], [ 79.432407348330216, 11.776669554165142 ], [ 79.431274365246097, 11.777166980195677 ], [ 79.431526757704958, 11.777600861410598 ], [ 79.431081909281303, 11.778071090256635 ], [ 79.430641467094162, 11.778536656597097 ], [ 79.43067307072414, 11.778648149581501 ], [ 79.431082189555681, 11.780091446861631 ], [ 79.431091449389612, 11.780122012002858 ], [ 79.431960043014271, 11.782989174565969 ], [ 79.431960610749528, 11.782991050296364 ], [ 79.431968090122567, 11.783015739937504 ], [ 79.435436232109652, 11.782269296779981 ], [ 79.438777391841427, 11.789435702066388 ], [ 79.439351337154562, 11.790666700056056 ], [ 79.439293034695964, 11.790716083231896 ], [ 79.438470634239891, 11.791412672791461 ], [ 79.438278686721574, 11.795214093692358 ], [ 79.440238728924811, 11.7998783138913 ], [ 79.440303500151742, 11.802802771626345 ], [ 79.441690294134546, 11.808339512596474 ], [ 79.442368260764312, 11.809107814630504 ], [ 79.442388189888888, 11.809130400389085 ], [ 79.442511770224215, 11.809270445064257 ], [ 79.443521370602355, 11.809957238703515 ], [ 79.444406834588008, 11.809893777006252 ], [ 79.445416069351822, 11.809147768366582 ], [ 79.446741956660063, 11.809020889426897 ], [ 79.448567869611608, 11.808211383789878 ], [ 79.449453342580426, 11.808211204411631 ], [ 79.451155817130498, 11.80926842179082 ], [ 79.452395426645552, 11.810331170274813 ], [ 79.452433190921766, 11.810363546919239 ], [ 79.452610557884739, 11.810515606568995 ], [ 79.453262212859812, 11.811003616417006 ], [ 79.453679768668522, 11.81107584004209 ], [ 79.455588331117752, 11.810686579819031 ], [ 79.457689384566109, 11.80962835407742 ], [ 79.460432957123118, 11.809166631156662 ], [ 79.462557003849497, 11.808325249393116 ], [ 79.463538655842527, 11.807746407684984 ], [ 79.466424437997205, 11.807284568162776 ], [ 79.467208708562751, 11.806249230953631 ], [ 79.465786023291088, 11.805047338763995 ], [ 79.4652488253613, 11.80374577221354 ], [ 79.465785282180974, 11.802588487671976 ], [ 79.465886112681716, 11.802199699903332 ], [ 79.463977181024873, 11.801260143600809 ], [ 79.463926511551293, 11.800564054760965 ], [ 79.464015613647703, 11.800512483826251 ], [ 79.464637581099254, 11.800152494724944 ], [ 79.46830764909086, 11.799238397801165 ], [ 79.470555772022593, 11.799481724353683 ], [ 79.471069876961366, 11.800033064835411 ], [ 79.470900711616949, 11.802085137089099 ], [ 79.471437788274173, 11.802880530987656 ], [ 79.472318561257438, 11.80249607606018 ], [ 79.472639805989559, 11.802613431433087 ], [ 79.472369361885058, 11.803336742362315 ], [ 79.472392407265374, 11.803870119397324 ], [ 79.47271390622069, 11.804832737372177 ], [ 79.473365626772789, 11.805338773612871 ], [ 79.476788428990872, 11.805748963808304 ], [ 79.477109665638153, 11.806137603215905 ], [ 79.477206067444541, 11.806282263167258 ], [ 79.477623625948169, 11.806232387741423 ], [ 79.477940019777776, 11.805893259929315 ], [ 79.477940196745863, 11.806209649623129 ], [ 79.478087144058364, 11.806593768722196 ], [ 79.478578216193256, 11.807004945383037 ], [ 79.478991010032615, 11.806665807095721 ], [ 79.479064532647058, 11.807027381832386 ], [ 79.479092293284296, 11.80762851637351 ], [ 79.479482290576669, 11.807750438426829 ], [ 79.479899745774034, 11.807510704149022 ], [ 79.480216542048893, 11.808206695334514 ], [ 79.481194350150787, 11.809702482629703 ], [ 79.48268101792857, 11.811839265755582 ], [ 79.482690929939437, 11.811853512069446 ], [ 79.482667127279342, 11.811946885110977 ], [ 79.48154084472894, 11.816364843287092 ], [ 79.481484175407545, 11.816412948638691 ], [ 79.480022673034142, 11.817653587221393 ], [ 79.480513791881449, 11.818137018286182 ], [ 79.480564244861071, 11.818281693883549 ], [ 79.479610048976369, 11.81876561798987 ], [ 79.479610153180957, 11.819005175357018 ], [ 79.479949848410712, 11.819389294980178 ], [ 79.479780301282304, 11.819967906337528 ], [ 79.478775824894541, 11.820912902686858 ], [ 79.47858319735154, 11.821224903336111 ], [ 79.47855573405667, 11.821441813140712 ], [ 79.478826471011928, 11.821563757182057 ], [ 79.478730255156805, 11.821875662129246 ], [ 79.478115435599918, 11.821875932941735 ], [ 79.47767493502225, 11.821975515424523 ], [ 79.477629154180434, 11.822242145921495 ], [ 79.477776103289571, 11.82243651598214 ], [ 79.477629330250238, 11.822630890301053 ], [ 79.47718883775741, 11.822703413324751 ], [ 79.477014613999614, 11.822965604619229 ], [ 79.477579084781453, 11.823254680702219 ], [ 79.478776788786817, 11.823882600421241 ], [ 79.479731617983774, 11.82511168432884 ], [ 79.479832698216171, 11.825355674597105 ], [ 79.47931895889171, 11.825862144198883 ], [ 79.4802232560573, 11.826874304216641 ], [ 79.480760398291565, 11.827692190137945 ], [ 79.480934931968093, 11.828370121427771 ], [ 79.48095410471123, 11.828489831749801 ], [ 79.480961231944704, 11.828534330966072 ], [ 79.481012332609623, 11.828853384094211 ], [ 79.481024143658985, 11.828927123214379 ], [ 79.481155729780113, 11.829748699307068 ], [ 79.480665278381082, 11.831217863610917 ], [ 79.48061396661204, 11.831362874314069 ], [ 79.479982256032898, 11.83314814936379 ], [ 79.480423487839204, 11.835150294110786 ], [ 79.480763690617067, 11.836822583132683 ], [ 79.480497603341732, 11.837184307068444 ], [ 79.478171196724546, 11.837185084291953 ], [ 79.476532926564502, 11.83653476371718 ], [ 79.475307747586143, 11.836508061980052 ], [ 79.472884667871398, 11.835618392368698 ], [ 79.472370535983131, 11.835085209061644 ], [ 79.472053896015154, 11.835012956602847 ], [ 79.471914946403658, 11.835125858864366 ], [ 79.471855564170099, 11.835174108626683 ], [ 79.471636515377952, 11.835352092305898 ], [ 79.471931010975851, 11.838077594805155 ], [ 79.471958911750264, 11.839162363672544 ], [ 79.471417613011226, 11.839623627160117 ], [ 79.469976841059633, 11.839813914156439 ], [ 79.469802646047938, 11.840202664334287 ], [ 79.469706558651879, 11.841020795252344 ], [ 79.469757094276488, 11.841310079964529 ], [ 79.470417953389997, 11.841576562371289 ], [ 79.470858498883416, 11.841793332069518 ], [ 79.471078891555237, 11.842276912139095 ], [ 79.470661570206843, 11.843000224645001 ], [ 79.468922493800534, 11.843122823744126 ], [ 79.468803336769682, 11.843556793077573 ], [ 79.468849385309468, 11.843940958227956 ], [ 79.469097334700905, 11.844496901399468 ], [ 79.469464525564874, 11.844835719377258 ], [ 79.470272132564887, 11.844641183244967 ], [ 79.470978805757852, 11.844785521282292 ], [ 79.471153247806242, 11.845002475701476 ], [ 79.472422827814142, 11.845090179863586 ], [ 79.472420573042754, 11.845114382113907 ], [ 79.472300921938498, 11.846398752053229 ], [ 79.472227643665832, 11.846882422439377 ], [ 79.469391967741046, 11.847583941980082 ], [ 79.467455583569134, 11.847824045569153 ], [ 79.465574166411116, 11.847512736411163 ], [ 79.464078233409495, 11.847712052349042 ], [ 79.463137482609682, 11.847450161725092 ], [ 79.463079881735325, 11.847436791168985 ], [ 79.46302596485198, 11.847424274295266 ], [ 79.460434507615304, 11.846822675934565 ], [ 79.455969921975736, 11.847637445271939 ], [ 79.453418659856439, 11.84815797823037 ], [ 79.453353476302809, 11.848177583872801 ], [ 79.452065101742534, 11.848565094821 ], [ 79.45150077379283, 11.849080512736306 ], [ 79.451514718341016, 11.849162563382064 ], [ 79.452332657763364, 11.853975443356925 ], [ 79.452266130330059, 11.853977294863856 ], [ 79.450038227577068, 11.85403930099733 ], [ 79.450044599327384, 11.854082217086072 ], [ 79.450718571149082, 11.85862234597805 ], [ 79.451242731829169, 11.862762566123664 ], [ 79.453422521713833, 11.862798196372173 ], [ 79.454961207336453, 11.86805455429038 ], [ 79.455259827998148, 11.86908950799454 ], [ 79.455076865429291, 11.871494192093623 ], [ 79.449423217577362, 11.872196198672896 ], [ 79.449367527419639, 11.872208318815559 ], [ 79.446408299905656, 11.872852340944526 ], [ 79.44097926590905, 11.872776634837349 ], [ 79.437648160121952, 11.875828293043018 ], [ 79.431684050914555, 11.880150922584418 ], [ 79.431623348157558, 11.880194915823994 ], [ 79.430879886258765, 11.880733726723523 ], [ 79.42935658787863, 11.882424473701207 ], [ 79.429309118204074, 11.882491801385179 ], [ 79.426736633386199, 11.886140384025506 ], [ 79.424524881443688, 11.888346451663647 ], [ 79.422180027023884, 11.890579659362977 ], [ 79.417715072176705, 11.895091228936341 ], [ 79.416407268853476, 11.897089190173979 ], [ 79.414571642418778, 11.898897416756286 ], [ 79.413718061439141, 11.899448938928332 ], [ 79.410601843447807, 11.900972527684186 ], [ 79.408582478299806, 11.901908314563789 ], [ 79.405250947609545, 11.903293020925966 ], [ 79.405232185396542, 11.903300819404336 ], [ 79.405165958000524, 11.903333998973952 ], [ 79.400991461722398, 11.905425449899012 ], [ 79.398196423784455, 11.907396393401299 ], [ 79.396020885626001, 11.908011254599669 ], [ 79.393248777185661, 11.909114177335203 ], [ 79.389485190979755, 11.911428570423164 ], [ 79.389423965403253, 11.911462655220932 ], [ 79.389423591704102, 11.911462861779448 ], [ 79.386919492035531, 11.912856895402582 ], [ 79.386863689588395, 11.912921880135121 ], [ 79.385661918011408, 11.914321417368869 ], [ 79.385601279034802, 11.914365732934316 ], [ 79.383633241825493, 11.915803984364947 ], [ 79.378804605832215, 11.918027823635505 ], [ 79.378742866419358, 11.918050119111973 ], [ 79.375963422336412, 11.919053818853591 ], [ 79.37490311655209, 11.919528362424906 ], [ 79.372952372810317, 11.919605142776028 ], [ 79.371231126165782, 11.919243505418516 ], [ 79.369592587409429, 11.918809492314479 ], [ 79.366544910874254, 11.917833076974095 ], [ 79.363997495340996, 11.918058930597402 ], [ 79.361688663364077, 11.918759315764349 ], [ 79.361626123552313, 11.918793628168615 ], [ 79.36122735960106, 11.919012407218815 ], [ 79.361109271565383, 11.919077195351676 ], [ 79.360766056736338, 11.919265500195214 ], [ 79.358291967086473, 11.920779479960634 ], [ 79.357194884274406, 11.921678880829509 ], [ 79.354853768642769, 11.92334653142632 ], [ 79.354123980899232, 11.923676435596292 ], [ 79.352948810234423, 11.924295571085164 ], [ 79.350997896711078, 11.925425378218353 ], [ 79.348752226180068, 11.926007013881831 ], [ 79.348664378131815, 11.926004847330704 ], [ 79.346177155112514, 11.925943492177463 ], [ 79.343395587412246, 11.925893504157587 ], [ 79.340485688187115, 11.924889704026214 ], [ 79.336914876847914, 11.923533339999663 ], [ 79.334133363944886, 11.923080940286233 ], [ 79.33074140628041, 11.922678146981651 ], [ 79.328441754187381, 11.923179511936798 ], [ 79.326623909005392, 11.924236833002299 ], [ 79.325169147589875, 11.922975555973036 ], [ 79.325084498442351, 11.92292949536858 ], [ 79.3237647690854, 11.922211385758636 ], [ 79.322672477887039, 11.921447327654553 ], [ 79.321566388565884, 11.920940883610212 ], [ 79.319243850094338, 11.921306560075141 ], [ 79.318073285990351, 11.921767373315506 ], [ 79.317035809990614, 11.922309565718981 ], [ 79.316333550220605, 11.922616776134179 ], [ 79.315452228366723, 11.922593980039041 ], [ 79.314984147713204, 11.922327196323389 ], [ 79.314534464556701, 11.921730449958661 ], [ 79.314578905112143, 11.920313490700504 ], [ 79.314580676589856, 11.920257000973461 ], [ 79.311050891309677, 11.920568038872284 ], [ 79.308127138266258, 11.920391085610255 ], [ 79.308111303662741, 11.920475172373269 ], [ 79.307851382423479, 11.921855484313166 ], [ 79.306887256561637, 11.922967199935709 ], [ 79.306643873306768, 11.923523084604328 ], [ 79.307575271746188, 11.924915471587232 ], [ 79.308052425384062, 11.9258059807149 ], [ 79.308125760250604, 11.92618565365396 ], [ 79.308058001227039, 11.926286632429678 ], [ 79.307152310774455, 11.927636331902063 ], [ 79.306715412441051, 11.931053272334102 ], [ 79.305525803154708, 11.933905098365285 ], [ 79.303597315174102, 11.936241378010454 ], [ 79.303570022559143, 11.936261069590225 ], [ 79.302100632079231, 11.937321292718368 ], [ 79.300126575259242, 11.938441724123578 ], [ 79.298551771972328, 11.939720462010307 ], [ 79.295953097670647, 11.941572911726942 ], [ 79.292647365697064, 11.944125661396329 ], [ 79.292558616638559, 11.944144281064721 ], [ 79.285655791315477, 11.945592547398073 ], [ 79.284518628370364, 11.941732177002562 ], [ 79.284423276694511, 11.941747354284564 ], [ 79.282393262018843, 11.942070476650226 ], [ 79.279409302088439, 11.942625409004631 ], [ 79.276475554389137, 11.944179240618013 ], [ 79.273923181952142, 11.944517335070525 ], [ 79.273546703406495, 11.944802009966397 ], [ 79.273541215598428, 11.944827570859285 ], [ 79.273316763439851, 11.945873096669155 ], [ 79.2740367784114, 11.947627120870022 ], [ 79.27394192260563, 11.947663617970289 ], [ 79.271020525843198, 11.948787655589246 ], [ 79.269611238943966, 11.94884129540813 ], [ 79.267674485564484, 11.947846217648857 ], [ 79.267604460989745, 11.947887734736232 ], [ 79.265952634353724, 11.94886707826908 ], [ 79.264166634448557, 11.949571495980916 ], [ 79.260980711682748, 11.950112569363503 ], [ 79.258515553981752, 11.950274252597373 ], [ 79.257345165049188, 11.949984489653627 ], [ 79.254976385798415, 11.950236668715513 ], [ 79.25367709670742, 11.950656448697012 ], [ 79.251239485844621, 11.950804527086108 ], [ 79.251167031327071, 11.950832967387043 ], [ 79.250100869425381, 11.95125146509001 ], [ 79.249742912344232, 11.950962098672276 ], [ 79.248711031052082, 11.951071272225665 ], [ 79.248619018414161, 11.951081007181763 ], [ 79.248381613447492, 11.951106125423358 ], [ 79.247975678245353, 11.951110925669251 ], [ 79.24600032964797, 11.951134287099078 ], [ 79.237334133880054, 11.95212559660734 ], [ 79.237196303569362, 11.952141358614716 ], [ 79.237125327678754, 11.952169687162423 ], [ 79.237058260357955, 11.952196455765396 ], [ 79.233277085138781, 11.953705555972702 ], [ 79.233137089888288, 11.953764572410741 ], [ 79.233136178098263, 11.953764955582965 ], [ 79.233052155076479, 11.953800376161359 ], [ 79.233000954698554, 11.95382196035429 ], [ 79.231504978577803, 11.954457816197005 ], [ 79.227521957304148, 11.957253292570114 ], [ 79.227404642717943, 11.957335628702969 ], [ 79.227315051938035, 11.95740394757555 ], [ 79.22724764774901, 11.9574553473236 ], [ 79.226981832663171, 11.957695623681522 ], [ 79.222093705740178, 11.962114097600695 ], [ 79.221966351582338, 11.962113405978585 ], [ 79.221923472298869, 11.962113173094414 ], [ 79.217967957439242, 11.969071034702024 ], [ 79.217923848362176, 11.969092129950356 ], [ 79.216870991408157, 11.969595663064084 ], [ 79.214309953821925, 11.971517426619071 ], [ 79.212251512857378, 11.972831931586468 ], [ 79.212079259105025, 11.972941929388401 ], [ 79.211999718676537, 11.972996718245842 ], [ 79.210477480308441, 11.974045267995276 ], [ 79.209494989288956, 11.974140470346267 ], [ 79.208971856281565, 11.974628778192672 ], [ 79.20475079942392, 11.973964141744466 ], [ 79.204697588616384, 11.973955762675063 ], [ 79.201952108936041, 11.97352342958292 ], [ 79.192251537254421, 11.972893119692753 ], [ 79.192168491599688, 11.972908951670334 ], [ 79.189758851579867, 11.973368339611401 ], [ 79.18779850664437, 11.973404975599328 ], [ 79.186425828787947, 11.973215435936044 ], [ 79.184704150952058, 11.972754790209859 ], [ 79.184715668252309, 11.972856614572679 ], [ 79.184888183414429, 11.974381844396126 ], [ 79.184994062447089, 11.975597760047521 ], [ 79.186059996176681, 11.979457538153994 ], [ 79.186331538920768, 11.982657569613847 ], [ 79.186382732112193, 11.985762709384188 ], [ 79.186304916449018, 11.985777547640906 ], [ 79.184128671316415, 11.986192551013197 ], [ 79.183899070912986, 11.986188084428976 ], [ 79.183389488991637, 11.986188248751469 ], [ 79.182710008700639, 11.986319472976028 ], [ 79.182517264376642, 11.986391834584008 ], [ 79.181943349606229, 11.986342171437043 ], [ 79.181140035654977, 11.986875725757136 ], [ 79.179542474448652, 11.987382259955165 ], [ 79.178247789223505, 11.987685290220563 ], [ 79.177297601621632, 11.988295687107613 ], [ 79.176397792439204, 11.988756917910623 ], [ 79.175837699147763, 11.988879052273102 ], [ 79.175277576211911, 11.98885200259782 ], [ 79.173349383777051, 11.988947289357286 ], [ 79.172027260409877, 11.989480872796324 ], [ 79.171175483247353, 11.988856064926187 ], [ 79.171114990696125, 11.988945874616565 ], [ 79.170861063016432, 11.989322870248037 ], [ 79.170411253197472, 11.990041621608206 ], [ 79.169731895077362, 11.990760397414984 ], [ 79.169282048427448, 11.991406768884811 ], [ 79.169221038446622, 11.991462111098947 ], [ 79.168409917237227, 11.992197886166936 ], [ 79.168409749252277, 11.992206334088262 ], [ 79.168405326846127, 11.992428445608738 ], [ 79.168515572589385, 11.992817159221696 ], [ 79.168763533658961, 11.993156041670041 ], [ 79.169539788557202, 11.994968429021629 ], [ 79.169806294447497, 11.996545837417015 ], [ 79.169912108801441, 11.997630632262092 ], [ 79.170100479228324, 11.998615912059154 ], [ 79.17020625944626, 11.999339077779828 ], [ 79.170486418830578, 12.000152603726319 ], [ 79.170431408697524, 12.000613652573701 ], [ 79.170533465398634, 12.001362596936612 ], [ 79.170772681368902, 12.002539083411783 ], [ 79.17057087034874, 12.003632950161935 ], [ 79.170503799434684, 12.003658238372436 ], [ 79.169767415361989, 12.00393587693473 ], [ 79.168670024427769, 12.00339819409006 ], [ 79.168293543187161, 12.003497723217247 ], [ 79.168279499824294, 12.003558945667645 ], [ 79.167830095145533, 12.005518146359169 ], [ 79.167760434388512, 12.005564987211446 ], [ 79.167352622605733, 12.005839201405356 ], [ 79.167366124284442, 12.005856281791258 ], [ 79.168509938355925, 12.007303431764917 ], [ 79.169791126393903, 12.008785798418861 ], [ 79.170617897153861, 12.010308850775058 ], [ 79.170544640440767, 12.011782293169665 ], [ 79.170561141594206, 12.011862124344129 ], [ 79.170769819336414, 12.012871627249053 ], [ 79.170466946050169, 12.013875052333058 ], [ 79.169828895161743, 12.014765614564132 ], [ 79.169792321153238, 12.015990454291334 ], [ 79.170090999307121, 12.016993854571249 ], [ 79.170169171601472, 12.017920437201511 ], [ 79.169944444558425, 12.01940748117431 ], [ 79.170279834163011, 12.020483222926188 ], [ 79.171184713436887, 12.022435604574643 ], [ 79.171414457570833, 12.023624289826589 ], [ 79.171299943033333, 12.025219863318762 ], [ 79.171525194692521, 12.026517024741569 ], [ 79.171754980148933, 12.027669621256152 ], [ 79.172629555655021, 12.030478403366656 ] ] ] } }
]
}
