{
"type": "FeatureCollection",
"name": "karur_boundary",
"crs": { "type": "name", "properties": { "name": "urn:ogc:def:crs:OGC:1.3:CRS84" } },
"features": [
{ "type": "Feature", "properties": { "dtname": "Karur", "stname": "TAMIL NADU", "stcode11": "33", "dtcode11": "613", "year_stat": "2011_c", "objectid": 678, "test": -1, "dist_lgd": 576, "state_lgd": 33, "remarks": " ", "dist": "Karur", "st_area(shape)": 3028770808.0460043, "st_length(shape)": 472331.48819599458 }, "geometry": { "type": "Polygon", "coordinates": [ [ [ 78.164904328018807, 11.01318750140476 ], [ 78.164895545190291, 11.013214831902639 ], [ 78.164876715603597, 11.013296077402964 ], [ 78.164851569063842, 11.013404578410675 ], [ 78.164829307014486, 11.013476754850641 ], [ 78.16481951358125, 11.013508493291276 ], [ 78.164730675589567, 11.013669779609923 ], [ 78.164201963145928, 11.014629626778195 ], [ 78.163058372754946, 11.016681956789389 ], [ 78.162276132381933, 11.018096871671547 ], [ 78.161333781682615, 11.02003156079723 ], [ 78.160868394178323, 11.020859059760257 ], [ 78.160011685264891, 11.022382235343839 ], [ 78.159738141972682, 11.022689146350283 ], [ 78.159737685628528, 11.022689655997581 ], [ 78.159572475566307, 11.022874970050429 ], [ 78.15842412140934, 11.023978013365065 ], [ 78.157033257160009, 11.024995165312033 ], [ 78.154050133561142, 11.027210314591857 ], [ 78.151881465717992, 11.028914590797072 ], [ 78.151208852149011, 11.029651496070956 ], [ 78.151108790606116, 11.029788557059829 ], [ 78.150403596938403, 11.030754416974681 ], [ 78.15018222240802, 11.031026206598195 ], [ 78.150120020362806, 11.031102551001768 ], [ 78.149337595835163, 11.031934268676519 ], [ 78.148518580231055, 11.032955921568588 ], [ 78.14814198400606, 11.033468833250403 ], [ 78.147672218113087, 11.034108603402505 ], [ 78.147263835001766, 11.034623530417756 ], [ 78.146711340559321, 11.035320114241268 ], [ 78.145878592409474, 11.036269360579947 ], [ 78.145499930059344, 11.036687310846885 ], [ 78.145435745432266, 11.03675815461332 ], [ 78.145370699320864, 11.036829950599024 ], [ 78.145312908902028, 11.036911785604575 ], [ 78.145233425067346, 11.037024309912372 ], [ 78.145119042582238, 11.037155392185811 ], [ 78.145042401017136, 11.037231166300955 ], [ 78.145009263064608, 11.037263912604981 ], [ 78.144295436587015, 11.037856088413717 ], [ 78.143696044696853, 11.038244851402087 ], [ 78.143147024937917, 11.03855673712196 ], [ 78.142669490414349, 11.038791255596031 ], [ 78.14235540525506, 11.03894550359141 ], [ 78.141348754944275, 11.039393086386783 ], [ 78.141081011175544, 11.039512963057714 ], [ 78.140712780960797, 11.039677830651849 ], [ 78.140685667110574, 11.039693994706971 ], [ 78.140447295556683, 11.039836061662953 ], [ 78.139394954235627, 11.040157012996698 ], [ 78.13884127042374, 11.040364965764287 ], [ 78.138610097070227, 11.040505753946187 ], [ 78.138566702153767, 11.04053218170022 ], [ 78.137971891671555, 11.040848668285447 ], [ 78.137724914257248, 11.040956837309825 ], [ 78.137445658578102, 11.041079143273395 ], [ 78.136654085607631, 11.041431736097891 ], [ 78.136412879869013, 11.041538426319704 ], [ 78.135866996128726, 11.041779888330906 ], [ 78.135679426100779, 11.041915503869799 ], [ 78.135478172934427, 11.042024375203905 ], [ 78.135345374087635, 11.042096215749815 ], [ 78.135217297684335, 11.042209247684609 ], [ 78.135217259955084, 11.04220927501682 ], [ 78.135216976087435, 11.042209941570079 ], [ 78.135011389448181, 11.042692963919571 ], [ 78.134904965138148, 11.042909402844732 ], [ 78.134700240881529, 11.043325760162968 ], [ 78.134597932652127, 11.043499368358402 ], [ 78.134521765397494, 11.043628615610679 ], [ 78.134425649255363, 11.043818497664999 ], [ 78.133537981702304, 11.044826531404352 ], [ 78.133371844578704, 11.045089103314398 ], [ 78.133194790229453, 11.04536893112731 ], [ 78.133114898559654, 11.045487526930513 ], [ 78.13280275825295, 11.045950857894033 ], [ 78.132357360060368, 11.046611990192213 ], [ 78.132281374265432, 11.046723252638614 ], [ 78.132233856980164, 11.046792831431572 ], [ 78.131954731556732, 11.047100217728289 ], [ 78.130865689564786, 11.048284517892805 ], [ 78.130737140647597, 11.048423848410007 ], [ 78.130678011738993, 11.048487939314787 ], [ 78.130565627107046, 11.048622333293514 ], [ 78.13050411856122, 11.048695884417366 ], [ 78.130255120835827, 11.048918590192246 ], [ 78.12982696041523, 11.049301533662849 ], [ 78.128934634199112, 11.050250771827274 ], [ 78.128165831724431, 11.050842841207958 ], [ 78.127474927557969, 11.051389842637999 ], [ 78.127264367845257, 11.05153904182141 ], [ 78.127264336404224, 11.051539062099506 ], [ 78.12693678819376, 11.051735256097654 ], [ 78.12612492497594, 11.052221541641366 ], [ 78.125946436915513, 11.052370761561422 ], [ 78.125768168942315, 11.052427409566976 ], [ 78.12554832603945, 11.05249726913631 ], [ 78.125441249552566, 11.052590877776808 ], [ 78.125429381011017, 11.05260125218747 ], [ 78.125429348671645, 11.052601288335238 ], [ 78.12528972891694, 11.052809997559832 ], [ 78.125081614418448, 11.053121093713186 ], [ 78.124819659393381, 11.053696234035501 ], [ 78.124486651222625, 11.054427366686479 ], [ 78.124367681041335, 11.054576537875398 ], [ 78.124001651699047, 11.054920127864941 ], [ 78.123680536324301, 11.055292079087428 ], [ 78.123458585973808, 11.055549165739869 ], [ 78.123431973383504, 11.055579989779519 ], [ 78.123372599234813, 11.055648762412714 ], [ 78.122862205236444, 11.056239938373437 ], [ 78.121086592550924, 11.05821070761583 ], [ 78.119480367991997, 11.059941908724147 ], [ 78.119102921062435, 11.060404189757101 ], [ 78.11904643859063, 11.060473366808141 ], [ 78.119022732948594, 11.060502400622768 ], [ 78.117459432588888, 11.061852030776771 ], [ 78.116478261194544, 11.062699085300094 ], [ 78.114849240088645, 11.063961221435139 ], [ 78.113654688271595, 11.06488672223689 ], [ 78.113581469287737, 11.06495345262754 ], [ 78.113526439391748, 11.065003605102396 ], [ 78.111462546551763, 11.066884574583405 ], [ 78.108977539676232, 11.069103776049632 ], [ 78.108596072785758, 11.069446800651383 ], [ 78.104835713328356, 11.072828106789881 ], [ 78.103229301919839, 11.074324192999986 ], [ 78.103229274970388, 11.074324215921251 ], [ 78.10274584121035, 11.074706139701837 ], [ 78.10174183643808, 11.075499316071577 ], [ 78.101309559038555, 11.075530423645489 ], [ 78.100487967964526, 11.075589534726861 ], [ 78.098405659661211, 11.076000666332957 ], [ 78.093646102316612, 11.076854459285824 ], [ 78.091389954734467, 11.077247425065856 ], [ 78.091389905327119, 11.077247431236922 ], [ 78.091385402970928, 11.07724737217112 ], [ 78.09133155885111, 11.077256807708959 ], [ 78.090611931951727, 11.077382921052328 ], [ 78.08517521825776, 11.077820546821091 ], [ 78.079907719315585, 11.078262677669064 ], [ 78.078603397862381, 11.078383305416965 ], [ 78.078552611607805, 11.078388000687429 ], [ 78.075175698029383, 11.078700248346104 ], [ 78.071011176644177, 11.079024890594566 ], [ 78.069139571784021, 11.078436911366465 ], [ 78.065057690015053, 11.077143198629747 ], [ 78.062797143382952, 11.076378838560316 ], [ 78.05928230696739, 11.075271938700945 ], [ 78.059257494600942, 11.075264125215154 ], [ 78.05739536876365, 11.074677673273612 ], [ 78.056907888991589, 11.074524143173061 ], [ 78.054766350269972, 11.073963065399246 ], [ 78.053790911923784, 11.074649627359459 ], [ 78.052262660233183, 11.075725264218896 ], [ 78.051763014577219, 11.076069700410507 ], [ 78.048211776629728, 11.078517706842973 ], [ 78.048194044784367, 11.078543536107173 ], [ 78.048140312953933, 11.078621805842792 ], [ 78.046917169558043, 11.080403510423775 ], [ 78.046334727978973, 11.081251917380957 ], [ 78.044910403281889, 11.082124275738748 ], [ 78.043052827411515, 11.083261961105297 ], [ 78.043029965287559, 11.083275963814854 ], [ 78.042998588032972, 11.083280113320761 ], [ 78.042855755004481, 11.083299000756618 ], [ 78.042654645568589, 11.083325593911646 ], [ 78.041418900605862, 11.083573817438738 ], [ 78.040617371607098, 11.083986747665337 ], [ 78.038709269993561, 11.084969740159858 ], [ 78.036228412436316, 11.086157808379591 ], [ 78.034928436134166, 11.086803815990834 ], [ 78.034601046027205, 11.086968903814082 ], [ 78.032454901643149, 11.088051087581331 ], [ 78.032420100909064, 11.088068637403454 ], [ 78.032392177676755, 11.088082415970151 ], [ 78.029591333927129, 11.089464475195648 ], [ 78.028506560729369, 11.089992945914522 ], [ 78.02760248724428, 11.090496501627415 ], [ 78.027544359058879, 11.090528877903775 ], [ 78.027476609916775, 11.090566613050116 ], [ 78.024959273572506, 11.091243809383244 ], [ 78.022982014258503, 11.091713169955677 ], [ 78.017768764576331, 11.093062813983565 ], [ 78.014940152104629, 11.093735238986275 ], [ 78.011424894379218, 11.094705712764124 ], [ 78.008477950428428, 11.093791408252271 ], [ 78.00591933380187, 11.094585917740005 ], [ 78.003932850586565, 11.095023495725259 ], [ 78.002811496193814, 11.095330400331168 ], [ 78.000344389148651, 11.096034512602023 ], [ 78.000280592593782, 11.096054053303213 ], [ 78.000226063059401, 11.09607075462057 ], [ 77.998900244921487, 11.096476845985606 ], [ 77.998852330580846, 11.096476891824675 ], [ 77.997653306052001, 11.096621984828319 ], [ 77.99679984544666, 11.096755551886238 ], [ 77.996720688598757, 11.096767939886387 ], [ 77.99649547556713, 11.096803183933501 ], [ 77.995131611081959, 11.096876030961475 ], [ 77.992303210612704, 11.096700790977769 ], [ 77.991866130819616, 11.096570541056684 ], [ 77.991648244447475, 11.096505609127371 ], [ 77.990591334294891, 11.096190643358716 ], [ 77.989465240390672, 11.095481370142142 ], [ 77.989012453554878, 11.095232343078747 ], [ 77.989002922429705, 11.095227100651989 ], [ 77.988307140411237, 11.094844421756401 ], [ 77.987478615241514, 11.094320353342544 ], [ 77.986361552999199, 11.093511684883318 ], [ 77.985903821836075, 11.093059785924126 ], [ 77.985203296712911, 11.092422630388654 ], [ 77.984136728772697, 11.091695272145925 ], [ 77.982827594146201, 11.0909498996377 ], [ 77.982460780574684, 11.090757787869258 ], [ 77.982415825284605, 11.090734242867638 ], [ 77.982402346962061, 11.090727184391534 ], [ 77.980515993561554, 11.089739219086042 ], [ 77.979760665816158, 11.089083992612132 ], [ 77.979023567582828, 11.088121429674041 ], [ 77.978176616170032, 11.087172512588699 ], [ 77.97652400979635, 11.085812436395488 ], [ 77.975049990297762, 11.084506526436483 ], [ 77.974826865849195, 11.084318105923233 ], [ 77.974790420299797, 11.084287328104612 ], [ 77.97185023437487, 11.081804370052353 ], [ 77.969895658420128, 11.080349439365886 ], [ 77.968774162093567, 11.079490949015449 ], [ 77.966091768400645, 11.077082435782527 ], [ 77.964160004264244, 11.075297439420513 ], [ 77.960576114352818, 11.072672118720835 ], [ 77.957793206366134, 11.070670394199704 ], [ 77.956012679895991, 11.06916106086517 ], [ 77.953765374431171, 11.067706090257232 ], [ 77.951925504355032, 11.066743715310395 ], [ 77.949623561558013, 11.066034557599215 ], [ 77.949357884812741, 11.065977401769342 ], [ 77.947440594332164, 11.065564930142914 ], [ 77.946044827976337, 11.065343751625711 ], [ 77.944937424419919, 11.065416296159464 ], [ 77.943743149283989, 11.065746568133346 ], [ 77.942269686740886, 11.0662214973131 ], [ 77.941313325916383, 11.066474764055389 ], [ 77.939913069780758, 11.066710089804937 ], [ 77.938956738600623, 11.067022175359645 ], [ 77.938137588249248, 11.067356840341898 ], [ 77.93701204591062, 11.06804860869055 ], [ 77.936092313891848, 11.068722303395791 ], [ 77.935044458757304, 11.069504514740025 ], [ 77.933955442816455, 11.069979272085694 ], [ 77.933127141327276, 11.070155720885021 ], [ 77.932628117305484, 11.068492412595601 ], [ 77.93177659706113, 11.066765792597986 ], [ 77.931208904920695, 11.065373627781289 ], [ 77.93038031058073, 11.063479760193575 ], [ 77.929387075710437, 11.061739672037838 ], [ 77.928816545792017, 11.060756481643098 ], [ 77.928787953314824, 11.060707208306697 ], [ 77.928785689560314, 11.060703307981791 ], [ 77.928668422584821, 11.060501222766147 ], [ 77.92820611540364, 11.059710256587937 ], [ 77.92762025842984, 11.058923793425002 ], [ 77.926938275432462, 11.058196199411736 ], [ 77.926050380605631, 11.05737817040823 ], [ 77.9252586890575, 11.056704746736106 ], [ 77.924411984681427, 11.055800772753591 ], [ 77.923876487262476, 11.054797347172693 ], [ 77.923656735987777, 11.054182632705652 ], [ 77.923052473432108, 11.052492217262971 ], [ 77.922663311572933, 11.051344127857595 ], [ 77.922164360314696, 11.049762037287818 ], [ 77.921468660941201, 11.048677312149772 ], [ 77.921468632195129, 11.048677270711547 ], [ 77.92066465977878, 11.047752963660745 ], [ 77.920660788938221, 11.047748513002988 ], [ 77.920548757344164, 11.047619711043863 ], [ 77.919757048728087, 11.046892038734041 ], [ 77.91870448462484, 11.046309063762218 ], [ 77.917876193017122, 11.045617550943833 ], [ 77.91731332932136, 11.045364471616631 ], [ 77.916192302813684, 11.045310385276368 ], [ 77.915213016983117, 11.045531995936019 ], [ 77.914329983838584, 11.046038360394739 ], [ 77.913666512424257, 11.046567273600767 ], [ 77.912856605737161, 11.047023878364788 ], [ 77.911621194947713, 11.046951708398652 ], [ 77.910367348033702, 11.046585651152613 ], [ 77.909447551336186, 11.046459172768996 ], [ 77.908491242613977, 11.046350773010655 ], [ 77.907274016420828, 11.046039019004221 ], [ 77.906075078130257, 11.045220916423085 ], [ 77.904958486605139, 11.044208462422 ], [ 77.904386380143407, 11.042969962054292 ], [ 77.903842242728032, 11.041123874807825 ], [ 77.903818818258685, 11.041044401253849 ], [ 77.90337489959137, 11.039096207097735 ], [ 77.902752491066963, 11.037355967260176 ], [ 77.902331403082599, 11.03651521867733 ], [ 77.901553506962316, 11.035425904699405 ], [ 77.900679497394847, 11.034594225122037 ], [ 77.89977342515823, 11.033974975157737 ], [ 77.898524279128111, 11.03355466157589 ], [ 77.896753441886631, 11.033229263612865 ], [ 77.896295613705448, 11.033222535275069 ], [ 77.896276623320347, 11.03322225577263 ], [ 77.894305458177243, 11.033193270398336 ], [ 77.892168685916573, 11.033175242929506 ], [ 77.889043424585211, 11.032578652647395 ], [ 77.888262286445084, 11.032229196915861 ], [ 77.887295584215025, 11.031796726389864 ], [ 77.886115000302297, 11.030811286935204 ], [ 77.88590632884835, 11.030497772393309 ], [ 77.885880421435544, 11.030458847127056 ], [ 77.885456115685827, 11.0298213535697 ], [ 77.884572990014831, 11.028035844740698 ], [ 77.883337640310842, 11.026345305231905 ], [ 77.882385863589221, 11.025142887771056 ], [ 77.881923772902027, 11.02472703637401 ], [ 77.881606992796861, 11.02456971158905 ], [ 77.881077272443477, 11.024306632857844 ], [ 77.879677195072574, 11.024234346211889 ], [ 77.878277115006739, 11.024198203764001 ], [ 77.87669397804892, 11.023832008830899 ], [ 77.875719369746037, 11.023705403380216 ], [ 77.874419916263378, 11.023578801402024 ], [ 77.873738162336394, 11.023651102316954 ], [ 77.873239429368738, 11.023727933592406 ], [ 77.872173328552449, 11.023470237133539 ], [ 77.87075499561837, 11.023253229274854 ], [ 77.869130635870476, 11.023434008181155 ], [ 77.867592975225605, 11.023976390965483 ], [ 77.867529148128028, 11.023998905285612 ], [ 77.867518669280258, 11.024006372731673 ], [ 77.866330358957782, 11.024853238431382 ], [ 77.865433528588824, 11.02562610129813 ], [ 77.864605286388453, 11.026864649208632 ], [ 77.863758694301737, 11.028668147047528 ], [ 77.863710585026723, 11.028723925836582 ], [ 77.863652251127107, 11.028791560282356 ], [ 77.8630219122754, 11.029522381099335 ], [ 77.861498174619115, 11.0304128310667 ], [ 77.860487010274056, 11.030647786320088 ], [ 77.859434574629915, 11.030647713137395 ], [ 77.858551469620181, 11.030412627389476 ], [ 77.857224558232531, 11.030227166431322 ], [ 77.855851853426643, 11.030466633591464 ], [ 77.855042007824963, 11.030918565593298 ], [ 77.854286893878623, 11.031664370291489 ], [ 77.853842998567501, 11.032703956395734 ], [ 77.853106171625356, 11.034050887639706 ], [ 77.852502044715308, 11.035117655335689 ], [ 77.852190803622207, 11.036044293708862 ], [ 77.851819950326828, 11.038064722598632 ], [ 77.851856335689106, 11.040718174865027 ], [ 77.851911024225302, 11.042594029401343 ], [ 77.851903474783626, 11.042916152121036 ], [ 77.851884685621172, 11.043717831025546 ], [ 77.85186048860065, 11.044750217899766 ], [ 77.851645280106382, 11.046101743837482 ], [ 77.851605028395099, 11.046120398263612 ], [ 77.849782784163196, 11.046964887600708 ], [ 77.848327629285578, 11.047565926649723 ], [ 77.846835834822485, 11.047986132010131 ], [ 77.845417265631454, 11.048293368055397 ], [ 77.843989590218385, 11.048130446729232 ], [ 77.842607739664615, 11.047655618731763 ], [ 77.841706394363015, 11.047076967221006 ], [ 77.841244284811197, 11.04654796764806 ], [ 77.840837245579564, 11.045164803966502 ], [ 77.840526134742163, 11.04465842389393 ], [ 77.839922115629932, 11.044513707186137 ], [ 77.838942887291566, 11.044694408650043 ], [ 77.837377892709213, 11.045295372116216 ], [ 77.835410107028224, 11.046090613603637 ], [ 77.833456100605346, 11.046637232430848 ], [ 77.831868032794958, 11.047213340311512 ], [ 77.831799543441051, 11.047238184865677 ], [ 77.8317892730024, 11.04724267961465 ], [ 77.830509055144915, 11.047802960377567 ], [ 77.830165789111902, 11.048191637016233 ], [ 77.829891149875053, 11.048955566297904 ], [ 77.829781132303907, 11.050157922431259 ], [ 77.829648220269391, 11.051071002813567 ], [ 77.829446756897269, 11.05198852742091 ], [ 77.829171931709126, 11.053096001913131 ], [ 77.8295194692313, 11.054592217085771 ], [ 77.829963077979855, 11.056065886315618 ], [ 77.829907917828152, 11.05745811033311 ], [ 77.829834475163779, 11.058533952261863 ], [ 77.829481915160841, 11.059731756936841 ], [ 77.829472819718603, 11.059754287029673 ], [ 77.82945041932868, 11.059817118252298 ], [ 77.829447469261268, 11.059825390598393 ], [ 77.828580019191989, 11.062258415608509 ], [ 77.828062723437327, 11.063221090051949 ], [ 77.82728916528157, 11.064147561208273 ], [ 77.826314351264458, 11.064897789162597 ], [ 77.824492834667936, 11.065851165377259 ], [ 77.823536267230892, 11.066452233597634 ], [ 77.823019039748175, 11.067035186153747 ], [ 77.82259785923732, 11.067835239561592 ], [ 77.822323324205044, 11.068029494579285 ], [ 77.821714615887032, 11.06834134510278 ], [ 77.820739799175001, 11.068594246791029 ], [ 77.819939119982479, 11.069137978730396 ], [ 77.819881608041356, 11.069177033750725 ], [ 77.819801574437761, 11.069231382814129 ], [ 77.818931940564042, 11.069832410597316 ], [ 77.817833573161082, 11.070302277177779 ], [ 77.816909073783052, 11.070446711387739 ], [ 77.816117348997295, 11.070609279132656 ], [ 77.815032782412047, 11.070826006011167 ], [ 77.813906952612541, 11.070898063426672 ], [ 77.81311521794531, 11.071101366891003 ], [ 77.81204892578792, 11.071209589994288 ], [ 77.810959797557672, 11.071136989591562 ], [ 77.810058454052736, 11.070626009232557 ], [ 77.80864457855904, 11.069789397274731 ], [ 77.807999510031621, 11.069043414426663 ], [ 77.807597074665793, 11.068152818087372 ], [ 77.807373383380266, 11.065711820219391 ], [ 77.807231738822907, 11.064830377269955 ], [ 77.806788089650169, 11.064174850818175 ], [ 77.805497791796881, 11.063338240712932 ], [ 77.804449992357917, 11.062953712784793 ], [ 77.803585009062417, 11.063373888161347 ], [ 77.802024215002334, 11.064440295347362 ], [ 77.801117995442027, 11.064910108864153 ], [ 77.799296549812397, 11.065583123128446 ], [ 77.797012899409509, 11.066002927983458 ], [ 77.79623940233914, 11.066423039919258 ], [ 77.794880086922603, 11.067218210003542 ], [ 77.794289702439755, 11.06739888513402 ], [ 77.793886949070327, 11.067434928812146 ], [ 77.792761350137852, 11.067109108224052 ], [ 77.791603764893054, 11.066435266987488 ], [ 77.789416712129309, 11.065096656095045 ], [ 77.788277416583696, 11.06462620458686 ], [ 77.786877222431826, 11.064223388302107 ], [ 77.786007893086989, 11.063951966200756 ], [ 77.781889580141623, 11.063367481424562 ], [ 77.779569637801274, 11.06295080872246 ], [ 77.779034397300478, 11.062421782240229 ], [ 77.778170099419555, 11.060857509192687 ], [ 77.777488782073789, 11.059338465256095 ], [ 77.777067950109242, 11.058700935671414 ], [ 77.77656929170179, 11.05833467267883 ], [ 77.776661358238613, 11.056951488750983 ], [ 77.776867979737133, 11.054931050576997 ], [ 77.778154233374977, 11.05376073375546 ], [ 77.780236860580231, 11.052120571950406 ], [ 77.781815971288935, 11.050941304785155 ], [ 77.781852980082022, 11.049797748103087 ], [ 77.782110387835118, 11.046312715647076 ], [ 77.781488159872097, 11.046199488679399 ], [ 77.781081515000878, 11.04433247660433 ], [ 77.781118239926315, 11.044165288401459 ], [ 77.782280508088675, 11.044057186685048 ], [ 77.78231784836008, 11.041928151641891 ], [ 77.782282044207818, 11.039423977368674 ], [ 77.782364631721762, 11.038967412804498 ], [ 77.783828838922489, 11.038805174024299 ], [ 77.785059929713711, 11.038358020600487 ], [ 77.786016424387213, 11.037702941086701 ], [ 77.7881536260426, 11.03679499911377 ], [ 77.789128329566907, 11.036338794605964 ], [ 77.789645474404637, 11.036158107397814 ], [ 77.789737116038324, 11.035846234120134 ], [ 77.789572515033868, 11.035443942610605 ], [ 77.78988378127984, 11.035154729285285 ], [ 77.790753255253435, 11.034644173822114 ], [ 77.791389479866865, 11.034034202184207 ], [ 77.791906819638996, 11.033089574082997 ], [ 77.792035272436422, 11.031887245046757 ], [ 77.791852788669601, 11.030128811413693 ], [ 77.791762278014858, 11.029897357941877 ], [ 77.791742902252494, 11.029847808736465 ], [ 77.791189847261293, 11.028433543783798 ], [ 77.790014708935857, 11.026055560086011 ], [ 77.789205163371491, 11.024839336095333 ], [ 77.789644478172974, 11.024672199403364 ], [ 77.790134278293422, 11.024215769752514 ], [ 77.790541472933626, 11.024075836106677 ], [ 77.790555395023873, 11.02345200891339 ], [ 77.790450307406999, 11.022932203049237 ], [ 77.790134845130396, 11.022204329395533 ], [ 77.789855883200332, 11.021666267425068 ], [ 77.789732591224237, 11.021060554154181 ], [ 77.789682541588192, 11.020228779269802 ], [ 77.78983838132369, 11.019342907387145 ], [ 77.789701281343341, 11.018786904416636 ], [ 77.789070089092093, 11.018076985416082 ], [ 77.788717955788925, 11.017520882178435 ], [ 77.788366027301649, 11.016345524306553 ], [ 77.788122871320553, 11.015820357992574 ], [ 77.78806879902865, 11.01570357282381 ], [ 77.788000340217465, 11.015079746396081 ], [ 77.787826689584833, 11.014510139402132 ], [ 77.787126909165039, 11.013655608687381 ], [ 77.786810657269271, 11.013264777179613 ], [ 77.786761031638022, 11.013203449118706 ], [ 77.785901101366008, 11.012493482261807 ], [ 77.785800543953087, 11.012113803658165 ], [ 77.785727751668986, 11.01101988195196 ], [ 77.785695998918655, 11.010029944596091 ], [ 77.785728338268854, 11.009148487971022 ], [ 77.7857835056071, 11.008348424595013 ], [ 77.78567843236327, 11.007846633423554 ], [ 77.785010718205825, 11.007050799983206 ], [ 77.784329350554387, 11.006123983864034 ], [ 77.783734791600466, 11.005359869216344 ], [ 77.783227166209826, 11.00463640959598 ], [ 77.783067196918964, 11.004152746283705 ], [ 77.782925806584828, 11.002801103385847 ], [ 77.78277054356775, 11.001897051805253 ], [ 77.782752439819816, 11.001399772431711 ], [ 77.782880548562488, 11.001367803416612 ], [ 77.782839456028114, 11.001123696318903 ], [ 77.782565043166713, 11.000834309934715 ], [ 77.782240293208346, 11.000576549347061 ], [ 77.782066486268874, 11.00043184357656 ], [ 77.781796667391816, 11.000092735636469 ], [ 77.781499487627826, 10.999491444367113 ], [ 77.781344130287678, 10.998908281085182 ], [ 77.781298539888681, 10.998438159229531 ], [ 77.780662735686761, 10.998035646390827 ], [ 77.779985773373497, 10.997587913383198 ], [ 77.77968845167571, 10.997411522410578 ], [ 77.779052645677154, 10.997027086354315 ], [ 77.77860895967352, 10.996742159723723 ], [ 77.778165274568138, 10.996457231935958 ], [ 77.777579834412663, 10.995973363846646 ], [ 77.777172781706284, 10.995607084432377 ], [ 77.776770306814583, 10.995236282564848 ], [ 77.776248875216353, 10.994879001269711 ], [ 77.775754891641597, 10.994535289978444 ], [ 77.775265484084926, 10.994191579168421 ], [ 77.774643389072565, 10.993879461247396 ], [ 77.772337973388673, 10.992771174704885 ], [ 77.770439860142773, 10.991373724660912 ], [ 77.76896253843725, 10.990306398096854 ], [ 77.766675799626384, 10.988352788673444 ], [ 77.765417969582401, 10.987624547392032 ], [ 77.763844646719065, 10.986466753160538 ], [ 77.762490729279051, 10.985810786561542 ], [ 77.761891572747473, 10.98541728932577 ], [ 77.761178182851111, 10.984689245391671 ], [ 77.760945043085414, 10.98424616685579 ], [ 77.760813079671863, 10.982514857984162 ], [ 77.759994916568971, 10.980715469314131 ], [ 77.759208472978784, 10.979675494254639 ], [ 77.759075814269181, 10.979648319384658 ], [ 77.758206607095204, 10.979620844675837 ], [ 77.757749117578896, 10.97963421825855 ], [ 77.75763489679052, 10.979277072401761 ], [ 77.757300888794845, 10.979385420136225 ], [ 77.756353767143025, 10.979696927257574 ], [ 77.75514127956302, 10.980062564135805 ], [ 77.753974501857925, 10.980509579440074 ], [ 77.752716261283865, 10.98087066575575 ], [ 77.751311538724636, 10.98135775625915 ], [ 77.751114816660561, 10.981425970383038 ], [ 77.751078269601507, 10.981308428174627 ], [ 77.750877241912292, 10.980707148004326 ], [ 77.750662544559404, 10.979983814871812 ], [ 77.750507712733651, 10.978379058363998 ], [ 77.750206601043701, 10.976521104366505 ], [ 77.750177872920887, 10.975873980358751 ], [ 77.750174895005742, 10.975806890235269 ], [ 77.750358269002987, 10.974943601358982 ], [ 77.750774861817689, 10.974288346420495 ], [ 77.751168731747256, 10.973289538314383 ], [ 77.751406983825234, 10.972457914389789 ], [ 77.751513062283891, 10.970505210767323 ], [ 77.752461572731121, 10.96695721614997 ], [ 77.752960717127166, 10.965786681934825 ], [ 77.753171228330856, 10.965605961170475 ], [ 77.754173036722207, 10.965683229124267 ], [ 77.756977223103036, 10.965815482562938 ], [ 77.75995088744196, 10.96542795041732 ], [ 77.762755221146477, 10.965189489603432 ], [ 77.764941967584704, 10.96498240802711 ], [ 77.766314198080124, 10.965371674599778 ], [ 77.767603957842553, 10.96610444556414 ], [ 77.768495770222344, 10.966728576638323 ], [ 77.768495839392628, 10.966547765612846 ], [ 77.768551275327113, 10.965137464570047 ], [ 77.768656917204524, 10.964021000614562 ], [ 77.768972823248916, 10.963343079928363 ], [ 77.769517438568002, 10.962705925421442 ], [ 77.769993550160166, 10.961765887587255 ], [ 77.769916421708189, 10.960075282135158 ], [ 77.769473050114868, 10.959130384429942 ], [ 77.76920784768005, 10.958813867418232 ], [ 77.769185231694465, 10.95814034006832 ], [ 77.769130655447711, 10.957304070704259 ], [ 77.769080657913918, 10.956458764376569 ], [ 77.769136048034341, 10.95515242915617 ], [ 77.769374334248283, 10.954058613867774 ], [ 77.76950826317568, 10.953629552979777 ], [ 77.769532345211829, 10.95355240270516 ], [ 77.769690352582103, 10.953046192440901 ], [ 77.770139094304213, 10.951862048433934 ], [ 77.770377197261837, 10.951238340208123 ], [ 77.77024454034887, 10.951238290818587 ], [ 77.76985114203481, 10.951238146177749 ], [ 77.768794398070554, 10.951391443365287 ], [ 77.76795267664933, 10.951472494210513 ], [ 77.76824584902883, 10.950401301680575 ], [ 77.768374289249834, 10.949465654857599 ], [ 77.768141227637571, 10.948864373440673 ], [ 77.767926381164344, 10.948475549950352 ], [ 77.768137054963091, 10.947815669560084 ], [ 77.76858571943005, 10.946825899577421 ], [ 77.76864085892052, 10.946175001918277 ], [ 77.768586075162901, 10.945890205299106 ], [ 77.768192965208044, 10.945157775885072 ], [ 77.767612720908176, 10.943358493327175 ], [ 77.767324885419754, 10.942467892680446 ], [ 77.767249751227723, 10.941100664268303 ], [ 77.767245394398572, 10.941021373676739 ], [ 77.767165903377418, 10.939574862607129 ], [ 77.766773613584419, 10.936754067398137 ], [ 77.766563859660522, 10.935058888865438 ], [ 77.765595306002638, 10.932079664087867 ], [ 77.76459456480984, 10.929575051578425 ], [ 77.763520712431003, 10.926930277730518 ], [ 77.762414890807818, 10.924208644345105 ], [ 77.762181964841147, 10.923349701681804 ], [ 77.762049740017858, 10.922305466842413 ], [ 77.762050436212206, 10.92057420323607 ], [ 77.76178597039592, 10.918539977829152 ], [ 77.761393374277404, 10.916663910248001 ], [ 77.761206224661009, 10.915728139354361 ], [ 77.761234387743514, 10.913951684397452 ], [ 77.760815232035313, 10.90992847400593 ], [ 77.760684376244484, 10.905543755391552 ], [ 77.760561812802067, 10.903270007936081 ], [ 77.760813507269958, 10.902917527211928 ], [ 77.760845612159869, 10.902696045965943 ], [ 77.760781833571357, 10.902072222055663 ], [ 77.76083691916287, 10.901579534832985 ], [ 77.762964480098631, 10.899523645365592 ], [ 77.764995652702723, 10.898272311576356 ], [ 77.766839269651911, 10.897075139818286 ], [ 77.768408295873229, 10.896307279630754 ], [ 77.769670842072443, 10.895656826078682 ], [ 77.770540061822842, 10.895001703790685 ], [ 77.770750599077672, 10.89458591643043 ], [ 77.771382006026244, 10.893885501642952 ], [ 77.771670282587451, 10.8934923410671 ], [ 77.771698118683148, 10.892425565237458 ], [ 77.771748830377547, 10.891331675838462 ], [ 77.771488606406052, 10.890079463406503 ], [ 77.771557402983774, 10.889550615079772 ], [ 77.771923566175062, 10.888773260401088 ], [ 77.772463432101233, 10.888226498715852 ], [ 77.772930132942477, 10.887652589776794 ], [ 77.773072059570865, 10.887236775394189 ], [ 77.772908304779406, 10.884809324612416 ], [ 77.772675806410831, 10.882779634168081 ], [ 77.772543789098364, 10.881111603438079 ], [ 77.772621793407708, 10.880406465605814 ], [ 77.772544639802945, 10.878788176063436 ], [ 77.772728209632916, 10.877043411585579 ], [ 77.773254731983897, 10.87540273608167 ], [ 77.774096812731216, 10.873726008067068 ], [ 77.774755747653359, 10.872632330565377 ], [ 77.775387080041796, 10.871981628602443 ], [ 77.775387163585094, 10.871746574764849 ], [ 77.774939170159641, 10.871249185578941 ], [ 77.776046147016288, 10.870494684096707 ], [ 77.777203494207512, 10.869532262419149 ], [ 77.777756762997754, 10.869767505027255 ], [ 77.779334154331011, 10.87077606298614 ], [ 77.779965134579854, 10.871115295018971 ], [ 77.78083384318883, 10.871689660131105 ], [ 77.781835109896065, 10.872467479285973 ], [ 77.78267643785523, 10.872888139843868 ], [ 77.783728206051123, 10.873096413078599 ], [ 77.784020881662258, 10.873123628582874 ], [ 77.784176311765975, 10.873304490322271 ], [ 77.784125810277317, 10.873901151112902 ], [ 77.783992912615886, 10.874737363278861 ], [ 77.784052100813312, 10.875541992788273 ], [ 77.784038095179739, 10.876414404073815 ], [ 77.783960062124265, 10.877291315432196 ], [ 77.783932311368503, 10.878240565050268 ], [ 77.783973304189843, 10.878746850743838 ], [ 77.784169763945869, 10.879334550150999 ], [ 77.784379959840862, 10.879868010942161 ], [ 77.784387186787356, 10.879886351217475 ], [ 77.784590158430817, 10.8804014734252 ], [ 77.785097316697545, 10.881879766569247 ], [ 77.785229800235641, 10.882322796917254 ], [ 77.785663814078646, 10.883728741924346 ], [ 77.785951649567011, 10.884619328971976 ], [ 77.78622582257826, 10.885333620630965 ], [ 77.786687556634291, 10.88589427972936 ], [ 77.787460341340619, 10.886269704140917 ], [ 77.788187495223767, 10.886324170674088 ], [ 77.788910168310267, 10.886084817961004 ], [ 77.789610185885309, 10.885568266788377 ], [ 77.789687823682058, 10.885510977232389 ], [ 77.790438036420241, 10.884937126576983 ], [ 77.791202000568759, 10.884250271641337 ], [ 77.792501268998507, 10.882813203865096 ], [ 77.793484981726792, 10.881321796692529 ], [ 77.794564751308414, 10.879740007433707 ], [ 77.794999487396908, 10.878804430952259 ], [ 77.795351874024973, 10.877968277828618 ], [ 77.795589933863482, 10.877104970738261 ], [ 77.795521567578774, 10.876300340153044 ], [ 77.795443959426436, 10.875830208223228 ], [ 77.795261177418922, 10.875323884054438 ], [ 77.794959602198276, 10.874433300995006 ], [ 77.794168985933567, 10.87255715565494 ], [ 77.794063906401519, 10.872209062772896 ], [ 77.794210317419797, 10.871974049695332 ], [ 77.794708832096802, 10.871843105099428 ], [ 77.795079411406036, 10.871323376291107 ], [ 77.79501092744205, 10.870934611919983 ], [ 77.794869566752283, 10.869533282240853 ], [ 77.795039066269979, 10.868529826264695 ], [ 77.795418949430612, 10.867449584222324 ], [ 77.795748439798729, 10.866663146937972 ], [ 77.796407171701603, 10.8659491263886 ], [ 77.797870850692945, 10.864923426611297 ], [ 77.799778143822721, 10.863762229112263 ], [ 77.801200580261053, 10.862971557170781 ], [ 77.80210617010232, 10.862497165175478 ], [ 77.802723655858969, 10.862027214408721 ], [ 77.80409122589468, 10.861132548436743 ], [ 77.805902389407592, 10.860161141975864 ], [ 77.807324792608227, 10.859370441090201 ], [ 77.807576583195868, 10.858263030215538 ], [ 77.808262554713124, 10.858159229424093 ], [ 77.809181777387167, 10.857937955768739 ], [ 77.810247277230488, 10.857951768008043 ], [ 77.811299048121356, 10.8580017367956 ], [ 77.812954418611142, 10.85820100841549 ], [ 77.814006185010413, 10.858278089033607 ], [ 77.815625010237838, 10.858319126933615 ], [ 77.817888191628668, 10.85840565092848 ], [ 77.818716317946368, 10.858437310690171 ], [ 77.819653817743188, 10.858252171703588 ], [ 77.820376404591428, 10.857981099605295 ], [ 77.820719430774247, 10.857718993401596 ], [ 77.821126547261017, 10.85712239642784 ], [ 77.821378138422617, 10.856738219720567 ], [ 77.82196830012326, 10.855490734664587 ], [ 77.822627075145292, 10.854121213281759 ], [ 77.823029648851659, 10.853325719044591 ], [ 77.82348710513034, 10.852475991724063 ], [ 77.82402230071537, 10.851612716778199 ], [ 77.824498023337, 10.850871478009795 ], [ 77.824722191627956, 10.850360725821837 ], [ 77.824841187860372, 10.849827352576613 ], [ 77.825193448724306, 10.849031846029106 ], [ 77.825892936293329, 10.847927670035325 ], [ 77.825943617445049, 10.847847667340062 ], [ 77.827036878823904, 10.845904136713164 ], [ 77.827494309051431, 10.845072483676141 ], [ 77.828043198554653, 10.844204683347078 ], [ 77.828724725207863, 10.843174174630345 ], [ 77.82960750862074, 10.841791114697463 ], [ 77.830042036300071, 10.841104104031938 ], [ 77.830279876949646, 10.840765122017118 ], [ 77.831240354753106, 10.839540281271908 ], [ 77.831908100351555, 10.838753858768369 ], [ 77.832480486189354, 10.837772353216456 ], [ 77.832530162126247, 10.837687169629122 ], [ 77.833380805614865, 10.836900774018611 ], [ 77.834446323424501, 10.836340422608933 ], [ 77.835274042805381, 10.835883999585366 ], [ 77.836193225055268, 10.835350744341952 ], [ 77.83689745932223, 10.835025387354701 ], [ 77.837926323173349, 10.834867327574534 ], [ 77.838872853733704, 10.834881024415758 ], [ 77.839910829196739, 10.834944453028726 ], [ 77.841849541801864, 10.835532354195148 ], [ 77.842507973667466, 10.835740374662013 ], [ 77.843504768561218, 10.836038841971735 ], [ 77.844753041428888, 10.836513628872799 ], [ 77.845489187448024, 10.836916025370591 ], [ 77.846408199916311, 10.837666504567858 ], [ 77.847212869425306, 10.838697227240786 ], [ 77.848314672884229, 10.840568755606533 ], [ 77.84838095777242, 10.840738275006283 ], [ 77.848422038628655, 10.840843335571495 ], [ 77.848447242660598, 10.84090779342767 ], [ 77.849457682065221, 10.842092221929311 ], [ 77.850797353123141, 10.843421331954685 ], [ 77.851405455976632, 10.844126560663451 ], [ 77.852150744150435, 10.844840843345692 ], [ 77.852937160791171, 10.845867026732911 ], [ 77.85360469528554, 10.846825394775703 ], [ 77.85455573808359, 10.847905834036762 ], [ 77.854872440933633, 10.848191231735822 ], [ 77.855433648136042, 10.848696964922679 ], [ 77.856200114990941, 10.849204517353929 ], [ 77.856416750908238, 10.849347972595352 ], [ 77.857061522991614, 10.849334466102031 ], [ 77.85753709918788, 10.84932094372745 ], [ 77.857902947070485, 10.849063316215895 ], [ 77.858611804067934, 10.848222596139701 ], [ 77.859558447815999, 10.847323128135502 ], [ 77.859951740128864, 10.846907290204109 ], [ 77.860120927931177, 10.846993187565495 ], [ 77.860596464601528, 10.847458812416829 ], [ 77.861346358437785, 10.848150471239785 ], [ 77.861908859214196, 10.847517665590356 ], [ 77.862603975581024, 10.846762822714863 ], [ 77.863422543824129, 10.846193315957406 ], [ 77.864053630972478, 10.845515309259772 ], [ 77.864753294611305, 10.845049759904398 ], [ 77.865690728831083, 10.844778594663397 ], [ 77.866861392648119, 10.844100610344491 ], [ 77.86830187624048, 10.842771712437115 ], [ 77.868702630858394, 10.842352624919963 ], [ 77.86877517790245, 10.842276760387426 ], [ 77.86924847686943, 10.841781808401132 ], [ 77.870012150862124, 10.841094753600078 ], [ 77.870446577031856, 10.840638219601555 ], [ 77.871205680396386, 10.83973870761457 ], [ 77.8716629803682, 10.838906989793616 ], [ 77.872111133693778, 10.838007463779636 ], [ 77.872504411633585, 10.837157660290599 ], [ 77.872938854871293, 10.83586938696463 ], [ 77.873336721405579, 10.834355098437729 ], [ 77.87342818607118, 10.833912109875389 ], [ 77.873044090710195, 10.833781010079752 ], [ 77.872467949016212, 10.833600180003835 ], [ 77.872097584404358, 10.833116494835602 ], [ 77.8718460983456, 10.832940194121132 ], [ 77.871928440619513, 10.831936689409167 ], [ 77.871978762445082, 10.831254125033645 ], [ 77.8719788046659, 10.830042683033737 ], [ 77.871901106682031, 10.829021091676179 ], [ 77.871809723763121, 10.82710447760746 ], [ 77.871768636618654, 10.825291834680771 ], [ 77.871796104405092, 10.824342570418787 ], [ 77.87192875143657, 10.82306332826295 ], [ 77.871992791434877, 10.822321999376303 ], [ 77.872084267778575, 10.821503827404014 ], [ 77.872440921404234, 10.821399871803218 ], [ 77.873648037058857, 10.821463192978232 ], [ 77.873739504419405, 10.820771588965252 ], [ 77.87373953855537, 10.819600828383466 ], [ 77.873808150978476, 10.81870128938982 ], [ 77.87413281559688, 10.817729431940029 ], [ 77.874393476149606, 10.816454710987134 ], [ 77.874498659886228, 10.815681741183928 ], [ 77.874672427299842, 10.814967536311515 ], [ 77.87470902107124, 10.814366336433402 ], [ 77.874750207030402, 10.813001203743875 ], [ 77.875047429015211, 10.81206550668573 ], [ 77.87528063795115, 10.811129806709275 ], [ 77.875467314155429, 10.810342456383815 ], [ 77.875486409643429, 10.810261911577877 ], [ 77.875486434796244, 10.809163477224265 ], [ 77.875532183298716, 10.808024359366916 ], [ 77.875070390852187, 10.807974624892681 ], [ 77.874151371197399, 10.808137332230451 ], [ 77.87403249983079, 10.807929394961885 ], [ 77.873986804328936, 10.806971087785927 ], [ 77.873735344321318, 10.806618496090325 ], [ 77.873319300377261, 10.805773184954107 ], [ 77.873227869847668, 10.805339233045304 ], [ 77.872857542066726, 10.804747060135874 ], [ 77.872464359348328, 10.804046400423026 ], [ 77.871796862583196, 10.802952461186365 ], [ 77.871499709768671, 10.801994144300251 ], [ 77.871083664926303, 10.801514976327551 ], [ 77.870599038203579, 10.801058404986643 ], [ 77.870416170856132, 10.800647049867869 ], [ 77.870557934889419, 10.799923805168527 ], [ 77.870745424069028, 10.799055912054213 ], [ 77.870722595182684, 10.798246774275251 ], [ 77.871001550824516, 10.796673715870561 ], [ 77.871253038679868, 10.79598663711058 ], [ 77.871435941959916, 10.795394481939981 ], [ 77.872080634093251, 10.794336750432054 ], [ 77.873415707573571, 10.792736601407823 ], [ 77.874773619821639, 10.791484509226111 ], [ 77.875998923665833, 10.790684441864281 ], [ 77.87713734964224, 10.790101343243434 ], [ 77.878147759402466, 10.789486594979158 ], [ 77.879464479403211, 10.78916566837327 ], [ 77.8813755463555, 10.78884473966 ], [ 77.883058015424169, 10.788917066786503 ], [ 77.885065091619069, 10.789052666313721 ], [ 77.885586295045201, 10.789378124343148 ], [ 77.887465380176749, 10.790643788265047 ], [ 77.889289633939981, 10.792628173418548 ], [ 77.889838294372794, 10.793595509419756 ], [ 77.890642951305395, 10.793048529653019 ], [ 77.891406459109774, 10.792546753789837 ], [ 77.891589327355533, 10.792180602560585 ], [ 77.891749304731235, 10.790788341037954 ], [ 77.892023537031264, 10.788116824928938 ], [ 77.892256645355928, 10.786268007252724 ], [ 77.892530895622272, 10.784373985326877 ], [ 77.892736567601531, 10.782547769022804 ], [ 77.892923977729353, 10.781521651383375 ], [ 77.892992520083837, 10.780495536421718 ], [ 77.892901035655314, 10.779080679120449 ], [ 77.892256282436534, 10.774922004721139 ], [ 77.89202766029841, 10.773805491561824 ], [ 77.891543059626827, 10.773782905354695 ], [ 77.890921305075949, 10.773647312182915 ], [ 77.890368133303767, 10.773737732935313 ], [ 77.890134977368419, 10.773782942418844 ], [ 77.889837813774122, 10.773647340422322 ], [ 77.889307492447841, 10.773439417242328 ], [ 77.887506242742404, 10.77325863818743 ], [ 77.886331317317669, 10.773168248178045 ], [ 77.885595276401418, 10.773123053604406 ], [ 77.884420354569983, 10.773557013185764 ], [ 77.882852262596543, 10.774194384588789 ], [ 77.881352742621985, 10.774741342161004 ], [ 77.879409757629347, 10.775509783409312 ], [ 77.877937654237272, 10.776056723589745 ], [ 77.877658782138809, 10.775830703403106 ], [ 77.876899883590141, 10.775374138066715 ], [ 77.876863383243503, 10.775358097301559 ], [ 77.876694157711952, 10.775283728395484 ], [ 77.87503919056573, 10.775446423425322 ], [ 77.873356788870709, 10.775722118416551 ], [ 77.872945334419427, 10.77569950411398 ], [ 77.872757896443815, 10.775609091010537 ], [ 77.872620754242675, 10.775288144306268 ], [ 77.872460754409076, 10.774967194612366 ], [ 77.872300752778898, 10.774741173607751 ], [ 77.872552205599959, 10.774465443301603 ], [ 77.872552210091541, 10.774329833670095 ], [ 77.871976209433029, 10.773371505864105 ], [ 77.871285937680497, 10.771911417676513 ], [ 77.871121365422155, 10.771730598874949 ], [ 77.870755621744095, 10.771956600959678 ], [ 77.869992125617841, 10.772643659598961 ], [ 77.868647999814414, 10.773755601404282 ], [ 77.867102710676136, 10.774849447433567 ], [ 77.865881990934867, 10.776173837562853 ], [ 77.864647562004038, 10.777195361645434 ], [ 77.863906917221968, 10.77753434223024 ], [ 77.863376591404105, 10.777584034088415 ], [ 77.863170868220877, 10.7774890935989 ], [ 77.861694142098358, 10.778221290186854 ], [ 77.860729461975978, 10.778745579597953 ], [ 77.859650448775838, 10.779735453355933 ], [ 77.858383979633757, 10.780788591837185 ], [ 77.857163220366616, 10.781837207570508 ], [ 77.856244212389939, 10.782668870929271 ], [ 77.855343489620864, 10.783468889902853 ], [ 77.85492741423576, 10.783880200582866 ], [ 77.854237049956765, 10.784038349874974 ], [ 77.853176365981682, 10.784196462903505 ], [ 77.852291547884676, 10.784358381853943 ], [ 77.851324728873649, 10.784535305881294 ], [ 77.850405782880713, 10.784557812743506 ], [ 77.849436563571203, 10.78442210264825 ], [ 77.848375905647245, 10.784308978793112 ], [ 77.847040936371513, 10.784195819597416 ], [ 77.846254571833057, 10.784240933087826 ], [ 77.845541326565467, 10.784534669635502 ], [ 77.844549181351596, 10.784945897673012 ], [ 77.843739920553162, 10.785257699868845 ], [ 77.842560321194028, 10.78569149987867 ], [ 77.841824214700765, 10.785944541947583 ], [ 77.840900673825146, 10.786102631030518 ], [ 77.840397759199845, 10.786147765413597 ], [ 77.839821734286843, 10.785921671621798 ], [ 77.838665038374174, 10.78598931366958 ], [ 77.837791795967945, 10.786079595699643 ], [ 77.83779178159493, 10.786170002127204 ], [ 77.837700243267463, 10.786857076852105 ], [ 77.8375813674093, 10.786902263186033 ], [ 77.837124187811725, 10.786834391908588 ], [ 77.836200664902421, 10.786834254247591 ], [ 77.836049796443717, 10.786811630190883 ], [ 77.835944341415882, 10.786795815940721 ], [ 77.835898926188392, 10.786789006132469 ], [ 77.8360177400628, 10.78715064935799 ], [ 77.836200536443329, 10.787675034395175 ], [ 77.835587852181916, 10.787986842585909 ], [ 77.83577063059613, 10.78862423460496 ], [ 77.836049423642891, 10.789239040225908 ], [ 77.836323602942329, 10.790129583736404 ], [ 77.836255016570362, 10.790174776637986 ], [ 77.835148584991131, 10.790314739224721 ], [ 77.834087885744694, 10.79035977943777 ], [ 77.832958539939156, 10.790816150840259 ], [ 77.832268140625857, 10.791019453962134 ], [ 77.831371983095039, 10.791340249754414 ], [ 77.830731866979789, 10.791579719733546 ], [ 77.830292926775769, 10.791764979337612 ], [ 77.82946082002303, 10.791810041394063 ], [ 77.828839060980599, 10.791647203436256 ], [ 77.828473316404256, 10.79157933411237 ], [ 77.828450402177964, 10.791877670645585 ], [ 77.828285576594695, 10.793179492827511 ], [ 77.828056619384981, 10.795172911316886 ], [ 77.827964952598435, 10.796429543153492 ], [ 77.827845877314275, 10.797546039392945 ], [ 77.827768263772015, 10.797560464162922 ], [ 77.826995446726372, 10.797704099431742 ], [ 77.826094703296022, 10.797957074031752 ], [ 77.825381475096407, 10.797889137304955 ], [ 77.82441223782061, 10.797681022634182 ], [ 77.823516167426405, 10.797409635408949 ], [ 77.822752670401798, 10.797224155152055 ], [ 77.821984597359162, 10.797065794840602 ], [ 77.820142056591692, 10.79708803074659 ], [ 77.819058471865063, 10.797133012587746 ], [ 77.818596703673052, 10.797087715725421 ], [ 77.818368112077621, 10.797042463859306 ], [ 77.817805606809671, 10.797706833139125 ], [ 77.817229404928526, 10.798276271435233 ], [ 77.816552596227169, 10.798931573904069 ], [ 77.81588044529056, 10.799180047199499 ], [ 77.815281462133825, 10.799365250055818 ], [ 77.814522461177248, 10.799523295018876 ], [ 77.813484528833342, 10.799821405711027 ], [ 77.81270261275219, 10.800205455999583 ], [ 77.812131022821717, 10.800539830094502 ], [ 77.811024455596851, 10.801041331418082 ], [ 77.810009371003915, 10.801362037094549 ], [ 77.809040027726908, 10.801587822784642 ], [ 77.808098064201445, 10.802021548044817 ], [ 77.8074761641235, 10.802387542567617 ], [ 77.805715689847148, 10.803196245641674 ], [ 77.803776869444164, 10.804086259821002 ], [ 77.801934131047332, 10.804682465673233 ], [ 77.800137122288362, 10.805228950412918 ], [ 77.798984820934066, 10.805639988654415 ], [ 77.798765340052285, 10.805696433185638 ], [ 77.798701486903568, 10.80571285440559 ], [ 77.79854586096711, 10.805752876823862 ], [ 77.798500203194479, 10.805522329373732 ], [ 77.798504931027821, 10.804961813417458 ], [ 77.79855101909348, 10.803641895001991 ], [ 77.798482588130085, 10.803094919409402 ], [ 77.79822669583487, 10.802565971938305 ], [ 77.797998171613116, 10.80227208976962 ], [ 77.796823445614379, 10.801177851112133 ], [ 77.796339022809235, 10.800400222584193 ], [ 77.796247672229654, 10.800079255571687 ], [ 77.796243234552165, 10.799609142429254 ], [ 77.796175188067693, 10.797737714853834 ], [ 77.796175305747013, 10.797326365776449 ], [ 77.795997149164933, 10.79678839959139 ], [ 77.795860073439073, 10.796494540889487 ], [ 77.795467001213453, 10.796060481155122 ], [ 77.794914030663932, 10.795215025587257 ], [ 77.794461634595265, 10.794405761867299 ], [ 77.794278889418692, 10.793949159426113 ], [ 77.794119235436483, 10.792692466036637 ], [ 77.793863505736383, 10.791666282415344 ], [ 77.793863659348276, 10.791141926400135 ], [ 77.79363530939969, 10.790296562005503 ], [ 77.793127896909766, 10.79004779810376 ], [ 77.792286674053543, 10.789997830338001 ], [ 77.791225983790241, 10.78999751972157 ], [ 77.790256766277352, 10.789884225006803 ], [ 77.789333282893921, 10.78972573728705 ], [ 77.78857900527909, 10.789431689015689 ], [ 77.787751643427683, 10.788929681211625 ], [ 77.786736840007421, 10.788405013335055 ], [ 77.78650829422611, 10.788246731326083 ], [ 77.785836193595131, 10.788336927964398 ], [ 77.784825807191112, 10.788314010168898 ], [ 77.783637050405972, 10.78849444573506 ], [ 77.782900963675658, 10.788516810228582 ], [ 77.781977399443818, 10.788629520402855 ], [ 77.781008091201116, 10.78881001666783 ], [ 77.780089025732238, 10.789130655979287 ], [ 77.779279591558961, 10.789722547288754 ], [ 77.77889082765347, 10.790156367330564 ], [ 77.778515960685411, 10.790065835031177 ], [ 77.778318885583445, 10.78998363110791 ], [ 77.778239397257209, 10.789950474566146 ], [ 77.777962834727319, 10.789835113174389 ], [ 77.777780027566976, 10.789631637176964 ], [ 77.777140630103929, 10.787696727412946 ], [ 77.775619620631176, 10.783632445310353 ], [ 77.774194861149539, 10.778998628391385 ], [ 77.773459757176113, 10.77635398742896 ], [ 77.772423209136093, 10.772954343197465 ], [ 77.772035289646936, 10.771105395302767 ], [ 77.771341561177209, 10.767931884897083 ], [ 77.771124554255721, 10.767260018332866 ], [ 77.771090408393448, 10.767154300146169 ], [ 77.771232153562124, 10.767082026034842 ], [ 77.771762552143514, 10.766829078422349 ], [ 77.772279192128039, 10.76669365332544 ], [ 77.772878103419558, 10.766603459026335 ], [ 77.773774133389594, 10.76660377407941 ], [ 77.774743309579947, 10.766604112077529 ], [ 77.77545656023743, 10.76637382319344 ], [ 77.77617437074332, 10.766170655213195 ], [ 77.776448729705805, 10.765985416036113 ], [ 77.777024915417257, 10.765506458983793 ], [ 77.777546176335576, 10.765212815066668 ], [ 77.77906864018081, 10.764829099584086 ], [ 77.780915780322516, 10.764147143438541 ], [ 77.781720478577625, 10.763826461629492 ], [ 77.781606305399961, 10.763482880973553 ], [ 77.781629322034149, 10.763003734616477 ], [ 77.781373428840638, 10.762664627364389 ], [ 77.781181592713409, 10.762162808789348 ], [ 77.781227611608784, 10.761254240087059 ], [ 77.78148389467114, 10.760418064395829 ], [ 77.78159828883436, 10.760097158871945 ], [ 77.781781161571686, 10.760052014406405 ], [ 77.78254466937608, 10.759848846577452 ], [ 77.78279613836682, 10.759735919118867 ], [ 77.78323553042344, 10.758117785603941 ], [ 77.783395650631235, 10.757751691343183 ], [ 77.783509958556195, 10.757683922928997 ], [ 77.784159135079406, 10.757593722403906 ], [ 77.784712325716228, 10.757453768434679 ], [ 77.785009500090297, 10.757363454877076 ], [ 77.785782186880269, 10.757011111278658 ], [ 77.786660034050612, 10.756600034842871 ], [ 77.787601864625429, 10.756234177023286 ], [ 77.788525357890336, 10.756031043688466 ], [ 77.789032807211186, 10.755963392264523 ], [ 77.791327664097238, 10.755964075344872 ], [ 77.792296833999373, 10.755873951968306 ], [ 77.794139179832442, 10.755666546928111 ], [ 77.795103789886227, 10.7555312103652 ], [ 77.795611256275052, 10.755395743126476 ], [ 77.795588718442872, 10.754279216753101 ], [ 77.79547013723213, 10.753320874612072 ], [ 77.795954808870633, 10.752954865430857 ], [ 77.797015517100235, 10.75243080032096 ], [ 77.797637254583108, 10.752317962751963 ], [ 77.798167477094708, 10.752526042592049 ], [ 77.798903350924334, 10.752955672956412 ], [ 77.80171892973955, 10.754434563645146 ], [ 77.803327837566229, 10.755302881074932 ], [ 77.805055643708982, 10.756053691238316 ], [ 77.809530754908749, 10.757374710647506 ], [ 77.812204842778499, 10.758288434401944 ], [ 77.81280366783173, 10.758446779815692 ], [ 77.813219707284247, 10.758288662093655 ], [ 77.814508952311996, 10.757877597989616 ], [ 77.815245018381077, 10.757602018166935 ], [ 77.816328533039112, 10.757236105081027 ], [ 77.818271492878949, 10.756789001417642 ], [ 77.819697848666848, 10.756468349730772 ], [ 77.819789300756028, 10.756355360111542 ], [ 77.819931133061274, 10.755785828385216 ], [ 77.820228428707949, 10.755044554233333 ], [ 77.820342797718354, 10.754633228007011 ], [ 77.820685671187562, 10.754542889776342 ], [ 77.821769164286025, 10.754199558890548 ], [ 77.823643786587226, 10.753655512601199 ], [ 77.823730405740179, 10.753630375227129 ], [ 77.824717875223001, 10.753377423388976 ], [ 77.825088183241007, 10.753241881049647 ], [ 77.825595667596133, 10.752921031432967 ], [ 77.825755708752226, 10.752695044199495 ], [ 77.825408325740256, 10.752468965012305 ], [ 77.825504380796957, 10.752170640624001 ], [ 77.82571017404878, 10.751736727032867 ], [ 77.825916887175438, 10.751433717366384 ], [ 77.826373186423993, 10.750854495682944 ], [ 77.826528655155286, 10.750614947428263 ], [ 77.826743552832497, 10.750370887392306 ], [ 77.82690359309025, 10.750135858291349 ], [ 77.827036218562156, 10.749828499572624 ], [ 77.827081959878115, 10.749674816565674 ], [ 77.827091126287286, 10.749548249877391 ], [ 77.827063743840796, 10.749299627066234 ], [ 77.826981652196878, 10.748246375892599 ], [ 77.826936030356862, 10.747749130568344 ], [ 77.826826423315765, 10.747179550825186 ], [ 77.826762480335532, 10.746876676910246 ], [ 77.82663454137446, 10.746564751153603 ], [ 77.82625982173009, 10.745891154822981 ], [ 77.826040487273701, 10.745421001205408 ], [ 77.825811999882873, 10.745009608908305 ], [ 77.82557437482896, 10.744584655423751 ], [ 77.825345900912865, 10.744109978378829 ], [ 77.825071720715087, 10.743608170421089 ], [ 77.824719846126726, 10.743024983335745 ], [ 77.824450243743684, 10.74250057531642 ], [ 77.824345175889732, 10.742129887732863 ], [ 77.824262994414269, 10.74161003489268 ], [ 77.824176226140992, 10.741162505625342 ], [ 77.824007193747207, 10.740633594991634 ], [ 77.823742224874394, 10.739801804185905 ], [ 77.823628037323687, 10.739331667565725 ], [ 77.82360978625205, 10.739155372763895 ], [ 77.823664655349589, 10.73907853693848 ], [ 77.823751514352736, 10.739046909606133 ], [ 77.823929796698962, 10.739006261396527 ], [ 77.823696806053604, 10.738287484599299 ], [ 77.823518627911966, 10.737790214933357 ], [ 77.823267297261765, 10.737365255704262 ], [ 77.822979404281213, 10.736908647139224 ], [ 77.822746359736925, 10.736483691083215 ], [ 77.822572748630193, 10.736013544004317 ], [ 77.822298658263961, 10.735122985340693 ], [ 77.822189030561617, 10.7347206547415 ], [ 77.822115956206517, 10.734404216958055 ], [ 77.822033747781617, 10.73404709642787 ], [ 77.821832697634505, 10.733653787195705 ], [ 77.821814431291529, 10.733558855825146 ], [ 77.821910450415601, 10.733427786425791 ], [ 77.822038482801474, 10.733219874358921 ], [ 77.822102517409888, 10.73302551270424 ], [ 77.822070577809953, 10.732731685376052 ], [ 77.821924423709859, 10.732125932100441 ], [ 77.821805726616418, 10.731371013050511 ], [ 77.821828603113431, 10.7312670501494 ], [ 77.821897197570223, 10.731117893407475 ], [ 77.822066385372494, 10.73082410394243 ], [ 77.822441366426631, 10.730042158817964 ], [ 77.822647148000328, 10.729608246975639 ], [ 77.822665475428749, 10.729395793899304 ], [ 77.82263808489742, 10.729210456248431 ], [ 77.822610686281266, 10.729070321427994 ], [ 77.822560444405738, 10.72887141518463 ], [ 77.822368605583563, 10.728139084695234 ], [ 77.822240677402235, 10.727845237613856 ], [ 77.822176721845594, 10.727641810690633 ], [ 77.822172168285434, 10.727555924244225 ], [ 77.822208799786083, 10.727239507205427 ], [ 77.822254543796973, 10.727063223003201 ], [ 77.822364290076933, 10.726850788439092 ], [ 77.822547202340132, 10.726484676574598 ], [ 77.822730116399981, 10.726105003693387 ], [ 77.822862724803883, 10.72584737033306 ], [ 77.823050199610435, 10.72551742179874 ], [ 77.823210261427761, 10.725119662761065 ], [ 77.823283469631846, 10.724744488666273 ], [ 77.823329263948381, 10.724306024585902 ], [ 77.823420904683772, 10.723166917755524 ], [ 77.823571813566687, 10.722818881217831 ], [ 77.82360840823641, 10.722678758440921 ], [ 77.823663306978347, 10.722430149710016 ], [ 77.823686202339999, 10.722217697770335 ], [ 77.823700011242551, 10.721724984304442 ], [ 77.823732106251015, 10.721209671951351 ], [ 77.823832790326392, 10.720567802843448 ], [ 77.823878523557497, 10.720436723400955 ], [ 77.823965395137037, 10.720314689164816 ], [ 77.824207716583274, 10.719980229613368 ], [ 77.824303734809035, 10.719826557024021 ], [ 77.824344901005247, 10.719677393758117 ], [ 77.824372386757972, 10.719360974658064 ], [ 77.824413640989121, 10.718750737266342 ], [ 77.824514531676954, 10.717010426325523 ], [ 77.824545266636107, 10.716676768980205 ], [ 77.824606137378069, 10.716015968904573 ], [ 77.824633682419645, 10.715383126250039 ], [ 77.824620028925622, 10.715075741019852 ], [ 77.824583481866597, 10.714976287286746 ], [ 77.824514487659528, 10.714869021161324 ], [ 77.82448752292963, 10.714827097799331 ], [ 77.824231593803518, 10.714641716801419 ], [ 77.82389338887883, 10.714456318919606 ], [ 77.823523184167101, 10.714298036952682 ], [ 77.823194113312198, 10.714157844032137 ], [ 77.823047867583966, 10.714058368813836 ], [ 77.82288336269923, 10.713836840827616 ], [ 77.822709739016062, 10.713493261570932 ], [ 77.822682341298204, 10.713362166708093 ], [ 77.822659492648981, 10.713330519916171 ], [ 77.822481231862284, 10.713335005580335 ], [ 77.822376102024606, 10.713339505367001 ], [ 77.822348681848865, 10.713316898748957 ], [ 77.822280153867425, 10.713145112405014 ], [ 77.822229922771655, 10.712905525440947 ], [ 77.822184258710834, 10.7126840195606 ], [ 77.822033578000031, 10.711906492062203 ], [ 77.821946812421686, 10.711504165012865 ], [ 77.821901141174322, 10.711327862819029 ], [ 77.821846320585777, 10.711174161123612 ], [ 77.821759514583263, 10.710984290425422 ], [ 77.821485370318115, 10.710486999710072 ], [ 77.821224918174536, 10.710084637233999 ], [ 77.820946188908167, 10.709659670863173 ], [ 77.820233311949849, 10.708891071755094 ], [ 77.82002309988512, 10.708692134597195 ], [ 77.819735214989421, 10.708348530968875 ], [ 77.819666677126506, 10.708235508356847 ], [ 77.819465658420398, 10.707792474599003 ], [ 77.819269210342512, 10.707349441076049 ], [ 77.819059030617169, 10.707001333396347 ], [ 77.818848864366558, 10.706589939154689 ], [ 77.818720960439762, 10.706232805220679 ], [ 77.818707258436746, 10.706183080437263 ], [ 77.81866155844331, 10.706146907404335 ], [ 77.818250206399952, 10.706106140026481 ], [ 77.81757832405961, 10.706069837230601 ], [ 77.817148685910382, 10.706042625136401 ], [ 77.817121263039695, 10.706038099643715 ], [ 77.817107555646771, 10.706015494246177 ], [ 77.816988772315071, 10.705762329566856 ], [ 77.816952227052695, 10.705671916711125 ], [ 77.816929393674798, 10.705576985390325 ], [ 77.816856327404523, 10.705283146420291 ], [ 77.816833505704722, 10.705129449602582 ], [ 77.816737620429606, 10.704672875368132 ], [ 77.816609731774193, 10.704256978044258 ], [ 77.816504680988231, 10.703913409108004 ], [ 77.816481849406955, 10.703813957006572 ], [ 77.816463611810093, 10.703606018418903 ], [ 77.81640880469628, 10.703420672041073 ], [ 77.816390536556668, 10.703348342965244 ], [ 77.816390544641507, 10.703316700423485 ], [ 77.816372265722109, 10.703298615060532 ], [ 77.816079750011085, 10.703275951201357 ], [ 77.815979201581342, 10.703253327944115 ], [ 77.815869521776719, 10.703176458287203 ], [ 77.815494801234053, 10.702850914376921 ], [ 77.815165765413454, 10.702629346419474 ], [ 77.814964682927013, 10.702516294311236 ], [ 77.814640191683452, 10.702412256181775 ], [ 77.814178586984795, 10.702285584977538 ], [ 77.813771814552794, 10.702222211399908 ], [ 77.813259914978019, 10.70218141436543 ], [ 77.813058810033681, 10.702172329722478 ], [ 77.813040529317647, 10.702163284800275 ], [ 77.813008668769456, 10.701580152879794 ], [ 77.81300410442951, 10.701548510153501 ], [ 77.812962982250738, 10.701494257275717 ], [ 77.812314092290094, 10.700897426431348 ], [ 77.811857113016885, 10.700549256614813 ], [ 77.810742080068778, 10.699730820292199 ], [ 77.810522729442681, 10.699572557114299 ], [ 77.810321665820865, 10.699396217967776 ], [ 77.810125179115403, 10.699192756927557 ], [ 77.810006379614023, 10.699039037602782 ], [ 77.809951560822114, 10.698921497395718 ], [ 77.80985565129248, 10.698618609595099 ], [ 77.80970950437893, 10.698152981396486 ], [ 77.809631851310826, 10.697958588403012 ], [ 77.809124776587439, 10.696882628323522 ], [ 77.808960332788175, 10.69649383970091 ], [ 77.808832441437801, 10.696150264616591 ], [ 77.808768516423839, 10.695892589006247 ], [ 77.808558463360981, 10.695096959063932 ], [ 77.808430581892097, 10.694717220358964 ], [ 77.808261572854505, 10.694305828869606 ], [ 77.808211328284045, 10.694179246964378 ], [ 77.808183925176294, 10.694097874935213 ], [ 77.808165667816482, 10.693998423145667 ], [ 77.808170256410918, 10.693921579389743 ], [ 77.8082205530837, 10.693835703684538 ], [ 77.80833943343346, 10.693641357356467 ], [ 77.808380586154925, 10.69356452057181 ], [ 77.808430882827679, 10.69347412614705 ], [ 77.808481183093718, 10.693374690924646 ], [ 77.808508619439095, 10.693320451590937 ], [ 77.808531484258069, 10.693270734399974 ], [ 77.808545209617279, 10.693211972894435 ], [ 77.80853151839402, 10.693126082864929 ], [ 77.808435586406517, 10.692931685767482 ], [ 77.808403608179034, 10.692868394093461 ], [ 77.8083944830924, 10.69280058642585 ], [ 77.808389950193472, 10.692646893874258 ], [ 77.808399105822815, 10.692588132247909 ], [ 77.80842198770975, 10.692466087679447 ], [ 77.808472313128576, 10.692258164262018 ], [ 77.8085409138736, 10.692077365780024 ], [ 77.808618660366477, 10.6918784899736 ], [ 77.808650688899633, 10.691733845719353 ], [ 77.808737591021881, 10.69147168743239 ], [ 77.808947978258047, 10.690866011406829 ], [ 77.809044024331598, 10.690590291972516 ], [ 77.80910804636359, 10.690441136385171 ], [ 77.809213219320441, 10.690219664407005 ], [ 77.809615644804765, 10.689270485984887 ], [ 77.80971167291203, 10.689067092303256 ], [ 77.809757413329663, 10.688913411984625 ], [ 77.809903821652966, 10.68826251741436 ], [ 77.809954159648228, 10.687995827719059 ], [ 77.810009070966601, 10.68771557902879 ], [ 77.810114314890342, 10.687191243811814 ], [ 77.810137256066071, 10.686816059834683 ], [ 77.810146460204479, 10.686549361806875 ], [ 77.810151046103996, 10.686486079394808 ], [ 77.810178484246038, 10.686418279128766 ], [ 77.8102059241847, 10.686341441398314 ], [ 77.810228810563189, 10.686196795388325 ], [ 77.8102882844249, 10.685948189394047 ], [ 77.810297442749246, 10.685871343599985 ], [ 77.81035696242499, 10.685428364566739 ], [ 77.810379867668118, 10.685202353417937 ], [ 77.810366216869056, 10.684949211092052 ], [ 77.810357107952086, 10.684813598382886 ], [ 77.810325144097632, 10.684691541861238 ], [ 77.810201807205743, 10.684429331590119 ], [ 77.810055638732621, 10.684076712393736 ], [ 77.809968848899757, 10.683882316563091 ], [ 77.809854638891181, 10.683678874252003 ], [ 77.809306418632829, 10.682752075951901 ], [ 77.808525214915676, 10.681422909638661 ], [ 77.808264792416495, 10.681074781037955 ], [ 77.808052277969736, 10.68079851158569 ], [ 77.808031788296432, 10.680771872779273 ], [ 77.808111217333845, 10.680738212560238 ], [ 77.808159755105251, 10.680717644435296 ], [ 77.808283166557302, 10.680676998108718 ], [ 77.808488840333183, 10.680654444669559 ], [ 77.808950407302575, 10.680645527987856 ], [ 77.809421182003661, 10.680663704741669 ], [ 77.809631377898654, 10.680663776244597 ], [ 77.809721496887974, 10.680678221603385 ], [ 77.809800506412159, 10.680690912932768 ], [ 77.809855348560248, 10.68069544674829 ], [ 77.809896479722156, 10.680699980563748 ], [ 77.80989652373961, 10.680699991156803 ], [ 77.809913131792584, 10.680698150618381 ], [ 77.80993761357901, 10.680695465286115 ], [ 77.809987904861885, 10.680623158158875 ], [ 77.810097690667689, 10.680392641393464 ], [ 77.810157119613635, 10.680297700398 ], [ 77.81037195440878, 10.680017515224172 ], [ 77.810371974171716, 10.680017495803579 ], [ 77.810445090747635, 10.679958767043123 ], [ 77.810906732277189, 10.679778059223173 ], [ 77.811852867578835, 10.679403085894545 ], [ 77.812241380854374, 10.679235920111532 ], [ 77.812511052407743, 10.679127492879331 ], [ 77.812547922860247, 10.679111549408448 ], [ 77.812584221085928, 10.679095884887925 ], [ 77.81263903628458, 10.679055195972015 ], [ 77.81263906233572, 10.679055170372061 ], [ 77.812821943157886, 10.678820153883835 ], [ 77.81292248709606, 10.678643904198376 ], [ 77.813100783815315, 10.678395328215291 ], [ 77.813393369594962, 10.677997602688373 ], [ 77.813663103132058, 10.677613432322097 ], [ 77.813759109679751, 10.677482366973953 ], [ 77.813804771045611, 10.677455285613185 ], [ 77.813848996005376, 10.67745526089586 ], [ 77.81389622223648, 10.677455272371759 ], [ 77.814079011430508, 10.677545718351693 ], [ 77.814139473439013, 10.6775970006048 ], [ 77.814174971265786, 10.677627135423785 ], [ 77.814599598612375, 10.67813132403818 ], [ 77.81483748507604, 10.678413787586539 ], [ 77.814837515618734, 10.678413820248647 ], [ 77.814951713949256, 10.678522304232045 ], [ 77.815216760077192, 10.678689613414502 ], [ 77.815522924790642, 10.678852411613558 ], [ 77.815847384593155, 10.678979056405323 ], [ 77.815847432203867, 10.678979073177699 ], [ 77.816041068554938, 10.679040751418835 ], [ 77.816244974446334, 10.67910570644087 ], [ 77.816601424154427, 10.679218784042284 ], [ 77.817104137557124, 10.679322868081321 ], [ 77.817104180676253, 10.679322875143361 ], [ 77.817539311125159, 10.679388688143966 ], [ 77.817702854812509, 10.67941342384983 ], [ 77.817652619225186, 10.679083400939779 ], [ 77.817652612936982, 10.679083365629502 ], [ 77.817588716669135, 10.678730799372078 ], [ 77.817588712177582, 10.678730772006586 ], [ 77.817547687016869, 10.678391776876126 ], [ 77.817523209721998, 10.678275153805743 ], [ 77.817497431666624, 10.678152175704087 ], [ 77.817439001647273, 10.67791115309897 ], [ 77.817360487094803, 10.677587093375244 ], [ 77.817300624262586, 10.677352802264611 ], [ 77.81725541564758, 10.677175729876204 ], [ 77.817027060309101, 10.676470514842373 ], [ 77.817022099812093, 10.676448080264208 ], [ 77.81699509465804, 10.676325850007814 ], [ 77.816975145770542, 10.676198519967182 ], [ 77.816954056022581, 10.67606364840597 ], [ 77.81692665471148, 10.675801470412546 ], [ 77.816903874334187, 10.675656825563216 ], [ 77.816871921259533, 10.675498637228833 ], [ 77.816848085361784, 10.67542088660303 ], [ 77.816826205994744, 10.675349418615603 ], [ 77.816757685199818, 10.67517763460746 ], [ 77.816757665436882, 10.675177587820738 ], [ 77.816529279555681, 10.674689386562187 ], [ 77.816236973152115, 10.674051974979786 ], [ 77.816093717915422, 10.673740149015872 ], [ 77.816008527083781, 10.67355466787579 ], [ 77.815971976431484, 10.67345069220792 ], [ 77.81595488059331, 10.673373263270607 ], [ 77.815940053001228, 10.673306050653798 ], [ 77.815930955762354, 10.6731975851123 ], [ 77.815930946779218, 10.673057419104119 ], [ 77.815944697291258, 10.672912793252841 ], [ 77.815976697976623, 10.672795254407792 ], [ 77.816091008596544, 10.672551166970694 ], [ 77.81617329966646, 10.6723974897729 ], [ 77.816173314937799, 10.672397462406822 ], [ 77.816255577261629, 10.672248381750038 ], [ 77.816255599719526, 10.672248339376756 ], [ 77.816301321272533, 10.672162462839989 ], [ 77.81633333183936, 10.672072062045418 ], [ 77.816365339711254, 10.671950023357738 ], [ 77.816370722416423, 10.671874073573917 ], [ 77.816379132444126, 10.671755638307404 ], [ 77.816351730234686, 10.671520584394967 ], [ 77.816351725743147, 10.671520549966608 ], [ 77.816306096716573, 10.671213189154786 ], [ 77.816246300359708, 10.670875895586589 ], [ 77.816201123185749, 10.670620963403708 ], [ 77.816194193581637, 10.670571652107922 ], [ 77.816178296096069, 10.670458264081482 ], [ 77.816181156331922, 10.670309993750937 ], [ 77.816182942182692, 10.670218712271284 ], [ 77.816169692032275, 10.670056036569003 ], [ 77.816160119584609, 10.669938421583051 ], [ 77.816151795795165, 10.669847546072388 ], [ 77.816141913428723, 10.669739555117751 ], [ 77.816132507169385, 10.669680033396796 ], [ 77.816119071966, 10.669594864127836 ], [ 77.816087111704832, 10.669454727356344 ], [ 77.815940939638423, 10.669120189660717 ], [ 77.815548107263012, 10.668261248403386 ], [ 77.81551157367872, 10.668166330102503 ], [ 77.815511562898919, 10.668166302736058 ], [ 77.81540651660454, 10.667890535334871 ], [ 77.815269489387745, 10.667470119822481 ], [ 77.815269478607959, 10.667470089807612 ], [ 77.814981767985373, 10.666760385330623 ], [ 77.814970665706781, 10.666731826985258 ], [ 77.81493606439868, 10.666642820272218 ], [ 77.814936051822258, 10.666642786726067 ], [ 77.814602625036557, 10.665811007387219 ], [ 77.814602609765203, 10.665810965895853 ], [ 77.814511253795757, 10.66552618830627 ], [ 77.814444731752317, 10.665336470028366 ], [ 77.814397122838926, 10.66520071614887 ], [ 77.814282985593849, 10.66482548825128 ], [ 77.81426015311429, 10.664703426351542 ], [ 77.814177971638827, 10.664292034829042 ], [ 77.81416942327057, 10.664242655414451 ], [ 77.814123196864372, 10.663975658613669 ], [ 77.814109519115874, 10.663772225049881 ], [ 77.814109560438368, 10.663532638841845 ], [ 77.814091618387209, 10.663375756928234 ], [ 77.814059424564064, 10.663094116308082 ], [ 77.814048158792062, 10.662932462613817 ], [ 77.814032020558003, 10.662700894257846 ], [ 77.814035195204212, 10.662520534599972 ], [ 77.814036715153676, 10.662434163594265 ], [ 77.814064240432302, 10.662009260299232 ], [ 77.814068993418445, 10.661254398900544 ], [ 77.81409189327168, 10.660852067407005 ], [ 77.814091895966598, 10.660852026797759 ], [ 77.814114868583374, 10.660390951639048 ], [ 77.814128579569584, 10.660309632358771 ], [ 77.814134305431182, 10.660247392381681 ], [ 77.814142285165858, 10.660160486629721 ], [ 77.814178934632807, 10.659884731394641 ], [ 77.814178936429443, 10.659884689019639 ], [ 77.814183566346415, 10.659676840420623 ], [ 77.814167898829524, 10.658741373862926 ], [ 77.814165547938472, 10.658600962833679 ], [ 77.814175853411413, 10.658413511726588 ], [ 77.814188410960753, 10.658185043036401 ], [ 77.814215446657542, 10.657884856660676 ], [ 77.81423889178815, 10.657624545169469 ], [ 77.814250047965629, 10.657452363594027 ], [ 77.814261732352549, 10.657272022896787 ], [ 77.814243655554094, 10.65654420384284 ], [ 77.814262148272533, 10.655617532956905 ], [ 77.814276029040286, 10.654713477296232 ], [ 77.814264479400705, 10.654230286802811 ], [ 77.814253446292355, 10.653768685160623 ], [ 77.814299211862846, 10.653370968046922 ], [ 77.814299213659481, 10.653370928319529 ], [ 77.814422921555561, 10.651888277121586 ], [ 77.814422924250479, 10.651888237393964 ], [ 77.814491691183832, 10.65090284357492 ], [ 77.814482628979249, 10.650536706313316 ], [ 77.814478113148297, 10.650215787714782 ], [ 77.814476408145879, 10.650176277943212 ], [ 77.814473624266839, 10.650111792596114 ], [ 77.814473649419654, 10.650030423780404 ], [ 77.814469223420261, 10.650017408934897 ], [ 77.814464435399799, 10.650003326733685 ], [ 77.814434981438225, 10.649976059296181 ], [ 77.814395980181885, 10.649939954613119 ], [ 77.814135770583405, 10.649689136596709 ], [ 77.814039562813107, 10.649596386063136 ], [ 77.813482228247906, 10.648958913978111 ], [ 77.813482195908534, 10.648958877781505 ], [ 77.813162395667419, 10.648556489433131 ], [ 77.812956834180937, 10.64823550341834 ], [ 77.8130298169079, 10.648187396230339 ], [ 77.813724636830699, 10.647729354786195 ], [ 77.814076589572508, 10.647517017435982 ], [ 77.814076612030391, 10.647517003310387 ], [ 77.814515344723574, 10.647214227618241 ], [ 77.814903854405856, 10.646938583378093 ], [ 77.816215556417418, 10.646143289713573 ], [ 77.816215592350034, 10.646143267642278 ], [ 77.816654317856703, 10.645858640284187 ], [ 77.817102177433156, 10.645573929672038 ], [ 77.81710221156915, 10.645573904952142 ], [ 77.817376407038253, 10.645347951596946 ], [ 77.817924897689494, 10.644981904775507 ], [ 77.818240256659863, 10.644769524016958 ], [ 77.81861048742276, 10.644539017171377 ], [ 77.8186698454018, 10.64448480091043 ], [ 77.818724693838107, 10.644398929784728 ], [ 77.818902979777576, 10.644136850765204 ], [ 77.818903004930405, 10.644136808387977 ], [ 77.818948725585102, 10.644046411631336 ], [ 77.818948743551417, 10.644046371019838 ], [ 77.81899899441008, 10.643928935801116 ], [ 77.818999016867977, 10.643928893423901 ], [ 77.819099560806137, 10.64375710139492 ], [ 77.819163581041522, 10.643666733660053 ], [ 77.819220644723302, 10.643582736615437 ], [ 77.819369318597751, 10.643363914414689 ], [ 77.819524695700892, 10.643205736666998 ], [ 77.81962278723833, 10.643110925327978 ], [ 77.820132546127752, 10.642618192996842 ], [ 77.821270675660145, 10.641560633785694 ], [ 77.821992781909714, 10.64099125106001 ], [ 77.821992808859164, 10.640991228988309 ], [ 77.822458968914617, 10.640593547289217 ], [ 77.82245898957585, 10.640593529631847 ], [ 77.82307142320731, 10.640019577130042 ], [ 77.823418829575488, 10.639585714976148 ], [ 77.823572730746577, 10.639349514100809 ], [ 77.823683880195006, 10.639178927261691 ], [ 77.823903351195312, 10.638704309567117 ], [ 77.824323890309074, 10.637863608398366 ], [ 77.824432154368793, 10.637690734076996 ], [ 77.824502208587901, 10.637578855888998 ], [ 77.82469156087339, 10.637347834187414 ], [ 77.824854140668435, 10.637149476169199 ], [ 77.824909442753963, 10.637083865044989 ], [ 77.824991308920744, 10.636986758083188 ], [ 77.825448325024908, 10.636485099648299 ], [ 77.827166776112293, 10.635047932885309 ], [ 77.828478417038411, 10.63413956776577 ], [ 77.82924616039935, 10.633642482427424 ], [ 77.829246187348829, 10.633642464769645 ], [ 77.829936269556839, 10.633249317724445 ], [ 77.830626368832839, 10.632856179001626 ], [ 77.830640617909864, 10.63284911234244 ], [ 77.830653083831038, 10.632842928574087 ], [ 77.830681152590415, 10.632829007148796 ], [ 77.835757735280225, 10.634203990274278 ], [ 77.835972535041094, 10.634303512817045 ], [ 77.836082160048448, 10.634421031201661 ], [ 77.83608218340467, 10.634421057688279 ], [ 77.836132445043106, 10.634493431410645 ], [ 77.836192603421068, 10.63462833462718 ], [ 77.836200969431303, 10.634647101247516 ], [ 77.836232914421117, 10.634913768828982 ], [ 77.836232914421117, 10.634913795315546 ], [ 77.836232920709321, 10.635117242850137 ], [ 77.836255666950635, 10.635175202439752 ], [ 77.836296793620988, 10.6352799981315 ], [ 77.836337904121649, 10.635365849752693 ], [ 77.836365286568139, 10.635383886182888 ], [ 77.836392766930985, 10.635401986179611 ], [ 77.836669271968702, 10.635408840887614 ], [ 77.836945704242879, 10.635415692946838 ], [ 77.837152929409243, 10.635425772827997 ], [ 77.83722444159406, 10.635429256686313 ], [ 77.837224476628379, 10.63542925933494 ], [ 77.837324982837288, 10.635438312422199 ], [ 77.837357059879452, 10.63544285662339 ], [ 77.83742089685849, 10.635451915890403 ], [ 77.837722462197704, 10.635610120614427 ], [ 77.837722506215172, 10.63561014356938 ], [ 77.839088734167845, 10.636238664662518 ], [ 77.839399445254941, 10.636401446714967 ], [ 77.839399474899338, 10.636401467021217 ], [ 77.839591355044021, 10.636555124419651 ], [ 77.839694339704835, 10.636648581693098 ], [ 77.839755796148353, 10.636704353215617 ], [ 77.83992485728821, 10.63681289797136 ], [ 77.83999092298744, 10.636862649109668 ], [ 77.840020888090393, 10.636885216387878 ], [ 77.840454951340732, 10.636962113398056 ], [ 77.840939361569482, 10.637025424648989 ], [ 77.841231784754029, 10.637043544854549 ], [ 77.841569948356224, 10.63702554913492 ], [ 77.841972021700983, 10.637079814397453 ], [ 77.842303333852485, 10.637116024783158 ], [ 77.842634649597258, 10.637152246642014 ], [ 77.842752607377207, 10.63717022293082 ], [ 77.842991064271061, 10.63720658339512 ], [ 77.843338360146447, 10.637251799123812 ], [ 77.843514340110602, 10.637272704796542 ], [ 77.843566855622115, 10.637278944096449 ], [ 77.843763335141034, 10.637328689861464 ], [ 77.843763377361867, 10.637328696924484 ], [ 77.843820851573724, 10.637364072078158 ], [ 77.843932396280891, 10.637432723772912 ], [ 77.844786831558309, 10.638092758012666 ], [ 77.845431052076108, 10.638685016120569 ], [ 77.845686973117395, 10.63887037812491 ], [ 77.845731670591007, 10.638898901118996 ], [ 77.845752584269135, 10.638912243102361 ], [ 77.845828652709088, 10.638960772001633 ], [ 77.845865214141156, 10.638983356782092 ], [ 77.84594706862984, 10.638997873865952 ], [ 77.845993164780324, 10.639006049271385 ], [ 77.846276460183276, 10.638969885019435 ], [ 77.84631938797574, 10.63896444387157 ], [ 77.846989350616326, 10.638879519397385 ], [ 77.847199532138305, 10.638852461971664 ], [ 77.847428048275205, 10.638843470786904 ], [ 77.847414324712616, 10.638766598971413 ], [ 77.847414316627777, 10.638766568070825 ], [ 77.847316207124038, 10.638492835562875 ], [ 77.847135635870458, 10.637989050990461 ], [ 77.847113653197155, 10.637887408980877 ], [ 77.847094585556931, 10.637799250229707 ], [ 77.847085464063525, 10.637460212168881 ], [ 77.847085462266904, 10.63746017685377 ], [ 77.847065532244002, 10.637243092178647 ], [ 77.847026106982824, 10.636813780850874 ], [ 77.847003278994819, 10.636583250334143 ], [ 77.847003308639216, 10.636543460688594 ], [ 77.847003337385303, 10.636506394723833 ], [ 77.847021594745129, 10.636470209869305 ], [ 77.847021604626605, 10.636470181617113 ], [ 77.847565441106354, 10.636366280692418 ], [ 77.848456482731606, 10.636280508812007 ], [ 77.848469901765313, 10.63627998614643 ], [ 77.849151082567175, 10.636253435263887 ], [ 77.849576044985383, 10.636289675765642 ], [ 77.849576071036537, 10.636289675765642 ], [ 77.849611622762197, 10.636288799064802 ], [ 77.85012436585501, 10.636276130604918 ], [ 77.850585937315998, 10.636226492379787 ], [ 77.851518152323976, 10.636181391273732 ], [ 77.851518189154916, 10.636181393922371 ], [ 77.851636586211029, 10.636273456358232 ], [ 77.851838011853943, 10.636430080299979 ], [ 77.852039033254954, 10.636714841827555 ], [ 77.852039053916215, 10.636714871845452 ], [ 77.852171536555986, 10.636927267925282 ], [ 77.852249238133126, 10.636891109607051 ], [ 77.852943885579379, 10.636317092751225 ], [ 77.853195206348104, 10.636186041409596 ], [ 77.853464783578389, 10.636064022774129 ], [ 77.853635529059346, 10.63598275880371 ], [ 77.85371158312627, 10.635946562409622 ], [ 77.853908102171062, 10.635923960629583 ], [ 77.855000237960894, 10.636046103807402 ], [ 77.855914177642774, 10.636159223888725 ], [ 77.856544734785075, 10.636236084883777 ], [ 77.857106807963405, 10.636240644964944 ], [ 77.857312412569001, 10.636213523737728 ], [ 77.857719126610533, 10.63607345989605 ], [ 77.857719155356605, 10.636073448418585 ], [ 77.858112151225427, 10.635915276601446 ], [ 77.858331507241402, 10.635852006615602 ], [ 77.858331544970653, 10.635852000435415 ], [ 77.85865598321358, 10.635802331240409 ], [ 77.859732686845149, 10.63563156407537 ], [ 77.860109096220569, 10.635571868824279 ], [ 77.860465524369118, 10.635517632428716 ], [ 77.861013885662928, 10.635373019650993 ], [ 77.861846367013129, 10.635226870586417 ], [ 77.862480777029731, 10.635115485027296 ], [ 77.862752199399566, 10.63508343543881 ], [ 77.86339925859366, 10.635007003235364 ], [ 77.863673481910538, 10.634982843976944 ], [ 77.863911087201515, 10.634961909012105 ], [ 77.864633047923988, 10.634857951952007 ], [ 77.864633085653224, 10.634857945771795 ], [ 77.864802171945897, 10.634835350091322 ], [ 77.864930097432264, 10.634799237435194 ], [ 77.865015406841522, 10.634755739438111 ], [ 77.865080887737548, 10.634722349591591 ], [ 77.865199724968164, 10.634618404810279 ], [ 77.865199924394162, 10.634617927169041 ], [ 77.8652591781686, 10.634473779245949 ], [ 77.865281597423163, 10.634347930846438 ], [ 77.865300243753524, 10.634243254024321 ], [ 77.865323112165697, 10.633881589774175 ], [ 77.865323157979773, 10.633783324326654 ], [ 77.865323166962909, 10.633750495890732 ], [ 77.865323170556167, 10.633750451746325 ], [ 77.865346057832994, 10.633610329386245 ], [ 77.865441980837346, 10.633515455028224 ], [ 77.866355101255664, 10.633116697935149 ], [ 77.867863892742236, 10.63245777861847 ], [ 77.868677313638756, 10.632132369139917 ], [ 77.86947701366762, 10.63187022131002 ], [ 77.870089381722053, 10.631662278561205 ], [ 77.870602119424987, 10.631525950807115 ], [ 77.871058132110988, 10.631404702841524 ], [ 77.87142981994127, 10.631335758435107 ], [ 77.871716089666108, 10.63128266198763 ], [ 77.871716118412209, 10.631282659338927 ], [ 77.871985707320547, 10.631255548265811 ], [ 77.872182215585568, 10.631250997821979 ], [ 77.872301042934737, 10.631246493288678 ], [ 77.872304155597163, 10.631292016265249 ], [ 77.872351697136963, 10.631987258571863 ], [ 77.872360396422181, 10.632114434050273 ], [ 77.872360398218817, 10.632114478194922 ], [ 77.872383164223052, 10.633230918300331 ], [ 77.872392908248941, 10.63355995704678 ], [ 77.87240150332957, 10.633850216348346 ], [ 77.872451719153972, 10.634270650004504 ], [ 77.872451723645526, 10.634270686202855 ], [ 77.872483663245461, 10.634433391611237 ], [ 77.872703013871543, 10.634876412197055 ], [ 77.872872806240039, 10.635136726342449 ], [ 77.872977193170982, 10.63529677822298 ], [ 77.87305954263141, 10.635361965064464 ], [ 77.87306858058146, 10.635369118188072 ], [ 77.873074287578461, 10.635368946908638 ], [ 77.87321936190358, 10.635364571337123 ], [ 77.873388013411656, 10.635345650256291 ], [ 77.873420447983321, 10.63534200836083 ], [ 77.873466102162666, 10.635360075693383 ], [ 77.873479333448486, 10.635375751293026 ], [ 77.873489014592309, 10.635387220834337 ], [ 77.873506194872121, 10.635563176840213 ], [ 77.873516386259027, 10.635667473569926 ], [ 77.873539226823439, 10.635997455255422 ], [ 77.873516360207887, 10.636851797639391 ], [ 77.873530056821025, 10.637290286431769 ], [ 77.873530058617646, 10.637290315566732 ], [ 77.873530687438347, 10.637299775605555 ], [ 77.873552851571347, 10.637633834417837 ], [ 77.873591006614731, 10.637806656681734 ], [ 77.873607745821744, 10.637882478999101 ], [ 77.873612402688153, 10.637887449593174 ], [ 77.873781337165539, 10.638067822067857 ], [ 77.873927341246983, 10.638198047112525 ], [ 77.874014409557603, 10.638275705713111 ], [ 77.874270286581435, 10.638655421297265 ], [ 77.874270306344371, 10.63865545396361 ], [ 77.874342951304783, 10.638796657292664 ], [ 77.87465866241476, 10.639410358111915 ], [ 77.874908828848348, 10.639931996392422 ], [ 77.874996849373147, 10.640115547755569 ], [ 77.874996866441123, 10.640115578656019 ], [ 77.875746248237647, 10.641928194413456 ], [ 77.876131954277938, 10.642966483011321 ], [ 77.876139208173853, 10.642986009262476 ], [ 77.876468181112358, 10.643899135780599 ], [ 77.876495594101584, 10.64415681042478 ], [ 77.876421519023253, 10.6448230507165 ], [ 77.8763950744179, 10.645060861211903 ], [ 77.876393576926333, 10.645099992901651 ], [ 77.876385880160967, 10.645300473428684 ], [ 77.87641786916825, 10.645431569410544 ], [ 77.876513869427725, 10.645490328671718 ], [ 77.876605832658285, 10.64550203178902 ], [ 77.876655570578947, 10.645508360088849 ], [ 77.876815446444994, 10.645499296706275 ], [ 77.876948019814648, 10.645445074436152 ], [ 77.876998292232884, 10.645359233598008 ], [ 77.877056453655953, 10.645264255186296 ], [ 77.877089666168629, 10.645210041702901 ], [ 77.877235914591822, 10.645282396090817 ], [ 77.877482257795563, 10.645454741692795 ], [ 77.877797985973544, 10.645675642396396 ], [ 77.878090537617155, 10.645913740036764 ], [ 77.878442275661627, 10.646200020925784 ], [ 77.878657250593946, 10.646368061223439 ], [ 77.878725626760115, 10.646421509068471 ], [ 77.878747779215004, 10.646430284613963 ], [ 77.878817009679025, 10.646457725407691 ], [ 77.878899325003459, 10.646407967889203 ], [ 77.879116562791964, 10.646220903030885 ], [ 77.879146057177692, 10.646195507784732 ], [ 77.879146092211982, 10.646195473353485 ], [ 77.879430840190736, 10.646421361632243 ], [ 77.87967612068752, 10.646615939430575 ], [ 77.880158817828999, 10.647128377566958 ], [ 77.880361616097673, 10.647343681560644 ], [ 77.880571829958981, 10.647565145918163 ], [ 77.880731785775112, 10.647682705100392 ], [ 77.88090083074529, 10.647750500757999 ], [ 77.881225327378729, 10.647732418268335 ], [ 77.881373888963779, 10.64773726686885 ], [ 77.88150408269621, 10.647741511601328 ], [ 77.881572605287772, 10.647791239768129 ], [ 77.881589934687909, 10.647938618797117 ], [ 77.881595454835349, 10.647985558900473 ], [ 77.881595459326931, 10.647985588917303 ], [ 77.881709716946219, 10.648663618300166 ], [ 77.881759079371093, 10.648773548396283 ], [ 77.881801052254417, 10.64886701781581 ], [ 77.881801092678614, 10.648867061958041 ], [ 77.881821869812811, 10.648892404010933 ], [ 77.881938224998322, 10.649034294748487 ], [ 77.882162098641828, 10.649115640876257 ], [ 77.882687643625772, 10.649169919878164 ], [ 77.883085232580626, 10.649165383827157 ], [ 77.883674699883528, 10.649156348804327 ], [ 77.88445618477337, 10.649093045369442 ], [ 77.884825012367784, 10.649043522234898 ], [ 77.884826293365379, 10.649043350963147 ], [ 77.884826321213154, 10.649043347431776 ], [ 77.884851688738465, 10.649041595869132 ], [ 77.88502282678327, 10.649029777235151 ], [ 77.885044116855468, 10.649086561763522 ], [ 77.885127901823722, 10.649310075699395 ], [ 77.88532439841066, 10.649884097227519 ], [ 77.8854569610005, 10.650182469305632 ], [ 77.88546779558115, 10.6502038940849 ], [ 77.885493561958427, 10.650254814567443 ], [ 77.885495925425928, 10.650256062903999 ], [ 77.885562038735912, 10.650290990723269 ], [ 77.885735717216306, 10.650236716335254 ], [ 77.885760446937766, 10.650227504776069 ], [ 77.886087558566999, 10.650105642725785 ], [ 77.886087606177711, 10.650105622420437 ], [ 77.886201180179086, 10.650048225390234 ], [ 77.886928421198832, 10.649680669256979 ], [ 77.887681640598274, 10.649320897592448 ], [ 77.887997779306289, 10.649169888978642 ], [ 77.888655876998612, 10.648867013401583 ], [ 77.888838584445935, 10.648776612750787 ], [ 77.888835460105369, 10.64871716020701 ], [ 77.888834070411605, 10.648690678386522 ], [ 77.888601007002734, 10.64794938776803 ], [ 77.888450193341271, 10.647542545882123 ], [ 77.888477586567546, 10.647470210570576 ], [ 77.888578118827624, 10.647397876124687 ], [ 77.889866770967288, 10.647040725594939 ], [ 77.891324565095218, 10.646651932385357 ], [ 77.892103007391185, 10.646445725688919 ], [ 77.892672651570734, 10.646294827772612 ], [ 77.89416692897727, 10.645824652195817 ], [ 77.894166969401454, 10.645824641601553 ], [ 77.895121977363146, 10.645648325131825 ], [ 77.895122005210936, 10.645648320717546 ], [ 77.895331653133653, 10.645614080109468 ], [ 77.895592694572031, 10.645571444437664 ], [ 77.895912592729559, 10.645512649877942 ], [ 77.895930156589984, 10.645543599216943 ], [ 77.895953677179094, 10.645585040391044 ], [ 77.895995542264572, 10.64577534659499 ], [ 77.89599941220682, 10.645792941865649 ], [ 77.89604515621771, 10.645919490059249 ], [ 77.896067971629293, 10.645964700964578 ], [ 77.896181492630063, 10.64596469743317 ], [ 77.89631468763389, 10.645964695667466 ], [ 77.896314730753019, 10.645964691253187 ], [ 77.89632013501776, 10.645963457907552 ], [ 77.89649295740368, 10.64592400938438 ], [ 77.89651296558003, 10.645929822972095 ], [ 77.896570617658327, 10.64594655392067 ], [ 77.896570638319588, 10.64594659894618 ], [ 77.896652152346775, 10.646111351640615 ], [ 77.897096194083289, 10.64700883793844 ], [ 77.8970962057614, 10.647008861775401 ], [ 77.897183235444416, 10.647289376630832 ], [ 77.897219619908356, 10.647406647227863 ], [ 77.897222025596719, 10.647486001200869 ], [ 77.897233308436668, 10.647858643417308 ], [ 77.897132822889006, 10.648351409654087 ], [ 77.897096103353448, 10.648591835915914 ], [ 77.897073451435247, 10.648740159201829 ], [ 77.897073446943665, 10.648740186570031 ], [ 77.897055180600688, 10.648893816562159 ], [ 77.897128321431126, 10.648984226889501 ], [ 77.897356800737086, 10.649070129388589 ], [ 77.897398655941146, 10.649085083882747 ], [ 77.897521299333604, 10.649128925910508 ], [ 77.897647723735119, 10.649140249265281 ], [ 77.897672101316985, 10.649142438717892 ], [ 77.897715094686504, 10.649105589698639 ], [ 77.897809235433328, 10.649024932186604 ], [ 77.898092521853101, 10.648667822408868 ], [ 77.898173320821314, 10.648532494574633 ], [ 77.898211314167966, 10.648468867005743 ], [ 77.898293538762559, 10.648446281162267 ], [ 77.898293572898552, 10.648446279396575 ], [ 77.898439764727883, 10.648459828430898 ], [ 77.898495485428313, 10.648614701610569 ], [ 77.898512936101028, 10.648663231613977 ], [ 77.898533966560137, 10.648686235909967 ], [ 77.898599725933863, 10.648758196606609 ], [ 77.898764861435936, 10.648806187169026 ], [ 77.898910531344086, 10.648848521338266 ], [ 77.899166463165187, 10.648875622901905 ], [ 77.899252143578636, 10.649206781249458 ], [ 77.899312676554089, 10.649440744426226 ], [ 77.899481809559134, 10.650222675637711 ], [ 77.899564117697054, 10.650299538384498 ], [ 77.899632642983534, 10.650358292292863 ], [ 77.899815437567455, 10.650376358735612 ], [ 77.899866832879781, 10.650370735926218 ], [ 77.899938839138031, 10.650362859225554 ], [ 77.900040514055135, 10.65014434823847 ], [ 77.900098732970392, 10.650019255838778 ], [ 77.900143608310429, 10.649953741065364 ], [ 77.900194736823124, 10.649879122414822 ], [ 77.900236839063851, 10.649853474097911 ], [ 77.90037287723554, 10.649770606147559 ], [ 77.900829337282545, 10.649543624743657 ], [ 77.901209162052652, 10.649354749333099 ], [ 77.902300215372577, 10.648852508264637 ], [ 77.902721747124701, 10.648658467781349 ], [ 77.902936595394578, 10.649128613383798 ], [ 77.903027991788193, 10.649463062694599 ], [ 77.903019978815848, 10.649556056933301 ], [ 77.903009681427761, 10.649675581437162 ], [ 77.90300652295123, 10.650236399395473 ], [ 77.903005195241249, 10.650471136915098 ], [ 77.902964143131058, 10.651668994746649 ], [ 77.902964144029397, 10.651669022997428 ], [ 77.9029870555607, 10.652292869039115 ], [ 77.902987787687664, 10.652293974348099 ], [ 77.903064758934462, 10.652410329285459 ], [ 77.903628620658537, 10.652789272439861 ], [ 77.904019831574871, 10.653052183591711 ], [ 77.904335769060296, 10.653258568563327 ], [ 77.9047739870188, 10.653544832840334 ], [ 77.905652070446095, 10.654028704200032 ], [ 77.906053577852248, 10.654249955350506 ], [ 77.906902533406466, 10.65476678595617 ], [ 77.90781305230368, 10.655321089880193 ], [ 77.90817732543961, 10.655527752287066 ], [ 77.90871339688205, 10.655831881914802 ], [ 77.908736279667266, 10.655962892145357 ], [ 77.908676930671405, 10.656568704810221 ], [ 77.908690620098, 10.656758514187073 ], [ 77.9087779102925, 10.656900101984032 ], [ 77.908804878615626, 10.656943848425108 ], [ 77.90880490197182, 10.656943889034876 ], [ 77.909001355439628, 10.657038766695152 ], [ 77.909001396762122, 10.657038763163833 ], [ 77.909071781561266, 10.657041714434108 ], [ 77.909153438420589, 10.657045129185333 ], [ 77.909216195624651, 10.657047753811817 ], [ 77.909275603011039, 10.656979969051566 ], [ 77.909517799591413, 10.656505297859869 ], [ 77.910049862751052, 10.655546210397592 ], [ 77.910312772685259, 10.655072294436176 ], [ 77.910487327023063, 10.654753499402135 ], [ 77.910788026386314, 10.654204323682258 ], [ 77.91139849091067, 10.653008614040976 ], [ 77.911459627553967, 10.652888863956708 ], [ 77.912314017915648, 10.651265952263429 ], [ 77.9135978838315, 10.648757083339179 ], [ 77.913885765133969, 10.648323047339511 ], [ 77.913932737141863, 10.648279048049162 ], [ 77.913947386867534, 10.648265325968939 ], [ 77.913972596289341, 10.648241711594306 ], [ 77.91411425791469, 10.648219083357368 ], [ 77.915233864185893, 10.648065281752777 ], [ 77.916036765810432, 10.647982554571664 ], [ 77.916595665240862, 10.647924969095046 ], [ 77.917939116409514, 10.647838932963147 ], [ 77.919406013166196, 10.647725743938341 ], [ 77.920157151169121, 10.647676152602296 ], [ 77.920845520289859, 10.647630703581854 ], [ 77.922582049972334, 10.647490345698735 ], [ 77.923010135832769, 10.647451382057129 ], [ 77.923925502039296, 10.647368064083443 ], [ 77.926182895584759, 10.64720802295273 ], [ 77.926543975209853, 10.647182422084899 ], [ 77.926853420570694, 10.647158295573636 ], [ 77.928170804426443, 10.647055586606603 ], [ 77.930798410768475, 10.646842719959523 ], [ 77.931621002565734, 10.646788368149327 ], [ 77.931835758309134, 10.646761208131913 ], [ 77.931876546314612, 10.646755966647326 ], [ 77.931940898926612, 10.646747696101819 ], [ 77.932077939618154, 10.646602990653038 ], [ 77.932121027310743, 10.646556146567537 ], [ 77.933466871591307, 10.645092973317485 ], [ 77.934188816144129, 10.644319849576767 ], [ 77.93466397642041, 10.643790884007641 ], [ 77.934769013731625, 10.643695990744684 ], [ 77.934796135666687, 10.643680530107524 ], [ 77.934919800443652, 10.643610034642194 ], [ 77.935070639257944, 10.643591911295353 ], [ 77.936866516139645, 10.643487632284115 ], [ 77.937913034581044, 10.643428676641944 ], [ 77.938478026385724, 10.643395578205924 ], [ 77.938840625960268, 10.643374335700187 ], [ 77.939511362948608, 10.6433064860976 ], [ 77.940408046892173, 10.643215778327672 ], [ 77.941216587241755, 10.64312501402766 ], [ 77.941778927219715, 10.643061887678108 ], [ 77.942951840418218, 10.64295768706028 ], [ 77.943360046561395, 10.642921421747872 ], [ 77.943657070916842, 10.642894241962955 ], [ 77.943780478775636, 10.642934916290322 ], [ 77.944223855758835, 10.643504382789654 ], [ 77.944225899426101, 10.643567481678945 ], [ 77.944228394047641, 10.643644515613223 ], [ 77.944146196402542, 10.643829866657221 ], [ 77.944063943061835, 10.643965540011472 ], [ 77.944057509327791, 10.643977388859005 ], [ 77.944032037597893, 10.644024300438065 ], [ 77.944077704353674, 10.644105581688653 ], [ 77.944233123677634, 10.644195974896327 ], [ 77.944379353236215, 10.644191439654124 ], [ 77.944428172180309, 10.644166320573509 ], [ 77.944607792118006, 10.644073901196833 ], [ 77.944845086591883, 10.643881757583943 ], [ 77.944909356558881, 10.643829718336862 ], [ 77.944913917305584, 10.643829676842469 ], [ 77.945077131311251, 10.643625256027905 ], [ 77.945343406334487, 10.643291754683679 ], [ 77.945745506628697, 10.643458886355589 ], [ 77.946216228329178, 10.643648633270926 ], [ 77.946231460163133, 10.643648638568077 ], [ 77.946303063077778, 10.643648667702442 ], [ 77.94650770558772, 10.643581112153266 ], [ 77.946563508933181, 10.643562690398017 ], [ 77.948318084871374, 10.642536206825111 ], [ 77.949808138399462, 10.643731851615316 ], [ 77.950137218237501, 10.643995908586481 ], [ 77.950320088279867, 10.643637327369332 ], [ 77.950374689679478, 10.643530262950197 ], [ 77.950734819785296, 10.642688661322753 ], [ 77.95136128869477, 10.641224638733322 ], [ 77.951781476567248, 10.6402888347684 ], [ 77.951804339589529, 10.64023007715338 ], [ 77.952494306813179, 10.640207340611687 ], [ 77.953025589336818, 10.640157816916485 ], [ 77.953856056664165, 10.64008040070148 ], [ 77.9548946501681, 10.64000323167047 ], [ 77.955258944863587, 10.639976162867129 ], [ 77.956725743703927, 10.639835686686752 ], [ 77.957484324248966, 10.639781270943576 ], [ 77.959075059157442, 10.639619011588879 ], [ 77.959083655136396, 10.639618134897594 ], [ 77.959700573157775, 10.639577332994323 ], [ 77.96004179642182, 10.639608614012547 ], [ 77.96029007190171, 10.639631374436439 ], [ 77.961699977740139, 10.639782317145603 ], [ 77.962017439666624, 10.639816303258964 ], [ 77.962153002629506, 10.639830905941652 ], [ 77.962812620271279, 10.639901957606254 ], [ 77.963493468696456, 10.639915329563319 ], [ 77.964040907420483, 10.63994307729944 ], [ 77.964293205556245, 10.639955865677393 ], [ 77.96581955012347, 10.640054918422551 ], [ 77.967135605370899, 10.640126909408533 ], [ 77.968757870247572, 10.640203300600037 ], [ 77.970179026586607, 10.640266178572199 ], [ 77.970452090178469, 10.640263846913834 ], [ 77.971280311717607, 10.640256771597521 ], [ 77.971586509668711, 10.640216014806031 ], [ 77.971778444610621, 10.640225005067487 ], [ 77.972134094818145, 10.64030905424347 ], [ 77.972198857061926, 10.640324358783674 ], [ 77.972289713568074, 10.640345167130187 ], [ 77.972514257354817, 10.640396593377933 ], [ 77.97445642667715, 10.640617494214812 ], [ 77.974833412770991, 10.640645489973055 ], [ 77.97488143580776, 10.640649055878525 ], [ 77.974962340777196, 10.640640530901239 ], [ 77.975182981384023, 10.640617280560644 ], [ 77.976187697621953, 10.640270860429096 ], [ 77.977019806171327, 10.639983948900534 ], [ 77.977206204796147, 10.639940706792318 ], [ 77.977449305081706, 10.639884309906263 ], [ 77.977735103191037, 10.639837778207552 ], [ 77.97778293937823, 10.639829990404662 ], [ 77.977784276969672, 10.639831955674985 ], [ 77.977826570551585, 10.639894088580904 ], [ 77.977962053564426, 10.640093121975543 ], [ 77.978102912994231, 10.640300053390078 ], [ 77.97849610559409, 10.64099378488943 ], [ 77.978889302685531, 10.641687516576356 ], [ 77.978908620057382, 10.64172192183838 ], [ 77.979311040151856, 10.6424386478076 ], [ 77.979351174183805, 10.642510127053173 ], [ 77.979371538092977, 10.642566700026173 ], [ 77.979447162765169, 10.642776785994597 ], [ 77.979465589906582, 10.643353233567851 ], [ 77.979465659076865, 10.643355401873372 ], [ 77.979283115122911, 10.644042544710842 ], [ 77.978977779554484, 10.644847439620904 ], [ 77.978890409409956, 10.645077758185037 ], [ 77.978782697814111, 10.645346177058814 ], [ 77.978342502663651, 10.646443143347961 ], [ 77.978132540330606, 10.647243286604096 ], [ 77.978066962416548, 10.647459619035292 ], [ 77.977981811110794, 10.647740511334717 ], [ 77.977860953569092, 10.648017083604653 ], [ 77.97784943357388, 10.648043446299322 ], [ 77.977741365346887, 10.648216446294954 ], [ 77.977479439067906, 10.648635744228075 ], [ 77.97741403812195, 10.64872888262299 ], [ 77.976958764749455, 10.649377246824901 ], [ 77.976447208331152, 10.650267870013481 ], [ 77.975985866838897, 10.650946083245255 ], [ 77.975523191348401, 10.651494774864952 ], [ 77.975455889567328, 10.651574586848394 ], [ 77.974802611336543, 10.652288970441226 ], [ 77.974695379441044, 10.652440634337692 ], [ 77.974642772301394, 10.652515039597874 ], [ 77.974437274595303, 10.652944531865163 ], [ 77.974186086777252, 10.6534328333435 ], [ 77.974017022044166, 10.653649873824245 ], [ 77.973723036689321, 10.653935698967029 ], [ 77.973496186927264, 10.654156250984295 ], [ 77.973194702436416, 10.654522488951878 ], [ 77.972993707984884, 10.654893220951946 ], [ 77.972781767561585, 10.65538525012744 ], [ 77.972728846011549, 10.655508112072299 ], [ 77.9727210908557, 10.655534097152357 ], [ 77.972610130053496, 10.655905924388565 ], [ 77.972518893559993, 10.656489074231267 ], [ 77.972452401160965, 10.657254374437104 ], [ 77.972418738592339, 10.657641809581387 ], [ 77.972372160046547, 10.658296984285103 ], [ 77.972364112039898, 10.658410205577221 ], [ 77.972359607887057, 10.658571280780064 ], [ 77.972323415662558, 10.659865828609529 ], [ 77.97230989062767, 10.660113973918094 ], [ 77.972264287652251, 10.660950677250904 ], [ 77.972200901627488, 10.661746928940834 ], [ 77.972186914858511, 10.661922623423605 ], [ 77.972113956386082, 10.662383741285016 ], [ 77.971928850436981, 10.662896742603897 ], [ 77.971817072167852, 10.663206515691755 ], [ 77.971754313167153, 10.663368127748704 ], [ 77.971657306794569, 10.663617928103553 ], [ 77.971584272863637, 10.663938862591921 ], [ 77.971529578039267, 10.664409010202966 ], [ 77.971359887180427, 10.66505846923223 ], [ 77.971223672938947, 10.665579802285603 ], [ 77.971013669283394, 10.666398086105966 ], [ 77.970940709014343, 10.666868236096244 ], [ 77.970881475002827, 10.667492067762714 ], [ 77.970852223162197, 10.668048702026686 ], [ 77.970808784228325, 10.668875300351752 ], [ 77.970775141422635, 10.669416933567508 ], [ 77.970722303415926, 10.670267612247653 ], [ 77.970694977563326, 10.670629183864932 ], [ 77.97061736312277, 10.670905001749611 ], [ 77.970343343723457, 10.671519796956229 ], [ 77.970115716020331, 10.671973204214918 ], [ 77.969964284317925, 10.672274837686039 ], [ 77.969898261737825, 10.672402867646326 ], [ 77.969850040173355, 10.672496376597032 ], [ 77.969859450924289, 10.672507964798083 ], [ 77.969868356822005, 10.672518953593809 ], [ 77.969946741118747, 10.672612499585405 ], [ 77.970243250739529, 10.672966355611861 ], [ 77.970920293901202, 10.673659551881133 ], [ 77.971011226764119, 10.673752652604502 ], [ 77.971011260900113, 10.673752685267083 ], [ 77.971032646193777, 10.673770375142805 ], [ 77.971459219291276, 10.674123258773061 ], [ 77.971459248037348, 10.674123228758816 ], [ 77.971492322209485, 10.674091608770892 ], [ 77.971495838215517, 10.674088248060077 ], [ 77.97186127197476, 10.673738854871466 ], [ 77.971861313297268, 10.67373887870634 ], [ 77.974279278004815, 10.674823041394356 ], [ 77.974626747255044, 10.674938370767393 ], [ 77.97489175834869, 10.675026329854166 ], [ 77.97526648697621, 10.674994549296258 ], [ 77.975699186583938, 10.674933569386983 ], [ 77.976230761958377, 10.674858651422987 ], [ 77.97623080058591, 10.67485864700914 ], [ 77.97659097111594, 10.674840035585625 ], [ 77.976934564135718, 10.674822279564452 ], [ 77.976934600966629, 10.674822279564452 ], [ 77.976965739269318, 10.6748251785788 ], [ 77.977757189170589, 10.674898880095283 ], [ 77.977757225103218, 10.674898880095283 ], [ 77.977893859756264, 10.674907841966828 ], [ 77.978099964723455, 10.674921349215785 ], [ 77.978308847281539, 10.674891796756109 ], [ 77.978515872123594, 10.674862505593273 ], [ 77.9794796674054, 10.674607816866676 ], [ 77.980622564296993, 10.674305791111767 ], [ 77.981358318650649, 10.674233234405511 ], [ 77.982688197173673, 10.674115289996166 ], [ 77.984781345447544, 10.674015187239275 ], [ 77.984905658808145, 10.673993578754223 ], [ 77.98530230273532, 10.673924648400439 ], [ 77.986166022101216, 10.673757117667286 ], [ 77.986750944827108, 10.673616793900781 ], [ 77.987134820100835, 10.673462968935727 ], [ 77.988461977626883, 10.6728238633847 ], [ 77.988985439417661, 10.672571790380482 ], [ 77.989407016983861, 10.672311911656765 ], [ 77.990269351147575, 10.671780344620046 ], [ 77.990456053402994, 10.671678765088819 ], [ 77.990685167817858, 10.67155410968696 ], [ 77.990845111057567, 10.671504353621922 ], [ 77.992641003210665, 10.671105955227683 ], [ 77.992641048126416, 10.671105946399862 ], [ 77.992886311555182, 10.671601003775464 ], [ 77.993070989007933, 10.671973692390903 ], [ 77.993172636975601, 10.672094298321674 ], [ 77.993173631410613, 10.672095478594791 ], [ 77.993185263695239, 10.672109276402418 ], [ 77.993473244710671, 10.672262899896522 ], [ 77.994054167238616, 10.672490770086277 ], [ 77.994405686094126, 10.672628664091148 ], [ 77.9945693465625, 10.67273650924454 ], [ 77.994574716691247, 10.672740047408144 ], [ 77.994734776711937, 10.672845527567727 ], [ 77.995190465106134, 10.673239081667745 ], [ 77.995242231422708, 10.673283790631267 ], [ 77.995242270050241, 10.67328382241114 ], [ 77.995415953920556, 10.673416658647628 ], [ 77.995626273783046, 10.67357751227415 ], [ 77.995868544025285, 10.673722076897882 ], [ 77.995868588941079, 10.673722109560448 ], [ 77.996229606582389, 10.673803351102345 ], [ 77.997205338677702, 10.673856073788173 ], [ 77.997225944233691, 10.673857187846581 ], [ 77.997252035801125, 10.673857420898418 ], [ 77.998199437727294, 10.673865907869285 ], [ 77.998570784197781, 10.674011654387121 ], [ 77.998912370381177, 10.674145728833686 ], [ 78.00000569194718, 10.674119231570232 ], [ 78.000724999944623, 10.674101795070166 ], [ 78.000739501448265, 10.674209404001116 ], [ 78.000752410238889, 10.674305199655322 ], [ 78.000787853268434, 10.675758605918737 ], [ 78.000788852195043, 10.675799517733173 ], [ 78.000797281985641, 10.676145024385118 ], [ 78.001482830396426, 10.676100111923562 ], [ 78.001943819749101, 10.675954414076468 ], [ 78.002854085321445, 10.675666716083144 ], [ 78.0043257602171, 10.675441279415786 ], [ 78.004936001060955, 10.675452866621818 ], [ 78.005546050563666, 10.675464449413534 ], [ 78.005541778176195, 10.675548366157123 ], [ 78.005324861984548, 10.679808372142341 ], [ 78.005657555744946, 10.680731884110273 ], [ 78.00627437495163, 10.682444070618255 ], [ 78.00627439201962, 10.682444117403845 ], [ 78.006339845067856, 10.682622065054616 ], [ 78.007009407059797, 10.684442359969992 ], [ 78.007041228980441, 10.684828065612823 ], [ 78.007082137360172, 10.685323918931509 ], [ 78.007234036186503, 10.686151999168587 ], [ 78.007374035030253, 10.686915195310737 ], [ 78.007926042585837, 10.689256478867563 ], [ 78.008350368996815, 10.691056172761407 ], [ 78.008443761447026, 10.691726095436374 ], [ 78.00854635803563, 10.69246209073223 ], [ 78.008248679706654, 10.693985292781193 ], [ 78.008262270318582, 10.694396685587874 ], [ 78.008262625153122, 10.694407405247084 ], [ 78.008265075757208, 10.694481454213301 ], [ 78.008268425574926, 10.694582695984176 ], [ 78.008275731573107, 10.694803535404862 ], [ 78.008467934212987, 10.695555639737661 ], [ 78.008640822175934, 10.696232127763068 ], [ 78.0086680914347, 10.696846729584962 ], [ 78.008713224591233, 10.697863935366293 ], [ 78.008624194360024, 10.699073988063351 ], [ 78.00856622158318, 10.699861898102023 ], [ 78.008592729968896, 10.70214018215937 ], [ 78.008614718032106, 10.704273719022815 ], [ 78.008760498433048, 10.705435541206668 ], [ 78.008951939301554, 10.705874366266244 ], [ 78.008953095433327, 10.705877016951252 ], [ 78.009007031181312, 10.706000637882676 ], [ 78.008882893890515, 10.707862971067351 ], [ 78.008882896585433, 10.707863013435661 ], [ 78.009129114923354, 10.709427167206117 ], [ 78.009690614078224, 10.711131506404611 ], [ 78.010355903682708, 10.712372954428901 ], [ 78.010841531128662, 10.713279136901807 ], [ 78.011405691991698, 10.713964737624416 ], [ 78.011425634591035, 10.713988973575855 ], [ 78.012184755921865, 10.714911494410126 ], [ 78.014290759985755, 10.717864062598363 ], [ 78.01460888756381, 10.718412860160416 ], [ 78.014611173776231, 10.71841680380683 ], [ 78.014752068240313, 10.718659840186913 ], [ 78.015045475080115, 10.719349292038967 ], [ 78.015167649552026, 10.719636379297384 ], [ 78.015070451838284, 10.719665955642174 ], [ 78.01274932462006, 10.720372273273503 ], [ 78.012376280333697, 10.721082416360279 ], [ 78.011939744021376, 10.721913419285134 ], [ 78.009562179247112, 10.72206233342941 ], [ 78.008712554448039, 10.722115544648334 ], [ 78.009735520859294, 10.724430320262574 ], [ 78.010215211339528, 10.725246394141562 ], [ 78.010644480281186, 10.725976683073325 ], [ 78.011964715389638, 10.727907362224709 ], [ 78.010943161130015, 10.730285620984525 ], [ 78.010592169585564, 10.731102742603147 ], [ 78.010428999597352, 10.731116312661202 ], [ 78.010322496235574, 10.731125169606134 ], [ 78.008311032668857, 10.730595837170304 ], [ 78.007484156806015, 10.730378224181676 ], [ 78.00689247785084, 10.730255802078219 ], [ 78.00582042479752, 10.730033969093419 ], [ 78.002538658977414, 10.729603197565016 ], [ 78.00161374637436, 10.729602825986284 ], [ 78.000632519284437, 10.729602428811859 ], [ 78.000002075329832, 10.729724872362508 ], [ 77.99891077497324, 10.729936814177135 ], [ 77.998664009561324, 10.729879419884831 ], [ 77.998669693202118, 10.729979166158728 ], [ 77.998682454669051, 10.730202610826039 ], [ 77.998673693400065, 10.73121968073831 ], [ 77.998701438765949, 10.732128257757838 ], [ 77.998683612597461, 10.733249297568451 ], [ 77.998473569416021, 10.73381893888379 ], [ 77.998076096343837, 10.734397698105521 ], [ 77.997622605228841, 10.734865145194123 ], [ 77.997527773677589, 10.734962898690505 ], [ 77.997527742236556, 10.734962932229084 ], [ 77.997102818445882, 10.735469365212079 ], [ 77.997102790598106, 10.735469402280975 ], [ 77.996814982059192, 10.735930526592918 ], [ 77.996681839157688, 10.736166702644105 ], [ 77.996486146562916, 10.736513832402949 ], [ 77.996312169841858, 10.736862839911582 ], [ 77.996152624555805, 10.737182897260373 ], [ 77.996033913089335, 10.737540069687746 ], [ 77.996011188407579, 10.737806769596547 ], [ 77.99605693331678, 10.73797403457208 ], [ 77.996173681964379, 10.738188619239089 ], [ 77.996221641220771, 10.73827677090658 ], [ 77.996788814134973, 10.739194228429829 ], [ 77.996788836592827, 10.739194270793748 ], [ 77.996869225929316, 10.739381785828463 ], [ 77.997118226349642, 10.739962561680546 ], [ 77.997394408892163, 10.740594661844003 ], [ 77.997580350274532, 10.741020167258011 ], [ 77.997709657369768, 10.741409306441245 ], [ 77.997777099288058, 10.741612245742395 ], [ 77.998170612586463, 10.742773818642375 ], [ 77.998170621569614, 10.742773848649776 ], [ 77.997661636129621, 10.742820145690688 ], [ 77.997622166850988, 10.742823735990287 ], [ 77.997622139901537, 10.742823738638011 ], [ 77.997575945834669, 10.742827787874591 ], [ 77.99756886531361, 10.742828408322135 ], [ 77.9973113201183, 10.742850983609362 ], [ 77.997047916110688, 10.742859554257251 ], [ 77.996328539841258, 10.742882943272626 ], [ 77.99507599189117, 10.742824672398307 ], [ 77.995075964043394, 10.742824669750584 ], [ 77.994982700052276, 10.742821185359537 ], [ 77.993878285190817, 10.742779900441342 ], [ 77.993103248408104, 10.742796255369973 ], [ 77.992570922940402, 10.74280747638087 ], [ 77.989540244327031, 10.742912509400139 ], [ 77.989284980852503, 10.742895773207172 ], [ 77.988511682309849, 10.742845059791982 ], [ 77.987515123672992, 10.742754990747509 ], [ 77.986838540448773, 10.742637690809175 ], [ 77.986589717894844, 10.742637774653494 ], [ 77.986317433142347, 10.742637821429797 ], [ 77.985956305906555, 10.742674147197476 ], [ 77.985956276262158, 10.742674151610345 ], [ 77.985528892884275, 10.742766983127304 ], [ 77.985435230939473, 10.742787327278908 ], [ 77.984466232615532, 10.743022696595299 ], [ 77.984466202072838, 10.743022705421021 ], [ 77.983305190653553, 10.743271701433221 ], [ 77.982351230127463, 10.743551262373384 ], [ 77.982162477916603, 10.743606572971407 ], [ 77.981776726062236, 10.743713352315989 ], [ 77.981312306043492, 10.743841907229104 ], [ 77.981047194338529, 10.743873627611567 ], [ 77.980842041585532, 10.7438736929216 ], [ 77.98059924223557, 10.743873729989451 ], [ 77.979876955424658, 10.743851351591418 ], [ 77.979259796654787, 10.743792779065609 ], [ 77.978839228794953, 10.743666386424938 ], [ 77.978770043246726, 10.743634094116148 ], [ 77.978258582948143, 10.743395344152448 ], [ 77.977426505839802, 10.743038493726175 ], [ 77.976759012667941, 10.742740354183249 ], [ 77.976612970857246, 10.742740399194396 ], [ 77.976484738147079, 10.742740427436665 ], [ 77.97621967584945, 10.742812805345928 ], [ 77.975856670236396, 10.742998628011327 ], [ 77.975689477592354, 10.743084209995168 ], [ 77.975689450642903, 10.743084222351127 ], [ 77.975200416785356, 10.743242569565261 ], [ 77.975200377259483, 10.743242580156087 ], [ 77.974946150440815, 10.74329350179101 ], [ 77.974793595844332, 10.743324058121591 ], [ 77.974793561708339, 10.743324060769275 ], [ 77.973897627858065, 10.743288140179313 ], [ 77.972428500584527, 10.743196698870491 ], [ 77.972018773593533, 10.743171190828447 ], [ 77.972018732271039, 10.743171186415593 ], [ 77.9712370659215, 10.743081009794761 ], [ 77.971237024599006, 10.743081008912208 ], [ 77.97078908866574, 10.743094697579355 ], [ 77.970789046444906, 10.743094702874762 ], [ 77.970638571448305, 10.743114393902223 ], [ 77.970304585910512, 10.743158086426243 ], [ 77.969445189237746, 10.743384358809482 ], [ 77.968804117315017, 10.743558096105565 ], [ 77.968192809272608, 10.74372375338662 ], [ 77.967388306850239, 10.743873134255987 ], [ 77.96713446001894, 10.743902987121203 ], [ 77.966848899963153, 10.743936535295402 ], [ 77.966080931125063, 10.743873487283231 ], [ 77.966080900582355, 10.743873484635508 ], [ 77.965468367237889, 10.743802391117416 ], [ 77.965226079927675, 10.74377426984147 ], [ 77.96522603591022, 10.743774265428655 ], [ 77.963438680447268, 10.743630079310549 ], [ 77.962994138349174, 10.743593733358765 ], [ 77.96239184669723, 10.743544473652083 ], [ 77.962360323017293, 10.743541180786837 ], [ 77.962236016843235, 10.743528198195222 ], [ 77.962003252573325, 10.743503848111981 ], [ 77.961372445699354, 10.743458843257399 ], [ 77.961151585005283, 10.743467426244033 ], [ 77.960435342957894, 10.743495246592421 ], [ 77.958507964396674, 10.743762385175041 ], [ 77.958442347855055, 10.743771479160149 ], [ 77.95793038988981, 10.743816772567959 ], [ 77.957781987306547, 10.74377961202803 ], [ 77.957624090429064, 10.743740035893499 ], [ 77.957464786789828, 10.74367351934532 ], [ 77.957464271156866, 10.743673303115971 ], [ 77.957299535405099, 10.743604477752843 ], [ 77.956732668816443, 10.74346903869816 ], [ 77.956732631087206, 10.743469033402754 ], [ 77.956088076396114, 10.743405904096532 ], [ 77.954972736224192, 10.743415203731065 ], [ 77.954972690410102, 10.743415202848524 ], [ 77.954666423288728, 10.743410753815827 ], [ 77.954663600782069, 10.743410707039638 ], [ 77.95458750629102, 10.743409469677268 ], [ 77.954531378653741, 10.743408557982985 ], [ 77.954523330647106, 10.743408425597561 ], [ 77.953843594336234, 10.743397368766935 ], [ 77.953084696685906, 10.743266441316688 ], [ 77.95273703160295, 10.743188101755031 ], [ 77.952143009841521, 10.743054221133148 ], [ 77.951059579625138, 10.742846531920659 ], [ 77.951059544590848, 10.742846528390332 ], [ 77.950927473379451, 10.742841716612574 ], [ 77.950072169431152, 10.742810550376461 ], [ 77.94990236358791, 10.7427721020411 ], [ 77.949573897299217, 10.742697679203822 ], [ 77.949272166670042, 10.742562134716385 ], [ 77.948954359790505, 10.742296047981275 ], [ 77.948883542901683, 10.742236752326603 ], [ 77.948883497985932, 10.74223671702368 ], [ 77.94858870414734, 10.742020338312615 ], [ 77.947799991412722, 10.741441405703952 ], [ 77.947435744327962, 10.741200110423012 ], [ 77.947370238279134, 10.741156713278709 ], [ 77.947370191566748, 10.741156688566587 ], [ 77.947188161449134, 10.741075089103425 ], [ 77.946926787634069, 10.740957912073378 ], [ 77.946474211004059, 10.740831436166635 ], [ 77.94591695908386, 10.740748060870168 ], [ 77.945719931592578, 10.740718573962715 ], [ 77.944517670433754, 10.740452126394148 ], [ 77.943082247051365, 10.740140495843118 ], [ 77.942456984579309, 10.739982824823702 ], [ 77.941989674680343, 10.739864974844123 ], [ 77.941148531774161, 10.739634609063584 ], [ 77.940947371134257, 10.739485465277307 ], [ 77.94078692483798, 10.739214188898996 ], [ 77.940599892900892, 10.738897888208681 ], [ 77.940165520630103, 10.738360087751959 ], [ 77.940165482900852, 10.738360051566012 ], [ 77.940023754800151, 10.738256107838163 ], [ 77.940023720664158, 10.738256084008404 ], [ 77.939813508599485, 10.738215446283382 ], [ 77.939691712318321, 10.738226155565359 ], [ 77.939689957010259, 10.738226310017673 ], [ 77.939452361600758, 10.738247171669633 ], [ 77.938844386308048, 10.738211128679231 ], [ 77.938556387326273, 10.73809816399906 ], [ 77.938324031789833, 10.737941979952783 ], [ 77.938213510263807, 10.737867675957059 ], [ 77.938098733418258, 10.737796415981776 ], [ 77.93785691682524, 10.737646255431184 ], [ 77.937527771410203, 10.737510704264125 ], [ 77.936979192724039, 10.737352589696014 ], [ 77.936220364243994, 10.737189988852183 ], [ 77.935109538106389, 10.736977722917903 ], [ 77.934085608701139, 10.736824213418876 ], [ 77.934085577260106, 10.736824209005933 ], [ 77.932650212268214, 10.736666225584393 ], [ 77.932023804444171, 10.736645257912564 ], [ 77.931306311941896, 10.736621197646338 ], [ 77.93130630295876, 10.736621235597696 ], [ 77.931303866727703, 10.736926416292372 ], [ 77.931294960829973, 10.738042203692251 ], [ 77.931292844399167, 10.738307331275003 ], [ 77.931260876053173, 10.73865087440346 ], [ 77.931199119572312, 10.738771139603864 ], [ 77.931119242275571, 10.738926633924542 ], [ 77.93095019281381, 10.73930632600516 ], [ 77.930950172152592, 10.739306370134225 ], [ 77.930896433135644, 10.739417376797658 ], [ 77.930794793252829, 10.739627331304648 ], [ 77.930755076937487, 10.739804230398358 ], [ 77.930721717999404, 10.739952812706688 ], [ 77.930721714406161, 10.739952840066659 ], [ 77.93069614026831, 10.740348907983016 ], [ 77.930685231127498, 10.740517857274904 ], [ 77.930685229330876, 10.740517883752233 ], [ 77.930679579826062, 10.740612255147388 ], [ 77.930625962980002, 10.741507818599928 ], [ 77.930566670578017, 10.742357649786406 ], [ 77.930593572425821, 10.743377537429355 ], [ 77.93059885990958, 10.743578145425793 ], [ 77.930608811446291, 10.743657830803604 ], [ 77.9306400566485, 10.743908111311159 ], [ 77.93066195757514, 10.743994683278229 ], [ 77.930676637843504, 10.744052750936197 ], [ 77.930717772598683, 10.744201908353327 ], [ 77.930887018791481, 10.74470819875801 ], [ 77.931175142639091, 10.745634749207142 ], [ 77.931175157910431, 10.745634797748105 ], [ 77.931185749945939, 10.745682813582762 ], [ 77.931330704795144, 10.746339940909516 ], [ 77.931330893441341, 10.746341413021108 ], [ 77.931419233766405, 10.746742221612397 ], [ 77.932179549856571, 10.750191751048266 ], [ 77.932346220579447, 10.750552725111291 ], [ 77.93242855926006, 10.750882695728546 ], [ 77.932453086860576, 10.751432746565767 ], [ 77.932172868187465, 10.75258778969414 ], [ 77.932192776650808, 10.752817332769553 ], [ 77.932227757946279, 10.75322066476981 ], [ 77.932405011721514, 10.753895544720763 ], [ 77.932447378965264, 10.754056851591862 ], [ 77.932566258416671, 10.754287350220377 ], [ 77.932666137601558, 10.754364941157068 ], [ 77.93282228366256, 10.75448623796103 ], [ 77.933182852146246, 10.754590046367907 ], [ 77.933512638060094, 10.754684993190095 ], [ 77.933887499638246, 10.754856694148307 ], [ 77.933944436657612, 10.754902766936755 ], [ 77.93408863243036, 10.755019451393879 ], [ 77.934289855952329, 10.755362941085227 ], [ 77.934248750841576, 10.755634128818437 ], [ 77.934249726411949, 10.755635529399468 ], [ 77.934299079853659, 10.755706430385368 ], [ 77.93449835043819, 10.75603008172796 ], [ 77.93455510779448, 10.756122266653342 ], [ 77.934662726863849, 10.75627248861626 ], [ 77.935076436984772, 10.756849980728413 ], [ 77.935876637375245, 10.757921139229076 ], [ 77.936388882801396, 10.759286244842247 ], [ 77.936532906995964, 10.759598079784423 ], [ 77.93655610059831, 10.759648292641691 ], [ 77.936676966224795, 10.759909959412679 ], [ 77.936965194276979, 10.761198202882186 ], [ 77.936965208650037, 10.761198242595443 ], [ 77.937084096186325, 10.761473911795502 ], [ 77.937127177590696, 10.761543316425815 ], [ 77.937330993650576, 10.761871673253566 ], [ 77.937555082889787, 10.762129285587172 ], [ 77.937555105347641, 10.762129312945131 ], [ 77.938218079095307, 10.762924720645145 ], [ 77.938218092570068, 10.76292474712054 ], [ 77.938574825247457, 10.763923667415019 ], [ 77.939114524985342, 10.765121461593964 ], [ 77.939114540256682, 10.765121498659219 ], [ 77.939341679276282, 10.765678354107743 ], [ 77.939352355753456, 10.765704530067378 ], [ 77.939498735330673, 10.766387073965001 ], [ 77.939517801174276, 10.766683402189555 ], [ 77.939518157805423, 10.766688946945679 ], [ 77.939521706150799, 10.76674417034606 ], [ 77.939517452627939, 10.766767058896386 ], [ 77.939448588676584, 10.767137505288138 ], [ 77.939363034925549, 10.767602245341729 ], [ 77.939288826896558, 10.768005352823668 ], [ 77.939236159569759, 10.768278101792891 ], [ 77.939211146878975, 10.768407684051986 ], [ 77.939489296731978, 10.768331536963958 ], [ 77.939723174912828, 10.768267509184703 ], [ 77.940632893411177, 10.768303492104668 ], [ 77.941519762361949, 10.768285242956189 ], [ 77.941519790209711, 10.768285241191197 ], [ 77.942210072742014, 10.7681766225966 ], [ 77.942604956869573, 10.768044284198774 ], [ 77.943060347921389, 10.767891666825577 ], [ 77.943371144348433, 10.767860138706029 ], [ 77.943819211435724, 10.767814687411477 ], [ 77.945003282608369, 10.76791388900293 ], [ 77.945003324829173, 10.767913888120452 ], [ 77.946073028788049, 10.767728350848147 ], [ 77.946861616656832, 10.767504227961277 ], [ 77.946964379433766, 10.767475024303707 ], [ 77.946964409078177, 10.767475014596208 ], [ 77.947149578807668, 10.767423408694107 ], [ 77.948408953055633, 10.767072412959827 ], [ 77.949049310817713, 10.766920949405243 ], [ 77.949652395682008, 10.766778292253141 ], [ 77.950160807996852, 10.766639448322563 ], [ 77.950927709636375, 10.766430008578869 ], [ 77.951887746367049, 10.766248956153834 ], [ 77.951995501980306, 10.766229058365854 ], [ 77.952157445768151, 10.766199140639904 ], [ 77.952348928857475, 10.766100941007384 ], [ 77.952651158949976, 10.7659459469503 ], [ 77.953110687641995, 10.765696884932964 ], [ 77.953560713954957, 10.765452970361393 ], [ 77.953953586754565, 10.765298225720072 ], [ 77.9540544406115, 10.765258502382652 ], [ 77.954054474747494, 10.765258484732533 ], [ 77.954337922864042, 10.765303631065832 ], [ 77.954743365789412, 10.765583051568122 ], [ 77.954836236318442, 10.765647050795208 ], [ 77.955083238885578, 10.765636840218924 ], [ 77.955494563979443, 10.76561983171025 ], [ 77.955767636554484, 10.765551000764205 ], [ 77.955997418417638, 10.76549308109279 ], [ 77.956431669415863, 10.765312189603302 ], [ 77.957176706959672, 10.764900679703088 ], [ 77.957176738400705, 10.764900665583003 ], [ 77.958100112189697, 10.764602102861437 ], [ 77.958799523401936, 10.76440303558417 ], [ 77.959210941022249, 10.764267342879373 ], [ 77.960189151569423, 10.764059171417609 ], [ 77.961236013167252, 10.763850950391493 ], [ 77.961236053591449, 10.763850945096442 ], [ 77.962996003251689, 10.763642565074599 ], [ 77.963123396037062, 10.763627781261919 ], [ 77.963124022162845, 10.763627708896093 ], [ 77.963933114077975, 10.763533787719574 ], [ 77.964468228814624, 10.763593424250335 ], [ 77.965066914628977, 10.763660142913999 ], [ 77.965825818567524, 10.763641830826046 ], [ 77.966090902424739, 10.76359655010225 ], [ 77.966090927577554, 10.763596543042182 ], [ 77.966154952304493, 10.763572049846932 ], [ 77.966634851193888, 10.76338844524798 ], [ 77.966988252918256, 10.763262176425791 ], [ 77.967622270371052, 10.763035640076804 ], [ 77.968327367919002, 10.762923586616733 ], [ 77.968591354034928, 10.76288164168235 ], [ 77.968851018356006, 10.762827147412183 ], [ 77.96958335012846, 10.762673475441096 ], [ 77.97057993122317, 10.762591807665535 ], [ 77.970937869439709, 10.762588301439916 ], [ 77.971535323663844, 10.762582445963623 ], [ 77.971944543106687, 10.762537849028664 ], [ 77.972449599315595, 10.762482806655342 ], [ 77.973350178354238, 10.762410219896228 ], [ 77.974223249182245, 10.762238186118578 ], [ 77.974613869905454, 10.762116064633922 ], [ 77.975178606588599, 10.761939506032599 ], [ 77.975836806688847, 10.761586710638205 ], [ 77.976513259657324, 10.761125432250092 ], [ 77.977230797075364, 10.760510459784468 ], [ 77.977747255600192, 10.760071824350112 ], [ 77.978186052073767, 10.759845695093549 ], [ 77.978572709429926, 10.759826144596289 ], [ 77.978725449079391, 10.759818421650916 ], [ 77.978725475130531, 10.759818425180988 ], [ 77.97938837341971, 10.75998096441362 ], [ 77.980398742755739, 10.76021119464076 ], [ 77.981601039847163, 10.760129415000588 ], [ 77.982268423424586, 10.75988959788255 ], [ 77.982840529886317, 10.759596637743284 ], [ 77.982922016964054, 10.759554910328957 ], [ 77.982922049303383, 10.759554897973672 ], [ 77.982972504079655, 10.759542090810447 ], [ 77.983278560096963, 10.759464426191309 ], [ 77.983579078000517, 10.75952555498983 ], [ 77.983722061945969, 10.75955463939464 ], [ 77.984609056660901, 10.759956627130853 ], [ 77.985247961847151, 10.760211897126959 ], [ 77.985445755601376, 10.76029092328208 ], [ 77.986300679562277, 10.760611576199238 ], [ 77.9872151106226, 10.760882493574346 ], [ 77.988143188888728, 10.761094650032662 ], [ 77.98878941534457, 10.761269250823068 ], [ 77.989011852581939, 10.761329358183426 ], [ 77.989448422131943, 10.761415200605549 ], [ 77.990159400950077, 10.761555014180907 ], [ 77.990968611442867, 10.761780725607936 ], [ 77.99123590964723, 10.761836605616757 ], [ 77.991896686115695, 10.761974722802487 ], [ 77.992426534029832, 10.76200328628712 ], [ 77.992897869279645, 10.762028694777918 ], [ 77.993793883978327, 10.761919871832184 ], [ 77.994744126377427, 10.761772293169956 ], [ 77.994785806409993, 10.761765819916768 ], [ 77.994927547087087, 10.761738656079789 ], [ 77.994981320240001, 10.761956312652995 ], [ 77.995019083617905, 10.762109238382189 ], [ 77.995229652313768, 10.762891234593233 ], [ 77.995531373959821, 10.763997571395944 ], [ 77.995550134376202, 10.764066363866398 ], [ 77.995550143359367, 10.764066400049291 ], [ 77.995571236700556, 10.764150696419001 ], [ 77.995742398101513, 10.764834761747728 ], [ 77.995788407115427, 10.765576058601534 ], [ 77.995781326594354, 10.766098359685845 ], [ 77.995779521878958, 10.766231512605888 ], [ 77.995779527268837, 10.76623154525848 ], [ 77.995994565083222, 10.766737735147203 ], [ 77.996130774833148, 10.767016697184392 ], [ 77.99630568041222, 10.767374958600875 ], [ 77.996415589287238, 10.767899241304477 ], [ 77.996415595575442, 10.767899275721907 ], [ 77.996548399812099, 10.768504949251867 ], [ 77.99673122044716, 10.769050263362358 ], [ 77.996772649849731, 10.769173846977072 ], [ 77.996772657934571, 10.769173874334397 ], [ 77.996983215850634, 10.769883491405659 ], [ 77.996964479688771, 10.770006578718212 ], [ 77.996946751436624, 10.77012304641323 ], [ 77.996946741555163, 10.770123076417947 ], [ 77.996764000870172, 10.77045764457077 ], [ 77.996700403741329, 10.770664829400619 ], [ 77.996622429974664, 10.770918736587758 ], [ 77.99664662879178, 10.771122624123846 ], [ 77.996647148018027, 10.771127000383647 ], [ 77.99666373540974, 10.771266808570239 ], [ 77.996819257141638, 10.771492770408599 ], [ 77.997097852558994, 10.771710521421747 ], [ 77.997432050099206, 10.77197173559305 ], [ 77.997522780841223, 10.772116797705976 ], [ 77.997779693622604, 10.772527573229395 ], [ 77.997798069560034, 10.772618246708451 ], [ 77.997798306715268, 10.772619414234784 ], [ 77.997852941352534, 10.772889185939924 ], [ 77.998008630171057, 10.773485757229404 ], [ 77.998008638255897, 10.773485795176093 ], [ 77.998096762086959, 10.773924206347147 ], [ 77.998114032198288, 10.774010126368891 ], [ 77.998118572283744, 10.774032711676481 ], [ 77.99811858396184, 10.774032746975676 ], [ 77.998136605963083, 10.774077240723887 ], [ 77.998246700789352, 10.774349084948378 ], [ 77.998427701437635, 10.774431151064508 ], [ 77.998525640261477, 10.774475583862808 ], [ 77.998909525416678, 10.774168491760326 ], [ 78.000002441842483, 10.774149019850642 ], [ 78.003096023186998, 10.77409386664131 ], [ 78.003096059119628, 10.774093865758809 ], [ 78.003912895410835, 10.774104265781537 ], [ 78.006031080629967, 10.774131202588842 ], [ 78.007981407553444, 10.774510848586086 ], [ 78.008591024966478, 10.774629506614728 ], [ 78.008591065390675, 10.774629513674542 ], [ 78.009182646429451, 10.774677549601108 ], [ 78.010451687448182, 10.77478057888511 ], [ 78.01049278627076, 10.774783916415611 ], [ 78.01340795231836, 10.774595897434411 ], [ 78.014045114772998, 10.774554793362098 ], [ 78.014523618578735, 10.774529978953268 ], [ 78.01767968763275, 10.774366304759086 ], [ 78.018900148659228, 10.774320342608535 ], [ 78.018987216071494, 10.774317064199014 ], [ 78.020651414305604, 10.774064537428075 ], [ 78.02152926956083, 10.773838854618315 ], [ 78.021960027909245, 10.77362839708505 ], [ 78.022361453568664, 10.773432298263257 ], [ 78.022604596075041, 10.773254064282568 ], [ 78.023070285413297, 10.772912733238211 ], [ 78.023519072949441, 10.772380567200582 ], [ 78.023779167563546, 10.772072183650053 ], [ 78.024077684020639, 10.771780301398337 ], [ 78.024218195802476, 10.771642916759056 ], [ 78.024634244238086, 10.77157529178397 ], [ 78.024611192569594, 10.772117672249076 ], [ 78.024537571140471, 10.773455664610401 ], [ 78.023603134598758, 10.773659595435388 ], [ 78.023193430065689, 10.773748990741577 ], [ 78.023193389641492, 10.773749014568537 ], [ 78.023187540710694, 10.773752442123479 ], [ 78.022923569866137, 10.773907089761343 ], [ 78.022680995095016, 10.774634781186284 ], [ 78.022580540988372, 10.776084525929223 ], [ 78.022578930309066, 10.776107758816957 ], [ 78.022556958415535, 10.776424774995936 ], [ 78.022556956618899, 10.776424815589673 ], [ 78.022556906313241, 10.776560432219762 ], [ 78.022728821400733, 10.776560487815516 ], [ 78.02275252165289, 10.776560495757767 ], [ 78.023164943589705, 10.776560641365711 ], [ 78.024705772592597, 10.776131750630279 ], [ 78.025903789211682, 10.775494798974634 ], [ 78.025903834127433, 10.775494777795219 ], [ 78.02668565588553, 10.775178648408266 ], [ 78.026817258176337, 10.775912754113291 ], [ 78.026982250846274, 10.776833184030291 ], [ 78.027470479813289, 10.779577175609731 ], [ 78.027596894333328, 10.780224899660995 ], [ 78.027735164818495, 10.780933362019605 ], [ 78.027808116104381, 10.781457777309448 ], [ 78.02949537858342, 10.780843580564753 ], [ 78.030940071681215, 10.780640655316972 ], [ 78.032510725649843, 10.78026912157819 ], [ 78.033898287692224, 10.779940918941298 ], [ 78.033898284098967, 10.77994088805511 ], [ 78.033626040668949, 10.779338943878601 ], [ 78.033313509595104, 10.778647925890928 ], [ 78.033336469635415, 10.778376710335154 ], [ 78.033409788332278, 10.77785689704494 ], [ 78.033579240239263, 10.776925759703392 ], [ 78.033460886302279, 10.775384300659191 ], [ 78.033410803428566, 10.774751480065481 ], [ 78.034119496034322, 10.774548255962667 ], [ 78.035019863968827, 10.774416108332515 ], [ 78.035225848561808, 10.774385874609894 ], [ 78.035225891680938, 10.774385869315035 ], [ 78.035241048954717, 10.774384227904426 ], [ 78.035641944608159, 10.774340808178463 ], [ 78.035773252251559, 10.774809419136039 ], [ 78.03577418829606, 10.774812756666208 ], [ 78.035838274108428, 10.775041464759253 ], [ 78.035838290278122, 10.775041507118134 ], [ 78.038256852365322, 10.7746806241543 ], [ 78.038408149320432, 10.774862506334667 ], [ 78.038745802679514, 10.775268456262268 ], [ 78.039774863261684, 10.77523018767827 ], [ 78.040556214302512, 10.775201155087826 ], [ 78.040651717793651, 10.776946012420639 ], [ 78.041372731691837, 10.77688582610641 ], [ 78.042000398953874, 10.776833432004807 ], [ 78.042192238674403, 10.777516038928047 ], [ 78.042192244962621, 10.77751607069694 ], [ 78.043440383082981, 10.777335588835019 ], [ 78.043636852720439, 10.777629500675378 ], [ 78.047056612344647, 10.777404418852747 ], [ 78.047091988000517, 10.777515793601482 ], [ 78.047106862304986, 10.777562628026482 ], [ 78.048478419962251, 10.777450001952845 ], [ 78.048601803566555, 10.776912222592323 ], [ 78.048602776441967, 10.776907979669746 ], [ 78.048743933214155, 10.776292847925305 ], [ 78.0487211070228, 10.776066849977763 ], [ 78.048721104327839, 10.776066807619022 ], [ 78.048373152682302, 10.775337778291782 ], [ 78.048355861011416, 10.775301548236495 ], [ 78.0478666924066, 10.774276571646707 ], [ 78.047772850798779, 10.773532615225863 ], [ 78.047766339809584, 10.773480975062368 ], [ 78.048502346589871, 10.773616805696435 ], [ 78.049526441285124, 10.773617079265561 ], [ 78.050504797359352, 10.773323523560599 ], [ 78.050754951216547, 10.773323560624837 ], [ 78.051044282399857, 10.773323637400754 ], [ 78.052168829405133, 10.773662953275359 ], [ 78.05266323069651, 10.773731053438738 ], [ 78.053023686890768, 10.773780721215228 ], [ 78.053410899405776, 10.773746195925254 ], [ 78.053832913553208, 10.773708584595948 ], [ 78.054344945180318, 10.773753908806349 ], [ 78.054645481948526, 10.773890132021025 ], [ 78.055053497648885, 10.774075081296006 ], [ 78.055693577831548, 10.773939620627825 ], [ 78.056576035155928, 10.773352195397022 ], [ 78.057118289702458, 10.772947093599452 ], [ 78.057549972417306, 10.772624628832629 ], [ 78.057577491407741, 10.772263009627025 ], [ 78.057299676626315, 10.771301678314742 ], [ 78.056942607978968, 10.770065959810255 ], [ 78.056592453664379, 10.769177036310657 ], [ 78.05635319996486, 10.768569650325007 ], [ 78.055571884856619, 10.766779390967002 ], [ 78.055156158017866, 10.7657802771625 ], [ 78.055183640177347, 10.765622103276804 ], [ 78.056337236003955, 10.765107393566208 ], [ 78.056550646071074, 10.765012175566595 ], [ 78.056797679180946, 10.764352223413344 ], [ 78.056856609561862, 10.763979697053138 ], [ 78.05692137629724, 10.763570285708475 ], [ 78.056921382585458, 10.763570238935417 ], [ 78.05914296209717, 10.764271415655887 ], [ 78.058944137076992, 10.766419878336821 ], [ 78.058922926954821, 10.766649081708893 ], [ 78.060171461232258, 10.767500827692695 ], [ 78.060851819177316, 10.767964957379981 ], [ 78.064495167679084, 10.768829179007094 ], [ 78.064495200018428, 10.76882915782722 ], [ 78.064903564265123, 10.76852461302812 ], [ 78.065985800620496, 10.767717497883595 ], [ 78.066045446060414, 10.767663942583829 ], [ 78.0660864164239, 10.767627157396234 ], [ 78.066620978696648, 10.768965215595408 ], [ 78.067503086576437, 10.769982487577796 ], [ 78.06853176896783, 10.771404000116341 ], [ 78.068700503120937, 10.771637174417066 ], [ 78.068420874640964, 10.771941190989937 ], [ 78.067282959805951, 10.773178309359501 ], [ 78.067232588573006, 10.773607739085813 ], [ 78.067438680963804, 10.773818605221962 ], [ 78.068430103932187, 10.774832985698666 ], [ 78.069604911677587, 10.775420868692786 ], [ 78.069947742027679, 10.77571927684736 ], [ 78.072626803869184, 10.775507353071745 ], [ 78.073989599359152, 10.775536174721035 ], [ 78.074999501571256, 10.775557553570357 ], [ 78.075749534646363, 10.775317257193656 ], [ 78.076000784448183, 10.775236763891879 ], [ 78.077957538817515, 10.774739891367538 ], [ 78.078981498765458, 10.775580868568971 ], [ 78.079538729126099, 10.775328574066739 ], [ 78.079690158133545, 10.775260016259532 ], [ 78.079682082279135, 10.775220047142508 ], [ 78.079470945848016, 10.774175142125401 ], [ 78.07968698258901, 10.774114679923597 ], [ 78.079713232259934, 10.774107334163231 ], [ 78.079864864286606, 10.773856540407813 ], [ 78.080399169641225, 10.772972857690398 ], [ 78.081158179580953, 10.772249734404367 ], [ 78.082406364413742, 10.771612570682134 ], [ 78.082406403939615, 10.77161255214992 ], [ 78.083334483104039, 10.771183289898666 ], [ 78.083878621417696, 10.771172440588584 ], [ 78.08445908131327, 10.771160886169934 ], [ 78.084745577413585, 10.771094733077401 ], [ 78.085437484099927, 10.770934998211649 ], [ 78.086978234051031, 10.770252661413313 ], [ 78.087982620607292, 10.769957251843596 ], [ 78.088514375644763, 10.769800858372731 ], [ 78.088926169659231, 10.769494334241413 ], [ 78.089273330787279, 10.769235920722204 ], [ 78.089433719591383, 10.769087216932627 ], [ 78.089863168196118, 10.768689081995525 ], [ 78.091115968572794, 10.768245601202311 ], [ 78.09152274369977, 10.768101614754125 ], [ 78.091845406871712, 10.767920505088684 ], [ 78.092130577058654, 10.767760439367882 ], [ 78.092324145137766, 10.767651789696631 ], [ 78.092802883403849, 10.767383099657312 ], [ 78.093657169560927, 10.767105874719666 ], [ 78.09370810044426, 10.767089349021509 ], [ 78.093708125597104, 10.767089344608998 ], [ 78.093937900273716, 10.767095116160199 ], [ 78.09461325729761, 10.767112098110593 ], [ 78.095614419800285, 10.767315601688363 ], [ 78.097475123604468, 10.767044608023427 ], [ 78.098060266417619, 10.766931656785884 ], [ 78.098334566091324, 10.768746775133739 ], [ 78.098498832024163, 10.769833742679637 ], [ 78.098667753026831, 10.771262679409068 ], [ 78.09884136772682, 10.772731306124127 ], [ 78.099184043566666, 10.774543966235443 ], [ 78.099184049854884, 10.774543999769595 ], [ 78.099595220438545, 10.776835859684283 ], [ 78.099961560597933, 10.778672642889061 ], [ 78.10006132929, 10.779172896704059 ], [ 78.099415482821541, 10.779404192398877 ], [ 78.096906665201104, 10.78030264540873 ], [ 78.09689189689783, 10.78030263305426 ], [ 78.096883816551866, 10.780302630406867 ], [ 78.096956695074226, 10.78250403632058 ], [ 78.097018117381751, 10.782986529682546 ], [ 78.097175905563134, 10.78422634177814 ], [ 78.097278371895982, 10.785183577847183 ], [ 78.097372318606745, 10.786061574417069 ], [ 78.096948052382885, 10.787307499742329 ], [ 78.096416424007828, 10.788868545145984 ], [ 78.096655289635152, 10.789338527724343 ], [ 78.09666221295106, 10.789352149872505 ], [ 78.096855265397181, 10.789732006979268 ], [ 78.097051740424561, 10.790821440129335 ], [ 78.097271086559061, 10.791680314787046 ], [ 78.098272005618298, 10.794722600807528 ], [ 78.098272014601434, 10.794722629927364 ], [ 78.098637654074906, 10.795671910243069 ], [ 78.098637687312561, 10.79567192612658 ], [ 78.099346291883393, 10.795988419589756 ], [ 78.099426359622981, 10.79639934429292 ], [ 78.099492501679038, 10.796738837091603 ], [ 78.09998168555525, 10.796919659391472 ], [ 78.100132924119848, 10.796587495242763 ], [ 78.100228637816713, 10.796377274229869 ], [ 78.100864136591426, 10.796535534309069 ], [ 78.100899780843591, 10.796927984955181 ], [ 78.101010279013423, 10.798144773094988 ], [ 78.101774930373153, 10.798691215022524 ], [ 78.10218065357293, 10.798981184574464 ], [ 78.102255000840756, 10.799049231355095 ], [ 78.102304077601389, 10.799094167899886 ], [ 78.102740691168819, 10.801555189903597 ], [ 78.102742754599021, 10.801566821688057 ], [ 78.102742795921529, 10.801566821688057 ], [ 78.103687500206917, 10.801597705653123 ], [ 78.104823059659239, 10.801634823762951 ], [ 78.105065030762503, 10.805034074014493 ], [ 78.105065072983294, 10.805034086367959 ], [ 78.105627442605694, 10.805192375416247 ], [ 78.106028995825895, 10.805248258832728 ], [ 78.107415175361055, 10.805441183250613 ], [ 78.107498295575951, 10.80542534174451 ], [ 78.107533991032071, 10.805418539417596 ], [ 78.107584337112215, 10.805056943768045 ], [ 78.108439307785545, 10.80503442608766 ], [ 78.108838846084566, 10.805007190271956 ], [ 78.1091022626686, 10.804989232774171 ], [ 78.110272688432048, 10.805016433295949 ], [ 78.111054584750292, 10.805034596388705 ], [ 78.111054617987946, 10.805034596388705 ], [ 78.111513193567447, 10.805054614261644 ], [ 78.113647041811902, 10.805147724795498 ], [ 78.11588287040064, 10.804899234378073 ], [ 78.117785044929931, 10.804634033935367 ], [ 78.118475298716149, 10.804537794286144 ], [ 78.119452446556323, 10.804415641440201 ], [ 78.121186566957192, 10.804198847679283 ], [ 78.12151535394446, 10.80416951081386 ], [ 78.121945585880098, 10.804131124138387 ], [ 78.121970178159344, 10.80416222931996 ], [ 78.122142131874384, 10.80437974843257 ], [ 78.123341487881575, 10.804237086986772 ], [ 78.123852148679575, 10.804176349347115 ], [ 78.123921021614066, 10.804169061676628 ], [ 78.124108155959121, 10.804149276696014 ], [ 78.12468899674036, 10.804152377419575 ], [ 78.124949459663711, 10.804153774245249 ], [ 78.125831849614485, 10.804122139627856 ], [ 78.12696574359029, 10.804095019322707 ], [ 78.127419083788311, 10.804089918216722 ], [ 78.127761304182329, 10.804086066577241 ], [ 78.128374009105016, 10.804095095208389 ], [ 78.12837404324101, 10.804095105797105 ], [ 78.128351146981018, 10.804782166890515 ], [ 78.128378586021398, 10.805057940867396 ], [ 78.128384048676637, 10.805074163584797 ], [ 78.128392275447993, 10.805098625164467 ], [ 78.129447162594545, 10.804956592321307 ], [ 78.129466715325037, 10.804953960154632 ], [ 78.129538646124786, 10.804425662750962 ], [ 78.129635965111078, 10.803710896357931 ], [ 78.129654929445067, 10.803665789319709 ], [ 78.129658785014243, 10.803656633611052 ], [ 78.130273089836464, 10.80362331974745 ], [ 78.130742353571222, 10.80359787241451 ], [ 78.130797579299909, 10.803058007960415 ], [ 78.130829282642949, 10.802748079910142 ], [ 78.130897876201416, 10.802558195381298 ], [ 78.130957727355536, 10.802538466767862 ], [ 78.130957976188867, 10.802538384705009 ], [ 78.131076157649332, 10.802499430440175 ], [ 78.131675110263316, 10.802445190416693 ], [ 78.131675147094242, 10.802445186887116 ], [ 78.132255778568023, 10.802409026277742 ], [ 78.132511778661069, 10.802440668134778 ], [ 78.132565604814587, 10.802499363378065 ], [ 78.132644446353808, 10.802585345826705 ], [ 78.132744899562127, 10.802832850758815 ], [ 78.132904971260928, 10.80322724679756 ], [ 78.133261614106814, 10.803783227847456 ], [ 78.133445133631184, 10.803928334617456 ], [ 78.133467391188958, 10.803945936574722 ], [ 78.133599039293856, 10.803962208766158 ], [ 78.134089173587583, 10.804022798207297 ], [ 78.134711034139656, 10.804013746631769 ], [ 78.135360263663458, 10.804104140604723 ], [ 78.135360292409572, 10.804104145016687 ], [ 78.135417995691853, 10.804110724128329 ], [ 78.135954660022378, 10.80417189856496 ], [ 78.136254273322422, 10.804189359325342 ], [ 78.136421025792004, 10.804199077100986 ], [ 78.136517034136318, 10.804402462935196 ], [ 78.136517058390808, 10.804402499995604 ], [ 78.136716693691369, 10.804336661287619 ], [ 78.136722740251528, 10.804334667966573 ], [ 78.136722768099304, 10.804334655613083 ], [ 78.137042836936729, 10.804149284637541 ], [ 78.137376668862615, 10.803953261311074 ], [ 78.137650913739066, 10.803792215897664 ], [ 78.138150277324044, 10.803558807987971 ], [ 78.138153852618856, 10.803557139382436 ], [ 78.138702461847714, 10.80334468814404 ], [ 78.138702492390451, 10.803344675790512 ], [ 78.139104855891034, 10.803190956570454 ], [ 78.139644317575346, 10.80297851830885 ], [ 78.139644346321433, 10.802978507720121 ], [ 78.140069519843721, 10.80284739881021 ], [ 78.140773631939823, 10.80277956995943 ], [ 78.141000478108623, 10.8027984293975 ], [ 78.141002081601414, 10.802798561756816 ], [ 78.141317777440037, 10.802824804195692 ], [ 78.141462893087649, 10.802877571433038 ], [ 78.141802388891406, 10.803001017613147 ], [ 78.142277918375257, 10.803276782637289 ], [ 78.142817432161863, 10.803547980140895 ], [ 78.142817468992774, 10.803548000435939 ], [ 78.143183217162417, 10.803751384063988 ], [ 78.144006220388036, 10.804194333365267 ], [ 78.144147813741441, 10.804265564396612 ], [ 78.1441480410152, 10.80426567734269 ], [ 78.144266857584597, 10.804325461982035 ], [ 78.144600622136835, 10.804366126965785 ], [ 78.145089827572562, 10.804307317376582 ], [ 78.145688735270795, 10.8042349877781 ], [ 78.146159663583774, 10.804158126199823 ], [ 78.146479800693143, 10.804085047414905 ], [ 78.1465757587318, 10.804063145571011 ], [ 78.146875994564382, 10.804006744852311 ], [ 78.146936954239536, 10.803995294052672 ], [ 78.147732503153463, 10.803941039298756 ], [ 78.148441157131685, 10.803904847985807 ], [ 78.148441191267636, 10.803904846221032 ], [ 78.149127012766243, 10.803868647844579 ], [ 78.149143088118265, 10.803876596434138 ], [ 78.149191013238678, 10.803900291312566 ], [ 78.1492702302737, 10.804261283034908 ], [ 78.149273343834466, 10.804275469236721 ], [ 78.149273345631087, 10.804275496590853 ], [ 78.14927774917264, 10.804426899862641 ], [ 78.1493007945529, 10.805220219180693 ], [ 78.149360293567455, 10.805848524884608 ], [ 78.149359052095733, 10.805934098711713 ], [ 78.149355747193766, 10.806160435984159 ], [ 78.149364382698607, 10.80618319888325 ], [ 78.149369426738943, 10.806196575846828 ], [ 78.149369461773233, 10.806196587317867 ], [ 78.149524998776485, 10.806200433635974 ], [ 78.149529137314971, 10.806200535992675 ], [ 78.149735199163061, 10.806205643239496 ], [ 78.149836567754676, 10.806230656217785 ], [ 78.149936390345658, 10.806255322416597 ], [ 78.14993388135106, 10.806510344886519 ], [ 78.149931875413046, 10.806711880560519 ], [ 78.149910079589304, 10.806968466225536 ], [ 78.14988615655497, 10.807249791026075 ], [ 78.149760604417608, 10.807264950354355 ], [ 78.149323805797209, 10.807317637396888 ], [ 78.149308596421164, 10.807905312154114 ], [ 78.149296401791162, 10.808375359363978 ], [ 78.149302209399494, 10.808428672700567 ], [ 78.149302230060727, 10.808428868588702 ], [ 78.14931015499819, 10.808501960434162 ], [ 78.149310190930777, 10.808501961316562 ], [ 78.149698790444603, 10.808542621322603 ], [ 78.149703505701538, 10.808640277669681 ], [ 78.149712535566763, 10.808827361214101 ], [ 78.149712535566763, 10.808827401803475 ], [ 78.149690690335675, 10.809086671615342 ], [ 78.149680542966237, 10.809207109867423 ], [ 78.149689688714147, 10.809844428624622 ], [ 78.149671459202082, 10.810536056954126 ], [ 78.149675648046241, 10.810704793034708 ], [ 78.149680642679243, 10.810906745900818 ], [ 78.149644127061222, 10.812023264188307 ], [ 78.149648217989039, 10.81237742367674 ], [ 78.149653274605768, 10.81281887169555 ], [ 78.149641663880715, 10.813065682590898 ], [ 78.149630483448718, 10.813302512857959 ], [ 78.149694548599811, 10.814260815695423 ], [ 78.149827212699293, 10.81539541690568 ], [ 78.149831816565111, 10.815978526409726 ], [ 78.149882148272198, 10.816534527952102 ], [ 78.149885066000223, 10.816547510923845 ], [ 78.150074190113614, 10.81738881582392 ], [ 78.150227346581346, 10.817975268208462 ], [ 78.150227392395436, 10.817975442913914 ], [ 78.150293764420212, 10.818229615424082 ], [ 78.150677918171681, 10.819486230143553 ], [ 78.150952287913952, 10.820110013071409 ], [ 78.151180919035227, 10.820747359837338 ], [ 78.151327427969875, 10.821244802146396 ], [ 78.151359317264138, 10.821353085682917 ], [ 78.151381801197402, 10.821440053596845 ], [ 78.151464490220974, 10.821759941599318 ], [ 78.15156187029271, 10.822127557604823 ], [ 78.151642882161681, 10.822433420998818 ], [ 78.151857845415904, 10.823396228972095 ], [ 78.15203165235539, 10.824359045322456 ], [ 78.152132295108245, 10.82509132881852 ], [ 78.152214631992237, 10.825593077620857 ], [ 78.152306146963497, 10.826442893635681 ], [ 78.152534762813431, 10.826483588266729 ], [ 78.152758323843216, 10.826483543268115 ], [ 78.153051456696844, 10.826483523856949 ], [ 78.153409067028292, 10.826449084916234 ], [ 78.153568188309521, 10.826433780973936 ], [ 78.153741898230948, 10.826424718604494 ], [ 78.153874510228135, 10.827012325035849 ], [ 78.153912589813018, 10.827317026718061 ], [ 78.153912840443027, 10.827319032238913 ], [ 78.153961470740924, 10.827708464781219 ], [ 78.153961507571836, 10.827708457722654 ], [ 78.154519314650869, 10.827672262219171 ], [ 78.155141176101239, 10.827676738239917 ], [ 78.155835192031873, 10.827658472404405 ], [ 78.156174560274863, 10.827649547714293 ], [ 78.156460258671189, 10.827661931107741 ], [ 78.157006762249011, 10.827685635577195 ], [ 78.157829813085385, 10.827662967836421 ], [ 78.158269404567989, 10.827694729672109 ], [ 78.158392224928576, 10.827703606715451 ], [ 78.15848361144073, 10.827748760430831 ], [ 78.158483689594178, 10.827748800135298 ], [ 78.158511167262063, 10.828092342606578 ], [ 78.158461599123029, 10.828747761701608 ], [ 78.158410643086825, 10.829421362153822 ], [ 78.158392026400875, 10.829698180192292 ], [ 78.158365005975455, 10.830099368255089 ], [ 78.158422421796828, 10.830754609142586 ], [ 78.158447373402183, 10.831039544986975 ], [ 78.158470301103165, 10.83191196091451 ], [ 78.158507807562913, 10.832152690212869 ], [ 78.158570981585257, 10.832558396815291 ], [ 78.158570999551571, 10.832758420350951 ], [ 78.158570999551571, 10.832784370771142 ], [ 78.158571003144829, 10.832784412239583 ], [ 78.159517533705184, 10.832843093602728 ], [ 78.159838924862711, 10.832893370099269 ], [ 78.160066287562813, 10.832928964120867 ], [ 78.160345344714258, 10.832979999386652 ], [ 78.160807025769671, 10.83306447317452 ], [ 78.16216968561406, 10.833340084380676 ], [ 78.162777859434442, 10.833520837853113 ], [ 78.163756410443114, 10.833615653864774 ], [ 78.164157597150677, 10.833640698083769 ], [ 78.164158163987651, 10.833640733375955 ], [ 78.164552069849833, 10.833665332911357 ], [ 78.164928548395523, 10.833649514071871 ], [ 78.165416262627872, 10.833629054308874 ], [ 78.165758707600688, 10.833602569285173 ], [ 78.166001527611883, 10.833583814131895 ], [ 78.166201019181969, 10.833570233695601 ], [ 78.166467952670359, 10.833552094389143 ], [ 78.166790379585379, 10.833607617833078 ], [ 78.166791624650372, 10.833607832233151 ], [ 78.166966380210781, 10.833637935587861 ], [ 78.166979781278215, 10.833687014663692 ], [ 78.16704413299189, 10.833922689580895 ], [ 78.167057826011785, 10.833981438658327 ], [ 78.167057864639318, 10.833981446599065 ], [ 78.167323081447179, 10.834004027395828 ], [ 78.167393370126604, 10.834013165414037 ], [ 78.167670642325547, 10.834049225158749 ], [ 78.168361054215254, 10.834067225031152 ], [ 78.169252693220173, 10.834085172846553 ], [ 78.169252730949424, 10.834085168435035 ], [ 78.16929205739595, 10.834072008880193 ], [ 78.16954998257863, 10.833985734594808 ], [ 78.16980600872283, 10.833949501028636 ], [ 78.169818598611513, 10.833607952226599 ], [ 78.169818817800433, 10.833602016962388 ], [ 78.169847016815524, 10.83283749624697 ], [ 78.169849852796901, 10.832397394116729 ], [ 78.169849877949716, 10.832393637247842 ], [ 78.1698515119852, 10.83214136842289 ], [ 78.169856732095326, 10.83212412986752 ], [ 78.169865214886556, 10.832096164195836 ], [ 78.17011212762219, 10.832041890704 ], [ 78.17029788125663, 10.832036188338451 ], [ 78.170555679776868, 10.832028316373913 ], [ 78.171179488774769, 10.832155644183551 ], [ 78.171241566852487, 10.832168316788065 ], [ 78.171986916111734, 10.83227671195899 ], [ 78.172558505143854, 10.83240320676394 ], [ 78.172828682448682, 10.832482727437045 ], [ 78.173203268244066, 10.832593005338929 ], [ 78.173240032695375, 10.833011384795881 ], [ 78.173281075822388, 10.833478954830923 ], [ 78.17328433940186, 10.834041557941527 ], [ 78.173285802757434, 10.834297118801624 ], [ 78.173303301040846, 10.834521605648501 ], [ 78.173303455551093, 10.834523602298088 ], [ 78.173331571921167, 10.834884717727734 ], [ 78.173331588090818, 10.834970629128444 ], [ 78.173331620430176, 10.834970634422248 ], [ 78.173614525065986, 10.835010964386672 ], [ 78.173775172584882, 10.835033863616321 ], [ 78.173775210314133, 10.835033869792424 ], [ 78.174415335412533, 10.835133242405789 ], [ 78.175156307181368, 10.835149768771673 ], [ 78.175220139668852, 10.835151192804206 ], [ 78.175220166618303, 10.835151192804206 ], [ 78.175224571956463, 10.835151068399863 ], [ 78.176029491197127, 10.835128478866601 ], [ 78.176029491197127, 10.835128439163112 ], [ 78.175965344299286, 10.834066196265347 ], [ 78.175933227731264, 10.83332034014634 ], [ 78.175885355611484, 10.832749786091918 ], [ 78.17587824095439, 10.832664973409141 ], [ 78.175878240056093, 10.83266493458761 ], [ 78.175206108882421, 10.832656000341318 ], [ 78.175210610340315, 10.832185842973642 ], [ 78.17522422161349, 10.831553058264209 ], [ 78.175187534417276, 10.830874998103562 ], [ 78.175288067575664, 10.830318991402557 ], [ 78.175438565030163, 10.830004253789795 ], [ 78.175448017103591, 10.82998448904228 ], [ 78.175448034171566, 10.829984456396621 ], [ 78.175468460962847, 10.829651612417592 ], [ 78.175489099756476, 10.829315452319863 ], [ 78.175511867557347, 10.828574080669119 ], [ 78.175508003903332, 10.828026591155163 ], [ 78.1755025142986, 10.827245142948131 ], [ 78.175493211345525, 10.826133147684594 ], [ 78.175500734736062, 10.826132403883117 ], [ 78.17558463828189, 10.826124140010338 ], [ 78.176256774845442, 10.826160198940205 ], [ 78.176791832988258, 10.826187231664528 ], [ 78.176844317058737, 10.825703116301442 ], [ 78.176864857037714, 10.825513705996824 ], [ 78.176864860630957, 10.825513673350683 ], [ 78.176901277434254, 10.824406205964559 ], [ 78.17692589396799, 10.823884507381932 ], [ 78.176937749933117, 10.823633255780999 ], [ 78.176937751729739, 10.823633216075946 ], [ 78.176969685939767, 10.822887353390227 ], [ 78.17697877778879, 10.822765307720452 ], [ 78.176994032978925, 10.822759651059805 ], [ 78.177088542933319, 10.82272465758362 ], [ 78.177778956619662, 10.822778760707811 ], [ 78.178211001355578, 10.822787977596409 ], [ 78.178409908122418, 10.822792220753252 ], [ 78.178409950343223, 10.822792223400263 ], [ 78.179132404240804, 10.822846352100044 ], [ 78.179319485585253, 10.822839306643299 ], [ 78.179854836578826, 10.822819166430083 ], [ 78.179941735107846, 10.822828180380057 ], [ 78.179960691356953, 10.822916220786858 ], [ 78.179987460254097, 10.823040623996699 ], [ 78.180030827322767, 10.823550305771954 ], [ 78.180042452420849, 10.823686959043883 ], [ 78.180042452420849, 10.823686996984236 ], [ 78.18058201022491, 10.823745676600225 ], [ 78.181235880445485, 10.823745571602494 ], [ 78.181903451770765, 10.823759029839854 ], [ 78.182441843561563, 10.823801240684638 ], [ 78.182593903186344, 10.823813171599985 ], [ 78.182601352915015, 10.823900012626423 ], [ 78.182667159001156, 10.824667456375929 ], [ 78.182703890214796, 10.82532292707995 ], [ 78.182709142664265, 10.825489450782445 ], [ 78.18272228322023, 10.825906048154776 ], [ 78.182717858119133, 10.825979446319533 ], [ 78.182704012385685, 10.826208882194454 ], [ 78.181762127911966, 10.826317539808301 ], [ 78.181757596809675, 10.826593283395669 ], [ 78.181802206248364, 10.827074385066252 ], [ 78.181821717656319, 10.827284882796308 ], [ 78.181890487284591, 10.827763744905408 ], [ 78.181908703321923, 10.827890586604195 ], [ 78.181921433347839, 10.827954401389972 ], [ 78.182032218080238, 10.828509813385343 ], [ 78.182094530618244, 10.828866544766864 ], [ 78.182094613263232, 10.828867018572021 ], [ 78.182146681413741, 10.829165274800465 ], [ 78.182159476118329, 10.829528255733509 ], [ 78.182159536305463, 10.829529967428053 ], [ 78.182174212980584, 10.82994731709052 ], [ 78.18219332463822, 10.830279533415249 ], [ 78.182215518415646, 10.830666004593942 ], [ 78.182210302797088, 10.831041639596425 ], [ 78.18220645082117, 10.831316934149978 ], [ 78.181676075595945, 10.831393869939477 ], [ 78.181693827204285, 10.831512523137862 ], [ 78.181735586288582, 10.83179163766135 ], [ 78.181763445740472, 10.831920733720338 ], [ 78.18192774940259, 10.832682146642648 ], [ 78.18193514972387, 10.832740338345264 ], [ 78.181941511592726, 10.83279059103678 ], [ 78.181941539440501, 10.832790590154467 ], [ 78.182677671086594, 10.832776908216827 ], [ 78.182677698036059, 10.832776908216827 ], [ 78.18339559657683, 10.832799395579897 ], [ 78.184084387905784, 10.83265107706503 ], [ 78.184172877351159, 10.832632025396792 ], [ 78.184172908792178, 10.832632021867573 ], [ 78.184362294315335, 10.832635268759669 ], [ 78.184954818585169, 10.832645444413373 ], [ 78.184961537085144, 10.832834024368772 ], [ 78.184996179715782, 10.833807155400518 ], [ 78.184996222834911, 10.833807150989024 ], [ 78.184996224631533, 10.833807180105056 ], [ 78.185846690253726, 10.833743761838763 ], [ 78.186273561591904, 10.833360613865569 ], [ 78.186637606555735, 10.83303389861052 ], [ 78.186719761081747, 10.832683486867746 ], [ 78.186843256975422, 10.832156933237046 ], [ 78.186877339057304, 10.831630173102104 ], [ 78.186907054428588, 10.83117148682622 ], [ 78.186921827223429, 10.830745730425001 ], [ 78.186934376687972, 10.830384950576937 ], [ 78.186947977181362, 10.829770226602035 ], [ 78.186947960113386, 10.829770184250863 ], [ 78.186880090597015, 10.829503714091173 ], [ 78.186764922086027, 10.829051489303938 ], [ 78.18676489244163, 10.829051443423406 ], [ 78.186741087984913, 10.829009618891375 ], [ 78.186682622931286, 10.828906873788762 ], [ 78.186682595981807, 10.828906864083262 ], [ 78.185868875946312, 10.828844431211623 ], [ 78.18585952358589, 10.828843713886458 ], [ 78.185507357943379, 10.828260698231766 ], [ 78.185507338180443, 10.828260654998079 ], [ 78.185493008255008, 10.828213881419151 ], [ 78.185402108629717, 10.827917130366275 ], [ 78.185348383087543, 10.827641612107275 ], [ 78.185283149228226, 10.827306931174732 ], [ 78.185283142940037, 10.827239097267404 ], [ 78.185518960583593, 10.827258968957203 ], [ 78.185520911724382, 10.827259133069346 ], [ 78.185658060213754, 10.827270689741889 ], [ 78.185690996045324, 10.827279205927537 ], [ 78.185850109241727, 10.827320371605655 ], [ 78.186233308084027, 10.827309272860825 ], [ 78.186321072588981, 10.827306735298949 ], [ 78.18632405858898, 10.827096676981579 ], [ 78.186334638048095, 10.82635297402803 ], [ 78.186334622776712, 10.826352942264275 ], [ 78.18633395622679, 10.826351407899114 ], [ 78.18632089921411, 10.826321303812023 ], [ 78.186156570399206, 10.826315530751446 ], [ 78.186151889278278, 10.826315365756445 ], [ 78.185936811937978, 10.826307798926459 ], [ 78.185168776624565, 10.82628603987755 ], [ 78.184985724224191, 10.82628085356332 ], [ 78.184958228589977, 10.825937313426415 ], [ 78.184941642994872, 10.825834945788623 ], [ 78.18492165368319, 10.825711315775877 ], [ 78.184834795578368, 10.825476674662886 ], [ 78.184766073560809, 10.825290941763553 ], [ 78.184699129309223, 10.825084578112735 ], [ 78.184698038754448, 10.825081218200584 ], [ 78.18465171443188, 10.824938350429861 ], [ 78.184541895388392, 10.824310034422464 ], [ 78.18440006937135, 10.823889747559962 ], [ 78.184244509910201, 10.823374389419275 ], [ 78.184163038103847, 10.823032492389041 ], [ 78.184152973379398, 10.822990244377886 ], [ 78.184152966192855, 10.822990209966765 ], [ 78.184147532283717, 10.822964705160171 ], [ 78.184146262065909, 10.822958749391358 ], [ 78.184061490747482, 10.822560751121902 ], [ 78.18405171438225, 10.822308573720926 ], [ 78.184047656692115, 10.822203694590939 ], [ 78.183977638405594, 10.821974188591787 ], [ 78.183860120800148, 10.821588943242238 ], [ 78.183848105833235, 10.821499359232124 ], [ 78.183828045554606, 10.821349392204048 ], [ 78.183570687208871, 10.821291888279539 ], [ 78.183443907972801, 10.821263536013646 ], [ 78.182552365985927, 10.821277256417755 ], [ 78.180933716828307, 10.821358857956765 ], [ 78.180898989756045, 10.821358905603153 ], [ 78.180898932263872, 10.821358905603153 ], [ 78.180865120574879, 10.821358911779548 ], [ 78.180841064589913, 10.821270977678537 ], [ 78.180819410699982, 10.821191679908845 ], [ 78.18084303818857, 10.820839851390314 ], [ 78.180860423284258, 10.820581420258174 ], [ 78.180910657074961, 10.820228870148172 ], [ 78.180960944764564, 10.82014748359363 ], [ 78.181331314766339, 10.8201564693889 ], [ 78.181674243931084, 10.820070528151712 ], [ 78.182259458609437, 10.819853460705525 ], [ 78.182895041825802, 10.819781033385201 ], [ 78.183208482893036, 10.819708312226291 ], [ 78.183480252910897, 10.8196452950899 ], [ 78.18416610315559, 10.819590937284474 ], [ 78.1844031362197, 10.819555921379692 ], [ 78.184778806281642, 10.819500472095681 ], [ 78.185138162039692, 10.819436298159365 ], [ 78.185336600784282, 10.819400886062899 ], [ 78.186059013359355, 10.819323888959037 ], [ 78.186059041207116, 10.819323885429652 ], [ 78.18575711923674, 10.818560032394592 ], [ 78.185485757952378, 10.818198171996052 ], [ 78.185377512757256, 10.818053827419149 ], [ 78.185253382652974, 10.817839450566389 ], [ 78.184906455985185, 10.817240270857376 ], [ 78.184730425715401, 10.816964430430145 ], [ 78.184453636810034, 10.81653064117814 ], [ 78.183916397557738, 10.815759827169552 ], [ 78.183694480444899, 10.815441403656651 ], [ 78.183310270099568, 10.81486283726213 ], [ 78.183310245845078, 10.81486279932067 ], [ 78.182830051409923, 10.814103504676032 ], [ 78.182522297576753, 10.813728484628429 ], [ 78.182359024282263, 10.813529478110075 ], [ 78.181677599138695, 10.812621034591785 ], [ 78.181073957318887, 10.811830035172582 ], [ 78.180619088188251, 10.811217098770934 ], [ 78.180470248125459, 10.811016520848154 ], [ 78.18005510159837, 10.810537165214193 ], [ 78.179519045427298, 10.809918179259073 ], [ 78.179043480010833, 10.80938490163865 ], [ 78.178746242754684, 10.809041433028399 ], [ 78.178746210415326, 10.809041392439051 ], [ 78.178635099594473, 10.808910469711623 ], [ 78.178270608167921, 10.808480948350324 ], [ 78.178038381090559, 10.80819349128347 ], [ 78.177799590921751, 10.807897855157105 ], [ 78.177319418046167, 10.80734196996592 ], [ 78.177319400978192, 10.807341951435907 ], [ 78.177287954553364, 10.807307667360854 ], [ 78.176875843433606, 10.806858360668407 ], [ 78.17663835312699, 10.806557165970199 ], [ 78.176359100142861, 10.80620294843443 ], [ 78.176153300602806, 10.805882077628043 ], [ 78.176028370099644, 10.805745976559415 ], [ 78.175750878711753, 10.805443661877511 ], [ 78.175479113185446, 10.805060455675433 ], [ 78.175407902834564, 10.804960041580189 ], [ 78.174918594092574, 10.804376983902253 ], [ 78.174918568939759, 10.804376954783345 ], [ 78.174836089223632, 10.804280892412301 ], [ 78.173944567897991, 10.803242518393045 ], [ 78.173598210762108, 10.802848310324524 ], [ 78.173340953925987, 10.802555498778672 ], [ 78.17261337693634, 10.80171702626353 ], [ 78.172266334385895, 10.801317087653066 ], [ 78.172266303843159, 10.801317050592262 ], [ 78.171411202914115, 10.800227794914285 ], [ 78.171267461688856, 10.800120545871964 ], [ 78.17070243395159, 10.799698965047519 ], [ 78.170502522868247, 10.799568945358327 ], [ 78.170167492589769, 10.799351010677663 ], [ 78.170058491911533, 10.799236087920693 ], [ 78.169961760423405, 10.79913407560508 ], [ 78.169930446050927, 10.799070304985044 ], [ 78.169888551321023, 10.798984900388827 ], [ 78.169879322928111, 10.798356587383276 ], [ 78.169847590838998, 10.798032738885059 ], [ 78.169810670979118, 10.797655936586084 ], [ 78.169710042599334, 10.797113529810971 ], [ 78.169585288165919, 10.796444566253831 ], [ 78.16954987837407, 10.79625466803345 ], [ 78.169280020869436, 10.795282867617619 ], [ 78.1692800118863, 10.795282835850582 ], [ 78.169014746569403, 10.794537014766416 ], [ 78.168936981211914, 10.794243196218925 ], [ 78.168850034173872, 10.793529003878776 ], [ 78.168760030168912, 10.792759877130708 ], [ 78.168744772283816, 10.792629472348581 ], [ 78.168744771385491, 10.792629438816414 ], [ 78.168746750374055, 10.792583821837214 ], [ 78.168799526397009, 10.791368280112893 ], [ 78.168684125222342, 10.790386087380641 ], [ 78.168666757194657, 10.790238235882342 ], [ 78.168666755398036, 10.790238200585042 ], [ 78.168667970818618, 10.789937776352657 ], [ 78.168671230804776, 10.789135306414719 ], [ 78.168712279321667, 10.788497901360051 ], [ 78.168766701956528, 10.788213023068867 ], [ 78.168853906811066, 10.787756558588679 ], [ 78.168853910404309, 10.78775652505599 ], [ 78.168917819248591, 10.786951929671053 ], [ 78.168995384281772, 10.785663635773229 ], [ 78.168995385180096, 10.785663604005162 ], [ 78.169013529352213, 10.784506441853873 ], [ 78.169039181643456, 10.784127244396403 ], [ 78.169077457061078, 10.783561647084575 ], [ 78.169057137169361, 10.782623943401047 ], [ 78.16904523988174, 10.782074488683218 ], [ 78.168981089390655, 10.780808815173307 ], [ 78.168862086870035, 10.779669709845562 ], [ 78.168798991001097, 10.779084749931711 ], [ 78.168720232106878, 10.778354278902761 ], [ 78.168567045994735, 10.777441954710367 ], [ 78.168555537677648, 10.777373418563768 ], [ 78.168496060222665, 10.777011793589757 ], [ 78.168249025316186, 10.775886272822175 ], [ 78.168165328382827, 10.7756289264056 ], [ 78.168002052393433, 10.775126889392721 ], [ 78.167915726091252, 10.774884545324868 ], [ 78.167887730993741, 10.774805958941469 ], [ 78.16767416821304, 10.774217724402384 ], [ 78.167650537131166, 10.774152635369152 ], [ 78.167416732612182, 10.773508645267443 ], [ 78.167334145098224, 10.773261440068133 ], [ 78.167265731202818, 10.77305665914262 ], [ 78.167013774426877, 10.772555226754891 ], [ 78.166913678748031, 10.772356042067537 ], [ 78.166703357088863, 10.771926628205959 ], [ 78.16652536130519, 10.771509800647879 ], [ 78.166492991412241, 10.771433987924363 ], [ 78.166492976140901, 10.771433955272331 ], [ 78.165752163373881, 10.769788664094595 ], [ 78.165546977383187, 10.769350479881636 ], [ 78.165409276429912, 10.769056411701149 ], [ 78.165263569690836, 10.768724095885197 ], [ 78.165171417814022, 10.768513925118999 ], [ 78.165021530315627, 10.768131443158916 ], [ 78.164977420340207, 10.768018885040169 ], [ 78.164778186586631, 10.767510497233943 ], [ 78.164778175806816, 10.767510468111475 ], [ 78.164563226027354, 10.766941000702669 ], [ 78.164037384599354, 10.765833526568208 ], [ 78.163846550093666, 10.765430840665587 ], [ 78.163731059985807, 10.765187157977673 ], [ 78.163634936657147, 10.765016405419152 ], [ 78.163415542911935, 10.76462670805137 ], [ 78.16310919943372, 10.764052612610158 ], [ 78.162533062231319, 10.763067262247402 ], [ 78.162094142688545, 10.762289783200965 ], [ 78.161545460696161, 10.761214006121623 ], [ 78.161545448119753, 10.76121398141113 ], [ 78.161234526826874, 10.760504337746932 ], [ 78.160987874602668, 10.760037677855703 ], [ 78.160969340561721, 10.760002610888094 ], [ 78.160201202840383, 10.758497415594356 ], [ 78.159876554391658, 10.757801299094146 ], [ 78.159702988200664, 10.757412105148452 ], [ 78.159689090364907, 10.757380942182101 ], [ 78.15966060658387, 10.757317504253454 ], [ 78.159291296594148, 10.756494983641302 ], [ 78.158541501572572, 10.75511182372561 ], [ 78.158244307435581, 10.754546842659163 ], [ 78.158024846316721, 10.754149063596437 ], [ 78.157773367444506, 10.753697063441283 ], [ 78.157773344986609, 10.753697030787329 ], [ 78.157480744833961, 10.753317313561132 ], [ 78.157084025448299, 10.75281935643827 ], [ 78.15707387268894, 10.752806613414618 ], [ 78.157073849332747, 10.752806580760565 ], [ 78.157001366069125, 10.752703867857543 ], [ 78.156662379610111, 10.752223499701302 ], [ 78.156624088921134, 10.752147028162103 ], [ 78.156433785319791, 10.751766927725642 ], [ 78.156462349050869, 10.751681342908231 ], [ 78.156540485412592, 10.751447216789904 ], [ 78.155557483251684, 10.749591991775679 ], [ 78.153411245442854, 10.745541291069372 ], [ 78.153411222985, 10.745541247823791 ], [ 78.153387133762322, 10.745479626369169 ], [ 78.153359736044479, 10.745409518170238 ], [ 78.153333490865109, 10.745342360365939 ], [ 78.152689847964069, 10.743663586034375 ], [ 78.152638537093353, 10.743529755047145 ], [ 78.152638521821999, 10.74352971533156 ], [ 78.152342304153677, 10.742658948431172 ], [ 78.151952726374518, 10.741513728322285 ], [ 78.151952715594746, 10.741513701845047 ], [ 78.151637273979333, 10.740510236214428 ], [ 78.151550350297526, 10.739316901978679 ], [ 78.151600442154376, 10.738415852948787 ], [ 78.151637047603899, 10.73775739774025 ], [ 78.151867840970041, 10.736813253431977 ], [ 78.152208344683586, 10.735420286877305 ], [ 78.152485073401778, 10.734770925575356 ], [ 78.152637919950749, 10.73441226887928 ], [ 78.152637933425467, 10.734412243283996 ], [ 78.15380795584538, 10.732265011677807 ], [ 78.154126825431874, 10.731755087924551 ], [ 78.154667276161319, 10.730890808666665 ], [ 78.154730349572361, 10.730583649251331 ], [ 78.15478146101708, 10.730334745165978 ], [ 78.154950417054039, 10.727762675153949 ], [ 78.154889230105113, 10.726596582921955 ], [ 78.154749067767952, 10.723924934120159 ], [ 78.154721547879205, 10.722862677295328 ], [ 78.154688419808181, 10.721172281795157 ], [ 78.154666446118014, 10.720050970383074 ], [ 78.154313190819053, 10.717628076145639 ], [ 78.153921060926152, 10.714938560069998 ], [ 78.153840585351446, 10.713655981071819 ], [ 78.153751734783327, 10.712239916345482 ], [ 78.153294438404757, 10.709455425841314 ], [ 78.153093180746851, 10.707258574116231 ], [ 78.152847893063566, 10.706803131149778 ], [ 78.152608695957937, 10.706358996364091 ], [ 78.151689850576275, 10.704548223804249 ], [ 78.151675090357884, 10.704519134989511 ], [ 78.15162927358341, 10.704428843573199 ], [ 78.151618614174268, 10.704407836595054 ], [ 78.151612017845139, 10.704394839083776 ], [ 78.15158256657854, 10.70433679912064 ], [ 78.151292143942158, 10.703764440140009 ], [ 78.151292125975843, 10.703764404832596 ], [ 78.150729076328773, 10.702480189690412 ], [ 78.150711597808311, 10.702440325692921 ], [ 78.150707090062227, 10.702430043248711 ], [ 78.150610375642074, 10.702209458299944 ], [ 78.150609188967621, 10.702206750208047 ], [ 78.150382470359574, 10.701689643678272 ], [ 78.149267147255628, 10.699515413048662 ], [ 78.149002752406275, 10.698513373186497 ], [ 78.148553927140881, 10.696812335854817 ], [ 78.147923064571316, 10.694298998438956 ], [ 78.147182614723647, 10.69294747403727 ], [ 78.146839718796542, 10.691306621225579 ], [ 78.146728842436005, 10.689884222713159 ], [ 78.14666600079029, 10.689078049604531 ], [ 78.146899010300274, 10.687590883421731 ], [ 78.146784719443289, 10.686216724041209 ], [ 78.146800614233939, 10.685569244299494 ], [ 78.14681656921168, 10.684919326814812 ], [ 78.146958170649924, 10.683038904793877 ], [ 78.146784437372304, 10.682003773672118 ], [ 78.146615282807659, 10.680625044600868 ], [ 78.146547785193846, 10.680209302342977 ], [ 78.146473641843556, 10.679752632349864 ], [ 78.145977004645474, 10.678784823270878 ], [ 78.145385739813662, 10.677632605894596 ], [ 78.145233111555328, 10.677184041084695 ], [ 78.145070434742209, 10.67670594186745 ], [ 78.145070373656793, 10.675860654601117 ], [ 78.145102306968511, 10.674007332337089 ], [ 78.145265432939254, 10.672606062384808 ], [ 78.145433438558626, 10.671162865406499 ], [ 78.145444880400419, 10.671064581087551 ], [ 78.145535015559375, 10.67085923839598 ], [ 78.145700847255767, 10.670481445935195 ], [ 78.146016153225546, 10.670164976402818 ], [ 78.146164698640945, 10.670164961395511 ], [ 78.146473170228035, 10.670164910194101 ], [ 78.146364684284435, 10.669546196215654 ], [ 78.146157702561524, 10.668365864101501 ], [ 78.146025361855521, 10.667592316561846 ], [ 78.145939437100296, 10.667090070267198 ], [ 78.145906367419741, 10.666896769710608 ], [ 78.147359436409261, 10.663321122923401 ], [ 78.147359448087357, 10.663321094673726 ], [ 78.148007170238145, 10.661714022298787 ], [ 78.14850180059986, 10.660486771949843 ], [ 78.148501808684699, 10.660486738403032 ], [ 78.148501828447635, 10.660220063181747 ], [ 78.147803099955041, 10.65854783935365 ], [ 78.147130599573785, 10.656938359925782 ], [ 78.145905752073759, 10.654248794430389 ], [ 78.145475977380599, 10.649719450748064 ], [ 78.145535373088862, 10.649588371619036 ], [ 78.145535400038341, 10.649588368970486 ], [ 78.149931581663964, 10.649244571367603 ], [ 78.149931615799915, 10.649244569601924 ], [ 78.150319049300521, 10.649268038229662 ], [ 78.152988767764768, 10.64942974332029 ], [ 78.155360573439722, 10.650062430304255 ], [ 78.157613510443042, 10.649772938616024 ], [ 78.157613544579036, 10.649772933318989 ], [ 78.158974149078048, 10.649531050415826 ], [ 78.161607448942334, 10.649062880356409 ], [ 78.162100806391337, 10.64899095063123 ], [ 78.163065255646686, 10.648850333818304 ], [ 78.163065237680357, 10.648850299387375 ], [ 78.162428071632476, 10.647469464563475 ], [ 78.161465470211681, 10.645383338180288 ], [ 78.16146545224538, 10.64538329756898 ], [ 78.161328695421474, 10.645041086128348 ], [ 78.160862160768559, 10.643873614975002 ], [ 78.160590971960701, 10.642031828584177 ], [ 78.160436849804029, 10.640985087762624 ], [ 78.160340074298475, 10.640483073927516 ], [ 78.160176305133959, 10.639633530408227 ], [ 78.160518854311391, 10.637463733084807 ], [ 78.160719784982561, 10.636139299903851 ], [ 78.160528882204886, 10.634852373883566 ], [ 78.160262476925908, 10.63305643979098 ], [ 78.160376623154121, 10.631813337340462 ], [ 78.160494171302318, 10.630559000252838 ], [ 78.160746443386927, 10.627867015100652 ], [ 78.16137221161047, 10.62532197943456 ], [ 78.161632564939367, 10.623330904085874 ], [ 78.161687261560388, 10.622912607040172 ], [ 78.161728344213273, 10.622698677289051 ], [ 78.16208921632753, 10.620819594588077 ], [ 78.16232834785616, 10.620256036693075 ], [ 78.162628217176092, 10.619549340807348 ], [ 78.164004240358651, 10.616661364819855 ], [ 78.165081476691171, 10.614400436285548 ], [ 78.16535064069636, 10.613828513886149 ], [ 78.16539210243829, 10.613740416176515 ], [ 78.160566726431185, 10.6115937015608 ], [ 78.160566686905312, 10.611593685667684 ], [ 78.154969182860327, 10.609053707165009 ], [ 78.152612200285844, 10.608233462086899 ], [ 78.1478913477536, 10.606590485079019 ], [ 78.144861945646241, 10.605528357133052 ], [ 78.143705878554272, 10.604800618657718 ], [ 78.143705835435142, 10.604800585987736 ], [ 78.142705202938458, 10.603982466305508 ], [ 78.142705165209236, 10.603982432752501 ], [ 78.142533548362422, 10.603789792409879 ], [ 78.137820666581689, 10.598499385709857 ], [ 78.136166618411949, 10.596777163275803 ], [ 78.135927024250961, 10.59611442702368 ], [ 78.135764607050945, 10.595665166624194 ], [ 78.135622922967713, 10.593305466306534 ], [ 78.135706816632108, 10.591475714349828 ], [ 78.135883233177495, 10.58762793342491 ], [ 78.13586974407518, 10.586738237631167 ], [ 78.135855887561917, 10.585824299290186 ], [ 78.134910067568967, 10.583414918788247 ], [ 78.134867475746375, 10.583300169427854 ], [ 78.134398330589264, 10.582036247624298 ], [ 78.134398344063982, 10.58203620612152 ], [ 78.13446541677466, 10.581716843922916 ], [ 78.134910081941982, 10.579599742020591 ], [ 78.135111062020528, 10.578505788180438 ], [ 78.134867383219913, 10.578158618633696 ], [ 78.13271241019325, 10.575088418406544 ], [ 78.132712446125851, 10.575088386616493 ], [ 78.137765354614672, 10.570373592787281 ], [ 78.138101208648266, 10.569307774364672 ], [ 78.138624285061809, 10.567647797829395 ], [ 78.138959471647127, 10.565882390644434 ], [ 78.139021659319326, 10.565554868710478 ], [ 78.139021662014244, 10.565554839568673 ], [ 78.139167798148037, 10.562630184019957 ], [ 78.143992150075761, 10.561621980197923 ], [ 78.145702948415234, 10.561373782340336 ], [ 78.148729723848689, 10.56093462139677 ], [ 78.150666436804045, 10.562740009915684 ], [ 78.152140775204543, 10.564114356719816 ], [ 78.152206490560815, 10.564175615726468 ], [ 78.152206489662504, 10.564175546845513 ], [ 78.152206529188376, 10.56417558570142 ], [ 78.152456052428221, 10.564436551635163 ], [ 78.152526350989106, 10.564510073138267 ], [ 78.154911119353613, 10.564134723404697 ], [ 78.158536532990766, 10.562732213086418 ], [ 78.158602402857269, 10.5627067314327 ], [ 78.159223704657251, 10.562466369260537 ], [ 78.160335322210628, 10.561726150223956 ], [ 78.160452564033278, 10.561648080108993 ], [ 78.160964293826467, 10.562493376920349 ], [ 78.160964322572568, 10.562493341596587 ], [ 78.164075140790771, 10.558677886287734 ], [ 78.169212131590172, 10.554823888600051 ], [ 78.1700410241708, 10.554202003960864 ], [ 78.175738024718342, 10.555480517219902 ], [ 78.179575148810045, 10.559349598021262 ], [ 78.179991890745072, 10.559769798388416 ], [ 78.179991917694565, 10.559769828413883 ], [ 78.180530264569569, 10.559785229706396 ], [ 78.180932990091236, 10.559796752416021 ], [ 78.184234075079885, 10.558368393225628 ], [ 78.184674301671365, 10.558177903738198 ], [ 78.188754205350094, 10.559131030867643 ], [ 78.189982920097378, 10.558470824636812 ], [ 78.189982967708104, 10.558470791961918 ], [ 78.190144433592224, 10.558337157776002 ], [ 78.191070100780095, 10.557571041368309 ], [ 78.191094074120116, 10.557489863423271 ], [ 78.191211590827265, 10.557091871023527 ], [ 78.191161160305512, 10.556708673741404 ], [ 78.19112473362074, 10.556431882957336 ], [ 78.190566952592846, 10.554926574646354 ], [ 78.190466525435639, 10.55465553311169 ], [ 78.190466515554178, 10.554655502202626 ], [ 78.190464829416399, 10.55464623301328 ], [ 78.190352178883145, 10.554027191655289 ], [ 78.190383225557667, 10.553800584336855 ], [ 78.190438900444036, 10.553394310561551 ], [ 78.194307906643488, 10.551354927216142 ], [ 78.194307911135084, 10.551354898072987 ], [ 78.19438834359066, 10.551037110379072 ], [ 78.194736958192877, 10.549659697170672 ], [ 78.194736992328842, 10.549659667144224 ], [ 78.195362695873683, 10.548967909211749 ], [ 78.196162089577044, 10.548547327583785 ], [ 78.197445757863548, 10.548361776682816 ], [ 78.197445795592785, 10.548361771383986 ], [ 78.198359409186182, 10.548253060167308 ], [ 78.199875774368948, 10.546874071339509 ], [ 78.200017367722353, 10.54668869782366 ], [ 78.200061813667631, 10.546704888414569 ], [ 78.204321078569265, 10.548256325999507 ], [ 78.20705777182782, 10.549345107311366 ], [ 78.208748251173873, 10.550117690173252 ], [ 78.210607557199481, 10.550049433096076 ], [ 78.212096877702294, 10.550184673763036 ], [ 78.21402024259082, 10.550505132034333 ], [ 78.217958030994964, 10.549984251944705 ], [ 78.222754787575454, 10.549915116123579 ], [ 78.2260760460304, 10.550117570950782 ], [ 78.229081991329082, 10.549999139745839 ], [ 78.230744883412754, 10.550025750209368 ], [ 78.232777984699766, 10.550590161378288 ], [ 78.235761461336537, 10.551588206580906 ], [ 78.243108397566431, 10.55432507697831 ], [ 78.245577017374501, 10.558907866118506 ], [ 78.247584019009238, 10.562767542991818 ], [ 78.248662866919375, 10.56455721678935 ], [ 78.24868625186285, 10.565999206751712 ], [ 78.248709308022953, 10.56656876521976 ], [ 78.248889141759648, 10.567187629426174 ], [ 78.249364001998629, 10.567825203053484 ], [ 78.250153771152043, 10.569231371654981 ], [ 78.25101257583502, 10.569466790384967 ], [ 78.252871925878068, 10.569680018189565 ], [ 78.254927727592303, 10.56989783429106 ], [ 78.256599776203686, 10.570092881993968 ], [ 78.256878296162569, 10.570504347342142 ], [ 78.257759394335949, 10.572122990655417 ], [ 78.258256987341497, 10.57309958784446 ], [ 78.259142693872292, 10.574654943663282 ], [ 78.259781882926177, 10.575740081558662 ], [ 78.260941770553075, 10.577191570968166 ], [ 78.261832306426825, 10.578145711992493 ], [ 78.262476269128115, 10.578747167429128 ], [ 78.262489969334524, 10.578765254881962 ], [ 78.262597717761267, 10.5788514278973 ], [ 78.262608720326881, 10.578860226575298 ], [ 78.262654368218065, 10.578964213260686 ], [ 78.262649770640422, 10.57903653740612 ], [ 78.262498821333338, 10.579497557845334 ], [ 78.262496106624553, 10.579506680582275 ], [ 78.262458615436145, 10.579632622185525 ], [ 78.262456992180432, 10.579638074985478 ], [ 78.262338703820461, 10.58003542091873 ], [ 78.262096049997609, 10.581332675119514 ], [ 78.2617388888238, 10.583357663764506 ], [ 78.261418351065785, 10.585188289816337 ], [ 78.261120876654388, 10.58644935793598 ], [ 78.260681471123064, 10.588451711913933 ], [ 78.260648472409414, 10.591019268262281 ], [ 78.260432960284547, 10.592962942236689 ], [ 78.260153609384034, 10.594581125295292 ], [ 78.260098304603545, 10.595779000983953 ], [ 78.259467152776494, 10.597342800610816 ], [ 78.259083169704965, 10.597794687217089 ], [ 78.257158875060114, 10.599556867928236 ], [ 78.256194422211493, 10.600469595348514 ], [ 78.255869958815737, 10.600609596039808 ], [ 78.255791953608011, 10.601409668643583 ], [ 78.255910412647921, 10.602232422898075 ], [ 78.256197578891431, 10.603909594422948 ], [ 78.256389070963905, 10.604917711318031 ], [ 78.256548903710822, 10.605134752739126 ], [ 78.257064583396314, 10.606694484426921 ], [ 78.257689994988681, 10.608096044899691 ], [ 78.258100897874371, 10.608905353119058 ], [ 78.258543778089219, 10.609737274394968 ], [ 78.259406848871492, 10.611025917615084 ], [ 78.259630650649783, 10.611256541589272 ], [ 78.259661316438638, 10.611288320845176 ], [ 78.260119360215498, 10.611763014698743 ], [ 78.260968875420119, 10.612699058833213 ], [ 78.261868628008699, 10.613711966765885 ], [ 78.262540054004887, 10.614381236661419 ], [ 78.262964868201067, 10.614720426606121 ], [ 78.263110947740969, 10.615077591115005 ], [ 78.263174764058775, 10.615475406704316 ], [ 78.263261279007139, 10.616252941379827 ], [ 78.26338886493032, 10.617170622586384 ], [ 78.263393982632493, 10.617193525952789 ], [ 78.263412436723357, 10.617276114912721 ], [ 78.265405078788291, 10.62619401784958 ], [ 78.265496256891339, 10.626750055651984 ], [ 78.265497489379882, 10.6267560267628 ], [ 78.265497512736076, 10.626756142423824 ], [ 78.265502699608547, 10.626781286776348 ], [ 78.265788167137828, 10.628165037014783 ], [ 78.266303327597072, 10.631320438434759 ], [ 78.266494471123238, 10.632923790782513 ], [ 78.266494642701446, 10.632925235191752 ], [ 78.26656786707521, 10.633525081167191 ], [ 78.266642256563884, 10.634126252943183 ], [ 78.266718274698164, 10.634727224885536 ], [ 78.266795919681456, 10.635327991698089 ], [ 78.267260097155045, 10.638878824575942 ], [ 78.268559017936767, 10.648123423396324 ], [ 78.270145131013123, 10.659524319384774 ], [ 78.270546518943291, 10.661630945702102 ], [ 78.271016124037857, 10.664668787978004 ], [ 78.271022714078782, 10.664808601201756 ], [ 78.271143103598234, 10.667362959612772 ], [ 78.271448473302641, 10.669645843161591 ], [ 78.271640060596553, 10.670631346679517 ], [ 78.271977377985735, 10.673049851078895 ], [ 78.272529731392694, 10.674826541574607 ], [ 78.272913153017186, 10.676155657294865 ], [ 78.27233250717039, 10.676783781323664 ], [ 78.272062679310153, 10.677289964614223 ], [ 78.272907525071943, 10.679102919577435 ], [ 78.272948069633969, 10.679215960104141 ], [ 78.272949684804857, 10.679220460396923 ], [ 78.272948306789203, 10.679220302383493 ], [ 78.272946261325316, 10.679220065804753 ], [ 78.272976113240517, 10.679303289430326 ], [ 78.273896545945249, 10.681869256021772 ], [ 78.274101465136297, 10.684129475668607 ], [ 78.273936037681779, 10.686850647133882 ], [ 78.274472453178973, 10.688326373230668 ], [ 78.274478826725897, 10.688378561109889 ], [ 78.275438375671342, 10.690883240387445 ], [ 78.276708904300207, 10.695269488286163 ], [ 78.276751048761724, 10.695269500644105 ], [ 78.276768158972942, 10.695341955226263 ], [ 78.277028494335539, 10.696444369305127 ], [ 78.276986846642345, 10.697927025624692 ], [ 78.276977277787964, 10.699165595412536 ], [ 78.277026815384303, 10.701299212349191 ], [ 78.277046957409581, 10.701357651870717 ], [ 78.277551911210594, 10.70282274339468 ], [ 78.277789217362567, 10.703889623402437 ], [ 78.278135985926852, 10.705643628594707 ], [ 78.278167544641093, 10.706918374226095 ], [ 78.278354723901899, 10.707560325226732 ], [ 78.278811510935668, 10.708392218805544 ], [ 78.279304632127747, 10.70991573537867 ], [ 78.27958313232368, 10.71084701670782 ], [ 78.279614980295435, 10.711285500283211 ], [ 78.279582654419954, 10.712261881349811 ], [ 78.279755678028494, 10.714237323560619 ], [ 78.279828701179667, 10.714562812869277 ], [ 78.279843782096634, 10.714640837678598 ], [ 78.280157227655451, 10.716262566051736 ], [ 78.280189098983442, 10.716633244745656 ], [ 78.280106553690288, 10.717437837017822 ], [ 78.280156358984598, 10.718848196755722 ], [ 78.280334229902408, 10.720019022428261 ], [ 78.28042550143023, 10.720457523613096 ], [ 78.280836057566219, 10.722921238872397 ], [ 78.281095915923402, 10.724978075012489 ], [ 78.281177891684649, 10.725882167654616 ], [ 78.281360418570586, 10.726822456405282 ], [ 78.281392059929857, 10.72789378496168 ], [ 78.281464937553906, 10.728671305809563 ], [ 78.281907710869234, 10.730533825202929 ], [ 78.282021821164832, 10.731035617805372 ], [ 78.282912521430291, 10.733038411017569 ], [ 78.283095207318041, 10.733517624362369 ], [ 78.283168096620201, 10.734277062239279 ], [ 78.283190689249608, 10.735081687896761 ], [ 78.283656343553517, 10.736926131216292 ], [ 78.283775038850337, 10.737400802781675 ], [ 78.283756490436346, 10.738214456023407 ], [ 78.28325742329541, 10.740695957034953 ], [ 78.283229356332697, 10.742653249665858 ], [ 78.283338430672799, 10.744597024586531 ], [ 78.283452296626663, 10.745871792289773 ], [ 78.284508231208818, 10.745967053399427 ], [ 78.284871097583007, 10.746123600441264 ], [ 78.285903472050222, 10.746568977734629 ], [ 78.285934274382996, 10.746582265561292 ], [ 78.285984566564196, 10.746555157723487 ], [ 78.285820482989337, 10.745040798746702 ], [ 78.285729259970566, 10.744407925052588 ], [ 78.285770733390592, 10.743363741984105 ], [ 78.285885431184397, 10.742052883209988 ], [ 78.286100799578819, 10.740412070583615 ], [ 78.2861929272011, 10.738188097631532 ], [ 78.286284608360674, 10.737374467266081 ], [ 78.286865377276683, 10.736633312949571 ], [ 78.287372873309934, 10.736317045743561 ], [ 78.287985744420936, 10.735227833039318 ], [ 78.288634844587364, 10.735218988570951 ], [ 78.289288740859078, 10.734482372569838 ], [ 78.29008406788914, 10.734631780956384 ], [ 78.292346576441844, 10.735274331585339 ], [ 78.292283237129467, 10.733059351579051 ], [ 78.29224250212458, 10.731698719562932 ], [ 78.292631448388093, 10.730324653429733 ], [ 78.292764401745103, 10.728991194426888 ], [ 78.292216388099291, 10.727277830420121 ], [ 78.292065593302425, 10.727115052929427 ], [ 78.290630392702226, 10.726811771432589 ], [ 78.290498187641873, 10.725640965866869 ], [ 78.290261231832872, 10.723217997232558 ], [ 78.291038808152905, 10.721495979844908 ], [ 78.289873373429145, 10.721011960040071 ], [ 78.289759537119721, 10.719578980402908 ], [ 78.289672921560026, 10.718819538277934 ], [ 78.2896868077177, 10.718249979927084 ], [ 78.289714591711117, 10.71707470240483 ], [ 78.289641861410743, 10.715754743395166 ], [ 78.289573448413663, 10.715262004403682 ], [ 78.289418805234135, 10.714197672947128 ], [ 78.289409243566254, 10.714131871911974 ], [ 78.290347670424438, 10.709458727021675 ], [ 78.291114212737824, 10.705641350398489 ], [ 78.291944283009826, 10.704598012409045 ], [ 78.292497903939662, 10.701955335370755 ], [ 78.292530171424659, 10.701801309387406 ], [ 78.293526592619259, 10.701711188403699 ], [ 78.294838441954539, 10.701422258749721 ], [ 78.295784561086492, 10.701413483026219 ], [ 78.297996524133083, 10.702178026602192 ], [ 78.300217653588831, 10.702892834982693 ], [ 78.302356650976478, 10.703114889990793 ], [ 78.304276387569587, 10.702844157401778 ], [ 78.306520646847261, 10.70252828828599 ], [ 78.308796930166494, 10.702067760978242 ], [ 78.310935964385067, 10.702136064411137 ], [ 78.311653536837412, 10.70219951303538 ], [ 78.314336495570601, 10.702182029600174 ], [ 78.316219694087835, 10.701712320896387 ], [ 78.316365966765545, 10.701653588389682 ], [ 78.316699439365323, 10.702498961834111 ], [ 78.317343562865062, 10.704063135345876 ], [ 78.318504102668797, 10.7059935605654 ], [ 78.318988439235738, 10.706739515780669 ], [ 78.319966331779298, 10.707883359934833 ], [ 78.320500859017756, 10.709085877005858 ], [ 78.322681141179217, 10.708855766710336 ], [ 78.324477479794993, 10.708616529422047 ], [ 78.326004145060793, 10.708372710878699 ], [ 78.326388346422959, 10.706957913692598 ], [ 78.326539317289587, 10.706203044849657 ], [ 78.327430619426295, 10.706103755912336 ], [ 78.327942540560628, 10.706063162416347 ], [ 78.327828066447339, 10.707229391115435 ], [ 78.327754772004994, 10.708133446728795 ], [ 78.328892883571044, 10.708102002405298 ], [ 78.329029974568257, 10.708282838997079 ], [ 78.328956687312413, 10.709168814398621 ], [ 78.33000793358714, 10.709286520987169 ], [ 78.330835223573317, 10.709349944282389 ], [ 78.331365429016927, 10.709415069349511 ], [ 78.331424836403315, 10.709422366371376 ], [ 78.332265824799265, 10.70957619517718 ], [ 78.33439120642214, 10.709635295103736 ], [ 78.334313556947308, 10.709305298005273 ], [ 78.334423354431195, 10.708667947651501 ], [ 78.334542284188331, 10.708093881818186 ], [ 78.334661219335302, 10.707474614030961 ], [ 78.334551615887477, 10.706886952726055 ], [ 78.336000505015974, 10.707018263115925 ], [ 78.336923770108811, 10.707117846567192 ], [ 78.337481405609623, 10.707045602227829 ], [ 78.341833004746007, 10.705265782324865 ], [ 78.341878654433813, 10.705247110978146 ], [ 78.342097792159166, 10.707159244921726 ], [ 78.343947962318339, 10.714749130410446 ], [ 78.344281492410303, 10.715865695152724 ], [ 78.345081120573923, 10.718008433120412 ], [ 78.344980385294605, 10.719445888996891 ], [ 78.34499384475248, 10.721507164575867 ], [ 78.345624627371961, 10.721525320344863 ], [ 78.347452964876453, 10.721765109670985 ], [ 78.349793215430466, 10.722316846381723 ], [ 78.351246777595065, 10.722208508695203 ], [ 78.352915171859877, 10.722140867349292 ], [ 78.356325061694037, 10.722331026732054 ], [ 78.358171731118532, 10.722141322787204 ], [ 78.35841853875128, 10.722408041574646 ], [ 78.358459614217665, 10.723203625393422 ], [ 78.359026411636052, 10.723190107055396 ], [ 78.35908578308981, 10.723850081216254 ], [ 78.359053655741988, 10.725545204081511 ], [ 78.36256873200773, 10.725563531719388 ], [ 78.364904494578568, 10.725645039164435 ], [ 78.370321098586572, 10.725600096081822 ], [ 78.373868166554502, 10.725839793916323 ], [ 78.377822059955037, 10.725970968106267 ], [ 78.377127305609264, 10.724027211964188 ], [ 78.376811922384377, 10.723412440214034 ], [ 78.375468107398007, 10.721617838843322 ], [ 78.375001890748706, 10.720966899761411 ], [ 78.374325464729665, 10.718476175627188 ], [ 78.377237124652737, 10.717418480605973 ], [ 78.377958963204335, 10.717256934398096 ], [ 78.377959321632147, 10.717260279625703 ], [ 78.378105588919979, 10.717224119390043 ], [ 78.378105428121529, 10.717223418569196 ], [ 78.379390000113204, 10.716934832936008 ], [ 78.381451450433914, 10.716785676188957 ], [ 78.384395072414819, 10.716690746585847 ], [ 78.388399014553116, 10.710845896606573 ], [ 78.387919041103558, 10.708224108646293 ], [ 78.390364376579484, 10.70846815503846 ], [ 78.394692606043748, 10.702433360394043 ], [ 78.397960374315119, 10.697872190398172 ], [ 78.399187346330791, 10.696370221954901 ], [ 78.399249184558315, 10.696294523670591 ], [ 78.398933672874335, 10.693586853255995 ], [ 78.398389778902413, 10.693487433959403 ], [ 78.397955486581694, 10.691593431393082 ], [ 78.39690883518962, 10.691254454152402 ], [ 78.396844788004842, 10.689939036432525 ], [ 78.398238770306534, 10.689920887598424 ], [ 78.398407911396419, 10.690585370789098 ], [ 78.399765324181217, 10.690404484803608 ], [ 78.399701255436824, 10.688912773772017 ], [ 78.399742326411626, 10.687796246583897 ], [ 78.40008950281107, 10.684758553342885 ], [ 78.400345291800008, 10.682145777848927 ], [ 78.400541770420645, 10.681381827327817 ], [ 78.400541826116196, 10.681381751411298 ], [ 78.401099304411829, 10.680631417190698 ], [ 78.401739091743707, 10.679786072872096 ], [ 78.401990425088826, 10.67927073779061 ], [ 78.402483946031211, 10.678208425142389 ], [ 78.402881534087769, 10.677837730382558 ], [ 78.403836628287721, 10.676531285228132 ], [ 78.404983678090858, 10.67544180201415 ], [ 78.406701986346107, 10.674234740412848 ], [ 78.407373778854932, 10.673895661700717 ], [ 78.408648840382682, 10.673619817397586 ], [ 78.412222693417434, 10.673212667306009 ], [ 78.413150433018686, 10.673131211092141 ], [ 78.414091872826333, 10.67294578431256 ], [ 78.415001310151979, 10.672665429047235 ], [ 78.416623670250061, 10.672177058674954 ], [ 78.417720488957471, 10.671978042718751 ], [ 78.418785317759273, 10.671810668047399 ], [ 78.421321682217879, 10.671182035854764 ], [ 78.422295118219324, 10.6711321896853 ], [ 78.423241152011357, 10.6712089147351 ], [ 78.423463112243311, 10.671272398071661 ], [ 78.423967835177265, 10.671416754572844 ], [ 78.424548269920024, 10.671597492964732 ], [ 78.424996176208893, 10.671814409260756 ], [ 78.425732032970501, 10.672234701358057 ], [ 78.42645876464546, 10.672754440177085 ], [ 78.42585581991834, 10.675014699376229 ], [ 78.425855905258288, 10.675615905784658 ], [ 78.426075320563072, 10.675936819666582 ], [ 78.4265460701113, 10.676045242740665 ], [ 78.427272745192411, 10.676103904284501 ], [ 78.42850212289639, 10.675999758232077 ], [ 78.42918310157728, 10.676103625330594 ], [ 78.429429942447669, 10.676415492125274 ], [ 78.429571693904563, 10.676890108415519 ], [ 78.429928454429785, 10.67871175475153 ], [ 78.430294273566318, 10.679986437860657 ], [ 78.430792636428052, 10.68125657828358 ], [ 78.431674977869775, 10.6829515712451 ], [ 78.432566437211648, 10.684452185763787 ], [ 78.433041923576369, 10.685482748314335 ], [ 78.433618069761948, 10.687146142312999 ], [ 78.433869498328491, 10.687485126789888 ], [ 78.434150736589459, 10.687676032640091 ], [ 78.434175750178525, 10.687693011988651 ], [ 78.436849481417141, 10.687936658253134 ], [ 78.437123735276771, 10.688108383847579 ], [ 78.43767689986241, 10.6889083866121 ], [ 78.438188976405286, 10.689952496228612 ], [ 78.443120429972737, 10.689698439828334 ], [ 78.444171690620507, 10.689996577762839 ], [ 78.444848134605849, 10.69009137095906 ], [ 78.446580310154147, 10.689987052275084 ], [ 78.449258571596715, 10.689918687846642 ], [ 78.44928152355223, 10.690411237642236 ], [ 78.450910006567298, 10.690352948723142 ], [ 78.451178256985855, 10.690343347332275 ], [ 78.451178297410024, 10.690341749601481 ], [ 78.451214494126091, 10.688914748435357 ], [ 78.451067887275101, 10.687337179903599 ], [ 78.453108249644558, 10.687561433708805 ], [ 78.453161182872648, 10.687567251797207 ], [ 78.454738086420718, 10.688046048930728 ], [ 78.454961801960735, 10.687060562171958 ], [ 78.455537625651118, 10.686866052613341 ], [ 78.45611804063094, 10.686761949090901 ], [ 78.456538529439001, 10.686816094261324 ], [ 78.45758986644357, 10.687412528211947 ], [ 78.458664068267083, 10.688045117649635 ], [ 78.459221709157788, 10.688248396378347 ], [ 78.46006729243642, 10.688474204880029 ], [ 78.460921990021916, 10.688591521390286 ], [ 78.461977758415784, 10.688591253923283 ], [ 78.463769308112774, 10.688391898275734 ], [ 78.465857913606243, 10.688120128579182 ], [ 78.467059951084536, 10.688187610682176 ], [ 78.467466753160949, 10.688314070621617 ], [ 78.467868999880551, 10.688494774245118 ], [ 78.468145432154728, 10.68891620935076 ], [ 78.46828538518443, 10.690198828575998 ], [ 78.470812814999221, 10.690112238575551 ], [ 78.470891835303206, 10.694686801237577 ], [ 78.470691003446703, 10.69562708884613 ], [ 78.468346520929401, 10.696323872790181 ], [ 78.468986669384023, 10.697291050433009 ], [ 78.46762943716061, 10.698087002102552 ], [ 78.467423855911193, 10.698421562619156 ], [ 78.467524496867412, 10.698742479759584 ], [ 78.467540036823493, 10.698760447112521 ], [ 78.467554842856018, 10.698777566190074 ], [ 78.470002566952317, 10.701607690205062 ], [ 78.470066726426509, 10.702199836099826 ], [ 78.470240583671654, 10.702810033571696 ], [ 78.470455616096174, 10.703546787561683 ], [ 78.470615618624677, 10.703650711435353 ], [ 78.471442908610854, 10.70366403557213 ], [ 78.471673516025774, 10.703682663764791 ], [ 78.471721725013808, 10.703686558172631 ], [ 78.474016255811406, 10.703911912074718 ], [ 78.474720136142167, 10.703911704643813 ], [ 78.475218299577918, 10.703794027744218 ], [ 78.476392765065242, 10.703169870795218 ], [ 78.478015106298699, 10.70241900257427 ], [ 78.478810293191557, 10.702097814808358 ], [ 78.479623828174113, 10.701984554187026 ], [ 78.480309410720835, 10.701952697891828 ], [ 78.480793925154188, 10.702042952972707 ], [ 78.481497875553515, 10.702273267046154 ], [ 78.482325248184722, 10.702548744596674 ], [ 78.483042896993837, 10.702733848768382 ], [ 78.483993608313511, 10.702792305667137 ], [ 78.4851636513947, 10.702678913784682 ], [ 78.485135618567924, 10.70086626911524 ], [ 78.486396904430791, 10.700273688095328 ], [ 78.489723604879742, 10.698306218332906 ], [ 78.490395478236962, 10.698305986182554 ], [ 78.490638290163318, 10.698279031140173 ], [ 78.490724477226593, 10.698269464425444 ], [ 78.490724516752465, 10.698269460011966 ], [ 78.491049042132033, 10.698233434328564 ], [ 78.491629385246583, 10.697898727958567 ], [ 78.49885479199493, 10.69684358274065 ], [ 78.507310081300474, 10.696683658569313 ], [ 78.507739742805896, 10.696606984090435 ], [ 78.508759149193693, 10.696173438330385 ], [ 78.509897348794652, 10.695830342193723 ], [ 78.511318932731783, 10.695455709997526 ], [ 78.513499290351717, 10.694891506391974 ], [ 78.513994843283271, 10.696153850173616 ], [ 78.514535776407996, 10.697531777835605 ], [ 78.515065937834194, 10.697590742408822 ], [ 78.51532627858667, 10.698060955340777 ], [ 78.515732726726867, 10.698929011814206 ], [ 78.516262610573619, 10.699720269416233 ], [ 78.516363061985317, 10.699987006181301 ], [ 78.516385750734443, 10.700420968417912 ], [ 78.516590215377974, 10.703607880002837 ], [ 78.516835777047405, 10.706912335839869 ], [ 78.51690899243799, 10.70727145057822 ], [ 78.516927020727451, 10.707359884000146 ], [ 78.517507504877514, 10.707346537076297 ], [ 78.518156622111917, 10.707138841000058 ], [ 78.518810266855354, 10.707044152874518 ], [ 78.519439979581321, 10.709856030879648 ], [ 78.520011309898663, 10.70988787928272 ], [ 78.520312714439427, 10.710606720911114 ], [ 78.52428022540137, 10.710323343763344 ], [ 78.527557466407401, 10.710270221386434 ], [ 78.528229275085891, 10.71053262557162 ], [ 78.52947230179231, 10.711174926392903 ], [ 78.530349710584815, 10.711699574972045 ], [ 78.531181344823722, 10.712436661294348 ], [ 78.533255795563235, 10.714530244712291 ], [ 78.533927170355454, 10.71617585992518 ], [ 78.537752792418246, 10.716705926356646 ], [ 78.538200683435761, 10.716873314216025 ], [ 78.53966296644515, 10.718139447416251 ], [ 78.540010293761526, 10.718329405422777 ], [ 78.541861178979701, 10.719387708047616 ], [ 78.543552359011656, 10.719541886612021 ], [ 78.543995126038794, 10.72163492838496 ], [ 78.544515616202617, 10.723367300856326 ], [ 78.544524841900611, 10.723398008365464 ], [ 78.545969266402125, 10.723371291217456 ], [ 78.548757617281083, 10.723091793697005 ], [ 78.549996396752832, 10.722884188740004 ], [ 78.551751878192846, 10.722630277336009 ], [ 78.551774557958851, 10.722626996599733 ], [ 78.552679301587119, 10.723770874295683 ], [ 78.55325041541046, 10.72475193271681 ], [ 78.55343312016285, 10.725262777380271 ], [ 78.553592849603518, 10.726243730344358 ], [ 78.553734427685569, 10.726713880260096 ], [ 78.554099912648795, 10.727468868307186 ], [ 78.554406068379109, 10.727862214711575 ], [ 78.557842654346871, 10.7311674216869 ], [ 78.558048319139587, 10.731303080728896 ], [ 78.559186477418052, 10.731452523343286 ], [ 78.559410431909967, 10.73156558318092 ], [ 78.559716637945925, 10.731791671838236 ], [ 78.560936909427866, 10.732659859325164 ], [ 78.562440523923456, 10.733830967804787 ], [ 78.563985495058105, 10.734093491009116 ], [ 78.565388742583636, 10.734455423395911 ], [ 78.565370400782172, 10.734717599198074 ], [ 78.565187425636921, 10.735305202930231 ], [ 78.564739251650082, 10.736227252768691 ], [ 78.564309386227052, 10.737022737564015 ], [ 78.564291067781809, 10.737171904630744 ], [ 78.565428808343654, 10.73932383024286 ], [ 78.565634465949842, 10.739531808716428 ], [ 78.566425116350516, 10.740286873304699 ], [ 78.566479935142425, 10.740449617224549 ], [ 78.566477086584655, 10.74051047627562 ], [ 78.566447787133356, 10.741136699983326 ], [ 78.566506978924039, 10.742212551294054 ], [ 78.566689558810609, 10.743455681011467 ], [ 78.56689517868756, 10.743853513000888 ], [ 78.567987326155489, 10.745643791947204 ], [ 78.568917430122568, 10.747457149751533 ], [ 78.568919484569633, 10.747461156563203 ], [ 78.567013128382683, 10.748039362759435 ], [ 78.566799337429899, 10.751451019680488 ], [ 78.567216847424518, 10.757293403273483 ], [ 78.567216801610428, 10.757501337594388 ], [ 78.564542852081203, 10.755936730948529 ], [ 78.564483422236961, 10.755945758376841 ], [ 78.564414850238052, 10.755945743373783 ], [ 78.564300532431631, 10.756085848073285 ], [ 78.563811038636658, 10.757636211711137 ], [ 78.562241429408729, 10.764547435930814 ], [ 78.563800124105967, 10.765456369770588 ], [ 78.564376090628485, 10.765687034420139 ], [ 78.564759594898021, 10.766387467561021 ], [ 78.564711695828748, 10.767191636071425 ], [ 78.564796980085177, 10.76816912137193 ], [ 78.565406187866472, 10.76885583388778 ], [ 78.568147437380162, 10.770812557260657 ], [ 78.570340469330446, 10.773137777824804 ], [ 78.571679660688019, 10.774697553610771 ], [ 78.571686069269248, 10.774787798434756 ], [ 78.57170245543837, 10.775018500944677 ], [ 78.57131833402623, 10.775493059615306 ], [ 78.569493805378528, 10.777468073169517 ], [ 78.568876447182689, 10.778286125954718 ], [ 78.567874923557241, 10.77972337861266 ], [ 78.566434767849927, 10.779917448966991 ], [ 78.566384158563451, 10.781377500969731 ], [ 78.565259485794044, 10.781413421433298 ], [ 78.565140378170526, 10.782493751307245 ], [ 78.560655528334763, 10.782009070427883 ], [ 78.560491470811087, 10.77978955540063 ], [ 78.557469258819253, 10.780837551598808 ], [ 78.558075847113145, 10.786781914824964 ], [ 78.558075701586077, 10.787374076372448 ], [ 78.557335033447814, 10.787450742812652 ], [ 78.557343726444799, 10.789267911741028 ], [ 78.555268458238373, 10.789244803410456 ], [ 78.555172458877209, 10.789243733016558 ], [ 78.553192424667301, 10.789221672134854 ], [ 78.553137274397073, 10.79031557488792 ], [ 78.550755295301485, 10.790292352804148 ], [ 78.550202075918634, 10.790341929603557 ], [ 78.550156059718176, 10.791435833574939 ], [ 78.546621943659986, 10.7913896701911 ], [ 78.547503499075859, 10.794355238901268 ], [ 78.54500256866362, 10.794503712245232 ], [ 78.544956385376537, 10.79609937007387 ], [ 78.546794319583256, 10.796181249360592 ], [ 78.546876257615253, 10.797451480230398 ], [ 78.546874893972657, 10.802265611210961 ], [ 78.547094205072867, 10.802799068251792 ], [ 78.547400440753222, 10.803147217165453 ], [ 78.550760815448911, 10.80369960173055 ], [ 78.551980709638443, 10.806963585764196 ], [ 78.553036605593078, 10.808035172052085 ], [ 78.55380409742574, 10.810494416901964 ], [ 78.554640066934198, 10.813414747842476 ], [ 78.555325563242661, 10.813009427389584 ], [ 78.55580160386792, 10.812727951810029 ], [ 78.557383741000805, 10.812222066114186 ], [ 78.56116522973204, 10.811314379240212 ], [ 78.563245713557009, 10.810867342712408 ], [ 78.564082452921667, 10.810799723913703 ], [ 78.565618713991341, 10.810876905856825 ], [ 78.5667115226193, 10.810696328438203 ], [ 78.568558887339847, 10.80987854034683 ], [ 78.570895509598415, 10.808866464662 ], [ 78.571746006661655, 10.808559252392946 ], [ 78.573323450995503, 10.80841942889931 ], [ 78.57636806427557, 10.808066138295441 ], [ 78.576473778916537, 10.808053870566836 ], [ 78.577470027634604, 10.809625443434799 ], [ 78.577496889058224, 10.809667815096608 ], [ 78.578471273680606, 10.811204883230968 ], [ 78.581259562575823, 10.815870318579528 ], [ 78.58269023117542, 10.818731906886807 ], [ 78.583677422180472, 10.821466852044388 ], [ 78.584669449715037, 10.822646807231246 ], [ 78.585762105629414, 10.823659523749653 ], [ 78.587681844019116, 10.828311204018577 ], [ 78.587814408405634, 10.828573400400723 ], [ 78.585299590937382, 10.828116474967631 ], [ 78.585697257147359, 10.829034157927273 ], [ 78.586684631408744, 10.830964476079783 ], [ 78.58470477237033, 10.830579949905644 ], [ 78.583479342762033, 10.830480311086927 ], [ 78.582487070885691, 10.830647403661601 ], [ 78.581215006137725, 10.830913074310731 ], [ 78.580587683828739, 10.831233883920257 ], [ 78.578878344353271, 10.83229075213678 ], [ 78.577750830212622, 10.833482512285203 ], [ 78.576987572139927, 10.834392773637052 ], [ 78.575959844657646, 10.835090317612378 ], [ 78.57493779542628, 10.835082274561859 ], [ 78.573743963159785, 10.83525191617982 ], [ 78.572930938420313, 10.83572997236276 ], [ 78.572859163927419, 10.83670885625374 ], [ 78.572988626431211, 10.838667549658558 ], [ 78.572994172629805, 10.838751476586461 ], [ 78.573000618041959, 10.83884898898199 ], [ 78.573476976670818, 10.841648228431524 ], [ 78.574372876385127, 10.843483640031955 ], [ 78.57487105599057, 10.844794621130688 ], [ 78.577312446964072, 10.84467842062104 ], [ 78.577614744430235, 10.84466403340919 ], [ 78.577638479716668, 10.844757016940518 ], [ 78.578642896815637, 10.848691801053308 ], [ 78.579109032616572, 10.850341791739025 ], [ 78.578615087669391, 10.850766614181152 ], [ 78.578313166597326, 10.851390362809269 ], [ 78.577919661383746, 10.852701180431842 ], [ 78.576821997361677, 10.853618603599871 ], [ 78.575898128600997, 10.85436880356048 ], [ 78.575202914317757, 10.855060281414735 ], [ 78.574342982249121, 10.856203755060015 ], [ 78.573515170341764, 10.856759595428647 ], [ 78.573281937151265, 10.856827354710454 ], [ 78.573181550418255, 10.855715342351383 ], [ 78.572518389821042, 10.856140120983074 ], [ 78.571895132388704, 10.85648593437406 ], [ 78.571536856405629, 10.855773465169458 ], [ 78.570844426899768, 10.855733178587812 ], [ 78.570065232713901, 10.856318947985182 ], [ 78.569845652119128, 10.857245718794704 ], [ 78.570120236558736, 10.858978698623851 ], [ 78.5701334929974, 10.859062356945731 ], [ 78.57015261543485, 10.859183042410534 ], [ 78.570081483237388, 10.859237048072732 ], [ 78.569934007715531, 10.85934901704638 ], [ 78.569078768445891, 10.859773749928539 ], [ 78.567816345315876, 10.861052731014921 ], [ 78.567285797614133, 10.861409721773857 ], [ 78.566261425339448, 10.861477307967332 ], [ 78.565895517269738, 10.861771048225521 ], [ 78.565300920586537, 10.86223198839742 ], [ 78.564738393758986, 10.862426238246737 ], [ 78.564107260796575, 10.862656633368374 ], [ 78.563846546344891, 10.862882589871658 ], [ 78.56344859267405, 10.863311929076815 ], [ 78.563032372660217, 10.863623736200459 ], [ 78.562437881978198, 10.863591958771643 ], [ 78.561345005078266, 10.863234605383788 ], [ 78.560416676182186, 10.863234389240532 ], [ 78.559922739319859, 10.863428644613224 ], [ 78.559355623897858, 10.863659046019091 ], [ 78.558367828326595, 10.863722093584892 ], [ 78.558166596719786, 10.863789850404808 ], [ 78.558134383133705, 10.864608015239488 ], [ 78.558792664980629, 10.865589077140829 ], [ 78.558861211826724, 10.865787986402413 ], [ 78.558330532072617, 10.866606031955783 ], [ 78.558101188587329, 10.869385955900249 ], [ 78.557071950138734, 10.870502218049401 ], [ 78.554222118561725, 10.873380930101009 ], [ 78.551820377428228, 10.876386302280498 ], [ 78.55118450944596, 10.877077738835974 ], [ 78.550608147664704, 10.877552216157328 ], [ 78.550285207811626, 10.877547634140321 ], [ 78.550283446215374, 10.877547609439421 ], [ 78.550205791350621, 10.877217606990476 ], [ 78.550164837156814, 10.8771984417164 ], [ 78.549780531590073, 10.87701860037023 ], [ 78.549336958774134, 10.876900953277914 ], [ 78.549016792020367, 10.877036475031613 ], [ 78.548591368766409, 10.877429623800481 ], [ 78.54782740012628, 10.878256626773041 ], [ 78.547296797627311, 10.878613583716676 ], [ 78.546363750779363, 10.878947824333752 ], [ 78.544497786440857, 10.879159749049842 ], [ 78.542714176952686, 10.879240599059873 ], [ 78.541840729730552, 10.879064051206013 ], [ 78.538337789704329, 10.878416597320923 ], [ 78.536892162358626, 10.879889762561499 ], [ 78.535364467623538, 10.880540206436887 ], [ 78.534201796117571, 10.880697561020222 ], [ 78.53419821992442, 10.880698045329211 ], [ 78.534105938690232, 10.880724008346638 ], [ 78.53328347175885, 10.880955407355845 ], [ 78.532030196173324, 10.881506474990676 ], [ 78.531115469567297, 10.881682465635439 ], [ 78.530013365172778, 10.881483207050493 ], [ 78.529546836808038, 10.881623180761943 ], [ 78.528888160600701, 10.881957460348193 ], [ 78.528567992948595, 10.882056797944324 ], [ 78.52680717641411, 10.882291252606635 ], [ 78.525741134886658, 10.882164928891877 ], [ 78.525192904746874, 10.881956191799263 ], [ 78.523619690579693, 10.881914956017203 ], [ 78.52153879173305, 10.881995575917868 ], [ 78.520477799635827, 10.881936426959639 ], [ 78.519800480691373, 10.883174737282616 ], [ 78.519631266837919, 10.88317467641372 ], [ 78.519270015634632, 10.883057014989941 ], [ 78.518739602680185, 10.882803682718148 ], [ 78.518401174074981, 10.882803556569346 ], [ 78.518145037438003, 10.882880307079258 ], [ 78.517760800143222, 10.88307905660672 ], [ 78.516955664408599, 10.883666391080522 ], [ 78.516402141395119, 10.884041365753328 ], [ 78.516104878986127, 10.884023172171581 ], [ 78.515510394592368, 10.883882817613681 ], [ 78.514239069157881, 10.883706041384469 ], [ 78.513434110391358, 10.883823256180829 ], [ 78.512157990648205, 10.884197942191415 ], [ 78.511987422135292, 10.884229123734457 ], [ 78.511220378561944, 10.88436934492381 ], [ 78.509967214367578, 10.884518016204201 ], [ 78.508659147837932, 10.884711863392813 ], [ 78.507726035412986, 10.885059547354825 ], [ 78.507067273865673, 10.885520348327077 ], [ 78.505900797096217, 10.886139147794788 ], [ 78.505484571692477, 10.886247463394405 ], [ 78.505283349967144, 10.886229298176133 ], [ 78.50514618261316, 10.886147876664827 ], [ 78.504625081594909, 10.885519340910159 ], [ 78.504455530873244, 10.886305799037602 ], [ 78.503362261409549, 10.886829693691993 ], [ 78.502268832045729, 10.887715207076292 ], [ 78.502397177943621, 10.887046259953001 ], [ 78.501546568590967, 10.886937410944736 ], [ 78.501674235362529, 10.887832481163294 ], [ 78.500329352279309, 10.888500906938965 ], [ 78.499574939917196, 10.888039511601345 ], [ 78.499327416327176, 10.889296042747672 ], [ 78.498851689213964, 10.889494728009584 ], [ 78.498842195818042, 10.889526365946471 ], [ 78.497667311715801, 10.890810567830387 ], [ 78.496821463434202, 10.891448242794292 ], [ 78.495847734581943, 10.8925651130312 ], [ 78.49495616025574, 10.893252523058266 ], [ 78.493803961309368, 10.894129876204394 ], [ 78.49380314204582, 10.894128276910079 ], [ 78.493223611906615, 10.893474912867481 ], [ 78.492628295672873, 10.893393495983448 ], [ 78.492294455662147, 10.893465940744893 ], [ 78.491654310800783, 10.893868473951869 ], [ 78.490552546867761, 10.895125500071686 ], [ 78.489221343329689, 10.894271634687907 ], [ 78.488863707845411, 10.891735883572911 ], [ 78.485715990428588, 10.888369351220586 ], [ 78.484896560701159, 10.886073324431695 ], [ 78.484525977798668, 10.885666622228905 ], [ 78.484446649372558, 10.885659679700547 ], [ 78.484388893988012, 10.885654624975242 ], [ 78.483908550432545, 10.885612583418839 ], [ 78.48338258593536, 10.885540432267769 ], [ 78.482682877380782, 10.885599425252042 ], [ 78.482266772351295, 10.885821055069293 ], [ 78.481695138403396, 10.885938766566301 ], [ 78.481109809638994, 10.886142369405075 ], [ 78.480359608578937, 10.885645377385945 ], [ 78.479531795773241, 10.885555235649399 ], [ 78.478644492037887, 10.885347581567752 ], [ 78.477734278567809, 10.885008844737058 ], [ 78.477212898173534, 10.884959283616753 ], [ 78.476938515854854, 10.885022651312315 ], [ 78.475095751406897, 10.88602219502588 ], [ 78.471245025923437, 10.886280988593283 ], [ 78.471190623949852, 10.888076947142261 ], [ 78.471186147644787, 10.888224725607582 ], [ 78.471188786895084, 10.888303501003865 ], [ 78.471190658085831, 10.888359352129713 ], [ 78.471246131749567, 10.890014740940378 ], [ 78.470898690347127, 10.890493990311628 ], [ 78.471036798237208, 10.893554179984248 ], [ 78.471174059914333, 10.893743992617491 ], [ 78.471142702422696, 10.895963458374213 ], [ 78.471559058082164, 10.896510291417584 ], [ 78.471628150205589, 10.898151132072229 ], [ 78.473814501385135, 10.89873360372663 ], [ 78.475461266912845, 10.899614562658197 ], [ 78.476943237399979, 10.899998333922683 ], [ 78.477254642884787, 10.901263914384348 ], [ 78.478169454830805, 10.901530326666389 ], [ 78.477570728592255, 10.902854954569008 ], [ 78.47762137021806, 10.90389460205124 ], [ 78.477493378256383, 10.904120655192015 ], [ 78.476597062622105, 10.90451419602169 ], [ 78.476327303932152, 10.904799055277293 ], [ 78.476166936687648, 10.905268416395954 ], [ 78.476107968577452, 10.905441001349493 ], [ 78.476083976372834, 10.905561737720156 ], [ 78.47599837141783, 10.905992509695656 ], [ 78.475984787992417, 10.906430979923963 ], [ 78.476254715565616, 10.906684032755095 ], [ 78.476739574053695, 10.906824012259646 ], [ 78.477354162743566, 10.906845514924933 ], [ 78.478030263572492, 10.906340952097073 ], [ 78.480211417998092, 10.904966143294766 ], [ 78.481194588143921, 10.904364552072959 ], [ 78.481670144577251, 10.904056998705649 ], [ 78.482031429018221, 10.90390323072368 ], [ 78.482461324983944, 10.903771985254377 ], [ 78.482932349416643, 10.9036723752782 ], [ 78.483430804804883, 10.903532097023156 ], [ 78.48433178988202, 10.903350968719298 ], [ 78.485961715591387, 10.903331995660263 ], [ 78.487258557671538, 10.903377307299738 ], [ 78.487697187956783, 10.904028077406617 ], [ 78.488460407401973, 10.904993537598351 ], [ 78.489177176760407, 10.905923947420137 ], [ 78.489371377253505, 10.906457145342106 ], [ 78.488656587781932, 10.906682417650689 ], [ 78.487942964323594, 10.906769015814348 ], [ 78.487164151023407, 10.906889349413623 ], [ 78.486583368632637, 10.907056806733365 ], [ 78.485965922401874, 10.907224323940714 ], [ 78.485023846587012, 10.907464170381722 ], [ 78.48418698594979, 10.907934572564326 ], [ 78.483244901151764, 10.908305614326158 ], [ 78.482302814557116, 10.908405305666125 ], [ 78.481173040255214, 10.908405681433763 ], [ 78.480450402203005, 10.908437595216329 ], [ 78.479759840294648, 10.908677415980224 ], [ 78.479215676828133, 10.909012052419582 ], [ 78.478813332192146, 10.90924728589844 ], [ 78.478127323843978, 10.909586534975187 ], [ 78.477290396731433, 10.909889659878015 ], [ 78.475731065128628, 10.910694730697189 ], [ 78.473586156826443, 10.911572305843324 ], [ 78.472205023128225, 10.911975013897109 ], [ 78.471043311023024, 10.912043214891398 ], [ 78.469694081890452, 10.912251542771227 ], [ 78.468367800221841, 10.912654234027345 ], [ 78.467389090211398, 10.913007116898987 ], [ 78.466209233934052, 10.913414261578355 ], [ 78.46468169191256, 10.913916378776388 ], [ 78.46381342527468, 10.914133106145378 ], [ 78.463807098440128, 10.914150564006864 ], [ 78.463921529434288, 10.91446243258156 ], [ 78.465047117586977, 10.916008065080993 ], [ 78.466863670991572, 10.918597686174248 ], [ 78.468835789247194, 10.921259575377302 ], [ 78.467440901443723, 10.921834041307703 ], [ 78.46645303221058, 10.922200455275071 ], [ 78.465744089873226, 10.922272974165564 ], [ 78.46528669827326, 10.922286658171329 ], [ 78.465217618726228, 10.922306315367127 ], [ 78.463251447317759, 10.922865797812118 ], [ 78.461371697432924, 10.92342680160211 ], [ 78.457914049565005, 10.924512540221372 ], [ 78.455618076971348, 10.925200178918169 ], [ 78.454021874017741, 10.925706826594343 ], [ 78.453326701955334, 10.926032448895363 ], [ 78.452741304020662, 10.92634900356774 ], [ 78.452665357751584, 10.926405135089267 ], [ 78.451817510718428, 10.927031775388084 ], [ 78.450518709412691, 10.928003925078869 ], [ 78.448785429834885, 10.929269983387067 ], [ 78.447088727858855, 10.930536021298879 ], [ 78.444221246183147, 10.93278318879319 ], [ 78.442355248606972, 10.933981432079763 ], [ 78.441074673220015, 10.93490833596573 ], [ 78.439062381406572, 10.936658059986938 ], [ 78.438996562744009, 10.936723126858586 ], [ 78.438869232840716, 10.936849004031355 ], [ 78.438495289340764, 10.937218677843386 ], [ 78.437100432978283, 10.938683498250597 ], [ 78.435719324432924, 10.940369802657669 ], [ 78.433780206687572, 10.942435897004257 ], [ 78.431882166205227, 10.944104188603012 ], [ 78.431815715128707, 10.944164955964661 ], [ 78.430661011679334, 10.945220890845885 ], [ 78.428397047855896, 10.947268921294766 ], [ 78.426279363896711, 10.948855848383033 ], [ 78.424591571411653, 10.949886707406479 ], [ 78.423159887715798, 10.950587541323777 ], [ 78.421430824829969, 10.95100815306297 ], [ 78.419957936310354, 10.951537208574697 ], [ 78.418462191954958, 10.952233509755519 ], [ 78.417076218134014, 10.952861988124152 ], [ 78.415424929588852, 10.953562810589455 ], [ 78.413589852024742, 10.954682478430176 ], [ 78.413416882315119, 10.954788014715403 ], [ 78.411001712266412, 10.956243776258423 ], [ 78.408778634364808, 10.957554854131143 ], [ 78.405110044101889, 10.959557625856048 ], [ 78.402960095352626, 10.960669764044008 ], [ 78.402792670044889, 10.960730438930989 ], [ 78.402205930925504, 10.960943066397622 ], [ 78.402068080851876, 10.960993022285676 ], [ 78.402009720901134, 10.961014170898958 ], [ 78.401176064554534, 10.961316276646432 ], [ 78.400096482720812, 10.961515232963025 ], [ 78.399126681303045, 10.96158761170908 ], [ 78.39773144495318, 10.961641928608731 ], [ 78.396450561444084, 10.961474740226654 ], [ 78.39515137925261, 10.961275905588657 ], [ 78.393628050329795, 10.961153918392935 ], [ 78.39188057198065, 10.961113295081969 ], [ 78.391811219345769, 10.961113296845816 ], [ 78.390540228982857, 10.961113333886747 ], [ 78.388737854586708, 10.961004890379648 ], [ 78.387008675818194, 10.960909995884352 ], [ 78.385576840307067, 10.960679481128249 ], [ 78.384771720742094, 10.960552920887345 ], [ 78.384722650269708, 10.960546265854781 ], [ 78.38430511691891, 10.960489639864683 ], [ 78.384053517672442, 10.960507722930029 ], [ 78.3839620269557, 10.960534844880209 ], [ 78.383948304291394, 10.96062072971643 ], [ 78.383952879411154, 10.960846743159735 ], [ 78.383975755009871, 10.961389174013643 ], [ 78.383994057285463, 10.962116937580385 ], [ 78.383948312376234, 10.96225254568674 ], [ 78.38379277716966, 10.962347472382543 ], [ 78.382919036198444, 10.962686494913433 ], [ 78.382141358368756, 10.962966751117252 ], [ 78.381551237990635, 10.963165641943528 ], [ 78.381492915769144, 10.963176795594602 ], [ 78.381451112667378, 10.963184791087381 ], [ 78.38084217707565, 10.963301246923347 ], [ 78.380082794335053, 10.963527255672853 ], [ 78.379533843746401, 10.96365381816886 ], [ 78.378467963915696, 10.963739690634581 ], [ 78.377301443128786, 10.963757754980938 ], [ 78.376357275137622, 10.963717174359669 ], [ 78.376354504733271, 10.963717055300579 ], [ 78.376289117262047, 10.963709439929325 ], [ 78.37491808781418, 10.963549773726061 ], [ 78.373829339571287, 10.963427698394179 ], [ 78.370242863410169, 10.963549622917784 ], [ 78.367246509423779, 10.963549488866004 ], [ 78.3644514517229, 10.963318804192356 ], [ 78.361317889060018, 10.962966021768304 ], [ 78.361185618422624, 10.962956970609785 ], [ 78.35913582733599, 10.962816695696473 ], [ 78.354314260185646, 10.962468228803727 ], [ 78.351693069611372, 10.962110875235828 ], [ 78.34828046866167, 10.96191162034745 ], [ 78.344826723075343, 10.961536033178385 ], [ 78.341994294560337, 10.961160929710228 ], [ 78.341546828445985, 10.961101665994519 ], [ 78.341485923568001, 10.961111473903038 ], [ 78.339611748627817, 10.96141329909867 ], [ 78.336918546405414, 10.961926679207096 ], [ 78.336583818859197, 10.961990482903438 ], [ 78.33657873169976, 10.961991452138165 ], [ 78.336520063626864, 10.962007190957261 ], [ 78.333976673444411, 10.962689523434063 ], [ 78.333833874551871, 10.962727830601397 ], [ 78.333769810299074, 10.962742862079901 ], [ 78.33370134340305, 10.962758926288226 ], [ 78.332447725559462, 10.963053064742979 ], [ 78.332058881703887, 10.963084642806384 ], [ 78.329584041960771, 10.963043541759312 ], [ 78.327264704186575, 10.963192300641683 ], [ 78.32422711663034, 10.963535275849891 ], [ 78.322154786813215, 10.963747325407281 ], [ 78.32092419368864, 10.963887208307394 ], [ 78.318083293162189, 10.964257284034531 ], [ 78.317186660422593, 10.964311335868727 ], [ 78.315846350662483, 10.964103114239514 ], [ 78.312479526961354, 10.963772381606343 ], [ 78.310746457589374, 10.963573686974161 ], [ 78.310741231191031, 10.963573087268911 ], [ 78.310675595784801, 10.963568212899808 ], [ 78.309519840408257, 10.963482392417569 ], [ 78.307836408345608, 10.963418701928797 ], [ 78.305411874258382, 10.963440701421369 ], [ 78.303014762143533, 10.963553092389372 ], [ 78.299708268398575, 10.963908708599238 ], [ 78.299708201024927, 10.963908717418407 ], [ 78.299702663809512, 10.963909312713424 ], [ 78.299651183157181, 10.963912239800862 ], [ 78.29922457322877, 10.963936497849815 ], [ 78.295429925076974, 10.964152217661308 ], [ 78.292062901949819, 10.964553542008494 ], [ 78.290091166376541, 10.96481964698668 ], [ 78.287698491040871, 10.965404624673877 ], [ 78.28754836728551, 10.96544132728809 ], [ 78.287542913613436, 10.96544265986002 ], [ 78.287481750020689, 10.96545532678946 ], [ 78.284317590739235, 10.966110638349821 ], [ 78.281357619420177, 10.966670183601787 ], [ 78.278036237896018, 10.967234096770001 ], [ 78.275346190556903, 10.967671628049484 ], [ 78.272820846630182, 10.96804591278797 ], [ 78.272746796704666, 10.968050118598409 ], [ 78.271160212012816, 10.968140236164318 ], [ 78.26661293914627, 10.96830579189885 ], [ 78.262221177231837, 10.96853010533008 ], [ 78.258942203375597, 10.968628069053404 ], [ 78.258936529616264, 10.968628236615228 ], [ 78.258872601009102, 10.96862921905675 ], [ 78.258575747333566, 10.968633777620653 ], [ 78.255063117180342, 10.968687673439673 ], [ 78.25491994818195, 10.968689867617442 ], [ 78.254856529817829, 10.968691529125023 ], [ 78.254788539927233, 10.968693309689657 ], [ 78.250331507322556, 10.968809960902682 ], [ 78.249494448157691, 10.968574545387245 ], [ 78.248877006418496, 10.968271416988809 ], [ 78.248875472994328, 10.968554012884033 ], [ 78.248776913434611, 10.968534573941254 ], [ 78.248725304323202, 10.968524394996987 ], [ 78.248708288435111, 10.968521039349461 ], [ 78.244874297667081, 10.967405975410982 ], [ 78.240602544386419, 10.966175218989695 ], [ 78.24059655621673, 10.966173493088414 ], [ 78.240546101440501, 10.966147665419962 ], [ 78.239855328428007, 10.965794054726548 ], [ 78.236076072908602, 10.964018900767375 ], [ 78.231157731151029, 10.962049700581037 ], [ 78.227081295867634, 10.960477943726127 ], [ 78.224235751949465, 10.959895699981153 ], [ 78.222291506620493, 10.959665746224898 ], [ 78.22137198301084, 10.959516846223989 ], [ 78.221315959578121, 10.959505267343896 ], [ 78.218183349129461, 10.95885780182355 ], [ 78.216531956379711, 10.958885383412303 ], [ 78.211307793065146, 10.958633645096302 ], [ 78.207068657612425, 10.958530893567787 ], [ 78.207062620933726, 10.958530746284721 ], [ 78.207005068568421, 10.958541004065079 ], [ 78.206326156910947, 10.95866201339121 ], [ 78.205205464576579, 10.958915419419087 ], [ 78.201509501748617, 10.959978539697898 ], [ 78.198719280577222, 10.961068542583371 ], [ 78.197895945873242, 10.961452943430807 ], [ 78.195544931705498, 10.962895403674908 ], [ 78.195040902270932, 10.963204644002619 ], [ 78.195050946334121, 10.963225483785619 ], [ 78.195490320424426, 10.964237932119108 ], [ 78.196451422557018, 10.96626733024693 ], [ 78.197023553273269, 10.967659449791636 ], [ 78.19773769505953, 10.969919428295951 ], [ 78.197928555616372, 10.970424445580242 ], [ 78.19787069243398, 10.971270633575335 ], [ 78.197048246163817, 10.97252081010965 ], [ 78.195962582735604, 10.973783237849323 ], [ 78.194654775819089, 10.974520500576574 ], [ 78.194594411726968, 10.974554529942097 ], [ 78.193385627002542, 10.975235955983779 ], [ 78.191732585844278, 10.976392132788934 ], [ 78.19098092322524, 10.976746898411967 ], [ 78.190469428790664, 10.977202524990215 ], [ 78.189989087031833, 10.977880393606013 ], [ 78.189229417728669, 10.978202197333591 ], [ 78.18818528700929, 10.978710442231147 ], [ 78.187330425930426, 10.979425944811993 ], [ 78.18673804000116, 10.979642421427796 ], [ 78.185884282053436, 10.979363248101615 ], [ 78.185228034890599, 10.979299631584885 ], [ 78.18431709737844, 10.978913060726171 ], [ 78.183205540910478, 10.978639715901313 ], [ 78.182455037118174, 10.978871159374942 ], [ 78.181899463250915, 10.979589415651775 ], [ 78.181320938326465, 10.980924808029298 ], [ 78.181320962580983, 10.980924820375474 ], [ 78.181292536292133, 10.980965037068184 ], [ 78.181267757163326, 10.981000093948753 ], [ 78.18038790495325, 10.98224488433114 ], [ 78.178311291968839, 10.98470422460538 ], [ 78.175466270870174, 10.988664386862482 ], [ 78.174148936421759, 10.990486235137178 ], [ 78.173385056714864, 10.991553119250787 ], [ 78.172072260555268, 10.99330263163832 ], [ 78.170841796788125, 10.995025007812982 ], [ 78.17056736506207, 10.995585553820687 ], [ 78.170375325017275, 10.996471547422599 ], [ 78.170251928836578, 10.997497661069172 ], [ 78.170241758110947, 10.997582236239397 ], [ 78.170171083155964, 10.998169932916039 ], [ 78.170128530859245, 10.998523774671778 ], [ 78.169881660344458, 10.999997408386914 ], [ 78.169651532629914, 11.001425325419763 ], [ 78.169601193736341, 11.001705582772233 ], [ 78.169486775318603, 11.002243496924015 ], [ 78.169354028574119, 11.002677449102185 ], [ 78.169015257710825, 11.003423318319353 ], [ 78.168932856148103, 11.003617696175894 ], [ 78.168378883078717, 11.004526316359506 ], [ 78.168200327644641, 11.004802068310676 ], [ 78.168149963598211, 11.004874396764235 ], [ 78.16739449481733, 11.00565647392906 ], [ 78.167060252361338, 11.005977444925096 ], [ 78.166831314016264, 11.006149238396622 ], [ 78.166767213830838, 11.006217045571388 ], [ 78.166625291694032, 11.00652443460922 ], [ 78.166442161140225, 11.006877029182194 ], [ 78.166130881419534, 11.007916702873063 ], [ 78.165956958597391, 11.008825276289377 ], [ 78.165654893794894, 11.01050229208465 ], [ 78.165485525431237, 11.011157736402893 ], [ 78.165395807988858, 11.011417784760477 ], [ 78.16520169193744, 11.011980437007049 ], [ 78.165055212647189, 11.012568074983362 ], [ 78.164904328018807, 11.01318750140476 ] ] ] } }
]
}
