{
"type": "FeatureCollection",
"name": "mayiladuthurai_boundary",
"crs": { "type": "name", "properties": { "name": "urn:ogc:def:crs:OGC:1.3:CRS84" } },
"features": [
{ "type": "Feature", "properties": { "dtname": "Mayiladuthurai", "stname": "TAMIL NADU", "stcode11": "33", "dtcode11": "796", "year_stat": "2022", "objectid": 705, "test": -1, "dist_lgd": 735, "state_lgd": 33, "remarks": " ", "dist": "Mayiladuthurai", "st_area(shape)": 1230329148.9245889, "st_length(shape)": 228126.33092325536 }, "geometry": { "type": "Polygon", "coordinates": [ [ [ 79.748132153119954, 10.996463143665896 ], [ 79.748282447555184, 10.997525607649832 ], [ 79.748587460628428, 10.997897675573054 ], [ 79.747471791673135, 11.001426147263389 ], [ 79.746979502321011, 11.001992225888188 ], [ 79.746801322382723, 11.002575421867748 ], [ 79.747194919224469, 11.002927874787519 ], [ 79.747817247798807, 11.003036140646467 ], [ 79.748338838398823, 11.00311731841043 ], [ 79.748703830186969, 11.003265753762122 ], [ 79.749879455399309, 11.002903307784408 ], [ 79.750318796251946, 11.00289146165588 ], [ 79.751096345622543, 11.002998731974063 ], [ 79.752458912940412, 11.003230381197469 ], [ 79.752674354996699, 11.003163542434876 ], [ 79.753128298862592, 11.002943785139527 ], [ 79.753559494690549, 11.002692468847078 ], [ 79.753921653192293, 11.002535718685134 ], [ 79.754067757885039, 11.002613176260633 ], [ 79.754213555353942, 11.002785572201173 ], [ 79.75444892563651, 11.003356183315521 ], [ 79.754649747611538, 11.003501678624945 ], [ 79.754982895021172, 11.003715622681423 ], [ 79.755562090987127, 11.003763912668127 ], [ 79.755630140166517, 11.003769587047477 ], [ 79.755838301377437, 11.00378694262319 ], [ 79.756456501294693, 11.003680968837527 ], [ 79.756672610799228, 11.003433198011502 ], [ 79.75676539509, 11.003153274741098 ], [ 79.756808796294635, 11.002624494200434 ], [ 79.756938097999978, 11.002322116793668 ], [ 79.757216942250707, 11.002391072957387 ], [ 79.757711171065509, 11.002406657071122 ], [ 79.758155599077611, 11.002272843359345 ], [ 79.758852772586437, 11.001904970414268 ], [ 79.759249097611715, 11.001434323372539 ], [ 79.759847020756396, 11.00050751427775 ], [ 79.75996780822949, 11.000073990109877 ], [ 79.759943736074831, 10.999264630712409 ], [ 79.760068321624942, 10.99901648316645 ], [ 79.760333775588037, 10.999004001975845 ], [ 79.760694548887614, 10.999177273022521 ], [ 79.761117229584983, 10.999866281341557 ], [ 79.761398289979525, 11.000500369859676 ], [ 79.761784518839278, 11.00115296967572 ], [ 79.762145181646062, 11.001353364714813 ], [ 79.762543791087097, 11.001232919601245 ], [ 79.762814803825151, 11.000985368050765 ], [ 79.762879922700122, 11.000732455778444 ], [ 79.762923140648439, 11.000244362018215 ], [ 79.763266614192247, 10.999101942359788 ], [ 79.764141351395111, 10.998924659897373 ], [ 79.764859587702418, 10.998968269119688 ], [ 79.764942516576198, 10.998832975044497 ], [ 79.76497223015086, 10.998290573280652 ], [ 79.765961641791293, 10.998046026253569 ], [ 79.766566455912525, 10.997876682155203 ], [ 79.766687681763486, 10.997334650759434 ], [ 79.766806596249239, 10.99734869724878 ], [ 79.767112743894671, 10.997453922002023 ], [ 79.767560121974185, 10.997708913767557 ], [ 79.767829718967349, 10.997800427897456 ], [ 79.768428644631896, 10.997924922835015 ], [ 79.768859991376814, 10.997632804084505 ], [ 79.769272696282954, 10.997421986949892 ], [ 79.770092535642164, 10.9972400333641 ], [ 79.770733411732166, 10.997179331586228 ], [ 79.77106722120017, 10.997234932923194 ], [ 79.771600569848985, 10.997725361428159 ], [ 79.772024980701573, 10.998002858684973 ], [ 79.772510073649954, 10.997991346568019 ], [ 79.77392537926157, 10.997736196319631 ], [ 79.774300679217589, 10.997668537102552 ], [ 79.775628321833892, 10.997515651923305 ], [ 79.776337351307845, 10.997572850169144 ], [ 79.77679467283923, 10.997637985645751 ], [ 79.777460937115762, 10.998079207244754 ], [ 79.778182131575306, 10.998516218397953 ], [ 79.778607072433942, 10.998667120738919 ], [ 79.779087536363647, 10.998669051031269 ], [ 79.779797750715474, 10.998610010005022 ], [ 79.779865710063362, 10.998604360217159 ], [ 79.780054082286867, 10.998419753978462 ], [ 79.779931611370927, 10.998179647002864 ], [ 79.779466437665647, 10.997798011718091 ], [ 79.779070479153035, 10.997276500103009 ], [ 79.778842934094953, 10.996972586371045 ], [ 79.778944049361627, 10.996864486712568 ], [ 79.779425533777513, 10.996617763932504 ], [ 79.780318913717437, 10.9963546981466 ], [ 79.781335618871211, 10.996146285709182 ], [ 79.782197800321299, 10.99570215825452 ], [ 79.783000958864022, 10.995122159403168 ], [ 79.783592645904022, 10.994780926327236 ], [ 79.783885331396633, 10.994822786619311 ], [ 79.784017751154323, 10.994891133431818 ], [ 79.784099632592486, 10.995009097915386 ], [ 79.784071252117698, 10.995235037427994 ], [ 79.784056729054527, 10.995429383647432 ], [ 79.783973159681949, 10.995722918143997 ], [ 79.783852947130626, 10.996025348174797 ], [ 79.783557388825741, 10.99668423910561 ], [ 79.784128607751981, 10.996871887828402 ], [ 79.784557865913868, 10.997086094188406 ], [ 79.78510168712225, 10.997260068290142 ], [ 79.78558192826975, 10.997316330094085 ], [ 79.786075896573152, 10.997372555732753 ], [ 79.786547762727267, 10.997238809399359 ], [ 79.786813974868451, 10.997040945030722 ], [ 79.786989207434289, 10.996711607289093 ], [ 79.786962934407171, 10.996422153964433 ], [ 79.786950833201985, 10.996024252951123 ], [ 79.78715410937437, 10.995550353171923 ], [ 79.788189869591889, 10.994058012167116 ], [ 79.788526930062929, 10.993317810590341 ], [ 79.788850664925036, 10.992500788918386 ], [ 79.789054434272501, 10.991904819914327 ], [ 79.789043399367543, 10.991244701370892 ], [ 79.788239691055878, 10.990843646092461 ], [ 79.787655177063442, 10.990551879236296 ], [ 79.787293582703697, 10.990577562794757 ], [ 79.786423176278817, 10.990822749174677 ], [ 79.7861533178759, 10.990794546225725 ], [ 79.786062764101985, 10.990559090033361 ], [ 79.786050128399211, 10.990292296598033 ], [ 79.786106164408324, 10.990016735662797 ], [ 79.786409844381708, 10.989606532252223 ], [ 79.787029617249061, 10.989107165993335 ], [ 79.78807583205986, 10.988410571595981 ], [ 79.788552792559955, 10.988145728625291 ], [ 79.788276424066169, 10.987470990329539 ], [ 79.788652554065507, 10.987246433782294 ], [ 79.789498891030689, 10.987290493592317 ], [ 79.789737213177233, 10.987196499087867 ], [ 79.789884371593814, 10.987038847375626 ], [ 79.790008615784146, 10.986867541014584 ], [ 79.790197176653848, 10.986633194584146 ], [ 79.790839834103053, 10.986129390222828 ], [ 79.791148735983157, 10.985944356414722 ], [ 79.791229722699299, 10.98589584392864 ], [ 79.791266659627141, 10.985814612040361 ], [ 79.791364146598411, 10.985471398136932 ], [ 79.79161902739061, 10.984681223143214 ], [ 79.791967952809898, 10.984415865348721 ], [ 79.793137757837499, 10.98367905237961 ], [ 79.793927172156359, 10.983089921148613 ], [ 79.794289033315707, 10.982996412094069 ], [ 79.794691908856009, 10.982943846087238 ], [ 79.795735134971878, 10.982975102791251 ], [ 79.796229671010522, 10.982886637068363 ], [ 79.796550185412343, 10.982833652157519 ], [ 79.79778699757361, 10.982494939344605 ], [ 79.798897432045749, 10.98285657880538 ], [ 79.799474018405803, 10.982845290090333 ], [ 79.799154888307882, 10.984819834196964 ], [ 79.799020237134982, 10.985280452844275 ], [ 79.798991650047725, 10.985560647053296 ], [ 79.79908177532522, 10.985904605136776 ], [ 79.799240954996932, 10.986144849972856 ], [ 79.799564715011869, 10.986421913671009 ], [ 79.799898101373344, 10.986581466983207 ], [ 79.80033693018629, 10.986691702724483 ], [ 79.800871538273114, 10.986879266091519 ], [ 79.8011772708969, 10.987088440821065 ], [ 79.801404670427942, 10.987432938578838 ], [ 79.801841311843148, 10.988085695179054 ], [ 79.802083243420512, 10.988231322363561 ], [ 79.802471432404232, 10.988418306261483 ], [ 79.802979337170939, 10.988420305404841 ], [ 79.803378865588485, 10.988064711644995 ], [ 79.803582018691671, 10.987613401718717 ], [ 79.80373072041391, 10.987071456402942 ], [ 79.803868718709552, 10.986891155192062 ], [ 79.803946561322164, 10.986877898342284 ], [ 79.804069740110563, 10.986968803828848 ], [ 79.804119600202085, 10.987086549254307 ], [ 79.80413236256733, 10.987326216399243 ], [ 79.804149609322465, 10.987697027327815 ], [ 79.804203869362283, 10.988863666918983 ], [ 79.803681541245382, 10.989033414785636 ], [ 79.80365392344028, 10.989073994574909 ], [ 79.803762466876066, 10.989390898930127 ], [ 79.803892120721017, 10.990146519636054 ], [ 79.804023543348762, 10.990463513668718 ], [ 79.80434388257909, 10.9904557314375 ], [ 79.804558526033091, 10.990560559177025 ], [ 79.804675838822675, 10.990972439398226 ], [ 79.804597305405579, 10.991157494744821 ], [ 79.804395241958801, 10.99131493878852 ], [ 79.804046262640625, 10.991616479157871 ], [ 79.803807100569259, 10.99191845219992 ], [ 79.803829232362901, 10.992103902896675 ], [ 79.804002529957629, 10.992249259138456 ], [ 79.804645842278688, 10.992717461411486 ], [ 79.805112263743865, 10.992796243433068 ], [ 79.805355201434381, 10.992693211899102 ], [ 79.805530627137998, 10.99230960919764 ], [ 79.805706308861474, 10.9918853172528 ], [ 79.8059706489136, 10.992125972563276 ], [ 79.806169912311631, 10.992642159080791 ], [ 79.806273918356908, 10.992950001427078 ], [ 79.806112491998661, 10.993265844303366 ], [ 79.805694547219446, 10.993648495148816 ], [ 79.804892121702025, 10.994056760852493 ], [ 79.803456808812442, 10.994792572607123 ], [ 79.803253831779045, 10.995198672728316 ], [ 79.803133474598965, 10.995541801242542 ], [ 79.803237759121984, 10.996007249647375 ], [ 79.80366233256963, 10.996842247209283 ], [ 79.804274404180077, 10.997638287227435 ], [ 79.804966597428972, 10.998447841562193 ], [ 79.805967594641643, 10.998980924910901 ], [ 79.806494082856645, 10.999123237270519 ], [ 79.807041235916401, 10.999429654896344 ], [ 79.808149544076272, 10.999883760600706 ], [ 79.80899235156069, 10.999860663322957 ], [ 79.809955838720356, 10.999732239850855 ], [ 79.811201386099427, 10.999353455712637 ], [ 79.812499822689219, 10.99906764422601 ], [ 79.813174361347862, 10.999149669623776 ], [ 79.813828243246519, 10.999522590855047 ], [ 79.814014643667988, 10.999734905567013 ], [ 79.81432105990973, 11.000053574432904 ], [ 79.814678823853086, 11.00087509708866 ], [ 79.814889599161447, 11.001469719079735 ], [ 79.81486200201762, 11.001894324382276 ], [ 79.814579754948625, 11.00223709767241 ], [ 79.814121360828793, 11.003121444359037 ], [ 79.814937561112771, 11.003071822746758 ], [ 79.814950288443711, 11.003230563730279 ], [ 79.815202760852657, 11.003628410044206 ], [ 79.815496046419881, 11.003867635190828 ], [ 79.815780877043636, 11.003855885217199 ], [ 79.815790436914881, 11.003855491052965 ], [ 79.815870684317517, 11.003834640910926 ], [ 79.816191614639308, 11.003751259727682 ], [ 79.816661623975762, 11.003303423413692 ], [ 79.817104991077485, 11.002789293407137 ], [ 79.817912151614777, 11.001471004753357 ], [ 79.818114908560901, 11.00113985543797 ], [ 79.819326753845516, 10.999134029783619 ], [ 79.819904328352379, 10.998514621430722 ], [ 79.820681548939575, 10.998160560091753 ], [ 79.821122889442023, 10.99817547424882 ], [ 79.821363319036237, 10.998242594560015 ], [ 79.821536469307262, 10.998428451323898 ], [ 79.821695311212437, 10.998852334392661 ], [ 79.821813030938827, 10.999514228630487 ], [ 79.822036897395833, 11.000388032636369 ], [ 79.822396770583481, 11.000706900084884 ], [ 79.822998390295595, 11.000762127751546 ], [ 79.823453882857024, 11.000578797078132 ], [ 79.823829361577808, 11.000355279582735 ], [ 79.8242727511374, 10.999854428918267 ], [ 79.824877566156957, 10.999102827700401 ], [ 79.8253881002925, 10.998562538380014 ], [ 79.825790311079487, 10.998312719202209 ], [ 79.826151038564973, 10.998208318371708 ], [ 79.827930196900951, 10.998135883346043 ], [ 79.828197274119745, 10.998269201591777 ], [ 79.828316627881662, 10.998520945808876 ], [ 79.828408840843878, 10.998878560425712 ], [ 79.828257669652928, 10.999870000820746 ], [ 79.828441677860781, 11.000690752405598 ], [ 79.828829557824065, 11.001475125434151 ], [ 79.828985727241275, 11.001790758126397 ], [ 79.829412315610114, 11.002136278357401 ], [ 79.830361391097696, 11.002298716366488 ], [ 79.830649928170303, 11.002393458235986 ], [ 79.830654133184154, 11.002394838258535 ], [ 79.830660203998832, 11.002396832016336 ], [ 79.831168924435815, 11.002563872893662 ], [ 79.831951068689094, 11.002820731423085 ], [ 79.833275490845068, 11.002759721281823 ], [ 79.834764345122252, 11.00235546043716 ], [ 79.83630578408119, 11.001961990565674 ], [ 79.836397812888777, 11.001938501929397 ], [ 79.836767577426016, 11.001831441976751 ], [ 79.8377503073974, 11.001546903575544 ], [ 79.838338945555307, 11.001535893344673 ], [ 79.839515499625648, 11.001659454635913 ], [ 79.839810564755467, 11.001628886838454 ], [ 79.840131028851573, 11.001595692137933 ], [ 79.840131053106091, 11.001595680674463 ], [ 79.840131508551963, 11.001478589169226 ], [ 79.840135753989983, 11.000402733282851 ], [ 79.840138050982162, 10.999823346837658 ], [ 79.840022927386926, 10.998486911270284 ], [ 79.839992303818875, 10.998379367710839 ], [ 79.839992176258122, 10.998378917984924 ], [ 79.839653449412253, 10.997189192087687 ], [ 79.839441599718796, 10.995841726199531 ], [ 79.842417252029463, 10.9957737711369 ], [ 79.842549813720964, 10.995643691583245 ], [ 79.84263211557068, 10.995562935036626 ], [ 79.842632138926874, 10.995562908581917 ], [ 79.842807847599843, 10.995002935717812 ], [ 79.842835276758706, 10.994915530028456 ], [ 79.842982978656039, 10.994770645995944 ], [ 79.842983014588654, 10.994770641586792 ], [ 79.843269481044558, 10.994739389659552 ], [ 79.843451323414271, 10.99471957766435 ], [ 79.844172575366002, 10.994802207440861 ], [ 79.845122497066541, 10.994911060934715 ], [ 79.845923522110454, 10.995081552227539 ], [ 79.846325211874586, 10.99516705929811 ], [ 79.846752830611067, 10.995274476164624 ], [ 79.847812479726969, 10.994511344845856 ], [ 79.848213951200478, 10.994446767757097 ], [ 79.848362552311386, 10.994442057035586 ], [ 79.848588521724494, 10.994434922170589 ], [ 79.850688637331672, 10.994403275149095 ], [ 79.851264160086444, 10.99428644709924 ], [ 79.851264184340963, 10.994286416235239 ], [ 79.851310178083523, 10.994225509265281 ], [ 79.851533162394901, 10.993930258121143 ], [ 79.851817305807472, 10.993084789384827 ], [ 79.851886097893626, 10.992595679438804 ], [ 79.851869465586134, 10.992486291581368 ], [ 79.851859959613819, 10.992423669955617 ], [ 79.851830246937453, 10.992368566829311 ], [ 79.851767081898288, 10.992251349966594 ], [ 79.851661898161638, 10.992058270612798 ], [ 79.851592278727125, 10.991930419580683 ], [ 79.851286434712236, 10.991466271623235 ], [ 79.850702731898508, 10.990247183437601 ], [ 79.850682909673452, 10.989971840274892 ], [ 79.850664662195086, 10.989717959994939 ], [ 79.850848909354795, 10.989021503725334 ], [ 79.850895375611188, 10.988845888943409 ], [ 79.850895387289285, 10.988845848378578 ], [ 79.850869497842808, 10.988634052288646 ], [ 79.850790641032191, 10.98826343830731 ], [ 79.85079063115073, 10.988263396860585 ], [ 79.850659211217931, 10.987680917737466 ], [ 79.850664462769089, 10.987559617820287 ], [ 79.85067204275343, 10.987385433408328 ], [ 79.850969030277966, 10.98667230201303 ], [ 79.851453610288303, 10.985867315105056 ], [ 79.851453623763035, 10.985867292176895 ], [ 79.851911290247457, 10.985115065356672 ], [ 79.851935037212002, 10.984163640827802 ], [ 79.851937794141591, 10.984053328302503 ], [ 79.851937805819688, 10.984052880318449 ], [ 79.851946394612142, 10.983844272236716 ], [ 79.853816447183476, 10.983221369593906 ], [ 79.853876056690808, 10.986843179908266 ], [ 79.854026686197642, 10.989817528696014 ], [ 79.854099765942649, 10.991268607967854 ], [ 79.854255138554166, 10.993388549275894 ], [ 79.854488351981729, 10.994807981639097 ], [ 79.854684932111979, 10.995847629123594 ], [ 79.854758045094613, 10.997447838337381 ], [ 79.854913435672458, 10.999310188690666 ], [ 79.854868574705506, 11.001209537605558 ], [ 79.854862829080943, 11.001452819261441 ], [ 79.854864855680233, 11.001481728399584 ], [ 79.855004149346485, 11.003468498244208 ], [ 79.855196222628948, 11.004386127332099 ], [ 79.855209889597688, 11.005037044013058 ], [ 79.855273872103822, 11.005796453366996 ], [ 79.855269227813793, 11.006551335411478 ], [ 79.855177550247475, 11.00844983434402 ], [ 79.855044723552922, 11.009995749139218 ], [ 79.854998807065499, 11.011772204040915 ], [ 79.855035311005381, 11.012838987293398 ], [ 79.855158750305193, 11.013883178401141 ], [ 79.855236473441892, 11.014511499087236 ], [ 79.855295858370383, 11.015560202421698 ], [ 79.855430111589598, 11.016964933079613 ], [ 79.855435744026437, 11.017023856679781 ], [ 79.855437560419929, 11.017042857719682 ], [ 79.855643367146484, 11.018005689215755 ], [ 79.855666159201874, 11.018945904099922 ], [ 79.855556323988694, 11.019217108572098 ], [ 79.855597440777572, 11.019904190996179 ], [ 79.85578959490843, 11.020071455605937 ], [ 79.855931346365324, 11.02105688343876 ], [ 79.856031907371474, 11.022173394280061 ], [ 79.856260583408542, 11.023307996852527 ], [ 79.85657156309189, 11.025079960954047 ], [ 79.856910151597205, 11.025079990051326 ], [ 79.856969621865659, 11.025229162922022 ], [ 79.857033610659968, 11.026024732065299 ], [ 79.85680024811208, 11.026146760326396 ], [ 79.856795639754679, 11.02652193898223 ], [ 79.856795581364196, 11.027190935946873 ], [ 79.856681005741265, 11.029342565250641 ], [ 79.856571092374679, 11.030490698358976 ], [ 79.856401752757094, 11.030951749051258 ], [ 79.856058528046617, 11.031539351775917 ], [ 79.85593035732019, 11.032145054041194 ], [ 79.855879875594468, 11.033817540699911 ], [ 79.855765262242329, 11.036281065174059 ], [ 79.855650597686193, 11.03928701786074 ], [ 79.855659554787906, 11.041438654691952 ], [ 79.855654870972003, 11.042636518585347 ], [ 79.855814842957798, 11.044661602338911 ], [ 79.85589375905721, 11.045375980998092 ], [ 79.85590130221064, 11.045444262285624 ], [ 79.855961151568124, 11.045986046341106 ], [ 79.855974735891863, 11.047590734143965 ], [ 79.856098152733793, 11.049077904195235 ], [ 79.856258092380244, 11.051541448742729 ], [ 79.856276285061355, 11.052793558269837 ], [ 79.856289918792442, 11.053864855659269 ], [ 79.856326358951932, 11.055767880401648 ], [ 79.856422235243883, 11.058276622250055 ], [ 79.85634878539301, 11.060929995767966 ], [ 79.85632573641945, 11.062837534399337 ], [ 79.856316372380945, 11.065237779762871 ], [ 79.856284190235897, 11.06692834475386 ], [ 79.856398484686082, 11.068175939972068 ], [ 79.856540202007011, 11.069839398167824 ], [ 79.856535459800611, 11.071737897093026 ], [ 79.856590245354852, 11.073220539323243 ], [ 79.856640730673845, 11.074150804942001 ], [ 79.856643602587795, 11.074203723146512 ], [ 79.85669990000666, 11.075241092930245 ], [ 79.85669054944286, 11.077528331201993 ], [ 79.856832172440662, 11.080339927231243 ], [ 79.856850341765593, 11.081912970034015 ], [ 79.856996626121401, 11.083784359395031 ], [ 79.857170366585564, 11.085709991103855 ], [ 79.857197787659601, 11.086157497191769 ], [ 79.856955211091844, 11.086424169181392 ], [ 79.856767511706494, 11.087156431373298 ], [ 79.856923122371597, 11.087047959400275 ], [ 79.857074146238858, 11.087047971741985 ], [ 79.857167182956175, 11.087235331756272 ], [ 79.85719311642012, 11.087287553815402 ], [ 79.857188506266084, 11.08767177297168 ], [ 79.857188500876205, 11.087733785416264 ], [ 79.857188449672236, 11.088322686564448 ], [ 79.857302769275293, 11.089421111260661 ], [ 79.857357577287402, 11.090727462957579 ], [ 79.857416941554618, 11.09226886541764 ], [ 79.857526634833988, 11.093991082421239 ], [ 79.857878763645559, 11.097232114426948 ], [ 79.857988449738386, 11.099098976109323 ], [ 79.857951693371916, 11.100821179292993 ], [ 79.857959132320786, 11.101354810962979 ], [ 79.857974442308191, 11.102452983037365 ], [ 79.858084102349849, 11.104658862279244 ], [ 79.858015173719764, 11.108012864392739 ], [ 79.858070006884745, 11.109079640329693 ], [ 79.858124824778315, 11.11035434803134 ], [ 79.857969189858679, 11.110621028781878 ], [ 79.857969159315985, 11.110978125929046 ], [ 79.858149060426371, 11.111028353368241 ], [ 79.858330062871261, 11.119182359018994 ], [ 79.858306671639582, 11.125375059399786 ], [ 79.858434513582608, 11.129266976658389 ], [ 79.858136778659784, 11.131947440997807 ], [ 79.857838971871729, 11.135409903128739 ], [ 79.857550535410425, 11.136255159586133 ], [ 79.857399436084677, 11.136820174714067 ], [ 79.857756440053322, 11.137104976586459 ], [ 79.857825028221924, 11.137950263376954 ], [ 79.857884185876642, 11.142126946105432 ], [ 79.857879044818262, 11.142283910644801 ], [ 79.857869061840503, 11.142588740087936 ], [ 79.857801582192977, 11.144649219180616 ], [ 79.857718988390801, 11.147049445023901 ], [ 79.857421184297706, 11.150231650422381 ], [ 79.857471064152179, 11.155814113712697 ], [ 79.857173243889392, 11.159064120042244 ], [ 79.856714914448304, 11.165559619680842 ], [ 79.856622850606399, 11.171354516074565 ], [ 79.856315718407387, 11.176087143296256 ], [ 79.855802654616042, 11.179834347038422 ], [ 79.855284928568324, 11.184354502036632 ], [ 79.855275696582154, 11.184480099299382 ], [ 79.855264947341468, 11.184626344284803 ], [ 79.855060321001204, 11.187410137624958 ], [ 79.854684512598737, 11.191713334108817 ], [ 79.853805001748469, 11.196943119962128 ], [ 79.853365359960179, 11.198285575885597 ], [ 79.853140944632571, 11.199103710668627 ], [ 79.853223344398614, 11.199203162220217 ], [ 79.853360656381383, 11.199555750643601 ], [ 79.853502477008547, 11.200618011007 ], [ 79.853497779717927, 11.201820382062323 ], [ 79.853273171252496, 11.204573160390112 ], [ 79.852173699820071, 11.211068569593962 ], [ 79.851403626229256, 11.215062015810874 ], [ 79.85137709089409, 11.215195331050282 ], [ 79.851151937151286, 11.216326524176191 ], [ 79.850418935235624, 11.221619567924389 ], [ 79.850419000812636, 11.22165919636187 ], [ 79.850409618807817, 11.223711361142016 ], [ 79.84989659364399, 11.225668546820053 ], [ 79.849461429957444, 11.227363570985803 ], [ 79.848664411399682, 11.230184079595331 ], [ 79.848727520743353, 11.231862479775195 ], [ 79.848555467315308, 11.235060723361258 ], [ 79.848555115175699, 11.235067272578039 ], [ 79.848529249085416, 11.235548096406193 ], [ 79.848494300129303, 11.236191388408514 ], [ 79.847545917242826, 11.240923911594857 ], [ 79.847042083641, 11.24219402397105 ], [ 79.846540509302102, 11.243246991646886 ], [ 79.846538271598732, 11.243251686895812 ], [ 79.846602263986298, 11.244169291611557 ], [ 79.846528792575867, 11.245864350667381 ], [ 79.845800406204106, 11.248481448028146 ], [ 79.844694220763273, 11.251435977183556 ], [ 79.844668758016553, 11.251430172825978 ], [ 79.844508379992249, 11.251818840737393 ], [ 79.844343464577449, 11.25234774180225 ], [ 79.844224344377494, 11.252858511738644 ], [ 79.844045770977118, 11.253287845851375 ], [ 79.843903718584613, 11.253834775638175 ], [ 79.843738740287733, 11.254973868174886 ], [ 79.843637813667229, 11.255995389895499 ], [ 79.843537019997399, 11.256741207984067 ], [ 79.843390363739076, 11.25764071916338 ], [ 79.843326171027186, 11.258115374238924 ], [ 79.843046656633291, 11.259566250969149 ], [ 79.842886271422444, 11.2602669153096 ], [ 79.842780822682826, 11.261247765342898 ], [ 79.842739546892162, 11.2618534227765 ], [ 79.842597454075445, 11.262422961670703 ], [ 79.842414213927171, 11.263326950903444 ], [ 79.842194270413003, 11.264267175031829 ], [ 79.841988068427725, 11.265071676794085 ], [ 79.841868947329488, 11.265722622238174 ], [ 79.841607752279174, 11.266762185748663 ], [ 79.841264073919461, 11.268149841572155 ], [ 79.841080799635179, 11.26899056520991 ], [ 79.840700555351816, 11.270522847108682 ], [ 79.840375189149171, 11.271833664440399 ], [ 79.840214740157961, 11.27295464932735 ], [ 79.840127667355802, 11.273483493920224 ], [ 79.840127599083829, 11.273854188213328 ], [ 79.840003880407977, 11.2744462757992 ], [ 79.83986639415204, 11.275033848035317 ], [ 79.839719807962311, 11.275603408397258 ], [ 79.839458460198372, 11.277443092723704 ], [ 79.839394226163961, 11.278166324435125 ], [ 79.839252189042838, 11.279129100315103 ], [ 79.839169599732244, 11.279870408665762 ], [ 79.838986312871583, 11.280697574396401 ], [ 79.83890373973064, 11.281578958052652 ], [ 79.838807899371304, 11.282070631566754 ], [ 79.838795175633621, 11.282135903364223 ], [ 79.838766286712399, 11.282284111835246 ], [ 79.838642485391517, 11.283011788100977 ], [ 79.838500447372056, 11.283658155133777 ], [ 79.838417906570484, 11.284584829839483 ], [ 79.838275817347053, 11.285271801437467 ], [ 79.838110812100695, 11.286130690252692 ], [ 79.837991635306906, 11.286876475093408 ], [ 79.837867874410222, 11.287640351605159 ], [ 79.837766989112225, 11.288264091918771 ], [ 79.837446268097906, 11.289520709924952 ], [ 79.837198588201048, 11.291401012760184 ], [ 79.837134346081825, 11.292422619089631 ], [ 79.836868521114496, 11.293679139603478 ], [ 79.836804217909844, 11.295130083432975 ], [ 79.836661999329039, 11.29629178301264 ], [ 79.836662035261611, 11.296490648065507 ], [ 79.836597765294613, 11.297530279924537 ], [ 79.836455573663244, 11.298664800904666 ], [ 79.83633186576715, 11.299216247052996 ], [ 79.836130216443735, 11.299803883991085 ], [ 79.836117447790286, 11.299908018009345 ], [ 79.836029350010378, 11.300626519946372 ], [ 79.835983378725714, 11.30184246130815 ], [ 79.835836668568447, 11.302782625412496 ], [ 79.835778682316885, 11.303231290963069 ], [ 79.835712830416654, 11.303740824411161 ], [ 79.835676151305307, 11.304052727002984 ], [ 79.835575337872541, 11.304522826076399 ], [ 79.835511123601094, 11.30497487238565 ], [ 79.83543313366475, 11.305503696741965 ], [ 79.835327729840898, 11.306073183422132 ], [ 79.835268038586889, 11.306782898981115 ], [ 79.83516252067696, 11.307822519942967 ], [ 79.835121261954299, 11.30845078458232 ], [ 79.835079881959032, 11.309178535411359 ], [ 79.834956124655619, 11.310136756186989 ], [ 79.834850655254726, 11.310982013989413 ], [ 79.834749629819555, 11.312451011613012 ], [ 79.834644022976434, 11.313784515086388 ], [ 79.834533866166396, 11.315258018879288 ], [ 79.834474209048395, 11.316234341948993 ], [ 79.834432760781183, 11.317391565835916 ], [ 79.83448762628548, 11.318263955153684 ], [ 79.83448752208092, 11.318575827838687 ], [ 79.834441504083841, 11.319814356155089 ], [ 79.834418452415349, 11.320695754341704 ], [ 79.83435422466917, 11.321224625422492 ], [ 79.834294671755714, 11.321735405832568 ], [ 79.834308253384478, 11.322422469853349 ], [ 79.834445522248117, 11.323127598929405 ], [ 79.834440814177711, 11.323850837849337 ], [ 79.834477359440115, 11.324637333183302 ], [ 79.834578014769363, 11.325518802834845 ], [ 79.834710693241902, 11.326251124014934 ], [ 79.834815968606677, 11.326842840928329 ], [ 79.83483909393702, 11.326972818010796 ], [ 79.834902893186808, 11.327331414719103 ], [ 79.834902832999703, 11.327683995004733 ], [ 79.834980495050971, 11.32872363959822 ], [ 79.835172667148115, 11.330134012924034 ], [ 79.83542434903957, 11.331603076953213 ], [ 79.835699005344424, 11.332864278796338 ], [ 79.835991975603008, 11.333845130738476 ], [ 79.836225450440296, 11.334532302192301 ], [ 79.83632616236342, 11.33492552487202 ], [ 79.836385662276271, 11.335219389199636 ], [ 79.836500054642855, 11.335694023367017 ], [ 79.836797676377941, 11.336381092608208 ], [ 79.837246368692703, 11.337777844691988 ], [ 79.837365409840871, 11.338107885167149 ], [ 79.837580552758155, 11.338722652268107 ], [ 79.837836945414992, 11.339486572828823 ], [ 79.838230718326514, 11.340508167903687 ], [ 79.838661175739333, 11.341453002562714 ], [ 79.838958755253586, 11.342117482021491 ], [ 79.839054962125559, 11.34255140698602 ], [ 79.83913274275443, 11.342904004609057 ], [ 79.839389149784296, 11.343591129615664 ], [ 79.839627238368905, 11.344418340344612 ], [ 79.839837869946848, 11.344929113665804 ], [ 79.840295802332577, 11.345652397832763 ], [ 79.840666774205559, 11.346226565974574 ], [ 79.840987293098934, 11.346954376586272 ], [ 79.841138350203849, 11.347465177078318 ], [ 79.841298559344906, 11.34811150344021 ], [ 79.84145422929879, 11.348658506028494 ], [ 79.8417106507017, 11.349273246015747 ], [ 79.842044965022893, 11.349919680139028 ], [ 79.842283167693537, 11.350195479901506 ], [ 79.842562525780565, 11.350471236240951 ], [ 79.842599077331172, 11.350742487303878 ], [ 79.842557857236045, 11.350959446397459 ], [ 79.842498321390579, 11.351153781665342 ], [ 79.842337903840416, 11.351393297153402 ], [ 79.842021824421153, 11.351782019810521 ], [ 79.841600336686497, 11.352261117348183 ], [ 79.841320869004988, 11.352550292397922 ], [ 79.840945212417779, 11.352848632999358 ], [ 79.840523755225803, 11.352984121359253 ], [ 79.840042757696821, 11.353155828223411 ], [ 79.839131116803784, 11.353666506644956 ], [ 79.838091245895512, 11.354190720157689 ], [ 79.836881833248725, 11.35485952078697 ], [ 79.835388439784438, 11.355446849657666 ], [ 79.83415614255577, 11.3558534825852 ], [ 79.832186341953559, 11.356481459375907 ], [ 79.831636164266229, 11.359017204356935 ], [ 79.831778131318799, 11.359333614940988 ], [ 79.831851342217803, 11.359609334265622 ], [ 79.83183292585619, 11.360115551757451 ], [ 79.831791695879573, 11.36047271708688 ], [ 79.831649507841462, 11.361150687060023 ], [ 79.831388308299552, 11.361616185653045 ], [ 79.831085958731109, 11.36214953072615 ], [ 79.83100196625206, 11.36233817779746 ], [ 79.830623099086026, 11.363189107974037 ], [ 79.830187771007772, 11.363952904924099 ], [ 79.829747842656928, 11.364594682977163 ], [ 79.829065086210093, 11.365810492318353 ], [ 79.828583979984955, 11.366678243105977 ], [ 79.828267811632486, 11.367152861949672 ], [ 79.827823308161939, 11.367934752660611 ], [ 79.827282525055821, 11.368929041411745 ], [ 79.826824235140606, 11.37006805237406 ], [ 79.826200984894783, 11.371383270806486 ], [ 79.825582226225393, 11.3729607257849 ], [ 79.825398917805146, 11.373430742325056 ], [ 79.825100918777636, 11.37423533627382 ], [ 79.824656361408159, 11.375170863270302 ], [ 79.824115577403717, 11.376269175716521 ], [ 79.823473967390157, 11.377625092605822 ], [ 79.823093624292113, 11.378501902853174 ], [ 79.822690177423297, 11.379595713748294 ], [ 79.822268547754788, 11.380770822256011 ], [ 79.821846825559817, 11.381941520908835 ], [ 79.821704678844199, 11.382533624310513 ], [ 79.82162204641449, 11.383121209652957 ], [ 79.821498300789173, 11.38366813096807 ], [ 79.821282762613166, 11.384404860226407 ], [ 79.821259844793602, 11.384621771678372 ], [ 79.821076481576142, 11.385250119218361 ], [ 79.8208151383038, 11.386113410236101 ], [ 79.820471281179337, 11.387324662905234 ], [ 79.820168704337121, 11.388373330574293 ], [ 79.820012859211744, 11.388960924991903 ], [ 79.819930302240493, 11.389272773254202 ], [ 79.819728657408689, 11.389566548110375 ], [ 79.819449011860726, 11.390452431600465 ], [ 79.819146401780856, 11.391446806383097 ], [ 79.818885064796731, 11.392563173799475 ], [ 79.818678654402333, 11.393417460368921 ], [ 79.818435715813521, 11.394145169818193 ], [ 79.818192622714477, 11.395261570670252 ], [ 79.818013758259937, 11.396124905269112 ], [ 79.817889919209819, 11.396929415673915 ], [ 79.817784404893175, 11.397544107852532 ], [ 79.81760556559145, 11.398109085401869 ], [ 79.817422195187476, 11.398854895822705 ], [ 79.817243349597533, 11.39956000587893 ], [ 79.817119477309745, 11.400246997770749 ], [ 79.817018539011158, 11.400916009882058 ], [ 79.816816778296669, 11.401756725274733 ], [ 79.816596595830632, 11.402787266603616 ], [ 79.816491126429753, 11.403496895732934 ], [ 79.816266403878288, 11.404437015571286 ], [ 79.816214939395664, 11.404813352697689 ], [ 79.816187014366733, 11.405017558583447 ], [ 79.816169975122421, 11.405142157563539 ], [ 79.815945289401867, 11.405982856045929 ], [ 79.815821447656816, 11.406705977237895 ], [ 79.81566088907114, 11.407374924825342 ], [ 79.815578342879675, 11.40793545268642 ], [ 79.815477441412028, 11.408364826113758 ], [ 79.815431512348169, 11.408916306857821 ], [ 79.81537180312786, 11.409327633411358 ], [ 79.815234262074711, 11.409915201234011 ], [ 79.815092157579926, 11.410367129865563 ], [ 79.814949903066463, 11.411131036150104 ], [ 79.814729814025227, 11.411935550724259 ], [ 79.814583060748831, 11.412581922686195 ], [ 79.814523348833603, 11.412993255375582 ], [ 79.814504964811306, 11.413422653733432 ], [ 79.814440663403275, 11.413851994205899 ], [ 79.814399396595746, 11.414258849227279 ], [ 79.814298411584758, 11.414810266568333 ], [ 79.814275375187634, 11.415574164416542 ], [ 79.814151460679014, 11.416338017061742 ], [ 79.814009193589158, 11.417237488318262 ], [ 79.81384869429229, 11.417983284600998 ], [ 79.813724842665764, 11.418629610207482 ], [ 79.813665093021243, 11.419199195898113 ], [ 79.813541291700361, 11.419741588757791 ], [ 79.813422052024507, 11.420351717958201 ], [ 79.813197351032613, 11.42117435316827 ], [ 79.813036723276639, 11.422073814372585 ], [ 79.812879001570622, 11.422687561024162 ], [ 79.812226045835018, 11.421056603803642 ], [ 79.811905637434421, 11.419768322568764 ], [ 79.810381401213164, 11.413498485010713 ], [ 79.809301299254869, 11.409208580298895 ], [ 79.808575793780292, 11.406568656436761 ], [ 79.807850303577055, 11.403928730048403 ], [ 79.80709548697304, 11.401177597749783 ], [ 79.807081353778671, 11.401126085934532 ], [ 79.806715367555512, 11.399082855650708 ], [ 79.806573691557105, 11.397536981155147 ], [ 79.806633955936263, 11.395064427293363 ], [ 79.806918811712862, 11.391904978028885 ], [ 79.806603020652815, 11.390725163673348 ], [ 79.806095144632209, 11.388419752026085 ], [ 79.8051245949178, 11.385752598636433 ], [ 79.804360231018919, 11.383234700093105 ], [ 79.803737597915728, 11.381634391056885 ], [ 79.803366716772572, 11.381100938034379 ], [ 79.802143571580046, 11.381014665036421 ], [ 79.801319117575204, 11.380340987960816 ], [ 79.799015374554372, 11.378319818592029 ], [ 79.797838326410627, 11.377442556884786 ], [ 79.797802486325722, 11.377415268677865 ], [ 79.794975833079661, 11.375263042045127 ], [ 79.792479834418359, 11.373214690692452 ], [ 79.791568397442859, 11.37242792494704 ], [ 79.79031771259865, 11.372680642410144 ], [ 79.786620570282722, 11.373497614598444 ], [ 79.782337021224038, 11.374368522961774 ], [ 79.781301626620831, 11.374657516187076 ], [ 79.781237978288033, 11.374713584102597 ], [ 79.778378020002791, 11.377232928329512 ], [ 79.776114261893568, 11.379080918915749 ], [ 79.774918331162539, 11.379839870167844 ], [ 79.774065926975979, 11.380540110681423 ], [ 79.773154237573905, 11.38082456580786 ], [ 79.771614751552363, 11.381411660633901 ], [ 79.770166940402234, 11.381750071383596 ], [ 79.768458153390654, 11.381889562642737 ], [ 79.766872976358826, 11.382114968100241 ], [ 79.765764332229026, 11.382114483743861 ], [ 79.764738263935087, 11.381860985592313 ], [ 79.764394625101261, 11.381973881216712 ], [ 79.7643654100916, 11.381944405032653 ], [ 79.762915539104497, 11.380481562233022 ], [ 79.762640831595675, 11.38010629988425 ], [ 79.762628795967487, 11.380092227910838 ], [ 79.761496101242571, 11.378767897015248 ], [ 79.760557469568525, 11.377587794812682 ], [ 79.759197587315015, 11.375878548979149 ], [ 79.757462266764904, 11.373970363862112 ], [ 79.756922153801995, 11.372894318382656 ], [ 79.756925278142575, 11.372878057571651 ], [ 79.757895545785999, 11.367827630572776 ], [ 79.758551665388055, 11.365355391069933 ], [ 79.759317788188227, 11.362639151167077 ], [ 79.759492558121707, 11.361066239022906 ], [ 79.759547113707228, 11.359254485906323 ], [ 79.759548363263789, 11.359212999652453 ], [ 79.759586012555644, 11.356835405798623 ], [ 79.759390238214195, 11.353937879735218 ], [ 79.759308408878326, 11.352622555288722 ], [ 79.759306470313973, 11.352621780238319 ], [ 79.757824454911045, 11.352029779387317 ], [ 79.755946701981088, 11.351323845283368 ], [ 79.754609202151173, 11.35115602756159 ], [ 79.753441176686152, 11.351128329934713 ], [ 79.751879230985892, 11.351100561845637 ], [ 79.750766088991469, 11.351100042206792 ], [ 79.749712554707713, 11.350986615594207 ], [ 79.748693654071445, 11.350753397971516 ], [ 79.74722128477805, 11.350632151965019 ], [ 79.743657461433415, 11.350425594231639 ], [ 79.743563646775044, 11.350418926985261 ], [ 79.740620411069742, 11.35020975856488 ], [ 79.737771174177439, 11.349998346728064 ], [ 79.735425832870717, 11.34984097213319 ], [ 79.734679142426785, 11.349710149365341 ], [ 79.733584276656799, 11.349443838322809 ], [ 79.731971700110492, 11.348883890205276 ], [ 79.730212496950259, 11.348165777197597 ], [ 79.728338760387928, 11.347366329926086 ], [ 79.726639158650144, 11.346752138067497 ], [ 79.724508894683694, 11.345844264419979 ], [ 79.723125216058307, 11.344755338224719 ], [ 79.720903120913619, 11.343047399944847 ], [ 79.716381174249918, 11.339744497573301 ], [ 79.715226646870349, 11.33889051693178 ], [ 79.713229108088825, 11.337263818170911 ], [ 79.713221679919741, 11.337257973271818 ], [ 79.712390704145932, 11.336604106582461 ], [ 79.712286289367199, 11.336494468651042 ], [ 79.710333507348068, 11.334444025391917 ], [ 79.707396678427358, 11.331389166596695 ], [ 79.705976381776054, 11.329866232940732 ], [ 79.705948678630989, 11.329836764584527 ], [ 79.705275403901979, 11.329120582006789 ], [ 79.702554070936444, 11.3265402364281 ], [ 79.698971577006986, 11.323404080766759 ], [ 79.696914676653165, 11.321691399347674 ], [ 79.695888524815899, 11.320832790602553 ], [ 79.693506420854476, 11.318889628349357 ], [ 79.690867797573816, 11.316625564706831 ], [ 79.689516479858227, 11.315685637173351 ], [ 79.689505292239659, 11.315677887429322 ], [ 79.688701112312486, 11.315120773829781 ], [ 79.683809023819109, 11.31199371833932 ], [ 79.680914157001951, 11.310294629184821 ], [ 79.679132346839268, 11.309142276036791 ], [ 79.677153625966312, 11.308075825729453 ], [ 79.677132020585432, 11.308067736642112 ], [ 79.67589864268345, 11.307605916587722 ], [ 79.675120026114314, 11.307452345198561 ], [ 79.673723117999728, 11.30730789963032 ], [ 79.673671672381715, 11.307297752788651 ], [ 79.672074287245209, 11.306982674633659 ], [ 79.671002550398853, 11.306774890017417 ], [ 79.668254511418255, 11.306214736796154 ], [ 79.665593506612282, 11.305713310994234 ], [ 79.664723317579686, 11.305690807941435 ], [ 79.664407289364448, 11.305582358811447 ], [ 79.664378870262098, 11.305584685226032 ], [ 79.663633288339227, 11.30564572431277 ], [ 79.662900485849576, 11.305519237301032 ], [ 79.662112719040934, 11.305329470122011 ], [ 79.660885272714836, 11.305071941585298 ], [ 79.659900558364981, 11.304760144928082 ], [ 79.658892948653502, 11.304452867765203 ], [ 79.657230393438041, 11.303915112778162 ], [ 79.656369344763519, 11.303594253146285 ], [ 79.655860945025083, 11.303219120569882 ], [ 79.653007536356625, 11.301347986943947 ], [ 79.651033522655737, 11.29993330780702 ], [ 79.651023115673155, 11.299924226594982 ], [ 79.650282387347758, 11.299277931436075 ], [ 79.647795393398852, 11.296579532063969 ], [ 79.64644885472056, 11.294934260123117 ], [ 79.645633595870962, 11.293623449562801 ], [ 79.645579885600156, 11.293503225001452 ], [ 79.644821494599626, 11.291805651566049 ], [ 79.644813742138737, 11.291788297317405 ], [ 79.644552671055905, 11.29115548493497 ], [ 79.644202282281029, 11.290179141633489 ], [ 79.643851897997706, 11.28920280029609 ], [ 79.643238142944455, 11.28713710678281 ], [ 79.642886040183996, 11.286112238004984 ], [ 79.6428763123278, 11.286083920946902 ], [ 79.642601506004283, 11.285274819559643 ], [ 79.642418263161062, 11.283638525776139 ], [ 79.642486907025173, 11.282214668746111 ], [ 79.642574387662478, 11.281208305440133 ], [ 79.642578459725655, 11.281161465736849 ], [ 79.642624237872539, 11.28065520460351 ], [ 79.642747113030396, 11.279868767431852 ], [ 79.642757011566502, 11.279805407690118 ], [ 79.642912678825468, 11.278806443988051 ], [ 79.643636123564775, 11.275872824829147 ], [ 79.644034434765118, 11.273364113718282 ], [ 79.644594563090862, 11.271147801591601 ], [ 79.644611343620369, 11.271081402274048 ], [ 79.645105855404481, 11.26966656518897 ], [ 79.645975853095905, 11.267994062432665 ], [ 79.646822950035784, 11.266416480805837 ], [ 79.648343110600621, 11.263365282041484 ], [ 79.648834249210836, 11.26241240709415 ], [ 79.648869666189242, 11.262343693972225 ], [ 79.649121497201037, 11.261850979713204 ], [ 79.649148940732971, 11.261317596740621 ], [ 79.649002360831446, 11.260553695198109 ], [ 79.648713694401394, 11.257466430028312 ], [ 79.648667700658876, 11.253913572560185 ], [ 79.648461528317995, 11.251915663583832 ], [ 79.64833493862649, 11.251459006067945 ], [ 79.64777531425564, 11.250354263352854 ], [ 79.646955607847048, 11.249260421239176 ], [ 79.645737548017351, 11.248501088595891 ], [ 79.644359227842614, 11.247710116799704 ], [ 79.643603685399881, 11.247551940682186 ], [ 79.643209886437191, 11.247466070614985 ], [ 79.640677684771589, 11.247163303137143 ], [ 79.637852429304132, 11.246706831921571 ], [ 79.635681981000076, 11.24641757302142 ], [ 79.635608244586621, 11.246413699858083 ], [ 79.633616853874869, 11.246309105044102 ], [ 79.633090270438473, 11.246643600560143 ], [ 79.630855712067572, 11.248288945371483 ], [ 79.629147721861656, 11.24968566909441 ], [ 79.626711235689584, 11.251460487993926 ], [ 79.626339990728752, 11.251848249265265 ], [ 79.626276028883893, 11.251916050364166 ], [ 79.625410414971071, 11.252833628364904 ], [ 79.62331770058347, 11.255057502570025 ], [ 79.623102476817806, 11.255179541414305 ], [ 79.622887256645413, 11.25522021543765 ], [ 79.62230570529681, 11.255242798213976 ], [ 79.620922806409055, 11.255274389604986 ], [ 79.619375054988623, 11.255378291310583 ], [ 79.617094639419051, 11.255491188372824 ], [ 79.616517664986816, 11.25555444157988 ], [ 79.616366553982957, 11.255531832396883 ], [ 79.616301259038195, 11.255453140761208 ], [ 79.612987675789029, 11.251459727647839 ], [ 79.612901175213679, 11.251104395581516 ], [ 79.61271802579526, 11.250891936214742 ], [ 79.612598981952132, 11.250720161041746 ], [ 79.612484516821979, 11.250548386647377 ], [ 79.612472334768398, 11.250533671304328 ], [ 79.61209532891165, 11.250078261813087 ], [ 79.611747354808259, 11.249608138854661 ], [ 79.611541336977623, 11.249052142891335 ], [ 79.611330765586843, 11.248152611932483 ], [ 79.61134400944907, 11.24720755805137 ], [ 79.611344034601899, 11.247205730726794 ], [ 79.611344573591055, 11.247167213295077 ], [ 79.61128512218724, 11.246123046816837 ], [ 79.61107919418815, 11.244391801913949 ], [ 79.611102192856038, 11.24296342719199 ], [ 79.610865538880972, 11.240912440786019 ], [ 79.610859663899021, 11.240861524803744 ], [ 79.610896320552513, 11.240495391682279 ], [ 79.61075901126469, 11.239726951068517 ], [ 79.610662973275964, 11.238122277871289 ], [ 79.610594379717512, 11.23692442373908 ], [ 79.610434232560223, 11.235410149816612 ], [ 79.610063405315998, 11.234682374336213 ], [ 79.609315350331144, 11.232585815419572 ], [ 79.609298912958081, 11.232539747584443 ], [ 79.609262303915315, 11.232277573847389 ], [ 79.609028850637586, 11.231463921798621 ], [ 79.608937318598336, 11.23093053367737 ], [ 79.608685565739947, 11.229967713804086 ], [ 79.608566571304152, 11.229307756563385 ], [ 79.608154555405861, 11.228494089972777 ], [ 79.607275546713822, 11.227278087888104 ], [ 79.607274823569995, 11.227277464052403 ], [ 79.606950483243395, 11.226997808426745 ], [ 79.606350735620381, 11.226315208249003 ], [ 79.605522069415187, 11.225524101585339 ], [ 79.604712349577639, 11.224554183780242 ], [ 79.604684267343544, 11.224520544796091 ], [ 79.604047935830593, 11.22348536233247 ], [ 79.603448227733409, 11.22254510560621 ], [ 79.602665392675689, 11.221478263696055 ], [ 79.602592144047435, 11.221392374411764 ], [ 79.602570175747147, 11.221377470778963 ], [ 79.601992390136203, 11.220985494562465 ], [ 79.601232402829439, 11.2204294346119 ], [ 79.600701326019987, 11.220067763240454 ], [ 79.600124466572083, 11.219683485590366 ], [ 79.599524727033867, 11.219213321021316 ], [ 79.598833430303614, 11.218634659681513 ], [ 79.598348151403968, 11.218227788283659 ], [ 79.596983812608357, 11.217653565981877 ], [ 79.596178024696798, 11.217373218141647 ], [ 79.595207402218847, 11.217160650219935 ], [ 79.594076540955442, 11.216884776409296 ], [ 79.59308759643892, 11.216753562625186 ], [ 79.591700353298464, 11.216391762408453 ], [ 79.589942253269413, 11.216034423923507 ], [ 79.589273821358077, 11.215821879689255 ], [ 79.588142975366026, 11.215518861357731 ], [ 79.586966344938901, 11.215220353369682 ], [ 79.585858377240527, 11.215034855780701 ], [ 79.58578319543777, 11.215011287361316 ], [ 79.585093806729148, 11.214795164857112 ], [ 79.584104900840217, 11.214496674625908 ], [ 79.583202989600011, 11.214193675171485 ], [ 79.58216371337646, 11.213958452816426 ], [ 79.581197701950828, 11.213682556562954 ], [ 79.580089753117065, 11.213447316168528 ], [ 79.579073391119792, 11.213126203226551 ], [ 79.577777739307408, 11.212827637253465 ], [ 79.576024306924523, 11.21220804600795 ], [ 79.574595934418809, 11.211674390572782 ], [ 79.573304934981294, 11.211072953431039 ], [ 79.57226577643705, 11.210367597157948 ], [ 79.571611139055221, 11.209992289322066 ], [ 79.571579233591237, 11.209976629051729 ], [ 79.5708740893309, 11.209630522937745 ], [ 79.570224018085639, 11.209332055570799 ], [ 79.569578491417403, 11.209200836595375 ], [ 79.56842476443677, 11.209051425611602 ], [ 79.568012708114281, 11.209051336612443 ], [ 79.567271034761191, 11.208924612407952 ], [ 79.56620887485407, 11.208793292793073 ], [ 79.565636600407387, 11.208684682023415 ], [ 79.56560668291516, 11.208680863868064 ], [ 79.565494673779, 11.208666569356609 ], [ 79.56478045743259, 11.208603126108343 ], [ 79.564249339300645, 11.208706969722243 ], [ 79.563741131801692, 11.208729454803775 ], [ 79.563072686415609, 11.208729300597177 ], [ 79.562541632064068, 11.208557409563648 ], [ 79.56194192756017, 11.208281538115399 ], [ 79.561250732339545, 11.207702790560834 ], [ 79.560486301067016, 11.207060740132077 ], [ 79.559566212417053, 11.20640056930073 ], [ 79.558508821665782, 11.205564075290924 ], [ 79.55846333816632, 11.205540246148331 ], [ 79.557904560906778, 11.205247511994369 ], [ 79.556993667412044, 11.204487891729199 ], [ 79.556325370248004, 11.203949819595438 ], [ 79.555679966648981, 11.203416272286573 ], [ 79.5545950865517, 11.202733443687896 ], [ 79.553372840572763, 11.20213645828073 ], [ 79.552681666013385, 11.201598371198846 ], [ 79.5515738743848, 11.201042090663595 ], [ 79.55042034593184, 11.200336627092661 ], [ 79.550401281884874, 11.200320484279789 ], [ 79.550324225298112, 11.200255237134122 ], [ 79.549495729772829, 11.199653822949191 ], [ 79.548758777066567, 11.199142836378385 ], [ 79.548108789364633, 11.198713236676793 ], [ 79.54702853020116, 11.198007779765355 ], [ 79.545902560264494, 11.197080817028619 ], [ 79.545858007419682, 11.197034263270227 ], [ 79.545664566901337, 11.196832137795454 ], [ 79.545042045189192, 11.196447740260757 ], [ 79.544350922732121, 11.195828271665826 ], [ 79.543636912099899, 11.195208793814198 ], [ 79.542643654771695, 11.194525947611901 ], [ 79.541833490268104, 11.193969721337421 ], [ 79.540890549375646, 11.193454132658642 ], [ 79.540103255080822, 11.192983790617097 ], [ 79.539004801439603, 11.192034209093805 ], [ 79.538975246866769, 11.192008479783587 ], [ 79.538542539174188, 11.191631768122825 ], [ 79.537714098446145, 11.191012239874633 ], [ 79.536885689159107, 11.190306826765525 ], [ 79.536144225113489, 11.18972800360681 ], [ 79.535059478865207, 11.18893662059139 ], [ 79.533974674226428, 11.188339599681155 ], [ 79.532615210587821, 11.187674681182925 ], [ 79.531091024672207, 11.18677917233304 ], [ 79.529100054372051, 11.185413393624005 ], [ 79.52908703239369, 11.185402206137223 ], [ 79.528679003218571, 11.185051632647887 ], [ 79.528244220417704, 11.184689865932635 ], [ 79.527479867298638, 11.184196898417227 ], [ 79.526720086604357, 11.183726530769125 ], [ 79.527402532234149, 11.182827251146406 ], [ 79.52865284158257, 11.181372183576054 ], [ 79.529431464439924, 11.180328286961123 ], [ 79.529981052832412, 11.179659486597938 ], [ 79.529839382223898, 11.17895880735796 ], [ 79.529802958234086, 11.178393770194621 ], [ 79.530201337706387, 11.178104613887777 ], [ 79.530764519405793, 11.17782455292657 ], [ 79.531391670136543, 11.177892567919987 ], [ 79.531835659770792, 11.178091605407529 ], [ 79.532256842976579, 11.178046545000386 ], [ 79.532700995205886, 11.177770960858282 ], [ 79.53328701657135, 11.177626507571434 ], [ 79.533854629660027, 11.177771341568935 ], [ 79.534275723932637, 11.17799296971736 ], [ 79.534467939148939, 11.178160280412095 ], [ 79.534513648125511, 11.178372743907433 ], [ 79.534371623580782, 11.178693631903496 ], [ 79.534550063132187, 11.178996543380888 ], [ 79.535172572267896, 11.179263437916278 ], [ 79.535740130559347, 11.179584554937749 ], [ 79.536051342906362, 11.179851346704709 ], [ 79.536422173743873, 11.179797222724885 ], [ 79.536641948374751, 11.179697849111719 ], [ 79.537603063982061, 11.180475628574445 ], [ 79.537831911597337, 11.180629386610287 ], [ 79.537937586712417, 11.179449649347502 ], [ 79.537649265235459, 11.1791738268335 ], [ 79.537695220350429, 11.178631417630529 ], [ 79.537933579327941, 11.177682249977183 ], [ 79.53792456383573, 11.177248309007096 ], [ 79.537901773576976, 11.176940929390714 ], [ 79.538355200911568, 11.176272082437606 ], [ 79.538451453597631, 11.175905975035406 ], [ 79.538479055233083, 11.175490125880994 ], [ 79.53834646838871, 11.174956700638674 ], [ 79.538562050582186, 11.173641390427298 ], [ 79.538466186866629, 11.172796083202782 ], [ 79.538489497249941, 11.171485232234877 ], [ 79.53844406944603, 11.170395848901407 ], [ 79.538467222624149, 11.169568659671635 ], [ 79.538371182838802, 11.169279337695576 ], [ 79.539643700337663, 11.169614228142974 ], [ 79.539740297976806, 11.168145192591476 ], [ 79.53906752360939, 11.167656802652806 ], [ 79.538948576784307, 11.167421714351764 ], [ 79.539214384683618, 11.16648611566773 ], [ 79.539310771218652, 11.165686069379241 ], [ 79.539864725423442, 11.16552803258535 ], [ 79.540130288980976, 11.165351826570317 ], [ 79.540102920907543, 11.165039926432394 ], [ 79.539864971561812, 11.164750559401398 ], [ 79.539768938064711, 11.164438634821956 ], [ 79.539769079100182, 11.163995656413817 ], [ 79.539480726182219, 11.163859960965029 ], [ 79.539526913960842, 11.162567196641906 ], [ 79.540080763062733, 11.162725575237236 ], [ 79.540753645228023, 11.162838786100087 ], [ 79.541211456341188, 11.162703319253959 ], [ 79.542172747119992, 11.162771412704204 ], [ 79.542410759347788, 11.162857368731505 ], [ 79.542580215746341, 11.162590726144073 ], [ 79.542365201288149, 11.162147682342649 ], [ 79.542122701975529, 11.161767911592957 ], [ 79.542054229689597, 11.161144104163217 ], [ 79.541926155082919, 11.16082313065967 ], [ 79.542617289218128, 11.161117150595366 ], [ 79.544530697180051, 11.161284964562702 ], [ 79.546526470772037, 11.161574834758275 ], [ 79.548549680709442, 11.161977705226882 ], [ 79.548914817126345, 11.162053483097218 ], [ 79.548920449563184, 11.162054651730701 ], [ 79.549030308132529, 11.162072763786167 ], [ 79.550334876622429, 11.162312693111806 ], [ 79.551740155238832, 11.162557164566875 ], [ 79.553053905409243, 11.162711202664843 ], [ 79.553932808100086, 11.162756635608103 ], [ 79.555040614101713, 11.162725281757545 ], [ 79.555832529330317, 11.162815889405799 ], [ 79.556532853230877, 11.163046596873084 ], [ 79.556908263679688, 11.16289300401958 ], [ 79.557389008782096, 11.162545068438023 ], [ 79.55736170269239, 11.161921273253697 ], [ 79.557425946608234, 11.161311062348794 ], [ 79.557522376262426, 11.160140353300516 ], [ 79.557545615678805, 11.158766215759133 ], [ 79.557701658433544, 11.157184181984141 ], [ 79.557812021856122, 11.155213399670265 ], [ 79.557789341191793, 11.154399758418412 ], [ 79.558054831087517, 11.154431463943219 ], [ 79.558425572093469, 11.154589763246863 ], [ 79.55926781813082, 11.154680373432971 ], [ 79.559785061783188, 11.154766382091303 ], [ 79.560654787285088, 11.154802753413252 ], [ 79.562375955776218, 11.154766998151118 ], [ 79.565555426841669, 11.15498470866512 ], [ 79.565621390132989, 11.154989226433523 ], [ 79.565809334758441, 11.153827575073304 ], [ 79.565832272340884, 11.153606088878822 ], [ 79.565914921838598, 11.152489616234748 ], [ 79.566107479313004, 11.151151676796008 ], [ 79.566398499329068, 11.149247407809531 ], [ 79.566410039985527, 11.149171891888965 ], [ 79.567151609134029, 11.149081650157459 ], [ 79.567613931586592, 11.149081749751339 ], [ 79.56855695602242, 11.14878361665653 ], [ 79.56885918341996, 11.148254817108057 ], [ 79.569083559221752, 11.14787968621563 ], [ 79.569596289738129, 11.147613101273512 ], [ 79.570040294643746, 11.147644834860914 ], [ 79.570658251117564, 11.147635921605634 ], [ 79.571015278442403, 11.147703798245635 ], [ 79.571495895984043, 11.147767179023353 ], [ 79.571875789026109, 11.147934503610839 ], [ 79.57216415901209, 11.147979764354481 ], [ 79.572580693436279, 11.148043130088849 ], [ 79.572696305715027, 11.148043153004327 ], [ 79.572782101112878, 11.14804316975024 ], [ 79.572516807049908, 11.14707579175286 ], [ 79.572063843246013, 11.146090295723791 ], [ 79.570979209287117, 11.145068508431509 ], [ 79.570787057851206, 11.144593847662389 ], [ 79.571112171627263, 11.144028886410952 ], [ 79.571071060228306, 11.143622059231765 ], [ 79.570206039203541, 11.143129178864319 ], [ 79.569038902172338, 11.142704035329054 ], [ 79.568434715075171, 11.142590902116494 ], [ 79.568050290930799, 11.142247283918561 ], [ 79.567647653444041, 11.141483282110244 ], [ 79.567556181591925, 11.141139726945205 ], [ 79.567185505264646, 11.140741867363824 ], [ 79.567089473564181, 11.140325987256011 ], [ 79.566443958574041, 11.140823070417968 ], [ 79.566192250631431, 11.140624124613769 ], [ 79.565428154430535, 11.139231730218951 ], [ 79.564577074360685, 11.137934238725798 ], [ 79.563666144933364, 11.138141962417956 ], [ 79.563405222970857, 11.138209706419959 ], [ 79.562878844350365, 11.138168903132371 ], [ 79.56254478515072, 11.137816248048823 ], [ 79.562329785065529, 11.13726021188873 ], [ 79.562302534671417, 11.13636972401185 ], [ 79.562069185598261, 11.135985451763018 ], [ 79.561538272282192, 11.135786437427866 ], [ 79.560888371716857, 11.135496990153587 ], [ 79.560627588993242, 11.135004224708297 ], [ 79.560522446579128, 11.134457253725872 ], [ 79.560756003163121, 11.133973646988871 ], [ 79.561158987399565, 11.133200785563854 ], [ 79.561374342319226, 11.132269672421035 ], [ 79.561301218556807, 11.131808593638565 ], [ 79.560852672667465, 11.131727123645199 ], [ 79.559397123429434, 11.131735814390018 ], [ 79.559397339923436, 11.130863413037375 ], [ 79.559154816356283, 11.130596661782933 ], [ 79.559123021385119, 11.130604140612187 ], [ 79.558802168318465, 11.130679616399597 ], [ 79.558593898411402, 11.130729153819832 ], [ 79.558573087141241, 11.130734137353306 ], [ 79.558375305065127, 11.13078221337463 ], [ 79.55831796919378, 11.130796271977944 ], [ 79.55835744565897, 11.13078655523551 ], [ 79.558317142743718, 11.130795347371373 ], [ 79.558317104116185, 11.130795356185557 ], [ 79.558120311983501, 11.130845021391574 ], [ 79.557484136777418, 11.130636931992839 ], [ 79.557465384445848, 11.130607567564146 ], [ 79.557186739621145, 11.130171276060477 ], [ 79.557241876416612, 11.129353130332369 ], [ 79.557077233191364, 11.128824224959603 ], [ 79.556441087629651, 11.128521210937794 ], [ 79.555919306586773, 11.12847135582933 ], [ 79.555525615421928, 11.128688225753466 ], [ 79.555356155430104, 11.129095002411564 ], [ 79.555291691427001, 11.130555015674206 ], [ 79.555291760597271, 11.130556768814293 ], [ 79.555287387598469, 11.130662126432295 ], [ 79.555283014599667, 11.130767481367917 ], [ 79.555282575323488, 11.130778059255558 ], [ 79.555282395660427, 11.130782590621187 ], [ 79.555281970757306, 11.130793910661481 ], [ 79.555275190273548, 11.130978229025732 ], [ 79.555274504858957, 11.130979701872782 ], [ 79.555254806601397, 11.131567533847639 ], [ 79.555364553779668, 11.131974381404117 ], [ 79.55532787107505, 11.132222983107622 ], [ 79.555199702145259, 11.132250071565787 ], [ 79.554966274918684, 11.132209330023121 ], [ 79.55477868243284, 11.131933548155843 ], [ 79.554366911774579, 11.131268970303696 ], [ 79.553762890865769, 11.130645023406236 ], [ 79.553071830392426, 11.13030130560735 ], [ 79.552641600253409, 11.130210788308986 ], [ 79.552220473641469, 11.130310122437589 ], [ 79.551529312556823, 11.130337057706882 ], [ 79.550989251696208, 11.130178703778343 ], [ 79.550902324421116, 11.130038554600741 ], [ 79.55101683177206, 11.1297538119222 ], [ 79.551277765412635, 11.129627315746292 ], [ 79.551575282044851, 11.129622876030444 ], [ 79.552106196259217, 11.129754105435122 ], [ 79.55258222610469, 11.129736150022318 ], [ 79.553154452042364, 11.129437967137578 ], [ 79.553236950623102, 11.129031168922904 ], [ 79.553324001865732, 11.128714776872146 ], [ 79.553310546001072, 11.127693205345103 ], [ 79.553118510447831, 11.126933757583359 ], [ 79.552583190895305, 11.126187781397229 ], [ 79.55223091026842, 11.125613620165201 ], [ 79.551626833664045, 11.125247322026357 ], [ 79.551370544313485, 11.12514780812152 ], [ 79.550748010024947, 11.125328449191628 ], [ 79.550084082266466, 11.126218749594415 ], [ 79.549776428146259, 11.126472671234884 ], [ 79.549664574418685, 11.126564690770062 ], [ 79.549619647874664, 11.126601412901035 ], [ 79.549600458063566, 11.126617171984158 ], [ 79.549584422237459, 11.126630205685736 ], [ 79.549552424247011, 11.126656358585789 ], [ 79.549439979427973, 11.126747675563777 ], [ 79.549423763938762, 11.126760807979595 ], [ 79.549328683554137, 11.126837812279577 ], [ 79.549305792684066, 11.126855886863986 ], [ 79.549003719796758, 11.126797040011175 ], [ 79.548893994178059, 11.126358549800576 ], [ 79.548901513975295, 11.126324929393446 ], [ 79.549031482230617, 11.125743837728836 ], [ 79.548821217165312, 11.124753852599905 ], [ 79.548688631219278, 11.124229470344357 ], [ 79.548382176350003, 11.123497109877508 ], [ 79.548382300317499, 11.123063169985274 ], [ 79.548492229853764, 11.122782946690373 ], [ 79.54887674113472, 11.12264744796739 ], [ 79.549247437224921, 11.122805758391845 ], [ 79.549586011357192, 11.123257873077691 ], [ 79.550684284437025, 11.124053730267024 ], [ 79.551077885770326, 11.124153281565846 ], [ 79.551480685852169, 11.124090107191 ], [ 79.551842341297331, 11.123846111993551 ], [ 79.551970609940142, 11.123443847146168 ], [ 79.551233989610537, 11.122403999819252 ], [ 79.550488165142511, 11.121563038110759 ], [ 79.549929972686215, 11.120830610123331 ], [ 79.54984312895445, 11.120405686124071 ], [ 79.549724263876044, 11.119917469874613 ], [ 79.549976182024437, 11.119266627604574 ], [ 79.550163945190164, 11.118886981576862 ], [ 79.55030135868256, 11.118511840167525 ], [ 79.55031061761818, 11.118136665661664 ], [ 79.550283259426209, 11.117770520313716 ], [ 79.550031641315101, 11.11735459241952 ], [ 79.549651841697852, 11.117038072220193 ], [ 79.549555841438362, 11.116631225844746 ], [ 79.549780361868883, 11.115740803602973 ], [ 79.550146723587872, 11.115004109683602 ], [ 79.550146818809267, 11.114665092805449 ], [ 79.54964347928086, 11.11423101371685 ], [ 79.54935522517755, 11.113900958708971 ], [ 79.548961690319558, 11.113620597031547 ], [ 79.54880156292522, 11.113394542440567 ], [ 79.548572749445938, 11.113285992947386 ], [ 79.548472079743618, 11.113204600634068 ], [ 79.548179073552447, 11.113498332839969 ], [ 79.54768907041273, 11.114451962205321 ], [ 79.5475560496821, 11.115455413181992 ], [ 79.54724011219669, 11.11589830507001 ], [ 79.546905908368274, 11.116196545000287 ], [ 79.546774824405389, 11.116179052400785 ], [ 79.546636655429865, 11.116160960406502 ], [ 79.546571345213749, 11.11615240758659 ], [ 79.546547953982056, 11.116149393870003 ], [ 79.546531459116821, 11.116147268666532 ], [ 79.546498455013264, 11.116143112575871 ], [ 79.546360198002844, 11.116125704593459 ], [ 79.546354650007643, 11.11612500559451 ], [ 79.54632089491254, 11.116121250568526 ], [ 79.546223967591686, 11.116110465886857 ], [ 79.546050051057733, 11.116087815850385 ], [ 79.545688436036741, 11.1162097581045 ], [ 79.544846134303853, 11.116688657362808 ], [ 79.544255653701285, 11.116864772974974 ], [ 79.543601240898283, 11.116557206116642 ], [ 79.543166601827849, 11.115992051201752 ], [ 79.54287853637075, 11.115065321242739 ], [ 79.542837609126394, 11.114197427169614 ], [ 79.543052794264511, 11.113966960396885 ], [ 79.543574586087175, 11.113885749856033 ], [ 79.543849088780092, 11.114261009163203 ], [ 79.544398270235803, 11.11442389807206 ], [ 79.544906387903225, 11.114157353018259 ], [ 79.545240625867592, 11.113741589212593 ], [ 79.545487914099013, 11.113285119410536 ], [ 79.545254623416369, 11.112842070178187 ], [ 79.544124411634897, 11.111901536020083 ], [ 79.543515792250147, 11.111553299711648 ], [ 79.543227481552975, 11.111444729259338 ], [ 79.542719398919843, 11.111607306817222 ], [ 79.542096893377405, 11.111769849025542 ], [ 79.541694090600657, 11.1118872526109 ], [ 79.541414937329449, 11.111769643641949 ], [ 79.541186302614932, 11.111096062244973 ], [ 79.541140646638908, 11.110734430920489 ], [ 79.541245991173966, 11.110485851435842 ], [ 79.541335278323345, 11.110278077175524 ], [ 79.541371572955768, 11.110194467102277 ], [ 79.541391731150739, 11.110147693156415 ], [ 79.541403054414872, 11.110121947781966 ], [ 79.541425450313241, 11.110070351248645 ], [ 79.541516673332026, 11.109863073847405 ], [ 79.541531917742375, 11.109828903257139 ], [ 79.541540093309791, 11.109810311069502 ], [ 79.541608943786429, 11.109656247617195 ], [ 79.541680058915887, 11.109498983424183 ], [ 79.541691230364762, 11.109474131814808 ], [ 79.541695333868986, 11.109465202406167 ], [ 79.541702260778138, 11.109449883136774 ], [ 79.541796620713896, 11.10924397864415 ], [ 79.541845127044297, 11.109139190655819 ], [ 79.541937573568489, 11.108940143883361 ], [ 79.541502820412035, 11.108790846153758 ], [ 79.540839216047033, 11.108668599330718 ], [ 79.540029151256434, 11.108559867374803 ], [ 79.539461398928864, 11.109273885573554 ], [ 79.538811341158336, 11.109730227666926 ], [ 79.538381069696811, 11.109879261353253 ], [ 79.538047067091043, 11.109544660911158 ], [ 79.537946544712412, 11.10902028391766 ], [ 79.538248838585289, 11.108324265023928 ], [ 79.538683821710492, 11.107745811915533 ], [ 79.539132505940415, 11.107253247248407 ], [ 79.538958695407644, 11.106914177288884 ], [ 79.538322737593859, 11.106231425988117 ], [ 79.537293174853446, 11.105562109694574 ], [ 79.537204975563924, 11.105484120436641 ], [ 79.536945438803613, 11.105254625240088 ], [ 79.536744358113765, 11.104341476779636 ], [ 79.536424300056126, 11.103374048867611 ], [ 79.536062903325771, 11.102863147761949 ], [ 79.536058612971985, 11.101990784311988 ], [ 79.536058612971985, 11.101990743762805 ], [ 79.53605594677218, 11.101815667281896 ], [ 79.536055821008063, 11.101807390833981 ], [ 79.536055714108542, 11.101764160956701 ], [ 79.536055738363061, 11.101717642177862 ], [ 79.536055653023098, 11.101624608123931 ], [ 79.536055814719845, 11.101573457011773 ], [ 79.536055833584484, 11.101538150071912 ], [ 79.536056049180161, 11.101499620343038 ], [ 79.536056232436465, 11.101441825299508 ], [ 79.536056839697608, 11.10135822503611 ], [ 79.536057937438898, 11.101259213372879 ], [ 79.536082615956346, 11.098568943948715 ], [ 79.537386938307861, 11.098664282372768 ], [ 79.537876689919273, 11.098515269406329 ], [ 79.538329820809878, 11.098393363834315 ], [ 79.538618321051572, 11.097860068781628 ], [ 79.538586544046709, 11.097041899410344 ], [ 79.538719695931377, 11.095694913042436 ], [ 79.539209450237777, 11.095523296294232 ], [ 79.539950838824907, 11.095604888354245 ], [ 79.540962303207252, 11.095510270899625 ], [ 79.541529867786892, 11.095307032884367 ], [ 79.541630386572251, 11.095844969407471 ], [ 79.541355574858855, 11.096541001301619 ], [ 79.541345654763177, 11.096690496585243 ], [ 79.541332040795027, 11.096857169966933 ], [ 79.541332035405148, 11.096857254592841 ], [ 79.54132747735342, 11.096917501167832 ], [ 79.541309285570591, 11.09714279719058 ], [ 79.541297461046497, 11.097280569734711 ], [ 79.541296810666225, 11.097288141096197 ], [ 79.541295250292578, 11.097307634111548 ], [ 79.541293951328669, 11.097321450147913 ], [ 79.541289954723979, 11.097367999598623 ], [ 79.541269484813583, 11.097593104866128 ], [ 79.541247874042824, 11.097818105941167 ], [ 79.541239334657703, 11.097902524383771 ], [ 79.541237458975402, 11.097922483680319 ], [ 79.541235189830999, 11.097943494624603 ], [ 79.54122512510655, 11.098042998416433 ], [ 79.541201238004831, 11.098267772595459 ], [ 79.54117621363595, 11.098492429360073 ], [ 79.54117231494763, 11.098525883724362 ], [ 79.541171168697318, 11.098536497160527 ], [ 79.541169137606488, 11.098553156023268 ], [ 79.541167781150406, 11.098564798185913 ], [ 79.541150051101624, 11.098716959013833 ], [ 79.541122752198476, 11.098941355386485 ], [ 79.541121712847684, 11.098949559631523 ], [ 79.541097744897598, 11.099149748604436 ], [ 79.54108012713823, 11.099275653282451 ], [ 79.54109266941623, 11.099822816322124 ], [ 79.541095931199024, 11.100037462343739 ], [ 79.541096112658707, 11.100047070803514 ], [ 79.541096487256183, 11.100074091730004 ], [ 79.541096488154494, 11.100074137568541 ], [ 79.541097404436101, 11.10014017059175 ], [ 79.541098080867513, 11.100178942033619 ], [ 79.541098376413231, 11.100210314960661 ], [ 79.541099246880748, 11.100273060804655 ], [ 79.541101236649084, 11.100499063853526 ], [ 79.541101325582289, 11.100522847838578 ], [ 79.541101457634667, 11.100536832090983 ], [ 79.541101505245393, 11.100571107787015 ], [ 79.541102081963786, 11.100725072898072 ], [ 79.5411019085889, 11.100855653294831 ], [ 79.54110196518279, 11.100894737576885 ], [ 79.54110183941863, 11.100909451699643 ], [ 79.541101831333833, 11.100915026352716 ], [ 79.541101174665357, 11.101014485056787 ], [ 79.541098897436115, 11.10125159803899 ], [ 79.541093052098532, 11.101870264152939 ], [ 79.541193275338159, 11.103371007692532 ], [ 79.541353356020096, 11.103710072952889 ], [ 79.541421855255464, 11.104202797861323 ], [ 79.541655129768429, 11.104659409688352 ], [ 79.542277468224228, 11.104994093303045 ], [ 79.543000540162737, 11.105184158574529 ], [ 79.54420429432156, 11.104981101827681 ], [ 79.545609387884994, 11.104904665609384 ], [ 79.546231833240313, 11.104891283627552 ], [ 79.547074014598977, 11.104701673898786 ], [ 79.547261810104061, 11.104190942601093 ], [ 79.547610059990248, 11.102744569030234 ], [ 79.548219047684285, 11.101763852429997 ], [ 79.548486851640149, 11.1013712334213 ], [ 79.548530394778595, 11.101307395627071 ], [ 79.548274274311311, 11.100692574340453 ], [ 79.5478259700688, 11.099951131640811 ], [ 79.547318133574066, 11.099336238740861 ], [ 79.546563142696883, 11.098780038390904 ], [ 79.546265742845648, 11.09849517968606 ], [ 79.546275008967811, 11.098106458753946 ], [ 79.546280425808973, 11.097949629978716 ], [ 79.546281879283114, 11.097903705615902 ], [ 79.546282600630278, 11.097878769275383 ], [ 79.546283556437757, 11.097850709719118 ], [ 79.546285332407052, 11.097794586190924 ], [ 79.546289627252435, 11.097672255426863 ], [ 79.546290306378779, 11.097652886729778 ], [ 79.546290530957606, 11.09764651688581 ], [ 79.546290775299354, 11.09763955995118 ], [ 79.546290905555068, 11.097636747029396 ], [ 79.546296758079166, 11.097484553904078 ], [ 79.54631652460867, 11.096994479848165 ], [ 79.546220606994225, 11.09633901928963 ], [ 79.545927885568986, 11.095710624429833 ], [ 79.545049291000282, 11.095312592658448 ], [ 79.544555161000176, 11.094824264787743 ], [ 79.544386047758024, 11.09408289887169 ], [ 79.544171174335347, 11.093327958152413 ], [ 79.543507788260982, 11.092595488392725 ], [ 79.543279140071689, 11.091998750197327 ], [ 79.543787278400345, 11.09154235659266 ], [ 79.543494588416152, 11.09084163623363 ], [ 79.543046364123668, 11.089923896610626 ], [ 79.54252480406636, 11.089381316683802 ], [ 79.541536371589586, 11.089055564607818 ], [ 79.541692316427941, 11.087952676149518 ], [ 79.542278138367422, 11.087853406057988 ], [ 79.54195170855948, 11.08673873290968 ], [ 79.541935260406632, 11.086682564933081 ], [ 79.541555778792983, 11.085489111669082 ], [ 79.541347502597702, 11.085289923600023 ], [ 79.541336015840187, 11.085279542413215 ], [ 79.541372482050832, 11.085314632692036 ], [ 79.541333760170517, 11.085277503377405 ], [ 79.541295084104235, 11.085240328217205 ], [ 79.541256451157125, 11.085203108974529 ], [ 79.541217219932065, 11.085168073338718 ], [ 79.541084542357851, 11.085036947301546 ], [ 79.541057178775972, 11.084729562900032 ], [ 79.541235765651109, 11.084390599913746 ], [ 79.541265613973025, 11.084381539267847 ], [ 79.541354764578472, 11.084354474575665 ], [ 79.541702592256485, 11.084300336368177 ], [ 79.542109830015818, 11.084517428650857 ], [ 79.542448263112561, 11.085254327305828 ], [ 79.542905840663792, 11.085480474203147 ], [ 79.543491361667677, 11.08636661181948 ], [ 79.543838986326435, 11.086995025006409 ], [ 79.544566748369036, 11.08666074127124 ], [ 79.545097662583387, 11.086520767777557 ], [ 79.545483430607433, 11.086419544564023 ], [ 79.545496913421545, 11.086415919625601 ], [ 79.54551067471337, 11.086412217992185 ], [ 79.545538154177919, 11.086404648112037 ], [ 79.545758566612648, 11.086343931266107 ], [ 79.545863499719303, 11.086315025194491 ], [ 79.545896520890835, 11.086305792705691 ], [ 79.545921478784393, 11.086298812580772 ], [ 79.545978766146689, 11.086282477430458 ], [ 79.546198612642783, 11.086219790290954 ], [ 79.546267166675378, 11.086200242761405 ], [ 79.546295112365542, 11.086192129839837 ], [ 79.546313322114671, 11.086186843173333 ], [ 79.54632708340651, 11.086182847980242 ], [ 79.546418130355505, 11.08615600031653 ], [ 79.546637392048368, 11.086091347288631 ], [ 79.546645071745715, 11.086089081699585 ], [ 79.546689541945582, 11.086074612783598 ], [ 79.546983330569333, 11.085987920045307 ], [ 79.548278536817335, 11.085771312826871 ], [ 79.549770634911027, 11.085175055253742 ], [ 79.550681532897315, 11.084524389424047 ], [ 79.552004317424533, 11.083833150161443 ], [ 79.552736700400956, 11.0832728351561 ], [ 79.552874051909569, 11.083060420395435 ], [ 79.552695997735441, 11.081478293935366 ], [ 79.552692833868988, 11.081468079229246 ], [ 79.552691417225802, 11.081455694106991 ], [ 79.55268999968429, 11.08144330986576 ], [ 79.552688581244439, 11.081430925624034 ], [ 79.552540760769503, 11.080144784707082 ], [ 79.552357977863679, 11.07914124592504 ], [ 79.552545950336892, 11.077960691977529 ], [ 79.552568849291802, 11.077816874170951 ], [ 79.552439572739246, 11.077790236436341 ], [ 79.55212954437178, 11.0777263538212 ], [ 79.551145755286697, 11.077269547403587 ], [ 79.550290164775802, 11.076600321703744 ], [ 79.549663297912659, 11.07627469380196 ], [ 79.549036460693912, 11.075849621227285 ], [ 79.54790173038657, 11.075162230746903 ], [ 79.547832851163861, 11.075122517980768 ], [ 79.547297757088472, 11.074814002667035 ], [ 79.547182093605727, 11.074746112592411 ], [ 79.547121730411888, 11.074710869413154 ], [ 79.547102368124257, 11.074699615961935 ], [ 79.547089867168779, 11.074692266175381 ], [ 79.547064819443705, 11.074677642418084 ], [ 79.546947750995869, 11.0746088284089 ], [ 79.546941556213682, 11.074605073730908 ], [ 79.546831053552268, 11.074538138366485 ], [ 79.545906801210961, 11.073990926245573 ], [ 79.545490406923932, 11.07382807915133 ], [ 79.544945558941194, 11.07473648743261 ], [ 79.54449699059397, 11.075034693567687 ], [ 79.543805969646485, 11.075034491684612 ], [ 79.543339261618698, 11.074781221766335 ], [ 79.542872596710069, 11.074392344122364 ], [ 79.542470026596945, 11.073917600103359 ], [ 79.54214992272523, 11.073144546174824 ], [ 79.541893742969137, 11.072846133584942 ], [ 79.540864159567505, 11.072592690744386 ], [ 79.540269319440881, 11.072352937950967 ], [ 79.540236055724236, 11.072327484580955 ], [ 79.539134678066759, 11.071484705429702 ], [ 79.537400564852433, 11.07059368012311 ], [ 79.536837730801039, 11.070457896237663 ], [ 79.536677572863979, 11.070426203624406 ], [ 79.53656339878799, 11.069711972396568 ], [ 79.536531563392657, 11.069101729848313 ], [ 79.536984868556374, 11.068301792745364 ], [ 79.537209203933969, 11.067985447748878 ], [ 79.537177297571688, 11.067587656840061 ], [ 79.536921114222352, 11.067334443074882 ], [ 79.536933723873958, 11.067025514015183 ], [ 79.536942332429362, 11.066799662303085 ], [ 79.536942631568351, 11.066791791286542 ], [ 79.536942876808425, 11.066784448354376 ], [ 79.536945208834894, 11.066714228084747 ], [ 79.536949801920954, 11.066573771626009 ], [ 79.536950317553917, 11.066557984618406 ], [ 79.536950730778955, 11.066543334888204 ], [ 79.536952931651371, 11.066465142150161 ], [ 79.53695613324706, 11.066347846391865 ], [ 79.536956782728993, 11.066324091365701 ], [ 79.536957287582197, 11.066302184195852 ], [ 79.536959071636375, 11.06622491620444 ], [ 79.536961326407706, 11.066121893653543 ], [ 79.536962660405905, 11.06606100685666 ], [ 79.536967367578001, 11.065815659288365 ], [ 79.536359058112012, 11.064830057243281 ], [ 79.5358284484265, 11.06414281281238 ], [ 79.535201703734231, 11.063577582997437 ], [ 79.53502789859138, 11.06331083288797 ], [ 79.534899876086982, 11.062980814720456 ], [ 79.534739804388181, 11.062700508238988 ], [ 79.533820093928952, 11.062433516647904 ], [ 79.532616656875419, 11.062193550120753 ], [ 79.532264386130009, 11.0619267405642 ], [ 79.532072337102065, 11.06149273392403 ], [ 79.53195808127937, 11.061063273194334 ], [ 79.532296933889413, 11.060407951670182 ], [ 79.532681496374309, 11.059901813029827 ], [ 79.532809782085096, 11.059440791938917 ], [ 79.532585751236368, 11.058857607392966 ], [ 79.531977378888314, 11.058143210429616 ], [ 79.531099186764877, 11.056949574710794 ], [ 79.530390143816177, 11.05624870013181 ], [ 79.529891471933965, 11.055918554991617 ], [ 79.529838100328007, 11.055898527588642 ], [ 79.529460199749224, 11.055756730256753 ], [ 79.52924602970738, 11.055677206003832 ], [ 79.529163023578519, 11.055646383737722 ], [ 79.528865072161707, 11.055538076420104 ], [ 79.528566368854996, 11.055431810951051 ], [ 79.528267198424359, 11.055325849610949 ], [ 79.527306705349531, 11.054996240354017 ], [ 79.527172626403484, 11.054950580797749 ], [ 79.527165504559903, 11.054948111307567 ], [ 79.527153454558672, 11.054944053091402 ], [ 79.527091041409378, 11.054922276436214 ], [ 79.52706077177757, 11.05491160499294 ], [ 79.527000187598162, 11.054890392588863 ], [ 79.526905309334495, 11.054856800989379 ], [ 79.526875567013747, 11.05484627060714 ], [ 79.526862796563677, 11.054841750406924 ], [ 79.526847114673757, 11.054836196917261 ], [ 79.526693245841983, 11.054782876710524 ], [ 79.526006935659879, 11.054534023089213 ], [ 79.525297661844164, 11.054520212086151 ], [ 79.525137464381203, 11.054624121243394 ], [ 79.525063895054373, 11.054671840377312 ], [ 79.524977267816624, 11.05472802860057 ], [ 79.524964661758219, 11.054728190823541 ], [ 79.524634065563973, 11.054732428016946 ], [ 79.524345887817475, 11.05443399138557 ], [ 79.524263671307722, 11.054018098588058 ], [ 79.52408538896151, 11.053525329722449 ], [ 79.523591286809122, 11.053244897822397 ], [ 79.523284725040327, 11.0531679437835 ], [ 79.523223659363936, 11.05326373517776 ], [ 79.523028321603718, 11.053570151933068 ], [ 79.522836058776747, 11.053764453434617 ], [ 79.522465348313489, 11.053913487423442 ], [ 79.522094727681761, 11.053822945581322 ], [ 79.521724151067488, 11.053614880681943 ], [ 79.521564057809144, 11.05343853301166 ], [ 79.521468203076751, 11.052796624656803 ], [ 79.521518707260341, 11.052349139886253 ], [ 79.521180254400647, 11.05190603273206 ], [ 79.520956570301621, 11.051784569734597 ], [ 79.52029727695168, 11.051426562751827 ], [ 79.519652214712465, 11.051042102958752 ], [ 79.519126131637663, 11.050653167361677 ], [ 79.518833461416449, 11.050160351405411 ], [ 79.518481481725161, 11.049210970119029 ], [ 79.518243838704961, 11.048419838595169 ], [ 79.518404276018074, 11.047692141819365 ], [ 79.518642458027458, 11.047081998909173 ], [ 79.515197753086142, 11.044734685403469 ], [ 79.514154632971483, 11.044304856282183 ], [ 79.513858512321235, 11.044048131845251 ], [ 79.513857872720735, 11.044046455774115 ], [ 79.51375768990529, 11.043958964141453 ], [ 79.51370434165554, 11.043912094967213 ], [ 79.513687815349243, 11.043897632784994 ], [ 79.513677420943097, 11.043888443925059 ], [ 79.513656574638617, 11.043870129685256 ], [ 79.513555726171575, 11.043780999839587 ], [ 79.513548807347249, 11.043774751377113 ], [ 79.513529848403181, 11.043757629160975 ], [ 79.51351762502712, 11.043746589651242 ], [ 79.513454777991512, 11.043689830641618 ], [ 79.512722909749741, 11.043038628314687 ], [ 79.51179424398542, 11.042486791156039 ], [ 79.511252064897391, 11.042235644426377 ], [ 79.510925007167089, 11.042084143724974 ], [ 79.511643891159707, 11.040900128898782 ], [ 79.512271081416344, 11.04014097769384 ], [ 79.512674048584813, 11.039399818991727 ], [ 79.512642205104612, 11.038938742761804 ], [ 79.512143691325932, 11.038341874105754 ], [ 79.511933516092157, 11.037582390059658 ], [ 79.511965921917721, 11.036660274373322 ], [ 79.512496987947358, 11.035959847739207 ], [ 79.513092008635383, 11.035517099387178 ], [ 79.512996057783241, 11.035173524598015 ], [ 79.512740042418869, 11.034621953925729 ], [ 79.512753935763044, 11.034210617940662 ], [ 79.513079097149799, 11.033496548052923 ], [ 79.513285264999084, 11.032841194067002 ], [ 79.513432002105802, 11.032054730322699 ], [ 79.513670282031526, 11.031191458093296 ], [ 79.513753080649593, 11.030102112917334 ], [ 79.513593351208925, 11.029062395050648 ], [ 79.513515841871268, 11.02837528817216 ], [ 79.513433559784502, 11.028180886105899 ], [ 79.511827505905458, 11.028239014787502 ], [ 79.511667499783684, 11.027895412973511 ], [ 79.511754777401748, 11.02755470018116 ], [ 79.511777490405393, 11.027466033583266 ], [ 79.520458431120403, 11.025966968865113 ], [ 79.527856758171026, 11.026531608928872 ], [ 79.528954484176865, 11.02666565056243 ], [ 79.530055469270565, 11.026804528426307 ], [ 79.530121188220122, 11.026812817573848 ], [ 79.53187596088938, 11.019939242363931 ], [ 79.532447955960009, 11.016447886248761 ], [ 79.532471419955229, 11.01630466522696 ], [ 79.53246826597028, 11.016275182634987 ], [ 79.532461046210344, 11.016215015600286 ], [ 79.532453908197084, 11.016154838853916 ], [ 79.532446851032205, 11.016094652395836 ], [ 79.532442177996103, 11.016054319693705 ], [ 79.532441757584564, 11.01605069300394 ], [ 79.532439877410681, 11.016034456226047 ], [ 79.532357942073588, 11.015323100363249 ], [ 79.532294212892396, 11.014355746322318 ], [ 79.532198246768914, 11.014012175907919 ], [ 79.529645364088822, 11.013518616895521 ], [ 79.529370830853168, 11.013550164869299 ], [ 79.52928363408347, 11.014314057222986 ], [ 79.529123283008659, 11.014924236417492 ], [ 79.528706751279373, 11.015416800206241 ], [ 79.528569470737679, 11.015470996977475 ], [ 79.527549024100779, 11.015854867562389 ], [ 79.526761952588188, 11.016143890010754 ], [ 79.525892552276446, 11.016351517641242 ], [ 79.52515590230243, 11.016382900421959 ], [ 79.52461148281607, 11.016233538777355 ], [ 79.52461165708921, 11.015754393269715 ], [ 79.525348804729916, 11.014344338011238 ], [ 79.52443382929053, 11.014072798385492 ], [ 79.523614805601611, 11.01416291159301 ], [ 79.523455269298708, 11.012526524951024 ], [ 79.523954193607494, 11.011948112021344 ], [ 79.524082570946447, 11.011215878147391 ], [ 79.524146923558447, 11.010397735971098 ], [ 79.524051031995143, 11.009877874423792 ], [ 79.523200080384356, 11.009398185093882 ], [ 79.523072120762038, 11.009326052625084 ], [ 79.523127202760335, 11.008842405830498 ], [ 79.523447569838382, 11.008575825580589 ], [ 79.523978378949892, 11.008368084888737 ], [ 79.524490935193143, 11.008024728816281 ], [ 79.524733488404692, 11.007848524857122 ], [ 79.525117511002108, 11.008680385868111 ], [ 79.525437622958663, 11.00911444231498 ], [ 79.525698373342948, 11.009232060737087 ], [ 79.526018701793461, 11.009069444903391 ], [ 79.526531266121566, 11.008698963308101 ], [ 79.526741767443738, 11.008590551390348 ], [ 79.527464441428577, 11.009219115279528 ], [ 79.528489038282061, 11.009978869209149 ], [ 79.529422275572884, 11.010336287390947 ], [ 79.52993467011936, 11.010453985567015 ], [ 79.530355578440691, 11.010512891071263 ], [ 79.530867900223612, 11.01084304137739 ], [ 79.531124097946019, 11.01090188860646 ], [ 79.531348298576319, 11.010870322713334 ], [ 79.531750998046817, 11.010662524560829 ], [ 79.532213210006589, 11.010350780322844 ], [ 79.532643317974745, 11.01026503781371 ], [ 79.533064202041544, 11.010396263399166 ], [ 79.533416540160601, 11.010278850896778 ], [ 79.533640818944306, 11.010012228739868 ], [ 79.533723258236279, 11.009759122288628 ], [ 79.533764573552801, 11.009347792978987 ], [ 79.533766775323571, 11.009322011414545 ], [ 79.533764396584687, 11.009345953580222 ], [ 79.533771647785684, 11.00927234234862 ], [ 79.533773757029977, 11.009248350797096 ], [ 79.53380130207151, 11.008968104146899 ], [ 79.53389742719682, 11.008832528083296 ], [ 79.534977198575064, 11.008819315427491 ], [ 79.535086996058965, 11.008850991763497 ], [ 79.535105488777404, 11.008267885803697 ], [ 79.537173516562675, 11.008254979984144 ], [ 79.538509468595308, 11.008345800400704 ], [ 79.539310096583876, 11.00849521542685 ], [ 79.54005131538942, 11.008418597094073 ], [ 79.540618703899298, 11.008242478903787 ], [ 79.541035069440213, 11.008197402880006 ], [ 79.541597745388103, 11.00846426564374 ], [ 79.542160518354038, 11.008419231097841 ], [ 79.542364662298965, 11.006627011595524 ], [ 79.542368384019198, 11.006591567127538 ], [ 79.542371545190676, 11.006561470718166 ], [ 79.542175027044195, 11.00584721291542 ], [ 79.541937219632274, 11.00550360259324 ], [ 79.541484326795285, 11.005322658360967 ], [ 79.541356238713846, 11.005263855870508 ], [ 79.541260254624049, 11.004951929559406 ], [ 79.54116437204388, 11.004310026427708 ], [ 79.541150774245423, 11.003894158825659 ], [ 79.541228597993438, 11.003745013941925 ], [ 79.541420783565329, 11.003659186620807 ], [ 79.541759303798671, 11.003808455881671 ], [ 79.542015451215434, 11.00401646432856 ], [ 79.542514173403276, 11.003939767232591 ], [ 79.542884849730555, 11.00365962134808 ], [ 79.543077048777164, 11.003524070177189 ], [ 79.543383573715047, 11.003569362957018 ], [ 79.543767832569401, 11.003763845651385 ], [ 79.544394591634713, 11.00391319598474 ], [ 79.54492531540626, 11.003913349417765 ], [ 79.545139550126777, 11.003880340152412 ], [ 79.545218142832681, 11.00386823128704 ], [ 79.545424076221678, 11.003701041243124 ], [ 79.545598055637711, 11.003285226571458 ], [ 79.545680470675109, 11.003077319015544 ], [ 79.546545185374328, 11.00306400469448 ], [ 79.546902091426631, 11.002928497339674 ], [ 79.546915909312332, 11.002603042581715 ], [ 79.546884673093246, 11.001453509715805 ], [ 79.547265988168448, 11.000767912414736 ], [ 79.547285989158226, 11.000731951383983 ], [ 79.547219998917484, 11.000683876061759 ], [ 79.546851479445195, 11.000415402239639 ], [ 79.54585432432701, 11.000098724892821 ], [ 79.544491181189002, 10.999980874435636 ], [ 79.542501378698688, 10.999722721577349 ], [ 79.540735699583564, 10.999577631799449 ], [ 79.5396789071103, 11.000124379401877 ], [ 79.538032314059123, 10.999260507355254 ], [ 79.534802946969535, 10.998658414582366 ], [ 79.531944090018854, 10.99816488716383 ], [ 79.531874825418839, 10.998155286830789 ], [ 79.529460302157148, 10.997820622394332 ], [ 79.528156542151024, 10.998109578765261 ], [ 79.526633314737822, 10.997991601413068 ], [ 79.522969483749279, 10.997154177694215 ], [ 79.522947934063893, 10.996904936678723 ], [ 79.522942121964007, 10.996837718180979 ], [ 79.523217502310999, 10.993334235568247 ], [ 79.523528681420345, 10.992841569607004 ], [ 79.524553578311156, 10.991833754593952 ], [ 79.524366182556363, 10.991259565613021 ], [ 79.524521936951899, 10.990369028108571 ], [ 79.525395835128279, 10.989505827667353 ], [ 79.524618234553728, 10.98944682801698 ], [ 79.524618315402094, 10.989130376989223 ], [ 79.524611646309438, 10.989121492418807 ], [ 79.52418391618184, 10.988551593625976 ], [ 79.521791902006214, 10.987456853421287 ], [ 79.520021465413379, 10.988292640629377 ], [ 79.51877720172682, 10.98858157458849 ], [ 79.517844047979324, 10.988640047950636 ], [ 79.517565226186505, 10.987916643426244 ], [ 79.516481101572381, 10.988060956743015 ], [ 79.512066962624246, 10.988204157099657 ], [ 79.512008275686739, 10.985613759343458 ], [ 79.510576319801331, 10.98641796121348 ], [ 79.510485204580363, 10.985210894782236 ], [ 79.50955194573001, 10.985640041228489 ], [ 79.509616551666937, 10.983800126371927 ], [ 79.50859189372801, 10.983971557973415 ], [ 79.508560181401833, 10.982990547714843 ], [ 79.509058758960961, 10.982990722323429 ], [ 79.51147840441638, 10.983194987843223 ], [ 79.513097728208805, 10.982906208227982 ], [ 79.51343631401916, 10.982562745785145 ], [ 79.513811592415607, 10.981880239607527 ], [ 79.513377325247703, 10.980957866602639 ], [ 79.514525428774689, 10.980931123083975 ], [ 79.514434097958059, 10.980411208705073 ], [ 79.513656565655467, 10.980207518002306 ], [ 79.513656675249919, 10.979836817600477 ], [ 79.514992435941451, 10.979376144603059 ], [ 79.515240676387066, 10.978761292864485 ], [ 79.515271653891304, 10.978684565391523 ], [ 79.515272744446065, 10.974914273370755 ], [ 79.515456821824202, 10.972170535307209 ], [ 79.515461087025159, 10.972106958690603 ], [ 79.515488841374179, 10.971026512166123 ], [ 79.515905420714134, 10.969801528749041 ], [ 79.517085308432499, 10.970448375028472 ], [ 79.517972542997583, 10.970823880325478 ], [ 79.519125158762236, 10.970873973884121 ], [ 79.520442727670911, 10.969852699281782 ], [ 79.520900146220313, 10.969753384891893 ], [ 79.521650240380879, 10.969853070562014 ], [ 79.522537698626479, 10.969405790437802 ], [ 79.523447931859451, 10.969306608183118 ], [ 79.525245310724344, 10.969953608996246 ], [ 79.525730120703415, 10.970053208172658 ], [ 79.526507804821264, 10.969583277592143 ], [ 79.527180188421525, 10.969506620051792 ], [ 79.529142412632609, 10.969434847346857 ], [ 79.529490040884625, 10.96938521742482 ], [ 79.530189908441017, 10.969136772252364 ], [ 79.530281136849723, 10.968908045354034 ], [ 79.530308901080204, 10.968838436695707 ], [ 79.530427892821038, 10.968540101719871 ], [ 79.530135431008944, 10.967418876843849 ], [ 79.529330777669628, 10.965976537436793 ], [ 79.528164653039724, 10.965126306583342 ], [ 79.528270046982115, 10.964330687779354 ], [ 79.526902634151568, 10.963683828997775 ], [ 79.526472837898837, 10.963114091909471 ], [ 79.526390628575612, 10.962639390566117 ], [ 79.526528123814686, 10.961518286189557 ], [ 79.526848487299517, 10.960722729998466 ], [ 79.527383637070471, 10.96065055212043 ], [ 79.527278686895798, 10.959655959434778 ], [ 79.528458740802492, 10.959556840055118 ], [ 79.52886103243786, 10.960375207830889 ], [ 79.530471027226056, 10.960253597729581 ], [ 79.530983084005982, 10.96112172189272 ], [ 79.532675410288277, 10.961000123563331 ], [ 79.532672497051792, 10.961027522393456 ], [ 79.532487478239233, 10.962767682008991 ], [ 79.533132139829874, 10.963834750904711 ], [ 79.533154804324468, 10.9647298644188 ], [ 79.532514369307293, 10.965154639860915 ], [ 79.532056893265704, 10.965552341710563 ], [ 79.532056701924546, 10.966375115682634 ], [ 79.532083804994969, 10.967839842113488 ], [ 79.532161462554654, 10.968264813280438 ], [ 79.532458712387211, 10.968490930238151 ], [ 79.533291149719986, 10.968540883087414 ], [ 79.535733734554526, 10.967967394908413 ], [ 79.536941095449208, 10.968641296737532 ], [ 79.537581436143284, 10.96865954333863 ], [ 79.538898873897935, 10.967913953139922 ], [ 79.542174059558619, 10.966472639164573 ], [ 79.544964289713178, 10.965551062053953 ], [ 79.546171509572346, 10.967043182020694 ], [ 79.548106126758114, 10.967766929580042 ], [ 79.549565182120702, 10.967839580187176 ], [ 79.55021013476545, 10.967640805388578 ], [ 79.550690454964709, 10.967265684969846 ], [ 79.551253024911389, 10.967365260358418 ], [ 79.552085358937873, 10.968039023336988 ], [ 79.553082235578358, 10.969458740717203 ], [ 79.553353922052892, 10.969416598147884 ], [ 79.553402417603493, 10.969409076405011 ], [ 79.555337091383137, 10.969979075634987 ], [ 79.556247211428413, 10.970575991076412 ], [ 79.556356891233023, 10.971199873716207 ], [ 79.557294514997338, 10.971421569247457 ], [ 79.557294470979883, 10.971719938354603 ], [ 79.557376698269422, 10.972420669400574 ], [ 79.557349170295836, 10.972990275672155 ], [ 79.556786335346146, 10.974581469816947 ], [ 79.557494714439869, 10.97465161860095 ], [ 79.557563901784746, 10.97465846997666 ], [ 79.559361411803664, 10.975133480963374 ], [ 79.561822220760362, 10.975133921024016 ], [ 79.563912533052857, 10.975156884426863 ], [ 79.56380716516162, 10.976476922131694 ], [ 79.568033772709342, 10.976918034269044 ], [ 79.56810211473956, 10.97692516691184 ], [ 79.568857129871233, 10.974163110427334 ], [ 79.569282554921799, 10.97373822534739 ], [ 79.569474720730724, 10.973191245427046 ], [ 79.569927681839701, 10.971871255657678 ], [ 79.569232477437978, 10.971550179653569 ], [ 79.569580154198988, 10.971003222140283 ], [ 79.573628014073222, 10.971745201123351 ], [ 79.573573176416716, 10.971220787896884 ], [ 79.574483358445718, 10.971569007244362 ], [ 79.574753306680194, 10.970597082562859 ], [ 79.575613101306601, 10.971795192226036 ], [ 79.576203121073419, 10.972016784129078 ], [ 79.576875514555155, 10.971718500865448 ], [ 79.577168235980366, 10.971867721905415 ], [ 79.576930310889168, 10.972839651227167 ], [ 79.577547778679502, 10.973061244110813 ], [ 79.577707816242295, 10.973707731381927 ], [ 79.575960494200004, 10.97445795362774 ], [ 79.576175418826693, 10.975077323402493 ], [ 79.574377819874556, 10.975303124724658 ], [ 79.574560109605301, 10.978401472988191 ], [ 79.574565068305645, 10.978485751148538 ], [ 79.577094085443562, 10.979767257374071 ], [ 79.577117280842515, 10.979779010952884 ], [ 79.577464685414014, 10.982590953930028 ], [ 79.578242269818901, 10.982767357291049 ], [ 79.578429886559263, 10.981723088601116 ], [ 79.580039936144658, 10.982193436393958 ], [ 79.580254869754484, 10.982889653917796 ], [ 79.585492211354307, 10.983242825267823 ], [ 79.585602034889362, 10.982392936875964 ], [ 79.587463677433036, 10.982795457829218 ], [ 79.588643787035252, 10.983071327103557 ], [ 79.590148672646976, 10.983044330682084 ], [ 79.590738739126181, 10.982895193773857 ], [ 79.590683925724193, 10.980734276037852 ], [ 79.591168918959553, 10.976579754729686 ], [ 79.591626317746034, 10.97667924672891 ], [ 79.591841249559224, 10.978121378692238 ], [ 79.592774351204412, 10.978270634419017 ], [ 79.593634299442741, 10.977149551405834 ], [ 79.594251775317915, 10.977895516029159 ], [ 79.595436475311217, 10.976679516584319 ], [ 79.596268927915347, 10.977746462944564 ], [ 79.596896926655745, 10.974137986321674 ], [ 79.596909346762857, 10.974066618646281 ], [ 79.598711504665033, 10.972724060757066 ], [ 79.600348983409347, 10.972448377598788 ], [ 79.604017287109713, 10.971770422440898 ], [ 79.604018757651829, 10.971777980281349 ], [ 79.604932133191696, 10.976472025928363 ], [ 79.605577051700465, 10.975228842701666 ], [ 79.606327197963296, 10.975875331403191 ], [ 79.606839475728805, 10.975305731575249 ], [ 79.606057315305875, 10.974903363563024 ], [ 79.607104750028839, 10.974383508243141 ], [ 79.608339751186506, 10.975504682004852 ], [ 79.60836721268474, 10.976223480888118 ], [ 79.608207147274172, 10.977294892964801 ], [ 79.604744609876136, 10.977416854098536 ], [ 79.604369545278701, 10.977941248390881 ], [ 79.605389558029302, 10.978167319141686 ], [ 79.605232984370247, 10.980013287865305 ], [ 79.605202052680056, 10.980377954295566 ], [ 79.604982507119558, 10.981227845841783 ], [ 79.604593713569656, 10.981589493027604 ], [ 79.604533159932984, 10.981645817786632 ], [ 79.604204919121429, 10.981951138006732 ], [ 79.604236939569731, 10.982181697021092 ], [ 79.605293559566491, 10.982235981916183 ], [ 79.608614346405929, 10.981747831095786 ], [ 79.6091129347448, 10.982208956316848 ], [ 79.610014022229905, 10.981833751215655 ], [ 79.610604089607435, 10.982123088336142 ], [ 79.611006634567701, 10.982841891394255 ], [ 79.612438338924818, 10.983045340413389 ], [ 79.615759137442353, 10.982814792655814 ], [ 79.617995888600888, 10.983013692170283 ], [ 79.620077061433705, 10.982236098322195 ], [ 79.625296695442614, 10.982521817646653 ], [ 79.625360174892165, 10.982525293068509 ], [ 79.626206095937334, 10.979080459713218 ], [ 79.627628693174088, 10.979826325981389 ], [ 79.628058682564614, 10.980129197365814 ], [ 79.628758524069866, 10.980228623792943 ], [ 79.630611019967318, 10.980178806081963 ], [ 79.631228541656554, 10.980404811625442 ], [ 79.632733467692489, 10.980924613136549 ], [ 79.632758667232821, 10.981390120755233 ], [ 79.63276207094944, 10.981453008400175 ], [ 79.632783881146224, 10.981855881617072 ], [ 79.632436573592742, 10.98493904612395 ], [ 79.631686406668678, 10.984866755991762 ], [ 79.631146755439815, 10.985838743949815 ], [ 79.630639107591307, 10.986706752384617 ], [ 79.631069184118417, 10.987728416687435 ], [ 79.63273419532787, 10.987800656735249 ], [ 79.632652041700169, 10.989518542066202 ], [ 79.633429585680858, 10.988844905687284 ], [ 79.635364540633191, 10.989418916826342 ], [ 79.635364823602501, 10.991882717603289 ], [ 79.634262426357196, 10.991855666432318 ], [ 79.634395133575808, 10.99235293809336 ], [ 79.634802271622135, 10.992601551563697 ], [ 79.634962393626566, 10.992800454182007 ], [ 79.634747465406662, 10.993347478018622 ], [ 79.632542576592911, 10.992529359428522 ], [ 79.632222284074999, 10.991607146689736 ], [ 79.631847179951706, 10.991457983244461 ], [ 79.631522458739411, 10.991955282030977 ], [ 79.631472190812758, 10.992429961836581 ], [ 79.63216753535167, 10.992976932568583 ], [ 79.634477660902618, 10.994048208879803 ], [ 79.634395365341121, 10.994418914358345 ], [ 79.63558019559018, 10.995191882675265 ], [ 79.635635189553568, 10.99608698492197 ], [ 79.635443195322821, 10.997181014978963 ], [ 79.634075769017571, 10.999893544294123 ], [ 79.633949031104009, 11.000208557003962 ], [ 79.633915709895177, 11.00029137924029 ], [ 79.634103261956838, 11.000313971207314 ], [ 79.635040988129077, 11.000114998703427 ], [ 79.636303469649619, 10.999717088565207 ], [ 79.638723272310216, 10.999395937915146 ], [ 79.63971591878402, 10.999468190977879 ], [ 79.640493628054728, 10.999965406592688 ], [ 79.640896232303803, 11.000412927000463 ], [ 79.641269582017372, 11.001475800015983 ], [ 79.640730173333651, 11.003003682408929 ], [ 79.640071362379018, 11.003681738648638 ], [ 79.639989027291648, 11.004414022115389 ], [ 79.640327624780099, 11.005589280353888 ], [ 79.640382570234465, 11.007153285961895 ], [ 79.640991104279294, 11.007989516426436 ], [ 79.642043441108754, 11.008753408215625 ], [ 79.642807533716393, 11.009322933759321 ], [ 79.643370313868829, 11.009824661572644 ], [ 79.643377220116747, 11.009829044025645 ], [ 79.643933090428035, 11.010181741337977 ], [ 79.645342276715908, 11.01002799586076 ], [ 79.646508966386122, 11.009770290051037 ], [ 79.646673691358075, 11.010046016812163 ], [ 79.64671035609642, 11.011334287565726 ], [ 79.646861358404081, 11.011677819661694 ], [ 79.647584270442451, 11.011849553374605 ], [ 79.648343777150572, 11.011899237877747 ], [ 79.648721250131246, 11.012132802369722 ], [ 79.648760147183069, 11.012156870400585 ], [ 79.649176517215579, 11.012414501816206 ], [ 79.650087037909444, 11.012893597208608 ], [ 79.651496276299625, 11.013377178270506 ], [ 79.652960397262078, 11.01348104819048 ], [ 79.654255204658085, 11.013223303077929 ], [ 79.655074183431282, 11.013101196269712 ], [ 79.655783370110427, 11.013187027893613 ], [ 79.656822031886307, 11.013874022991978 ], [ 79.658098606176992, 11.014438949913361 ], [ 79.659416317019506, 11.014474996565674 ], [ 79.660546426393012, 11.01438900924445 ], [ 79.661658275711744, 11.014746003233393 ], [ 79.662623733775149, 11.015261217219216 ], [ 79.663383272822614, 11.015505235004889 ], [ 79.66456853965289, 11.015517885676783 ], [ 79.664641506210131, 11.015518664274609 ], [ 79.665602308305424, 11.015256386028662 ], [ 79.666732414085658, 11.015138732978979 ], [ 79.667162506782461, 11.015188407227592 ], [ 79.667373032359194, 11.015685610415145 ], [ 79.667858034577705, 11.015780480242798 ], [ 79.668378619962965, 11.015764219642408 ], [ 79.668439108022625, 11.015762330904959 ], [ 79.668991636601064, 11.016172476745407 ], [ 79.669294564684535, 11.016395721236151 ], [ 79.669296083735688, 11.016396485723472 ], [ 79.669296735014242, 11.016396813738783 ], [ 79.671008385854947, 11.017258215979242 ], [ 79.673925096106558, 11.016426104976349 ], [ 79.675572288333996, 11.016746812931327 ], [ 79.677361497919691, 11.016605867880143 ], [ 79.679206283577045, 11.016610666423384 ], [ 79.682705721970308, 11.017026340596921 ], [ 79.682778604085939, 11.0170349977138 ], [ 79.685758349121016, 11.017080820116616 ], [ 79.687640273827171, 11.016876602767249 ], [ 79.689149398588725, 11.016767239795875 ], [ 79.689222919406504, 11.016762872436043 ], [ 79.689303088655748, 11.016758108283938 ], [ 79.693658999705491, 11.015788224771173 ], [ 79.6949057517254, 11.015974993670685 ], [ 79.695626589553768, 11.016077719909683 ], [ 79.695751440106889, 11.016095244058496 ], [ 79.695845005033647, 11.016108376147338 ], [ 79.695859508333882, 11.016110411255124 ], [ 79.700306714267697, 11.015422879090966 ], [ 79.702291947926426, 11.014286946387305 ], [ 79.705787966433405, 11.009770881726393 ], [ 79.711033527618071, 11.006410925136176 ], [ 79.711166198904067, 11.006370208410043 ], [ 79.711902838996608, 11.006460421853506 ], [ 79.712959840777359, 11.00690312664149 ], [ 79.713573113435274, 11.00759004204869 ], [ 79.713998845709696, 11.008435214341496 ], [ 79.714762993114562, 11.00870622304118 ], [ 79.716037594704886, 11.008773713066718 ], [ 79.716121871949881, 11.008778174895971 ], [ 79.717599190062188, 11.007041988259591 ], [ 79.717692887939563, 11.005821678828461 ], [ 79.717916473223909, 11.004623566224875 ], [ 79.720275548873005, 11.001446425283488 ], [ 79.719877833255694, 11.001137359923318 ], [ 79.719996508789535, 11.000490855138199 ], [ 79.720467519747515, 11.000115472235604 ], [ 79.720732918015074, 11.000323333381399 ], [ 79.720810833391255, 11.000698526430426 ], [ 79.720971054210352, 11.000987797431112 ], [ 79.721204367350907, 11.001037444084902 ], [ 79.721666394257738, 11.00106892725988 ], [ 79.721844782605146, 11.001037219223962 ], [ 79.721922478792408, 11.000869925284197 ], [ 79.721812532188167, 11.000472141382028 ], [ 79.721579149877343, 11.000255227680459 ], [ 79.721345709176035, 10.999889129066307 ], [ 79.721112093303248, 10.999089042311429 ], [ 79.721834840051613, 10.999084269055315 ], [ 79.722489030970721, 10.999224181070009 ], [ 79.72287327455372, 10.999215003159909 ], [ 79.723056158070847, 10.998993422856936 ], [ 79.723042244065411, 10.998527793103236 ], [ 79.723202179220308, 10.998120870423518 ], [ 79.723783168223562, 10.998233682045996 ], [ 79.724112521149422, 10.998233563000824 ], [ 79.724597452401028, 10.998355449344885 ], [ 79.72542087064835, 10.998436524343804 ], [ 79.7277035652438, 10.998652682786673 ], [ 79.729345711634295, 10.998543572302335 ], [ 79.729589356298916, 10.998554261664294 ], [ 79.729652199741267, 10.998557019099863 ], [ 79.72995868784821, 10.998570465014978 ], [ 79.730722321416735, 10.997919190143234 ], [ 79.730635052781807, 10.997105491569528 ], [ 79.730049033212964, 10.995939367814179 ], [ 79.730867455928944, 10.995071077023242 ], [ 79.73165206426107, 10.99483732969642 ], [ 79.731763901818979, 10.994804010775544 ], [ 79.732344953704299, 10.995065990654039 ], [ 79.73311818756828, 10.995468035770829 ], [ 79.733479627417793, 10.995621600134298 ], [ 79.73390509918076, 10.995757055293147 ], [ 79.734216212713108, 10.995892556244593 ], [ 79.734454089295269, 10.995919586763382 ], [ 79.734998377627633, 10.99579731317376 ], [ 79.735460311109648, 10.995638905043977 ], [ 79.736718337884668, 10.995837317083801 ], [ 79.737893981961605, 10.995936299952477 ], [ 79.739321235166514, 10.996080383599345 ], [ 79.740043996287895, 10.996120774590993 ], [ 79.740881174928717, 10.996287695569743 ], [ 79.741164681435791, 10.996070583906569 ], [ 79.741699773714544, 10.995853366264756 ], [ 79.742170837673129, 10.995663298933277 ], [ 79.742523051824648, 10.995649590102126 ], [ 79.743076614363972, 10.995794022209292 ], [ 79.744101422321577, 10.995893202620847 ], [ 79.744984368329497, 10.995879417081763 ], [ 79.745661558814845, 10.996177560414676 ], [ 79.746631482403529, 10.996308385754029 ], [ 79.748107515924985, 10.996460603138775 ], [ 79.748132153119954, 10.996463143665896 ] ] ] } }
]
}
