{
"type": "FeatureCollection",
"name": "pudukkottai_boundary",
"crs": { "type": "name", "properties": { "name": "urn:ogc:def:crs:OGC:1.3:CRS84" } },
"features": [
{ "type": "Feature", "properties": { "dtname": "Pudukkottai", "stname": "TAMIL NADU", "stcode11": "33", "dtcode11": "621", "year_stat": "2011_c", "objectid": 757, "test": -1, "dist_lgd": 582, "state_lgd": 33, "remarks": " ", "dist": "Pudukkottai", "st_area(shape)": 4837195380.4743376, "st_length(shape)": 707391.83016096998 }, "geometry": { "type": "MultiPolygon", "coordinates": [ [ [ [ 78.873458498882528, 10.705590330626764 ], [ 78.872306713161237, 10.703934934256315 ], [ 78.87136951879161, 10.696354830198503 ], [ 78.872388176882751, 10.693893619429392 ], [ 78.872102057176576, 10.688129739750407 ], [ 78.864779229932296, 10.688071426559484 ], [ 78.863265226420424, 10.69003471678543 ], [ 78.862745735183182, 10.692499824277455 ], [ 78.859915021552041, 10.69264176087203 ], [ 78.859215450439692, 10.691689591424279 ], [ 78.858627009012835, 10.691702625671576 ], [ 78.858550522856305, 10.691704317846268 ], [ 78.848311426433227, 10.691930874088506 ], [ 78.848430105560368, 10.693458415583571 ], [ 78.848241055108801, 10.693464993576649 ], [ 78.83606143417866, 10.693888803342505 ], [ 78.830935614828135, 10.69479329330647 ], [ 78.822782369663855, 10.694479057649778 ], [ 78.820405775968396, 10.694576384594326 ], [ 78.821242412925102, 10.689610048040771 ], [ 78.820847980650157, 10.687055225163723 ], [ 78.817861904288932, 10.687697948225383 ], [ 78.817655109415568, 10.687742459094645 ], [ 78.812257108618795, 10.679576097192534 ], [ 78.813350762561456, 10.67818604630637 ], [ 78.812651095329386, 10.672418922698954 ], [ 78.805553277199152, 10.675322369727178 ], [ 78.803549959555411, 10.676046254390203 ], [ 78.803067094428926, 10.676556591432316 ], [ 78.804103992811918, 10.676935690777587 ], [ 78.806223297331911, 10.677241576004066 ], [ 78.806717595316982, 10.677821860113161 ], [ 78.804953613119451, 10.679741207734727 ], [ 78.803456566206862, 10.679646305376895 ], [ 78.802177824281415, 10.678359801580436 ], [ 78.801467720422366, 10.678683035984088 ], [ 78.800789277685467, 10.680158808829901 ], [ 78.799710049787961, 10.679861627852977 ], [ 78.799604778016473, 10.677597346647216 ], [ 78.798499970591266, 10.675448095263619 ], [ 78.799056095125763, 10.673683263154329 ], [ 78.802027957444238, 10.671609615281101 ], [ 78.801744190425765, 10.67074304411555 ], [ 78.800706633577676, 10.670446232645762 ], [ 78.798976433424684, 10.668456368401257 ], [ 78.799815910854321, 10.667599290605063 ], [ 78.799490211376721, 10.666773525699748 ], [ 78.798616958190692, 10.666724995051807 ], [ 78.797509100985081, 10.666894372929482 ], [ 78.79749307144715, 10.666855649242065 ], [ 78.796922023200821, 10.665476138166676 ], [ 78.797432612133591, 10.664163648334441 ], [ 78.79733377409616, 10.663566133233374 ], [ 78.796756723307098, 10.662943995562603 ], [ 78.796118569112394, 10.659770054009513 ], [ 78.795045927662542, 10.658732226123721 ], [ 78.794319641551994, 10.656133664693868 ], [ 78.793595882402286, 10.653247107639856 ], [ 78.793569067691067, 10.652858729335808 ], [ 78.793568166680842, 10.652845674883617 ], [ 78.791073595442484, 10.650293853774867 ], [ 78.79066211224513, 10.649776002077632 ], [ 78.780147383946783, 10.651044018277215 ], [ 78.776901472584612, 10.651180710746171 ], [ 78.773781068444023, 10.651236115881144 ], [ 78.773384202632926, 10.653783896327772 ], [ 78.768486230174446, 10.654914274612516 ], [ 78.766862129141373, 10.655105936307825 ], [ 78.765323045565069, 10.655092572962658 ], [ 78.762957516418965, 10.654454768958789 ], [ 78.762893400962199, 10.654438931016957 ], [ 78.758640647049788, 10.653388406617822 ], [ 78.758278405004717, 10.652027339624844 ], [ 78.756965359113494, 10.649999594963511 ], [ 78.7564448581699, 10.647731903568026 ], [ 78.757586295299134, 10.645684507131602 ], [ 78.757767373202512, 10.644040197189893 ], [ 78.756442635737869, 10.643329109402082 ], [ 78.753737225410759, 10.643511144615269 ], [ 78.752473241907083, 10.642985715269569 ], [ 78.751608280171169, 10.64203174029773 ], [ 78.750237933442889, 10.641772813720561 ], [ 78.748827932383037, 10.641987152111497 ], [ 78.747805128566853, 10.642312332127942 ], [ 78.744117746446491, 10.643380466283444 ], [ 78.744699102860707, 10.646115071981328 ], [ 78.743542980073187, 10.646205890127913 ], [ 78.743009263115113, 10.64884144268985 ], [ 78.743343980779869, 10.651946804717619 ], [ 78.743317072643848, 10.653361684190358 ], [ 78.743316945083109, 10.653427658186034 ], [ 78.743313218871307, 10.655346117993012 ], [ 78.741316723033819, 10.656924418413137 ], [ 78.740888048776839, 10.65947404225777 ], [ 78.741619334910325, 10.659722407706202 ], [ 78.740637687408849, 10.662276742602883 ], [ 78.739710390677047, 10.663474954783451 ], [ 78.739482233866241, 10.664464987633094 ], [ 78.738467757432716, 10.664682308923714 ], [ 78.737111885258642, 10.668895727149446 ], [ 78.736650295831353, 10.668873278770523 ], [ 78.735805759988367, 10.671653570591415 ], [ 78.735665203290779, 10.67497607029642 ], [ 78.735664156753501, 10.675055330570364 ], [ 78.73565183366442, 10.675988631850721 ], [ 78.736704199239981, 10.679550312786279 ], [ 78.737495012235755, 10.680002082914674 ], [ 78.738099260418338, 10.682813530974954 ], [ 78.740562945780582, 10.683594709054843 ], [ 78.743757474406834, 10.6832003191663 ], [ 78.745262881939752, 10.685147613876206 ], [ 78.74655586934901, 10.686820102758434 ], [ 78.746555510022901, 10.686869157189864 ], [ 78.746503682620897, 10.693948693707789 ], [ 78.746441134724293, 10.69780908423971 ], [ 78.742579551304019, 10.699302178854939 ], [ 78.744472628594437, 10.70164304022874 ], [ 78.743654999989104, 10.70304463603965 ], [ 78.74282015337478, 10.707416093600054 ], [ 78.742751890396349, 10.707489101364358 ], [ 78.739251771080092, 10.711232494586589 ], [ 78.735939156214783, 10.714727827576393 ], [ 78.734535990435958, 10.714945265581564 ], [ 78.728607851569166, 10.715598077357686 ], [ 78.724535393127525, 10.716082982290331 ], [ 78.722962971274441, 10.715889067720497 ], [ 78.719631207022204, 10.717182830976649 ], [ 78.719557399641857, 10.717243163357711 ], [ 78.719420996754152, 10.717354662692641 ], [ 78.717803886410593, 10.720817684099419 ], [ 78.714087851625948, 10.721230029027954 ], [ 78.712862898124726, 10.721415681372855 ], [ 78.709882828797831, 10.722062842707929 ], [ 78.710309003043321, 10.726289247034014 ], [ 78.708869205763818, 10.72653822241084 ], [ 78.708942705022068, 10.727989230027427 ], [ 78.708333340933905, 10.728053232812016 ], [ 78.708252502439819, 10.728061723561686 ], [ 78.708333339137297, 10.72831753243879 ], [ 78.70892954829641, 10.730204195107513 ], [ 78.709108025577066, 10.731026851766226 ], [ 78.709199710329898, 10.732071025397863 ], [ 78.709172444664389, 10.732712918637477 ], [ 78.709117681568031, 10.733070038978775 ], [ 78.707819379725578, 10.732609281877618 ], [ 78.706996516637091, 10.73232922008612 ], [ 78.705954276871438, 10.732184815798858 ], [ 78.704326950886454, 10.732081228283706 ], [ 78.701620903653847, 10.732194849221221 ], [ 78.699897634003278, 10.732308233578738 ], [ 78.697008706846773, 10.732268162567047 ], [ 78.696172219010393, 10.732358742233698 ], [ 78.695504876755507, 10.732526130258366 ], [ 78.695162069761622, 10.732639207346487 ], [ 78.694284409440826, 10.73257609784245 ], [ 78.693521063333208, 10.732693777674964 ], [ 78.692657192152026, 10.733010369056323 ], [ 78.691423145005189, 10.733765499366037 ], [ 78.690650700760372, 10.734140832609373 ], [ 78.689430299022717, 10.734575009785198 ], [ 78.689383016197723, 10.734587369649308 ], [ 78.689188041356871, 10.734638338638071 ], [ 78.689184526249164, 10.734631443805069 ], [ 78.688899956136837, 10.734073349269348 ], [ 78.688566084685078, 10.733083457141426 ], [ 78.688369321298509, 10.731957929562521 ], [ 78.688273132392837, 10.730886627761802 ], [ 78.687994008766069, 10.729295521396997 ], [ 78.687912587265359, 10.728716549406629 ], [ 78.687902470438615, 10.728644609427432 ], [ 78.688345710877897, 10.727835390278877 ], [ 78.68904483642585, 10.726546969162492 ], [ 78.689369270177238, 10.725977347686447 ], [ 78.690571055228958, 10.723974618037175 ], [ 78.690895213197564, 10.721994650567121 ], [ 78.691072773298274, 10.718315065126614 ], [ 78.691154532565577, 10.715634490225618 ], [ 78.691300430645796, 10.713722360350133 ], [ 78.691533330561299, 10.712632913591529 ], [ 78.691670741358749, 10.71198680541373 ], [ 78.691971724589649, 10.710571557292734 ], [ 78.69241612924553, 10.70868531596536 ], [ 78.692542592274577, 10.708148546605319 ], [ 78.693725045581388, 10.707459246670526 ], [ 78.695460377809596, 10.707398356255531 ], [ 78.6958378103661, 10.706877680214149 ], [ 78.697446110931651, 10.704128983584749 ], [ 78.697244775120296, 10.703057705106515 ], [ 78.697630975233977, 10.702287619576701 ], [ 78.696239656437101, 10.70189816792154 ], [ 78.695202173250848, 10.701163747295306 ], [ 78.695935415016663, 10.699905247323814 ], [ 78.695932170301887, 10.699048432166949 ], [ 78.695424509876915, 10.697461895091756 ], [ 78.69494435676431, 10.696259580834104 ], [ 78.694336428183973, 10.696024642984153 ], [ 78.694359196883184, 10.695608767341293 ], [ 78.693750838009819, 10.693217625806671 ], [ 78.693334646742073, 10.691820920753027 ], [ 78.693147157562507, 10.69132372042113 ], [ 78.691314321295053, 10.690894636336241 ], [ 78.689289534814307, 10.69048365984095 ], [ 78.688859849952664, 10.690140190939795 ], [ 78.688736400771376, 10.689882554361915 ], [ 78.688622030862675, 10.689290409139646 ], [ 78.688315457415754, 10.687342195592073 ], [ 78.685783274614778, 10.686302956761985 ], [ 78.682122441304301, 10.686574779283847 ], [ 78.682121663363276, 10.686518481078965 ], [ 78.682094694141824, 10.68456774982176 ], [ 78.682542513294109, 10.684106603815836 ], [ 78.682542245596139, 10.682469168001633 ], [ 78.682541988677968, 10.680892636762136 ], [ 78.682564319897622, 10.677710307402723 ], [ 78.683149069248657, 10.676236580390823 ], [ 78.683125660949003, 10.672859883255116 ], [ 78.682677772626434, 10.672796670379183 ], [ 78.682937398319964, 10.671123512840396 ], [ 78.682947127074499, 10.671060813381573 ], [ 78.680328257746922, 10.669967298312105 ], [ 78.680236658334024, 10.669987257161303 ], [ 78.680228402816567, 10.669989056273737 ], [ 78.676196979417114, 10.670867450022932 ], [ 78.672691763059944, 10.671568574017071 ], [ 78.666554132577346, 10.672477890383137 ], [ 78.665767952193505, 10.671456374583038 ], [ 78.665653419689733, 10.66887074605585 ], [ 78.665735650572515, 10.668585955440637 ], [ 78.666845898195092, 10.665977591727701 ], [ 78.66679994757169, 10.663740022219612 ], [ 78.666698749659972, 10.657831929924251 ], [ 78.665217293907517, 10.654817102704882 ], [ 78.665199479417097, 10.654780849397769 ], [ 78.662603716555267, 10.654261267920985 ], [ 78.661187035622945, 10.654148390272457 ], [ 78.658865515840944, 10.654044626032023 ], [ 78.658116076552218, 10.654361113211149 ], [ 78.657426059022924, 10.654822244291314 ], [ 78.656461926872879, 10.656368281136086 ], [ 78.656233447566891, 10.656594316365949 ], [ 78.655534283391376, 10.657087087010696 ], [ 78.652499936956701, 10.658610654391669 ], [ 78.652500090568608, 10.658648188209167 ], [ 78.652513867131788, 10.662009960364761 ], [ 78.652783579109325, 10.663230438769766 ], [ 78.653441899583825, 10.666683946066268 ], [ 78.654301303443091, 10.669888817975218 ], [ 78.65573185256676, 10.671158934387448 ], [ 78.656408296552129, 10.671954464612019 ], [ 78.655361776314109, 10.672582872748102 ], [ 78.655887488384678, 10.674445219431064 ], [ 78.656138951087215, 10.675760621274806 ], [ 78.653410615754069, 10.677085277606812 ], [ 78.652985743167378, 10.679490132685125 ], [ 78.651313136702242, 10.68140234509103 ], [ 78.653936774287331, 10.685411725828628 ], [ 78.655605147890881, 10.687906838709329 ], [ 78.655696656573951, 10.689244855113586 ], [ 78.655701281999328, 10.689959069001318 ], [ 78.655783609900155, 10.690763685294803 ], [ 78.655919587884739, 10.691534393271166 ], [ 78.655920784440696, 10.69154117433172 ], [ 78.655929145959348, 10.691587772271575 ], [ 78.655971079316828, 10.691821431847849 ], [ 78.656044241706823, 10.692273460892642 ], [ 78.656149450596246, 10.693421619601146 ], [ 78.65621346813667, 10.693805845880913 ], [ 78.656295778969522, 10.694343760795887 ], [ 78.656702640334743, 10.695446693121708 ], [ 78.656903828822422, 10.696522519709896 ], [ 78.657361067708763, 10.698800737055047 ], [ 78.657960012237908, 10.701210032166486 ], [ 78.658179552408527, 10.703009111407347 ], [ 78.658325906832943, 10.704121102981253 ], [ 78.658470753884288, 10.704671540752212 ], [ 78.658472215443254, 10.704677093707732 ], [ 78.655295571375987, 10.704202703584109 ], [ 78.653549569857162, 10.70401749262183 ], [ 78.651090564717563, 10.704089974242377 ], [ 78.648960651992383, 10.704284466578773 ], [ 78.648562987579012, 10.703972584284486 ], [ 78.64815618729925, 10.70369234329242 ], [ 78.647968787052875, 10.703633588219516 ], [ 78.647589424915125, 10.703642648103493 ], [ 78.646963253348019, 10.703787328164628 ], [ 78.646538198403348, 10.704103772361254 ], [ 78.645660667439969, 10.704931031640085 ], [ 78.645253878838275, 10.704931049293727 ], [ 78.644326037727396, 10.705026012593402 ], [ 78.644033520219736, 10.70516163303858 ], [ 78.643165111648059, 10.705686023695829 ], [ 78.642301279094454, 10.706449989816504 ], [ 78.641090089580032, 10.707991461777281 ], [ 78.640838699641023, 10.707959826781694 ], [ 78.640303928060803, 10.708000522413677 ], [ 78.639910850445304, 10.708072857440641 ], [ 78.639905609673932, 10.708072065683307 ], [ 78.639864147033677, 10.708065795177184 ], [ 78.635189299922075, 10.7073587188696 ], [ 78.634101464367518, 10.705631955155948 ], [ 78.631912111916634, 10.705690723081654 ], [ 78.631592168843369, 10.704470229937513 ], [ 78.629718203210615, 10.704081468697455 ], [ 78.627908229965485, 10.703778583403558 ], [ 78.627277480583658, 10.703801174844976 ], [ 78.626829565311667, 10.703394336216443 ], [ 78.626066286577654, 10.702539975967271 ], [ 78.626080002953728, 10.702295878018912 ], [ 78.626578222983369, 10.701229086850422 ], [ 78.626633075012933, 10.700980467574569 ], [ 78.626285730628538, 10.699927222049141 ], [ 78.626031578370032, 10.699263757651236 ], [ 78.626006940276753, 10.699199440720095 ], [ 78.625682452626421, 10.698204958385366 ], [ 78.625463074152592, 10.697816203235076 ], [ 78.624690682010026, 10.696600211970166 ], [ 78.623804044824624, 10.694954781755168 ], [ 78.623401880750009, 10.693580585098458 ], [ 78.623205365298475, 10.693065260188879 ], [ 78.623059127655054, 10.692491171876283 ], [ 78.62288549229379, 10.691139582928331 ], [ 78.622547289165709, 10.690836709426328 ], [ 78.622286785818176, 10.690447950130899 ], [ 78.622177106911877, 10.690117961280823 ], [ 78.622213681818678, 10.689774416934149 ], [ 78.622401088353243, 10.68920033828549 ], [ 78.622858162847891, 10.688232998913618 ], [ 78.623438643404697, 10.686949237951715 ], [ 78.623662603286505, 10.686592137387324 ], [ 78.623763155309533, 10.686465569919664 ], [ 78.62379972213148, 10.686339002399231 ], [ 78.623735748608524, 10.685914086614719 ], [ 78.623429584793357, 10.684205386196876 ], [ 78.623233093596355, 10.683256105994348 ], [ 78.623232987595131, 10.683255584292162 ], [ 78.622748873810409, 10.680770724318901 ], [ 78.622748713012001, 10.680769899828494 ], [ 78.622698451373537, 10.680412790232751 ], [ 78.622639045783771, 10.680168688610278 ], [ 78.622639069140007, 10.679458994357514 ], [ 78.622575092023752, 10.679228454639908 ], [ 78.622415147885746, 10.678758332591197 ], [ 78.622305469877773, 10.678532311182844 ], [ 78.622241500846386, 10.678093835880178 ], [ 78.622154679572475, 10.677677960392936 ], [ 78.621981029838153, 10.677130992353986 ], [ 78.621697699400926, 10.676430327868029 ], [ 78.621313822330578, 10.675797465301123 ], [ 78.621221816879157, 10.675823461006969 ], [ 78.619234342822082, 10.676385028797649 ], [ 78.617790129424648, 10.676796316566561 ], [ 78.617630166422003, 10.676877674694261 ], [ 78.616985717732121, 10.677750069599893 ], [ 78.616985698867481, 10.678116219136811 ], [ 78.616281825723263, 10.679115180187312 ], [ 78.616766263799789, 10.679332182042103 ], [ 78.616839386663898, 10.679354787662039 ], [ 78.616766205409292, 10.680457749725525 ], [ 78.616144645792843, 10.680435115939551 ], [ 78.616048606905821, 10.681592320816081 ], [ 78.614005693320976, 10.681316464078941 ], [ 78.612337511956895, 10.681592101011422 ], [ 78.612067915862028, 10.680810063277358 ], [ 78.611089868808236, 10.680855201027182 ], [ 78.610792845351114, 10.680204250343763 ], [ 78.609842201405073, 10.680511565870352 ], [ 78.609184033644169, 10.681099162623381 ], [ 78.608617385346108, 10.680204090565342 ], [ 78.608110076162447, 10.680285417767006 ], [ 78.607081870776454, 10.678965393088673 ], [ 78.605730610553039, 10.677165599294002 ], [ 78.605683529849003, 10.677102891371023 ], [ 78.604522839128265, 10.675452861325191 ], [ 78.603371304036898, 10.673766664850584 ], [ 78.601356136716234, 10.670941249604745 ], [ 78.599752255861858, 10.668671868298931 ], [ 78.597942788368229, 10.66601822589498 ], [ 78.595315438944382, 10.662347396184398 ], [ 78.593597429828094, 10.659824828136228 ], [ 78.593186209837114, 10.659219050200516 ], [ 78.593113105837631, 10.659092469570894 ], [ 78.593053704739461, 10.659024657015788 ], [ 78.592955452403586, 10.659070484829416 ], [ 78.592569257679784, 10.65925061435146 ], [ 78.592002554584468, 10.659435875564494 ], [ 78.591120531146345, 10.659571369819982 ], [ 78.590293339974849, 10.659743032868501 ], [ 78.589479849009749, 10.659973460232909 ], [ 78.588574919430201, 10.660475093244138 ], [ 78.586870191007094, 10.661270431588555 ], [ 78.585659053594966, 10.661817215397615 ], [ 78.584868387024613, 10.66216516300261 ], [ 78.58309968058694, 10.662815818606632 ], [ 78.58156405821947, 10.663371575975432 ], [ 78.580179257598289, 10.663827901561941 ], [ 78.579772501335967, 10.663954404301217 ], [ 78.579461720180262, 10.664058319653977 ], [ 78.578995861958774, 10.662417352333273 ], [ 78.578351507591975, 10.662304231405937 ], [ 78.577807701654976, 10.662154965709901 ], [ 78.577236501593347, 10.661856522378839 ], [ 78.576482541083791, 10.661359149429204 ], [ 78.575705775044142, 10.660626710688447 ], [ 78.574924457240954, 10.659812904865955 ], [ 78.574069878233047, 10.659767542406572 ], [ 78.573786463354196, 10.66016527941523 ], [ 78.57288160563985, 10.660156068156391 ], [ 78.57254803871696, 10.659939027899124 ], [ 78.570779452653582, 10.659938683602286 ], [ 78.57069635489654, 10.659942855774085 ], [ 78.570061956558078, 10.659974703232788 ], [ 78.569198217429232, 10.660033294602734 ], [ 78.569111385375578, 10.660042316943507 ], [ 78.569262038238605, 10.660801768429032 ], [ 78.566821646191656, 10.660846467744086 ], [ 78.566721184000187, 10.66048029741461 ], [ 78.565560371108589, 10.660638264029245 ], [ 78.56599403101535, 10.662884971296251 ], [ 78.566254295411056, 10.663942789290241 ], [ 78.566318204255296, 10.664272788908505 ], [ 78.566340986429211, 10.664584698734743 ], [ 78.566267783615032, 10.664964392121194 ], [ 78.565947675251735, 10.66590003729635 ], [ 78.565476693039855, 10.667102349900162 ], [ 78.565133794417804, 10.667744166164615 ], [ 78.564996641436863, 10.667974674866137 ], [ 78.565010294930872, 10.668227817206768 ], [ 78.565133584212049, 10.668697959954999 ], [ 78.565142597907581, 10.669272047328544 ], [ 78.565101384998982, 10.669647227367436 ], [ 78.565088678329317, 10.669737796611878 ], [ 78.564996106040965, 10.670397583408283 ], [ 78.564909159002923, 10.670912883215358 ], [ 78.564922811598606, 10.671166025758616 ], [ 78.565429841406214, 10.672345947106269 ], [ 78.566051049781393, 10.673892039687209 ], [ 78.567010274435049, 10.676301588095427 ], [ 78.567631489996728, 10.677883839610455 ], [ 78.568101844286204, 10.67969659770695 ], [ 78.568448853599008, 10.681278790053598 ], [ 78.568357711428604, 10.681302678165101 ], [ 78.567397622595649, 10.681554314028272 ], [ 78.565240322932397, 10.682069175614005 ], [ 78.565007213709436, 10.682173093602543 ], [ 78.564710081556157, 10.682448771246822 ], [ 78.564303221987601, 10.682896196603416 ], [ 78.563859622222182, 10.68413467413772 ], [ 78.563708771729793, 10.684261209915515 ], [ 78.563201441884871, 10.684351505568531 ], [ 78.560705955263259, 10.68466284484491 ], [ 78.559366784566919, 10.684893070596246 ], [ 78.558960002253443, 10.684974341812541 ], [ 78.558649184266841, 10.685109879417041 ], [ 78.555645997694398, 10.686921812285942 ], [ 78.555422047694066, 10.686921756673675 ], [ 78.550847228887662, 10.68638267222059 ], [ 78.54850793863271, 10.683665324137934 ], [ 78.546872251129088, 10.681897425418315 ], [ 78.546735228403847, 10.681590003598288 ], [ 78.546132586408987, 10.679329664421413 ], [ 78.545127075162, 10.679501157421372 ], [ 78.544930563303708, 10.679464940600768 ], [ 78.544099385408998, 10.677344663199342 ], [ 78.545027284012036, 10.676861247351003 ], [ 78.544607233581829, 10.67542818002854 ], [ 78.54441077023256, 10.675233750415533 ], [ 78.543245311254296, 10.675418752953812 ], [ 78.542454618632803, 10.675567696992452 ], [ 78.542404535759061, 10.675682486712468 ], [ 78.542024726260294, 10.676553009174913 ], [ 78.540475397398197, 10.676611320163381 ], [ 78.533880564860198, 10.676541502342388 ], [ 78.533711543246227, 10.676301870580247 ], [ 78.532113213081999, 10.672490709174712 ], [ 78.531596804862815, 10.672422738058 ], [ 78.53011186993524, 10.67131024989337 ], [ 78.527162982030163, 10.67302466022619 ], [ 78.526537283875214, 10.673388416960272 ], [ 78.52648673028429, 10.67420206199397 ], [ 78.523077395608965, 10.674096920406493 ], [ 78.522666592436281, 10.672663825044058 ], [ 78.522150153674374, 10.672686244894322 ], [ 78.521625124323435, 10.671194345337044 ], [ 78.520812417587578, 10.669051411806921 ], [ 78.517827833328028, 10.66983235159819 ], [ 78.51696505539654, 10.667241875098329 ], [ 78.517819691896634, 10.667169864037245 ], [ 78.517185359135155, 10.664751244903544 ], [ 78.519584894904654, 10.664065028055244 ], [ 78.519498437448433, 10.663056959113117 ], [ 78.520709582047104, 10.662822336349597 ], [ 78.519947116288435, 10.660837629934427 ], [ 78.518569637835142, 10.660503676012601 ], [ 78.518434582420397, 10.660470933438958 ], [ 78.518288383404538, 10.660357871819334 ], [ 78.518101099939145, 10.660127266417895 ], [ 78.518028086669489, 10.659842457025031 ], [ 78.518087847992092, 10.6589022467258 ], [ 78.518435697229648, 10.657478463274723 ], [ 78.519186337565898, 10.654323531192459 ], [ 78.519671520345824, 10.65222626357073 ], [ 78.519808802684139, 10.65172003416723 ], [ 78.520526819802527, 10.650219536256301 ], [ 78.520833188433556, 10.649704325013682 ], [ 78.522616042438614, 10.647982701124269 ], [ 78.523480083401381, 10.647006606976539 ], [ 78.523690347568348, 10.646857508587106 ], [ 78.524444390722905, 10.646780923952893 ], [ 78.525806214235743, 10.646709065200023 ], [ 78.5264507850965, 10.64604479161223 ], [ 78.527264361401549, 10.645597551316197 ], [ 78.529110824213546, 10.644784502559277 ], [ 78.528924347435307, 10.6421716760366 ], [ 78.528874198086243, 10.641823591704624 ], [ 78.528020468884634, 10.639450121780207 ], [ 78.527847007796524, 10.638903100947982 ], [ 78.527796164948086, 10.638604595110458 ], [ 78.527787719886064, 10.638555013768187 ], [ 78.527810702384315, 10.638166270656425 ], [ 78.528021277368381, 10.637076933564186 ], [ 78.528131073055647, 10.636710822075914 ], [ 78.528131170073706, 10.636426040238307 ], [ 78.52805836072163, 10.635530985154546 ], [ 78.527921717085434, 10.634224556244357 ], [ 78.527598004681224, 10.632090839614474 ], [ 78.527178426764848, 10.629694908044467 ], [ 78.527018702714074, 10.629084606281612 ], [ 78.52593096956744, 10.629613120584061 ], [ 78.525039805771314, 10.629911161100443 ], [ 78.524171556201424, 10.63001483025462 ], [ 78.522864675447991, 10.629991774225051 ], [ 78.522005626423265, 10.629919146925964 ], [ 78.521882240124029, 10.629941705005754 ], [ 78.521790340673832, 10.629958505697443 ], [ 78.521758853824835, 10.629964263083878 ], [ 78.521192176780673, 10.630113234647599 ], [ 78.520648339402598, 10.630284815401174 ], [ 78.520150230764102, 10.630356962316661 ], [ 78.519606449979875, 10.630370329394706 ], [ 78.519323121339269, 10.630415428710846 ], [ 78.519026061949518, 10.630519290165468 ], [ 78.518669538579587, 10.630781342036936 ], [ 78.518248957245035, 10.631273908078661 ], [ 78.517828417232977, 10.631648944206857 ], [ 78.517494791021292, 10.631775391438673 ], [ 78.516727033287282, 10.63196044333065 ], [ 78.51595013160204, 10.632154532403016 ], [ 78.51507268957188, 10.632371181018 ], [ 78.514761922789219, 10.632465992163526 ], [ 78.514487686895919, 10.632624101317505 ], [ 78.514007592173783, 10.633369779185594 ], [ 78.51382018743584, 10.633505318579056 ], [ 78.513363181213137, 10.633622674819517 ], [ 78.512499461847241, 10.633789599013475 ], [ 78.511457475406459, 10.634087541865583 ], [ 78.510260073235017, 10.634502949806668 ], [ 78.50905807977415, 10.634963554709467 ], [ 78.508455006587951, 10.635193774791899 ], [ 78.507202595181766, 10.635500741106052 ], [ 78.506599337840925, 10.635663232200885 ], [ 78.504186466581061, 10.635915393141881 ], [ 78.501481226035523, 10.635959478090141 ], [ 78.500699864214894, 10.635855183226013 ], [ 78.499676399238638, 10.63554736705195 ], [ 78.498856537421531, 10.635641494742204 ], [ 78.496542278721961, 10.635254043991523 ], [ 78.495157646984055, 10.635155095633557 ], [ 78.49506535497008, 10.635148963119208 ], [ 78.493060140982763, 10.635015709361447 ], [ 78.492443266978853, 10.63508373032222 ], [ 78.487833049160372, 10.636625108562459 ], [ 78.487801063746346, 10.636635802005273 ], [ 78.487710451581947, 10.636666176607484 ], [ 78.482496285618183, 10.638414034577451 ], [ 78.482365870900153, 10.638265944644088 ], [ 78.481481448061928, 10.637261664404905 ], [ 78.480462071318527, 10.636181619057096 ], [ 78.479543208868932, 10.635020173226406 ], [ 78.478880188408866, 10.633664270353163 ], [ 78.478089073579156, 10.631815685838376 ], [ 78.477970123160844, 10.631359166638349 ], [ 78.475406710429013, 10.631735124403328 ], [ 78.475260258088227, 10.630984787029005 ], [ 78.474232091329796, 10.630930844705631 ], [ 78.474040018047305, 10.630420100124148 ], [ 78.47339567625697, 10.630302757661532 ], [ 78.473006530567446, 10.627803111286045 ], [ 78.469935921839678, 10.628170128725067 ], [ 78.469707361685309, 10.627871849007526 ], [ 78.469163558443228, 10.627763510320543 ], [ 78.468980589586153, 10.627090027365945 ], [ 78.468829603448143, 10.626398453874256 ], [ 78.468797373692382, 10.625535073879302 ], [ 78.468572971839478, 10.623754113110495 ], [ 78.468394544864495, 10.622972139660622 ], [ 78.468092722607111, 10.622108833858187 ], [ 78.467804483775168, 10.620793485589806 ], [ 78.46758042687533, 10.620228501718811 ], [ 78.46696311629016, 10.618614898979777 ], [ 78.466899114919457, 10.61850642633568 ], [ 78.466684342108024, 10.618461281114417 ], [ 78.466337067792253, 10.618452332592803 ], [ 78.465925840614759, 10.61851572714572 ], [ 78.465331817955047, 10.618497802734534 ], [ 78.464381369841703, 10.618430246033437 ], [ 78.463106486180379, 10.618322085882095 ], [ 78.46219257704125, 10.618186706624307 ], [ 78.461434024343959, 10.618042247215845 ], [ 78.460570357978668, 10.617820963625967 ], [ 78.460058536557341, 10.617613154347334 ], [ 78.459903148674442, 10.617491142417188 ], [ 78.459455279216499, 10.617201949164208 ], [ 78.458999374328343, 10.616849512617412 ], [ 78.45895255413572, 10.616813319253017 ], [ 78.4589752114438, 10.616049373559559 ], [ 78.459052690238764, 10.615244729403882 ], [ 78.459253390042917, 10.613838847885255 ], [ 78.459467775680409, 10.612347073580702 ], [ 78.459545229322515, 10.611447503151751 ], [ 78.458951160848713, 10.611194507045456 ], [ 78.457598559440569, 10.610783480415844 ], [ 78.454875124417299, 10.610119622234063 ], [ 78.453979492400947, 10.609857646235618 ], [ 78.453321501608144, 10.609780947248135 ], [ 78.45243504588241, 10.609681696614246 ], [ 78.451854744090312, 10.60964566221676 ], [ 78.451452660864135, 10.60969095442783 ], [ 78.450904363350674, 10.609745318139968 ], [ 78.450511401617831, 10.609713761229122 ], [ 78.450186975052986, 10.609668627070947 ], [ 78.449830563074116, 10.609614459361879 ], [ 78.449396475569273, 10.609569347262987 ], [ 78.448848144818157, 10.609470015328217 ], [ 78.448354639147141, 10.609339028403278 ], [ 78.447874838174101, 10.60919447740152 ], [ 78.447262490780886, 10.60886009522714 ], [ 78.446837483446942, 10.608530194598526 ], [ 78.446311894445557, 10.607911012107504 ], [ 78.445626404425283, 10.607377747008009 ], [ 78.446266074077883, 10.607291730354234 ], [ 78.446627009074206, 10.607133445626562 ], [ 78.447426513270315, 10.606627000170246 ], [ 78.448600641889385, 10.605898977342944 ], [ 78.449189992411306, 10.60555078456769 ], [ 78.449916365658495, 10.604976543714139 ], [ 78.45024525864693, 10.604578680916378 ], [ 78.450478191800102, 10.604149195659476 ], [ 78.450505574246591, 10.604000018069334 ], [ 78.450455217386704, 10.603566073856772 ], [ 78.450427754091834, 10.603344581123121 ], [ 78.450263176443571, 10.602937784004769 ], [ 78.450052916768172, 10.602580719225395 ], [ 78.449902068072419, 10.602273366650509 ], [ 78.449851771399665, 10.602106123263423 ], [ 78.449806050744968, 10.601975043122151 ], [ 78.44980143699766, 10.601767107406916 ], [ 78.449805976184791, 10.601626973914819 ], [ 78.449865346740239, 10.601500390593264 ], [ 78.45017599404693, 10.601260745783049 ], [ 78.450504929256212, 10.601070818899458 ], [ 78.450856719402935, 10.600921570936286 ], [ 78.451181099255408, 10.600803970797635 ], [ 78.451418659630619, 10.600654747427912 ], [ 78.451510014701739, 10.600532678403173 ], [ 78.451619616352943, 10.600279512568726 ], [ 78.451701806811542, 10.600039915366999 ], [ 78.451820544329166, 10.599777707343591 ], [ 78.452071775266333, 10.59947026718768 ], [ 78.452354989820918, 10.599167339676056 ], [ 78.452706749424948, 10.598896039650411 ], [ 78.452944280155734, 10.598629284132933 ], [ 78.453145224301622, 10.598213365632784 ], [ 78.453145170402735, 10.597973786240052 ], [ 78.453135880026039, 10.59730929365425 ], [ 78.452966581730962, 10.596247045205157 ], [ 78.452783615568848, 10.595343011571874 ], [ 78.452728726708358, 10.595080841910713 ], [ 78.451458728085555, 10.595935472607904 ], [ 78.451120648026702, 10.596066636570495 ], [ 78.450997285083659, 10.596066663060432 ], [ 78.450878460429465, 10.595935598876562 ], [ 78.450869292223643, 10.59579998896313 ], [ 78.450978892078226, 10.595542303560581 ], [ 78.451668482009453, 10.594050432120882 ], [ 78.452065722417956, 10.592875048676287 ], [ 78.452189000021036, 10.592499829892349 ], [ 78.452303171402079, 10.592260225721404 ], [ 78.452412796409462, 10.592124590339692 ], [ 78.452609250775566, 10.592074822207618 ], [ 78.45313467808019, 10.592052103276057 ], [ 78.453714928668319, 10.592011289725354 ], [ 78.454116993928224, 10.591984077156527 ], [ 78.454500764099066, 10.591884540838638 ], [ 78.455021553401878, 10.591567995989175 ], [ 78.455249977910654, 10.591463975609054 ], [ 78.455551524385214, 10.59143678330083 ], [ 78.456214008551072, 10.591373344285413 ], [ 78.456707450441684, 10.591337065787938 ], [ 78.457095784952486, 10.59122396355991 ], [ 78.457438405096781, 10.591006905214689 ], [ 78.457918094678732, 10.590789814044262 ], [ 78.458251588838067, 10.590631521668655 ], [ 78.45863992424718, 10.590522937558623 ], [ 78.459407457402349, 10.590310296434778 ], [ 78.459645000709557, 10.590147504853935 ], [ 78.459644884826901, 10.5896819060975 ], [ 78.459635554924333, 10.588908924753142 ], [ 78.459767792324072, 10.587860166227774 ], [ 78.459790457716991, 10.587145941936393 ], [ 78.45980857763459, 10.586522126243636 ], [ 78.459844825554626, 10.585310657237409 ], [ 78.459844598280824, 10.584397542040596 ], [ 78.460004417553051, 10.584040393838798 ], [ 78.45998609731113, 10.583855062176731 ], [ 78.459894712595613, 10.583832483921066 ], [ 78.459460663718303, 10.583796426172254 ], [ 78.459031180079265, 10.583755847292023 ], [ 78.458811850114444, 10.583656452236474 ], [ 78.458528511592377, 10.583371736673968 ], [ 78.458117232312588, 10.58303280781684 ], [ 78.457975564399035, 10.582892709907592 ], [ 78.457926663708207, 10.582699385195847 ], [ 78.457906964552365, 10.582621504085996 ], [ 78.45810321769585, 10.581771626745548 ], [ 78.458404634812993, 10.581260752415524 ], [ 78.45882033560062, 10.581012031779501 ], [ 78.460012730562681, 10.580745039051154 ], [ 78.461154888140783, 10.580563942232445 ], [ 78.462041157016927, 10.580247294740412 ], [ 78.463096425947526, 10.579767866607247 ], [ 78.463905067806721, 10.579632049089634 ], [ 78.464859898800299, 10.579450986935651 ], [ 78.465186905326632, 10.579524616106625 ], [ 78.465220853559543, 10.579532259742718 ], [ 78.466072700790633, 10.578419123210248 ], [ 78.466134291981462, 10.578338640436513 ], [ 78.465818454209042, 10.576141822204502 ], [ 78.46563082040069, 10.574962053719409 ], [ 78.46556659355285, 10.57398114870422 ], [ 78.465232855051738, 10.573149487100181 ], [ 78.464926650812444, 10.572765335827906 ], [ 78.464761992315815, 10.572069240180724 ], [ 78.464761776720124, 10.57125557298534 ], [ 78.464661094441382, 10.570609184606386 ], [ 78.46484381356683, 10.570509689037383 ], [ 78.465414890559231, 10.57049145892357 ], [ 78.465364521122936, 10.570057515842116 ], [ 78.464774612747235, 10.567982816630469 ], [ 78.464573444022491, 10.567417821891251 ], [ 78.464354049378969, 10.567033646669298 ], [ 78.464152825857013, 10.566256194613468 ], [ 78.46393329556787, 10.565356696417904 ], [ 78.463750329405755, 10.564506910799984 ], [ 78.463681649609043, 10.563928320683104 ], [ 78.463059929194145, 10.562405112562384 ], [ 78.463014055825838, 10.56168186295457 ], [ 78.463119027560055, 10.561279523196205 ], [ 78.463265119676379, 10.560895252871596 ], [ 78.463411211792746, 10.560506463246131 ], [ 78.463502395285659, 10.559792220338686 ], [ 78.463611901715424, 10.559263307378934 ], [ 78.463808261758444, 10.558942310710238 ], [ 78.464684980644805, 10.557310226797853 ], [ 78.465150798442139, 10.556686293072419 ], [ 78.465260382126999, 10.556464765602836 ], [ 78.465337955245047, 10.556125716966807 ], [ 78.465273894585494, 10.555746021790632 ], [ 78.464999682048401, 10.555343780236537 ], [ 78.464638692254837, 10.555031967406659 ], [ 78.464515297870804, 10.554855703730563 ], [ 78.46446040002715, 10.554561893621631 ], [ 78.464478452571086, 10.553725618138705 ], [ 78.464629065908269, 10.553178613731831 ], [ 78.465021701552629, 10.55225635362096 ], [ 78.46560116521654, 10.549553014081377 ], [ 78.466094132796684, 10.548011434410224 ], [ 78.466468291892312, 10.546370436362741 ], [ 78.46652292383466, 10.545674282702546 ], [ 78.466454357225643, 10.545520607985127 ], [ 78.466244155042418, 10.545294644394307 ], [ 78.466084222582481, 10.545140994215362 ], [ 78.46589224721636, 10.54473872996315 ], [ 78.465563073055236, 10.543775975202271 ], [ 78.465000885790886, 10.542682187919103 ], [ 78.463862907175468, 10.54083364459362 ], [ 78.464264939197733, 10.54093751078905 ], [ 78.464694389599103, 10.541082052436034 ], [ 78.46529285173294, 10.541172303829772 ], [ 78.465882133084577, 10.541095303297945 ], [ 78.466558240201721, 10.541126766585908 ], [ 78.467293719670906, 10.54111301056054 ], [ 78.467860215255399, 10.541234908918332 ], [ 78.469294614558351, 10.541148634390451 ], [ 78.470898002237604, 10.540935732113409 ], [ 78.472355222342046, 10.540781630232422 ], [ 78.47340587213543, 10.540636677776586 ], [ 78.474433693940796, 10.54054597404955 ], [ 78.475461531017515, 10.540500471156173 ], [ 78.476091941734452, 10.540491244815131 ], [ 78.476927870818727, 10.540310182563264 ], [ 78.478248004417551, 10.540043083819954 ], [ 78.479650353627818, 10.539753353010269 ], [ 78.480020375083242, 10.539739678174222 ], [ 78.481176099917064, 10.539639872341906 ], [ 78.482541954170586, 10.539517394883005 ], [ 78.483729635672333, 10.539358804955045 ], [ 78.484634100822888, 10.539236465157407 ], [ 78.485492836335595, 10.538978525632345 ], [ 78.486073174958591, 10.538861922701958 ], [ 78.486168885062241, 10.538842692739092 ], [ 78.486168620957528, 10.538051626100405 ], [ 78.486076932611454, 10.537079774125745 ], [ 78.486044735195023, 10.536419809377028 ], [ 78.485921117130474, 10.535583578215894 ], [ 78.48605319463006, 10.534385633812773 ], [ 78.486144438310106, 10.534028493732585 ], [ 78.486299663597919, 10.533757220066894 ], [ 78.486674081408339, 10.533255334408343 ], [ 78.487126128032358, 10.532672055011115 ], [ 78.48739545822589, 10.532115959705809 ], [ 78.487838233337868, 10.531139410783313 ], [ 78.488399703746651, 10.529954882381199 ], [ 78.489248891964493, 10.528580400683495 ], [ 78.48988361908637, 10.527911169817921 ], [ 78.490765011907172, 10.527228293020114 ], [ 78.491169248395124, 10.526901378211809 ], [ 78.491313019264794, 10.526785108092426 ], [ 78.491002265956865, 10.526414543438058 ], [ 78.490513366846628, 10.526066640325475 ], [ 78.490074738358004, 10.525777483702026 ], [ 78.489654388788793, 10.525506403261291 ], [ 78.48929340977503, 10.525194616741432 ], [ 78.489115189412573, 10.524995779905709 ], [ 78.489010003879301, 10.524638704901779 ], [ 78.488900207293696, 10.524155061104128 ], [ 78.488763054312756, 10.523820598702674 ], [ 78.488424862862786, 10.523350590324927 ], [ 78.488141545900277, 10.523047819169104 ], [ 78.4878947634204, 10.522713391778534 ], [ 78.487826142014157, 10.522415069603221 ], [ 78.487803151431066, 10.521967558861407 ], [ 78.487949041426475, 10.521126718754667 ], [ 78.48814063590693, 10.520367230152768 ], [ 78.488569666795016, 10.519327397697669 ], [ 78.489167430039586, 10.517482878700466 ], [ 78.489500698721784, 10.516935800224338 ], [ 78.489715331395985, 10.516768474183657 ], [ 78.490108082923058, 10.516524240304102 ], [ 78.490774870917406, 10.516175943600675 ], [ 78.491350373909242, 10.516040135990071 ], [ 78.491893860046034, 10.515786806937953 ], [ 78.492469259731593, 10.515361692337096 ], [ 78.492930441323736, 10.514877851168903 ], [ 78.493053658739683, 10.514556860353993 ], [ 78.493089509604332, 10.512608560797503 ], [ 78.493189208227847, 10.510375454357531 ], [ 78.493339820666691, 10.510027331782513 ], [ 78.493563541596629, 10.50974698904767 ], [ 78.493956247309598, 10.509403302309128 ], [ 78.494444823924653, 10.508919448271239 ], [ 78.495380813653469, 10.507816143090075 ], [ 78.495767070361012, 10.507217190865553 ], [ 78.495832764157754, 10.50711532182987 ], [ 78.496307700753519, 10.50682132842061 ], [ 78.49690601107207, 10.506653858228107 ], [ 78.497527214057385, 10.506631032296911 ], [ 78.497956592593511, 10.50666703990896 ], [ 78.497855697414053, 10.505568621693699 ], [ 78.497572213364876, 10.504795738174298 ], [ 78.497210892991305, 10.503512077238462 ], [ 78.497055301190841, 10.502721064858587 ], [ 78.496734067238521, 10.502294407756418 ], [ 78.496337700890734, 10.501423655175472 ], [ 78.496337054103734, 10.499682139121708 ], [ 78.496340795586903, 10.497363153306948 ], [ 78.496276186955029, 10.495527889835062 ], [ 78.496403433315024, 10.493764950807975 ], [ 78.494123073441031, 10.490483959741953 ], [ 78.492688289659128, 10.48882997502243 ], [ 78.493647161274836, 10.487916555237192 ], [ 78.494838639056994, 10.486365640189335 ], [ 78.49599335508276, 10.485141222690869 ], [ 78.496066854341009, 10.485063286885616 ], [ 78.496160435437403, 10.485072772811293 ], [ 78.497533033343771, 10.485211904692727 ], [ 78.49886081789387, 10.4852878954011 ], [ 78.502223174273084, 10.485283683755553 ], [ 78.503959550343652, 10.48438498370848 ], [ 78.507297859721035, 10.483336378069451 ], [ 78.511548707408409, 10.483589380386174 ], [ 78.515549580003366, 10.48358955616678 ], [ 78.519236710595479, 10.482850646820099 ], [ 78.519305773972818, 10.482836806932703 ], [ 78.522395111675962, 10.485390692040912 ], [ 78.525046738070344, 10.485543288137929 ], [ 78.52735531223081, 10.486275822378213 ], [ 78.527997648083129, 10.487797836047678 ], [ 78.528002411849116, 10.487809124720588 ], [ 78.528649521348825, 10.489342432716592 ], [ 78.5306212829733, 10.490071436243083 ], [ 78.531144541744837, 10.492369383652219 ], [ 78.534198998763785, 10.494276654832147 ], [ 78.53623491986248, 10.496923684758949 ], [ 78.537560225062379, 10.499063194088915 ], [ 78.538241024080222, 10.501451774037836 ], [ 78.538235211082039, 10.501515183012582 ], [ 78.538106432196159, 10.502919863928621 ], [ 78.540472489551632, 10.502902477748366 ], [ 78.540942335394675, 10.50501816042755 ], [ 78.540963985691349, 10.505470897240858 ], [ 78.540969343243702, 10.505587747740112 ], [ 78.540976330340001, 10.505740114824597 ], [ 78.541019485406224, 10.506713330356861 ], [ 78.541060154834085, 10.508209592989205 ], [ 78.538987181823202, 10.508425149941349 ], [ 78.538849295816988, 10.508439486836023 ], [ 78.538817888918018, 10.508466548694482 ], [ 78.538817372386745, 10.508466993851799 ], [ 78.538843245663557, 10.508641777239898 ], [ 78.539137972128501, 10.510632772156809 ], [ 78.539177867208593, 10.510902274061818 ], [ 78.539393614692059, 10.512359733441084 ], [ 78.539423595066339, 10.512562256218118 ], [ 78.53942358787981, 10.512584858252067 ], [ 78.539379282071693, 10.512628677399668 ], [ 78.539323066399533, 10.512684277151726 ], [ 78.537527812948611, 10.513022772995544 ], [ 78.533028387049072, 10.513897992954728 ], [ 78.532840941886931, 10.513934451934878 ], [ 78.532844435435067, 10.514045929176948 ], [ 78.532958499916589, 10.517686413822064 ], [ 78.533285901701646, 10.522328959382845 ], [ 78.535427320947306, 10.52535828441213 ], [ 78.535455279213906, 10.525397782896651 ], [ 78.536486633194968, 10.526854855861551 ], [ 78.53691580242365, 10.527582769318164 ], [ 78.53648546897837, 10.530606778947774 ], [ 78.538974844361107, 10.530491855317679 ], [ 78.538975641166758, 10.530491818223888 ], [ 78.539112148259022, 10.530485514927722 ], [ 78.539248534078723, 10.530478936077472 ], [ 78.539249087440936, 10.530478909581911 ], [ 78.540788655209127, 10.530404638954467 ], [ 78.54015881402411, 10.528551096400019 ], [ 78.541259808999257, 10.528225947612285 ], [ 78.542196284716638, 10.528126767766613 ], [ 78.543867643421876, 10.53002580407191 ], [ 78.544685648421279, 10.528895935571802 ], [ 78.545480925145682, 10.52734114235939 ], [ 78.546093474659827, 10.525786295380057 ], [ 78.547419160745434, 10.522274310818259 ], [ 78.54762497286184, 10.521347686075213 ], [ 78.548132244316264, 10.520502507696939 ], [ 78.548580278165915, 10.519110346003268 ], [ 78.5492161236903, 10.515738300948117 ], [ 78.549686995409431, 10.514305459063307 ], [ 78.549772674026258, 10.514243482666886 ], [ 78.549993099037437, 10.514084039784667 ], [ 78.550048473886491, 10.514079744624292 ], [ 78.550806189353906, 10.514020966368653 ], [ 78.551634321959824, 10.514146026811861 ], [ 78.552665224088315, 10.514301705327227 ], [ 78.55641146562273, 10.514225956690094 ], [ 78.556420003211201, 10.514225783576574 ], [ 78.556488502446555, 10.514216449578132 ], [ 78.556552474172889, 10.514207732958765 ], [ 78.559110547318653, 10.51384218586146 ], [ 78.560669051573072, 10.513657133407095 ], [ 78.56078241806361, 10.513643672039471 ], [ 78.561517917295745, 10.513295766891854 ], [ 78.562029564443918, 10.513074382218528 ], [ 78.563189901228426, 10.512572875376367 ], [ 78.564578634673921, 10.512026207736838 ], [ 78.56488460175801, 10.512369824430229 ], [ 78.565802539841187, 10.513256016019431 ], [ 78.56639155169826, 10.514368157047663 ], [ 78.566820525992512, 10.516262292242898 ], [ 78.566984824264708, 10.516949426611365 ], [ 78.568062796317435, 10.517171146780351 ], [ 78.568268283243754, 10.517496656977695 ], [ 78.568980535872967, 10.519133185143398 ], [ 78.569391557336274, 10.519576265364424 ], [ 78.570734539584336, 10.519495163076231 ], [ 78.57153399167818, 10.519151768936888 ], [ 78.572653256589561, 10.518487484842513 ], [ 78.573977687728728, 10.519857412614963 ], [ 78.574795400775656, 10.519554696323098 ], [ 78.576572351052647, 10.519374200280049 ], [ 78.577915319826005, 10.519356353986632 ], [ 78.579751213060348, 10.521738914234041 ], [ 78.580123254826844, 10.522210906106269 ], [ 78.580221609570685, 10.522335684136451 ], [ 78.581834169048989, 10.521892948797571 ], [ 78.581710957022949, 10.521147064436907 ], [ 78.581079034441402, 10.519486982718801 ], [ 78.581052402088147, 10.519417020428186 ], [ 78.581026067077275, 10.519347836236394 ], [ 78.581492348405305, 10.517200723294676 ], [ 78.581017578896166, 10.515455773874626 ], [ 78.580652391275294, 10.514022747849225 ], [ 78.58036479473877, 10.512973968037715 ], [ 78.580506616264231, 10.511581661098836 ], [ 78.579397420568853, 10.507900247081261 ], [ 78.579396821392564, 10.507898253585273 ], [ 78.579344623884651, 10.507725011049203 ], [ 78.579059494121893, 10.506654245093323 ], [ 78.578634784130315, 10.506129795867253 ], [ 78.57802292362399, 10.504918224120447 ], [ 78.576428995204679, 10.503828529849613 ], [ 78.575552217927793, 10.502639507678202 ], [ 78.576279493981829, 10.501470642424586 ], [ 78.574719833595637, 10.498023574323945 ], [ 78.574234106436691, 10.496101268907296 ], [ 78.571172895883421, 10.490693445769955 ], [ 78.570768468952608, 10.489063774234328 ], [ 78.577288169095226, 10.485752990388665 ], [ 78.578433245299678, 10.4849725058824 ], [ 78.578114885956268, 10.483156188587856 ], [ 78.584999979433931, 10.481140887819844 ], [ 78.584767667914946, 10.479137908792771 ], [ 78.586173458571068, 10.478008483150475 ], [ 78.586253748194508, 10.477943978439017 ], [ 78.588539853693078, 10.476757985587293 ], [ 78.589405246620359, 10.474474195418397 ], [ 78.58853996508418, 10.46844296992494 ], [ 78.5892559753662, 10.467402719979509 ], [ 78.589309268818781, 10.467325292064897 ], [ 78.589087269060911, 10.464301418788578 ], [ 78.587484350302248, 10.464577235643725 ], [ 78.587178559287949, 10.464237509269813 ], [ 78.587067962303436, 10.464114637094369 ], [ 78.58706663369513, 10.464091667569781 ], [ 78.586817243405932, 10.459777676780009 ], [ 78.587343627416331, 10.457699061407475 ], [ 78.586253626921959, 10.457229772372738 ], [ 78.586310120173522, 10.45581332674255 ], [ 78.584377262787413, 10.455418989591331 ], [ 78.583544643096673, 10.452665788782385 ], [ 78.583277428435593, 10.451782195923565 ], [ 78.583273261150993, 10.451722073658441 ], [ 78.582910311233491, 10.446485748729332 ], [ 78.58419531621314, 10.444331467722053 ], [ 78.585468424803466, 10.44334396018246 ], [ 78.585090077761976, 10.441033248641924 ], [ 78.585072008150064, 10.440922888298777 ], [ 78.584936391288252, 10.440978350734675 ], [ 78.58168981157948, 10.442306096233695 ], [ 78.581592809698463, 10.442352092393662 ], [ 78.576697593271234, 10.44467328928668 ], [ 78.57104616874966, 10.445616749308206 ], [ 78.570130277028696, 10.444607335886406 ], [ 78.568695511213107, 10.444926286032867 ], [ 78.568795132581457, 10.443426998583725 ], [ 78.567698018328329, 10.443665990390848 ], [ 78.567539920228228, 10.442664205290491 ], [ 78.566015821449184, 10.443482319223472 ], [ 78.565094824602483, 10.442972924598601 ], [ 78.565124036018872, 10.440139367696002 ], [ 78.563484031212028, 10.435872072381803 ], [ 78.562498699719569, 10.433445059354643 ], [ 78.561422323973105, 10.431683903729907 ], [ 78.563035670375584, 10.43036671012837 ], [ 78.564047029655086, 10.430069830086699 ], [ 78.564133549095033, 10.430044432914402 ], [ 78.565231422424588, 10.429722147415511 ], [ 78.565653317096064, 10.428198488404792 ], [ 78.565668675592477, 10.428143018389774 ], [ 78.564585425039141, 10.427048601612981 ], [ 78.56248336457935, 10.426777313747653 ], [ 78.560162230174598, 10.427337213398037 ], [ 78.560083920438018, 10.4273561013124 ], [ 78.557841076006909, 10.427897074051982 ], [ 78.554905808358157, 10.426783771113156 ], [ 78.553308016284817, 10.42660081973459 ], [ 78.551607834235369, 10.428167031308035 ], [ 78.552329976417525, 10.431591532774263 ], [ 78.552308306357943, 10.433674955642092 ], [ 78.550961706594208, 10.43361955286279 ], [ 78.550210076314542, 10.433028460578351 ], [ 78.545818309010215, 10.434317108923663 ], [ 78.543960899328155, 10.434798161356207 ], [ 78.542380484265635, 10.432948336598436 ], [ 78.540523081770132, 10.433429343440286 ], [ 78.540424489871057, 10.43344645257498 ], [ 78.540379222865582, 10.433454309206649 ], [ 78.536895930791246, 10.43405880013133 ], [ 78.533109149186359, 10.433853054426981 ], [ 78.529394242685697, 10.434814803066065 ], [ 78.52701663479229, 10.436707149700663 ], [ 78.524908320261488, 10.437018662214998 ], [ 78.523144720746259, 10.43658360227818 ], [ 78.520648215435088, 10.43380718157815 ], [ 78.51907432573482, 10.431373750832879 ], [ 78.519086396397284, 10.430239212837341 ], [ 78.519087625292613, 10.430123708625448 ], [ 78.51970618184103, 10.427379780336006 ], [ 78.517820492295542, 10.42260954009228 ], [ 78.516611033834664, 10.417596401053263 ], [ 78.516722738441942, 10.415014007660117 ], [ 78.51782060368663, 10.414692106842329 ], [ 78.518021783191159, 10.411610638979701 ], [ 78.516867289947569, 10.409348444283751 ], [ 78.516604829171001, 10.408118094273972 ], [ 78.516546574323129, 10.407845007838889 ], [ 78.517483135380488, 10.406854733972091 ], [ 78.520942206179811, 10.406140755914688 ], [ 78.524581066698417, 10.404345185621466 ], [ 78.525688095657372, 10.403148300598847 ], [ 78.5271225299946, 10.40282983691133 ], [ 78.528065149290228, 10.401256226384396 ], [ 78.529871337933074, 10.399187303368436 ], [ 78.529939766201551, 10.399108921020673 ], [ 78.531143623666594, 10.396704673960514 ], [ 78.529261477974913, 10.391601864572745 ], [ 78.530282882215872, 10.390529116704037 ], [ 78.529367648061694, 10.389519660025179 ], [ 78.528273530588365, 10.389508327138971 ], [ 78.526387177187857, 10.384822230070307 ], [ 78.525259857981595, 10.380237040324966 ], [ 78.525257482836011, 10.380227378898446 ], [ 78.524857884349871, 10.378223345705887 ], [ 78.522260546741322, 10.377113082829327 ], [ 78.52117360860376, 10.376435147863583 ], [ 78.519753606599835, 10.375420426986384 ], [ 78.515712426598085, 10.375544906999368 ], [ 78.513903721774085, 10.371526312598508 ], [ 78.509350601773392, 10.372311861167489 ], [ 78.509078516446891, 10.374142191096027 ], [ 78.507563754756887, 10.374126283097873 ], [ 78.50729074865724, 10.376039939753214 ], [ 78.505566923847823, 10.375896815441216 ], [ 78.505576290581288, 10.375869949692628 ], [ 78.505697177767388, 10.37552321838818 ], [ 78.504609722200215, 10.373081957436025 ], [ 78.504587719763933, 10.373032564977432 ], [ 78.503478301286378, 10.370541925326476 ], [ 78.501745195981783, 10.367357294239982 ], [ 78.500747989659587, 10.367126820684772 ], [ 78.500611873334492, 10.367095362736796 ], [ 78.498864216220582, 10.365589923920009 ], [ 78.498716790106073, 10.365469257337981 ], [ 78.498370285646459, 10.365185643765143 ], [ 78.497872421349683, 10.364602630195469 ], [ 78.49777654865099, 10.364395712049863 ], [ 78.497621123937179, 10.364060263849659 ], [ 78.497551653622963, 10.363764832704369 ], [ 78.49747020876606, 10.363418481223885 ], [ 78.497342107209903, 10.362745004728078 ], [ 78.497252325088837, 10.362194033580325 ], [ 78.497191097715699, 10.36181830114945 ], [ 78.497062814699859, 10.36061597961614 ], [ 78.497062811106602, 10.360615940734725 ], [ 78.497059096572912, 10.360372778032337 ], [ 78.497048845897197, 10.359702844697599 ], [ 78.496979938826712, 10.358649542300824 ], [ 78.497102870578402, 10.357736427280088 ], [ 78.497270070408959, 10.357108426808271 ], [ 78.497339992575732, 10.356845785980209 ], [ 78.497522306560967, 10.355995929359231 ], [ 78.497536902387708, 10.355926751223672 ], [ 78.497559624374489, 10.3558190507229 ], [ 78.497686356898171, 10.355218354007226 ], [ 78.49769646204679, 10.355057363574817 ], [ 78.497768085622681, 10.353916375836508 ], [ 78.497740183051647, 10.352614501838055 ], [ 78.497743838296543, 10.35219843063164 ], [ 78.497744591084782, 10.352112717771929 ], [ 78.498045853691693, 10.351995150414544 ], [ 78.49831318603205, 10.351958891611458 ], [ 78.498864605191102, 10.351884080808924 ], [ 78.500061981311418, 10.351737451336781 ], [ 78.50039671604415, 10.351515832399583 ], [ 78.501672278831848, 10.350671304164051 ], [ 78.504784551422489, 10.350787415686233 ], [ 78.50898181370485, 10.347348775688321 ], [ 78.50945367267245, 10.346962185919288 ], [ 78.51033862821167, 10.345340235586956 ], [ 78.513272949934404, 10.339961941130484 ], [ 78.513555574295864, 10.338953141593372 ], [ 78.513563983425229, 10.338923125717297 ], [ 78.513579692264599, 10.338867053949857 ], [ 78.513582871402392, 10.338855707742683 ], [ 78.514541311826775, 10.335434550861414 ], [ 78.516630677294998, 10.332811178757467 ], [ 78.517097749140447, 10.332474645129022 ], [ 78.520106951730327, 10.330306404873651 ], [ 78.520106956221881, 10.330306372174764 ], [ 78.520731532381077, 10.328378754107941 ], [ 78.520759355900353, 10.328292880972244 ], [ 78.521411751087257, 10.326279377758347 ], [ 78.519611490426954, 10.321511933864036 ], [ 78.519336739798959, 10.32052024698609 ], [ 78.518801295380612, 10.318587663039896 ], [ 78.519286312870506, 10.315696850266345 ], [ 78.519287539969199, 10.315689536863212 ], [ 78.519519855979766, 10.314304792399364 ], [ 78.519438703973606, 10.314237616610082 ], [ 78.519377821553562, 10.314187220617914 ], [ 78.516767947955231, 10.312026797071789 ], [ 78.515924944638115, 10.310260923636074 ], [ 78.515369058157148, 10.309096469743508 ], [ 78.515194053763366, 10.306389366663407 ], [ 78.515188526429426, 10.306303863151939 ], [ 78.515007998295005, 10.303511283071032 ], [ 78.518912538253844, 10.300219941916685 ], [ 78.518188470982011, 10.299015633853525 ], [ 78.51818844043926, 10.299015582590693 ], [ 78.516846177741755, 10.296782995788053 ], [ 78.515917462570087, 10.297106492822918 ], [ 78.515798415133716, 10.295787041604305 ], [ 78.515541321790977, 10.292937551284327 ], [ 78.515541320892652, 10.292937518581558 ], [ 78.51471970915739, 10.291517124306868 ], [ 78.51331140232017, 10.289082409822376 ], [ 78.512958676128903, 10.287234417013186 ], [ 78.512933494554858, 10.287102493378621 ], [ 78.512674166203709, 10.28574380118453 ], [ 78.512942475012736, 10.284247255417696 ], [ 78.514730156564127, 10.282369480858966 ], [ 78.516936880635981, 10.280051471619132 ], [ 78.51702535930157, 10.279958532715057 ], [ 78.517025038603038, 10.279957848580237 ], [ 78.515380715594574, 10.276442942385668 ], [ 78.51494757042245, 10.275440948818447 ], [ 78.514313712869779, 10.273974640600059 ], [ 78.51431369041191, 10.273974602591831 ], [ 78.512249840691041, 10.271085191204248 ], [ 78.511496369763321, 10.270030307044962 ], [ 78.514193812932177, 10.267924413036507 ], [ 78.51454938857951, 10.267646807135929 ], [ 78.513674680122747, 10.267031519106409 ], [ 78.511544435020923, 10.265533047027242 ], [ 78.509687911077734, 10.265024312607919 ], [ 78.507435729557571, 10.264407131384866 ], [ 78.505101646836323, 10.264304164899107 ], [ 78.504276684385033, 10.264267773133964 ], [ 78.502476375215707, 10.264188329993381 ], [ 78.500617032359159, 10.264083972999599 ], [ 78.500540014399945, 10.264079649651556 ], [ 78.499274563049113, 10.264008611846364 ], [ 78.498648386990411, 10.263999868798786 ], [ 78.498201792241872, 10.263979464817705 ], [ 78.497470802552471, 10.2639460678035 ], [ 78.496489500004103, 10.263978097362887 ], [ 78.495558380042411, 10.26404168002844 ], [ 78.494426874686951, 10.264029350838692 ], [ 78.49434888924219, 10.264028501372714 ], [ 78.494348849716317, 10.264028499604834 ], [ 78.493668752282716, 10.263979056437536 ], [ 78.493523566566495, 10.263909246402338 ], [ 78.493349263756954, 10.263825449766278 ], [ 78.492901764404934, 10.263242465915962 ], [ 78.492335802419703, 10.263206505392381 ], [ 78.492234307165646, 10.263215267908642 ], [ 78.492135055903177, 10.263223837725311 ], [ 78.491915954110453, 10.26324279739416 ], [ 78.490446238440384, 10.263437731257827 ], [ 78.489501602426969, 10.263682071097334 ], [ 78.489501563799422, 10.26368208082067 ], [ 78.488639092193452, 10.263926527428254 ], [ 78.487680602361706, 10.264071456416316 ], [ 78.487339295554335, 10.264204772145785 ], [ 78.486904786739601, 10.264374523773061 ], [ 78.485987517901336, 10.264854023895385 ], [ 78.484759962879039, 10.265573144103705 ], [ 78.484538372752965, 10.265654755189365 ], [ 78.484121053201207, 10.26580845997314 ], [ 78.483066890995062, 10.266283453397911 ], [ 78.482290964880193, 10.26645092689879 ], [ 78.481359955411321, 10.266672677291275 ], [ 78.480952837127916, 10.266748082006506 ], [ 78.480260030329674, 10.266876403278022 ], [ 78.479329023555735, 10.267134393659619 ], [ 78.478553219611754, 10.267383189188342 ], [ 78.478430001297497, 10.267663548760646 ], [ 78.47834462181963, 10.26796051887205 ], [ 78.478151881987216, 10.26863100986186 ], [ 78.477946613351534, 10.268870678560331 ], [ 78.477335042102723, 10.269078813919696 ], [ 78.476546102094332, 10.269225013399371 ], [ 78.476431341418504, 10.26924628505652 ], [ 78.474961699410287, 10.269490755649874 ], [ 78.474496028038359, 10.269582823431026 ], [ 78.473656418556388, 10.269748851737562 ], [ 78.472717155366666, 10.269850692100482 ], [ 78.472570185596282, 10.269866631890112 ], [ 78.472213803261823, 10.269842060588697 ], [ 78.47126478167317, 10.269776656438626 ], [ 78.470937097817085, 10.26963780085433 ], [ 78.469804027596425, 10.269157709566239 ], [ 78.467672220324303, 10.268181884581459 ], [ 78.467225010229782, 10.268048513072706 ], [ 78.466672570584564, 10.267883806231133 ], [ 78.465782444342594, 10.267486221850653 ], [ 78.464782817060708, 10.267251424328695 ], [ 78.46439793926713, 10.26718884733755 ], [ 78.463953715172593, 10.267116619575454 ], [ 78.463449980385448, 10.267034739267928 ], [ 78.462922889400929, 10.266998374334833 ], [ 78.462639258926373, 10.266978805862337 ], [ 78.461948301759278, 10.266931156653156 ], [ 78.461561329992776, 10.266982944429058 ], [ 78.460798130310536, 10.267085113621039 ], [ 78.460107040192796, 10.267208969137734 ], [ 78.459903572679252, 10.267245443654014 ], [ 78.459711979995461, 10.267279791429191 ], [ 78.459241922149999, 10.267578274304611 ], [ 78.458748807246138, 10.2673251971704 ], [ 78.458082471104348, 10.267067678079732 ], [ 78.457261088439481, 10.267750433712783 ], [ 78.456982717600923, 10.267958424845075 ], [ 78.456982690651472, 10.267958423077207 ], [ 78.456900650211523, 10.267960979398874 ], [ 78.456690575589064, 10.26796753196184 ], [ 78.456358779245591, 10.267667775711406 ], [ 78.456247786104058, 10.267567500969074 ], [ 78.456220392877768, 10.267542753586985 ], [ 78.456220362335074, 10.26754273060482 ], [ 78.455649759653113, 10.267221936401544 ], [ 78.455649727313755, 10.267221921374734 ], [ 78.455571500222177, 10.267194333012073 ], [ 78.45531649636078, 10.267104413371968 ], [ 78.453997468588099, 10.267091134075654 ], [ 78.453970873964096, 10.267093054857893 ], [ 78.452929428309133, 10.267168316276122 ], [ 78.45280757992569, 10.267083828385239 ], [ 78.452746844829321, 10.267041730279974 ], [ 78.452701387380998, 10.266315466809852 ], [ 78.452652343858063, 10.265531892607555 ], [ 78.452650646042173, 10.265504768163678 ], [ 78.452685554574117, 10.264600098653039 ], [ 78.452691461895441, 10.264447019994556 ], [ 78.45259532778698, 10.263018583701868 ], [ 78.452562992029996, 10.261210355794708 ], [ 78.452494303250148, 10.26022944921835 ], [ 78.452494308640027, 10.260229409440603 ], [ 78.4526082302894, 10.259343416029804 ], [ 78.452927688272425, 10.25910828363499 ], [ 78.453037117447082, 10.258864169208495 ], [ 78.452793435951548, 10.258567877393036 ], [ 78.452676502251009, 10.25842573122787 ], [ 78.452450904740431, 10.25805258431272 ], [ 78.45230212935634, 10.257806516411167 ], [ 78.452302109593404, 10.257806481936855 ], [ 78.45210765577545, 10.257413095187625 ], [ 78.451676512948069, 10.256540896055309 ], [ 78.45145894907111, 10.256078382809626 ], [ 78.451456417618616, 10.256073003017855 ], [ 78.451274659690569, 10.255686652227888 ], [ 78.451210166941379, 10.255595880713551 ], [ 78.450927740209295, 10.255198467412553 ], [ 78.45084548686863, 10.254705796602847 ], [ 78.450411736231985, 10.253996123419068 ], [ 78.450580353604096, 10.252874982615017 ], [ 78.450663074967025, 10.252267435105242 ], [ 78.450693636551307, 10.252042880382504 ], [ 78.450694133319672, 10.252039238413305 ], [ 78.450703430882868, 10.251970916124327 ], [ 78.450689017414135, 10.251575211417377 ], [ 78.450685190591003, 10.251470177561306 ], [ 78.450351575159104, 10.250020557399003 ], [ 78.450342117695811, 10.249858397645207 ], [ 78.450314920302247, 10.249392184907398 ], [ 78.450314914014058, 10.249392144244299 ], [ 78.45014594090911, 10.248858862230575 ], [ 78.449926829234911, 10.248470070804533 ], [ 78.449926813065233, 10.248470045169022 ], [ 78.449273951652728, 10.247448578105338 ], [ 78.44927393458471, 10.247448553353752 ], [ 78.448502373383803, 10.246404535095531 ], [ 78.448445687892757, 10.246330274721368 ], [ 78.447813091574744, 10.245501549829289 ], [ 78.447753730900772, 10.245423785100996 ], [ 78.448584341060226, 10.24528795534825 ], [ 78.449250604438461, 10.244975918415038 ], [ 78.450104013839834, 10.24464574604375 ], [ 78.450375605092972, 10.244572793568569 ], [ 78.450811356277711, 10.244455697942135 ], [ 78.451450285718508, 10.244460074597722 ], [ 78.452180533399499, 10.244441854591674 ], [ 78.45262127921724, 10.244434414895547 ], [ 78.452988338028831, 10.244428188039484 ], [ 78.453453765058981, 10.244310509807171 ], [ 78.453704830706215, 10.244116042412571 ], [ 78.455525450784108, 10.242438564244722 ], [ 78.456886357117043, 10.241206115727493 ], [ 78.457592458083184, 10.240566630615241 ], [ 78.458035419146398, 10.240825560908862 ], [ 78.458929838437143, 10.241348335034145 ], [ 78.459332710384203, 10.241265521629199 ], [ 78.460052479217381, 10.241117537698189 ], [ 78.460690764566081, 10.241006930268284 ], [ 78.461280122274545, 10.240904771227729 ], [ 78.462279509706221, 10.240746309021977 ], [ 78.463210508395349, 10.24056074667722 ], [ 78.463346658856423, 10.240536544384064 ], [ 78.463872303553345, 10.240443091761758 ], [ 78.464512814029021, 10.240404884159934 ], [ 78.464556883580229, 10.240402255127391 ], [ 78.46455692939432, 10.240402271039502 ], [ 78.464995034165113, 10.240551269258154 ], [ 78.465086193403508, 10.24058339577161 ], [ 78.466533224816004, 10.241093349591617 ], [ 78.468550654094557, 10.241861349805269 ], [ 78.4700888240842, 10.242407877955188 ], [ 78.47189174016448, 10.243026734791911 ], [ 78.472695079268561, 10.243442387843245 ], [ 78.473124517991806, 10.24372806198155 ], [ 78.473544137230718, 10.244007202251693 ], [ 78.474214847269621, 10.244445868809787 ], [ 78.475077894695659, 10.245010323413418 ], [ 78.475697110607541, 10.245715074331116 ], [ 78.476022961002116, 10.246085932985947 ], [ 78.476449736220559, 10.246664669033228 ], [ 78.476936114658088, 10.247324221594221 ], [ 78.478313974895386, 10.249402212781957 ], [ 78.478584380372311, 10.249810008620432 ], [ 78.478584395643693, 10.249810031603896 ], [ 78.47969762297808, 10.251452363702715 ], [ 78.480050269219248, 10.252123772750425 ], [ 78.480342404044592, 10.252679968877914 ], [ 78.481373863128553, 10.254218496894429 ], [ 78.48164836043162, 10.254627916566102 ], [ 78.481648388279396, 10.254627951924736 ], [ 78.481986128775048, 10.254917109409059 ], [ 78.481986171894221, 10.254917138579911 ], [ 78.482328591714179, 10.255115936075658 ], [ 78.482597843754306, 10.255025463177812 ], [ 78.483069057731527, 10.25464864114557 ], [ 78.4832594260116, 10.254496405398285 ], [ 78.483259466435797, 10.254496373575488 ], [ 78.483401625727808, 10.254380048015234 ], [ 78.484436623275698, 10.253533120273946 ], [ 78.48527618963854, 10.252841194598203 ], [ 78.485326888756546, 10.25278102181133 ], [ 78.485645732291914, 10.252402593583426 ], [ 78.485746062431062, 10.252068116929488 ], [ 78.485748104301692, 10.251918110206931 ], [ 78.485750555804103, 10.251738080123541 ], [ 78.4857915450322, 10.251448785372903 ], [ 78.485097664747173, 10.25109184058498 ], [ 78.484635708807261, 10.250854459415402 ], [ 78.484622922187498, 10.250847887934675 ], [ 78.484618439594229, 10.250845584292074 ], [ 78.484148181424473, 10.25060393332852 ], [ 78.483436137204393, 10.250527281895764 ], [ 78.483166667772011, 10.25045912635249 ], [ 78.482632854694174, 10.250324111133537 ], [ 78.482316226404308, 10.250196833318771 ], [ 78.482194680753096, 10.250147974953155 ], [ 78.482075883048381, 10.249908445891277 ], [ 78.481253884139207, 10.248208988066128 ], [ 78.481110246220211, 10.247889398591575 ], [ 78.481102847695553, 10.247872936144306 ], [ 78.480580489035916, 10.246710699174381 ], [ 78.480573377972121, 10.246694876673224 ], [ 78.479673645146477, 10.24470616435765 ], [ 78.479673632570098, 10.244706133417889 ], [ 78.479411963209273, 10.244051362244479 ], [ 78.479025134274892, 10.243083425594451 ], [ 78.478971979162907, 10.242933245775525 ], [ 78.478929121439009, 10.242812191880763 ], [ 78.479590730645754, 10.242165627394204 ], [ 78.479461278023436, 10.241498361787237 ], [ 78.479289049423912, 10.240610670862511 ], [ 78.480343051729932, 10.239891607134696 ], [ 78.480812324447825, 10.239601503313262 ], [ 78.48122831000137, 10.239344299372993 ], [ 78.482014503859943, 10.238863728113627 ], [ 78.482478611264952, 10.238580008561017 ], [ 78.483030061865065, 10.238251623189873 ], [ 78.48361024058795, 10.237906101780537 ], [ 78.48451827744006, 10.237458350891208 ], [ 78.484518307084471, 10.237458339399037 ], [ 78.48593746287537, 10.236983155122639 ], [ 78.487091934559373, 10.236557885233477 ], [ 78.487050631819258, 10.235929638112086 ], [ 78.487196488576984, 10.235491150723377 ], [ 78.487196525407896, 10.235491107406423 ], [ 78.487291801625247, 10.235357324325205 ], [ 78.487743954250462, 10.23472240134933 ], [ 78.487743914724589, 10.234591005686767 ], [ 78.487743823994762, 10.234405969270922 ], [ 78.487473078056325, 10.233532235815479 ], [ 78.487149918116032, 10.232489486296945 ], [ 78.486980901891968, 10.231965203565444 ], [ 78.486885002243795, 10.231793458771314 ], [ 78.486492550754051, 10.23167145471392 ], [ 78.485666437560909, 10.231445737934322 ], [ 78.48549741684522, 10.231129426353544 ], [ 78.483515807888637, 10.228232368869797 ], [ 78.48325105910304, 10.227793962788201 ], [ 78.483132517418156, 10.227777601846835 ], [ 78.483054808654501, 10.227766901417651 ], [ 78.482908735402773, 10.227839223015918 ], [ 78.482852238557925, 10.227839238928667 ], [ 78.482712558616086, 10.227839317608286 ], [ 78.482551605669997, 10.227679983402224 ], [ 78.482543669054479, 10.227672126929722 ], [ 78.482543651088179, 10.227672105712751 ], [ 78.482473351628983, 10.227578384089714 ], [ 78.481187648658349, 10.225864360438605 ], [ 78.480320206673909, 10.224743524204547 ], [ 78.479735418695327, 10.224057043364699 ], [ 78.47957706188042, 10.22387115123623 ], [ 78.478452999067088, 10.222551627216907 ], [ 78.478407618873888, 10.222510970396216 ], [ 78.478261285110733, 10.222379934795445 ], [ 78.47801492034742, 10.222402578114636 ], [ 78.477941449835285, 10.222429305769188 ], [ 78.476248963652878, 10.223045010126636 ], [ 78.47551886958378, 10.22332552826262 ], [ 78.475518845329304, 10.223325502625084 ], [ 78.475373864428946, 10.223208705925359 ], [ 78.475249578017824, 10.223108583320483 ], [ 78.474377605829389, 10.222060121277302 ], [ 78.473893686080785, 10.221449971318021 ], [ 78.473463204413477, 10.220861054424502 ], [ 78.472734092203012, 10.219863589201907 ], [ 78.47297670560171, 10.21983294670131 ], [ 78.47327256394388, 10.21979557294258 ], [ 78.474226300789468, 10.21970945017115 ], [ 78.474226342111976, 10.219709444866785 ], [ 78.475107036043482, 10.219564613182833 ], [ 78.474239594957353, 10.21823126656995 ], [ 78.474239576092742, 10.21823122943915 ], [ 78.474166522398889, 10.218009825316908 ], [ 78.474051987200156, 10.21617431203348 ], [ 78.474038175602644, 10.215952986929349 ], [ 78.474033222292192, 10.215846471068252 ], [ 78.47391410838047, 10.213286015577152 ], [ 78.473845594772072, 10.212802260206329 ], [ 78.473772511433808, 10.212558233039038 ], [ 78.473242942895737, 10.211780848121601 ], [ 78.473104299609702, 10.211575951578673 ], [ 78.472927899233994, 10.211315269048983 ], [ 78.472906552567906, 10.211146401405406 ], [ 78.472882184867515, 10.210953726964094 ], [ 78.472803658636934, 10.207730593616647 ], [ 78.472753486830015, 10.207536256772416 ], [ 78.472418512247074, 10.207280737599747 ], [ 78.471858869011612, 10.206853894042636 ], [ 78.471543870265634, 10.206510435571866 ], [ 78.470965324679938, 10.205929393993905 ], [ 78.470913923079394, 10.205877771303754 ], [ 78.470342772425141, 10.205214650182825 ], [ 78.469537828031633, 10.204280080708971 ], [ 78.4695125530328, 10.204250734574764 ], [ 78.470520651427805, 10.202903284985604 ], [ 78.471597723368589, 10.203079346581431 ], [ 78.472473843078703, 10.203183090614619 ], [ 78.472473882604575, 10.203183092382829 ], [ 78.473523459809485, 10.203191850367613 ], [ 78.474051697044331, 10.203091430588591 ], [ 78.474499924930072, 10.20300620597008 ], [ 78.474743602832348, 10.202962750211601 ], [ 78.474747027210213, 10.202962139291778 ], [ 78.475312118727885, 10.202861326011298 ], [ 78.475996569397381, 10.202775264962895 ], [ 78.476042302628485, 10.202151493625975 ], [ 78.476078410411347, 10.201658701602774 ], [ 78.476078434665837, 10.20165867419526 ], [ 78.47649473103651, 10.201370484056186 ], [ 78.476940742778439, 10.201061710575352 ], [ 78.477501879013914, 10.200654692940748 ], [ 78.477702609360804, 10.200365379948535 ], [ 78.477710496568974, 10.200247618202351 ], [ 78.477710602570212, 10.200246009108913 ], [ 78.477725278346981, 10.200026266105182 ], [ 78.477794411792942, 10.199725269797455 ], [ 78.477852942423581, 10.199470272174139 ], [ 78.478249854947023, 10.199158229142139 ], [ 78.478923294966066, 10.198591038060593 ], [ 78.479554582438752, 10.198059335566086 ], [ 78.479554619269663, 10.19805930373764 ], [ 78.480339279704054, 10.197408157722123 ], [ 78.480872974204232, 10.19680684418765 ], [ 78.480899260706067, 10.196776066847374 ], [ 78.480900470736756, 10.196774649591953 ], [ 78.480973386988353, 10.196689208439954 ], [ 78.481833072020322, 10.195540800355568 ], [ 78.482036126308827, 10.195269539327812 ], [ 78.482437590595836, 10.194747628361915 ], [ 78.483149106606518, 10.193822619267367 ], [ 78.483365989560482, 10.193586957389179 ], [ 78.483764959225937, 10.193153383107877 ], [ 78.484599785179057, 10.192334923210824 ], [ 78.484599811230183, 10.192334902875604 ], [ 78.485196122797277, 10.191994260646531 ], [ 78.485557865379008, 10.191787607843764 ], [ 78.486102985551298, 10.191494968615251 ], [ 78.486712113382509, 10.191167958965567 ], [ 78.487816246172997, 10.19052113028912 ], [ 78.488050437865851, 10.190459618598558 ], [ 78.48835004667437, 10.19038089436852 ], [ 78.490042905657631, 10.190244712191152 ], [ 78.49036641055099, 10.19021924616089 ], [ 78.490443608173251, 10.190213169431562 ], [ 78.49044902591271, 10.190212742389452 ], [ 78.490850548590217, 10.190181100602388 ], [ 78.490986224740837, 10.190212272908386 ], [ 78.490986540049477, 10.190212345408289 ], [ 78.491165511403537, 10.190253421903718 ], [ 78.491699486178121, 10.190592712368872 ], [ 78.492210742559124, 10.190917520208155 ], [ 78.493862904266763, 10.191925096121343 ], [ 78.49405909812144, 10.192019947570019 ], [ 78.49459752225161, 10.191906695391483 ], [ 78.494850162645463, 10.1918365954265 ], [ 78.494939756120317, 10.191811725434219 ], [ 78.495208965939597, 10.191838695260454 ], [ 78.495488053633764, 10.191795290142666 ], [ 78.495820367406836, 10.191743568790017 ], [ 78.495989202171216, 10.191580763932508 ], [ 78.496408885190476, 10.190991199385985 ], [ 78.497006254972945, 10.190151952101933 ], [ 78.498040264373984, 10.18896125108528 ], [ 78.498360967421988, 10.188591940237385 ], [ 78.498360985388317, 10.188591919017767 ], [ 78.498871876154993, 10.188171297823931 ], [ 78.499041890407369, 10.188058849739617 ], [ 78.499112277901474, 10.188012271772536 ], [ 78.499286837629157, 10.188090426310158 ], [ 78.499495329420085, 10.188183751087434 ], [ 78.499681435194134, 10.188208010414654 ], [ 78.499773703851915, 10.188220021601397 ], [ 78.499947358976115, 10.188233045140137 ], [ 78.500015553682559, 10.188238156414762 ], [ 78.501922926762418, 10.188197811736444 ], [ 78.502830573745712, 10.188183600781798 ], [ 78.503063705426541, 10.188179946586764 ], [ 78.503335157440787, 10.188161695946325 ], [ 78.503734498110447, 10.18813483986446 ], [ 78.504692758871812, 10.188049086943094 ], [ 78.505151907576462, 10.188058216687432 ], [ 78.505181131569259, 10.188058797574715 ], [ 78.506070809551915, 10.188076474406998 ], [ 78.507608546553612, 10.188185282436514 ], [ 78.508667150030519, 10.18834827204738 ], [ 78.509360724888339, 10.188425270918486 ], [ 78.510195745775832, 10.188547516136961 ], [ 78.510455834101734, 10.188588262174958 ], [ 78.510615530304733, 10.188647080223241 ], [ 78.512066491846596, 10.189153832736197 ], [ 78.514366152922804, 10.189882312431529 ], [ 78.515205722878932, 10.190108561784882 ], [ 78.515985970788606, 10.190343847821286 ], [ 78.516154782196779, 10.190470502416336 ], [ 78.516209520140322, 10.190570004896086 ], [ 78.516227747855766, 10.190696638181789 ], [ 78.516245954011595, 10.190936333005844 ], [ 78.516254981181902, 10.191451899424468 ], [ 78.516218353274525, 10.19207599939533 ], [ 78.516181712790711, 10.192776981025844 ], [ 78.516131366710624, 10.19355484380857 ], [ 78.516053696574502, 10.194047785411108 ], [ 78.515989771560584, 10.194251288347235 ], [ 78.515925865411276, 10.19436886398994 ], [ 78.515629197687019, 10.194676349588841 ], [ 78.514784837015497, 10.195535499110051 ], [ 78.514323834188062, 10.196127877387426 ], [ 78.514145803370141, 10.196457992308455 ], [ 78.513967741111145, 10.19693735012102 ], [ 78.513899232892626, 10.197235824000789 ], [ 78.513835276437646, 10.197593092778918 ], [ 78.513816978653637, 10.197810169175199 ], [ 78.513816845702962, 10.198470454424328 ], [ 78.513821216905143, 10.19942017973168 ], [ 78.513848363094723, 10.200573419670134 ], [ 78.513855096866109, 10.200641506348241 ], [ 78.513898460341494, 10.201079941910448 ], [ 78.513928935687488, 10.201312902580389 ], [ 78.51394401929943, 10.201428188413413 ], [ 78.513994135410826, 10.201826174730369 ], [ 78.514020333877781, 10.202138495411347 ], [ 78.514026002247192, 10.202206032721326 ], [ 78.514026004942153, 10.202206068969931 ], [ 78.51415796116919, 10.204232192215912 ], [ 78.514179091341319, 10.204677044971589 ], [ 78.514194283649388, 10.204996474588793 ], [ 78.514230684283021, 10.205525613094029 ], [ 78.514237938178937, 10.205662729422608 ], [ 78.51424434586184, 10.205783412006527 ], [ 78.514263347026741, 10.20597749264774 ], [ 78.514294416159146, 10.206294447246638 ], [ 78.514316480579154, 10.206565714795893 ], [ 78.514330858115272, 10.206742204038084 ], [ 78.514339929303034, 10.207113036592508 ], [ 78.514351151955864, 10.207153253333027 ], [ 78.514362685425809, 10.207194434619387 ], [ 78.514461108441594, 10.20729526244112 ], [ 78.514499570708807, 10.207334655179679 ], [ 78.514818946945141, 10.207569866603146 ], [ 78.515634533679801, 10.2080842302462 ], [ 78.516612134270872, 10.208700758952533 ], [ 78.516612168406866, 10.208700784591265 ], [ 78.516643634594615, 10.208725787646744 ], [ 78.517232659926435, 10.209193800879371 ], [ 78.517293513600407, 10.20928429656658 ], [ 78.517378681974179, 10.20941092594675 ], [ 78.517401451571672, 10.209496843746036 ], [ 78.517387745077087, 10.209582767710803 ], [ 78.516999600110807, 10.21107508386782 ], [ 78.516681029663303, 10.212026606038801 ], [ 78.516664619239691, 10.212075620566383 ], [ 78.516648544785994, 10.21212363518711 ], [ 78.516141141279235, 10.21363925526726 ], [ 78.515789597270867, 10.214448738277088 ], [ 78.51524634200112, 10.215529524219042 ], [ 78.514881131024055, 10.216130962394299 ], [ 78.514598456356964, 10.216559856925647 ], [ 78.514520505048182, 10.216678129816293 ], [ 78.515077024841432, 10.217822403748697 ], [ 78.515331828378507, 10.218382460606772 ], [ 78.516107936851355, 10.220088325831101 ], [ 78.516148983571654, 10.220214962401466 ], [ 78.516152503170929, 10.220313147171279 ], [ 78.516152506764172, 10.220313250606493 ], [ 78.516153521860474, 10.2203415918489 ], [ 78.516122118554762, 10.221134827348777 ], [ 78.516093908759871, 10.221847572771845 ], [ 78.516060063833237, 10.222243828194673 ], [ 78.515947530979304, 10.223561577430985 ], [ 78.515837928429775, 10.223950493973712 ], [ 78.515655279372965, 10.224484121085085 ], [ 78.515438949781185, 10.224717560563221 ], [ 78.51539966286056, 10.224759958678289 ], [ 78.515349412001854, 10.225013207711454 ], [ 78.515351292175751, 10.225065676865217 ], [ 78.515353950290688, 10.225139837898622 ], [ 78.515350069568669, 10.225318921234367 ], [ 78.515349347323166, 10.225352367404515 ], [ 78.515349347323166, 10.225352393925926 ], [ 78.515358192135452, 10.225428719040108 ], [ 78.515408570554911, 10.225863444566894 ], [ 78.515463234836588, 10.226365448840745 ], [ 78.515525419813798, 10.226639578595393 ], [ 78.515545309412531, 10.226727260709287 ], [ 78.515613733189369, 10.226881034761499 ], [ 78.516293437160911, 10.228314764873364 ], [ 78.516522670153449, 10.228801782598561 ], [ 78.51741107971489, 10.230689234106165 ], [ 78.517819557149323, 10.231615426662707 ], [ 78.517935679671169, 10.231878724293884 ], [ 78.518168282244304, 10.232421303008104 ], [ 78.51840068359482, 10.233252814047496 ], [ 78.518698414026062, 10.234305297682667 ], [ 78.518788028162177, 10.234622064905636 ], [ 78.51878803534872, 10.234622093194355 ], [ 78.518869976075663, 10.235132777957734 ], [ 78.518946993136538, 10.236642316732819 ], [ 78.519675087555797, 10.237036327741933 ], [ 78.520265431614433, 10.237355789365351 ], [ 78.523896973558422, 10.239030813003597 ], [ 78.52438520162714, 10.239071247590294 ], [ 78.525443856308016, 10.238962246576182 ], [ 78.527264639879292, 10.238531959926966 ], [ 78.527458414570916, 10.238539858563152 ], [ 78.527593172643307, 10.238545352689936 ], [ 78.529114877412127, 10.240913097662821 ], [ 78.529116096425952, 10.240914995619693 ], [ 78.529143783401324, 10.240958075790248 ], [ 78.529122096273724, 10.241172180606146 ], [ 78.529120891632957, 10.241184071335859 ], [ 78.529079702978834, 10.241545667409923 ], [ 78.529015708794631, 10.241880156052543 ], [ 78.529015663878894, 10.24201289060951 ], [ 78.529015607285004, 10.242182975022448 ], [ 78.529056511173138, 10.242671079997718 ], [ 78.529315702980398, 10.245369200385232 ], [ 78.529402128097246, 10.246024313592745 ], [ 78.52950231809919, 10.24678376430799 ], [ 78.529729700562228, 10.249102245360389 ], [ 78.529754025143504, 10.24928579695302 ], [ 78.529775218197699, 10.249445717877647 ], [ 78.529834433344604, 10.249762065113931 ], [ 78.529871913753198, 10.249961511149484 ], [ 78.52987197933021, 10.249961864741035 ], [ 78.529884539574496, 10.250028700611066 ], [ 78.529930085057728, 10.250286298976832 ], [ 78.529975668270183, 10.250430905368979 ], [ 78.530062326949007, 10.250557412261552 ], [ 78.530153558950929, 10.250652278033206 ], [ 78.530253923226084, 10.250729061148268 ], [ 78.530291005680994, 10.25073790887159 ], [ 78.530386244169108, 10.250760630608896 ], [ 78.53114170576346, 10.250713476637561 ], [ 78.532357573703905, 10.250637576611725 ], [ 78.532432953136023, 10.251345726275181 ], [ 78.532494778787154, 10.251463860678053 ], [ 78.533083339689952, 10.252607975593447 ], [ 78.533618243322493, 10.253717054709664 ], [ 78.533669501192605, 10.253824607129879 ], [ 78.533801943408207, 10.254102503603834 ], [ 78.533947342025144, 10.254407573849244 ], [ 78.536337440992583, 10.254683612599708 ], [ 78.536718953697118, 10.254727668564616 ], [ 78.536883573566186, 10.254779351377467 ], [ 78.538227620317869, 10.255201294330341 ], [ 78.538227625707776, 10.255201324385107 ], [ 78.538309697588758, 10.256264058054851 ], [ 78.538375683337961, 10.257118440874001 ], [ 78.538454085600989, 10.257660621924689 ], [ 78.539668927665389, 10.258089566391293 ], [ 78.540431353898143, 10.257556030297751 ], [ 78.540584969404989, 10.254934040875717 ], [ 78.540592263725088, 10.254237881406759 ], [ 78.540604602983862, 10.253060313221978 ], [ 78.540604602983862, 10.253060281399041 ], [ 78.542385283065897, 10.252890634201192 ], [ 78.543761110415701, 10.252759546618172 ], [ 78.545212905594141, 10.252556877615495 ], [ 78.546433221991862, 10.252386514130627 ], [ 78.546453105302362, 10.25238373757411 ], [ 78.546540109832577, 10.252371590912604 ], [ 78.548519032826476, 10.25210033332486 ], [ 78.549048395650345, 10.251712002006981 ], [ 78.549372603026299, 10.251474163403184 ], [ 78.549886878644998, 10.25109920498687 ], [ 78.551611774246211, 10.249841551653272 ], [ 78.552661027159303, 10.250018823916678 ], [ 78.553376482282488, 10.249544600787608 ], [ 78.553465398427633, 10.249485664946912 ], [ 78.553465407410812, 10.249485692350291 ], [ 78.554101098424994, 10.251476701294516 ], [ 78.555091671587093, 10.254832533387095 ], [ 78.555091676078661, 10.254832560790028 ], [ 78.561793809682428, 10.253193229614233 ], [ 78.562549461719641, 10.253304991675485 ], [ 78.563287289385016, 10.255144776300826 ], [ 78.564084351061865, 10.255319415803685 ], [ 78.563939769013516, 10.257108596223231 ], [ 78.563939766318555, 10.257108640421173 ], [ 78.565116919565199, 10.257120542044387 ], [ 78.565140406916612, 10.257379745214321 ], [ 78.565192434642924, 10.257954186699207 ], [ 78.569234854319774, 10.257370318683888 ], [ 78.569930151248002, 10.257070890951546 ], [ 78.570628550058885, 10.256770112245336 ], [ 78.570642887170834, 10.256783731415304 ], [ 78.57287713741961, 10.258906173818621 ], [ 78.573621504820267, 10.260121304074977 ], [ 78.573621528176446, 10.260121342084869 ], [ 78.572803870825041, 10.260734098663171 ], [ 78.572689347304419, 10.260819927431697 ], [ 78.574888201236078, 10.263715514988244 ], [ 78.575520951166027, 10.263513642358355 ], [ 78.57552098530202, 10.263513640590476 ], [ 78.576332777552892, 10.265202508923526 ], [ 78.576838499413455, 10.26625458059819 ], [ 78.576838506599969, 10.266254618607308 ], [ 78.575952592558352, 10.266537254422474 ], [ 78.574668169687016, 10.267174294300458 ], [ 78.574388861007321, 10.267312824796024 ], [ 78.574150514606231, 10.271619687401031 ], [ 78.574130873840858, 10.271974597241597 ], [ 78.574615820363832, 10.273895211388702 ], [ 78.5734333940065, 10.274383095994942 ], [ 78.57381265643123, 10.275977082599798 ], [ 78.574118769940711, 10.277263630254799 ], [ 78.57356216031593, 10.277410751394832 ], [ 78.572600785095503, 10.277664850200759 ], [ 78.572600787790464, 10.277664808657372 ], [ 78.57278647405127, 10.275959179962422 ], [ 78.572085751298729, 10.274577789639775 ], [ 78.57164603584863, 10.274823170956795 ], [ 78.570986135237533, 10.275191432173504 ], [ 78.571832393150927, 10.278781605639617 ], [ 78.571666125771614, 10.278978744971528 ], [ 78.571449259885625, 10.279235875167481 ], [ 78.57156368998146, 10.279544832415279 ], [ 78.571735696697132, 10.280009239121004 ], [ 78.570595731906636, 10.280538760699001 ], [ 78.569453962400743, 10.281069121086745 ], [ 78.570091277568935, 10.281815932920106 ], [ 78.571282314278278, 10.283211577845346 ], [ 78.572771556627657, 10.284947082340594 ], [ 78.572778382925506, 10.284955036386853 ], [ 78.573309352835423, 10.285422179584026 ], [ 78.573903710566753, 10.285945087747361 ], [ 78.576019883559653, 10.286623392051837 ], [ 78.577927783950571, 10.287234916402394 ], [ 78.579709889658972, 10.286533646760592 ], [ 78.580714592422169, 10.286138281396781 ], [ 78.582274990325203, 10.285396769806351 ], [ 78.58346142496535, 10.2848329476328 ], [ 78.585280126241813, 10.28380989119807 ], [ 78.585280149597992, 10.283809877055912 ], [ 78.587098389140422, 10.282655133999045 ], [ 78.587184852884818, 10.282600220712414 ], [ 78.588713190813678, 10.281178563690021 ], [ 78.589350041552876, 10.280580999313601 ], [ 78.590393017038778, 10.279888369114476 ], [ 78.590493155836754, 10.279821868361198 ], [ 78.591636258442534, 10.279062731165149 ], [ 78.59607939500809, 10.277340392769917 ], [ 78.597293382774609, 10.276869778021073 ], [ 78.597597926927293, 10.276738169146642 ], [ 78.598518213206617, 10.27634046243128 ], [ 78.599186366640211, 10.276805172606396 ], [ 78.600036817889389, 10.276595735039118 ], [ 78.603739203671637, 10.275683904908277 ], [ 78.606816574018538, 10.27492284675936 ], [ 78.608792428367423, 10.274203685055145 ], [ 78.609602077238037, 10.273908985389978 ], [ 78.610331343958734, 10.272981403221388 ], [ 78.611177942333626, 10.271904551197347 ], [ 78.611571715245177, 10.270367539347724 ], [ 78.611571731414855, 10.270367496035552 ], [ 78.61211125059134, 10.270390015713531 ], [ 78.612223231879724, 10.270394689892262 ], [ 78.612548529810383, 10.270408266931481 ], [ 78.612874743124365, 10.270421874023457 ], [ 78.612898006795263, 10.270735877352411 ], [ 78.61291180042646, 10.270921982421447 ], [ 78.614426680694024, 10.270811846808128 ], [ 78.616624459342276, 10.269688016570496 ], [ 78.618134798626116, 10.270035893437397 ], [ 78.618640323755614, 10.269880373361746 ], [ 78.620496775833558, 10.269309239076508 ], [ 78.623559919561316, 10.269963660138034 ], [ 78.624316310912036, 10.269250049693314 ], [ 78.625045496784324, 10.268562097155231 ], [ 78.625185766919344, 10.268593290052369 ], [ 78.626807701215938, 10.268953965602565 ], [ 78.629045533946112, 10.268017742639664 ], [ 78.63287122877243, 10.268096283211703 ], [ 78.633952146400986, 10.269356059689898 ], [ 78.633952179638669, 10.269356056154201 ], [ 78.634238201428502, 10.269340459301658 ], [ 78.636224031568617, 10.269232144023201 ], [ 78.637217597917243, 10.268317843290204 ], [ 78.637836423061955, 10.267748378577288 ], [ 78.638454246585127, 10.266712616883414 ], [ 78.638947908562997, 10.265884996330453 ], [ 78.640878754621212, 10.264650047335776 ], [ 78.640936589955842, 10.264613053648636 ], [ 78.642086403875112, 10.263124831799304 ], [ 78.645814559627922, 10.260228826917382 ], [ 78.645899491744771, 10.260162852399853 ], [ 78.647202578014443, 10.259002447879547 ], [ 78.647680855444733, 10.258576533079173 ], [ 78.647604048589642, 10.257207421935588 ], [ 78.647573327105235, 10.256659892149601 ], [ 78.647748373719807, 10.255953616875679 ], [ 78.648874572726911, 10.256880474620209 ], [ 78.64887460506624, 10.256880501138985 ], [ 78.649339055627692, 10.256676708608216 ], [ 78.649339084373807, 10.256676702420485 ], [ 78.649850182651321, 10.255435099261334 ], [ 78.650329451821719, 10.254270798567193 ], [ 78.650941997742592, 10.254276622140983 ], [ 78.651674763401317, 10.254283584263925 ], [ 78.651674766096264, 10.254283543601463 ], [ 78.651681377696747, 10.254143133392571 ], [ 78.65168172714138, 10.254135708951681 ], [ 78.651727689442907, 10.253159720081914 ], [ 78.651727670578296, 10.253159690026957 ], [ 78.650650959760199, 10.2514940148221 ], [ 78.650650941793927, 10.251493982115019 ], [ 78.650648630428691, 10.251489953842606 ], [ 78.650064501813503, 10.250636243574379 ], [ 78.650064476660688, 10.250636203795422 ], [ 78.650051027084245, 10.250610776195305 ], [ 78.65001430395543, 10.250541374262001 ], [ 78.650037073552923, 10.249510864570441 ], [ 78.6500201744458, 10.24946903462634 ], [ 78.650009683021594, 10.24944309157202 ], [ 78.64958602944877, 10.249139041963987 ], [ 78.649528107875881, 10.249097473629288 ], [ 78.64861332916756, 10.248440953284971 ], [ 78.648585947619353, 10.248368662018839 ], [ 78.648613322879342, 10.248282763577135 ], [ 78.648772991234566, 10.24799340821272 ], [ 78.64877301728572, 10.247993361361546 ], [ 78.648892368352676, 10.247805183127252 ], [ 78.648973786260143, 10.247676809042982 ], [ 78.649047280128471, 10.247591029751776 ], [ 78.649256686404371, 10.247346621805349 ], [ 78.649256673827935, 10.247346598821681 ], [ 78.648302920812711, 10.245467270410975 ], [ 78.648022636562573, 10.245583463992816 ], [ 78.647527206700232, 10.245788847770653 ], [ 78.647447956427555, 10.245707715992038 ], [ 78.647394872282476, 10.245653374422668 ], [ 78.64731557709402, 10.245599447435815 ], [ 78.647314957256484, 10.245599025772073 ], [ 78.647248845743135, 10.245554073938775 ], [ 78.647248816098724, 10.245554057142915 ], [ 78.646892923346115, 10.245391669685894 ], [ 78.646372722439807, 10.245170659319745 ], [ 78.646048739642694, 10.245071508079374 ], [ 78.645587865274408, 10.244954397609279 ], [ 78.645186318342411, 10.244902414404157 ], [ 78.645067670656303, 10.244887054141142 ], [ 78.644893613985161, 10.244853247592751 ], [ 78.644766505067395, 10.244828563850941 ], [ 78.644766475422983, 10.244828560314978 ], [ 78.644433399878594, 10.244801730235508 ], [ 78.644406836695623, 10.244641524089642 ], [ 78.644383198427235, 10.244498954430441 ], [ 78.644357591950069, 10.244445948369275 ], [ 78.64433299787423, 10.244395056813916 ], [ 78.644271200070875, 10.244337108321625 ], [ 78.644246300567829, 10.244313765559529 ], [ 78.644025736317786, 10.244233469662529 ], [ 78.643726105051442, 10.244124388211235 ], [ 78.643666307796224, 10.244096235615299 ], [ 78.643534453977139, 10.244034159693726 ], [ 78.643157255880908, 10.243791011351224 ], [ 78.643128333722018, 10.243772369640569 ], [ 78.643128295992781, 10.243772344004714 ], [ 78.642599039170094, 10.243397710627258 ], [ 78.642599010423993, 10.243397690295346 ], [ 78.641878036051708, 10.242824307968704 ], [ 78.641668513893151, 10.242653195808629 ], [ 78.641303082828827, 10.242354753972389 ], [ 78.641360000983553, 10.241389382823337 ], [ 78.641380630794032, 10.241039464261341 ], [ 78.641823238819356, 10.240600666577983 ], [ 78.642378196442337, 10.240208100926118 ], [ 78.642475741804077, 10.24013909805411 ], [ 78.642475771448488, 10.240139083026015 ], [ 78.64264108032539, 10.240054395211471 ], [ 78.643173877408614, 10.239781441280904 ], [ 78.643516098700928, 10.239650075117845 ], [ 78.643816920235068, 10.239499619630513 ], [ 78.644077341835924, 10.239369368969365 ], [ 78.647928468866311, 10.23797394885017 ], [ 78.648379813906061, 10.237827239897822 ], [ 78.648430389954882, 10.237810799912495 ], [ 78.649032694183219, 10.237548127780704 ], [ 78.649302178886984, 10.23743861970334 ], [ 78.649812948381125, 10.237231056725921 ], [ 78.649812978923833, 10.237231041697687 ], [ 78.649911516025682, 10.237182760363467 ], [ 78.650182543136765, 10.237049946875871 ], [ 78.650349175232094, 10.236927428574385 ], [ 78.650447186819477, 10.236855366295329 ], [ 78.650447210175656, 10.236855330934699 ], [ 78.650543003822605, 10.236719691111432 ], [ 78.650588022893089, 10.236636404433487 ], [ 78.650611441074219, 10.236593078803523 ], [ 78.650633289000268, 10.236487718201792 ], [ 78.65063431757126, 10.236482753565239 ], [ 78.650679858562896, 10.236263080696531 ], [ 78.65068920912671, 10.236179793898717 ], [ 78.650707237416128, 10.236018993757673 ], [ 78.650695118244613, 10.235807092857435 ], [ 78.650693537209733, 10.235779504410999 ], [ 78.650693530921515, 10.235779462862155 ], [ 78.650426062935566, 10.234514536027568 ], [ 78.650346679712214, 10.234139119079769 ], [ 78.65015044543334, 10.23351105458285 ], [ 78.650061051384483, 10.233291054335563 ], [ 78.649990726772472, 10.233117983336069 ], [ 78.649762563673463, 10.232720451686477 ], [ 78.649566327597952, 10.232169225032909 ], [ 78.649566314123234, 10.232169194091888 ], [ 78.64953921644269, 10.232123790384756 ], [ 78.649388370441855, 10.231871079208311 ], [ 78.649022944767452, 10.231283834776088 ], [ 78.648685638158014, 10.230741773928713 ], [ 78.647827810842074, 10.229382193601571 ], [ 78.647804951413036, 10.229345961373266 ], [ 78.647802464876335, 10.229341831155311 ], [ 78.64767718133524, 10.22913364759291 ], [ 78.647522032404211, 10.228876160232803 ], [ 78.647426206417904, 10.228600542804095 ], [ 78.647284740625253, 10.228130618563242 ], [ 78.647275669437533, 10.22806773415763 ], [ 78.647252795635438, 10.227909202774827 ], [ 78.6472710368256, 10.227683180978495 ], [ 78.647293428232388, 10.227489023415963 ], [ 78.647307521900885, 10.227366756028069 ], [ 78.647316644292573, 10.227095579603485 ], [ 78.64731663171618, 10.226752082886025 ], [ 78.647260781658332, 10.225985359799321 ], [ 78.64724815673533, 10.225812047008933 ], [ 78.648115059730586, 10.224975143236117 ], [ 78.64909295317247, 10.223817395589863 ], [ 78.649547701030542, 10.223279002311489 ], [ 78.649857961163363, 10.222926187071517 ], [ 78.650848028573989, 10.221763749105968 ], [ 78.651692354211221, 10.220771859832572 ], [ 78.651760527358107, 10.220691771038357 ], [ 78.652308022676024, 10.22001784927445 ], [ 78.652020551903647, 10.219647489712884 ], [ 78.652326586361383, 10.21934092910376 ], [ 78.652463115911516, 10.219204158152898 ], [ 78.652983239562701, 10.218751731589277 ], [ 78.652983283580156, 10.21875169976293 ], [ 78.65327371160646, 10.218562642225299 ], [ 78.654151250654678, 10.217991378355332 ], [ 78.654638976565153, 10.217625382849141 ], [ 78.655013564157144, 10.217344287688366 ], [ 78.655588433836698, 10.216869202388693 ], [ 78.656865864221842, 10.215611607902138 ], [ 78.656865903747715, 10.215611573423233 ], [ 78.656955757734025, 10.215542476798777 ], [ 78.657495520353976, 10.215127394581643 ], [ 78.658355624899144, 10.21450177940514 ], [ 78.658522066551626, 10.214380712902482 ], [ 78.658773001044764, 10.214672263128321 ], [ 78.658775882840217, 10.214675611128659 ], [ 78.658836915278911, 10.214746522067468 ], [ 78.658851694361999, 10.214756842782009 ], [ 78.658914483905392, 10.214800688575647 ], [ 78.659083306093365, 10.214845732287168 ], [ 78.659406679832713, 10.214933568832425 ], [ 78.659945665409936, 10.2150799692091 ], [ 78.660064296028025, 10.215097939822639 ], [ 78.660155548691208, 10.215097856719492 ], [ 78.66024223881108, 10.215084218078626 ], [ 78.660351737156006, 10.215016321915083 ], [ 78.661775201267019, 10.213943848109798 ], [ 78.662313559820163, 10.213536579960254 ], [ 78.662797173243263, 10.213224274887263 ], [ 78.663486102014431, 10.2128756222387 ], [ 78.663710442781934, 10.212790406429397 ], [ 78.664321034867072, 10.21255846997329 ], [ 78.665142281886304, 10.212282005584626 ], [ 78.665347037583999, 10.212229870272402 ], [ 78.665516407744263, 10.212186744652879 ], [ 78.665698907680763, 10.212123298351001 ], [ 78.665927019575804, 10.211928739632626 ], [ 78.666292099398873, 10.211566718186445 ], [ 78.666442516004949, 10.211417556959251 ], [ 78.666442543852739, 10.211417528668497 ], [ 78.66747814237354, 10.210227882318051 ], [ 78.667706242590469, 10.209970043686086 ], [ 78.667728845101337, 10.209940512417656 ], [ 78.667737708778247, 10.209928928181663 ], [ 78.667806609560529, 10.209838880027684 ], [ 78.667866544257976, 10.209720059993366 ], [ 78.667879594982452, 10.209694184418165 ], [ 78.668677904419226, 10.208287806432104 ], [ 78.66945793224167, 10.206632857742219 ], [ 78.669463948259136, 10.206620933007466 ], [ 78.669535479308578, 10.206479117216338 ], [ 78.669590221743661, 10.206406750089753 ], [ 78.669676903778694, 10.20634339281342 ], [ 78.670331260886158, 10.206088618864229 ], [ 78.670712560689978, 10.205940157929376 ], [ 78.671010891195834, 10.205818548866226 ], [ 78.671579397209911, 10.205586801829899 ], [ 78.671716809803982, 10.205518606580759 ], [ 78.671721756826258, 10.205516152311821 ], [ 78.671725370748646, 10.205514357583477 ], [ 78.672026478845339, 10.205364892923797 ], [ 78.672943474595797, 10.204871393286986 ], [ 78.673096990389652, 10.204779525982543 ], [ 78.673160246158687, 10.204741673038226 ], [ 78.673230922910292, 10.204699372157677 ], [ 78.673171555948116, 10.204270048757232 ], [ 78.673027782383528, 10.203596363617203 ], [ 78.672829195416952, 10.202665886360316 ], [ 78.672788267274299, 10.202407258278841 ], [ 78.672769832946329, 10.202290808425373 ], [ 78.672769827556451, 10.202290781902001 ], [ 78.672731959075634, 10.202084587560504 ], [ 78.672696793625519, 10.201893145390349 ], [ 78.672666655147736, 10.201805207108448 ], [ 78.672610070268007, 10.20164012372841 ], [ 78.672552732600025, 10.201467856837514 ], [ 78.672477720578868, 10.201242514695769 ], [ 78.672450335437446, 10.201147627976255 ], [ 78.672395540900055, 10.200749945831124 ], [ 78.672284029430571, 10.200174375266958 ], [ 78.67220380718075, 10.199760312725132 ], [ 78.672118634315424, 10.199447132999643 ], [ 78.672076005661921, 10.19929038564805 ], [ 78.671884298892081, 10.198540297418367 ], [ 78.671682024341237, 10.19790394642971 ], [ 78.671678917068675, 10.197894172441197 ], [ 78.67167836729972, 10.197892755190725 ], [ 78.671633281753941, 10.197776705962799 ], [ 78.671604322764111, 10.197681140971323 ], [ 78.671578512369365, 10.197595969720496 ], [ 78.671562012114222, 10.197477571264375 ], [ 78.671541984174965, 10.197333862024504 ], [ 78.671505457777187, 10.197044671561455 ], [ 78.671505450590672, 10.197044636196397 ], [ 78.671356996803439, 10.19646675489885 ], [ 78.671035325371562, 10.195214601185553 ], [ 78.671014875224145, 10.1951892991167 ], [ 78.671000087157921, 10.195171009091759 ], [ 78.670980568563422, 10.195146857274439 ], [ 78.670843688670317, 10.195052073066403 ], [ 78.670753141184619, 10.195018782854106 ], [ 78.670738459119633, 10.195013385229522 ], [ 78.670647498408897, 10.194979942942476 ], [ 78.669091675625623, 10.194466166412909 ], [ 78.669073614098508, 10.194457662818529 ], [ 78.668995860419102, 10.194421057927839 ], [ 78.668913024071799, 10.194367483857407 ], [ 78.668877231597619, 10.194344334586734 ], [ 78.668811750701622, 10.194287641279306 ], [ 78.668767726066164, 10.194249525384235 ], [ 78.668690153846441, 10.194136606432528 ], [ 78.668409226402574, 10.193559515582345 ], [ 78.668325089294768, 10.193386676705584 ], [ 78.668033034419466, 10.192740634110402 ], [ 78.667932632415102, 10.192428868295089 ], [ 78.667763765311363, 10.19191210809907 ], [ 78.667762999048435, 10.191909761590439 ], [ 78.667631427300364, 10.19150713086632 ], [ 78.667549818051725, 10.191290998860106 ], [ 78.667448886939667, 10.19102369340634 ], [ 78.667380429026821, 10.190788732352448 ], [ 78.667309071352236, 10.190521596233156 ], [ 78.667234381826219, 10.190241984603729 ], [ 78.667159620435015, 10.189906065898001 ], [ 78.667115710783932, 10.189708770432356 ], [ 78.666942250594161, 10.188750754687964 ], [ 78.666940158417859, 10.188742648808235 ], [ 78.666937566778259, 10.188732626976957 ], [ 78.666892038363045, 10.188556449585773 ], [ 78.6668144535669, 10.188235616250111 ], [ 78.666811731671586, 10.188138733664889 ], [ 78.666805302429083, 10.187910217717384 ], [ 78.6667745638767, 10.187349570566692 ], [ 78.666764165877268, 10.187159980685783 ], [ 78.666762049446476, 10.187054111233865 ], [ 78.666754727278601, 10.186688269368959 ], [ 78.666754462275591, 10.186675038874862 ], [ 78.66675041806019, 10.186473002336296 ], [ 78.666733781261115, 10.185893974569698 ], [ 78.666732106801433, 10.185835769618659 ], [ 78.666732105004797, 10.18583574132564 ], [ 78.666700137557086, 10.185465188151738 ], [ 78.66670013665879, 10.185465155437889 ], [ 78.665614331296766, 10.185552046965544 ], [ 78.665570061421249, 10.185545408706894 ], [ 78.665404465981766, 10.185520599230722 ], [ 78.665304091825178, 10.185461936217548 ], [ 78.6652356491837, 10.185367084585977 ], [ 78.665220397586808, 10.185261406401269 ], [ 78.665220211635543, 10.185260116413504 ], [ 78.665208258652356, 10.185177283096518 ], [ 78.66517904274437, 10.185077153833088 ], [ 78.665148931216066, 10.184973952083444 ], [ 78.665096551350175, 10.184786131762959 ], [ 78.664980073095464, 10.184368468373467 ], [ 78.664835870136159, 10.183737883893659 ], [ 78.664815769433375, 10.183649986578041 ], [ 78.664601258930048, 10.182673928906974 ], [ 78.664583195606312, 10.182570204721642 ], [ 78.66457843363699, 10.182542884865709 ], [ 78.664423237095249, 10.181593883800923 ], [ 78.664423232603653, 10.18159385108668 ], [ 78.664254344838696, 10.180536428284929 ], [ 78.664252066711114, 10.18044645316674 ], [ 78.664249767023975, 10.180355645132726 ], [ 78.664236118021549, 10.179833464836952 ], [ 78.664213146303112, 10.178954568251196 ], [ 78.664231386594977, 10.178864157672082 ], [ 78.664331742785237, 10.178732992702082 ], [ 78.664480645730123, 10.178588603037982 ], [ 78.66453702220069, 10.178533936116532 ], [ 78.664603972740508, 10.178486493801211 ], [ 78.66466474107456, 10.178443426390317 ], [ 78.664750952392367, 10.178387645379898 ], [ 78.664874599203017, 10.178307636995907 ], [ 78.66517560309515, 10.178183347169012 ], [ 78.665335357688662, 10.178117376838518 ], [ 78.665335402604413, 10.178117361807496 ], [ 78.66566838562234, 10.17803119681821 ], [ 78.666124594141095, 10.177976535106369 ], [ 78.666440079773935, 10.177979917975332 ], [ 78.666512376187995, 10.177980693400364 ], [ 78.666705101647352, 10.178004379671437 ], [ 78.666913839576665, 10.178030027049536 ], [ 78.667292509113338, 10.178070357982884 ], [ 78.667420238766923, 10.178065715160097 ], [ 78.667512947599221, 10.178022581379029 ], [ 78.667566230271987, 10.177997786348834 ], [ 78.66795398986099, 10.177775957260062 ], [ 78.66834174675509, 10.177540569113336 ], [ 78.66849010442256, 10.177442436585228 ], [ 78.668547029763786, 10.177404784639805 ], [ 78.668870913746218, 10.177146856669468 ], [ 78.670116102697534, 10.176245001041671 ], [ 78.670144984432241, 10.176224083019813 ], [ 78.670358050444577, 10.17606976371505 ], [ 78.67037629343136, 10.176015510160521 ], [ 78.670363146587178, 10.175966707594888 ], [ 78.670358036969844, 10.175947732108494 ], [ 78.670088828048861, 10.175622572150408 ], [ 78.669810469786725, 10.17521156176524 ], [ 78.669460211267548, 10.174599021390497 ], [ 78.669107819249589, 10.173982836977288 ], [ 78.669060888564189, 10.173914698628247 ], [ 78.669060807715823, 10.173914582799327 ], [ 78.669039334387278, 10.173883443384183 ], [ 78.668952666725275, 10.173720875216009 ], [ 78.668829439427867, 10.17346785330048 ], [ 78.668662618686355, 10.173061715579648 ], [ 78.668610447229597, 10.172934732226677 ], [ 78.668506936156035, 10.172650696592477 ], [ 78.66845072767039, 10.17249647105343 ], [ 78.668450715992293, 10.172496433917262 ], [ 78.668425097837044, 10.172410461933563 ], [ 78.668368585720842, 10.172220844607953 ], [ 78.66836604259025, 10.172211572055092 ], [ 78.66826746865749, 10.171855028177612 ], [ 78.668249940729652, 10.171791623360868 ], [ 78.668249927254934, 10.171791583572027 ], [ 78.668113032988771, 10.171412065130154 ], [ 78.668035409565078, 10.171172567844623 ], [ 78.667912246946372, 10.1709106002411 ], [ 78.667633874311193, 10.1703277828494 ], [ 78.667591550186586, 10.170182216049543 ], [ 78.667556329040906, 10.170061184876715 ], [ 78.667534226891661, 10.169968179301051 ], [ 78.667533634901915, 10.169965690274605 ], [ 78.667519808033049, 10.169907546081028 ], [ 78.667508542261047, 10.169790381418212 ], [ 78.667506491407281, 10.169769065082704 ], [ 78.667501551571505, 10.169717738050123 ], [ 78.66748785406007, 10.16959571639477 ], [ 78.667490640634099, 10.169555622241313 ], [ 78.667506076385621, 10.169333558278437 ], [ 78.667579047434444, 10.16910750463455 ], [ 78.667884674057035, 10.168836034561618 ], [ 78.668354516306835, 10.168392663245132 ], [ 78.668655581284426, 10.168130237111104 ], [ 78.668661655692347, 10.167937022943619 ], [ 78.668664665946892, 10.167840973308598 ], [ 78.668660073759128, 10.167705385425482 ], [ 78.668623561734449, 10.167520129757261 ], [ 78.668588319029226, 10.167307137243775 ], [ 78.668577937199458, 10.167244445964881 ], [ 78.668554672630222, 10.167014209416489 ], [ 78.668536836580259, 10.166837719404374 ], [ 78.668527655798059, 10.166656916116551 ], [ 78.668527690832349, 10.166592295362657 ], [ 78.668527683645834, 10.166521340109854 ], [ 78.668543361044186, 10.166415632696319 ], [ 78.6685436215556, 10.166413866926836 ], [ 78.668550462226506, 10.166367610306386 ], [ 78.66857490718202, 10.166298021994461 ], [ 78.66858696257313, 10.166263660654371 ], [ 78.668650815721819, 10.166114449933854 ], [ 78.668755646420536, 10.165948841426211 ], [ 78.668761398333316, 10.165939755260037 ], [ 78.669334958269189, 10.165033577772929 ], [ 78.67009806811987, 10.164001003237509 ], [ 78.670110419056726, 10.163984289753513 ], [ 78.67014500958507, 10.163934461425203 ], [ 78.670147780887717, 10.163930467412836 ], [ 78.67035215839465, 10.163636040391992 ], [ 78.670443335599344, 10.163414455098641 ], [ 78.67046614472271, 10.163287912673345 ], [ 78.67043423297055, 10.1631478752312 ], [ 78.670434222190778, 10.163147839862388 ], [ 78.67037489655111, 10.162967106992975 ], [ 78.670374885771309, 10.162967066318821 ], [ 78.670342948866335, 10.162804431583965 ], [ 78.670310953570848, 10.162234972388612 ], [ 78.670310952672537, 10.162234943209274 ], [ 78.670299786613569, 10.16209759422793 ], [ 78.670247007895668, 10.161448602184256 ], [ 78.670196546831207, 10.161043773754306 ], [ 78.67019546705626, 10.161035115414034 ], [ 78.670160229740915, 10.16075263693479 ], [ 78.670107681890045, 10.160482661182499 ], [ 78.670091475383998, 10.160399395239812 ], [ 78.670087228149356, 10.160377579573389 ], [ 78.669909235060629, 10.159690756695561 ], [ 78.669571067865192, 10.15874340225121 ], [ 78.669535060693676, 10.158642531670136 ], [ 78.669517697157531, 10.158590236384194 ], [ 78.669425542585785, 10.158312726905464 ], [ 78.669425536297581, 10.158312697725757 ], [ 78.669366172030365, 10.158046064087046 ], [ 78.668850544447167, 10.156582220741067 ], [ 78.668289316583525, 10.154991800227666 ], [ 78.66828930670205, 10.154991773700402 ], [ 78.668275351374106, 10.154951849258138 ], [ 78.668042902412878, 10.154286928962232 ], [ 78.668197626440787, 10.154133470928688 ], [ 78.668234475333719, 10.154096918890254 ], [ 78.668234506774752, 10.154096892362876 ], [ 78.668457980667995, 10.153947556590888 ], [ 78.668519561079037, 10.153921744578474 ], [ 78.668663262778409, 10.153861493845811 ], [ 78.669338917144628, 10.154420327842544 ], [ 78.669885925575656, 10.154872748428287 ], [ 78.669977074932575, 10.154176604397806 ], [ 78.670008300371848, 10.153842976854566 ], [ 78.670018100991612, 10.153738185749267 ], [ 78.670033057941083, 10.153609627833989 ], [ 78.670072781442926, 10.153268115749622 ], [ 78.670072793121037, 10.153268083032478 ], [ 78.670560881950891, 10.153064234759089 ], [ 78.670709930422845, 10.153015635602499 ], [ 78.67071129137048, 10.153015192594168 ], [ 78.670852829926645, 10.152969009196296 ], [ 78.671381937628993, 10.152873632398673 ], [ 78.671391072597132, 10.15262055241924 ], [ 78.67139107798701, 10.152620517049272 ], [ 78.671576568415077, 10.152584681079913 ], [ 78.67157785839585, 10.152584431721616 ], [ 78.671696707304562, 10.152561459808201 ], [ 78.671745085175857, 10.15266975999924 ], [ 78.671801636817932, 10.152796354375791 ], [ 78.671891335395699, 10.152789475804965 ], [ 78.671920261147832, 10.152787244845417 ], [ 78.671984746710507, 10.152775295991971 ], [ 78.671986362779691, 10.152774996231626 ], [ 78.672116386730579, 10.152750871271405 ], [ 78.67235072215388, 10.15266469325206 ], [ 78.672362738917442, 10.152660271122377 ], [ 78.672568003061556, 10.152515446120718 ], [ 78.672646389154949, 10.152457498593547 ], [ 78.672800628990913, 10.152343440979207 ], [ 78.673060611315591, 10.152013250376026 ], [ 78.673270383205789, 10.15170122903743 ], [ 78.673425452186777, 10.151398219697004 ], [ 78.673594216882563, 10.151004842010522 ], [ 78.673667187931414, 10.15080142469559 ], [ 78.673667201406133, 10.150801384904142 ], [ 78.673678156361035, 10.150764628222293 ], [ 78.673726469553642, 10.150602501034172 ], [ 78.673753820559099, 10.150435245083552 ], [ 78.673757073358757, 10.150315478878705 ], [ 78.67375835705127, 10.150268007614905 ], [ 78.674132429908639, 10.150141062956919 ], [ 78.674473389067998, 10.149822565263674 ], [ 78.674994482001367, 10.149335767304017 ], [ 78.676075572106456, 10.149018347605558 ], [ 78.676175586936921, 10.148987578038302 ], [ 78.676267200722876, 10.148959363977484 ], [ 78.676367474268147, 10.148905035964683 ], [ 78.676376570608696, 10.148769447126281 ], [ 78.676373703186329, 10.148450785364108 ], [ 78.676371990099057, 10.148263270748961 ], [ 78.676390221407758, 10.148141220567975 ], [ 78.676401610248917, 10.148115812194808 ], [ 78.676426660668952, 10.148059818973838 ], [ 78.676471453363959, 10.147983188836891 ], [ 78.676476880086582, 10.147973899664285 ], [ 78.67647690523944, 10.147973868715122 ], [ 78.676626645414146, 10.147823102001823 ], [ 78.676777907334937, 10.147670796600124 ], [ 78.676832819551606, 10.147634468426279 ], [ 78.676834221821778, 10.147633540834427 ], [ 78.677202079235684, 10.147390120828765 ], [ 78.677594360045532, 10.147218022737706 ], [ 78.677976265313845, 10.147085114274663 ], [ 78.678219267683019, 10.147000529943258 ], [ 78.678310547295695, 10.146968758309972 ], [ 78.679542304636854, 10.147713314609216 ], [ 78.6803634034341, 10.147649240038977 ], [ 78.680655345121636, 10.14759923938735 ], [ 78.680887979135846, 10.147513136027392 ], [ 78.681877798611396, 10.147019517759187 ], [ 78.683082001927858, 10.14644433225147 ], [ 78.683257714194099, 10.146365811166078 ], [ 78.68335568535727, 10.146322030245322 ], [ 78.683716041838551, 10.146213202651808 ], [ 78.684286228600527, 10.146058969665683 ], [ 78.68486555302556, 10.145995120252543 ], [ 78.685476805372446, 10.145917681400679 ], [ 78.686384573628288, 10.145876102245529 ], [ 78.686685647589016, 10.14590292208781 ], [ 78.687014109386155, 10.146024625605039 ], [ 78.687392765448081, 10.14626379509437 ], [ 78.687849002712909, 10.146688191572034 ], [ 78.688738727407952, 10.147885027779919 ], [ 78.689331661309552, 10.147355626586108 ], [ 78.689737599206666, 10.147034321233791 ], [ 78.690070569648213, 10.146835117571884 ], [ 78.690129867440092, 10.146803421969008 ], [ 78.69105600804015, 10.14749852534435 ], [ 78.691334315098317, 10.147751349401036 ], [ 78.691585264862837, 10.148076514720517 ], [ 78.69172672975715, 10.148379192955264 ], [ 78.691498696015515, 10.148677724608245 ], [ 78.691745147915398, 10.149373511866365 ], [ 78.691941365126311, 10.149734891176788 ], [ 78.692265353313303, 10.150340205316281 ], [ 78.692365754419328, 10.150575128926329 ], [ 78.692575772447938, 10.151600891208121 ], [ 78.692662548806055, 10.152183847084174 ], [ 78.692731021990284, 10.152445921112671 ], [ 78.692982032840234, 10.153091985996314 ], [ 78.693233040096914, 10.153710932398694 ], [ 78.693620947907959, 10.154578322793389 ], [ 78.69386283277295, 10.15519275756964 ], [ 78.693958656064297, 10.155332772852924 ], [ 78.694081843835832, 10.155436599612747 ], [ 78.694182212602541, 10.155490736404685 ], [ 78.694241520275895, 10.155508753704238 ], [ 78.694893866055452, 10.155544246260508 ], [ 78.695044408425701, 10.155557652239814 ], [ 78.695172142570897, 10.155584640160773 ], [ 78.695386572225857, 10.155706454063044 ], [ 78.695938632782031, 10.156139781215847 ], [ 78.696458763619731, 10.156586701176259 ], [ 78.696572839779336, 10.15674929309357 ], [ 78.696632175300493, 10.156916462624881 ], [ 78.696764597753159, 10.157598803082649 ], [ 78.696960979355723, 10.158778247190527 ], [ 78.696980598561524, 10.158804436378102 ], [ 78.698151931623443, 10.160367960943725 ], [ 78.699707917001788, 10.16230983066661 ], [ 78.701076855171678, 10.164120815601885 ], [ 78.701688374318209, 10.165200391054992 ], [ 78.702464281568439, 10.167016506592502 ], [ 78.703240168157436, 10.168697027881114 ], [ 78.703354276656412, 10.168977131439785 ], [ 78.703523150946651, 10.169356608564916 ], [ 78.703728521990271, 10.169740569911054 ], [ 78.703970375414229, 10.170056696672624 ], [ 78.703991088768035, 10.170084510097187 ], [ 78.704814590558684, 10.171190257107009 ], [ 78.706274838883942, 10.173001123619839 ], [ 78.707036900400709, 10.173895220799764 ], [ 78.708014076986984, 10.175274963250303 ], [ 78.708095636828261, 10.17539012321893 ], [ 78.708223398821247, 10.175493940809302 ], [ 78.708378526192718, 10.175566092140238 ], [ 78.708411430583226, 10.175574750086682 ], [ 78.708515397102644, 10.175602104138248 ], [ 78.708620324819407, 10.175597472773942 ], [ 78.708752620609616, 10.175579253244379 ], [ 78.708834732914809, 10.17555656769157 ], [ 78.708967022416786, 10.175502191147968 ], [ 78.709892992336918, 10.174913642876042 ], [ 78.712274066829039, 10.173496427716767 ], [ 78.71471895943553, 10.171952574433098 ], [ 78.715713337861203, 10.171354898237967 ], [ 78.715836496886638, 10.171291488900916 ], [ 78.715996156258726, 10.171246118952828 ], [ 78.716306369679145, 10.171223182864241 ], [ 78.717565481619047, 10.171185656625635 ], [ 78.71845050992178, 10.171157573616584 ], [ 78.718669485052104, 10.171143774823468 ], [ 78.718979690387684, 10.171093718604512 ], [ 78.719435871058622, 10.171007345701323 ], [ 78.721069010940113, 10.170747930644936 ], [ 78.722191212444173, 10.170529748263371 ], [ 78.722537903753349, 10.170448010183506 ], [ 78.722775120972102, 10.170416110018332 ], [ 78.723203947044354, 10.170402076880167 ], [ 78.723445741179461, 10.170424407350813 ], [ 78.723692100552881, 10.17046481263356 ], [ 78.723783346029563, 10.170482790184233 ], [ 78.723924768703043, 10.170491669318432 ], [ 78.723924801042415, 10.170491666665823 ], [ 78.723993198768142, 10.170478037610298 ], [ 78.724275984826292, 10.170260778149572 ], [ 78.724868907948135, 10.169753913400834 ], [ 78.725074155024231, 10.169600015386084 ], [ 78.725201874796383, 10.169536595974385 ], [ 78.725311356971631, 10.169513876392617 ], [ 78.725534900933468, 10.169536226377787 ], [ 78.726018503576768, 10.169644160063891 ], [ 78.726643549554865, 10.169815210685448 ], [ 78.726707161955048, 10.168911198112029 ], [ 78.726784578766242, 10.168422984421365 ], [ 78.726889403176742, 10.168061290232874 ], [ 78.727550457224638, 10.166532889670576 ], [ 78.727668966570207, 10.166175700169362 ], [ 78.727719092563035, 10.165981296438563 ], [ 78.727769205979484, 10.165741696049514 ], [ 78.727787404050503, 10.165565406935164 ], [ 78.727787361829684, 10.16541625689935 ], [ 78.727727923900602, 10.164950793144612 ], [ 78.727376270297796, 10.163599795379538 ], [ 78.727339736713503, 10.163464244602363 ], [ 78.727307748604559, 10.163274452196493 ], [ 78.727280305970936, 10.163021379564052 ], [ 78.727284811920413, 10.162822506829993 ], [ 78.727293892091296, 10.162668827416192 ], [ 78.727325730181605, 10.162334331584425 ], [ 78.727403178433818, 10.161963629994672 ], [ 78.727466984870148, 10.161755651748638 ], [ 78.72758096041845, 10.161502421405928 ], [ 78.727699528154488, 10.161353137724516 ], [ 78.728059824448621, 10.161027314772747 ], [ 78.728265069728124, 10.1608869730506 ], [ 78.728885389669472, 10.160551819257677 ], [ 78.729542217143972, 10.160261819107438 ], [ 78.72965625287938, 10.160221013747643 ], [ 78.73025838642782, 10.160102821596599 ], [ 78.732730785448311, 10.159639015108933 ], [ 78.73332835106352, 10.159507263957734 ], [ 78.73431822713296, 10.159343427561751 ], [ 78.734860300219808, 10.159246901396333 ], [ 78.734956854739806, 10.159229706642176 ], [ 78.735714076133846, 10.159075169565291 ], [ 78.736370923371268, 10.158880070930762 ], [ 78.737217366337617, 10.158596841602389 ], [ 78.737319691634994, 10.158562602342737 ], [ 78.737401473360151, 10.15897788376394 ], [ 78.737557288841131, 10.159769092359499 ], [ 78.737649998571712, 10.160181749592562 ], [ 78.737651798795525, 10.160189757163916 ], [ 78.737694337617512, 10.160379095139755 ], [ 78.73789087642524, 10.161576591044678 ], [ 78.737903831029953, 10.161616159201616 ], [ 78.737995894871858, 10.161897342414571 ], [ 78.737995905651644, 10.161897367172823 ], [ 78.738059806411073, 10.162014807954884 ], [ 78.738084672676436, 10.162044332167024 ], [ 78.738128260730662, 10.162096083975049 ], [ 78.73817165834204, 10.162118792589361 ], [ 78.738205839238603, 10.162136668924035 ], [ 78.738801318965713, 10.162305574019914 ], [ 78.74006269196515, 10.162663333748503 ], [ 78.741033302765047, 10.162918452751185 ], [ 78.741791807851612, 10.163117817051994 ], [ 78.742918686883343, 10.163374129388195 ], [ 78.743764840592178, 10.163553601131254 ], [ 78.744232615818504, 10.1636528149053 ], [ 78.744570219770281, 10.163715695227395 ], [ 78.745199804935467, 10.163827950285768 ], [ 78.745719884569198, 10.16388609558577 ], [ 78.745962055996742, 10.163936792223623 ], [ 78.746084870069126, 10.163962492900312 ], [ 78.746325512564084, 10.164028969274703 ], [ 78.746541101944047, 10.164088516907091 ], [ 78.746992796428486, 10.164268773433633 ], [ 78.747097731331763, 10.16430028692562 ], [ 78.747376015932062, 10.164318037579466 ], [ 78.747791439140258, 10.164309707372377 ], [ 78.747855020997761, 10.164308430563191 ], [ 78.748342857400999, 10.164283454972209 ], [ 78.748645672296746, 10.164267951111819 ], [ 78.74884161282651, 10.164307737337165 ], [ 78.750820316631476, 10.164752267339439 ], [ 78.751819978947651, 10.164933449264881 ], [ 78.752595110951816, 10.165073933337283 ], [ 78.753292674329487, 10.165059062613055 ], [ 78.754260542572808, 10.165038426807259 ], [ 78.754647501762889, 10.165130073896075 ], [ 78.754651013277353, 10.165130906826223 ], [ 78.754662032012618, 10.165133515259281 ], [ 78.75469099279907, 10.165140453691187 ], [ 78.755323572947418, 10.165291990349727 ], [ 78.755661895551398, 10.165259262045184 ], [ 78.755788996384311, 10.165246967045791 ], [ 78.756129055431742, 10.165203020708635 ], [ 78.757253726404514, 10.165057671743135 ], [ 78.757719142654906, 10.165039766392796 ], [ 78.757894153336878, 10.165097257153411 ], [ 78.758408031900217, 10.165266054578966 ], [ 78.759400902054523, 10.165306402155993 ], [ 78.760429319442935, 10.165348186575708 ], [ 78.760762435411536, 10.1652352927644 ], [ 78.760824508997658, 10.165138107869875 ], [ 78.760872537424319, 10.165062911600069 ], [ 78.761013548669425, 10.164842109826655 ], [ 78.761037775334316, 10.164778178393894 ], [ 78.761037856182682, 10.164777962645267 ], [ 78.761054654678517, 10.164733633378221 ], [ 78.761720868649391, 10.164607306339782 ], [ 78.762587725830599, 10.164471930180593 ], [ 78.763742299922555, 10.16429161541032 ], [ 78.763914420724248, 10.164196519634068 ], [ 78.763938544082862, 10.164183190059635 ], [ 78.764553092348535, 10.164051508866121 ], [ 78.765033691923833, 10.163948524910809 ], [ 78.765131362151422, 10.16391343825936 ], [ 78.765141802371659, 10.163909687406671 ], [ 78.76569994542065, 10.163709179421032 ], [ 78.76575686627028, 10.163793835376937 ], [ 78.765982683868089, 10.164129684302301 ], [ 78.766121116050002, 10.164049748388901 ], [ 78.767103777749412, 10.163482316274211 ], [ 78.767187512411994, 10.163433963629664 ], [ 78.767584221017884, 10.164121211731295 ], [ 78.767602444241746, 10.164211648589831 ], [ 78.767713612554786, 10.164763356287766 ], [ 78.7677345262329, 10.164867143732204 ], [ 78.767763169015723, 10.164899880919082 ], [ 78.768062912571523, 10.165242461089777 ], [ 78.768385743728444, 10.165508325649629 ], [ 78.768628531400282, 10.165708258652176 ], [ 78.770001576667667, 10.16677106500388 ], [ 78.770197596249176, 10.167209578959115 ], [ 78.770197609723894, 10.167209616095882 ], [ 78.770076227566094, 10.167538197662887 ], [ 78.770042331435448, 10.167629964286883 ], [ 78.769681548254425, 10.168547492909612 ], [ 78.769629911295254, 10.168786404167523 ], [ 78.769425602958634, 10.169731781828757 ], [ 78.769525415668156, 10.171345630080951 ], [ 78.769525378837244, 10.171345627428344 ], [ 78.768439494423475, 10.171223198779762 ], [ 78.76829769625418, 10.172217657085032 ], [ 78.767976592557559, 10.172319057434482 ], [ 78.767654249185853, 10.172420852986642 ], [ 78.767384968399668, 10.172615138737246 ], [ 78.767252966358541, 10.172980896824265 ], [ 78.767225123076301, 10.173058052369445 ], [ 78.767225106906622, 10.173058090389745 ], [ 78.766921995566847, 10.17297774467662 ], [ 78.766627425408757, 10.172899660709273 ], [ 78.766627419120553, 10.172899699613767 ], [ 78.766558694408076, 10.173400248893339 ], [ 78.766467306099244, 10.174065860648563 ], [ 78.76646729981104, 10.174065889826831 ], [ 78.764801766680435, 10.174250632405032 ], [ 78.764945779196893, 10.174864751723208 ], [ 78.765307470574669, 10.176407092233777 ], [ 78.765313830646875, 10.176448204990214 ], [ 78.765325670442323, 10.176524625825504 ], [ 78.765353924254626, 10.17656782965946 ], [ 78.76597324796434, 10.177514844772201 ], [ 78.766638705553774, 10.178867692610018 ], [ 78.767154175931807, 10.179915604581078 ], [ 78.767154186711579, 10.179915632874643 ], [ 78.767217818874741, 10.180620861389533 ], [ 78.76593754262673, 10.180597757097706 ], [ 78.765173605427663, 10.18058397904864 ], [ 78.765197514088939, 10.180729587082212 ], [ 78.765241895355572, 10.180999876399484 ], [ 78.76530401655242, 10.18120886421352 ], [ 78.765346715274489, 10.181352510873561 ], [ 78.765440847038178, 10.181451455635019 ], [ 78.765725301267835, 10.181750449759186 ], [ 78.765761548289561, 10.182455657419066 ], [ 78.765356322756446, 10.192500017602489 ], [ 78.765346317320819, 10.192571830882089 ], [ 78.765287690570446, 10.192992732729344 ], [ 78.765310975800915, 10.193184779693931 ], [ 78.76533318484968, 10.193367948929641 ], [ 78.765490503212135, 10.193605394271579 ], [ 78.765638750386827, 10.193829147720916 ], [ 78.766035674588409, 10.194032711802022 ], [ 78.766265681928687, 10.194634648581603 ], [ 78.766363918094868, 10.194891718945293 ], [ 78.766363931569643, 10.194891756078855 ], [ 78.766699632889612, 10.195729000703777 ], [ 78.766974832675217, 10.196415340212775 ], [ 78.76697481830216, 10.196456024239982 ], [ 78.767711325444068, 10.196521734379184 ], [ 78.768348308235616, 10.196578561676448 ], [ 78.76872703167119, 10.196619377417777 ], [ 78.768979939763014, 10.197207397592235 ], [ 78.768991492097584, 10.197234255561913 ], [ 78.7689755299333, 10.197298820598137 ], [ 78.768735586327637, 10.198269366070358 ], [ 78.768648819850966, 10.198441115711754 ], [ 78.76865824587324, 10.198486551636861 ], [ 78.768712593049642, 10.198748519577169 ], [ 78.768885886152773, 10.199060494049222 ], [ 78.768885911305603, 10.199060506426923 ], [ 78.768912010059523, 10.199074006947672 ], [ 78.769620438560594, 10.199440470275073 ], [ 78.770017460678517, 10.199395403163958 ], [ 78.771108097180118, 10.199359613999096 ], [ 78.77147582613496, 10.19961754787029 ], [ 78.771591696230161, 10.199698807238955 ], [ 78.771680769580499, 10.199617518694362 ], [ 78.771883802309446, 10.199432231165266 ], [ 78.771883829258883, 10.199432206409927 ], [ 78.772057056785002, 10.199893308009404 ], [ 78.77205707385302, 10.199893353983533 ], [ 78.77312964613256, 10.199310575410097 ], [ 78.773503435122279, 10.198996855044571 ], [ 78.773549587866654, 10.198958118176019 ], [ 78.774060598109259, 10.199184313342121 ], [ 78.774261440745562, 10.199365099077889 ], [ 78.774457486378211, 10.199541558715643 ], [ 78.774457516920947, 10.199541581702732 ], [ 78.774620346447662, 10.1996519692742 ], [ 78.775077945558451, 10.199962172856829 ], [ 78.776583739366899, 10.200238417193791 ], [ 78.776607766605835, 10.200249533200356 ], [ 78.776720616565072, 10.200301748277569 ], [ 78.777130748696237, 10.201502425688414 ], [ 78.777481953141418, 10.202530591777508 ], [ 78.778444721648853, 10.202815690901563 ], [ 78.779071742123918, 10.203203343785642 ], [ 78.779717634406438, 10.203602657581774 ], [ 78.780526446047219, 10.203269381421062 ], [ 78.782063497634354, 10.202636013147375 ], [ 78.782742874619089, 10.204426333038116 ], [ 78.78285579824022, 10.204566901387317 ], [ 78.7829389984052, 10.204670464578236 ], [ 78.782939019964758, 10.204670496405994 ], [ 78.784704022648484, 10.205588951967036 ], [ 78.78687658019679, 10.206719457048155 ], [ 78.787679694722058, 10.206855305948606 ], [ 78.787686617139656, 10.206854415661008 ], [ 78.788230328753571, 10.206784485196945 ], [ 78.788345974269973, 10.206769611113097 ], [ 78.789521377598433, 10.206598608608461 ], [ 78.790919830815312, 10.206395147159006 ], [ 78.792298997203019, 10.206313657865309 ], [ 78.793584887921511, 10.206237671193149 ], [ 78.795889161846716, 10.207088144806647 ], [ 78.796253528407433, 10.207246722821676 ], [ 78.797947011719785, 10.20798374216726 ], [ 78.798430070882375, 10.208351727373742 ], [ 78.799541232989895, 10.209198179789082 ], [ 78.799603197879875, 10.209245383247417 ], [ 78.801259395718077, 10.210511537017917 ], [ 78.802404603076553, 10.211370712762303 ], [ 78.80282440018189, 10.211529033141842 ], [ 78.808350495348279, 10.212579095630611 ], [ 78.809541472768814, 10.212959085774747 ], [ 78.809787998330563, 10.212987318930686 ], [ 78.809897414030473, 10.212999849906984 ], [ 78.810057189285217, 10.212764820198949 ], [ 78.812859697613064, 10.210306293094325 ], [ 78.815342761432632, 10.207680417600736 ], [ 78.816168908761767, 10.206848818430705 ], [ 78.817624932310238, 10.205361874595928 ], [ 78.818656515361695, 10.204051139591225 ], [ 78.819710924604564, 10.202649995356806 ], [ 78.82119438270179, 10.200688389257401 ], [ 78.822449550139282, 10.199309876071259 ], [ 78.823039072239411, 10.198497504141974 ], [ 78.823102266923016, 10.198410420752779 ], [ 78.823234659731284, 10.198103051925971 ], [ 78.822761099354551, 10.192678381056206 ], [ 78.821936081207724, 10.187854867175984 ], [ 78.821584848914782, 10.187190290353382 ], [ 78.820326283150564, 10.182827779946773 ], [ 78.819149570078451, 10.180051972424762 ], [ 78.818451829732666, 10.178067339396513 ], [ 78.818105372883764, 10.176435372838133 ], [ 78.818028025242853, 10.175336878405536 ], [ 78.817772839921773, 10.173664245441127 ], [ 78.817289495993279, 10.172072936437397 ], [ 78.816486011362116, 10.16987023985401 ], [ 78.81647320228447, 10.169835125558388 ], [ 78.814450083975231, 10.167878323098769 ], [ 78.814392968191143, 10.167823078724691 ], [ 78.813899360112217, 10.167347583594402 ], [ 78.813580980107531, 10.167040890433842 ], [ 78.813580953158038, 10.167040862139119 ], [ 78.813606911774841, 10.166739442997716 ], [ 78.813617542437882, 10.166615979825851 ], [ 78.813617547827761, 10.166615943573227 ], [ 78.814846898582317, 10.165558413691295 ], [ 78.815146344795735, 10.165300815691154 ], [ 78.815146364558672, 10.165300797122669 ], [ 78.816486466807973, 10.163939072621599 ], [ 78.818121918952968, 10.162277191363097 ], [ 78.818355141363668, 10.159677960123748 ], [ 78.818825185734411, 10.159253118423605 ], [ 78.824501575336043, 10.157161190243199 ], [ 78.826248903666553, 10.156293398334133 ], [ 78.827549706418765, 10.155647354063868 ], [ 78.82861647198834, 10.155046746176762 ], [ 78.829548336653389, 10.15452208223072 ], [ 78.829904143167738, 10.153618854061484 ], [ 78.830407845615539, 10.152340164833056 ], [ 78.830447549354474, 10.15223937535221 ], [ 78.830673219628579, 10.150667653803785 ], [ 78.830689642628585, 10.150553266608613 ], [ 78.830963499432855, 10.149929483404291 ], [ 78.831042081358945, 10.149675396580035 ], [ 78.831042835943819, 10.149672956029795 ], [ 78.831187151192523, 10.14920623758832 ], [ 78.831247820711852, 10.148951593106508 ], [ 78.831319584424946, 10.148650237381993 ], [ 78.831488492851179, 10.148062599092958 ], [ 78.831673991364113, 10.147709744840455 ], [ 78.83177599057305, 10.147515706580833 ], [ 78.831776020217461, 10.147515662367676 ], [ 78.832191273644071, 10.146928062672036 ], [ 78.832561887987566, 10.146431279596889 ], [ 78.832720669705594, 10.146218426900614 ], [ 78.833021864040575, 10.145784503580302 ], [ 78.833053858437736, 10.145413827910556 ], [ 78.833117976589463, 10.143840703108225 ], [ 78.832985923344367, 10.142177139011983 ], [ 78.83288581778406, 10.140450291424637 ], [ 78.832954388884659, 10.139586885362926 ], [ 78.833004131296875, 10.139406282440174 ], [ 78.833050252600174, 10.139238821676805 ], [ 78.833128164383112, 10.139260765237111 ], [ 78.833451728565265, 10.139351895328035 ], [ 78.834268343870932, 10.139749821943626 ], [ 78.836084101368215, 10.140315144684848 ], [ 78.836549436770227, 10.140364937783056 ], [ 78.83654947090622, 10.140364937783056 ], [ 78.836590841918309, 10.140360289107004 ], [ 78.836750221914343, 10.14034236734167 ], [ 78.836861905860346, 10.140247451031065 ], [ 78.836884953037284, 10.140227864153704 ], [ 78.838292523255944, 10.139031593569761 ], [ 78.838566286635412, 10.138992328583628 ], [ 78.838890197567295, 10.138945826588193 ], [ 78.840356911067659, 10.1390871506474 ], [ 78.840628457405003, 10.139113309611881 ], [ 78.841686927032939, 10.139271659641633 ], [ 78.842047376040696, 10.139081850233623 ], [ 78.84217463857037, 10.139118645396607 ], [ 78.842266324221526, 10.139145134197369 ], [ 78.842266353865924, 10.139145161610251 ], [ 78.842353035900956, 10.139258188427405 ], [ 78.844045740373957, 10.138892232603443 ], [ 78.84506774918114, 10.138657287157741 ], [ 78.846634379595599, 10.138059036745116 ], [ 78.847339928996163, 10.13778960425841 ], [ 78.847339973013632, 10.137789588341171 ], [ 78.847447842712924, 10.137756466367264 ], [ 78.848384754113226, 10.137468760636516 ], [ 78.848882166557402, 10.13639745793127 ], [ 78.848917643722899, 10.136278497374423 ], [ 78.849201649693256, 10.135326126884474 ], [ 78.84926861101286, 10.1349701520626 ], [ 78.849288382033961, 10.134865036433666 ], [ 78.849411629094291, 10.133920227821857 ], [ 78.849375299427578, 10.132487300008663 ], [ 78.849138207972942, 10.130778468419908 ], [ 78.848942753431743, 10.130066875271002 ], [ 78.848860059916561, 10.129765869656604 ], [ 78.848480688795689, 10.12861972636283 ], [ 78.848289955799601, 10.1280434988211 ], [ 78.848289948613086, 10.128043474060203 ], [ 78.848132774879403, 10.127260748173212 ], [ 78.847893257075214, 10.126067993904689 ], [ 78.851825913404127, 10.126000582878619 ], [ 78.856534150894845, 10.125901544914097 ], [ 78.858190247223391, 10.125842908107076 ], [ 78.859431161990571, 10.126028339997516 ], [ 78.861452217767948, 10.126263544961278 ], [ 78.862273409989939, 10.126444417931543 ], [ 78.862533429145572, 10.126887444986048 ], [ 78.862775178364956, 10.12768306867846 ], [ 78.862787022651986, 10.12772113237741 ], [ 78.862925702768891, 10.128166771708802 ], [ 78.863536956014073, 10.129667617239916 ], [ 78.864102587419254, 10.131254347728685 ], [ 78.864253121704664, 10.131629558589212 ], [ 78.864522283913246, 10.131873680329139 ], [ 78.864914618621995, 10.132339315105458 ], [ 78.865028667832178, 10.132479457109394 ], [ 78.865493848723943, 10.135738766107711 ], [ 78.866360683447255, 10.136055246581819 ], [ 78.867578818735481, 10.136480234029099 ], [ 78.8681034591159, 10.137212579649971 ], [ 78.870881967154304, 10.136964066158399 ], [ 78.871278897644046, 10.136923396662331 ], [ 78.872373832584302, 10.138080683264958 ], [ 78.87239256155965, 10.138110899430853 ], [ 78.87328170863799, 10.139545354905884 ], [ 78.873459635251365, 10.139816588972359 ], [ 78.87323605266198, 10.140562466217245 ], [ 78.873231478440559, 10.140978351968329 ], [ 78.873295345064008, 10.141245062610444 ], [ 78.873445899112383, 10.141439450423368 ], [ 78.873472464091947, 10.141714015734893 ], [ 78.873477827034193, 10.141769447664002 ], [ 78.873509754057693, 10.142099444564661 ], [ 78.873555374101088, 10.142262184441975 ], [ 78.873774367197697, 10.142456573406157 ], [ 78.874221484765741, 10.142632884982451 ], [ 78.874910419825127, 10.142551533275999 ], [ 78.87507010614668, 10.142565098969392 ], [ 78.875156791774955, 10.14262838843495 ], [ 78.875667775966434, 10.14316634042873 ], [ 78.876215266792741, 10.143491827859153 ], [ 78.87668057075372, 10.147022349174662 ], [ 78.876995374565269, 10.147610020322542 ], [ 78.878090369692615, 10.148618110439836 ], [ 78.879144317201408, 10.148889355391173 ], [ 78.879842377347444, 10.150087293994602 ], [ 78.880024869199104, 10.151330433771397 ], [ 78.880700134594818, 10.151086332165221 ], [ 78.881142707585852, 10.150919075583211 ], [ 78.881448082680151, 10.152925812782714 ], [ 78.88145295424394, 10.152957822571659 ], [ 78.88186814658512, 10.154530960039773 ], [ 78.882926679993432, 10.153744394041171 ], [ 78.884071897233369, 10.153116043728007 ], [ 78.884943353788813, 10.152374677107755 ], [ 78.886252811808788, 10.151221938591354 ], [ 78.886380560327027, 10.15078344957514 ], [ 78.886485479958935, 10.148948125041388 ], [ 78.886818536638742, 10.148093747213165 ], [ 78.887329538796536, 10.147845113946406 ], [ 78.887530289804658, 10.147781823743443 ], [ 78.888187302332128, 10.148138933867527 ], [ 78.88849756426157, 10.148654266071313 ], [ 78.888785015271026, 10.149178638990863 ], [ 78.889131773055553, 10.149305207336484 ], [ 78.89124878866815, 10.148708454413619 ], [ 78.89283197144006, 10.14786759808554 ], [ 78.893945223927261, 10.147591811577401 ], [ 78.894611351659904, 10.147501378862186 ], [ 78.895076729282721, 10.147460677986347 ], [ 78.895624230888814, 10.147374768242859 ], [ 78.896153485016555, 10.147361185952226 ], [ 78.896532171621203, 10.147252678815523 ], [ 78.896614310875847, 10.147578150596587 ], [ 78.897850801440256, 10.148459595253575 ], [ 78.898777000430812, 10.148459551924789 ], [ 78.899365583791464, 10.148753355365267 ], [ 78.899954186915096, 10.149377155010029 ], [ 78.900250769299404, 10.149666452316943 ], [ 78.901765666634958, 10.151795524745014 ], [ 78.901291189976632, 10.152387736593974 ], [ 78.901199936415125, 10.152365139588392 ], [ 78.900250951657384, 10.153083949951336 ], [ 78.899931582607607, 10.153346155879637 ], [ 78.898809220305097, 10.154241270105075 ], [ 78.900064074230542, 10.156673235371191 ], [ 78.902308822191742, 10.15523107177717 ], [ 78.904380194404794, 10.154146025439234 ], [ 78.904494239123366, 10.153838622828115 ], [ 78.904562667391801, 10.153662319192383 ], [ 78.905228795124444, 10.153422688349485 ], [ 78.908550221564383, 10.151347537872176 ], [ 78.907915924735519, 10.150095407929419 ], [ 78.907610178636986, 10.149390233187974 ], [ 78.907614693569599, 10.148775444176467 ], [ 78.90755530594619, 10.147803541231434 ], [ 78.90766935335968, 10.147586549327722 ], [ 78.908604608266614, 10.14675470513861 ], [ 78.910078245981182, 10.146040347879461 ], [ 78.910365677227688, 10.145949913841669 ], [ 78.910758088293278, 10.146352205841715 ], [ 78.911337523211088, 10.146284348990351 ], [ 78.911392195577605, 10.145402847056548 ], [ 78.911903202226966, 10.145443486295171 ], [ 78.911925995180681, 10.145226499865981 ], [ 78.912012664639263, 10.145027590425483 ], [ 78.912190594845939, 10.144941685334754 ], [ 78.912391339565843, 10.1448964628583 ], [ 78.912779180003227, 10.145190259841744 ], [ 78.913522815276892, 10.144611567564837 ], [ 78.912842898404648, 10.143472463133079 ], [ 78.913093816728122, 10.143296141407687 ], [ 78.91349075170946, 10.14327802261325 ], [ 78.913426836576988, 10.142862143385257 ], [ 78.912947651848242, 10.141510556261377 ], [ 78.91259178604507, 10.141573876000804 ], [ 78.912400063105551, 10.140475411245555 ], [ 78.912272213077671, 10.139349817256287 ], [ 78.911961963724664, 10.139304639973162 ], [ 78.911314105928255, 10.139390584600108 ], [ 78.911012890033717, 10.13828308819169 ], [ 78.91094899107091, 10.137984741392662 ], [ 78.911081293149337, 10.137903360208538 ], [ 78.911441716105927, 10.137812918567606 ], [ 78.911003612233458, 10.136511053434159 ], [ 78.911003575402546, 10.136090645790805 ], [ 78.91022795561318, 10.135909890567282 ], [ 78.910297662184291, 10.133304809560734 ], [ 78.910318916323902, 10.132510462603136 ], [ 78.910387338304133, 10.132356760677904 ], [ 78.91116743889016, 10.131701221948623 ], [ 78.911182659944302, 10.131521935737624 ], [ 78.911182795589937, 10.131520335141152 ], [ 78.911240361429975, 10.130842319096757 ], [ 78.911260045314464, 10.130787692652166 ], [ 78.911263175044908, 10.130779019344725 ], [ 78.911619044441338, 10.130846801660683 ], [ 78.911633985221158, 10.130841867214693 ], [ 78.911634879943179, 10.130841571855385 ], [ 78.911687455641825, 10.130824193408023 ], [ 78.91165948659544, 10.130151071438673 ], [ 78.911646320886646, 10.129834211956297 ], [ 78.91268329472814, 10.129914962021685 ], [ 78.913443874024665, 10.129974186151586 ], [ 78.913188273681939, 10.128785317041709 ], [ 78.913175169058576, 10.128169096577382 ], [ 78.913174524966522, 10.128138887433327 ], [ 78.913184554656652, 10.128126930585925 ], [ 78.913489288353844, 10.127763654802333 ], [ 78.914121380717006, 10.127365822079094 ], [ 78.914127625804852, 10.127361891281511 ], [ 78.914451866418474, 10.127157816054748 ], [ 78.914844202025535, 10.127022161417194 ], [ 78.915081978894705, 10.126945710187721 ], [ 78.916377072853308, 10.126529277406753 ], [ 78.916399882874998, 10.126520232569192 ], [ 78.916719111787629, 10.126294722614386 ], [ 78.918147094424512, 10.125285945896174 ], [ 78.918813215868937, 10.12490869543417 ], [ 78.919392461242253, 10.124580639620525 ], [ 78.919392498073165, 10.124580619280993 ], [ 78.919597720894757, 10.123902519589716 ], [ 78.920020126707669, 10.123499982751232 ], [ 78.92042795106687, 10.123111339126725 ], [ 78.920427986999485, 10.123111344432742 ], [ 78.920949555141647, 10.123249254881628 ], [ 78.920951687742161, 10.123249818200023 ], [ 78.921207274610168, 10.123317396058056 ], [ 78.921436228226625, 10.12337793198294 ], [ 78.921575875829106, 10.12332896840114 ], [ 78.923448070882429, 10.12267249328524 ], [ 78.925139937227272, 10.122080046998368 ], [ 78.925869126692859, 10.121824692067369 ], [ 78.925966289372312, 10.121790667307875 ], [ 78.927160604034128, 10.121306366581997 ], [ 78.927270991711183, 10.121261605047597 ], [ 78.927324746897767, 10.121231158251145 ], [ 78.928101217391713, 10.120791374210176 ], [ 78.928101236256325, 10.120791352101733 ], [ 78.928602974986902, 10.120058966330888 ], [ 78.928613233747456, 10.1199368196297 ], [ 78.92866218743886, 10.119353759994882 ], [ 78.928543447226275, 10.118472277753217 ], [ 78.928647796428024, 10.114290790970692 ], [ 78.929847598897908, 10.114204735264895 ], [ 78.929867997841356, 10.114305724187753 ], [ 78.929888687838982, 10.11440815192382 ], [ 78.929779273037383, 10.114909932569246 ], [ 78.930198971328025, 10.114846593416019 ], [ 78.930172526722671, 10.114991711354969 ], [ 78.930130596060152, 10.115221804890165 ], [ 78.931280188993867, 10.114878073742593 ], [ 78.931193424313847, 10.114299471798617 ], [ 78.931617661791591, 10.114019137360289 ], [ 78.931843518915286, 10.114071324069208 ], [ 78.931850752149955, 10.114072996385509 ], [ 78.932301992086849, 10.114177265423416 ], [ 78.932327941720445, 10.114303125953068 ], [ 78.932617004307517, 10.115705126090033 ], [ 78.933225533860764, 10.115724213037923 ], [ 78.93439686063445, 10.115760921560957 ], [ 78.934482911153836, 10.115763618831156 ], [ 78.937493872645064, 10.115641081381346 ], [ 78.93741166422015, 10.115134794333025 ], [ 78.937669704387204, 10.114720203371441 ], [ 78.938109478227773, 10.114013595987561 ], [ 78.938050443642254, 10.113715530836398 ], [ 78.938018145614549, 10.113552524432992 ], [ 78.937509209581904, 10.113776759254076 ], [ 78.937484443029518, 10.113787669558178 ], [ 78.937648494265034, 10.112738889347089 ], [ 78.937966923677052, 10.112117639669258 ], [ 78.938077185589947, 10.111902517919892 ], [ 78.938277226030706, 10.111679955888043 ], [ 78.938747676439931, 10.111156527168463 ], [ 78.939018104374739, 10.111485547388423 ], [ 78.939167480731768, 10.111667268828811 ], [ 78.939587111648763, 10.111450232132531 ], [ 78.939587140394835, 10.111450217098367 ], [ 78.939471342164836, 10.111137046407357 ], [ 78.939349802801829, 10.110808345970467 ], [ 78.939662191043581, 10.110725615427635 ], [ 78.939662677032132, 10.110725486310409 ], [ 78.940084217767421, 10.110613847622581 ], [ 78.940084254598332, 10.110613837894563 ], [ 78.940098087755416, 10.111450130430796 ], [ 78.940253224110023, 10.111603799919283 ], [ 78.940522388115227, 10.111653478085042 ], [ 78.940536144915498, 10.111433125018966 ], [ 78.940595177704395, 10.110487175568831 ], [ 78.941199787009737, 10.110301309322367 ], [ 78.941204550775694, 10.110299844812413 ], [ 78.94163981327695, 10.110166036683362 ], [ 78.941539799344767, 10.110707421391172 ], [ 78.941270658695743, 10.112164165009329 ], [ 78.940695870762909, 10.112313451266276 ], [ 78.940775246799703, 10.112854887185813 ], [ 78.940992763964289, 10.114338577970331 ], [ 78.942461563352751, 10.113316681377533 ], [ 78.942627262098497, 10.113238225582073 ], [ 78.942635285850614, 10.113234427265178 ], [ 78.943378456695271, 10.112882546393166 ], [ 78.944559943414802, 10.112430276135298 ], [ 78.944559961381117, 10.112430254910667 ], [ 78.944625491684491, 10.112352303868407 ], [ 78.944646248157412, 10.112327613413083 ], [ 78.945722995806435, 10.111046782053482 ], [ 78.945804504443743, 10.110994741657663 ], [ 78.945992122082387, 10.110874951877438 ], [ 78.946945834673457, 10.110592707759578 ], [ 78.947055484833655, 10.110560255095734 ], [ 78.947169018410861, 10.110526651869339 ], [ 78.947169056140098, 10.110526645678783 ], [ 78.947225393983132, 10.110426577961224 ], [ 78.947278505077691, 10.110332242671891 ], [ 78.947542828960138, 10.10991377110058 ], [ 78.947889621778941, 10.109364734383867 ], [ 78.947727939400863, 10.108050493787278 ], [ 78.947724833924937, 10.108025255574969 ], [ 78.947615449666031, 10.107136177305573 ], [ 78.947866050884215, 10.105567511331833 ], [ 78.947986588625668, 10.105518821845502 ], [ 78.948112377019982, 10.10546801161045 ], [ 78.948498120789495, 10.105684644648184 ], [ 78.948554937434579, 10.105716551258434 ], [ 78.950042710140139, 10.108509927423297 ], [ 78.949892641182032, 10.110815415580381 ], [ 78.949893085848089, 10.112971698592538 ], [ 78.949993644159306, 10.113902902934592 ], [ 78.950094081197989, 10.114246440567689 ], [ 78.950094120723861, 10.114246455601752 ], [ 78.950311294731989, 10.114370992225275 ], [ 78.950440840779109, 10.114445272706446 ], [ 78.950637803591661, 10.11446535197493 ], [ 78.950883370651013, 10.114490386279817 ], [ 78.95182764643998, 10.114146627818787 ], [ 78.951827694050706, 10.114146611016055 ], [ 78.952886034321239, 10.113789805278687 ], [ 78.952968082846027, 10.113762142611998 ], [ 78.952968117880317, 10.113762136421531 ], [ 78.954943396409121, 10.113508572773126 ], [ 78.956973496424723, 10.113413195731429 ], [ 78.957954734294418, 10.113825755245156 ], [ 78.958606872563138, 10.114099942697496 ], [ 78.959317646565395, 10.11487203537807 ], [ 78.959597110653647, 10.115175598359851 ], [ 78.95986978796995, 10.115938782161855 ], [ 78.960386866332328, 10.117385936079426 ], [ 78.960621515267675, 10.117754767571995 ], [ 78.96088432459058, 10.118167866264395 ], [ 78.961355682298247, 10.118444396172702 ], [ 78.961723876580379, 10.118660401420465 ], [ 78.962638372319418, 10.11863234033466 ], [ 78.963357112581605, 10.118610275976634 ], [ 78.963635003719801, 10.118769257822606 ], [ 78.964297043219545, 10.119147990582984 ], [ 78.965867660357262, 10.123989058192169 ], [ 78.965867661255587, 10.123992301908048 ], [ 78.965867670238723, 10.123993582415292 ], [ 78.965873278421043, 10.124037127617532 ], [ 78.965879385168336, 10.124084613379255 ], [ 78.965883717742983, 10.124118268246486 ], [ 78.966279084265807, 10.127189469384794 ], [ 78.966473420404498, 10.127406261095986 ], [ 78.966676115366894, 10.127632378680307 ], [ 78.967149943441612, 10.12717111002927 ], [ 78.967688681982096, 10.126646645381477 ], [ 78.968477692059082, 10.125679059795274 ], [ 78.969247108083096, 10.12464475682904 ], [ 78.970361199596752, 10.123147084653446 ], [ 78.971065450033407, 10.122320729760837 ], [ 78.971305282247982, 10.122039308405414 ], [ 78.971479053254853, 10.121755957185641 ], [ 78.971857058936521, 10.121139580842456 ], [ 78.972125291388792, 10.120614564237441 ], [ 78.972208157380479, 10.120452369621152 ], [ 78.972444555335684, 10.119779280720181 ], [ 78.972632098414181, 10.119245277867275 ], [ 78.972632111888927, 10.119245239840575 ], [ 78.972802870844674, 10.118749544941096 ], [ 78.973069715399788, 10.117974899636517 ], [ 78.973807161281172, 10.115780708911402 ], [ 78.97387197742384, 10.115587854045991 ], [ 78.974956805418842, 10.112242378752326 ], [ 78.975353414311726, 10.111229674639114 ], [ 78.975672608190052, 10.11072781130531 ], [ 78.975700238571534, 10.110701708394517 ], [ 78.97606027884585, 10.11036153905744 ], [ 78.976540933218416, 10.1099512426118 ], [ 78.976913165427746, 10.10963349739418 ], [ 78.976999807038581, 10.109506896587767 ], [ 78.976966542423625, 10.104932155184624 ], [ 78.97703407686835, 10.101840110180946 ], [ 78.98023084858788, 10.100883434897661 ], [ 78.982174863948146, 10.100301631903204 ], [ 78.982203566019805, 10.100291143881424 ], [ 78.982203866057105, 10.100291034216625 ], [ 78.982261529813528, 10.100269962657533 ], [ 78.982142141915602, 10.097098163437021 ], [ 78.982109754954678, 10.096237715858486 ], [ 78.982073003079776, 10.095396912194706 ], [ 78.982131643304896, 10.095222408936136 ], [ 78.982182384643707, 10.095071400761425 ], [ 78.982575873687608, 10.094628198943402 ], [ 78.983691815730793, 10.093371234591636 ], [ 78.986975009872225, 10.089365049336209 ], [ 78.985662169695175, 10.087608629043835 ], [ 78.98507653640192, 10.086825113056987 ], [ 78.983214820196366, 10.085049122279578 ], [ 78.98268853230573, 10.084755964558035 ], [ 78.982630817345338, 10.084723819725065 ], [ 78.982352539033258, 10.084633494894113 ], [ 78.981139608583831, 10.085152489757863 ], [ 78.980523550250169, 10.085416088440398 ], [ 78.980489897563004, 10.085431687208196 ], [ 78.978074267576886, 10.086551450700536 ], [ 78.97796295373675, 10.086397898371217 ], [ 78.97794648671929, 10.086375181744044 ], [ 78.977866068636729, 10.08583402318675 ], [ 78.977503137583852, 10.083391776418379 ], [ 78.97700072421847, 10.081172388062109 ], [ 78.977000715235349, 10.08117234737756 ], [ 78.973369854214312, 10.081810752230549 ], [ 78.973319501846007, 10.08182229334299 ], [ 78.972168694390049, 10.08208605660325 ], [ 78.971809879417791, 10.08216829656836 ], [ 78.971722358356317, 10.082245756982376 ], [ 78.969091792065399, 10.084573928092205 ], [ 78.96712172376526, 10.086762362710116 ], [ 78.966314141019765, 10.087951836570621 ], [ 78.966022779643893, 10.088380988741733 ], [ 78.96566035074926, 10.08896034662641 ], [ 78.964905604213854, 10.090166865779887 ], [ 78.96371990080236, 10.091559474279659 ], [ 78.96349050521475, 10.09189871275604 ], [ 78.963181810845484, 10.092355227013714 ], [ 78.963171261030766, 10.092491072285343 ], [ 78.962990830812686, 10.094814415630672 ], [ 78.961686188660948, 10.094977472217163 ], [ 78.96102950940849, 10.095133928386952 ], [ 78.960641599800823, 10.095226353393045 ], [ 78.960121564184504, 10.095271676614624 ], [ 78.959921857917081, 10.095181987978396 ], [ 78.958944490887944, 10.094743047393798 ], [ 78.957516517234211, 10.094173786615046 ], [ 78.956088452850636, 10.09317507361402 ], [ 78.954094689688247, 10.091954969601508 ], [ 78.949824386288427, 10.089537388049308 ], [ 78.949845987177738, 10.088721961387193 ], [ 78.949846085094109, 10.088718278640448 ], [ 78.94986965059897, 10.087828624318121 ], [ 78.949713986034951, 10.085066620832102 ], [ 78.948737945817484, 10.084341498944934 ], [ 78.948546026146943, 10.084198916127153 ], [ 78.948370488153913, 10.084033670404722 ], [ 78.947811465654283, 10.083507433716424 ], [ 78.947377961156036, 10.082770662877831 ], [ 78.946227652265065, 10.07968769083708 ], [ 78.946182193020121, 10.079565853397838 ], [ 78.946171500373268, 10.079542140397766 ], [ 78.945877159285615, 10.078889439187725 ], [ 78.945876433446855, 10.078887827715754 ], [ 78.945725417664434, 10.078765810430292 ], [ 78.945714145604271, 10.078756702337554 ], [ 78.945059785801831, 10.078227986752252 ], [ 78.94489118998932, 10.078136403291056 ], [ 78.944494093311249, 10.077920696312198 ], [ 78.943468249596108, 10.07772980081783 ], [ 78.943280679568176, 10.07769489843623 ], [ 78.943166181200354, 10.077625379340807 ], [ 78.942714979891036, 10.07735143764326 ], [ 78.942319283686473, 10.076967129585761 ], [ 78.941551580749731, 10.076221516005866 ], [ 78.940961984089412, 10.075912450310312 ], [ 78.94037915713308, 10.075606931008087 ], [ 78.939727281172424, 10.075422476563269 ], [ 78.939293457772251, 10.075299727400612 ], [ 78.937952232628888, 10.074472692378265 ], [ 78.936437681144682, 10.073686371653277 ], [ 78.936437655991867, 10.073686359270766 ], [ 78.935653046761459, 10.073338415264887 ], [ 78.934338298562764, 10.072019242611608 ], [ 78.934225074006051, 10.0719056349346 ], [ 78.934849383365574, 10.071827148702605 ], [ 78.935233139163387, 10.071778903426193 ], [ 78.935507059748019, 10.071764570561294 ], [ 78.935926477764269, 10.071742628584639 ], [ 78.937896650268968, 10.069468486917279 ], [ 78.937648876049025, 10.068339268245596 ], [ 78.937138876411083, 10.066014933577707 ], [ 78.938406629245691, 10.064165830128351 ], [ 78.939357331582244, 10.063473277865803 ], [ 78.939455610867554, 10.063401685103702 ], [ 78.940030176018254, 10.062452276825834 ], [ 78.940431323199931, 10.061032764330209 ], [ 78.942103121181347, 10.060360940752805 ], [ 78.943982742607091, 10.059605574282111 ], [ 78.944403935694382, 10.059436308266097 ], [ 78.943897671251378, 10.056593959249769 ], [ 78.943723589427421, 10.055616591753703 ], [ 78.943162419954277, 10.054879848331199 ], [ 78.942295690333879, 10.054360144033351 ], [ 78.94195350407584, 10.053840344255915 ], [ 78.941951077726245, 10.053840612265736 ], [ 78.941490971417508, 10.053891363416389 ], [ 78.939777842848201, 10.054080312028736 ], [ 78.939518478564423, 10.054235674430972 ], [ 78.939340010266903, 10.054342576591885 ], [ 78.939805615163522, 10.056453589604985 ], [ 78.939557485210699, 10.056699589585145 ], [ 78.939413423286865, 10.056842413645681 ], [ 78.938675376432599, 10.057189824382689 ], [ 78.938058832110386, 10.057480046697687 ], [ 78.937321856946269, 10.055814316404428 ], [ 78.936470923301783, 10.05389099899384 ], [ 78.935125361092219, 10.053882172361234 ], [ 78.934518601220105, 10.05314542056181 ], [ 78.93412489029231, 10.053143073922829 ], [ 78.933779726119113, 10.053141014753781 ], [ 78.93377968389828, 10.053141014753781 ], [ 78.933919380908137, 10.052325703953013 ], [ 78.933920403190911, 10.052319739600698 ], [ 78.934053107714576, 10.0515452273153 ], [ 78.933911575446615, 10.05068182858329 ], [ 78.933437053872524, 10.049646700940638 ], [ 78.932834913137569, 10.049212820721525 ], [ 78.932050367687538, 10.049036638397377 ], [ 78.931197156813852, 10.047174305018331 ], [ 78.931197129864401, 10.047174285558462 ], [ 78.931135474893182, 10.047129910881289 ], [ 78.930713626035754, 10.046826294412528 ], [ 78.930654600433371, 10.046814666248482 ], [ 78.929858833228835, 10.046657895629375 ], [ 78.929016841414693, 10.046492014162254 ], [ 78.927945047974518, 10.047034635376241 ], [ 78.924633674580932, 10.047044100833356 ], [ 78.924796458293542, 10.046222967640642 ], [ 78.924898049667362, 10.045710507986801 ], [ 78.923616006433207, 10.042727118673485 ], [ 78.9249060680296, 10.042679273291037 ], [ 78.925572694327187, 10.042654537694343 ], [ 78.925572729361477, 10.042654532387052 ], [ 78.926311560445001, 10.04244198609525 ], [ 78.927838435018288, 10.041570684333347 ], [ 78.927880442935887, 10.041546712022411 ], [ 78.931424010169167, 10.039064445289055 ], [ 78.932039495377666, 10.037387239308099 ], [ 78.932326983218033, 10.035668815150283 ], [ 78.932399484448013, 10.035235420391672 ], [ 78.932303531799235, 10.034839685743796 ], [ 78.932148479886251, 10.034200248636125 ], [ 78.931828441591534, 10.033709822422278 ], [ 78.931071854408117, 10.032550412871931 ], [ 78.929813639885197, 10.031087435165372 ], [ 78.929730721791216, 10.030991021786416 ], [ 78.93031417217837, 10.028622179404831 ], [ 78.930793057768142, 10.02858142634922 ], [ 78.930970779565641, 10.027546198828549 ], [ 78.931107534592897, 10.027071523353055 ], [ 78.930226526251062, 10.021764543641693 ], [ 78.93197312335289, 10.020570870145299 ], [ 78.935954103654211, 10.017103010602094 ], [ 78.936838880428667, 10.016213329864524 ], [ 78.936920813969095, 10.01613094131231 ], [ 78.941366940127921, 10.013038146939657 ], [ 78.942675699258629, 10.012228739189107 ], [ 78.945165647766515, 10.01137842381403 ], [ 78.946469955744973, 10.011215438277887 ], [ 78.948430776787589, 10.009976433250548 ], [ 78.950154459663167, 10.008864038150193 ], [ 78.951677518193108, 10.008009345578923 ], [ 78.953939564113412, 10.007724768092222 ], [ 78.954017033026858, 10.007715021938077 ], [ 78.954796864118293, 10.00758827856002 ], [ 78.959256844993703, 10.006461676640811 ], [ 78.960474444885975, 10.006167560374777 ], [ 78.961419039576938, 10.00850445682101 ], [ 78.964857469785983, 10.007491029279947 ], [ 78.966786120361633, 10.005646172276434 ], [ 78.970252798094805, 10.003106784213164 ], [ 78.970341436660519, 10.003041854630236 ], [ 78.971984111260426, 10.001838534910933 ], [ 78.972395294420451, 10.00152637174288 ], [ 78.9724470706185, 10.001487060824321 ], [ 78.972447114635941, 10.001487027207078 ], [ 78.973158963921591, 10.000923608225397 ], [ 78.9746942691838, 9.99970841194626 ], [ 78.97469534806045, 9.999707558241022 ], [ 78.974786370754913, 9.999635512587297 ], [ 78.974373645187541, 9.99796311702225 ], [ 78.973654132374179, 9.995047543320819 ], [ 78.973327071948916, 9.994285045314291 ], [ 78.972454010104073, 9.992249589429797 ], [ 78.973958634306044, 9.991458158118405 ], [ 78.976895320394604, 9.990620977389616 ], [ 78.979152552243335, 9.990385267562429 ], [ 78.981478327344831, 9.990362056729259 ], [ 78.982928708575031, 9.990876962433536 ], [ 78.983572721581993, 9.99144595557379 ], [ 78.983772605715856, 9.991622554916226 ], [ 78.983787956127443, 9.991629022889542 ], [ 78.984598084698433, 9.991970383246908 ], [ 78.985537652417037, 9.992200605083644 ], [ 78.986477341408175, 9.992973385387151 ], [ 78.986700812606486, 9.99326612906181 ], [ 78.986720159622735, 9.993291474435301 ], [ 78.986754111448903, 9.993335950257308 ], [ 78.98676017238212, 9.993343889429307 ], [ 78.986760204721477, 9.993343923932054 ], [ 78.986982715620726, 9.993534634746446 ], [ 78.9881469106694, 9.994532398278581 ], [ 78.990048129391198, 9.99327512808955 ], [ 78.991575787295389, 9.992899403430018 ], [ 78.991507601572053, 9.993505163218591 ], [ 78.991710445654789, 9.993501898728971 ], [ 78.992939522423143, 9.993482110966822 ], [ 78.993619093444011, 9.993830016045395 ], [ 78.99383419234384, 9.995927475381723 ], [ 78.993834231869712, 9.995927448841368 ], [ 78.995448195414838, 9.994832909826277 ], [ 78.996574527372573, 9.99450703442346 ], [ 78.997048869283603, 9.994518029261222 ], [ 78.997536773060503, 9.99452933904565 ], [ 78.997773677665535, 9.993855683400138 ], [ 78.997816531796175, 9.992911664309453 ], [ 78.997936595227173, 9.990266357586771 ], [ 78.998501551997578, 9.989508577956558 ], [ 78.99882020509007, 9.989081164033221 ], [ 79.000448432085278, 9.988236335149294 ], [ 79.001381972108305, 9.987874107858415 ], [ 79.001460981632491, 9.987843451203116 ], [ 79.002500251567838, 9.987442654007715 ], [ 79.00311206356514, 9.987206703892536 ], [ 79.003499921968839, 9.987104231420862 ], [ 79.004188404277301, 9.986922327597801 ], [ 79.004806761399777, 9.98681037985957 ], [ 79.00520998099482, 9.986737379406803 ], [ 79.006144831659867, 9.986755819290526 ], [ 79.006632008699725, 9.986940261420694 ], [ 79.007375931434254, 9.987221902199263 ], [ 79.007371976152072, 9.987281102954633 ], [ 79.007302543567107, 9.988320364816339 ], [ 79.007313022414934, 9.988596685590556 ], [ 79.007316091059906, 9.988677485129674 ], [ 79.007334760746474, 9.98895363396916 ], [ 79.007343297436634, 9.989079822831707 ], [ 79.007475478242469, 9.989251660249671 ], [ 79.007741629298224, 9.989364526347799 ], [ 79.008008949062145, 9.989477887836809 ], [ 79.009071319175021, 9.989966502686343 ], [ 79.00935853841915, 9.99018359530503 ], [ 79.009696004928671, 9.990174679353061 ], [ 79.009703357639282, 9.99016670294651 ], [ 79.009708166320976, 9.990161486787013 ], [ 79.009983423598754, 9.989862868594157 ], [ 79.010111396695834, 9.989107987177656 ], [ 79.010946602636295, 9.987318162253981 ], [ 79.011740742991833, 9.985569005435453 ], [ 79.012247311963733, 9.984538504031006 ], [ 79.013546515714751, 9.982166731419698 ], [ 79.013789698645297, 9.98172277336699 ], [ 79.013914226703235, 9.980983711318125 ], [ 79.013922226200847, 9.980936237261963 ], [ 79.012549694769845, 9.980723279849919 ], [ 79.011787123908277, 9.980632903005752 ], [ 79.010981053925732, 9.980537367329616 ], [ 79.010672288589575, 9.980412828698576 ], [ 79.010274330427109, 9.980252313704057 ], [ 79.009927603185318, 9.980102810765015 ], [ 79.009508342374232, 9.979922031050227 ], [ 79.008961098584621, 9.97997155427117 ], [ 79.007110149586097, 9.979751431741951 ], [ 79.006329993304547, 9.979658655258765 ], [ 79.004897160663447, 9.979293095397653 ], [ 79.002887399404159, 9.978780335404236 ], [ 79.002354370555594, 9.977496292613587 ], [ 79.001256198985402, 9.975443536905109 ], [ 79.001256193595481, 9.975443511247791 ], [ 79.001124345166303, 9.97447608965058 ], [ 79.000518736934353, 9.973246489220022 ], [ 79.000431776421578, 9.973069925914785 ], [ 79.000431768336753, 9.973069888755653 ], [ 79.000305856873283, 9.97249491625594 ], [ 79.000058540794086, 9.971365535012293 ], [ 78.999748612139598, 9.970913664101472 ], [ 78.998820708146638, 9.969560777950349 ], [ 78.997710642882083, 9.968365470614756 ], [ 78.996600592888868, 9.967170144740271 ], [ 78.996388467412601, 9.966017178574969 ], [ 78.997381789419507, 9.965328857400422 ], [ 78.997853354637996, 9.965002071244054 ], [ 78.99882083391077, 9.964756027415483 ], [ 79.000079585626253, 9.964449115150112 ], [ 79.000815309437186, 9.964366618815236 ], [ 79.000923219560718, 9.964354518772979 ], [ 79.001306586387983, 9.96435467095252 ], [ 79.001374654432027, 9.964354696610703 ], [ 79.001730336978866, 9.964354838173056 ], [ 79.002090603628616, 9.96427813083139 ], [ 79.002291290856334, 9.96415615357499 ], [ 79.002323277168657, 9.963970865979473 ], [ 79.002323284355199, 9.963970824395501 ], [ 79.002277755939986, 9.963835239321208 ], [ 79.002213975554781, 9.963645302979424 ], [ 79.00202728228254, 9.962980709828681 ], [ 79.001918022889484, 9.962533132586136 ], [ 79.002013972843287, 9.962053993180822 ], [ 79.002025276344526, 9.961771098156964 ], [ 79.002032390103238, 9.961592941355589 ], [ 79.002032396391471, 9.961592905079938 ], [ 79.001994426401041, 9.96148262439708 ], [ 79.001909422418976, 9.961235733840008 ], [ 79.001838456409828, 9.960886317254422 ], [ 79.001804739043948, 9.9607203565878 ], [ 79.001513168360603, 9.960087359919639 ], [ 79.001306615134069, 9.959746774835413 ], [ 79.001203298994923, 9.959576417128787 ], [ 79.001141930586314, 9.959137099935395 ], [ 79.001135095305301, 9.959088174313846 ], [ 79.001172661053843, 9.958935925929202 ], [ 79.001231012919774, 9.958699436689228 ], [ 79.001624630422754, 9.958256534950994 ], [ 79.00170089289881, 9.958170724428191 ], [ 79.001722719265246, 9.958143443074194 ], [ 79.001722925877758, 9.958143184717942 ], [ 79.002380652565876, 9.957321127809974 ], [ 79.002628789705213, 9.957088263246435 ], [ 79.002814002553876, 9.956914448182115 ], [ 79.002949800875356, 9.95675121240386 ], [ 79.003220023994317, 9.956426388074419 ], [ 79.003262100183889, 9.956323320194741 ], [ 79.003306745555207, 9.956213955254896 ], [ 79.003114921106047, 9.955983798235765 ], [ 79.003110764601246, 9.955978810688952 ], [ 79.002048605592449, 9.955255108613201 ], [ 79.000079086162927, 9.954431591603456 ], [ 78.998819278028705, 9.9537141433579 ], [ 78.998790997266951, 9.953710424570442 ], [ 78.997987572822922, 9.953604780198313 ], [ 78.997207668967974, 9.953089654564646 ], [ 78.996721875333691, 9.952586000391744 ], [ 78.996619246405729, 9.952479601808779 ], [ 78.996069801743658, 9.952399374606989 ], [ 78.995939801149007, 9.952380395707655 ], [ 78.995128105916152, 9.952254088228852 ], [ 78.994541840208896, 9.952229497934665 ], [ 78.994380321324186, 9.952222722154533 ], [ 78.994024648658808, 9.952286115243835 ], [ 78.993943114868671, 9.95252656063283 ], [ 78.993860620779529, 9.952769839846811 ], [ 78.993537341363279, 9.953927170615549 ], [ 78.993537333278425, 9.953927196274547 ], [ 78.992561478113913, 9.953864197236847 ], [ 78.992733936682185, 9.953227723299078 ], [ 78.992884853649883, 9.95267074974217 ], [ 78.992143427333502, 9.952521450931254 ], [ 78.991293309359364, 9.952350263052898 ], [ 78.990741028715945, 9.950610009928253 ], [ 78.989473400747144, 9.950547140316459 ], [ 78.988693969406057, 9.951483109249372 ], [ 78.988693939761646, 9.951483139332572 ], [ 78.988407926056652, 9.950776977330772 ], [ 78.988388204442884, 9.950728283159053 ], [ 78.987982253071053, 9.950226708170417 ], [ 78.988857126817848, 9.948454364139071 ], [ 78.989060091274808, 9.948173060602485 ], [ 78.989764093776444, 9.94719731523049 ], [ 78.989969678619119, 9.946847868577722 ], [ 78.990447698232956, 9.946035310914729 ], [ 78.990586339722327, 9.945709031907805 ], [ 78.990803086132388, 9.945198939046161 ], [ 78.990971375619395, 9.944428026588083 ], [ 78.991062648045514, 9.944009919383113 ], [ 78.991842008419738, 9.943042321412275 ], [ 78.993300586776883, 9.941572649188664 ], [ 78.99475931155942, 9.940378720571022 ], [ 78.996122311865278, 9.939478658174076 ], [ 78.997033773095282, 9.93822164287508 ], [ 78.997553055025023, 9.936643838387102 ], [ 78.997552392966668, 9.934677367145117 ], [ 78.997646894836251, 9.931210114116222 ], [ 78.998166067171553, 9.929442319585137 ], [ 78.998749243572519, 9.928054335220065 ], [ 78.998820016443887, 9.927807007944617 ], [ 79.000099411444566, 9.926729681073571 ], [ 79.001007463568058, 9.924930859990305 ], [ 79.001984134402832, 9.922535350173325 ], [ 79.003553186675305, 9.920958287694239 ], [ 79.005258986788519, 9.919426474253223 ], [ 79.006120950846366, 9.918784883239342 ], [ 79.006289691287648, 9.918667413440764 ], [ 79.006308000749783, 9.918482077053094 ], [ 79.006099160412532, 9.916176514811006 ], [ 79.006051220919062, 9.914312534566418 ], [ 79.006049747681985, 9.914255260283745 ], [ 79.007258078757175, 9.913934755428951 ], [ 79.008484662700639, 9.913569048576571 ], [ 79.00935107341914, 9.913171560902956 ], [ 79.010222024223069, 9.912819278080891 ], [ 79.010655261023345, 9.912530119582188 ], [ 79.010928916604968, 9.912258986358074 ], [ 79.011157015025304, 9.911892904205788 ], [ 79.011234693246209, 9.911431835641256 ], [ 79.011285029444835, 9.910934592224228 ], [ 79.011558799112535, 9.910347019904846 ], [ 79.012056117233612, 9.909357196945972 ], [ 79.012146821924475, 9.909107347710222 ], [ 79.012202159942589, 9.908954920318388 ], [ 79.013794359105006, 9.906089455170314 ], [ 79.01563730501266, 9.903160782751895 ], [ 79.016138990742633, 9.902650134243036 ], [ 79.016731738692968, 9.902474038113089 ], [ 79.0175068212898, 9.902379375143434 ], [ 79.018199773615123, 9.902474545179151 ], [ 79.019065950771633, 9.902633060371913 ], [ 79.01993666621695, 9.902859381567342 ], [ 79.020935119400761, 9.902841635159499 ], [ 79.021787681690796, 9.902823837424666 ], [ 79.022444247755587, 9.902665833814494 ], [ 79.023137383337229, 9.902218526260404 ], [ 79.023944568129025, 9.901549745592487 ], [ 79.024473639898773, 9.90089443671819 ], [ 79.024765540263815, 9.900532886037739 ], [ 79.024792909235586, 9.900487689630486 ], [ 79.025125991068194, 9.899669574558217 ], [ 79.025819768945269, 9.897215131269888 ], [ 79.026225774216016, 9.896442243951519 ], [ 79.026909817948706, 9.895854788161106 ], [ 79.028081595676667, 9.895516114106291 ], [ 79.028938936105718, 9.8947388440425 ], [ 79.028998712699675, 9.89469006277783 ], [ 79.029093982628808, 9.894612316101247 ], [ 79.029589493339529, 9.894206886893626 ], [ 79.029591042035094, 9.89420561875402 ], [ 79.030867765446104, 9.893550528851831 ], [ 79.031127734296092, 9.893207045334423 ], [ 79.030890966234949, 9.89223957167377 ], [ 79.030986899120776, 9.891611241738991 ], [ 79.032163502598451, 9.890336798437581 ], [ 79.033075628581756, 9.889225010854174 ], [ 79.034772268574031, 9.886816050664621 ], [ 79.035269534592828, 9.885649888784116 ], [ 79.035634953979041, 9.883249572584807 ], [ 79.035761346939523, 9.882253322598812 ], [ 79.035776608417876, 9.882133034318613 ], [ 79.036780302373046, 9.879556598199001 ], [ 79.037099690287477, 9.878620931847495 ], [ 79.037268523255221, 9.878073991269723 ], [ 79.037218696401354, 9.876970957363968 ], [ 79.037930153123227, 9.875967593291589 ], [ 79.038149177660841, 9.875253403567916 ], [ 79.038235871373985, 9.874986715936057 ], [ 79.039097657565364, 9.874331473578305 ], [ 79.040009646106441, 9.873472819240162 ], [ 79.040798522334441, 9.872690978196967 ], [ 79.041309340337591, 9.87181412633459 ], [ 79.041418868326943, 9.871384701908418 ], [ 79.041405299274572, 9.871000449953904 ], [ 79.041327987566277, 9.87032686384668 ], [ 79.041232584686469, 9.86914244659101 ], [ 79.041091667764491, 9.867700346406588 ], [ 79.041069267374553, 9.866285399694634 ], [ 79.041097036994927, 9.864780056672616 ], [ 79.041220301123261, 9.864129127139494 ], [ 79.041507696437193, 9.863392352142274 ], [ 79.042205463732429, 9.862280479722928 ], [ 79.042980722399022, 9.861168626563558 ], [ 79.04515111231261, 9.859207270220349 ], [ 79.046145050563766, 9.858515880227124 ], [ 79.047312148967421, 9.85805508109196 ], [ 79.048579457135958, 9.857888140847981 ], [ 79.050042725597223, 9.857929189559126 ], [ 79.052426757343198, 9.858201003941199 ], [ 79.053885419243684, 9.858454501979176 ], [ 79.055303041610401, 9.858771272914337 ], [ 79.056447211414735, 9.858852906345708 ], [ 79.057311263157274, 9.858888477366312 ], [ 79.057440957426422, 9.858893815983985 ], [ 79.058812932800294, 9.858760162000591 ], [ 79.058922508400343, 9.85874948741596 ], [ 79.059888972576857, 9.8584784638361 ], [ 79.061097151836748, 9.857683103432805 ], [ 79.061585024172629, 9.857158819986671 ], [ 79.062068381575884, 9.856422066582326 ], [ 79.062893725811136, 9.855206205416822 ], [ 79.063655194439832, 9.854238959927711 ], [ 79.064138574300941, 9.853348504208618 ], [ 79.064945643210095, 9.852254688692673 ], [ 79.065852928172333, 9.851477332405825 ], [ 79.066805762211033, 9.850849160107007 ], [ 79.067781347880938, 9.85041085410505 ], [ 79.068542650321305, 9.850157848181095 ], [ 79.06947259618488, 9.849990763213608 ], [ 79.070170039188298, 9.849945689086036 ], [ 79.0707443761669, 9.850054289338706 ], [ 79.071459992088535, 9.850330177117577 ], [ 79.071924860366593, 9.850809443431704 ], [ 79.072430700804773, 9.851587074778417 ], [ 79.072895522370459, 9.852342094373453 ], [ 79.073237336725953, 9.852721884337868 ], [ 79.073766057254403, 9.853038419156562 ], [ 79.074294820901983, 9.853119882304433 ], [ 79.075521041027741, 9.853120093834956 ], [ 79.076874904568882, 9.853079638403822 ], [ 79.077827662250783, 9.852808560600746 ], [ 79.079012876978766, 9.852682176738657 ], [ 79.07986075455463, 9.852619024617452 ], [ 79.080663028256765, 9.852682438718199 ], [ 79.081465285789264, 9.85284982412999 ], [ 79.082285767443906, 9.853098580563245 ], [ 79.082673424624971, 9.853397681913501 ], [ 79.083024147573155, 9.853668284838477 ], [ 79.083976778592614, 9.854233498211086 ], [ 79.084888396129443, 9.854735413749204 ], [ 79.085604017440971, 9.855137847859359 ], [ 79.08598688839821, 9.855409137047301 ], [ 79.086515606231742, 9.85587030894888 ], [ 79.087190185314569, 9.856408350869573 ], [ 79.087928599579769, 9.856851468026052 ], [ 79.08848013462152, 9.857163461209804 ], [ 79.088904065773775, 9.857226805402622 ], [ 79.090107489352562, 9.857376141384425 ], [ 79.091315504220773, 9.857272320177076 ], [ 79.092646614334072, 9.857019331021537 ], [ 79.094656948718495, 9.856685044044964 ], [ 79.097151861316661, 9.856342414189958 ], [ 79.097255324779496, 9.856328204612533 ], [ 79.097943650781104, 9.856368962334399 ], [ 79.099648601088106, 9.855609679780933 ], [ 79.100163736394506, 9.855329454318268 ], [ 79.101002525714648, 9.855004053399199 ], [ 79.101558678096922, 9.854796159871235 ], [ 79.101804835349384, 9.854787141991316 ], [ 79.102087449829369, 9.854904703653526 ], [ 79.102511363015296, 9.855157893569618 ], [ 79.102684581558279, 9.855189553911861 ], [ 79.102906145633213, 9.855196133442522 ], [ 79.102989997975087, 9.855198623114241 ], [ 79.103245336009763, 9.854493434578604 ], [ 79.103828919347578, 9.85335882140212 ], [ 79.104289384084097, 9.852649129257172 ], [ 79.10486380370773, 9.851975611853184 ], [ 79.105383508743969, 9.851437705198149 ], [ 79.106213176570691, 9.850994756012934 ], [ 79.106655639967286, 9.850816842625502 ], [ 79.106550504739687, 9.850926974648866 ], [ 79.106504865831681, 9.851609579425855 ], [ 79.106482025267255, 9.852210814140522 ], [ 79.106313326148467, 9.852671900237047 ], [ 79.105994202338721, 9.853069685848318 ], [ 79.105483634067227, 9.853354441219386 ], [ 79.105798126163364, 9.85384268918396 ], [ 79.106436346833377, 9.853372600081254 ], [ 79.106860324698033, 9.852830164168076 ], [ 79.10722960324668, 9.852251558210099 ], [ 79.107448437341489, 9.851876367403579 ], [ 79.10758975670872, 9.85176336276484 ], [ 79.107954428696644, 9.85178599307994 ], [ 79.10930827876301, 9.851790613137053 ], [ 79.110402307303133, 9.851686715825812 ], [ 79.111049609042368, 9.851573743869626 ], [ 79.111614862256801, 9.851447203762307 ], [ 79.112057037294164, 9.851302573667073 ], [ 79.112563039429091, 9.851022328614292 ], [ 79.11303257086179, 9.850760163557812 ], [ 79.113597819584641, 9.850629100423003 ], [ 79.114122058418147, 9.850258442883181 ], [ 79.114482177744193, 9.850149969263112 ], [ 79.114933477868192, 9.849815470873123 ], [ 79.115334640321265, 9.849386037258785 ], [ 79.115457732871377, 9.84907412257167 ], [ 79.11693458296142, 9.850425851651528 ], [ 79.116355616065846, 9.851393227805064 ], [ 79.115279749664126, 9.852875923827352 ], [ 79.11452300797049, 9.853617258276268 ], [ 79.113547443860142, 9.854575565588151 ], [ 79.112599235246833, 9.855362089978863 ], [ 79.110962641343065, 9.856908023909538 ], [ 79.110183074356357, 9.857843731588661 ], [ 79.111308964342996, 9.858756964315976 ], [ 79.112266340263787, 9.857369207875864 ], [ 79.113811771335833, 9.855642438436872 ], [ 79.114974224551162, 9.854855921795199 ], [ 79.115854032743812, 9.854390348834844 ], [ 79.117039246573484, 9.85408300757015 ], [ 79.118064916015442, 9.853680725288926 ], [ 79.118817078996088, 9.853233220147889 ], [ 79.119313968620759, 9.852776661947276 ], [ 79.119952110239026, 9.853739572259672 ], [ 79.120831831295092, 9.855308247421068 ], [ 79.121460836148614, 9.857102941212617 ], [ 79.122135442180891, 9.858621878266083 ], [ 79.122463626398599, 9.859507922829106 ], [ 79.122536547141777, 9.859987106773254 ], [ 79.12220376444813, 9.860299015565516 ], [ 79.121032201417535, 9.860827883856997 ], [ 79.120184302282084, 9.861071963012311 ], [ 79.119140391650006, 9.861157812220124 ], [ 79.118123835616601, 9.861130644045911 ], [ 79.116327787156663, 9.860759870862202 ], [ 79.11405310373695, 9.860253443680959 ], [ 79.112954498280445, 9.860230776774966 ], [ 79.113145898724781, 9.861171069282884 ], [ 79.115279268167143, 9.861767905608888 ], [ 79.115835404379752, 9.861908073161509 ], [ 79.116345961871474, 9.861912619618387 ], [ 79.116660498883391, 9.861980443861585 ], [ 79.116655932746795, 9.862138662612962 ], [ 79.116778983076117, 9.862771551019675 ], [ 79.117006794035532, 9.865162949393818 ], [ 79.117093325153576, 9.866853648320445 ], [ 79.117084165032651, 9.867735160660374 ], [ 79.117111489088614, 9.86829571415592 ], [ 79.117325697758019, 9.869294772085556 ], [ 79.117462407869539, 9.870329990617508 ], [ 79.117407666332753, 9.871121089229852 ], [ 79.117311916703258, 9.871460127370421 ], [ 79.117111322001989, 9.871726832019469 ], [ 79.116308966553149, 9.87221953624403 ], [ 79.115383516757547, 9.87284332683028 ], [ 79.114809087252482, 9.873430972416335 ], [ 79.115018777396017, 9.873625368408856 ], [ 79.115625110568388, 9.87317786291656 ], [ 79.11598982837036, 9.872798153166384 ], [ 79.11660070971304, 9.872486264173288 ], [ 79.11711129505251, 9.872282863382191 ], [ 79.117453195646291, 9.872310002316215 ], [ 79.117548922817932, 9.872445625266716 ], [ 79.117567143346818, 9.87273946270604 ], [ 79.117690208947479, 9.873146321124125 ], [ 79.117904454447796, 9.873480853362443 ], [ 79.118191615301427, 9.874299090253835 ], [ 79.118396689901004, 9.875808972311747 ], [ 79.11853797513227, 9.876622681941734 ], [ 79.118633661879684, 9.87768502123037 ], [ 79.118601716889884, 9.878448997370148 ], [ 79.118091101905961, 9.879122540306113 ], [ 79.117726386798921, 9.879371154772727 ], [ 79.117215796967855, 9.879457021334842 ], [ 79.116718757324506, 9.879453690217117 ], [ 79.116565069952458, 9.879452659198982 ], [ 79.116536535865748, 9.879452467155284 ], [ 79.11624477384126, 9.879429851130391 ], [ 79.115825357621617, 9.879547364173433 ], [ 79.116208265409782, 9.880193824988527 ], [ 79.116896638123791, 9.880338517625246 ], [ 79.117033702171554, 9.880338524705174 ], [ 79.117357076809213, 9.880338539750012 ], [ 79.117744584869953, 9.880162256433774 ], [ 79.118209615743069, 9.879438984269935 ], [ 79.118651841984416, 9.878923658863529 ], [ 79.119039352740103, 9.878607234758951 ], [ 79.119331132730892, 9.878182313213031 ], [ 79.119481585269639, 9.877915605829788 ], [ 79.11972321141981, 9.87764438119568 ], [ 79.120083337034046, 9.878051246825393 ], [ 79.120612138410905, 9.878521406914937 ], [ 79.121309610160409, 9.879167874171012 ], [ 79.121578563061533, 9.879601859434585 ], [ 79.121628694444269, 9.880081041575865 ], [ 79.121583089672271, 9.880510495364613 ], [ 79.121177321556729, 9.88142363691774 ], [ 79.120794350886484, 9.882210203395843 ], [ 79.120388578279375, 9.883141425767063 ], [ 79.120097845724203, 9.884081566116457 ], [ 79.120092215083986, 9.884099776383163 ], [ 79.119795850990315, 9.885031002253324 ], [ 79.119412880320056, 9.885609619654174 ], [ 79.118893137554565, 9.886292204767077 ], [ 79.118715315145764, 9.886897954139016 ], [ 79.118797335822777, 9.887788510292991 ], [ 79.118806042294523, 9.888071632959885 ], [ 79.118808525237966, 9.888152382119655 ], [ 79.118833755321006, 9.888972901132412 ], [ 79.118788152345616, 9.889307422584656 ], [ 79.118582987914493, 9.889578647334128 ], [ 79.118158995676822, 9.889800136760563 ], [ 79.117438660904995, 9.89027476328423 ], [ 79.11706026355786, 9.890356116333638 ], [ 79.116677315345513, 9.890288288203521 ], [ 79.116148489714163, 9.890039630663329 ], [ 79.115587760415508, 9.889664394415105 ], [ 79.115168357670598, 9.889284644403535 ], [ 79.114744381602591, 9.88922133292799 ], [ 79.114384225445605, 9.889239395120374 ], [ 79.114028614763967, 9.889447320883512 ], [ 79.113508868405219, 9.889917431050689 ], [ 79.113280884070932, 9.890523173741466 ], [ 79.113103068848659, 9.890789877093637 ], [ 79.112834080014935, 9.890957121893155 ], [ 79.112455678176218, 9.891097236305603 ], [ 79.111958736449253, 9.891345837292898 ], [ 79.111621348991449, 9.891698420156711 ], [ 79.111375130653542, 9.892218269808744 ], [ 79.111265673631138, 9.892837580860062 ], [ 79.111703339125768, 9.892792402862826 ], [ 79.111954120006999, 9.892218306977048 ], [ 79.112337106846894, 9.891702985671181 ], [ 79.112537018828561, 9.891594448711675 ], [ 79.11272007212726, 9.891495063105173 ], [ 79.112742150022001, 9.89148926218132 ], [ 79.113074879715043, 9.891401832378921 ], [ 79.113098473067652, 9.891395633220565 ], [ 79.113372028936297, 9.891101813332929 ], [ 79.113841640319066, 9.890441836662793 ], [ 79.11429300063017, 9.890025970334035 ], [ 79.114648606820239, 9.889867770298848 ], [ 79.115118170592311, 9.889989849574592 ], [ 79.115760966382069, 9.890306324673283 ], [ 79.116453898046117, 9.890853349330317 ], [ 79.117142286929848, 9.891124617052009 ], [ 79.117548035282425, 9.891124637406135 ], [ 79.118044971619483, 9.890921233096465 ], [ 79.118446171801793, 9.890654536930654 ], [ 79.118824582623645, 9.890243182422918 ], [ 79.119321526147246, 9.889809228018663 ], [ 79.119420641764108, 9.889724234081914 ], [ 79.12033364629977, 9.888941318376062 ], [ 79.120784994034494, 9.888548046078531 ], [ 79.121117809067471, 9.888199974069563 ], [ 79.121414156093167, 9.88772080375912 ], [ 79.121819927801951, 9.886870950039455 ], [ 79.122088925618854, 9.88622903785123 ], [ 79.122316885698595, 9.885749864667879 ], [ 79.122722642136011, 9.885275218335844 ], [ 79.123438407178014, 9.884533864876804 ], [ 79.123734744322249, 9.884181269017869 ], [ 79.124035646704769, 9.883561959355918 ], [ 79.12431372289592, 9.88406827015204 ], [ 79.124705773737034, 9.884561023154873 ], [ 79.12496105697447, 9.885071853770297 ], [ 79.12480147306087, 9.886012130196491 ], [ 79.125011143441441, 9.887544609357704 ], [ 79.125220836279894, 9.88822722142679 ], [ 79.125503466031233, 9.889203670740102 ], [ 79.125698059986405, 9.890119197025816 ], [ 79.125699479324552, 9.890125871434687 ], [ 79.125941090203355, 9.890776839809915 ], [ 79.126355941184727, 9.891405207623713 ], [ 79.128097427770911, 9.893801141256525 ], [ 79.128977302438884, 9.894868008208739 ], [ 79.129848061901669, 9.895835420146238 ], [ 79.12981614475963, 9.896314600746221 ], [ 79.129788783872698, 9.896875152435861 ], [ 79.12958361764494, 9.89770693359657 ], [ 79.129355657565213, 9.898394058114325 ], [ 79.128945334092876, 9.899054055974144 ], [ 79.128676338970934, 9.899695974076929 ], [ 79.128466608403258, 9.900654331274399 ], [ 79.128329824629873, 9.901355016563919 ], [ 79.128106420805224, 9.901897482223896 ], [ 79.127832864936607, 9.902417344048612 ], [ 79.127454452318105, 9.9027880233741 ], [ 79.127383563564109, 9.902846819970764 ], [ 79.126980296358312, 9.903181304283567 ], [ 79.126597324789756, 9.903407325994749 ], [ 79.126041107728796, 9.903551972127024 ], [ 79.125503127366358, 9.903705660397868 ], [ 79.125744759804761, 9.903755391621324 ], [ 79.126237145276619, 9.903800607931954 ], [ 79.126861748385224, 9.903723771349631 ], [ 79.127582098428391, 9.903307891752592 ], [ 79.128124643130775, 9.90276995219258 ], [ 79.128201093354718, 9.902611635290635 ], [ 79.128256415203168, 9.902497072009737 ], [ 79.128484825338887, 9.902024064878464 ], [ 79.128803975199787, 9.901110913317225 ], [ 79.129237106897151, 9.899619131224103 ], [ 79.129597282817073, 9.89885063887596 ], [ 79.130112463039268, 9.898272011165012 ], [ 79.130814562010812, 9.897860644957719 ], [ 79.131457392834861, 9.897069548726719 ], [ 79.132355521269389, 9.897896817063387 ], [ 79.134101643162481, 9.899375044385433 ], [ 79.134648733340185, 9.899736686604895 ], [ 79.134589466989311, 9.900292718383836 ], [ 79.13450740498979, 9.90070861065068 ], [ 79.134293129845076, 9.901187791218273 ], [ 79.134087971702172, 9.90182971311312 ], [ 79.133905608309604, 9.902471633752562 ], [ 79.133714127016887, 9.902977938414221 ], [ 79.133622944422314, 9.903375748166184 ], [ 79.133436020283014, 9.90372835262562 ], [ 79.133695891216618, 9.903646981650592 ], [ 79.134101652145617, 9.903099991578312 ], [ 79.134534765876737, 9.902164232974869 ], [ 79.134849342414498, 9.901445461344515 ], [ 79.13495419826603, 9.900939156973724 ], [ 79.135103534198834, 9.900369278783815 ], [ 79.135104645414856, 9.900369564618698 ], [ 79.136052942063088, 9.90124202802946 ], [ 79.138118238071527, 9.902864887608333 ], [ 79.139372020306837, 9.904098983569121 ], [ 79.139677488825939, 9.904424458050604 ], [ 79.139522481828749, 9.904632406941657 ], [ 79.139467775326239, 9.90474542174163 ], [ 79.139444983270849, 9.904962409942186 ], [ 79.13921703397088, 9.905423512378606 ], [ 79.138961727377236, 9.905803244611628 ], [ 79.138742888790887, 9.905916261663053 ], [ 79.138542286903089, 9.905979553106269 ], [ 79.138172994879682, 9.906024764685798 ], [ 79.137904004249307, 9.906024768225514 ], [ 79.137858413850353, 9.906110659678866 ], [ 79.137894889942459, 9.906273400386826 ], [ 79.137981517180251, 9.906512987580237 ], [ 79.138113738410269, 9.906815864110737 ], [ 79.138090946354879, 9.907087099176007 ], [ 79.137899465062176, 9.907448747940643 ], [ 79.137694307817597, 9.907864642642137 ], [ 79.137493707726449, 9.908221770395617 ], [ 79.137388850976592, 9.908569854807336 ], [ 79.137220165332565, 9.908954105312038 ], [ 79.136832636610549, 9.90939260410417 ], [ 79.136682185868452, 9.909636716233146 ], [ 79.137192815225404, 9.909369997219912 ], [ 79.13752107400326, 9.909125882237698 ], [ 79.137945076122435, 9.908822998990946 ], [ 79.138460260836183, 9.908402578273781 ], [ 79.138989117010269, 9.907796813704465 ], [ 79.139253544198965, 9.907471328409772 ], [ 79.139454141595152, 9.907118720893402 ], [ 79.139463252308786, 9.90671187002042 ], [ 79.139458680782298, 9.906024742562751 ], [ 79.13957264734745, 9.905360217288402 ], [ 79.139905450702344, 9.904677606317856 ], [ 79.140940407826008, 9.905956904395413 ], [ 79.141460166761192, 9.906517442273559 ], [ 79.142837074784296, 9.907810288346605 ], [ 79.144218546249022, 9.908949429423174 ], [ 79.145157762726342, 9.909469260606311 ], [ 79.146014926187306, 9.910296493260795 ], [ 79.14701344404979, 9.911435637205715 ], [ 79.146995221724239, 9.91179728206019 ], [ 79.146812868213132, 9.912172497433492 ], [ 79.146092534339644, 9.912877733076426 ], [ 79.145463383060729, 9.913601048407008 ], [ 79.144788635992938, 9.9143424441903 ], [ 79.144091094174826, 9.915174250975198 ], [ 79.14271423016919, 9.91666155909529 ], [ 79.142355566113892, 9.917045087777877 ], [ 79.142016675774641, 9.917407470637892 ], [ 79.141209695798722, 9.918275440387175 ], [ 79.140398155076113, 9.919251900288581 ], [ 79.13979177429303, 9.91987122933301 ], [ 79.138870800802493, 9.920861248842096 ], [ 79.139438381551813, 9.921268895360742 ], [ 79.139449849444773, 9.921277130951557 ], [ 79.14041641423259, 9.920228339582167 ], [ 79.140863220983562, 9.919771754069329 ], [ 79.141428564927807, 9.919129820395401 ], [ 79.141902723582533, 9.918655149772249 ], [ 79.142527350945684, 9.918514994918439 ], [ 79.143243167191628, 9.918514974565969 ], [ 79.143708225912519, 9.918704823865424 ], [ 79.143977239899115, 9.919102625157544 ], [ 79.144109477298812, 9.919604403612089 ], [ 79.144109495265113, 9.920160432678157 ], [ 79.144013771686744, 9.920847560594845 ], [ 79.143986433257695, 9.921390030288734 ], [ 79.144319286918247, 9.921955090059086 ], [ 79.144697731876093, 9.922411653946275 ], [ 79.144916599208543, 9.922890825804901 ], [ 79.145053395558335, 9.923293151693553 ], [ 79.145003257887367, 9.923749729643195 ], [ 79.145016296933704, 9.923928046883212 ], [ 79.14502606611245, 9.924061646930415 ], [ 79.145112701435053, 9.924228904853349 ], [ 79.1452722808571, 9.924228900428968 ], [ 79.145472882744869, 9.923916973567451 ], [ 79.145454612808606, 9.923039985060608 ], [ 79.145344736272946, 9.922661823984475 ], [ 79.145327406872823, 9.922602183228271 ], [ 79.145212934556156, 9.922208210632039 ], [ 79.145039651334486, 9.921462323292237 ], [ 79.1448207714256, 9.920626026644296 ], [ 79.144642933745445, 9.9199569897355 ], [ 79.144647470237615, 9.919333152355977 ], [ 79.144647457661193, 9.918962465185814 ], [ 79.144916450986514, 9.918713824949062 ], [ 79.145258397394358, 9.918591758128725 ], [ 79.145860227312227, 9.918532968779415 ], [ 79.146799450077765, 9.918514848911782 ], [ 79.147870900361539, 9.918623298211639 ], [ 79.148586721997361, 9.918754362563162 ], [ 79.149279751577794, 9.918944193141249 ], [ 79.149794967732618, 9.919156635129559 ], [ 79.150506251079619, 9.919635778123887 ], [ 79.150994133296962, 9.920200824107361 ], [ 79.151418184823427, 9.920770391751907 ], [ 79.15168263806332, 9.920955719766066 ], [ 79.151883271392123, 9.921308313283937 ], [ 79.151924319909028, 9.92156146355771 ], [ 79.151942572777287, 9.921672023173434 ], [ 79.15196536842592, 9.921810091899571 ], [ 79.152170570586293, 9.922329944275406 ], [ 79.152374993907273, 9.922625119259241 ], [ 79.152590070349248, 9.922935675792042 ], [ 79.153077956159834, 9.923441949736794 ], [ 79.153383450730104, 9.923677000901272 ], [ 79.153197856097435, 9.924308608927886 ], [ 79.152749819552852, 9.925833347129636 ], [ 79.152617672882997, 9.927121713913838 ], [ 79.152813794872444, 9.928233762387892 ], [ 79.153078279553327, 9.928803337297346 ], [ 79.153634583750915, 9.929580838967349 ], [ 79.15468288894138, 9.930863624376236 ], [ 79.154801907631679, 9.9310092627007 ], [ 79.155198618932531, 9.931520060804736 ], [ 79.156639515749944, 9.932772158199567 ], [ 79.157118309711521, 9.933350756861021 ], [ 79.157142652259097, 9.933378972030731 ], [ 79.158572933684809, 9.935036817583077 ], [ 79.159010688112645, 9.935497882116344 ], [ 79.160260099145788, 9.936560114833917 ], [ 79.161483502154809, 9.937405103234379 ], [ 79.161490914154228, 9.937410222020699 ], [ 79.161673654839205, 9.937536437905022 ], [ 79.162968644593235, 9.938227970333957 ], [ 79.163529511334119, 9.938598605602314 ], [ 79.164213527219033, 9.939385119901164 ], [ 79.16562256977646, 9.94057389359342 ], [ 79.16686294465616, 9.942056514414942 ], [ 79.167797772863295, 9.942983132091305 ], [ 79.168928647601433, 9.943670137758563 ], [ 79.169621800251079, 9.94439335230958 ], [ 79.171090245703283, 9.946327987031722 ], [ 79.17147792803722, 9.947241094802855 ], [ 79.172047998916526, 9.948118018424692 ], [ 79.172526838692178, 9.948669468816007 ], [ 79.1730485325985, 9.949157827195739 ], [ 79.173101432588936, 9.94920734712538 ], [ 79.173511857570915, 9.949587024149608 ], [ 79.174168577247556, 9.950486534901772 ], [ 79.17451518591173, 9.951010877189109 ], [ 79.174802487800861, 9.951286595192617 ], [ 79.175751061130157, 9.952335245388305 ], [ 79.176558265684903, 9.953239251291656 ], [ 79.179061803008111, 9.955831354634373 ], [ 79.179121062172442, 9.955892710241734 ], [ 79.179928468848132, 9.956728663648413 ], [ 79.180398206893358, 9.957234899423163 ], [ 79.181105090292121, 9.957935483946043 ], [ 79.181702451091411, 9.958043890975068 ], [ 79.182099247732197, 9.958631504153207 ], [ 79.182874554907841, 9.959454131096326 ], [ 79.183581458069526, 9.960217997999877 ], [ 79.184657733204702, 9.961081258597559 ], [ 79.184851984901755, 9.96123674955961 ], [ 79.184894880354889, 9.961271085835733 ], [ 79.186231143204623, 9.962527590388881 ], [ 79.187015593433216, 9.963377327398867 ], [ 79.187622140404642, 9.963811201993819 ], [ 79.188953878440287, 9.965153585098818 ], [ 79.189195624066429, 9.965546832624256 ], [ 79.189277605217555, 9.965625800232576 ], [ 79.190171624757966, 9.966486941675884 ], [ 79.191904677960295, 9.96789253218013 ], [ 79.192502110624829, 9.968276673167457 ], [ 79.194134785179003, 9.969270899018301 ], [ 79.194682079274273, 9.969745456315364 ], [ 79.196784605959692, 9.971521636852819 ], [ 79.197345623617551, 9.97217700860649 ], [ 79.19799784902284, 9.972854964728025 ], [ 79.198463064948925, 9.973288847058123 ], [ 79.198905584041029, 9.974233552996591 ], [ 79.199827169284291, 9.976412272995164 ], [ 79.200529755142739, 9.977989802954262 ], [ 79.200593660393722, 9.978297187298169 ], [ 79.200849090954861, 9.978595491408427 ], [ 79.201378262437586, 9.979508533625363 ], [ 79.201697582080072, 9.980028330437099 ], [ 79.202637179443073, 9.98095484734055 ], [ 79.203357824133661, 9.981578531636224 ], [ 79.204101289625754, 9.982274537629882 ], [ 79.204534653986812, 9.982929924020134 ], [ 79.204735377147145, 9.983264400702698 ], [ 79.2050365705838, 9.984258855067871 ], [ 79.205264694156938, 9.984765107357793 ], [ 79.205784710908617, 9.985424992778986 ], [ 79.206569277019867, 9.986324409961547 ], [ 79.206774541163995, 9.986550390982215 ], [ 79.207659409566602, 9.987314166053368 ], [ 79.208854461745275, 9.98842142934831 ], [ 79.209771385630489, 9.989709572955409 ], [ 79.210369053653665, 9.990835050114965 ], [ 79.210606354415731, 9.991517596969359 ], [ 79.210921107921621, 9.99189724859453 ], [ 79.211733069055796, 9.99280568673403 ], [ 79.212015896436483, 9.993153701352778 ], [ 79.213835722403672, 9.994116140628815 ], [ 79.214355687951354, 9.994446013421125 ], [ 79.215062747419907, 9.995236934076818 ], [ 79.216212343048582, 9.996710345412954 ], [ 79.216435945400903, 9.997266314771435 ], [ 79.216112294082123, 9.997817902274313 ], [ 79.215419259111783, 9.998419304734233 ], [ 79.215091024588446, 9.998894041585173 ], [ 79.214908848943764, 9.999861481703453 ], [ 79.214880588843243, 10.000029811023303 ], [ 79.214876973124234, 10.000051351798264 ], [ 79.215159731334609, 10.000087446239075 ], [ 79.215574473619839, 9.999056661743303 ], [ 79.215829729009513, 9.998541256768554 ], [ 79.216126035611012, 9.998052965325135 ], [ 79.216581950380643, 9.997546550590762 ], [ 79.217608395068694, 9.998888891915996 ], [ 79.218799076045187, 10.00042556956558 ], [ 79.219782256970831, 10.0014845236085 ], [ 79.219796356029207, 10.001496494879017 ], [ 79.222519666186642, 10.004230788918965 ], [ 79.222661055622481, 10.004364916946235 ], [ 79.224344332276601, 10.005961716162339 ], [ 79.22597290961474, 10.007692681065937 ], [ 79.227747458694992, 10.009468803914478 ], [ 79.229376099813521, 10.01129920015028 ], [ 79.229642931792256, 10.011556691362026 ], [ 79.229658236389739, 10.011571460365969 ], [ 79.230607805950726, 10.012487774234067 ], [ 79.231346893054095, 10.013423328899847 ], [ 79.23272018535819, 10.0152989806564 ], [ 79.233760392236377, 10.016582525577777 ], [ 79.234887708747664, 10.017573387266127 ], [ 79.234917183370456, 10.017599294245553 ], [ 79.235338813937261, 10.017969885194546 ], [ 79.236077887565912, 10.018760767132532 ], [ 79.237327833994939, 10.019741360643446 ], [ 79.237852447425922, 10.020148054624258 ], [ 79.239873642442134, 10.022665393224994 ], [ 79.240165742233202, 10.023356948328319 ], [ 79.240763365340598, 10.023849504414462 ], [ 79.241850755330745, 10.024855684631925 ], [ 79.24186132580671, 10.024865465655125 ], [ 79.242633858086393, 10.025580293380525 ], [ 79.244408561676892, 10.027216165948312 ], [ 79.245644809696159, 10.027957137018397 ], [ 79.247378415362391, 10.029344376305877 ], [ 79.249236390084761, 10.030573930736823 ], [ 79.249549604776533, 10.030781208277716 ], [ 79.252568317830324, 10.032371504047141 ], [ 79.255185746260224, 10.03366354406023 ], [ 79.257310746099108, 10.034806546105241 ], [ 79.259732131591221, 10.036003678898476 ], [ 79.261661057949681, 10.036993017246294 ], [ 79.265714946417745, 10.038835973640442 ], [ 79.266111757431588, 10.039233636168422 ], [ 79.263823405246512, 10.040351009715119 ], [ 79.260646092832658, 10.041807712109305 ], [ 79.259639316757756, 10.04265740894844 ], [ 79.259547629309978, 10.042734790386675 ], [ 79.257359574924664, 10.043956062357909 ], [ 79.255714057156894, 10.04513645933333 ], [ 79.255682148099694, 10.045154551810038 ], [ 79.255645651346327, 10.045091275902573 ], [ 79.255572684789044, 10.045046096003709 ], [ 79.255572682094126, 10.045041575094471 ], [ 79.255362908407292, 10.044919589245827 ], [ 79.25493883082963, 10.044761508580471 ], [ 79.254368873138063, 10.04465772127622 ], [ 79.2536895248994, 10.044653418844423 ], [ 79.252937260409112, 10.044748590674507 ], [ 79.252225995926707, 10.04474429620482 ], [ 79.251701654685277, 10.044708296959181 ], [ 79.251459963856405, 10.044577277998894 ], [ 79.251300320653982, 10.044382944904054 ], [ 79.251286597989704, 10.044251855048236 ], [ 79.251400530418877, 10.044093599800693 ], [ 79.251756046777402, 10.043758969098649 ], [ 79.251728608635347, 10.043514869012879 ], [ 79.251646448719484, 10.043243664366917 ], [ 79.251295229002935, 10.04280076198223 ], [ 79.250985074871323, 10.042448257569291 ], [ 79.250579178296704, 10.042104822978763 ], [ 79.250529030744303, 10.042118400866796 ], [ 79.250478943379008, 10.042312799009716 ], [ 79.250757197436585, 10.042715040125492 ], [ 79.251094806778241, 10.04336589056051 ], [ 79.251062967789608, 10.043591927385714 ], [ 79.250930741169682, 10.043578407055186 ], [ 79.2504747922641, 10.043537863751265 ], [ 79.249904866013551, 10.043519957824 ], [ 79.249562951046698, 10.0436330765988 ], [ 79.249581061981146, 10.043703011673548 ], [ 79.249608604327761, 10.043809363589723 ], [ 79.249772772344258, 10.043904244651845 ], [ 79.250014425443922, 10.043922252280845 ], [ 79.25097643667155, 10.043881267630471 ], [ 79.25089449324966, 10.044251977115762 ], [ 79.251022254344321, 10.044545771345405 ], [ 79.251327835152821, 10.044853071433289 ], [ 79.251783835262401, 10.045033748640629 ], [ 79.252435847766989, 10.045096830844018 ], [ 79.25305134375526, 10.045037867082009 ], [ 79.253835547845441, 10.045010493952356 ], [ 79.254519472102189, 10.045059999280832 ], [ 79.254902529908989, 10.045258777688888 ], [ 79.255089524116869, 10.045430496893752 ], [ 79.254651970013342, 10.045855567719617 ], [ 79.253485015340132, 10.04657922812285 ], [ 79.252422927298241, 10.047320933266267 ], [ 79.250704549872722, 10.048872015074 ], [ 79.24953314135233, 10.049970868619541 ], [ 79.248302383836062, 10.051444957300454 ], [ 79.247399732384082, 10.052918956113906 ], [ 79.246902971218475, 10.054207475053987 ], [ 79.246378883301944, 10.055631617911496 ], [ 79.245777071350403, 10.056513324349622 ], [ 79.245585617905476, 10.056893112138624 ], [ 79.245070260715167, 10.057132872437466 ], [ 79.24449556171551, 10.057232513568726 ], [ 79.244960588995411, 10.056513595010779 ], [ 79.245480349727217, 10.055790138172892 ], [ 79.245566912286321, 10.055469149975577 ], [ 79.245457316923321, 10.055089462232219 ], [ 79.245242890861618, 10.054953917863175 ], [ 79.24510604240956, 10.05492684011759 ], [ 79.24478218807154, 10.054926946259721 ], [ 79.244130088430396, 10.055460585202937 ], [ 79.243906633401764, 10.055618877343095 ], [ 79.243391311245801, 10.055967127031524 ], [ 79.243040189445651, 10.056288199647502 ], [ 79.243063081214004, 10.05655942430886 ], [ 79.24352388012386, 10.05688023186698 ], [ 79.243660747440529, 10.056961556595139 ], [ 79.243441853158629, 10.057124366971241 ], [ 79.24275772318768, 10.057359659432162 ], [ 79.241320907416608, 10.05740532939822 ], [ 79.239423507433074, 10.057826342266425 ], [ 79.239286658082676, 10.057799261223508 ], [ 79.239501232366408, 10.058418508765829 ], [ 79.240746408741273, 10.058160441853266 ], [ 79.241562853367029, 10.058029084271203 ], [ 79.242862974297935, 10.058435513438384 ], [ 79.243734207172892, 10.058466871025217 ], [ 79.24449135400674, 10.058335525950865 ], [ 79.245257519027732, 10.057883218906039 ], [ 79.245143650378935, 10.058394076875301 ], [ 79.24478360381643, 10.059334467164144 ], [ 79.244647004197688, 10.060089442433723 ], [ 79.244638262691666, 10.061273824425465 ], [ 79.244579231699404, 10.062101102017841 ], [ 79.244387842034882, 10.062693354435769 ], [ 79.24414161112054, 10.062964668359369 ], [ 79.243434663941386, 10.063204489603514 ], [ 79.242513242191521, 10.06317314839762 ], [ 79.24121321917697, 10.063137405055009 ], [ 79.240127592579697, 10.063133232890054 ], [ 79.238471602252346, 10.062518964377478 ], [ 79.23821226761298, 10.064720548919539 ], [ 79.238381087106006, 10.064869673197833 ], [ 79.239247810438201, 10.06500953679404 ], [ 79.240173748019004, 10.06487814661843 ], [ 79.241012976615309, 10.064615686292699 ], [ 79.242016499890553, 10.064619881435267 ], [ 79.242828425092142, 10.064569889979577 ], [ 79.244055350395385, 10.064230445844768 ], [ 79.244899160399655, 10.06404482444109 ], [ 79.245629030788194, 10.064157592848597 ], [ 79.246655547341462, 10.064726833228619 ], [ 79.24784639809954, 10.065648614010218 ], [ 79.248708672076134, 10.066109410984971 ], [ 79.249360865142094, 10.066488928333433 ], [ 79.250117975145002, 10.067080877283381 ], [ 79.250273125872695, 10.067437948833405 ], [ 79.250492038120896, 10.067573495038342 ], [ 79.250250459581437, 10.067826721614336 ], [ 79.249589739706821, 10.069110759561713 ], [ 79.248285891665788, 10.070390494732596 ], [ 79.248067098893486, 10.070874266230598 ], [ 79.247683999764149, 10.07108686369109 ], [ 79.247414904929229, 10.071195448732375 ], [ 79.247090997590604, 10.071087067120004 ], [ 79.246333583058785, 10.070490615580036 ], [ 79.246119116572913, 10.070269183581672 ], [ 79.245407656257797, 10.070698874060479 ], [ 79.244431655566203, 10.071228104370912 ], [ 79.242858070394817, 10.071703282852454 ], [ 79.241991406351431, 10.07180753996645 ], [ 79.241448612815717, 10.071911690025697 ], [ 79.240581778990716, 10.071477999808456 ], [ 79.239988590865906, 10.070886001434342 ], [ 79.239723834893795, 10.070289375280881 ], [ 79.239450093972209, 10.070131243347438 ], [ 79.2392358502685, 10.070615009042863 ], [ 79.238309903704575, 10.070769002283011 ], [ 79.238469722078449, 10.071306895891883 ], [ 79.238519981920277, 10.071578112358134 ], [ 79.238520031327624, 10.071736331145082 ], [ 79.238410603051307, 10.071899104882251 ], [ 79.238032008074811, 10.071948950149226 ], [ 79.23792258069679, 10.07211172466357 ], [ 79.238023213568169, 10.07302484220903 ], [ 79.237590059412895, 10.073666894815691 ], [ 79.237097504159465, 10.073988008201814 ], [ 79.236937637276569, 10.073287375296895 ], [ 79.236837135559199, 10.072803708247315 ], [ 79.236348931744999, 10.072424134644661 ], [ 79.235810583971656, 10.072148547835434 ], [ 79.235267628739209, 10.071719264375657 ], [ 79.234998384783921, 10.071339621392498 ], [ 79.234619680212958, 10.071018777787728 ], [ 79.234345915036883, 10.070774751367257 ], [ 79.234113222632203, 10.07059400099361 ], [ 79.234158937896993, 10.070933027154593 ], [ 79.234263956343597, 10.07128107812297 ], [ 79.234615277569759, 10.071556724048481 ], [ 79.234774979162665, 10.071714894199978 ], [ 79.234884607763277, 10.07222568340276 ], [ 79.235368231966177, 10.072555534130228 ], [ 79.235856392661248, 10.072794972347577 ], [ 79.236262423983149, 10.072962105980245 ], [ 79.236531605056342, 10.073120240948333 ], [ 79.236691326412185, 10.073337177010423 ], [ 79.236609338074501, 10.073739531624 ], [ 79.236499942137542, 10.074010798228237 ], [ 79.236308476116193, 10.07441318561108 ], [ 79.235761275445711, 10.075050752996502 ], [ 79.235154997070566, 10.076452307684431 ], [ 79.23458501422617, 10.077198372688045 ], [ 79.234174575769458, 10.077569183673752 ], [ 79.233736729713456, 10.0778134269513 ], [ 79.2334128735788, 10.077885854094188 ], [ 79.232929269138879, 10.077646411696788 ], [ 79.23252318840963, 10.077321053909168 ], [ 79.232203770850802, 10.076968547371125 ], [ 79.231957419562221, 10.076891772028054 ], [ 79.231898209805209, 10.077208228190841 ], [ 79.232226789281626, 10.077696348943242 ], [ 79.232436718377002, 10.078017245163013 ], [ 79.23246422928257, 10.078500935348353 ], [ 79.23232288655916, 10.078740566383892 ], [ 79.232295587655955, 10.078984684066194 ], [ 79.23240512283185, 10.079174513937879 ], [ 79.232678775718512, 10.079011691690587 ], [ 79.233084678581335, 10.078722253791325 ], [ 79.233244329868583, 10.078695081634459 ], [ 79.233030103232863, 10.079282819422632 ], [ 79.232674543755223, 10.08014182996715 ], [ 79.232364668999651, 10.081240416101334 ], [ 79.23203637428918, 10.081751337031228 ], [ 79.231685185115367, 10.081963907862068 ], [ 79.231466206391815, 10.081909726830292 ], [ 79.231174109295708, 10.081394472369288 ], [ 79.231014227141429, 10.080616984699464 ], [ 79.231018594750353, 10.079943422391096 ], [ 79.230804050111047, 10.079432663102946 ], [ 79.230452746851199, 10.079242904139397 ], [ 79.229886953749315, 10.078727727669017 ], [ 79.229727206342332, 10.078406815351888 ], [ 79.229786233741308, 10.07743940036373 ], [ 79.229571633406479, 10.07671617528276 ], [ 79.22938449187491, 10.076309379975163 ], [ 79.228846120745345, 10.075956933358807 ], [ 79.228335047620632, 10.075337764574792 ], [ 79.227769096415244, 10.074203266734393 ], [ 79.227573317582227, 10.073906877923466 ], [ 79.227539008226557, 10.073854935890054 ], [ 79.227449651008641, 10.073719659433111 ], [ 79.22731275943741, 10.073556958256521 ], [ 79.227203265584066, 10.073502742202093 ], [ 79.227148549200137, 10.073584127308541 ], [ 79.227121223347496, 10.073742354840642 ], [ 79.227353400119213, 10.074155137678352 ], [ 79.227367733637848, 10.074180621773834 ], [ 79.227500020444936, 10.074415809817298 ], [ 79.228084247874804, 10.075658795811171 ], [ 79.228275932186747, 10.076006823106107 ], [ 79.228814302417973, 10.076359271436832 ], [ 79.229165615559282, 10.076603278596107 ], [ 79.229243381815124, 10.07738079098281 ], [ 79.228992679985623, 10.078054426749054 ], [ 79.228992739274432, 10.078266892114748 ], [ 79.229207265049112, 10.078723406233189 ], [ 79.229558671615209, 10.079288372006943 ], [ 79.229855266575953, 10.079591162828937 ], [ 79.230069741146664, 10.079857812105329 ], [ 79.230010584390271, 10.080368651204527 ], [ 79.229928641866678, 10.080960867431662 ], [ 79.230033698042533, 10.081444536395146 ], [ 79.230275566737816, 10.081792546830217 ], [ 79.230407973020803, 10.082199357328985 ], [ 79.230435436315702, 10.082524827823057 ], [ 79.230298706441218, 10.082949800280179 ], [ 79.230052463848821, 10.083270831010823 ], [ 79.229973557630885, 10.08331943807238 ], [ 79.229450421030222, 10.083641694267484 ], [ 79.228474246963799, 10.083773075029798 ], [ 79.227580152863212, 10.083795936888412 ], [ 79.226822829061234, 10.083520399600141 ], [ 79.226097330773158, 10.082847044128588 ], [ 79.22544938943345, 10.082196266200153 ], [ 79.224883615196163, 10.081739848098495 ], [ 79.224285966037669, 10.081495904085319 ], [ 79.223446532625445, 10.081193258333029 ], [ 79.223232139801453, 10.081220440008201 ], [ 79.223583484383781, 10.081572948087464 ], [ 79.224308889247055, 10.081925351416739 ], [ 79.224797063416858, 10.082191928006401 ], [ 79.225527114366784, 10.082842683832563 ], [ 79.226170522807564, 10.083597434273821 ], [ 79.226175294658375, 10.083600712890336 ], [ 79.226276012869718, 10.083669902569945 ], [ 79.226959851786461, 10.084139677371319 ], [ 79.227498213932904, 10.084415276040543 ], [ 79.227986342288602, 10.084491984143062 ], [ 79.228433359245344, 10.084374320410479 ], [ 79.2293137441564, 10.08426104875158 ], [ 79.229888479088643, 10.084102660992778 ], [ 79.230207908325568, 10.0844777721268 ], [ 79.23039953963692, 10.084613332395232 ], [ 79.230750672216885, 10.084188295799516 ], [ 79.231106246965879, 10.083351889061712 ], [ 79.231220214429371, 10.083089663111119 ], [ 79.231247537587052, 10.082926915366031 ], [ 79.23138435998797, 10.082822902415876 ], [ 79.231439146440508, 10.082981104186755 ], [ 79.231379951954878, 10.08335632806598 ], [ 79.231161166369091, 10.083971186614425 ], [ 79.230504645220108, 10.085259738987149 ], [ 79.230067038115962, 10.086385485373103 ], [ 79.229351158987981, 10.087511312729657 ], [ 79.228886236810993, 10.088854052923812 ], [ 79.228635655355745, 10.089979743409405 ], [ 79.228549267069809, 10.090996893194015 ], [ 79.228030717266989, 10.09314764619651 ], [ 79.228005750390338, 10.093251200339539 ], [ 79.227993373402313, 10.093302535192176 ], [ 79.227578612252486, 10.094618136137408 ], [ 79.226890230555313, 10.096281898940267 ], [ 79.226671453952704, 10.096982647218866 ], [ 79.226179145736012, 10.098347995589528 ], [ 79.225978681290457, 10.099288327697108 ], [ 79.225896797157375, 10.100120133095869 ], [ 79.225892481650718, 10.101010682052642 ], [ 79.225970140108728, 10.101385866344764 ], [ 79.226376366365031, 10.102136160211771 ], [ 79.22753097189802, 10.10362308337905 ], [ 79.228557696860435, 10.104567572576151 ], [ 79.228740255187446, 10.104834230349102 ], [ 79.228877179097978, 10.105051176000197 ], [ 79.228877217725525, 10.105186792162591 ], [ 79.228932014059552, 10.105367597409867 ], [ 79.22860807797484, 10.105259201650449 ], [ 79.22847112531818, 10.104938283942738 ], [ 79.228361581159191, 10.104748453344055 ], [ 79.228201893939342, 10.1046897330805 ], [ 79.228119884042115, 10.105064962605363 ], [ 79.228247732273317, 10.105449170795076 ], [ 79.228384684929992, 10.105770089761549 ], [ 79.227654733693029, 10.10568441470974 ], [ 79.227057127653666, 10.105761441425228 ], [ 79.225647444597413, 10.105725686888542 ], [ 79.225077159919067, 10.105617357578266 ], [ 79.224511407241337, 10.105400534353604 ], [ 79.22405061731466, 10.105314774302872 ], [ 79.223129084173721, 10.105310515130535 ], [ 79.222609068320352, 10.105518606057004 ], [ 79.222388380102814, 10.105876842174251 ], [ 79.222093781198666, 10.106355051583593 ], [ 79.221925200657495, 10.10715975826974 ], [ 79.221784119343809, 10.108443634093469 ], [ 79.22094035515363, 10.109275651048771 ], [ 79.220860554213672, 10.109341583384614 ], [ 79.220420389605934, 10.109705246142068 ], [ 79.220178582894391, 10.109646546240146 ], [ 79.220042438721478, 10.109532180670838 ], [ 79.219667515159571, 10.109217232297691 ], [ 79.219421133328282, 10.109104285103804 ], [ 79.21909723137955, 10.1091314962589 ], [ 79.219083114354859, 10.109201532980588 ], [ 79.219069893848811, 10.10926712042782 ], [ 79.219608368284653, 10.109832044084197 ], [ 79.219693665117504, 10.109893107865361 ], [ 79.219987095313485, 10.110103175037063 ], [ 79.219845872964285, 10.110880748885632 ], [ 79.219595239406772, 10.11195670981984 ], [ 79.219567978232817, 10.112386169558807 ], [ 79.219481359978204, 10.112625783322127 ], [ 79.219102694933099, 10.112598762600248 ], [ 79.219239629623445, 10.112865437587162 ], [ 79.219481473165914, 10.113055235976129 ], [ 79.219887392198387, 10.112630192738637 ], [ 79.22025186026876, 10.110722417564718 ], [ 79.220393137415144, 10.110161830637269 ], [ 79.221510618272418, 10.109280013639742 ], [ 79.221916594797065, 10.109094557926706 ], [ 79.222267760614685, 10.10866500711996 ], [ 79.222468085821347, 10.107159607041666 ], [ 79.22260481030591, 10.106648745901429 ], [ 79.222882988905027, 10.10625085871693 ], [ 79.223124710276593, 10.106006681233023 ], [ 79.22337103281906, 10.105902638597723 ], [ 79.224128334163154, 10.105906944634285 ], [ 79.224853788433805, 10.106227696880852 ], [ 79.225478814648909, 10.106317927213187 ], [ 79.226049087649173, 10.106376528672858 ], [ 79.227052717823938, 10.106299387135797 ], [ 79.228056355185217, 10.106249364119693 ], [ 79.22846244040602, 10.106466230106289 ], [ 79.228489936938573, 10.106900194231208 ], [ 79.22832131776984, 10.107515038750215 ], [ 79.227993064381877, 10.108265547365756 ], [ 79.227176709587638, 10.10917441822766 ], [ 79.227176756300025, 10.109337158004301 ], [ 79.227445887965899, 10.109228584941061 ], [ 79.22787914183418, 10.108722156015741 ], [ 79.228207458104222, 10.108184114426004 ], [ 79.228590580589753, 10.107867561364182 ], [ 79.228891591668386, 10.107569114652801 ], [ 79.229215446006421, 10.107388195675188 ], [ 79.229352331289434, 10.107465004426437 ], [ 79.229270260306734, 10.107627768062418 ], [ 79.228777687086989, 10.108079969908363 ], [ 79.228016051371682, 10.108880334441883 ], [ 79.227496204401589, 10.109689666238447 ], [ 79.227222689855481, 10.110435637402009 ], [ 79.227268548850702, 10.111267404230974 ], [ 79.227510680752388, 10.112456235639318 ], [ 79.227985625432993, 10.114124174920525 ], [ 79.228579090238938, 10.115443995693282 ], [ 79.229136000799315, 10.116551359600326 ], [ 79.230080782339826, 10.117925316189114 ], [ 79.230240532441755, 10.118169375840033 ], [ 79.230295326080807, 10.118327577913128 ], [ 79.229752516375456, 10.118648703332383 ], [ 79.228830967963134, 10.118721312300623 ], [ 79.228037170764011, 10.118825524115634 ], [ 79.227848630555528, 10.118889499210452 ], [ 79.22762391429228, 10.118965748076178 ], [ 79.227170431262138, 10.11911961913588 ], [ 79.228256266268545, 10.119200662846117 ], [ 79.22947431621678, 10.118969746186615 ], [ 79.229989841392026, 10.118946985874524 ], [ 79.2302362088503, 10.118974032592474 ], [ 79.230669708856951, 10.11926773482918 ], [ 79.230879759224891, 10.119891504307803 ], [ 79.231176507797528, 10.120564972354314 ], [ 79.23130458869241, 10.121690545618492 ], [ 79.23110874428238, 10.122793618426728 ], [ 79.23023777191888, 10.124213337014906 ], [ 79.230397605564136, 10.124724108312437 ], [ 79.230744502587513, 10.125261944440085 ], [ 79.231903507170443, 10.125835689377453 ], [ 79.232665548924288, 10.126269420396252 ], [ 79.23309453220169, 10.12667161064366 ], [ 79.233391218790572, 10.127105487329343 ], [ 79.233250052136938, 10.127964432908907 ], [ 79.232976459437367, 10.128443697133282 ], [ 79.232105226562439, 10.129031642889554 ], [ 79.230992169009653, 10.129565416336252 ], [ 79.229961247118226, 10.130148887189907 ], [ 79.228953163994603, 10.130840841415875 ], [ 79.228757462416695, 10.13108233382234 ], [ 79.22868336308386, 10.131173768672104 ], [ 79.227890510912417, 10.132152121789714 ], [ 79.226987574694448, 10.133598969126126 ], [ 79.226572744374351, 10.134806077612431 ], [ 79.226309020566504, 10.135664572795696 ], [ 79.226275342726524, 10.135774200723496 ], [ 79.226217208252876, 10.135963444373255 ], [ 79.226049151429521, 10.137108638212057 ], [ 79.224859851163643, 10.137307205927703 ], [ 79.224129852315983, 10.137320967271606 ], [ 79.22400665286635, 10.137280314622391 ], [ 79.223659831301461, 10.137036296040817 ], [ 79.223376896122957, 10.136828425397045 ], [ 79.222865848151073, 10.136665820709336 ], [ 79.222427815245496, 10.136552922968926 ], [ 79.221862060771144, 10.136534990379083 ], [ 79.221556389232759, 10.13659383922988 ], [ 79.220037070389367, 10.136576153360219 ], [ 79.219083497037161, 10.136535711962681 ], [ 79.218595280646568, 10.136431863156082 ], [ 79.218148117264434, 10.136291837838401 ], [ 79.217413468736865, 10.135971059923421 ], [ 79.216774688416422, 10.13585820438443 ], [ 79.21641879656211, 10.13579048326017 ], [ 79.215939737597495, 10.135804163313969 ], [ 79.215789180854202, 10.135822283415372 ], [ 79.214301842933239, 10.135953742770489 ], [ 79.214087414176618, 10.135985437678389 ], [ 79.21395510131839, 10.135985470397301 ], [ 79.21385929689167, 10.136017136120305 ], [ 79.213129313315406, 10.136076077917163 ], [ 79.212043474715713, 10.136220994361944 ], [ 79.210642826016283, 10.136370499343208 ], [ 79.210072534151422, 10.136456520806414 ], [ 79.209817043403149, 10.136492745017138 ], [ 79.206764789053281, 10.136746579665429 ], [ 79.206600534798497, 10.13672853212833 ], [ 79.206513861746643, 10.13678731992735 ], [ 79.20665993320172, 10.137090168888001 ], [ 79.207271589790494, 10.138260874856318 ], [ 79.207554585156103, 10.138758080029859 ], [ 79.208134218601614, 10.139553579643476 ], [ 79.208371545414849, 10.139856407419547 ], [ 79.208887093946302, 10.139779441944228 ], [ 79.209201905842676, 10.139761287579496 ], [ 79.209621654438962, 10.139734068410471 ], [ 79.210128096748363, 10.139733952569149 ], [ 79.210433788947981, 10.139742923638234 ], [ 79.210269646982638, 10.140185980950605 ], [ 79.210169336606455, 10.140448200095751 ], [ 79.20953561020778, 10.142347000821472 ], [ 79.209362368308604, 10.142903077410205 ], [ 79.209129865448446, 10.143667112223493 ], [ 79.208947484089578, 10.144168941709429 ], [ 79.208865413106921, 10.144394990874076 ], [ 79.208737779573013, 10.144887766941682 ], [ 79.208705962143995, 10.145376000644319 ], [ 79.20876086178427, 10.145981749243308 ], [ 79.208952601791765, 10.146424726299253 ], [ 79.20911696025108, 10.14684058409919 ], [ 79.209208285677832, 10.147134404058068 ], [ 79.209208320712122, 10.147274542242974 ], [ 79.209144473851609, 10.147396613092448 ], [ 79.209025865691387, 10.147482533441217 ], [ 79.208893556426446, 10.147509685631933 ], [ 79.208638068373119, 10.147595636015277 ], [ 79.208524029044426, 10.147708676651025 ], [ 79.208414569327076, 10.147889526022146 ], [ 79.208314216730045, 10.147993523206877 ], [ 79.207999389562303, 10.147984553253185 ], [ 79.207447323616236, 10.148047966328431 ], [ 79.20682681143542, 10.148088790041973 ], [ 79.206603246812335, 10.148115963403542 ], [ 79.20654396159685, 10.148238033047907 ], [ 79.206580658674525, 10.149051734576704 ], [ 79.206740572269837, 10.149964863394635 ], [ 79.206822823813866, 10.150475674999056 ], [ 79.206895941288124, 10.150950321577609 ], [ 79.206895986203875, 10.151135667313616 ], [ 79.206955356759337, 10.151361685031116 ], [ 79.206439870211625, 10.151777695581909 ], [ 79.205919822018913, 10.152202748820338 ], [ 79.205459060838351, 10.152514773206859 ], [ 79.205103209408207, 10.152686634123702 ], [ 79.204806660261553, 10.152808755079548 ], [ 79.204733659568305, 10.152826852996785 ], [ 79.204154215667344, 10.152921912363182 ], [ 79.203880464864298, 10.152976217587856 ], [ 79.203629842086542, 10.154386703569834 ], [ 79.203497727756016, 10.155272774394938 ], [ 79.203374699884591, 10.15599157822459 ], [ 79.203374724139124, 10.156095552438554 ], [ 79.203124063632131, 10.157352337390993 ], [ 79.20304204475174, 10.157836061047703 ], [ 79.202969169822609, 10.158392111607631 ], [ 79.202795780599743, 10.158383108344612 ], [ 79.20233948135116, 10.15830635423481 ], [ 79.201810173324503, 10.158211532559001 ], [ 79.200965995011003, 10.157949513655648 ], [ 79.200276954848732, 10.157696501357172 ], [ 79.199505800584674, 10.157515832607933 ], [ 79.19901755275302, 10.157384833951033 ], [ 79.198314852808508, 10.157249356583096 ], [ 79.197634961089108, 10.157082227016433 ], [ 79.196877498048281, 10.156901550846273 ], [ 79.196594595209106, 10.156856399030408 ], [ 79.196448645924917, 10.157141226831749 ], [ 79.196421586871907, 10.158637559630449 ], [ 79.196421063154105, 10.15864630822737 ], [ 79.196411796133646, 10.158801411420036 ], [ 79.196394305935058, 10.159094147822332 ], [ 79.19635811640552, 10.160563358423378 ], [ 79.196349058692491, 10.160893366007036 ], [ 79.195267698194513, 10.161056315614399 ], [ 79.193720945700662, 10.16131880414796 ], [ 79.193410683771205, 10.161377630757647 ], [ 79.191667738320973, 10.161703434783639 ], [ 79.191289032851714, 10.161762271049032 ], [ 79.190873819849259, 10.161803030232466 ], [ 79.190682166080023, 10.161730735201193 ], [ 79.190349039331664, 10.161536406578328 ], [ 79.189901836423644, 10.161305931597937 ], [ 79.189404432962647, 10.161039301339596 ], [ 79.189089572557208, 10.160908257262264 ], [ 79.188587618230983, 10.160691352943559 ], [ 79.187980746967739, 10.160619124862148 ], [ 79.187570079440661, 10.160560426325841 ], [ 79.186283323644517, 10.160370772788065 ], [ 79.184978318573386, 10.160185636660113 ], [ 79.184553965212984, 10.160131455567335 ], [ 79.182961499250951, 10.159919233598524 ], [ 79.182737915763227, 10.159892144357054 ], [ 79.182571577417022, 10.159864118714573 ], [ 79.182523455565558, 10.159856012101395 ], [ 79.182481366799564, 10.159850950773436 ], [ 79.18105875878301, 10.159679925766335 ], [ 79.180830611853679, 10.159648313669317 ], [ 79.180356027397522, 10.159340979127158 ], [ 79.179776489173435, 10.158970369563486 ], [ 79.179128502917948, 10.158554562014023 ], [ 79.178553539813606, 10.158242717713193 ], [ 79.178037942773145, 10.158247310422793 ], [ 79.177586233915662, 10.158306140250309 ], [ 79.177038729614637, 10.158523205349056 ], [ 79.176235739955175, 10.158961816390633 ], [ 79.175902676088867, 10.159111041060962 ], [ 79.175528538552811, 10.159210545357329 ], [ 79.17456579340157, 10.15927395797595 ], [ 79.17355286027373, 10.159373540033942 ], [ 79.17318783524793, 10.159387146573062 ], [ 79.172585545392621, 10.159405303361527 ], [ 79.17211102381853, 10.159500293571289 ], [ 79.171636512125886, 10.159663093569623 ], [ 79.170819803395446, 10.159947992261953 ], [ 79.170322473596272, 10.160097232388138 ], [ 79.170176467718193, 10.160133413249095 ], [ 79.169450999074527, 10.160305280682845 ], [ 79.168944529815647, 10.160355063597056 ], [ 79.168415245145184, 10.160391287755962 ], [ 79.168036536082667, 10.160445576680486 ], [ 79.16747532438869, 10.160590298173588 ], [ 79.167160501712559, 10.160698827313356 ], [ 79.166594739153325, 10.160952043260787 ], [ 79.166261669897139, 10.161105780090381 ], [ 79.166010724624201, 10.161205260776068 ], [ 79.165978076253523, 10.161221042431791 ], [ 79.165936306389426, 10.161241234602878 ], [ 79.165449526404956, 10.161476557834089 ], [ 79.165006948922368, 10.161657428601069 ], [ 79.164532430043181, 10.161820218658656 ], [ 79.164213041230425, 10.161915184276891 ], [ 79.163966653110933, 10.161978497325997 ], [ 79.164003071710894, 10.161214500932065 ], [ 79.164048650431766, 10.160780512180835 ], [ 79.164089690863818, 10.160549954422336 ], [ 79.164199183818866, 10.160414322771404 ], [ 79.164774066074841, 10.160097820400079 ], [ 79.165098008447742, 10.159935043613078 ], [ 79.165563390562156, 10.15971348493378 ], [ 79.166215842342908, 10.159424096794817 ], [ 79.166393060185527, 10.159311698713021 ], [ 79.166443965916045, 10.159279411911514 ], [ 79.166516964812686, 10.159225156389763 ], [ 79.166501658418539, 10.159208624807629 ], [ 79.165809639442784, 10.158461235649916 ], [ 79.164618692565, 10.158009285247493 ], [ 79.163646781902912, 10.15770649321442 ], [ 79.163496203600033, 10.157647738436594 ], [ 79.161379007426021, 10.157100926857183 ], [ 79.160712823997855, 10.156956322272594 ], [ 79.160493803053456, 10.15687496801722 ], [ 79.160102478051073, 10.156823307324798 ], [ 79.160014702766347, 10.156811719391053 ], [ 79.15951736757728, 10.156897651359456 ], [ 79.157906735883572, 10.15726395267313 ], [ 79.157528031312637, 10.157349873909158 ], [ 79.155835254974363, 10.157589592886181 ], [ 79.154840588189501, 10.157901565153727 ], [ 79.154493823218502, 10.158019092290036 ], [ 79.153503716282003, 10.158385234925621 ], [ 79.152860378808114, 10.158679053125184 ], [ 79.152276356194164, 10.158968350862617 ], [ 79.151792713126653, 10.15923052544 ], [ 79.151505268405387, 10.159433937394704 ], [ 79.151432270407085, 10.15955598680438 ], [ 79.151404902333653, 10.159682556349628 ], [ 79.151394754065905, 10.15981182185998 ], [ 79.151345636881118, 10.160437457702889 ], [ 79.151322882554965, 10.161327970025727 ], [ 79.151322892436426, 10.161463580951887 ], [ 79.151286481023007, 10.162801609150378 ], [ 79.151250007625862, 10.1632446035893 ], [ 79.1512363352672, 10.163475142604041 ], [ 79.151167985152185, 10.164831253429737 ], [ 79.151117837599784, 10.165482184758842 ], [ 79.151090516238725, 10.166291329398517 ], [ 79.151094271196641, 10.166339650663316 ], [ 79.151113351413244, 10.166585153593857 ], [ 79.151505777750174, 10.166775013886021 ], [ 79.152404704786989, 10.167123091826877 ], [ 79.153034413919698, 10.167407880416979 ], [ 79.154289264251886, 10.167868961999101 ], [ 79.155498496337302, 10.168415927577243 ], [ 79.156078020188332, 10.168732350974185 ], [ 79.156607350672871, 10.169017131940231 ], [ 79.156964237860507, 10.169247139804872 ], [ 79.156986099261275, 10.169261229582762 ], [ 79.1569908495525, 10.169329386608783 ], [ 79.15705920056584, 10.170309952067218 ], [ 79.15705923560013, 10.170712263821331 ], [ 79.157187080238117, 10.171602772266324 ], [ 79.157397021011576, 10.172068367799788 ], [ 79.157839702698766, 10.172809702890566 ], [ 79.157876231791462, 10.173080923780205 ], [ 79.157365267362906, 10.174134169613945 ], [ 79.157164542405937, 10.174681135071925 ], [ 79.157086998033989, 10.174979478588034 ], [ 79.156991233133112, 10.175648492933224 ], [ 79.157032333752312, 10.176010120171943 ], [ 79.157105376666379, 10.176376269599423 ], [ 79.158045389051068, 10.176552553630433 ], [ 79.158401318634617, 10.176638436964618 ], [ 79.159971050033434, 10.176932235724644 ], [ 79.16062815059577, 10.177085916233358 ], [ 79.161098165322102, 10.177230558568953 ], [ 79.161235072164686, 10.177357124648161 ], [ 79.161385711552981, 10.177908605391982 ], [ 79.161481675879841, 10.179233064221364 ], [ 79.161477183405097, 10.179883993602608 ], [ 79.161468064606666, 10.179969881345297 ], [ 79.16085204400224, 10.179997016629343 ], [ 79.160368377578564, 10.180250165994929 ], [ 79.160263438183691, 10.180381258723285 ], [ 79.16023161266979, 10.181515865601671 ], [ 79.160222521719135, 10.181868454412854 ], [ 79.160240906639729, 10.183147711570211 ], [ 79.160259231373217, 10.183852886963733 ], [ 79.160186296256981, 10.184585184197857 ], [ 79.159743664875464, 10.184585193039444 ], [ 79.159168700872797, 10.184576163105859 ], [ 79.158598305701702, 10.184630416088918 ], [ 79.158110012055957, 10.184313998726276 ], [ 79.157685599406719, 10.183943335032273 ], [ 79.157293147916974, 10.183758005676237 ], [ 79.156786617572649, 10.183599798811787 ], [ 79.15632116359302, 10.183495834434989 ], [ 79.156029118599207, 10.183482274899545 ], [ 79.155960672364472, 10.183504877661651 ], [ 79.156161536560319, 10.184431548856901 ], [ 79.156211771249303, 10.184865501927051 ], [ 79.156013700813986, 10.184885499856081 ], [ 79.15549535492876, 10.184937833275729 ], [ 79.154345436804917, 10.185064408675668 ], [ 79.152908030840692, 10.185136733790102 ], [ 79.151995393716021, 10.185200015709858 ], [ 79.151379361433513, 10.185204532878243 ], [ 79.150443909795555, 10.185303974226192 ], [ 79.150385463606526, 10.185427507091799 ], [ 79.150101720842557, 10.186027229394229 ], [ 79.149901000377184, 10.186868013587135 ], [ 79.149796068168826, 10.187184438141317 ], [ 79.149563419781586, 10.188264801175956 ], [ 79.149472196762815, 10.188866008816737 ], [ 79.149476783560658, 10.189195995985864 ], [ 79.149645680308808, 10.189973499703902 ], [ 79.149729585651272, 10.190266514322687 ], [ 79.149732404564631, 10.190276364581651 ], [ 79.149745184896204, 10.190315975156691 ], [ 79.149978878024072, 10.191040308218692 ], [ 79.150010832895362, 10.191198521116767 ], [ 79.150111258255947, 10.191646037427288 ], [ 79.150170641387803, 10.192455182038019 ], [ 79.150161568403419, 10.193169399248529 ], [ 79.150134213804705, 10.193526508137579 ], [ 79.150193566393824, 10.193906218651101 ], [ 79.150759431360996, 10.194050872808667 ], [ 79.15150327594209, 10.194308536897173 ], [ 79.151562603378409, 10.194358260575639 ], [ 79.151799913123668, 10.194566199008989 ], [ 79.152069187621649, 10.195022755258178 ], [ 79.152101141594628, 10.195171927704232 ], [ 79.152406969439838, 10.196161885396299 ], [ 79.152571302746324, 10.196781173564366 ], [ 79.153803422108552, 10.19687609871816 ], [ 79.154524438701685, 10.196916777381807 ], [ 79.154948831587987, 10.196907735419785 ], [ 79.155126791439045, 10.196758561134137 ], [ 79.155304752188414, 10.196650070781093 ], [ 79.155437060555016, 10.196338165562464 ], [ 79.155514613910128, 10.196071463782097 ], [ 79.155605848606996, 10.195709835421241 ], [ 79.155724453173974, 10.195253278388453 ], [ 79.155779208185493, 10.195199033402288 ], [ 79.156463704669051, 10.195126699961376 ], [ 79.157440249739707, 10.195004637629376 ], [ 79.15807910641692, 10.194869016199487 ], [ 79.158590202897827, 10.194887089629418 ], [ 79.159046542570579, 10.194932284693396 ], [ 79.159188021837934, 10.195076932196224 ], [ 79.159425328888247, 10.195208017060136 ], [ 79.159753895788242, 10.195253213846881 ], [ 79.16019653705122, 10.195226080745369 ], [ 79.160593545694425, 10.195194429730652 ], [ 79.160766949290334, 10.195153742005783 ], [ 79.160788938251841, 10.195146862579222 ], [ 79.160810754736858, 10.195140037084526 ], [ 79.160853650189992, 10.195126617737131 ], [ 79.16098143284421, 10.195212499605576 ], [ 79.161643175001629, 10.195709721368509 ], [ 79.162478428552802, 10.197106481699493 ], [ 79.1626336107215, 10.197337014815538 ], [ 79.162829848593631, 10.197445496977496 ], [ 79.163623906304181, 10.197689567560808 ], [ 79.165148193729422, 10.198625221746692 ], [ 79.165627396424469, 10.198991351392879 ], [ 79.166111158069583, 10.199312273804363 ], [ 79.166782045076587, 10.199823041819347 ], [ 79.167352515706199, 10.200152999958089 ], [ 79.167662881840243, 10.200559815771333 ], [ 79.168406757862414, 10.200830998911886 ], [ 79.168685138582433, 10.200916871285154 ], [ 79.169456406932554, 10.201264896053738 ], [ 79.170706861808043, 10.201775624687933 ], [ 79.171350351995486, 10.202087489216646 ], [ 79.171738270586332, 10.202263758145797 ], [ 79.172760592007236, 10.202982426073033 ], [ 79.173458864155677, 10.203398249989208 ], [ 79.173746364572466, 10.203407272316534 ], [ 79.173942568308604, 10.203240006018106 ], [ 79.174051995686611, 10.202607154006648 ], [ 79.174038212835214, 10.202001430611393 ], [ 79.174106572831704, 10.201400223002508 ], [ 79.174206934411885, 10.201174200928705 ], [ 79.174549133246302, 10.200785428051569 ], [ 79.174731637674384, 10.20057296081375 ], [ 79.175461735336739, 10.200247446683587 ], [ 79.176018435691333, 10.200003308215253 ], [ 79.176670982693494, 10.199867650012541 ], [ 79.176949345447213, 10.199826946970514 ], [ 79.177168332255604, 10.199469823925604 ], [ 79.177565251965589, 10.198873110829073 ], [ 79.177729492745613, 10.198610920192548 ], [ 79.17812188584486, 10.198244743250495 ], [ 79.178468661595687, 10.197991577229834 ], [ 79.178947763679432, 10.197666074607145 ], [ 79.179390365416538, 10.197376738565032 ], [ 79.179677807442843, 10.197078373564823 ], [ 79.179787262668626, 10.196680575822368 ], [ 79.179896723284315, 10.196327983058698 ], [ 79.180065502353173, 10.195934701395515 ], [ 79.180252511832379, 10.19541484889139 ], [ 79.180462364570957, 10.195057725320265 ], [ 79.180676783446117, 10.194700602232977 ], [ 79.181041792302238, 10.194361546900277 ], [ 79.181365731081897, 10.194022494743336 ], [ 79.181767246572889, 10.193687955737243 ], [ 79.182232655636739, 10.193394092840901 ], [ 79.182380600977524, 10.193337898017342 ], [ 79.182506436084196, 10.193290100713227 ], [ 79.182534014363412, 10.193309219282078 ], [ 79.18291718625629, 10.193574842960803 ], [ 79.183661144025109, 10.194325146233423 ], [ 79.184455416433039, 10.195699244429424 ], [ 79.184683695414719, 10.196309463225818 ], [ 79.184784107300572, 10.196408900225034 ], [ 79.185194803573737, 10.196372696952638 ], [ 79.185879317125284, 10.196408789709015 ], [ 79.186344807037528, 10.196548871790995 ], [ 79.186887900610529, 10.196820033591285 ], [ 79.187111573031444, 10.197172593097664 ], [ 79.187339850216489, 10.197737607339 ], [ 79.187531562376208, 10.197999765097775 ], [ 79.187736954081103, 10.198198636241569 ], [ 79.188147735694216, 10.19858733801056 ], [ 79.188476368171237, 10.198935365325141 ], [ 79.188805096767979, 10.199762543356384 ], [ 79.188951206850646, 10.200169354363773 ], [ 79.189270781614638, 10.200847363892152 ], [ 79.189307318792189, 10.200996530073771 ], [ 79.189303588088805, 10.201104296624296 ], [ 79.189302781401722, 10.201127618690141 ], [ 79.189283778440185, 10.201178037102343 ], [ 79.189006313103448, 10.201914186387819 ], [ 79.188851211783117, 10.202189941001484 ], [ 79.188799246938856, 10.202378816417919 ], [ 79.188796489110928, 10.20238884135637 ], [ 79.188761874328122, 10.202476303825305 ], [ 79.188381421635597, 10.203437598120614 ], [ 79.187943466883439, 10.204147334806965 ], [ 79.187181535622415, 10.20502435657801 ], [ 79.186583821785192, 10.205566859130501 ], [ 79.185662144913792, 10.206362531817003 ], [ 79.185105429287788, 10.206534361081806 ], [ 79.18381858186352, 10.206882554760172 ], [ 79.183115828918417, 10.207040835820587 ], [ 79.182997182130649, 10.207072489194106 ], [ 79.182591057383974, 10.207230738332477 ], [ 79.182403986819324, 10.207420608903584 ], [ 79.182400082741069, 10.207802241671864 ], [ 79.182399920146025, 10.207818138606829 ], [ 79.182399502429405, 10.207859080217071 ], [ 79.182398145973323, 10.207891050015553 ], [ 79.18235405935414, 10.208930397811127 ], [ 79.182358652440172, 10.209093129259577 ], [ 79.18226301420178, 10.210182532941575 ], [ 79.182263168711984, 10.211041392187258 ], [ 79.182546155992782, 10.211294502739925 ], [ 79.183312963309234, 10.211972472653338 ], [ 79.183801357566239, 10.212456098442027 ], [ 79.18398850358939, 10.21266401179248 ], [ 79.183988519759055, 10.212752189312102 ], [ 79.183988523352326, 10.212768339731348 ], [ 79.183988526945612, 10.212790580593644 ], [ 79.183938367715086, 10.213007560868714 ], [ 79.183792436397169, 10.213568093886831 ], [ 79.183486770248706, 10.214087960062113 ], [ 79.183121777562235, 10.214612352747706 ], [ 79.182706564559822, 10.215037301927543 ], [ 79.181652536202662, 10.215991190400841 ], [ 79.181319430115522, 10.216217237311747 ], [ 79.180525384981394, 10.216389083354779 ], [ 79.179758704327426, 10.216465999413959 ], [ 79.178636040190995, 10.216438975977757 ], [ 79.178275506741585, 10.216411885349755 ], [ 79.178259791614025, 10.216409482441088 ], [ 79.178152138408706, 10.216393020129209 ], [ 79.177152819248974, 10.216240207292898 ], [ 79.176796843851335, 10.216181471256656 ], [ 79.175920578614168, 10.215910322417152 ], [ 79.175441343579791, 10.215593937018957 ], [ 79.174921017807648, 10.215146464982864 ], [ 79.174473690932132, 10.214572417202772 ], [ 79.174295652927654, 10.21421080455808 ], [ 79.174071953557288, 10.213690983671672 ], [ 79.173939583206931, 10.213519221042111 ], [ 79.173131840561325, 10.213641326666867 ], [ 79.172593356244022, 10.213776972809361 ], [ 79.172127908552596, 10.214061783371385 ], [ 79.171639648144549, 10.214378238368155 ], [ 79.171393234872227, 10.214527424729047 ], [ 79.169887324282755, 10.21513776213985 ], [ 79.168956399255492, 10.215549164824367 ], [ 79.168344886397179, 10.215657687634055 ], [ 79.167674064967215, 10.215906341433024 ], [ 79.166848106284263, 10.216367458058624 ], [ 79.166245744563767, 10.216688431902655 ], [ 79.165451727277414, 10.217140501586426 ], [ 79.165337644829577, 10.217212831792089 ], [ 79.164023368246418, 10.217683004691876 ], [ 79.163270388697171, 10.217900011686481 ], [ 79.162814036447998, 10.218026598736905 ], [ 79.162636011019941, 10.217687580632052 ], [ 79.162293653183696, 10.216995982577004 ], [ 79.161882809586814, 10.216046726126615 ], [ 79.161649985129785, 10.215373203841201 ], [ 79.161558713601963, 10.215377727654198 ], [ 79.161452210240213, 10.215399024141696 ], [ 79.161061287683069, 10.215477191406471 ], [ 79.160235321813616, 10.215956372931311 ], [ 79.159336338182911, 10.216453635663962 ], [ 79.158058577217716, 10.217041313300466 ], [ 79.157200640307323, 10.21734419574512 ], [ 79.156835553297768, 10.217412008308953 ], [ 79.15636549096071, 10.217371334033428 ], [ 79.155918247628534, 10.217330658868622 ], [ 79.155251956402523, 10.217375872847168 ], [ 79.154891436427874, 10.217470806002691 ], [ 79.154115636077137, 10.217737516370619 ], [ 79.153805312163911, 10.217800805072093 ], [ 79.153435656322813, 10.217823410702627 ], [ 79.153029476778897, 10.21768328317356 ], [ 79.152687180028082, 10.217439186374614 ], [ 79.152354001177414, 10.217100162338827 ], [ 79.152048208366494, 10.216788260366348 ], [ 79.15162376697117, 10.216548683140159 ], [ 79.151244963585526, 10.21632718767062 ], [ 79.150756642092006, 10.216182536564631 ], [ 79.150555842574875, 10.216209659038789 ], [ 79.15048739274684, 10.216263903980197 ], [ 79.149807478569556, 10.217154412432736 ], [ 79.14923252534669, 10.218008758246919 ], [ 79.149045433222469, 10.218239295669054 ], [ 79.148128240740974, 10.219663203054578 ], [ 79.147963973011471, 10.219988668143884 ], [ 79.147863591668383, 10.220250848235075 ], [ 79.147452888208676, 10.22066671764826 ], [ 79.14718821398327, 10.220960538562451 ], [ 79.147010264911998, 10.221453255594751 ], [ 79.146841445418971, 10.221964055247639 ], [ 79.146814080040457, 10.222203633696026 ], [ 79.146788183407466, 10.222270338384792 ], [ 79.146668725440975, 10.22257803394689 ], [ 79.146540305881217, 10.222908805680756 ], [ 79.146426234213195, 10.22320262805785 ], [ 79.146453624744538, 10.223315638360177 ], [ 79.146718348377277, 10.223659187416757 ], [ 79.147005893709817, 10.2240479411746 ], [ 79.147051540702662, 10.224179031782631 ], [ 79.147275206835374, 10.224725996161043 ], [ 79.147476054861542, 10.225268440345751 ], [ 79.147482976380815, 10.225310633288261 ], [ 79.147562806965141, 10.225797322335028 ], [ 79.14760847372095, 10.226177032346099 ], [ 79.147585730174569, 10.227166989906923 ], [ 79.147467115726172, 10.227741073281747 ], [ 79.147325667899835, 10.228134343906712 ], [ 79.147175093190228, 10.228545696170517 ], [ 79.147458054419872, 10.228586379623939 ], [ 79.147599533687256, 10.228604462630509 ], [ 79.14755850942484, 10.229246352560295 ], [ 79.147097561394659, 10.229250869987501 ], [ 79.146946957040655, 10.229287032387772 ], [ 79.146645786061868, 10.229856595395145 ], [ 79.14650888640584, 10.230069051021598 ], [ 79.146070816669351, 10.230882710775132 ], [ 79.145660125786065, 10.231669249059323 ], [ 79.145632772085648, 10.232067039277858 ], [ 79.145619223694524, 10.234042435235908 ], [ 79.145569054582566, 10.234498991384898 ], [ 79.145235917054393, 10.234901298939636 ], [ 79.14464266784411, 10.23574659859068 ], [ 79.144373414905687, 10.236026857095707 ], [ 79.144231955401267, 10.236343279601536 ], [ 79.143278087401683, 10.236279982218965 ], [ 79.141781110557687, 10.236216669795477 ], [ 79.141461632811755, 10.236175980247934 ], [ 79.140626436752754, 10.236248286670032 ], [ 79.139120340212003, 10.236334133562808 ], [ 79.138476827566649, 10.236374798337621 ], [ 79.136797301378849, 10.236456108423219 ], [ 79.1366558167216, 10.236428980605869 ], [ 79.136653195437603, 10.236353125781338 ], [ 79.136637537802187, 10.235900097764306 ], [ 79.136674021979132, 10.235303410615934 ], [ 79.136432112859666, 10.234846845016053 ], [ 79.136135438847191, 10.234376715204563 ], [ 79.1356288096882, 10.233549468108592 ], [ 79.135409730353331, 10.233260154995047 ], [ 79.135049174446053, 10.233052202965043 ], [ 79.134720552748831, 10.232487143623759 ], [ 79.134720548257249, 10.232369613898429 ], [ 79.134506026974151, 10.231894965679968 ], [ 79.134254987378114, 10.231167173607965 ], [ 79.134072415576398, 10.230706088187702 ], [ 79.133944623040705, 10.230547869301839 ], [ 79.133939820647186, 10.230545700768857 ], [ 79.133704514145052, 10.230439442633767 ], [ 79.133634274872975, 10.23040772440071 ], [ 79.133205272730947, 10.230403182237033 ], [ 79.132703256420953, 10.23063821657934 ], [ 79.132196675770956, 10.230918454842413 ], [ 79.131827008251776, 10.231076647906651 ], [ 79.131334111638537, 10.231144428366017 ], [ 79.130850344603516, 10.231212207042846 ], [ 79.130681481991346, 10.231270962400881 ], [ 79.130416086418762, 10.231335846733804 ], [ 79.130355670224333, 10.231350617120462 ], [ 79.128481708184864, 10.231808756018253 ], [ 79.128020759256373, 10.232003103657489 ], [ 79.127646522905636, 10.232061844724656 ], [ 79.126587703833081, 10.232125058965847 ], [ 79.125807280751914, 10.232156647959139 ], [ 79.125232231409285, 10.232120442568343 ], [ 79.124807790912257, 10.232165616428517 ], [ 79.124657182964995, 10.232215329768005 ], [ 79.122393497619285, 10.23268075356901 ], [ 79.121969055325636, 10.232771126760234 ], [ 79.121658711649488, 10.232838905973763 ], [ 79.120189137014961, 10.233006035585626 ], [ 79.120095853260906, 10.233007973370956 ], [ 79.119321996864443, 10.2330240396621 ], [ 79.118673925269036, 10.232960694764053 ], [ 79.117747456783903, 10.232883760598114 ], [ 79.117359527413313, 10.23278879668795 ], [ 79.116948776342895, 10.23283847987293 ], [ 79.116569970262319, 10.233014738823154 ], [ 79.116282440201132, 10.233254290370079 ], [ 79.116109006062473, 10.233584262433213 ], [ 79.115985774273483, 10.233878075816234 ], [ 79.115958383742154, 10.234275867686494 ], [ 79.115999446632102, 10.234877083838438 ], [ 79.116058753407188, 10.236219648049502 ], [ 79.116131763083587, 10.236884151605 ], [ 79.116286903929776, 10.238773692581502 ], [ 79.116286901234815, 10.238900263354662 ], [ 79.116387277188025, 10.240807879936682 ], [ 79.116387275391389, 10.24090280785448 ], [ 79.116405501310211, 10.24281041592708 ], [ 79.116437448096647, 10.242909868434147 ], [ 79.116533287557687, 10.243212742112503 ], [ 79.116542414440957, 10.243357395931811 ], [ 79.116756917757783, 10.243827537184659 ], [ 79.116925778573304, 10.244469447588619 ], [ 79.116916645401815, 10.244894363879652 ], [ 79.116971392328495, 10.246444864431313 ], [ 79.117030719764784, 10.246874306742443 ], [ 79.11715849343588, 10.248705076731738 ], [ 79.117181312440721, 10.248876853031362 ], [ 79.117404937250939, 10.250468050989372 ], [ 79.11747795860542, 10.250883932955645 ], [ 79.117578362406405, 10.251485153860292 ], [ 79.117584929091123, 10.251509482609809 ], [ 79.117594400927487, 10.253420253331598 ], [ 79.119692523173072, 10.253134872568713 ], [ 79.120719187050057, 10.25307596303105 ], [ 79.122195759560626, 10.252608070178409 ], [ 79.12277084483587, 10.252605442131037 ], [ 79.124067247639829, 10.25264017779039 ], [ 79.125481668410856, 10.252565874678975 ], [ 79.12614883459598, 10.252734620400135 ], [ 79.128027625978419, 10.253349750587875 ], [ 79.129137864617817, 10.253606753110141 ], [ 79.129541964561881, 10.254120261623425 ], [ 79.129659960071081, 10.254699322438238 ], [ 79.129663443737755, 10.254716416566211 ], [ 79.12968400437795, 10.254772837435926 ], [ 79.129908479892762, 10.255388832601476 ], [ 79.130048555991621, 10.256066345017109 ], [ 79.130276967025665, 10.256096889434083 ], [ 79.130719009112354, 10.2559591761138 ], [ 79.131102869114727, 10.256047880821061 ], [ 79.131268570555392, 10.256363551421371 ], [ 79.131442067576117, 10.257330098581891 ], [ 79.131035499959978, 10.258208986202362 ], [ 79.130169193446065, 10.259374784858409 ], [ 79.130180469099528, 10.259844823669814 ], [ 79.130654332208536, 10.260629220768207 ], [ 79.131161869564252, 10.26180677141017 ], [ 79.13187183238783, 10.263308834913452 ], [ 79.132583031293208, 10.265050430289016 ], [ 79.13247505110111, 10.265113469118088 ], [ 79.132309867988354, 10.265209903934972 ], [ 79.131367121131973, 10.265634746434021 ], [ 79.129797267562253, 10.266668029575484 ], [ 79.128948064073029, 10.267594175315864 ], [ 79.128995345101387, 10.267924020572153 ], [ 79.129600244562567, 10.269417505712731 ], [ 79.130727022982995, 10.272192350224731 ], [ 79.131234167774949, 10.273265926367804 ], [ 79.131220624773746, 10.273288620854219 ], [ 79.130277026314474, 10.273550611898138 ], [ 79.129348292278166, 10.274070239186182 ], [ 79.128683297321146, 10.274376167902865 ], [ 79.128429260047, 10.2747423772021 ], [ 79.128364514871194, 10.274835710096179 ], [ 79.128363293162408, 10.274837471727645 ], [ 79.128261701788617, 10.274983919574533 ], [ 79.127839849337931, 10.276527367670052 ], [ 79.127598945433263, 10.276736449069249 ], [ 79.127156564681698, 10.276801793441699 ], [ 79.126728560567926, 10.277043260876177 ], [ 79.126627111127959, 10.277798712637134 ], [ 79.12632174322016, 10.277890544648743 ], [ 79.126153624413064, 10.278058463674265 ], [ 79.126232251254919, 10.278284220598023 ], [ 79.12620215769293, 10.278664092210763 ], [ 79.126339507404893, 10.278767441167622 ], [ 79.126736673253276, 10.278765583213108 ], [ 79.126740167699722, 10.279506980439811 ], [ 79.126801262122186, 10.279886428080413 ], [ 79.126957425251206, 10.280080019653278 ], [ 79.127048939324126, 10.280142911410664 ], [ 79.127569098907927, 10.280108894725862 ], [ 79.127864954555179, 10.281852378350202 ], [ 79.127333365706008, 10.282379296438943 ], [ 79.126677838992052, 10.282771017822911 ], [ 79.12578253306414, 10.283593338581806 ], [ 79.12494390005088, 10.283854965759559 ], [ 79.124060151847388, 10.2842341491989 ], [ 79.122767139285301, 10.284936248609352 ], [ 79.121431094726177, 10.286212748976601 ], [ 79.119257725999148, 10.288035319640313 ], [ 79.118649541398952, 10.288779580057097 ], [ 79.118683525564478, 10.289204346675209 ], [ 79.11859731963655, 10.290289598322721 ], [ 79.118795909298086, 10.290790544106384 ], [ 79.119240684958214, 10.291227014790776 ], [ 79.119870313242515, 10.292132689026642 ], [ 79.120588202800135, 10.292400632263121 ], [ 79.121552137320805, 10.293544423150347 ], [ 79.12195095157773, 10.293890651866828 ], [ 79.122596519568461, 10.294312663699841 ], [ 79.123327938652579, 10.294548842016473 ], [ 79.124216949186959, 10.295286159436735 ], [ 79.124879620202407, 10.296417675572931 ], [ 79.125480770095592, 10.298074013103275 ], [ 79.125901697281506, 10.299242881853402 ], [ 79.126048176571743, 10.299845739562121 ], [ 79.126052012378025, 10.299861524933432 ], [ 79.12638115509813, 10.301216153436783 ], [ 79.123850528179204, 10.301828977018038 ], [ 79.122831983275788, 10.302683585733284 ], [ 79.12277101910901, 10.302760933348699 ], [ 79.121937999667978, 10.30381780016457 ], [ 79.121622526611546, 10.304682677962644 ], [ 79.121624331326942, 10.305065784412463 ], [ 79.121624415768565, 10.305083771129674 ], [ 79.121627400870253, 10.305717798058017 ], [ 79.121903911297892, 10.306290645604289 ], [ 79.122565366892729, 10.307146511384195 ], [ 79.12317194620347, 10.307039676218091 ], [ 79.123977895811763, 10.306597558597383 ], [ 79.124835040408115, 10.30638114182462 ], [ 79.125702777039947, 10.306467571559347 ], [ 79.126252759792891, 10.306935100058457 ], [ 79.126980555073146, 10.307370357007965 ], [ 79.127378666847477, 10.307562857877437 ], [ 79.127909335821798, 10.30780451477149 ], [ 79.128233143447446, 10.307757804151503 ], [ 79.128565948598947, 10.307647828989063 ], [ 79.12882478108007, 10.307375329369652 ], [ 79.129207927820104, 10.307296784428956 ], [ 79.129938898644895, 10.30742898685695 ], [ 79.130078398923658, 10.307975330052281 ], [ 79.130386154553506, 10.308380729395818 ], [ 79.130692447726048, 10.308469784396992 ], [ 79.131134394591299, 10.308286836362232 ], [ 79.131988639425884, 10.308418528413295 ], [ 79.132891297166097, 10.309124074771754 ], [ 79.133488961595987, 10.310011887038037 ], [ 79.134754369827689, 10.311713831761612 ], [ 79.134764441738653, 10.311727378741384 ], [ 79.134765058881271, 10.311728208635312 ], [ 79.134811999448118, 10.311791342431802 ], [ 79.134812770202629, 10.311810752576221 ], [ 79.134848254554669, 10.31270425338128 ], [ 79.134682195584503, 10.313292776585639 ], [ 79.134550862788288, 10.31448675061921 ], [ 79.134641281814893, 10.315268425079578 ], [ 79.134922038578836, 10.316713728046128 ], [ 79.134913525244912, 10.317834830437489 ], [ 79.134914423560176, 10.317889894901786 ], [ 79.134933003415213, 10.319028128822419 ], [ 79.134788152770582, 10.320253888420639 ], [ 79.134394772422823, 10.32106931160053 ], [ 79.133831773979765, 10.321718397733802 ], [ 79.132604138109116, 10.322768296871763 ], [ 79.131624385154595, 10.324110947186739 ], [ 79.131160684686421, 10.325491832388693 ], [ 79.12551703508359, 10.32621399503426 ], [ 79.125464179110594, 10.326639185763717 ], [ 79.125320709176563, 10.328149675659279 ], [ 79.12265279542774, 10.328736135561865 ], [ 79.122528747070149, 10.328555796675493 ], [ 79.122539448700138, 10.32793651003651 ], [ 79.122328357184799, 10.327697868085631 ], [ 79.121942620601786, 10.327215966864934 ], [ 79.121284913676632, 10.327128565385717 ], [ 79.120737818109021, 10.327311832995257 ], [ 79.119931070796767, 10.327573225913936 ], [ 79.119197174159083, 10.327816141827075 ], [ 79.118617002622756, 10.327714858394598 ], [ 79.117214133287931, 10.327418479225432 ], [ 79.116235565211284, 10.327106432428939 ], [ 79.115259639079866, 10.327305302875519 ], [ 79.114648762228811, 10.327488955702151 ], [ 79.114423849234484, 10.328199738888751 ], [ 79.11445966955641, 10.328260606955768 ], [ 79.114718317882932, 10.328700108269 ], [ 79.115515873633214, 10.329388123151654 ], [ 79.116296045186104, 10.330261520778178 ], [ 79.116955175940973, 10.331610095573263 ], [ 79.117342079435517, 10.332349728238215 ], [ 79.118554331656952, 10.333858541626816 ], [ 79.119061547415811, 10.334927578286122 ], [ 79.119843838992779, 10.336315801361376 ], [ 79.119844125555375, 10.336316310393874 ], [ 79.120257791658858, 10.336911160263245 ], [ 79.120826348876903, 10.337437363221087 ], [ 79.120972404162302, 10.337478300420546 ], [ 79.121038926205742, 10.337496945433877 ], [ 79.121170354223381, 10.337533782985627 ], [ 79.121181485248087, 10.337536901681332 ], [ 79.121667424409438, 10.337673101782549 ], [ 79.124046418403339, 10.337752576779733 ], [ 79.125567825829776, 10.338016801329553 ], [ 79.127686795278137, 10.338160810760607 ], [ 79.12904423141913, 10.338470993396866 ], [ 79.13089544901392, 10.338959641424218 ], [ 79.131199677857921, 10.33956392980344 ], [ 79.132500114097525, 10.340403323435284 ], [ 79.133716482399592, 10.340809027402626 ], [ 79.135109175618851, 10.340874934673307 ], [ 79.137932664998473, 10.341291293079522 ], [ 79.139171973577902, 10.341755666187163 ], [ 79.141368796418718, 10.343856511257803 ], [ 79.142845362641125, 10.345223886981751 ], [ 79.145141904766618, 10.348142408887719 ], [ 79.145879916586637, 10.348758362130303 ], [ 79.146399219177638, 10.349465659591585 ], [ 79.147346278845703, 10.349899692065378 ], [ 79.148524052828208, 10.349867029674346 ], [ 79.152426109843603, 10.34955948465425 ], [ 79.152856077674556, 10.349738321563377 ], [ 79.152963042770381, 10.350144600240082 ], [ 79.152588324024336, 10.351023344820909 ], [ 79.151731105766146, 10.353174627172519 ], [ 79.151367033852836, 10.354369744274722 ], [ 79.151243849674557, 10.3572588792111 ], [ 79.150814935567468, 10.360167567878207 ], [ 79.150763655239459, 10.361858520282677 ], [ 79.150953648922027, 10.363417171638803 ], [ 79.150670409214626, 10.363797805579368 ], [ 79.15064980096372, 10.363825501236413 ], [ 79.150147016594133, 10.363723898935099 ], [ 79.149410336077395, 10.363392764047191 ], [ 79.149309704104311, 10.363205521587984 ], [ 79.149272194051306, 10.363135729131686 ], [ 79.149188301285236, 10.363138973936447 ], [ 79.14884288558379, 10.363152334897 ], [ 79.148738132140181, 10.363156385600796 ], [ 79.148640968562418, 10.363242156413596 ], [ 79.148465294923781, 10.363397230068413 ], [ 79.14785795204503, 10.364028214425888 ], [ 79.147775951130953, 10.364113406203582 ], [ 79.147661123979745, 10.364232701870133 ], [ 79.147509632988559, 10.364302634583716 ], [ 79.147448499938506, 10.364330856856343 ], [ 79.147433421716457, 10.364337817430876 ], [ 79.146840462662041, 10.364476081607823 ], [ 79.146184161600317, 10.364718831992668 ], [ 79.145664938061017, 10.364992458022275 ], [ 79.145712979064115, 10.365475920979174 ], [ 79.145860521959634, 10.365595014653632 ], [ 79.14662053082597, 10.366208478819541 ], [ 79.146667775921713, 10.366556387744385 ], [ 79.147037600646115, 10.367522094833927 ], [ 79.147623698368363, 10.36883027533765 ], [ 79.148164109571951, 10.370143207019488 ], [ 79.148416298113233, 10.371308364151613 ], [ 79.148731047127541, 10.373178319407788 ], [ 79.148486947017062, 10.373694851129109 ], [ 79.148118815616996, 10.374030944662268 ], [ 79.146904349048413, 10.375004113025318 ], [ 79.145294262632078, 10.376313557656045 ], [ 79.144698915855628, 10.376890324296909 ], [ 79.144583446409015, 10.377587059957225 ], [ 79.144951099007031, 10.380971230109607 ], [ 79.144710796973584, 10.382265266158932 ], [ 79.144185710130458, 10.382929152415253 ], [ 79.144179722859064, 10.382936721380409 ], [ 79.144465590138694, 10.385430752573445 ], [ 79.144887995951606, 10.387886485802923 ], [ 79.144889453917287, 10.387894958562194 ], [ 79.144892898058089, 10.38791498339631 ], [ 79.144961961435442, 10.389004030958548 ], [ 79.145137810245586, 10.389471243875464 ], [ 79.14531353957976, 10.389938137119398 ], [ 79.146104481932909, 10.390724803125007 ], [ 79.146279360562559, 10.390898735609937 ], [ 79.146295240980152, 10.390914529656261 ], [ 79.146666971929548, 10.390932430163504 ], [ 79.146893541417242, 10.390943339761842 ], [ 79.147149734648053, 10.39104617200725 ], [ 79.147602196293747, 10.391445967261438 ], [ 79.147612849414699, 10.391455380054865 ], [ 79.147638384026649, 10.391486645583226 ], [ 79.148597299659826, 10.392660768391922 ], [ 79.148609575138195, 10.392675797170645 ], [ 79.148933541765629, 10.392750243910376 ], [ 79.149486405415672, 10.392877294419536 ], [ 79.149496362342262, 10.392879587302984 ], [ 79.150451979361748, 10.395076606346043 ], [ 79.151010285005768, 10.39628542485667 ], [ 79.151906832405402, 10.398532454262149 ], [ 79.152211630781295, 10.399184417662815 ], [ 79.152366035907264, 10.399514698249078 ], [ 79.152520418575378, 10.399844951095638 ], [ 79.15268203088489, 10.400687853423769 ], [ 79.152693623643628, 10.400748315109736 ], [ 79.152333229433097, 10.401753556293707 ], [ 79.15220759105749, 10.402098638064867 ], [ 79.152062825752807, 10.402496120171762 ], [ 79.151199003978959, 10.404236148199416 ], [ 79.151084302591897, 10.404405408925369 ], [ 79.150273979984803, 10.405601088393414 ], [ 79.149664703033238, 10.406146393782761 ], [ 79.149211879366518, 10.406935135025099 ], [ 79.148774725911622, 10.408162201186647 ], [ 79.148206715767557, 10.40958542924653 ], [ 79.148111373973208, 10.409824307432878 ], [ 79.147919987003604, 10.410124407790692 ], [ 79.147440565119624, 10.410876160742134 ], [ 79.147396578213417, 10.410906739592328 ], [ 79.147359912576789, 10.410925929785146 ], [ 79.145764430970317, 10.411760999777405 ], [ 79.143986980331704, 10.412492585047126 ], [ 79.143499486186585, 10.412720866703268 ], [ 79.142315336860548, 10.413377326725847 ], [ 79.141582519099515, 10.413878052108252 ], [ 79.141343823253806, 10.414575217696843 ], [ 79.140615427000625, 10.416016127365895 ], [ 79.140069245917999, 10.416380339922684 ], [ 79.138182292442863, 10.417157592637709 ], [ 79.137209222055745, 10.418011986773182 ], [ 79.136860673030583, 10.41866003529246 ], [ 79.13655002841881, 10.419122531845778 ], [ 79.136461606347083, 10.419254176432457 ], [ 79.13623938021378, 10.419585030363114 ], [ 79.135586069643622, 10.420483181981494 ], [ 79.134361658724814, 10.423250860096248 ], [ 79.134088736168465, 10.423482671368596 ], [ 79.13359635788315, 10.423656701327603 ], [ 79.13307647318382, 10.423808309101947 ], [ 79.13211391667879, 10.424011585024964 ], [ 79.131627227424175, 10.424420736578421 ], [ 79.131220022902482, 10.425222765147973 ], [ 79.130273854363196, 10.427948374977783 ], [ 79.12977733574273, 10.432082425934947 ], [ 79.129477286759723, 10.433326976621194 ], [ 79.128945564959892, 10.433885443884121 ], [ 79.127911920274869, 10.434527597614698 ], [ 79.126923724055004, 10.435119865583706 ], [ 79.125475117895832, 10.435881399905703 ], [ 79.125804407041286, 10.437936733917578 ], [ 79.12658419770851, 10.437693599625089 ], [ 79.127255610229966, 10.437717562333104 ], [ 79.128153829394378, 10.437410539334405 ], [ 79.128837964755164, 10.437226656860771 ], [ 79.129768514286638, 10.436996276415663 ], [ 79.130483858018749, 10.436662991172165 ], [ 79.130989878119976, 10.436475315589181 ], [ 79.131271034634224, 10.436383398384509 ], [ 79.131354684855154, 10.436356050177187 ], [ 79.132073313726252, 10.43670081004035 ], [ 79.132362889251354, 10.437088260581572 ], [ 79.132580570807619, 10.437738282776767 ], [ 79.132727843310278, 10.437977069578848 ], [ 79.133335848247384, 10.438109824639247 ], [ 79.134236473100117, 10.43833176379175 ], [ 79.134804715009494, 10.438735987201932 ], [ 79.13505267428242, 10.439024112852804 ], [ 79.135191128023877, 10.439326376903166 ], [ 79.135617065114175, 10.439582116680253 ], [ 79.13621611744118, 10.439742083800438 ], [ 79.137138821086921, 10.439782964312808 ], [ 79.137463788437586, 10.439948708170077 ], [ 79.137675324619025, 10.440264157593852 ], [ 79.137710956294768, 10.441023359404078 ], [ 79.138079788380722, 10.441776600565793 ], [ 79.138707444863016, 10.442194097565586 ], [ 79.139032343043397, 10.442328251073691 ], [ 79.139763737873025, 10.442478508694037 ], [ 79.140116455081127, 10.442702925417176 ], [ 79.140346383369661, 10.443036342886549 ], [ 79.141616802404016, 10.444160539571826 ], [ 79.141709559745308, 10.444481013212044 ], [ 79.141344267919877, 10.44545469590282 ], [ 79.143528356243195, 10.44567052532652 ], [ 79.143650631326409, 10.446424879828031 ], [ 79.141628625131489, 10.446664823428879 ], [ 79.141665806401079, 10.447749622279636 ], [ 79.141159418888904, 10.447860436044401 ], [ 79.141158981409362, 10.447769977201425 ], [ 79.14108408167759, 10.44739064891068 ], [ 79.140728818643979, 10.44663730120776 ], [ 79.140480736301853, 10.446335625560003 ], [ 79.139659669843979, 10.446520355151655 ], [ 79.139587023985271, 10.447564823628397 ], [ 79.138905015835036, 10.44821900603082 ], [ 79.14042275544017, 10.449495766883793 ], [ 79.141654398695309, 10.449200715227111 ], [ 79.141857302066839, 10.449611150822983 ], [ 79.142145243556442, 10.449654980648166 ], [ 79.142391585861844, 10.449608638386369 ], [ 79.142092737028051, 10.448217766591865 ], [ 79.142293199676971, 10.448112818868688 ], [ 79.143293498898686, 10.448135284258859 ], [ 79.143295063763929, 10.448469838162149 ], [ 79.143907216222701, 10.448512121280483 ], [ 79.144122962807856, 10.448737141439144 ], [ 79.144857225958148, 10.449488643010065 ], [ 79.144903879962442, 10.449700887378823 ], [ 79.145391578923437, 10.449504157577092 ], [ 79.145741524828892, 10.449136361774118 ], [ 79.146470681056812, 10.448816614687978 ], [ 79.147070770039633, 10.448239704572448 ], [ 79.147543734833377, 10.447812611133378 ], [ 79.147785433747089, 10.447739042419544 ], [ 79.148351022033111, 10.447538356293391 ], [ 79.148443508083176, 10.447505539798504 ], [ 79.148627115642427, 10.447440400631601 ], [ 79.148779262403792, 10.447386429683096 ], [ 79.150289282785664, 10.447044800155298 ], [ 79.150740746403073, 10.447105166267098 ], [ 79.151171300833909, 10.44716276106765 ], [ 79.151206548030714, 10.447197005210967 ], [ 79.151680599785934, 10.447657570594355 ], [ 79.152289706057601, 10.44802088390259 ], [ 79.153053076419738, 10.448152962390727 ], [ 79.153377572154866, 10.44822372791338 ], [ 79.153588596296572, 10.448403543684089 ], [ 79.153605255553515, 10.448569580657065 ], [ 79.153605333706935, 10.448570352765707 ], [ 79.153622125914538, 10.448737952417817 ], [ 79.153974630221938, 10.451774042929197 ], [ 79.155578220022136, 10.451902141826315 ], [ 79.155625967276137, 10.452340356176746 ], [ 79.155690990929628, 10.452347753841767 ], [ 79.156389186721285, 10.45242718729685 ], [ 79.156369175850017, 10.45207923810014 ], [ 79.156416330215919, 10.451926912642424 ], [ 79.156477133584218, 10.451730653341471 ], [ 79.156426924048048, 10.450781624296086 ], [ 79.15642691865817, 10.450781588959565 ], [ 79.156407510556463, 10.45070784956657 ], [ 79.156208296565794, 10.449950831364493 ], [ 79.156106599190792, 10.4496801482974 ], [ 79.156433764718955, 10.449619629854842 ], [ 79.156608415176478, 10.449587345396566 ], [ 79.156695002888398, 10.449483005926865 ], [ 79.156762852641805, 10.449401246564967 ], [ 79.156760599667081, 10.448935681851014 ], [ 79.157005202834114, 10.448881416983875 ], [ 79.15738555042374, 10.448797056678552 ], [ 79.157415045707765, 10.448268169261164 ], [ 79.157851541595903, 10.447872758007495 ], [ 79.157851528121157, 10.447872735921953 ], [ 79.157501392671165, 10.447236947430827 ], [ 79.157878897991253, 10.446918841559018 ], [ 79.157861609015285, 10.446163917563123 ], [ 79.157969864091854, 10.446153462212191 ], [ 79.158500695661218, 10.446102240263558 ], [ 79.158933647695576, 10.446868616239168 ], [ 79.159212572794644, 10.447893462756115 ], [ 79.159629014692371, 10.4490125471984 ], [ 79.159843544060323, 10.448997972563868 ], [ 79.159980350291576, 10.448952115200788 ], [ 79.160693920749296, 10.448234571016203 ], [ 79.160955151732239, 10.44843224158064 ], [ 79.161107557208396, 10.44879309366153 ], [ 79.161368585172085, 10.448914015129064 ], [ 79.161482040595828, 10.448729056388128 ], [ 79.161685737179766, 10.44839708235032 ], [ 79.16205378593483, 10.448143911745651 ], [ 79.162327597823321, 10.447955609680289 ], [ 79.163350578607634, 10.447968905169773 ], [ 79.164022925376983, 10.448173650335688 ], [ 79.164771715183733, 10.448142974436264 ], [ 79.164747849641572, 10.44849336186334 ], [ 79.164686403079514, 10.449395534389696 ], [ 79.165034717644403, 10.449637995200243 ], [ 79.165315823853035, 10.449706123387106 ], [ 79.16532731061055, 10.449708907031756 ], [ 79.165333428137657, 10.449708879645858 ], [ 79.165477992219678, 10.449708267438393 ], [ 79.165571526603685, 10.449730740663897 ], [ 79.165656729113451, 10.449751212066849 ], [ 79.165736495917429, 10.449770377779458 ], [ 79.16603122597563, 10.449841192404977 ], [ 79.166031234060469, 10.449841230391881 ], [ 79.166123676991404, 10.450071287704986 ], [ 79.166147753637645, 10.450079827679911 ], [ 79.166626870094404, 10.450249774634033 ], [ 79.167343040276592, 10.450047490264559 ], [ 79.167776667844024, 10.450018266885056 ], [ 79.168215378977649, 10.449139256734544 ], [ 79.168991824318738, 10.449135541078903 ], [ 79.168973412448651, 10.448168322425824 ], [ 79.169338773444395, 10.448166603289264 ], [ 79.169837324054029, 10.448279351595856 ], [ 79.170317222943439, 10.448387885064649 ], [ 79.170682491412677, 10.448372606315054 ], [ 79.172467401661436, 10.448237564044707 ], [ 79.173733543816724, 10.447842769380378 ], [ 79.17414555342684, 10.447714298655605 ], [ 79.174651664257922, 10.448484865132357 ], [ 79.176055928676334, 10.448021544701577 ], [ 79.176607750280638, 10.448792009706601 ], [ 79.176873580637846, 10.449907299292155 ], [ 79.177016274427459, 10.451086402588116 ], [ 79.177016271732541, 10.451086435274359 ], [ 79.176953209101271, 10.451338346386333 ], [ 79.176920063063889, 10.451470746792545 ], [ 79.176819140036685, 10.451873886838769 ], [ 79.176395933824878, 10.452178790386588 ], [ 79.176263494304209, 10.452146217319424 ], [ 79.176089486142118, 10.452103423201674 ], [ 79.176089454701071, 10.452103395815978 ], [ 79.17573677432388, 10.451879084823789 ], [ 79.175730015399694, 10.45187080285406 ], [ 79.175405996669966, 10.451473788377481 ], [ 79.175117011338003, 10.450979858623956 ], [ 79.175097428963142, 10.450946386116895 ], [ 79.174959171054411, 10.450671254163435 ], [ 79.174728289653331, 10.450161539158826 ], [ 79.174728290551641, 10.450161499405136 ], [ 79.174733204336263, 10.450075005999661 ], [ 79.174733939158159, 10.450062078984471 ], [ 79.174770418843508, 10.449420003277048 ], [ 79.174692832250727, 10.449256915606348 ], [ 79.174525865083822, 10.448905903580059 ], [ 79.174357383357346, 10.448731643039082 ], [ 79.174357289932573, 10.448731546746414 ], [ 79.174277904014275, 10.44864941968433 ], [ 79.173684389801025, 10.448670192404469 ], [ 79.173641578789514, 10.448700287845451 ], [ 79.173515967363343, 10.448788568790047 ], [ 79.173407606285565, 10.448967367419353 ], [ 79.173257676566294, 10.449214757151266 ], [ 79.173004587913127, 10.449300645655315 ], [ 79.172892937204779, 10.449338535426282 ], [ 79.172772804603511, 10.449305865768826 ], [ 79.172664297998665, 10.449276357859116 ], [ 79.172206606361385, 10.449084160606564 ], [ 79.171915489327276, 10.449298013954781 ], [ 79.171916234928972, 10.449460037969908 ], [ 79.171916674205121, 10.44955557243321 ], [ 79.171974521217848, 10.449771642831292 ], [ 79.172070193592248, 10.450129000333309 ], [ 79.171681381177706, 10.450944523882828 ], [ 79.171681341651833, 10.450944535367189 ], [ 79.171375754555115, 10.451036426180892 ], [ 79.170427133615064, 10.451298574308858 ], [ 79.168767797063282, 10.451925743007639 ], [ 79.167650609955132, 10.452241431162523 ], [ 79.167563751850309, 10.452265974915463 ], [ 79.166407125107924, 10.452967589910823 ], [ 79.166046377859502, 10.452940586808021 ], [ 79.165612182556828, 10.452908085376757 ], [ 79.165674178887841, 10.453454787602759 ], [ 79.166214981756852, 10.454785766043999 ], [ 79.166343349214316, 10.455077483740114 ], [ 79.166399595429226, 10.455205313604212 ], [ 79.166421220573056, 10.455238478228848 ], [ 79.166537679963128, 10.455417104415657 ], [ 79.166624072740618, 10.455437636398392 ], [ 79.166780047223412, 10.455474715343033 ], [ 79.167254224742763, 10.45532331470416 ], [ 79.16880825898032, 10.45461979688227 ], [ 79.169628499886471, 10.454240690739999 ], [ 79.170330053580642, 10.45400321857147 ], [ 79.171497870636514, 10.453607913559626 ], [ 79.171957519702772, 10.453443831606222 ], [ 79.172395992782853, 10.453287309755511 ], [ 79.172793282598747, 10.453271858099271 ], [ 79.17279649856745, 10.453288979392998 ], [ 79.17290102294065, 10.453845387797232 ], [ 79.172886876271519, 10.456557719281955 ], [ 79.172927605886528, 10.456905280949984 ], [ 79.173010781797004, 10.457615055971486 ], [ 79.173109262304976, 10.458135044078304 ], [ 79.173216919103552, 10.458703479112545 ], [ 79.174025257332204, 10.458681533920668 ], [ 79.174331230704468, 10.458613112650385 ], [ 79.174768809062556, 10.458515262071666 ], [ 79.175258788846051, 10.458518144577154 ], [ 79.176038557055392, 10.458522732911035 ], [ 79.176978644898554, 10.458452035989538 ], [ 79.177321432129503, 10.458426256860918 ], [ 79.177579727418092, 10.45843721268167 ], [ 79.177992924601014, 10.458454738283791 ], [ 79.178102477743167, 10.458562047349998 ], [ 79.178112249616817, 10.458571618892172 ], [ 79.178112273871307, 10.458571648044082 ], [ 79.178511663050003, 10.459080858078819 ], [ 79.17853963389301, 10.459116521398331 ], [ 79.178590472249894, 10.459442856791654 ], [ 79.178600867554351, 10.459509587073656 ], [ 79.178848892404289, 10.459793173165204 ], [ 79.179338255045209, 10.459926489572094 ], [ 79.179578594807921, 10.459874005767741 ], [ 79.179997575344643, 10.459782508910225 ], [ 79.180100123424197, 10.459760115033681 ], [ 79.180820513891575, 10.459563800613779 ], [ 79.180893743655233, 10.459543844873128 ], [ 79.181005016172833, 10.459529528682289 ], [ 79.18162408116774, 10.4594498806141 ], [ 79.182418072402982, 10.459324064857753 ], [ 79.183316596096219, 10.4590757194015 ], [ 79.184215848323177, 10.458980921080657 ], [ 79.185677544732684, 10.45901911443997 ], [ 79.187248188819837, 10.458939275428543 ], [ 79.187375834930137, 10.458958818664954 ], [ 79.188107400439648, 10.459070821889423 ], [ 79.188288543021756, 10.459107658351376 ], [ 79.188976050658155, 10.459247467079503 ], [ 79.18951273026002, 10.459367136247764 ], [ 79.189968203956838, 10.459468696789628 ], [ 79.190685988411573, 10.459614406387535 ], [ 79.190715943633052, 10.459628702256554 ], [ 79.191070440403706, 10.459797878970761 ], [ 79.191211322291394, 10.460579261668327 ], [ 79.191182998410511, 10.460642100394404 ], [ 79.190637502742433, 10.461852310963854 ], [ 79.190242518003572, 10.462324258167444 ], [ 79.190335134309379, 10.462581542592794 ], [ 79.190437905171123, 10.462604212763551 ], [ 79.190595746353083, 10.462639030283983 ], [ 79.190878913296942, 10.462644678612289 ], [ 79.191143872288308, 10.462649963871501 ], [ 79.191741781958257, 10.462597368338535 ], [ 79.19223037833622, 10.462554385734869 ], [ 79.193507951553528, 10.462619800879034 ], [ 79.193600805912865, 10.462624554344236 ], [ 79.194474568443653, 10.462909697635917 ], [ 79.194444159572967, 10.463212677831329 ], [ 79.194704061049265, 10.46592818885461 ], [ 79.194493421386497, 10.465917556611837 ], [ 79.194215302076231, 10.465903516326584 ], [ 79.194215954253124, 10.466038127778178 ], [ 79.194216746567193, 10.466201744604531 ], [ 79.194272971222532, 10.466354379302718 ], [ 79.194323152910926, 10.466490609773105 ], [ 79.194391282938696, 10.46735616040924 ], [ 79.194420611136096, 10.467728743662839 ], [ 79.194160844407094, 10.467852013687367 ], [ 79.193820067605742, 10.468051561275271 ], [ 79.19325010991416, 10.468385308403539 ], [ 79.193037575704452, 10.468508554316269 ], [ 79.192676300246646, 10.468718051673179 ], [ 79.192128062022007, 10.468675531032776 ], [ 79.191300413608033, 10.46848513283528 ], [ 79.191076880425996, 10.468478316807708 ], [ 79.190916661403477, 10.468473431811127 ], [ 79.190883182091142, 10.468525863808976 ], [ 79.190708206443475, 10.468799902233284 ], [ 79.190664263554737, 10.469246880395238 ], [ 79.190647291684073, 10.46941951728609 ], [ 79.190548783328325, 10.470748989143923 ], [ 79.19042779103934, 10.470910318242913 ], [ 79.190276547084849, 10.471111984798721 ], [ 79.190027778429851, 10.471159710717258 ], [ 79.189865873269582, 10.471190770367972 ], [ 79.188366672196949, 10.470953797017907 ], [ 79.187852563664919, 10.470930501158154 ], [ 79.187466688741353, 10.470913016011847 ], [ 79.186716184050709, 10.470631758897611 ], [ 79.186422428664599, 10.470316771403272 ], [ 79.186263934407435, 10.469886934595463 ], [ 79.186209460568605, 10.46973920162981 ], [ 79.185991826623038, 10.469581234871809 ], [ 79.185838185963377, 10.469469718639941 ], [ 79.185367567569159, 10.469426721088137 ], [ 79.184482574300716, 10.469629937138269 ], [ 79.184409363401684, 10.469641351910326 ], [ 79.18328684479232, 10.469816378951101 ], [ 79.183263689817565, 10.470027858564034 ], [ 79.183007053717319, 10.472371808604741 ], [ 79.182866310170169, 10.472363897306398 ], [ 79.181969978366212, 10.472313511800657 ], [ 79.181826901894269, 10.472258554056463 ], [ 79.180807690440872, 10.471867046871338 ], [ 79.180052765140744, 10.471720767082582 ], [ 79.17960081643308, 10.471633193160688 ], [ 79.179419863395523, 10.471995709886331 ], [ 79.179283155978936, 10.472385608325434 ], [ 79.179199159008306, 10.472625172332879 ], [ 79.17919913116053, 10.472625164382753 ], [ 79.178311939714575, 10.472371707902655 ], [ 79.178037354376613, 10.472282625399426 ], [ 79.177937347630987, 10.473322828054437 ], [ 79.178054439435016, 10.47355173638948 ], [ 79.178246432767423, 10.473927092974792 ], [ 79.178282218953399, 10.473975798091894 ], [ 79.178411856628685, 10.474152239573426 ], [ 79.178615389719226, 10.474680145646317 ], [ 79.178949601632496, 10.475872744130839 ], [ 79.179001240388274, 10.476057010935845 ], [ 79.179001249371439, 10.476057045386188 ], [ 79.178146862603015, 10.475997797033246 ], [ 79.177979303446349, 10.475947671820716 ], [ 79.177552160816958, 10.47581988495488 ], [ 79.177259709784636, 10.475776097692773 ], [ 79.177063935443186, 10.475899087147976 ], [ 79.176979020394327, 10.476284087852948 ], [ 79.176961155598264, 10.476365088408404 ], [ 79.176925185257645, 10.476642670044008 ], [ 79.176798181442777, 10.477622686935101 ], [ 79.176684277759719, 10.477656739566113 ], [ 79.176337662807327, 10.477760362008452 ], [ 79.176337631366295, 10.477760377025186 ], [ 79.176243578654351, 10.477684379169723 ], [ 79.17615415855434, 10.477612123993703 ], [ 79.176038008184747, 10.477381083631386 ], [ 79.176015871001198, 10.477337049255407 ], [ 79.176005875447032, 10.477327837810824 ], [ 79.17600521698192, 10.477327230957899 ], [ 79.175708426188493, 10.477053722125651 ], [ 79.175634874827963, 10.476963726712775 ], [ 79.175387204812552, 10.476738898392298 ], [ 79.174637355892045, 10.476575146676231 ], [ 79.17434988961125, 10.476621671294927 ], [ 79.174137550335971, 10.477106422973613 ], [ 79.173985694628769, 10.47779393938943 ], [ 79.173900669087132, 10.47817888120637 ], [ 79.173870818070242, 10.478206488963339 ], [ 79.173718853666884, 10.478347003698362 ], [ 79.173458678204412, 10.478379952081498 ], [ 79.173243123858725, 10.47821364839437 ], [ 79.172889820949052, 10.477880774868115 ], [ 79.172521898856431, 10.477353689568581 ], [ 79.172409106389381, 10.477060404580575 ], [ 79.172383048957911, 10.476992627785693 ], [ 79.172383039974775, 10.476992591568781 ], [ 79.172362435317083, 10.476509124971662 ], [ 79.172431328014554, 10.476450494159899 ], [ 79.172485293406922, 10.476404568420199 ], [ 79.172533670379934, 10.476338293160588 ], [ 79.172607801153816, 10.476236734609953 ], [ 79.17300545209244, 10.476293529880456 ], [ 79.17310702909316, 10.476483669763134 ], [ 79.173111453295931, 10.476491953725786 ], [ 79.173541023173243, 10.476548754249521 ], [ 79.173697710020036, 10.476442990185499 ], [ 79.173723202411168, 10.476425782718994 ], [ 79.174024890819553, 10.476139837416572 ], [ 79.174073201317228, 10.476094046782 ], [ 79.174093947010391, 10.476067392845339 ], [ 79.174391006400128, 10.475685748571911 ], [ 79.174572171440104, 10.475382019122392 ], [ 79.174673536438448, 10.475155062562362 ], [ 79.17467569598837, 10.475150228021617 ], [ 79.174843274908014, 10.474775017786296 ], [ 79.174963740784236, 10.474186795210013 ], [ 79.174876892560889, 10.474187221866424 ], [ 79.174813030429021, 10.474187534571106 ], [ 79.174580060444924, 10.474148222112714 ], [ 79.174369610326693, 10.474112708040552 ], [ 79.17345772599019, 10.474246603950826 ], [ 79.173192075296072, 10.474285606342185 ], [ 79.17319204565166, 10.47428560810887 ], [ 79.173010781797004, 10.474272672385474 ], [ 79.172598088568961, 10.474243201300428 ], [ 79.172378974199816, 10.474336811272561 ], [ 79.172352089419988, 10.47434829477227 ], [ 79.172307857273694, 10.474665027193382 ], [ 79.172195059416723, 10.474992625308962 ], [ 79.172145732026166, 10.475135883400853 ], [ 79.171870809819964, 10.475753896656375 ], [ 79.171734629714479, 10.476060011646062 ], [ 79.171734617138057, 10.47606003814629 ], [ 79.171466472720695, 10.476522892707907 ], [ 79.171191031288316, 10.476998326202773 ], [ 79.170705363418151, 10.477619958307789 ], [ 79.170705330180496, 10.477620001591296 ], [ 79.170645431415636, 10.477707775222152 ], [ 79.170052286409941, 10.478576899422725 ], [ 79.17006960233536, 10.478740342680686 ], [ 79.17099069620015, 10.478724705025696 ], [ 79.171911790064925, 10.478709062069905 ], [ 79.171914618859759, 10.478763483370004 ], [ 79.171916876326065, 10.478806894793166 ], [ 79.171959623557186, 10.479629308017223 ], [ 79.172129796811333, 10.480431206397665 ], [ 79.172081571653621, 10.481199378178275 ], [ 79.171861437696634, 10.48134696434829 ], [ 79.171769773605035, 10.48140841822647 ], [ 79.170887398027318, 10.481679559435442 ], [ 79.170140465936555, 10.481673930003815 ], [ 79.169654779201792, 10.481261187182954 ], [ 79.169425107831415, 10.480633114972528 ], [ 79.169048059753834, 10.47948759076637 ], [ 79.168982432432443, 10.479288206007725 ], [ 79.168488877354093, 10.4782959416476 ], [ 79.167229684565811, 10.476700678948454 ], [ 79.166809422133198, 10.476252503124947 ], [ 79.166706406031352, 10.476142641140891 ], [ 79.166706369200426, 10.476142602273889 ], [ 79.166490636988328, 10.47591759138923 ], [ 79.166276701406758, 10.476072319239258 ], [ 79.166283726232308, 10.476227875585625 ], [ 79.166297112926642, 10.476524231851208 ], [ 79.16626124679064, 10.476741097023812 ], [ 79.166235010594434, 10.476899732353642 ], [ 79.165519792626483, 10.477282881222685 ], [ 79.164932259396366, 10.477633751611407 ], [ 79.164827249034602, 10.477634300163542 ], [ 79.1646914632895, 10.477634939699339 ], [ 79.164658216640859, 10.477635101349962 ], [ 79.16457284884109, 10.477519473431807 ], [ 79.16450188912016, 10.477423360159802 ], [ 79.163825590661887, 10.476400374320676 ], [ 79.163705809301916, 10.47618849006877 ], [ 79.163443840802117, 10.475841684949323 ], [ 79.16327578936864, 10.475836488249158 ], [ 79.163060165852684, 10.475829814601228 ], [ 79.162992232555951, 10.475869864436683 ], [ 79.162727641873872, 10.476025841355137 ], [ 79.162497192562441, 10.476250214389236 ], [ 79.162195764665483, 10.476543681228776 ], [ 79.161798408374281, 10.476545560975993 ], [ 79.161685438939102, 10.476434780422084 ], [ 79.161660755031718, 10.476410573367179 ], [ 79.161554055837215, 10.476324765684778 ], [ 79.161303134818795, 10.476122962069466 ], [ 79.161009501603559, 10.475839605562593 ], [ 79.160635967735374, 10.47544782818145 ], [ 79.160550403204581, 10.475358085821645 ], [ 79.160105381406098, 10.47494880436291 ], [ 79.159784722375534, 10.474742281905952 ], [ 79.159720682377227, 10.474533324811 ], [ 79.159719720281558, 10.474530183634053 ], [ 79.159726210609492, 10.474509432961964 ], [ 79.159796187573491, 10.474285714110447 ], [ 79.160132266185883, 10.473890931383631 ], [ 79.160177248425455, 10.47375495856901 ], [ 79.160146849436231, 10.473677131200789 ], [ 79.160066252588919, 10.473470791632952 ], [ 79.15973274495488, 10.473440635876452 ], [ 79.158833826002876, 10.47361220334723 ], [ 79.158557143098733, 10.474020344403465 ], [ 79.158486316328478, 10.474153622010972 ], [ 79.158330775731997, 10.47444629140805 ], [ 79.158127743003035, 10.474596526414638 ], [ 79.15810324235197, 10.474614652661867 ], [ 79.15810321809748, 10.474614673862158 ], [ 79.157924843224762, 10.474780218921007 ], [ 79.157466732972551, 10.475205364571863 ], [ 79.157083611385374, 10.475311145841859 ], [ 79.156260962095971, 10.475224496028499 ], [ 79.155479393662787, 10.47509258364801 ], [ 79.155190590688832, 10.474867932405525 ], [ 79.155163219022114, 10.475835429122222 ], [ 79.155181911166551, 10.475972630635381 ], [ 79.155210615034846, 10.476183305741168 ], [ 79.15467747389684, 10.476443451289022 ], [ 79.154395726291128, 10.476518621759377 ], [ 79.154280684442611, 10.476549309870313 ], [ 79.1542806547982, 10.476549323120414 ], [ 79.154146082677045, 10.476457314428931 ], [ 79.154083621018742, 10.47641460669867 ], [ 79.153650851342391, 10.475706871052317 ], [ 79.153382515583885, 10.475519103351692 ], [ 79.153330038699906, 10.475482382790247 ], [ 79.153299368419511, 10.47550760134515 ], [ 79.153245473994005, 10.475551917767437 ], [ 79.153143402919838, 10.475635848561227 ], [ 79.15312534588432, 10.47565069578067 ], [ 79.151842629812037, 10.475796771429303 ], [ 79.151556421172643, 10.47612811459782 ], [ 79.151554003806183, 10.476247148313671 ], [ 79.151541640292933, 10.476855974394367 ], [ 79.152049224361079, 10.476945600602948 ], [ 79.152689040439029, 10.477058584903501 ], [ 79.152802729424749, 10.477647030812468 ], [ 79.152829510000032, 10.477785658111575 ], [ 79.152556013420195, 10.477891003899337 ], [ 79.151624945560798, 10.478048962005392 ], [ 79.151325208293215, 10.47805037887562 ], [ 79.15101302127411, 10.478051854046004 ], [ 79.150543182617582, 10.478189674678939 ], [ 79.150422415805735, 10.478448735574139 ], [ 79.150253837959511, 10.478810354810085 ], [ 79.150192548602632, 10.47914592680142 ], [ 79.150138155612169, 10.479443740422795 ], [ 79.149994967749151, 10.480091551282031 ], [ 79.149972502680512, 10.480193191601966 ], [ 79.149911914009536, 10.480467323059038 ], [ 79.149910130853712, 10.48047538961635 ], [ 79.149615483440513, 10.48188718672346 ], [ 79.149402589904696, 10.482267887917134 ], [ 79.149164704339356, 10.482695664425739 ], [ 79.149158049619757, 10.482707623726315 ], [ 79.14907161641807, 10.482747438592149 ], [ 79.14876155121965, 10.48289023200388 ], [ 79.148578108950403, 10.483021611954378 ], [ 79.148488394202985, 10.483085864745142 ], [ 79.148250012767605, 10.483120413202009 ], [ 79.147940726408549, 10.483165237328047 ], [ 79.147206239577756, 10.483349569577289 ], [ 79.147027217918051, 10.484105273147836 ], [ 79.147232052667448, 10.484936163617602 ], [ 79.147413929173126, 10.485575915112417 ], [ 79.147464353406662, 10.485753317214705 ], [ 79.147341592334882, 10.485857830860995 ], [ 79.14734156808035, 10.48585785117722 ], [ 79.146733777840595, 10.485801871192281 ], [ 79.146428345254108, 10.485920837591692 ], [ 79.146428305728236, 10.485920854374626 ], [ 79.145785862976368, 10.486226707571687 ], [ 79.145009573043836, 10.486275522935415 ], [ 79.144716916297298, 10.486204561166444 ], [ 79.144681679880293, 10.486183611647858 ], [ 79.14446040057129, 10.48605204931007 ], [ 79.144460361943729, 10.486052021044047 ], [ 79.144458500634471, 10.486050500862849 ], [ 79.144458400023169, 10.486050418714758 ], [ 79.144075202079136, 10.4857373937202 ], [ 79.144060113975627, 10.485434659023227 ], [ 79.143902924072265, 10.485042036962508 ], [ 79.143581418828703, 10.48466386016548 ], [ 79.143408715020399, 10.484401699608288 ], [ 79.143305328812659, 10.484244761441174 ], [ 79.143173898100088, 10.484257864578522 ], [ 79.142736084383401, 10.484301514610662 ], [ 79.142497292417971, 10.484325324439222 ], [ 79.141885247757017, 10.484328175788619 ], [ 79.141869833565053, 10.484332215200237 ], [ 79.141305926925227, 10.484480030422885 ], [ 79.141296602412581, 10.485402347377162 ], [ 79.141586018037543, 10.485762655605836 ], [ 79.141580233785433, 10.485802304899192 ], [ 79.141528633657202, 10.486156048767686 ], [ 79.141163336441878, 10.48620302243639 ], [ 79.140011429447981, 10.486298014710602 ], [ 79.138839517871048, 10.486394649915523 ], [ 79.138564321678686, 10.486169856707466 ], [ 79.138326896050813, 10.485735801989028 ], [ 79.138283210080189, 10.485655936292671 ], [ 79.138225104352671, 10.485590950884594 ], [ 79.138053736339202, 10.485399290225358 ], [ 79.137565798426323, 10.485568827400032 ], [ 79.137155223425694, 10.4856927916783 ], [ 79.136763758286151, 10.485952216405089 ], [ 79.13618520641225, 10.486284904593081 ], [ 79.135423907565155, 10.486604901009059 ], [ 79.135131620026186, 10.48660626042491 ], [ 79.13507734740999, 10.486473717790959 ], [ 79.135039255248699, 10.486380689172851 ], [ 79.134959669006093, 10.48616268156073 ], [ 79.134918970832146, 10.486051196029969 ], [ 79.13494368977382, 10.485990124664429 ], [ 79.135036308774559, 10.485761295302954 ], [ 79.13509823324037, 10.485340647846819 ], [ 79.135068006727678, 10.48510744294393 ], [ 79.135050814769784, 10.484974801620204 ], [ 79.134393324338603, 10.485023028009783 ], [ 79.134218126807042, 10.485352667110622 ], [ 79.134166951581932, 10.485448953701408 ], [ 79.134114516020489, 10.485504115801138 ], [ 79.133907982556892, 10.485721385426777 ], [ 79.133684003810501, 10.485976490729284 ], [ 79.133680836350791, 10.485980098179388 ], [ 79.133297302436873, 10.486013566904949 ], [ 79.132671750707274, 10.486043491776142 ], [ 79.1322693234263, 10.486062544831839 ], [ 79.132247038020736, 10.486063601273825 ], [ 79.131788309727639, 10.486608958057197 ], [ 79.131697393034372, 10.48671704440696 ], [ 79.13147913835293, 10.486874531623153 ], [ 79.131092057890257, 10.487153841309077 ], [ 79.130267641614694, 10.487659479989786 ], [ 79.129857600213342, 10.487855677684044 ], [ 79.129769286837771, 10.487986353298059 ], [ 79.129735035872628, 10.488037033928842 ], [ 79.129728001165631, 10.488126448440974 ], [ 79.129691979621057, 10.48858425984284 ], [ 79.129917415434889, 10.489304356156838 ], [ 79.129956217265246, 10.489428300389623 ], [ 79.129970108812785, 10.489434946362122 ], [ 79.130171499421408, 10.489531309413634 ], [ 79.130207184097742, 10.489566312052041 ], [ 79.130295343861434, 10.489652785608463 ], [ 79.130507689424917, 10.48964418135907 ], [ 79.130674332300003, 10.489637427628208 ], [ 79.13102128322231, 10.489463760590656 ], [ 79.131221165559538, 10.489363708843552 ], [ 79.131466213392628, 10.48902809757795 ], [ 79.13166178201989, 10.488846377992322 ], [ 79.131866571853521, 10.488888509860042 ], [ 79.131876706646537, 10.488890593575682 ], [ 79.13193673926034, 10.48893189336451 ], [ 79.13209206965108, 10.489038747577034 ], [ 79.132184493717389, 10.489268900354107 ], [ 79.132127027590371, 10.489422785928319 ], [ 79.132049193062556, 10.489631213594997 ], [ 79.132050201870641, 10.489850750409436 ], [ 79.132050230616699, 10.489857128732369 ], [ 79.132340830221253, 10.490461507136175 ], [ 79.132288163792751, 10.490531692391777 ], [ 79.132068495163097, 10.490824421390707 ], [ 79.131829019579698, 10.491151294005874 ], [ 79.1316464612527, 10.491400479389496 ], [ 79.131311914267854, 10.492125346894602 ], [ 79.131313548303368, 10.492473423384972 ], [ 79.131339100881618, 10.492506829577685 ], [ 79.131451357952784, 10.492653594192845 ], [ 79.131607214756272, 10.492761355145911 ], [ 79.131771811269132, 10.492805803359291 ], [ 79.132032455652208, 10.492863404687041 ], [ 79.132264129367357, 10.492912448660109 ], [ 79.132951468120453, 10.493057955273922 ], [ 79.132933771309368, 10.493445712594109 ], [ 79.132893481868877, 10.494328523339725 ], [ 79.132380048869933, 10.494242048440293 ], [ 79.132344927437245, 10.494236133051396 ], [ 79.131672654329762, 10.49404488229337 ], [ 79.131077761202519, 10.493821612135957 ], [ 79.130647057651331, 10.493534274050383 ], [ 79.130564933668083, 10.493355055944091 ], [ 79.130508559892434, 10.493232030141661 ], [ 79.130532467655385, 10.492764227616634 ], [ 79.130537907852741, 10.492657782772451 ], [ 79.130509068338867, 10.492506667051545 ], [ 79.130472400905603, 10.492314522213185 ], [ 79.130137563764933, 10.492026782594822 ], [ 79.129464550445647, 10.4916953239452 ], [ 79.129336357261337, 10.491683295211462 ], [ 79.129327418125925, 10.491682456079639 ], [ 79.128977769562837, 10.492108974130591 ], [ 79.128861170035577, 10.492247443027452 ], [ 79.128737012083562, 10.4923948887858 ], [ 79.128801391644998, 10.495391647404313 ], [ 79.129039137971489, 10.496444733719049 ], [ 79.129047698017828, 10.496482648642415 ], [ 79.129538488081735, 10.498656539923596 ], [ 79.130522147809401, 10.499004541051194 ], [ 79.130307069570833, 10.497938806069115 ], [ 79.130564267118132, 10.497273138183742 ], [ 79.131747875658377, 10.497421301419719 ], [ 79.131699094443533, 10.49772437770007 ], [ 79.131955618254381, 10.497876915600646 ], [ 79.132782164435483, 10.497823358858499 ], [ 79.1335032969113, 10.497716016577035 ], [ 79.134069544560745, 10.497663736146052 ], [ 79.134481927870013, 10.49796917760915 ], [ 79.134892906214162, 10.497917560563403 ], [ 79.139169586754178, 10.498200630110059 ], [ 79.141127630205943, 10.501493385709756 ], [ 79.140940305418084, 10.502848167568768 ], [ 79.140620744128782, 10.504385138077541 ], [ 79.140383392162718, 10.506044159828777 ], [ 79.140264765137886, 10.507526879275801 ], [ 79.140461217707369, 10.508512339837296 ], [ 79.141420289647399, 10.508751904140114 ], [ 79.141539096335322, 10.509579148594977 ], [ 79.140064015028088, 10.510130679291445 ], [ 79.140461505168261, 10.512300501757021 ], [ 79.141658056635123, 10.512341158071063 ], [ 79.141895710435136, 10.5144341335752 ], [ 79.142891327637571, 10.51455163869057 ], [ 79.14309220979969, 10.513760548593396 ], [ 79.143649315294525, 10.512973968920928 ], [ 79.144923494676661, 10.512856393429464 ], [ 79.145320887798775, 10.513566094062982 ], [ 79.145960267295507, 10.513566070215679 ], [ 79.146238892357317, 10.51395934055863 ], [ 79.146517502147731, 10.514194394384456 ], [ 79.147631956580781, 10.515261179978603 ], [ 79.148230336069631, 10.516228535327583 ], [ 79.14829653831282, 10.516392685580154 ], [ 79.148319869357366, 10.516450535997015 ], [ 79.148627768717645, 10.517213981365737 ], [ 79.149015136641196, 10.518196488431165 ], [ 79.149422646590054, 10.51923007504743 ], [ 79.150779052363433, 10.519062747601071 ], [ 79.150779057753311, 10.519115068571251 ], [ 79.150779103567402, 10.519536457008526 ], [ 79.150779138601692, 10.519853830290362 ], [ 79.150800756559008, 10.519859638319598 ], [ 79.151788497333015, 10.520125003137126 ], [ 79.152980571596501, 10.520595075604831 ], [ 79.153766248923802, 10.521508167394135 ], [ 79.154074189606547, 10.521585585279352 ], [ 79.154880624305108, 10.521788346651762 ], [ 79.155159284401151, 10.522416647897352 ], [ 79.15515929607929, 10.522416674393625 ], [ 79.15420017024033, 10.522181672757458 ], [ 79.15416368606337, 10.522615627709124 ], [ 79.153843986433515, 10.522615655971773 ], [ 79.153684034210684, 10.521747740158819 ], [ 79.153116227085889, 10.521921639882674 ], [ 79.153049227138737, 10.521942160388059 ], [ 79.153095200220022, 10.522094940692295 ], [ 79.153405601388357, 10.523126502303246 ], [ 79.152012771625166, 10.524075857141982 ], [ 79.152012732099294, 10.524075886287719 ], [ 79.151432961211555, 10.522066408601072 ], [ 79.151295412971891, 10.521589665714959 ], [ 79.150578387593569, 10.521707262609292 ], [ 79.150578449577338, 10.522265605908217 ], [ 79.150578461255435, 10.522376266705376 ], [ 79.150299903567273, 10.522733399087503 ], [ 79.150459822552463, 10.523366256634716 ], [ 79.150173054262638, 10.52344314766292 ], [ 79.15002138989658, 10.523483812224255 ], [ 79.149820384665247, 10.523009172678494 ], [ 79.149623998571087, 10.523009182393777 ], [ 79.149624044385178, 10.523453564192625 ], [ 79.149624056961613, 10.523601335090426 ], [ 79.149624059656531, 10.523601365119417 ], [ 79.149393456733208, 10.523620939600146 ], [ 79.149144514703366, 10.523642072936969 ], [ 79.149144508415134, 10.523642105615552 ], [ 79.149144526381448, 10.523759616939746 ], [ 79.148944041274675, 10.528298172408906 ], [ 79.149661179840692, 10.529125381244738 ], [ 79.149666150219161, 10.529146954032695 ], [ 79.149743429588128, 10.529482496095305 ], [ 79.149939945039677, 10.530644247200224 ], [ 79.151337527789053, 10.530680336796122 ], [ 79.15180795484207, 10.531213902029576 ], [ 79.151931319581735, 10.531353823008676 ], [ 79.151802962904043, 10.531881126201295 ], [ 79.15165291101394, 10.532497549306902 ], [ 79.151831177190488, 10.532495146174361 ], [ 79.153000216853471, 10.532479386711366 ], [ 79.152684738407132, 10.52955919129691 ], [ 79.153803707772838, 10.529536518085084 ], [ 79.153963815404211, 10.531353712610745 ], [ 79.153963818099172, 10.531353746171716 ], [ 79.156749651898721, 10.530209885800375 ], [ 79.157389276635527, 10.531981809780039 ], [ 79.157766497189627, 10.532768733114098 ], [ 79.15778536181061, 10.532808087574095 ], [ 79.158147682009087, 10.533563944819948 ], [ 79.159458396772166, 10.532849605817411 ], [ 79.160750841598983, 10.532180469006514 ], [ 79.161865224166803, 10.531945307007607 ], [ 79.163619132656777, 10.532455958595422 ], [ 79.165130962245641, 10.532849092690473 ], [ 79.165208305394955, 10.530918844379697 ], [ 79.165527994245011, 10.530801279260251 ], [ 79.16588886276601, 10.531153840240066 ], [ 79.166641879146169, 10.530915722322668 ], [ 79.166761164636142, 10.530878002395637 ], [ 79.166642321117308, 10.530285830995863 ], [ 79.166811208882294, 10.530264224726563 ], [ 79.167880019017446, 10.530127483608199 ], [ 79.168028052393112, 10.531155804440781 ], [ 79.168061587400985, 10.531388754668425 ], [ 79.168396713799197, 10.533716682271718 ], [ 79.170625409764583, 10.532889183711324 ], [ 79.170346601446482, 10.531704852801671 ], [ 79.171849231388521, 10.531704675282025 ], [ 79.171858754428854, 10.531737103080802 ], [ 79.172128004672345, 10.532653941000728 ], [ 79.173758464879342, 10.532337305100965 ], [ 79.174836740562611, 10.534466308260638 ], [ 79.174037476216682, 10.53454778019357 ], [ 79.174316308789287, 10.535768271310998 ], [ 79.175074432990172, 10.535492424349687 ], [ 79.176348707593732, 10.535456091562065 ], [ 79.177184613321813, 10.53588994304315 ], [ 79.177545616590095, 10.53683467140052 ], [ 79.177742291043458, 10.538254071067227 ], [ 79.179258678684093, 10.538371388706684 ], [ 79.180331985785571, 10.538253700138574 ], [ 79.181446397099492, 10.538136001810717 ], [ 79.181956347330086, 10.5380888903198 ], [ 79.18201695756062, 10.538083290177546 ], [ 79.18272066541482, 10.538018274293446 ], [ 79.184634327599952, 10.537742222686443 ], [ 79.184634388685438, 10.538017972251346 ], [ 79.185073228278128, 10.539713077419322 ], [ 79.185388599824932, 10.540716569877004 ], [ 79.185946192206586, 10.542375488952175 ], [ 79.184635963432115, 10.545214557424114 ], [ 79.184606983781052, 10.545281481144334 ], [ 79.183439880885814, 10.547976751913932 ], [ 79.182805199578027, 10.548926149397087 ], [ 79.182526614042089, 10.549084409403234 ], [ 79.181371113787108, 10.549477865806102 ], [ 79.180055794259872, 10.550110927168413 ], [ 79.178822646326651, 10.550545069741318 ], [ 79.179777271606028, 10.550585616801435 ], [ 79.180973950633671, 10.550504071397308 ], [ 79.182166062626408, 10.55042704317378 ], [ 79.18303840042914, 10.550128557080084 ], [ 79.183117096441293, 10.556104745702411 ], [ 79.183117331799892, 10.556122681710384 ], [ 79.183437201211333, 10.556755496253993 ], [ 79.185150013573661, 10.556520151679951 ], [ 79.185506130905111, 10.555810385724469 ], [ 79.187538711169239, 10.555769361588959 ], [ 79.187545017342529, 10.555788293768057 ], [ 79.18869512590922, 10.559240878325266 ], [ 79.189777094566665, 10.55937649203474 ], [ 79.190567927325333, 10.559475610592521 ], [ 79.190855856238542, 10.560167188578729 ], [ 79.190618439593791, 10.560601195968555 ], [ 79.190061527236765, 10.562061405970795 ], [ 79.190618842039029, 10.562300888897735 ], [ 79.190618874378387, 10.562422310819173 ], [ 79.190619034278512, 10.562969922240901 ], [ 79.191047646551681, 10.562948977936287 ], [ 79.191454887005989, 10.562929082744224 ], [ 79.191336461203761, 10.564312364676249 ], [ 79.190035729418412, 10.564538243645268 ], [ 79.189303896210987, 10.564665325273994 ], [ 79.188964665410239, 10.564781604927026 ], [ 79.188947639640645, 10.564787440367542 ], [ 79.187235109349302, 10.566442224824982 ], [ 79.187321731197216, 10.566605706308591 ], [ 79.18763267943956, 10.56719255789749 ], [ 79.187926724083198, 10.567138069187532 ], [ 79.188267572749751, 10.567074911265161 ], [ 79.189304440590021, 10.566993362287668 ], [ 79.189189775135588, 10.566373992566501 ], [ 79.189107790391191, 10.565931092728102 ], [ 79.189396582585374, 10.56581565332333 ], [ 79.190103453407701, 10.565533114793075 ], [ 79.190122415945041, 10.566292824894717 ], [ 79.190181855670744, 10.568674817887807 ], [ 79.190446278367901, 10.572074775240228 ], [ 79.190461344013514, 10.572268499610731 ], [ 79.190461346708474, 10.572268532284161 ], [ 79.190699847619754, 10.576332380908449 ], [ 79.190701529265979, 10.576370075833584 ], [ 79.190782514185486, 10.57818575383833 ], [ 79.190698101294856, 10.57817139811532 ], [ 79.190686239041526, 10.578169380348925 ], [ 79.18966631522413, 10.577995926567143 ], [ 79.18823349336283, 10.577752232253498 ], [ 79.18797102809468, 10.577016830026732 ], [ 79.187712416599112, 10.576292224023728 ], [ 79.186760087413589, 10.576292385622647 ], [ 79.185962901769201, 10.576292518963815 ], [ 79.185921896371426, 10.576767172563175 ], [ 79.184926033928932, 10.576527753018558 ], [ 79.184926019555874, 10.576527718579486 ], [ 79.184487288659327, 10.575501680259821 ], [ 79.1828153667104, 10.57519003359516 ], [ 79.18010646373348, 10.574516896806982 ], [ 79.180147476317757, 10.574006078392586 ], [ 79.18108547827282, 10.57395806196188 ], [ 79.181741642790641, 10.573924471207851 ], [ 79.182103215590814, 10.573262351385724 ], [ 79.182257614428607, 10.572979615719587 ], [ 79.182169301951333, 10.572869789070261 ], [ 79.182097695443417, 10.572780729404281 ], [ 79.182012465984201, 10.572646611342744 ], [ 79.18189663541483, 10.57246433968314 ], [ 79.18142161078417, 10.572581943629526 ], [ 79.181421596411113, 10.572581913605305 ], [ 79.181329729300259, 10.572388179718864 ], [ 79.181328336911591, 10.57238524440954 ], [ 79.181179407017268, 10.572071167914432 ], [ 79.181179456424601, 10.572071157317664 ], [ 79.181745949314106, 10.571955842084281 ], [ 79.182335025849881, 10.571835927794831 ], [ 79.182298323382327, 10.571085537188949 ], [ 79.181863238747496, 10.571060026203874 ], [ 79.180914248599876, 10.571004378710127 ], [ 79.179042956353442, 10.571249173386851 ], [ 79.178803959572093, 10.571280434015694 ], [ 79.178845196735224, 10.571953974398362 ], [ 79.17876347429889, 10.574399559402897 ], [ 79.178804050301949, 10.576557961393199 ], [ 79.178805028567282, 10.576610052707805 ], [ 79.178781614877735, 10.576714180561222 ], [ 79.178366895050402, 10.578558436367397 ], [ 79.178189926939439, 10.579505668612827 ], [ 79.17817260023422, 10.579598413038399 ], [ 79.177732617984489, 10.581953390427785 ], [ 79.177253200592062, 10.583097131592979 ], [ 79.17725340181471, 10.584123275196307 ], [ 79.177253727004825, 10.585782283110653 ], [ 79.177400129039953, 10.586930458666011 ], [ 79.176815283569184, 10.586252470692912 ], [ 79.176020311373648, 10.585583551677978 ], [ 79.174942158759535, 10.585109045942211 ], [ 79.1748373145861, 10.585079580153959 ], [ 79.174106161403287, 10.58487409132459 ], [ 79.172552982361907, 10.58463922306389 ], [ 79.171356174875186, 10.584756900932932 ], [ 79.169245722353992, 10.584675777859482 ], [ 79.169140724568663, 10.585073589686198 ], [ 79.169378597557554, 10.587044481705661 ], [ 79.167227038128999, 10.587085402763616 ], [ 79.167108209881548, 10.5867282991951 ], [ 79.166633110690711, 10.586610818114153 ], [ 79.165833728665461, 10.586809799659681 ], [ 79.164760346105496, 10.587560303683087 ], [ 79.163682379442648, 10.588229435607404 ], [ 79.162371362845633, 10.58842845760412 ], [ 79.162371317031557, 10.588112026626401 ], [ 79.162051445823536, 10.587402343421877 ], [ 79.161494139106082, 10.587402394637179 ], [ 79.160379592146555, 10.587872617704402 ], [ 79.159063969887086, 10.587795878771788 ], [ 79.15898183063247, 10.588428749883457 ], [ 79.157115479120066, 10.588822502904041 ], [ 79.157038837554964, 10.588838671847434 ], [ 79.156752656763345, 10.588899048198686 ], [ 79.155384250396111, 10.588979857566304 ], [ 79.155311903676363, 10.588984129605498 ], [ 79.154683318336083, 10.589021244599069 ], [ 79.154234412222308, 10.588547608660111 ], [ 79.15420417403152, 10.588515705187033 ], [ 79.153445205414286, 10.587714914563293 ], [ 79.153393899035166, 10.587722095292092 ], [ 79.152572713101335, 10.587837019601618 ], [ 79.151695621414106, 10.587678856388107 ], [ 79.149781545105611, 10.58724499589697 ], [ 79.148548152830628, 10.587163688930096 ], [ 79.148548107914863, 10.58672972439598 ], [ 79.146698052740049, 10.586888023201855 ], [ 79.144066730067678, 10.585667598214188 ], [ 79.14403030338292, 10.587005654290534 ], [ 79.142792300055575, 10.586377349895672 ], [ 79.143112143415863, 10.587281432056843 ], [ 79.141202753618217, 10.588190095307798 ], [ 79.141111456039283, 10.589008299562336 ], [ 79.141166282017707, 10.589112269561019 ], [ 79.141257662241628, 10.589338289217601 ], [ 79.141317072322948, 10.589650199655013 ], [ 79.141307963405978, 10.589984713186606 ], [ 79.141307993050376, 10.590377993561829 ], [ 79.141399478377252, 10.591919467384312 ], [ 79.141486382296122, 10.593275600421933 ], [ 79.141609867410025, 10.595074738614439 ], [ 79.141587131050187, 10.596390192176763 ], [ 79.141404572723218, 10.5985328916532 ], [ 79.141285882816291, 10.599604241949821 ], [ 79.141363613139504, 10.600485728357771 ], [ 79.141491613186005, 10.601584195240848 ], [ 79.141560227405748, 10.60270074598815 ], [ 79.141921212707743, 10.60379468497384 ], [ 79.142218190350775, 10.604246722757729 ], [ 79.142871517090612, 10.604884087755309 ], [ 79.143099961362282, 10.605209553621178 ], [ 79.143520248947752, 10.605186938088776 ], [ 79.143530885899011, 10.60522508066266 ], [ 79.143739597777184, 10.60597349019044 ], [ 79.143620901582082, 10.606913747895865 ], [ 79.143401746788754, 10.608387420616332 ], [ 79.143045465065597, 10.609015775212876 ], [ 79.142844476902241, 10.609273446623884 ], [ 79.142506421996202, 10.609372906651512 ], [ 79.141716092294061, 10.609431694042987 ], [ 79.140957757887421, 10.609725541652134 ], [ 79.139925354674091, 10.610530204746285 ], [ 79.139349804969882, 10.611511152564628 ], [ 79.139194523088179, 10.612139498977871 ], [ 79.139258528052167, 10.612790442295902 ], [ 79.139377337435022, 10.613183718977686 ], [ 79.139738321838678, 10.614205333790016 ], [ 79.13856422376233, 10.614246038427877 ], [ 79.138249066014581, 10.615208898738608 ], [ 79.138070906737525, 10.615385199239178 ], [ 79.13782877842911, 10.615421366284444 ], [ 79.137413044403814, 10.615421370699156 ], [ 79.136979035950716, 10.615403295123521 ], [ 79.136499340978887, 10.615385216898012 ], [ 79.136165850412837, 10.615520834024803 ], [ 79.135718168702766, 10.616058770684784 ], [ 79.13511975956952, 10.617197927389823 ], [ 79.134425468754415, 10.619376784565681 ], [ 79.134380757806071, 10.619484892250899 ], [ 79.133982377435458, 10.620448133375165 ], [ 79.133744851196241, 10.621175924668913 ], [ 79.133644440208727, 10.622975063007141 ], [ 79.133507503721788, 10.625253368278573 ], [ 79.133411652582623, 10.626939494228601 ], [ 79.133096470580369, 10.628019880415566 ], [ 79.132776727831384, 10.629276563210091 ], [ 79.13273506935839, 10.629359615075 ], [ 79.132155444896043, 10.630515164384502 ], [ 79.131831109061039, 10.631419251187296 ], [ 79.131036206934127, 10.632707571645003 ], [ 79.129706632939971, 10.634434192389184 ], [ 79.128436389077095, 10.635545995051524 ], [ 79.127604743160092, 10.636172935036326 ], [ 79.127597912370661, 10.636178084000283 ], [ 79.12759108158123, 10.636183232964177 ], [ 79.12684630993877, 10.636282594177008 ], [ 79.126608736088826, 10.635740162185744 ], [ 79.126220424934232, 10.634063182118927 ], [ 79.123515486222615, 10.634817718873041 ], [ 79.12311799518416, 10.634374706147989 ], [ 79.121559921222754, 10.634609557411119 ], [ 79.11967286623802, 10.634875997241039 ], [ 79.119247942447402, 10.63483526003702 ], [ 79.118653994347838, 10.634265656396432 ], [ 79.118633196552366, 10.634236959923317 ], [ 79.117982397671724, 10.633338953981569 ], [ 79.115542717090506, 10.630472899185094 ], [ 79.113486853392544, 10.627909727410835 ], [ 79.111060961052615, 10.625070757991672 ], [ 79.109530544422185, 10.623077167334394 ], [ 79.107429148715696, 10.619930859666518 ], [ 79.106734802205068, 10.618710326267726 ], [ 79.105099409348867, 10.616264690648022 ], [ 79.104743801362162, 10.61579547889607 ], [ 79.104715682297154, 10.615758375978288 ], [ 79.104300009357303, 10.615206892694502 ], [ 79.104265433202031, 10.615284091831931 ], [ 79.103909742570323, 10.616078250095349 ], [ 79.103715027342602, 10.616513043601795 ], [ 79.103605322385135, 10.616983109818044 ], [ 79.103116168153377, 10.619536850887609 ], [ 79.102855761823875, 10.620571979728808 ], [ 79.102659096353648, 10.621353836595732 ], [ 79.102576791809014, 10.622045409148457 ], [ 79.102560275384221, 10.622386870289677 ], [ 79.102549272818607, 10.622614901383669 ], [ 79.101854789764019, 10.6227594151372 ], [ 79.102032813395468, 10.624400183602386 ], [ 79.102416249393016, 10.627134893196192 ], [ 79.101679858133807, 10.627339317113222 ], [ 79.10096783098173, 10.627536973416447 ], [ 79.100798528195071, 10.629629689973957 ], [ 79.095822770616124, 10.630288632170872 ], [ 79.093300614810346, 10.630645213424195 ], [ 79.093538003607335, 10.631987680594907 ], [ 79.092890483577492, 10.632065185386972 ], [ 79.091879409063978, 10.63218621060121 ], [ 79.091910834827544, 10.632258945956664 ], [ 79.09217632562158, 10.63287331238277 ], [ 79.092176290587261, 10.632873315031459 ], [ 79.092146179957254, 10.632875855108544 ], [ 79.091481783278184, 10.632931922206168 ], [ 79.091281130186445, 10.633176141159989 ], [ 79.091125323688615, 10.633365810597487 ], [ 79.089813993579568, 10.633433309255585 ], [ 79.089821016608454, 10.633588089417582 ], [ 79.089836803601273, 10.633934960347604 ], [ 79.089836756888872, 10.633934970059364 ], [ 79.089256464978277, 10.634056915383733 ], [ 79.089192404318723, 10.634644505563369 ], [ 79.088642711721647, 10.634747224007871 ], [ 79.087090552268094, 10.63503726057607 ], [ 79.084709973646056, 10.63546609764664 ], [ 79.081749148029147, 10.635682326307021 ], [ 79.081626457025976, 10.635687611243217 ], [ 79.081316834696992, 10.635700947186875 ], [ 79.081123180379606, 10.635709293077012 ], [ 79.080768339554155, 10.635744081301583 ], [ 79.079651893556104, 10.63585355165959 ], [ 79.079728371627837, 10.636338055875271 ], [ 79.079870946839833, 10.637241263737783 ], [ 79.078371632579504, 10.637577212854398 ], [ 79.078198609869247, 10.637615982641996 ], [ 79.078198567648457, 10.6376159905879 ], [ 79.078155497922154, 10.63762270663443 ], [ 79.077243588432822, 10.637764898380659 ], [ 79.075859944841753, 10.638261416376713 ], [ 79.075141669008531, 10.638519167297591 ], [ 79.075141625889415, 10.638519182306451 ], [ 79.072518740194184, 10.639426979059277 ], [ 79.071495161131892, 10.63980185860944 ], [ 79.07149512160602, 10.639801877149745 ], [ 79.070503513584725, 10.640389215240589 ], [ 79.070226080587318, 10.640568798716991 ], [ 79.069987126026788, 10.640723509043587 ], [ 79.069790599795439, 10.640949452582994 ], [ 79.069767637958464, 10.641014522560861 ], [ 79.069722022406665, 10.641143802562583 ], [ 79.069520558136205, 10.643042156607986 ], [ 79.069520560831165, 10.643042196336728 ], [ 79.068935698292393, 10.643078185299187 ], [ 79.069629801359611, 10.644895406079117 ], [ 79.069549604262633, 10.644925176868007 ], [ 79.06865649561388, 10.645256768575575 ], [ 79.068285515656058, 10.645264423811595 ], [ 79.068012199637593, 10.645270095272229 ], [ 79.067404333041054, 10.645947920577205 ], [ 79.066650146156036, 10.647055106336282 ], [ 79.065928004872177, 10.647882054766731 ], [ 79.065658311759293, 10.648320418223639 ], [ 79.065606337033557, 10.648517974413396 ], [ 79.065539403561758, 10.648772385689584 ], [ 79.06553410799313, 10.648850694901791 ], [ 79.065516509996726, 10.649111410288395 ], [ 79.065532704824662, 10.650009917143892 ], [ 79.065534519421547, 10.650110315603174 ], [ 79.065545383646608, 10.650268178124817 ], [ 79.065634709423477, 10.65156579467715 ], [ 79.065652992834472, 10.652015178566545 ], [ 79.065693761077014, 10.653016752874459 ], [ 79.065830676902721, 10.653721919865896 ], [ 79.065934850932962, 10.654031315610077 ], [ 79.066049885594992, 10.654372908684762 ], [ 79.066183803742604, 10.654796624641099 ], [ 79.066447099054059, 10.655629564096134 ], [ 79.066643318959891, 10.656768673699233 ], [ 79.066880528992115, 10.658499920068687 ], [ 79.065710702404942, 10.658739127096261 ], [ 79.066258533692775, 10.660868233420484 ], [ 79.066258539082668, 10.66086826696727 ], [ 79.066326915248823, 10.661546270317816 ], [ 79.066395197091893, 10.662671743169602 ], [ 79.066395197990204, 10.66267177141934 ], [ 79.066391149283206, 10.66285774738685 ], [ 79.066381336087062, 10.663309092088193 ], [ 79.06645878344095, 10.664317084274236 ], [ 79.066658697219239, 10.665196928948738 ], [ 79.066746378180866, 10.6655827861365 ], [ 79.066280249566432, 10.665867443612957 ], [ 79.066223123900897, 10.666422083087689 ], [ 79.066220667906919, 10.66644594941407 ], [ 79.06625255540456, 10.666870842982203 ], [ 79.066398625063016, 10.667517222879304 ], [ 79.06680167307988, 10.667442806278727 ], [ 79.067033830986944, 10.667399922950665 ], [ 79.067046028311864, 10.668010128560365 ], [ 79.067074487838369, 10.669433951896158 ], [ 79.066733410101392, 10.669392953594958 ], [ 79.06647131493915, 10.669361449642778 ], [ 79.066400896902351, 10.669624335886205 ], [ 79.066347835215154, 10.669822465302383 ], [ 79.066440631183994, 10.669932671131397 ], [ 79.066599097593382, 10.670120813423312 ], [ 79.06728566559201, 10.670670930598037 ], [ 79.067366643324959, 10.67073580884119 ], [ 79.06751889788417, 10.670884929964757 ], [ 79.06824838918368, 10.671599361807163 ], [ 79.068549888945839, 10.67206052326328 ], [ 79.068686937722219, 10.672386056053528 ], [ 79.068705095369054, 10.672765702624199 ], [ 79.06870509896234, 10.672765732638572 ], [ 79.068708613171722, 10.67292595719106 ], [ 79.06871413601408, 10.673177028835815 ], [ 79.068677247595261, 10.673736988690498 ], [ 79.068645373572352, 10.674221154566748 ], [ 79.068660976410499, 10.674764505839315 ], [ 79.068686160679491, 10.675640439643999 ], [ 79.068797288568376, 10.676414800037783 ], [ 79.068823037877664, 10.67659419630483 ], [ 79.068841572816922, 10.676717095588231 ], [ 79.06894167298735, 10.677380728437649 ], [ 79.068311095183773, 10.677177141413395 ], [ 79.068112833407312, 10.67711839003492 ], [ 79.067685080821818, 10.67699166501898 ], [ 79.067226825940892, 10.676795410851136 ], [ 79.066702688616999, 10.676570976075613 ], [ 79.066268604705428, 10.676403603933212 ], [ 79.066137933069243, 10.676361803255888 ], [ 79.066103379371825, 10.676350756336634 ], [ 79.065971608197756, 10.676308628146247 ], [ 79.064897920210612, 10.675431390654056 ], [ 79.064158104573536, 10.674667586563979 ], [ 79.063522780970303, 10.674011663214864 ], [ 79.063414480977968, 10.673960957689562 ], [ 79.063184654199048, 10.673853360146717 ], [ 79.062974417879843, 10.673844291428647 ], [ 79.062787093091984, 10.673889398433383 ], [ 79.062787055362733, 10.67388940990941 ], [ 79.062220386403411, 10.67412878139044 ], [ 79.061100294143628, 10.674663922186717 ], [ 79.060981856663304, 10.674720507723086 ], [ 79.05842256809693, 10.675709568231209 ], [ 79.056429903574127, 10.676721396413429 ], [ 79.055716889173581, 10.677231921232947 ], [ 79.055700087084517, 10.6772526829188 ], [ 79.055604481185455, 10.677370836207983 ], [ 79.055536090646228, 10.677455374772096 ], [ 79.055479228187068, 10.677525664660557 ], [ 79.055328266303576, 10.677995675623128 ], [ 79.055321792145321, 10.67820948975031 ], [ 79.055321630448574, 10.678214907245064 ], [ 79.055309811314359, 10.678605874972746 ], [ 79.05527773696717, 10.678922266862186 ], [ 79.055167973619234, 10.679252191078543 ], [ 79.055081092158204, 10.679460083678229 ], [ 79.054930252445601, 10.679595632570926 ], [ 79.054614288010711, 10.679727101309304 ], [ 79.054573510784991, 10.679744067860929 ], [ 79.054529719711525, 10.679762290571912 ], [ 79.054496072414238, 10.679776292830605 ], [ 79.054201677427656, 10.679815765213828 ], [ 79.053554666742585, 10.679902527639204 ], [ 79.051484521628225, 10.680032891036577 ], [ 79.050797899730682, 10.680117023675999 ], [ 79.049240680067129, 10.680307855592861 ], [ 79.046941952340518, 10.680844891369038 ], [ 79.046041621236881, 10.681007301768112 ], [ 79.044430653573258, 10.681006673249147 ], [ 79.043560225588834, 10.681006346631154 ], [ 79.042856737821836, 10.680169875031332 ], [ 79.040023267261091, 10.68081515763857 ], [ 79.039895521437785, 10.680168744223741 ], [ 79.039319109350899, 10.680248767607901 ], [ 79.037720215943025, 10.680470736786317 ], [ 79.037720282418348, 10.680241104424324 ], [ 79.037720356978497, 10.67992381791252 ], [ 79.037066875728456, 10.680018475660724 ], [ 79.036006598690179, 10.680284736281362 ], [ 79.03511216233143, 10.68050490108682 ], [ 79.034411642598158, 10.680677366216409 ], [ 79.033606434099994, 10.680689202158916 ], [ 79.033515928835087, 10.680690535114829 ], [ 79.031948464784065, 10.680766733396977 ], [ 79.030321541244348, 10.680992060183208 ], [ 79.029803785552247, 10.681105092062239 ], [ 79.029370908976404, 10.681199624974521 ], [ 79.029064765822511, 10.681253736709378 ], [ 79.028814300249934, 10.681228023065579 ], [ 79.025345081182834, 10.68087242263106 ], [ 79.023946772594726, 10.680740731934787 ], [ 79.022797909991354, 10.680636500961858 ], [ 79.021693913744841, 10.680536356215462 ], [ 79.020470784721965, 10.680376125964935 ], [ 79.020135726595711, 10.680332238122581 ], [ 79.019993828713424, 10.680317688582459 ], [ 79.018851664847134, 10.68020061957793 ], [ 79.017636122096846, 10.680082543305954 ], [ 79.017096969432984, 10.680019012375292 ], [ 79.016825718641385, 10.680069783096355 ], [ 79.016735905977569, 10.68008660838821 ], [ 79.016730181014267, 10.680090380396054 ], [ 79.016722226432435, 10.680095629251273 ], [ 79.016722194991402, 10.680095646023609 ], [ 79.016708157018471, 10.680101584309575 ], [ 79.016658205298754, 10.6801227315628 ], [ 79.016650501346888, 10.680129032660108 ], [ 79.016609585780628, 10.680162495209769 ], [ 79.016524085928509, 10.680232420777447 ], [ 79.016393106170227, 10.68033959057467 ], [ 79.016132494126495, 10.680615170131876 ], [ 79.016004438384442, 10.680845647887352 ], [ 79.015931175383145, 10.681211723073652 ], [ 79.016004090736416, 10.681717999620748 ], [ 79.016227851192212, 10.682120385600955 ], [ 79.016447108393507, 10.682355528417249 ], [ 79.016648109133286, 10.682536422729036 ], [ 79.016975365391289, 10.682762367007655 ], [ 79.016995273854633, 10.682776111366188 ], [ 79.017255751151026, 10.682830462044349 ], [ 79.017525714656855, 10.682873350257385 ], [ 79.01771273132259, 10.682903034352638 ], [ 79.018062799398905, 10.682894141571097 ], [ 79.018411944905452, 10.682885254085766 ], [ 79.019074552140466, 10.682867493238216 ], [ 79.019120560256084, 10.682873204604315 ], [ 79.0198056891536, 10.682958225381993 ], [ 79.020066105364563, 10.683121065430749 ], [ 79.020067857977693, 10.683122220944204 ], [ 79.020395049556981, 10.683338173001529 ], [ 79.020559501441113, 10.683500968709408 ], [ 79.020634041846762, 10.683681803195165 ], [ 79.020650804409968, 10.683722462360803 ], [ 79.020650811596482, 10.683722490608568 ], [ 79.020687260739152, 10.684011789330638 ], [ 79.02052248096993, 10.684703278780356 ], [ 79.020430364127435, 10.685176842255718 ], [ 79.020412590061227, 10.685268233998256 ], [ 79.020412587366266, 10.685268264894125 ], [ 79.020412441839213, 10.685647914789113 ], [ 79.020558559108352, 10.685955342211647 ], [ 79.020570386327407, 10.685977861713168 ], [ 79.020855393020952, 10.686520473412552 ], [ 79.020966086125227, 10.686689844671543 ], [ 79.020969935406228, 10.686695734278178 ], [ 79.021056341658436, 10.68682793084731 ], [ 79.021281835862737, 10.687438022414417 ], [ 79.021311993205174, 10.687519608967708 ], [ 79.021312011171446, 10.687519652221599 ], [ 79.021311838694942, 10.687939972025998 ], [ 79.021353562744935, 10.68833451729807 ], [ 79.02135440356804, 10.68834247334374 ], [ 79.021407453577126, 10.688844019818397 ], [ 79.021397946706486, 10.689187135329778 ], [ 79.021388935705872, 10.689512997562275 ], [ 79.021331881905539, 10.68983663321084 ], [ 79.021260683232768, 10.690240643237965 ], [ 79.021124371074933, 10.690711842970417 ], [ 79.021114254248175, 10.690746818223856 ], [ 79.021091315767393, 10.690836511696435 ], [ 79.020770992706758, 10.692089114771663 ], [ 79.020322604920921, 10.693472040291315 ], [ 79.0200433968525, 10.694610960416595 ], [ 79.019906012106205, 10.695347662826814 ], [ 79.019869267417832, 10.695826768990814 ], [ 79.019875389436493, 10.695904353738895 ], [ 79.019887494234936, 10.696057294338889 ], [ 79.019947654409521, 10.696176489849302 ], [ 79.019960518284392, 10.696201960365102 ], [ 79.0199843757417, 10.696227898713511 ], [ 79.020193496353315, 10.696455198347556 ], [ 79.020357425417941, 10.696597187819439 ], [ 79.020412765232692, 10.696645097566339 ], [ 79.020713641564072, 10.696846383564493 ], [ 79.020750879427553, 10.696871291740846 ], [ 79.020764829365618, 10.696882415591586 ], [ 79.020915350176296, 10.697002445816491 ], [ 79.020988374225752, 10.697255600156465 ], [ 79.020981900067468, 10.69743927493152 ], [ 79.020979141341257, 10.697517712841233 ], [ 79.020979137747986, 10.697517757859108 ], [ 79.020972444400826, 10.697579563856459 ], [ 79.020942443365257, 10.697856743107751 ], [ 79.020914892035506, 10.698200251821909 ], [ 79.020946148017487, 10.698298746268668 ], [ 79.021015350633718, 10.698516675368746 ], [ 79.021082266139246, 10.698725449832724 ], [ 79.021138556371554, 10.698900955218479 ], [ 79.02137604757651, 10.699298823719344 ], [ 79.021567907059918, 10.699511349109331 ], [ 79.021571338624298, 10.699514320269168 ], [ 79.021860297905107, 10.699764602865187 ], [ 79.022257829367817, 10.699936539791182 ], [ 79.022539850061378, 10.700023143758779 ], [ 79.02271478977643, 10.7000768566899 ], [ 79.025607279651339, 10.70094141987126 ], [ 79.02560732816039, 10.700941449882807 ], [ 79.025813938879068, 10.701052570363268 ], [ 79.026717639563316, 10.701538574576842 ], [ 79.027511632595179, 10.702008613676 ], [ 79.027626897225915, 10.702076844741621 ], [ 79.027626929565287, 10.702076865043521 ], [ 79.027870880555412, 10.702223907046672 ], [ 79.028844839376362, 10.702810948036369 ], [ 79.028865128725329, 10.702823176794428 ], [ 79.029079270021086, 10.703048383046909 ], [ 79.02915750879076, 10.703130657428712 ], [ 79.029221419431664, 10.703338603403932 ], [ 79.029285368700087, 10.703542020175805 ], [ 79.029303539821655, 10.703813219964589 ], [ 79.029246039558629, 10.704007860769556 ], [ 79.02924362758209, 10.704016030896478 ], [ 79.029239448619407, 10.704030182092458 ], [ 79.029102257909216, 10.704283247592681 ], [ 79.02874564291109, 10.704775798776815 ], [ 79.028515947286209, 10.704940376591479 ], [ 79.028329616933348, 10.705073921891209 ], [ 79.027438216880299, 10.70568374461725 ], [ 79.02673885597369, 10.706026967302128 ], [ 79.026672884597559, 10.706043093838701 ], [ 79.026258990321992, 10.706144321157186 ], [ 79.02588266538821, 10.706184229684121 ], [ 79.025495698113275, 10.706225311284848 ], [ 79.024947273937386, 10.706234113349412 ], [ 79.024595370602924, 10.706233959763441 ], [ 79.024302910587437, 10.706152472690292 ], [ 79.024083582419252, 10.70604389531076 ], [ 79.02396733413326, 10.705986347315479 ], [ 79.023772874925413, 10.705890119437745 ], [ 79.023539895059841, 10.705736330246539 ], [ 79.02338222186286, 10.705708384615734 ], [ 79.023283936289289, 10.705690981706764 ], [ 79.023124735058019, 10.705690912857744 ], [ 79.023119409845023, 10.705690910209729 ], [ 79.023102917674706, 10.705694786055469 ], [ 79.022927438072173, 10.705736063677357 ], [ 79.022575533839415, 10.705880537074991 ], [ 79.021791101577094, 10.706294370235696 ], [ 79.021702412705721, 10.706341165393823 ], [ 79.021563564603852, 10.706406186951741 ], [ 79.020998453323216, 10.706670853253049 ], [ 79.020808370707428, 10.706822788349953 ], [ 79.020591609026013, 10.706996070001082 ], [ 79.020436842777272, 10.707058351593606 ], [ 79.02034476007077, 10.707095426612019 ], [ 79.020189423391841, 10.707131500672128 ], [ 79.020189380272683, 10.707131495376061 ], [ 79.019810056762509, 10.707113273426069 ], [ 79.018971827991109, 10.707061205283587 ], [ 79.018343069275957, 10.707022171603725 ], [ 79.017769774343137, 10.707010158387938 ], [ 79.017461021583358, 10.707003692788525 ], [ 79.017174903673748, 10.707042587008036 ], [ 79.016798319126877, 10.707093783953043 ], [ 79.015696796840672, 10.707364473908351 ], [ 79.014567881328176, 10.707558308316452 ], [ 79.013797454699471, 10.707573390568163 ], [ 79.013215094867064, 10.707584804425951 ], [ 79.012487973323275, 10.707645242874506 ], [ 79.011322970689179, 10.707742091597046 ], [ 79.011022097951084, 10.707764661558842 ], [ 79.010724278586608, 10.707787041744167 ], [ 79.010495745381718, 10.707877330394581 ], [ 79.01038052207349, 10.708033043608397 ], [ 79.0103219429338, 10.708112251998182 ], [ 79.010278132097397, 10.708206684697675 ], [ 79.010221345096696, 10.708329158970679 ], [ 79.010129714242765, 10.708785642077276 ], [ 79.010129704361304, 10.708785678266747 ], [ 79.009910114783352, 10.709341500671924 ], [ 79.009910100410337, 10.709341531565325 ], [ 79.009795782603916, 10.709576452033636 ], [ 79.009795756552762, 10.709576485575028 ], [ 79.009749451094805, 10.709628775717606 ], [ 79.009603715609629, 10.709793351779147 ], [ 79.009406873171315, 10.710002264998806 ], [ 79.00935681455212, 10.710055393601348 ], [ 79.009356780416127, 10.710055432438681 ], [ 79.008991105908365, 10.710249604951716 ], [ 79.008780924386386, 10.710345398938562 ], [ 79.008575141016053, 10.710439213958676 ], [ 79.008054063354052, 10.710606200138642 ], [ 79.007560352867145, 10.710899759437899 ], [ 79.007153386399025, 10.711405801078168 ], [ 79.007098456216042, 10.711604654366418 ], [ 79.007080083871841, 10.711826120433766 ], [ 79.007096217614347, 10.711874075437375 ], [ 79.00717136977272, 10.712097372829014 ], [ 79.007209626325704, 10.712284743135436 ], [ 79.007248927619386, 10.71247708005243 ], [ 79.007408618432507, 10.713019540183701 ], [ 79.0074086310089, 10.713019571959377 ], [ 79.007476086401923, 10.713175176611042 ], [ 79.007810416892795, 10.713946373977928 ], [ 79.008326241207016, 10.715402072359204 ], [ 79.008709715832126, 10.716419264403386 ], [ 79.008973984019065, 10.717078445707978 ], [ 79.009070396605239, 10.717318924372877 ], [ 79.009641143915971, 10.718697776126023 ], [ 79.009782474062973, 10.719461757970887 ], [ 79.009670216093483, 10.719473192563983 ], [ 79.009252277602485, 10.719515765787696 ], [ 79.008425072057946, 10.719533433576681 ], [ 79.007576230589805, 10.719722902609195 ], [ 79.006404735831154, 10.719984423025892 ], [ 79.005556101873808, 10.720148291762351 ], [ 79.005540875429745, 10.720151233592766 ], [ 79.005042614975949, 10.720313715616303 ], [ 79.004991692177441, 10.72037073572028 ], [ 79.004768300030875, 10.720620919883132 ], [ 79.004618505058957, 10.72100919739291 ], [ 79.0046155882292, 10.721016758925833 ], [ 79.004585240443959, 10.721095441399706 ], [ 79.004530244683963, 10.721438934356568 ], [ 79.004505424232661, 10.721478169183841 ], [ 79.004347301878028, 10.721728122946626 ], [ 79.004031799177213, 10.72205792556613 ], [ 79.003501537139712, 10.722274618660865 ], [ 79.002930178974637, 10.722400889617219 ], [ 79.0024731125648, 10.722454900440008 ], [ 79.002250719344872, 10.722480915977565 ], [ 79.002011494391439, 10.7225089359668 ], [ 79.001636164790995, 10.722577443090739 ], [ 79.001517833311894, 10.722599053410283 ], [ 79.000617263256402, 10.723037031870666 ], [ 78.999623124680923, 10.722339056908984 ], [ 78.998797233371633, 10.72175920485836 ], [ 78.993509950831935, 10.721679997390465 ], [ 78.993503302400512, 10.721661117871736 ], [ 78.993400122805312, 10.721368141835905 ], [ 78.993027550134499, 10.720573777407569 ], [ 78.992009514575798, 10.718403289668206 ], [ 78.991830916022607, 10.717472163973902 ], [ 78.99182526741609, 10.716676512129766 ], [ 78.991821257336682, 10.716116083400408 ], [ 78.991786800657309, 10.714916988040208 ], [ 78.991751861582628, 10.713702235789889 ], [ 78.991745958752901, 10.713555654807694 ], [ 78.991737980814875, 10.713358661676429 ], [ 78.991493693854835, 10.707599896385743 ], [ 78.991369545784224, 10.705579338614784 ], [ 78.989696756961095, 10.705629659306062 ], [ 78.98955427786882, 10.70343280014834 ], [ 78.989157064409753, 10.703116709208761 ], [ 78.988850242129487, 10.70287256141158 ], [ 78.98879664055481, 10.702821680638479 ], [ 78.987812330446857, 10.701887437934825 ], [ 78.987078356554065, 10.701213846281069 ], [ 78.986916189984044, 10.701065036636653 ], [ 78.986390579423102, 10.701038092431858 ], [ 78.986377613140263, 10.700846020124025 ], [ 78.986303299110077, 10.699745303582207 ], [ 78.984996096759801, 10.69970053231275 ], [ 78.984794740287157, 10.698945711600114 ], [ 78.984477829027966, 10.69894198307885 ], [ 78.984045160861257, 10.698936905793131 ], [ 78.984009309098269, 10.698214902015556 ], [ 78.983999136576003, 10.698010283843313 ], [ 78.98440319609584, 10.697997936609083 ], [ 78.984748710612024, 10.697987377728539 ], [ 78.984720887991017, 10.69678953822234 ], [ 78.983738538007032, 10.696627406375049 ], [ 78.983299372325888, 10.696554930032262 ], [ 78.983362787995034, 10.69629815159586 ], [ 78.983454562579411, 10.695926552961906 ], [ 78.983532122222741, 10.695566758340398 ], [ 78.983641642127196, 10.695058569105131 ], [ 78.983869842057175, 10.694091160135308 ], [ 78.983851401441015, 10.693591461909676 ], [ 78.983846811948212, 10.693467361901288 ], [ 78.98348569279726, 10.693313787088615 ], [ 78.983334518013052, 10.692256076632473 ], [ 78.983379969173157, 10.691487603772709 ], [ 78.983845747444619, 10.690253404785624 ], [ 78.983991599710748, 10.689118722171195 ], [ 78.983429868790566, 10.687770133616636 ], [ 78.9834061092496, 10.687713092373205 ], [ 78.983856836248492, 10.685790942120159 ], [ 78.983958385401436, 10.685357836401987 ], [ 78.984976931203221, 10.683427318713205 ], [ 78.985834506092544, 10.68184073528859 ], [ 78.986127936288526, 10.681297858347474 ], [ 78.98630642884055, 10.680885257840862 ], [ 78.987026391709847, 10.679220904423476 ], [ 78.987054945559478, 10.679154895414522 ], [ 78.986949843569548, 10.67910973975693 ], [ 78.986168219440813, 10.678789055211674 ], [ 78.985895343596866, 10.678730156724276 ], [ 78.985331798978109, 10.67860851706835 ], [ 78.984952523976943, 10.678517047404817 ], [ 78.984152575114734, 10.678324119575789 ], [ 78.983303723765118, 10.678080485903466 ], [ 78.982799665584452, 10.677935823600869 ], [ 78.982059146566513, 10.677673884685337 ], [ 78.981442136018657, 10.677502318267615 ], [ 78.98080372131254, 10.677493156085742 ], [ 78.980514375756186, 10.677489017699601 ], [ 78.978878261552794, 10.677602534634964 ], [ 78.977338085625135, 10.677603004263926 ], [ 78.975930453422691, 10.67762150870413 ], [ 78.974467919783322, 10.677450169126608 ], [ 78.973384678213151, 10.677138582346679 ], [ 78.971400928571214, 10.676239602096086 ], [ 78.969686842397792, 10.675363137709196 ], [ 78.969695865076517, 10.67494726289903 ], [ 78.969540295733935, 10.674309938368959 ], [ 78.969823615391405, 10.674192330325191 ], [ 78.969891998744089, 10.673600146570832 ], [ 78.969823327930499, 10.673184293183624 ], [ 78.968904733178846, 10.673229751630265 ], [ 78.968881722832862, 10.672664714881822 ], [ 78.968991378382952, 10.672565236652593 ], [ 78.969416264444334, 10.672063361392333 ], [ 78.969589773143142, 10.671511829876643 ], [ 78.969699054994109, 10.670101449578672 ], [ 78.97153614837768, 10.669743826909764 ], [ 78.971700507735321, 10.669169696287508 ], [ 78.970694900368628, 10.668550693378416 ], [ 78.971041853985852, 10.667248735269506 ], [ 78.970497899826796, 10.666860138241562 ], [ 78.970552524582587, 10.666105224433059 ], [ 78.970652901434136, 10.665526591744161 ], [ 78.970104387426701, 10.665160597426061 ], [ 78.970382861571522, 10.664116318761476 ], [ 78.971100344192337, 10.664061873808965 ], [ 78.971195791089571, 10.662249186704054 ], [ 78.970140032577163, 10.661960180668457 ], [ 78.969618636013237, 10.660500253354911 ], [ 78.969252734231716, 10.659433551998161 ], [ 78.968841065083083, 10.658118243753995 ], [ 78.968813158020467, 10.658049748563601 ], [ 78.968785824083014, 10.657982658804317 ], [ 78.968292293259168, 10.656771330109699 ], [ 78.967949375772506, 10.656152135127176 ], [ 78.967277397312429, 10.655438101366135 ], [ 78.966893374714985, 10.654895762611231 ], [ 78.966070514321459, 10.653883423955634 ], [ 78.964863747213172, 10.652712971803316 ], [ 78.964488881143438, 10.652202269884102 ], [ 78.964173403595439, 10.651623747608516 ], [ 78.964008896015784, 10.651646390600835 ], [ 78.9639265896745, 10.651461078741438 ], [ 78.963830574143657, 10.651437939580859 ], [ 78.963739212784319, 10.651415923387473 ], [ 78.963460710791722, 10.652401432081026 ], [ 78.963072391552288, 10.652858088399029 ], [ 78.96172478837039, 10.65484738632982 ], [ 78.96136397374832, 10.655661140978765 ], [ 78.961176818742047, 10.65648841211436 ], [ 78.960989654752595, 10.657284041611156 ], [ 78.961062899787592, 10.65777674139696 ], [ 78.961190981580813, 10.658255867068613 ], [ 78.961483692226238, 10.659159862773885 ], [ 78.961694069580943, 10.659779098428412 ], [ 78.961753626985953, 10.660344125564619 ], [ 78.96156643694539, 10.661040308009573 ], [ 78.961296997157376, 10.66178623416554 ], [ 78.960533790288594, 10.661732179879746 ], [ 78.959715706237475, 10.661528967283784 ], [ 78.958189288906695, 10.661398249009626 ], [ 78.958216841134757, 10.661931643942722 ], [ 78.957887801720915, 10.661940763335984 ], [ 78.957956608180098, 10.662984948827122 ], [ 78.956919238181584, 10.663098204570334 ], [ 78.956860227850584, 10.66474814716347 ], [ 78.955832017973009, 10.664978927388539 ], [ 78.955736448006562, 10.666660519389486 ], [ 78.954726526929861, 10.666954576711102 ], [ 78.954809079409515, 10.668184091809096 ], [ 78.954507489815811, 10.668346894751375 ], [ 78.954027654706778, 10.668464533305338 ], [ 78.95349754358628, 10.668564101154812 ], [ 78.952633826915317, 10.668717987744857 ], [ 78.950933750867094, 10.668759047049361 ], [ 78.949900890411271, 10.668695986043083 ], [ 78.948337926919805, 10.668786725065893 ], [ 78.947012615431674, 10.668895488797101 ], [ 78.945573072375424, 10.669126319725644 ], [ 78.944892450325682, 10.670735700259101 ], [ 78.944837603685997, 10.670708590048259 ], [ 78.942785654846006, 10.670957610176607 ], [ 78.942529859568879, 10.671644751634073 ], [ 78.942246538114787, 10.67178493683185 ], [ 78.940122277589381, 10.672519279338127 ], [ 78.93966912873249, 10.672675927014049 ], [ 78.939751661449208, 10.674113382327267 ], [ 78.939084452145011, 10.674335001113361 ], [ 78.937571847310025, 10.67508112771675 ], [ 78.937745966863261, 10.677580849604723 ], [ 78.938111656642363, 10.67796501559841 ], [ 78.938742417702244, 10.678322009781455 ], [ 78.939281748232517, 10.67852984916933 ], [ 78.939633683008026, 10.678660874341508 ], [ 78.940058711003246, 10.678624633586251 ], [ 78.940246076215317, 10.678538712947596 ], [ 78.940872059136211, 10.677783699253315 ], [ 78.941589488756406, 10.677259203883388 ], [ 78.942137886881142, 10.677096367754768 ], [ 78.942512514897359, 10.676422764340581 ], [ 78.9428325145645, 10.676847615718618 ], [ 78.943180003577638, 10.677606966979049 ], [ 78.943828934860804, 10.677380823775907 ], [ 78.94487082787677, 10.676770370378696 ], [ 78.944587389641697, 10.67635907462981 ], [ 78.944820454847203, 10.676273141874638 ], [ 78.945044209014824, 10.675359987111154 ], [ 78.945222436563824, 10.675305706600813 ], [ 78.946287225839754, 10.67495742533487 ], [ 78.947374899697564, 10.674780908578361 ], [ 78.948183843390694, 10.674857586803336 ], [ 78.948663771924487, 10.675119665858064 ], [ 78.948736947789214, 10.675359227930906 ], [ 78.948700524697713, 10.676001124753643 ], [ 78.948558949310623, 10.676475792008574 ], [ 78.948129413569319, 10.676787786422095 ], [ 78.94781416688835, 10.677253447390893 ], [ 78.947055684259681, 10.678103430596293 ], [ 78.94637031371532, 10.678908193060769 ], [ 78.945355958554401, 10.680110809971122 ], [ 78.944684236114171, 10.680653386249483 ], [ 78.943349765403426, 10.680938430384076 ], [ 78.943180611737105, 10.680676283079364 ], [ 78.94222549058766, 10.68104261358487 ], [ 78.942376378809328, 10.68139065218187 ], [ 78.942239276134018, 10.681426841407687 ], [ 78.939817233075075, 10.682611624809919 ], [ 78.939191119000157, 10.682729268435862 ], [ 78.939107754443484, 10.682755787017175 ], [ 78.937527613367138, 10.683258445268054 ], [ 78.936087970597839, 10.683340061192139 ], [ 78.933460069608415, 10.683602679348608 ], [ 78.931778057782196, 10.682825448929592 ], [ 78.931087876759548, 10.682441327922826 ], [ 78.929273303241814, 10.681433566197956 ], [ 78.928135201557197, 10.680796364732959 ], [ 78.926695454583367, 10.68009139732867 ], [ 78.926398349379554, 10.67984281988155 ], [ 78.925379057077805, 10.678997655216746 ], [ 78.924908265308758, 10.678608969923371 ], [ 78.923934614609948, 10.67725299541663 ], [ 78.923605477279764, 10.676665392991032 ], [ 78.923801990036381, 10.676606602671995 ], [ 78.923582505561313, 10.675756805957642 ], [ 78.923225931885725, 10.67504263724007 ], [ 78.922723211296514, 10.675065303207354 ], [ 78.922640930108045, 10.674929702858829 ], [ 78.922298120419242, 10.674590721143872 ], [ 78.922115242291994, 10.674057343113439 ], [ 78.921845545585811, 10.673627943321057 ], [ 78.921516456764635, 10.673356763350514 ], [ 78.921159955852559, 10.673148871872531 ], [ 78.920332664968043, 10.672439276870946 ], [ 78.918512367385347, 10.670755034048812 ], [ 78.913500548735939, 10.670869565165711 ], [ 78.913395527594403, 10.671800768574261 ], [ 78.912408382403399, 10.671904832201363 ], [ 78.910406649387809, 10.671914057228964 ], [ 78.909169388967214, 10.671818085148447 ], [ 78.909151970633872, 10.671816733615296 ], [ 78.908194672866486, 10.671742471670219 ], [ 78.907953091632052, 10.673777992585364 ], [ 78.907938398787294, 10.67390179431767 ], [ 78.907651198407805, 10.676321632156938 ], [ 78.907546085638103, 10.676366843843043 ], [ 78.907121049558043, 10.676321673646893 ], [ 78.907002227598767, 10.676366887098522 ], [ 78.906883537691868, 10.678075588351861 ], [ 78.907180606963067, 10.67811624826788 ], [ 78.907180644692318, 10.678586364247979 ], [ 78.906824166238096, 10.678613515245846 ], [ 78.906760243020813, 10.679381979198011 ], [ 78.906362628014818, 10.679368449195671 ], [ 78.906271224434647, 10.679382017156545 ], [ 78.906243805157246, 10.679440783104186 ], [ 78.905859978392527, 10.68043528895913 ], [ 78.905741158229873, 10.680548306921276 ], [ 78.903487993054483, 10.680417375252112 ], [ 78.903515388077395, 10.680024103218734 ], [ 78.902966662067556, 10.679995690891083 ], [ 78.902882525858033, 10.679991333615975 ], [ 78.902381952242379, 10.679965412418046 ], [ 78.902249525298132, 10.681719315799921 ], [ 78.900435135036744, 10.682153378309332 ], [ 78.898652732884287, 10.682578389395996 ], [ 78.897104796410872, 10.683220648782019 ], [ 78.897033650738678, 10.683250167770046 ], [ 78.897007445983519, 10.683261041420456 ], [ 78.896152811280089, 10.683667909693948 ], [ 78.894576080208566, 10.684635328933046 ], [ 78.893881407609456, 10.685232040816489 ], [ 78.893616342616909, 10.685697645587009 ], [ 78.893502103862232, 10.68628077537246 ], [ 78.893575252777509, 10.686909101796745 ], [ 78.893735234644765, 10.687419894616365 ], [ 78.89385407726526, 10.687754396275926 ], [ 78.894178655645419, 10.689824703173249 ], [ 78.894370714554853, 10.692451017917064 ], [ 78.894265629632912, 10.69338221342495 ], [ 78.893973139973028, 10.693996991384283 ], [ 78.893767475180326, 10.694200414422154 ], [ 78.893397271366879, 10.694403842619939 ], [ 78.893059055662434, 10.694449057792797 ], [ 78.892131244195951, 10.69446264891298 ], [ 78.891112019267837, 10.694417474346926 ], [ 78.890668676420617, 10.69428639594968 ], [ 78.889489472320179, 10.693644535128991 ], [ 78.888703344038646, 10.693472778241119 ], [ 78.888762795442489, 10.695158866183519 ], [ 78.882217814012805, 10.695276456397719 ], [ 78.879694853316551, 10.698924361754727 ], [ 78.879146376140028, 10.69962500875098 ], [ 78.876906733304608, 10.702716892328862 ], [ 78.875759473295687, 10.70411817511809 ], [ 78.874991586204317, 10.704818810111425 ], [ 78.873458498882528, 10.705590330626764 ] ], [ [ 79.184660273640333, 10.566476159916624 ], [ 79.184230715441132, 10.565653521655767 ], [ 79.182842354796477, 10.56660303763476 ], [ 79.183093801329349, 10.567547757324011 ], [ 79.184760972987064, 10.567348577839983 ], [ 79.184660273640333, 10.566476159916624 ] ], [ [ 79.171336181071922, 10.542773206301531 ], [ 79.171313152759581, 10.541796803325553 ], [ 79.169600428432133, 10.541950713054323 ], [ 79.169600537128289, 10.542524803356192 ], [ 79.171336181071922, 10.542773206301531 ] ], [ [ 79.149095972440364, 10.528834371023727 ], [ 79.148593533023842, 10.528409481953522 ], [ 79.148110189095334, 10.528776971590158 ], [ 79.147707588439516, 10.5290830711618 ], [ 79.1476913019834, 10.529095452597986 ], [ 79.147707590236138, 10.529110194799546 ], [ 79.148162072192889, 10.529521525961567 ], [ 79.148616555047951, 10.529932856574753 ], [ 79.149095972440364, 10.528834371023727 ] ], [ [ 79.146044858052548, 10.526610495721455 ], [ 79.146547187874617, 10.526140347634371 ], [ 79.146273057982526, 10.525240801959511 ], [ 79.14623987601253, 10.525239251942294 ], [ 79.145693031973238, 10.525213708010222 ], [ 79.145665662103156, 10.525512055740908 ], [ 79.145487581877873, 10.525837533291028 ], [ 79.14480712421981, 10.526212758391091 ], [ 79.145035521779121, 10.526587940641118 ], [ 79.145743405901115, 10.526411612989259 ], [ 79.146044858052548, 10.526610495721455 ] ], [ [ 79.148844253717954, 10.524571644216989 ], [ 79.14874369540675, 10.523898109627245 ], [ 79.147917591196745, 10.524013205290336 ], [ 79.147834859952312, 10.524024731105239 ], [ 79.148183620979935, 10.524791112925499 ], [ 79.148844253717954, 10.524571644216989 ] ], [ [ 79.145151784438141, 10.517188322833318 ], [ 79.144933854048517, 10.515824858154474 ], [ 79.144817666848013, 10.515836320682878 ], [ 79.143696219928742, 10.515946962588318 ], [ 79.144572721422847, 10.518392356729878 ], [ 79.145313177558691, 10.518198055265007 ], [ 79.145156700917681, 10.517219077566379 ], [ 79.145151784438141, 10.517188322833318 ] ], [ [ 79.134862314985511, 10.508997923027703 ], [ 79.133815288097665, 10.50853539439087 ], [ 79.133194593558855, 10.5095199419917 ], [ 79.133985088550986, 10.510056939894797 ], [ 79.134729566444406, 10.509757370709819 ], [ 79.13478061321041, 10.509465337971266 ], [ 79.134782352348807, 10.509455383790311 ], [ 79.134862314985511, 10.508997923027703 ] ], [ [ 79.135592176390929, 10.506924341366041 ], [ 79.134982346975448, 10.50616038299998 ], [ 79.134749535993137, 10.506539089962281 ], [ 79.134387750292248, 10.507069060589536 ], [ 79.134411469409002, 10.50737330566726 ], [ 79.134025645689448, 10.507649714789856 ], [ 79.134091414944635, 10.507731320993084 ], [ 79.134559286290695, 10.508311850293657 ], [ 79.135685645197924, 10.508369386021425 ], [ 79.136122837280368, 10.508067941826779 ], [ 79.135844937159021, 10.507458052786196 ], [ 79.135592176390929, 10.506924341366041 ] ], [ [ 79.137414852712496, 10.5052891546372 ], [ 79.13739365875999, 10.505271220970396 ], [ 79.137016089659554, 10.505358442670477 ], [ 79.13657430359271, 10.505460500419282 ], [ 79.136544775071016, 10.506093858852996 ], [ 79.137590226313833, 10.506809770166225 ], [ 79.137689516203878, 10.507317205038474 ], [ 79.138071568795894, 10.507648964026462 ], [ 79.138354333294515, 10.50747328622607 ], [ 79.138417050972706, 10.507231311419508 ], [ 79.138426405129749, 10.507195226146978 ], [ 79.138511727115429, 10.506866039588523 ], [ 79.13843929325914, 10.506156037383857 ], [ 79.137414852712496, 10.5052891546372 ] ], [ [ 79.159309704033063, 10.472890796755932 ], [ 79.158866148285114, 10.47194657338183 ], [ 79.158693477714465, 10.471980693771368 ], [ 79.158351667850553, 10.472048239340625 ], [ 79.158284861041167, 10.472061441046009 ], [ 79.157966579851163, 10.472124333980352 ], [ 79.157697271217202, 10.472959716619597 ], [ 79.158355226975686, 10.47340826114481 ], [ 79.159309704033063, 10.472890796755932 ] ], [ [ 79.175720924449038, 10.468357427695921 ], [ 79.175456985943811, 10.468303586705044 ], [ 79.17492570611509, 10.468771297206091 ], [ 79.174973449775834, 10.469634694912829 ], [ 79.175382114059829, 10.470324112988219 ], [ 79.175417960432938, 10.470384584992363 ], [ 79.175549079430112, 10.470605782025839 ], [ 79.176821654421161, 10.469906965639614 ], [ 79.175984862055898, 10.46841126867742 ], [ 79.175720924449038, 10.468357427695921 ] ], [ [ 79.179598608374121, 10.46728135431403 ], [ 79.178939617756413, 10.466850791587387 ], [ 79.178419748328452, 10.467189627315699 ], [ 79.178330384822303, 10.467247871197859 ], [ 79.178297458872194, 10.467343771200328 ], [ 79.178061516362817, 10.468030969175029 ], [ 79.178665893902846, 10.468609874241043 ], [ 79.179752231965807, 10.468119202220457 ], [ 79.179685087389885, 10.467752999980796 ], [ 79.179670752972896, 10.467674822176603 ], [ 79.179598608374121, 10.46728135431403 ] ], [ [ 79.175357472373278, 10.467256808215062 ], [ 79.174833316184774, 10.466521426081806 ], [ 79.174668946945644, 10.466605836339278 ], [ 79.173826090952232, 10.467038673192492 ], [ 79.174217037763881, 10.467956370833205 ], [ 79.175195367786998, 10.467857432245941 ], [ 79.17529029994958, 10.467505696576122 ], [ 79.175296342916496, 10.467483305023789 ], [ 79.175357472373278, 10.467256808215062 ] ], [ [ 79.155915884161018, 10.465448289723419 ], [ 79.155892915137528, 10.465442461238395 ], [ 79.155547917152646, 10.465672293213627 ], [ 79.155309207832218, 10.465831315823623 ], [ 79.155385629310047, 10.466302559112487 ], [ 79.155803194101892, 10.46716815355841 ], [ 79.156305100817448, 10.46719728875337 ], [ 79.156793952316946, 10.466767042155643 ], [ 79.156836436341678, 10.466729652731436 ], [ 79.156526144767838, 10.465603149120627 ], [ 79.155915884161018, 10.465448289723419 ] ], [ [ 79.153123780120779, 10.464536724111625 ], [ 79.152173154141039, 10.464426436606413 ], [ 79.152135142828101, 10.464700506920781 ], [ 79.151952060783316, 10.466020561969355 ], [ 79.152621503299343, 10.466128187315414 ], [ 79.152639457028613, 10.466131074167041 ], [ 79.15279684186639, 10.466156374752622 ], [ 79.153856669747043, 10.465691901395386 ], [ 79.153703519567486, 10.464801724734917 ], [ 79.153123780120779, 10.464536724111625 ] ], [ [ 79.171778613925738, 10.464585609145313 ], [ 79.170883423880483, 10.464571773742513 ], [ 79.170910067013494, 10.465367138792535 ], [ 79.171713621713266, 10.465300120024301 ], [ 79.171758496154936, 10.46480677939698 ], [ 79.171759567845072, 10.464795003147287 ], [ 79.171778613925738, 10.464585609145313 ] ], [ [ 79.174287490835013, 10.464899050374406 ], [ 79.174258009025664, 10.463538562811625 ], [ 79.173212203846617, 10.463543521206198 ], [ 79.173235280667967, 10.464676666433137 ], [ 79.173242121338859, 10.465012510786401 ], [ 79.173786360263833, 10.465159084369178 ], [ 79.174219829727789, 10.465071142877932 ], [ 79.174287490835013, 10.464899050374406 ] ], [ [ 79.168272210894074, 10.463370760021915 ], [ 79.167881939615512, 10.462348446887749 ], [ 79.166794823611539, 10.462969786816082 ], [ 79.167345661560589, 10.463653035187408 ], [ 79.167779270263381, 10.463911305241666 ], [ 79.167790412966184, 10.463917942044372 ], [ 79.168188259737519, 10.464154908403565 ], [ 79.168272210894074, 10.463370760021915 ] ], [ [ 79.15787101078304, 10.468514019681603 ], [ 79.157487407698824, 10.468328971032951 ], [ 79.156891733935652, 10.468791434325722 ], [ 79.156584698754671, 10.469029806806089 ], [ 79.156607169213203, 10.469683821183422 ], [ 79.157026806418372, 10.470209416935093 ], [ 79.158298522620029, 10.469667692806961 ], [ 79.158433489101569, 10.469197698403681 ], [ 79.15814613061859, 10.468646736071202 ], [ 79.15787101078304, 10.468514019681603 ] ], [ [ 79.160687103434626, 10.45577962418934 ], [ 79.160324464334209, 10.454928114730807 ], [ 79.158881001030011, 10.455435265352889 ], [ 79.158952860862868, 10.456224389645993 ], [ 79.159470918388905, 10.456712810148828 ], [ 79.160101356953589, 10.456352520276356 ], [ 79.160396694272919, 10.456063661571331 ], [ 79.160410003712201, 10.456050644698806 ], [ 79.160687103434626, 10.45577962418934 ] ], [ [ 79.163459301706467, 10.45554805960791 ], [ 79.16328041569237, 10.45444590615913 ], [ 79.162545072767102, 10.454532391280138 ], [ 79.162697353377439, 10.455700886826943 ], [ 79.163239082409532, 10.455592231354245 ], [ 79.163459301706467, 10.45554805960791 ] ], [ [ 79.152797079919949, 10.452027851930858 ], [ 79.152316833382542, 10.451934568272987 ], [ 79.152175251707234, 10.451944222176605 ], [ 79.152134109765541, 10.451926388780336 ], [ 79.151696844919513, 10.451834125430784 ], [ 79.151632769886945, 10.452266018202508 ], [ 79.152127957204158, 10.45238661940761 ], [ 79.152407916264139, 10.452446978297592 ], [ 79.152385814114893, 10.452786865988895 ], [ 79.152695987111116, 10.45291820833928 ], [ 79.153251097447708, 10.452472554738712 ], [ 79.15302080534147, 10.452071308616187 ], [ 79.152797079919949, 10.452027851930858 ] ] ], [ [ [ 78.569352197652094, 10.709125347341299 ], [ 78.567519769219786, 10.707027582405358 ], [ 78.566770356880511, 10.706159541177064 ], [ 78.565956933289058, 10.70542709130836 ], [ 78.565326291705091, 10.70491616992731 ], [ 78.564855559224881, 10.704726221162293 ], [ 78.560970785795533, 10.70364956659229 ], [ 78.557799009698797, 10.702744799397198 ], [ 78.558266525312007, 10.696854989058068 ], [ 78.560570268332853, 10.69581584371074 ], [ 78.564620018262431, 10.694216535408749 ], [ 78.564761743668171, 10.694008632610512 ], [ 78.565658138354195, 10.691048035828826 ], [ 78.56628922729918, 10.689140607639571 ], [ 78.567425837780405, 10.68758842942623 ], [ 78.568099561667083, 10.686668376560082 ], [ 78.568601671401879, 10.686049553180846 ], [ 78.569768111340423, 10.68461197514188 ], [ 78.570641030353144, 10.684648302574148 ], [ 78.570970022156288, 10.685028068883122 ], [ 78.572167408158052, 10.685209101958579 ], [ 78.573364803142979, 10.685344928113892 ], [ 78.573835533826568, 10.68539925538116 ], [ 78.574301789103458, 10.684911149111707 ], [ 78.574955347608608, 10.684870581910179 ], [ 78.576865203631897, 10.68811646877786 ], [ 78.579040031222945, 10.692347808738393 ], [ 78.579711685391231, 10.693627155360936 ], [ 78.579811792748174, 10.696515628422411 ], [ 78.579952946825401, 10.699991741846008 ], [ 78.579687723729322, 10.700859592421013 ], [ 78.579120793360275, 10.702048333851785 ], [ 78.57838475334232, 10.703200883996615 ], [ 78.577104783419855, 10.704502509655947 ], [ 78.575518577817022, 10.705763394960806 ], [ 78.574480911374465, 10.706576862296062 ], [ 78.574521625718077, 10.70904945893726 ], [ 78.569352197652094, 10.709125347341299 ] ] ] ] } }
]
}
