{
"type": "FeatureCollection",
"name": "ramanathapuram_boundary",
"crs": { "type": "name", "properties": { "name": "urn:ogc:def:crs:OGC:1.3:CRS84" } },
"features": [
{ "type": "Feature", "properties": { "dtname": "Ramanathapuram", "stname": "TAMIL NADU", "stcode11": "33", "dtcode11": "626", "year_stat": "2011_c", "objectid": 683, "test": -1, "dist_lgd": 583, "state_lgd": 33, "remarks": " ", "dist": "Ramanathapuram", "st_area(shape)": 4249868429.2848287, "st_length(shape)": 763324.66307981417 }, "geometry": { "type": "MultiPolygon", "coordinates": [ [ [ [ 79.106655639967286, 9.850816842625502 ], [ 79.106213176570691, 9.850994756012934 ], [ 79.105383508743969, 9.851437705198149 ], [ 79.10486380370773, 9.851975611853184 ], [ 79.104289384084097, 9.852649129257172 ], [ 79.103828919347578, 9.85335882140212 ], [ 79.103245336009763, 9.854493434578604 ], [ 79.102989997975087, 9.855198623114241 ], [ 79.102906145633213, 9.855196133442522 ], [ 79.102684581558279, 9.855189553911861 ], [ 79.102511363015296, 9.855157893569618 ], [ 79.102087449829369, 9.854904703653526 ], [ 79.101804835349384, 9.854787141991316 ], [ 79.101558678096922, 9.854796159871235 ], [ 79.101002525714648, 9.855004053399199 ], [ 79.100163736394506, 9.855329454318268 ], [ 79.099648601088106, 9.855609679780933 ], [ 79.097943650781104, 9.856368962334399 ], [ 79.097255324779496, 9.856328204612533 ], [ 79.097151861316661, 9.856342414189958 ], [ 79.094656948718495, 9.856685044044964 ], [ 79.092646614334072, 9.857019331021537 ], [ 79.091315504220773, 9.857272320177076 ], [ 79.090107489352562, 9.857376141384425 ], [ 79.088904065773775, 9.857226805402622 ], [ 79.08848013462152, 9.857163461209804 ], [ 79.087928599579769, 9.856851468026052 ], [ 79.087190185314569, 9.856408350869573 ], [ 79.086515606231742, 9.85587030894888 ], [ 79.08598688839821, 9.855409137047301 ], [ 79.085604017440971, 9.855137847859359 ], [ 79.084888396129443, 9.854735413749204 ], [ 79.083976778592614, 9.854233498211086 ], [ 79.083024147573155, 9.853668284838477 ], [ 79.082673424624971, 9.853397681913501 ], [ 79.082285767443906, 9.853098580563245 ], [ 79.081465285789264, 9.85284982412999 ], [ 79.080663028256765, 9.852682438718199 ], [ 79.07986075455463, 9.852619024617452 ], [ 79.079012876978766, 9.852682176738657 ], [ 79.077827662250783, 9.852808560600746 ], [ 79.076874904568882, 9.853079638403822 ], [ 79.075521041027741, 9.853120093834956 ], [ 79.074294820901983, 9.853119882304433 ], [ 79.073766057254403, 9.853038419156562 ], [ 79.073237336725953, 9.852721884337868 ], [ 79.072895522370459, 9.852342094373453 ], [ 79.072430700804773, 9.851587074778417 ], [ 79.071924860366593, 9.850809443431704 ], [ 79.071459992088535, 9.850330177117577 ], [ 79.0707443761669, 9.850054289338706 ], [ 79.070170039188298, 9.849945689086036 ], [ 79.06947259618488, 9.849990763213608 ], [ 79.068542650321305, 9.850157848181095 ], [ 79.067781347880938, 9.85041085410505 ], [ 79.066805762211033, 9.850849160107007 ], [ 79.065852928172333, 9.851477332405825 ], [ 79.064945643210095, 9.852254688692673 ], [ 79.064138574300941, 9.853348504208618 ], [ 79.063655194439832, 9.854238959927711 ], [ 79.062893725811136, 9.855206205416822 ], [ 79.062068381575884, 9.856422066582326 ], [ 79.061585024172629, 9.857158819986671 ], [ 79.061097151836748, 9.857683103432805 ], [ 79.059888972576857, 9.8584784638361 ], [ 79.058922508400343, 9.85874948741596 ], [ 79.058812932800294, 9.858760162000591 ], [ 79.057440957426422, 9.858893815983985 ], [ 79.057311263157274, 9.858888477366312 ], [ 79.056447211414735, 9.858852906345708 ], [ 79.055303041610401, 9.858771272914337 ], [ 79.053885419243684, 9.858454501979176 ], [ 79.052426757343198, 9.858201003941199 ], [ 79.050042725597223, 9.857929189559126 ], [ 79.048579457135958, 9.857888140847981 ], [ 79.047312148967421, 9.85805508109196 ], [ 79.046145050563766, 9.858515880227124 ], [ 79.04515111231261, 9.859207270220349 ], [ 79.042980722399022, 9.861168626563558 ], [ 79.042205463732429, 9.862280479722928 ], [ 79.041507696437193, 9.863392352142274 ], [ 79.041220301123261, 9.864129127139494 ], [ 79.041097036994927, 9.864780056672616 ], [ 79.041069267374553, 9.866285399694634 ], [ 79.041091667764491, 9.867700346406588 ], [ 79.041232584686469, 9.86914244659101 ], [ 79.041327987566277, 9.87032686384668 ], [ 79.041405299274572, 9.871000449953904 ], [ 79.041418868326943, 9.871384701908418 ], [ 79.041309340337591, 9.87181412633459 ], [ 79.040798522334441, 9.872690978196967 ], [ 79.040009646106441, 9.873472819240162 ], [ 79.039097657565364, 9.874331473578305 ], [ 79.038235871373985, 9.874986715936057 ], [ 79.038149177660841, 9.875253403567916 ], [ 79.037930153123227, 9.875967593291589 ], [ 79.037218696401354, 9.876970957363968 ], [ 79.037268523255221, 9.878073991269723 ], [ 79.037099690287477, 9.878620931847495 ], [ 79.036780302373046, 9.879556598199001 ], [ 79.035776608417876, 9.882133034318613 ], [ 79.035761346939523, 9.882253322598812 ], [ 79.035634953979041, 9.883249572584807 ], [ 79.035269534592828, 9.885649888784116 ], [ 79.034772268574031, 9.886816050664621 ], [ 79.033075628581756, 9.889225010854174 ], [ 79.032163502598451, 9.890336798437581 ], [ 79.030986899120776, 9.891611241738991 ], [ 79.030890966234949, 9.89223957167377 ], [ 79.031127734296092, 9.893207045334423 ], [ 79.030867765446104, 9.893550528851831 ], [ 79.029591042035094, 9.89420561875402 ], [ 79.029589493339529, 9.894206886893626 ], [ 79.029093982628808, 9.894612316101247 ], [ 79.028998712699675, 9.89469006277783 ], [ 79.028938936105718, 9.8947388440425 ], [ 79.028081595676667, 9.895516114106291 ], [ 79.026909817948706, 9.895854788161106 ], [ 79.026225774216016, 9.896442243951519 ], [ 79.025819768945269, 9.897215131269888 ], [ 79.025125991068194, 9.899669574558217 ], [ 79.024792909235586, 9.900487689630486 ], [ 79.024765540263815, 9.900532886037739 ], [ 79.024473639898773, 9.90089443671819 ], [ 79.023944568129025, 9.901549745592487 ], [ 79.023137383337229, 9.902218526260404 ], [ 79.022444247755587, 9.902665833814494 ], [ 79.021787681690796, 9.902823837424666 ], [ 79.020935119400761, 9.902841635159499 ], [ 79.01993666621695, 9.902859381567342 ], [ 79.019065950771633, 9.902633060371913 ], [ 79.018199773615123, 9.902474545179151 ], [ 79.0175068212898, 9.902379375143434 ], [ 79.016731738692968, 9.902474038113089 ], [ 79.016138990742633, 9.902650134243036 ], [ 79.01563730501266, 9.903160782751895 ], [ 79.013794359105006, 9.906089455170314 ], [ 79.012202159942589, 9.908954920318388 ], [ 79.012146821924475, 9.909107347710222 ], [ 79.012056117233612, 9.909357196945972 ], [ 79.011558799112535, 9.910347019904846 ], [ 79.011285029444835, 9.910934592224228 ], [ 79.011234693246209, 9.911431835641256 ], [ 79.011157015025304, 9.911892904205788 ], [ 79.010928916604968, 9.912258986358074 ], [ 79.010655261023345, 9.912530119582188 ], [ 79.010222024223069, 9.912819278080891 ], [ 79.00935107341914, 9.913171560902956 ], [ 79.008484662700639, 9.913569048576571 ], [ 79.007258078757175, 9.913934755428951 ], [ 79.006049747681985, 9.914255260283745 ], [ 79.006051220919062, 9.914312534566418 ], [ 79.006099160412532, 9.916176514811006 ], [ 79.006308000749783, 9.918482077053094 ], [ 79.006289691287648, 9.918667413440764 ], [ 79.006120950846366, 9.918784883239342 ], [ 79.005258986788519, 9.919426474253223 ], [ 79.003553186675305, 9.920958287694239 ], [ 79.001984134402832, 9.922535350173325 ], [ 79.001007463568058, 9.924930859990305 ], [ 79.000099411444566, 9.926729681073571 ], [ 78.998820016443887, 9.927807007944617 ], [ 78.998749243572519, 9.928054335220065 ], [ 78.998166067171553, 9.929442319585137 ], [ 78.997646894836251, 9.931210114116222 ], [ 78.997552392966668, 9.934677367145117 ], [ 78.997553055025023, 9.936643838387102 ], [ 78.997033773095282, 9.93822164287508 ], [ 78.996122311865278, 9.939478658174076 ], [ 78.99475931155942, 9.940378720571022 ], [ 78.993300586776883, 9.941572649188664 ], [ 78.991842008419738, 9.943042321412275 ], [ 78.991062648045514, 9.944009919383113 ], [ 78.990852727933287, 9.943670967720465 ], [ 78.990633030557532, 9.943140036769289 ], [ 78.990551598277037, 9.942943249592732 ], [ 78.990551586598912, 9.942943218623938 ], [ 78.990054133730567, 9.941691207950454 ], [ 78.990005580687779, 9.941180575266966 ], [ 78.989953527808638, 9.94063346294228 ], [ 78.989694429426166, 9.940151087433618 ], [ 78.989688904787187, 9.94014080128102 ], [ 78.989458212032318, 9.940060356920448 ], [ 78.98911888511185, 9.93994208159795 ], [ 78.988641189789831, 9.940203840127941 ], [ 78.987856103554023, 9.940634082322582 ], [ 78.986460957934042, 9.941163427308982 ], [ 78.985161519722723, 9.941362708999678 ], [ 78.983529400327399, 9.942054849173989 ], [ 78.983107746404414, 9.94206435131127 ], [ 78.981901630574711, 9.942091571185818 ], [ 78.981017623656442, 9.942039012572849 ], [ 78.980766248988786, 9.942024077607869 ], [ 78.980189991412132, 9.941808489865551 ], [ 78.979703799824165, 9.941626613865676 ], [ 78.977752109258105, 9.941464410118563 ], [ 78.977219382243476, 9.941464532224675 ], [ 78.976051364863295, 9.941464832180955 ], [ 78.975385659338855, 9.941397241142603 ], [ 78.97488870683209, 9.941659545330069 ], [ 78.974888875715379, 9.942188486945497 ], [ 78.974720353564692, 9.942785240560935 ], [ 78.97469650688717, 9.942791220195968 ], [ 78.97432368717962, 9.942884733604055 ], [ 78.973758283946566, 9.942848759356789 ], [ 78.9730605822283, 9.942586761387783 ], [ 78.972111963084913, 9.942587002944652 ], [ 78.972093924015681, 9.942587008253621 ], [ 78.970197125903383, 9.942750235184196 ], [ 78.969314672172231, 9.942862697973398 ], [ 78.968633186841501, 9.942949564572704 ], [ 78.967533888783905, 9.943106074636102 ], [ 78.967233434660741, 9.943148849598542 ], [ 78.967233407711262, 9.943148853137851 ], [ 78.965933909312838, 9.943117548126846 ], [ 78.964702713418717, 9.942819445169027 ], [ 78.963941302282223, 9.942851335076568 ], [ 78.963941264552972, 9.942851309416692 ], [ 78.963904822596859, 9.942828563270856 ], [ 78.963803980417993, 9.942765624915138 ], [ 78.963756578117085, 9.942736040848802 ], [ 78.963571889884562, 9.942620769585798 ], [ 78.963571777595163, 9.9419924282921 ], [ 78.963689238606761, 9.941656247582685 ], [ 78.963808678606938, 9.941314316035825 ], [ 78.964738768200959, 9.941083522060175 ], [ 78.964738804133574, 9.941083514096716 ], [ 78.964875053409344, 9.941055304900672 ], [ 78.965372523345692, 9.940952293224003 ], [ 78.965705300649461, 9.940685511234998 ], [ 78.965705315022475, 9.940391671823081 ], [ 78.965673257743262, 9.940061686820789 ], [ 78.965497975770077, 9.939542734171713 ], [ 78.965271716201144, 9.938872867024497 ], [ 78.965271708116319, 9.938872837824981 ], [ 78.964806231678807, 9.937155118778721 ], [ 78.964469006816088, 9.935630580210413 ], [ 78.964071295690374, 9.933832709709588 ], [ 78.963939589194979, 9.931645604703451 ], [ 78.963933631567997, 9.93154670197778 ], [ 78.963874473014982, 9.930564398869365 ], [ 78.96378933069235, 9.930178517255996 ], [ 78.963605176957401, 9.929343963921639 ], [ 78.963472518247841, 9.927725570388404 ], [ 78.963433413685195, 9.927235832350092 ], [ 78.963432934883144, 9.927229839157702 ], [ 78.963403914807898, 9.926866668130488 ], [ 78.963371883579796, 9.926473448377745 ], [ 78.963070788059511, 9.925945730787362 ], [ 78.962938593778929, 9.925714070301064 ], [ 78.962882313428054, 9.925018659581077 ], [ 78.962874574441884, 9.924923035071767 ], [ 78.962874572645262, 9.924923004986111 ], [ 78.962911452080931, 9.924308798290758 ], [ 78.962938086230821, 9.923865176566224 ], [ 78.962421675316676, 9.923252999562159 ], [ 78.962240379122676, 9.92303808523058 ], [ 78.961989927923142, 9.92289202481324 ], [ 78.96122624764223, 9.922446672117623 ], [ 78.961209778828106, 9.922437067649621 ], [ 78.958451123557509, 9.921434177001025 ], [ 78.958007138414828, 9.921097082324337 ], [ 78.957320153597948, 9.920575487426584 ], [ 78.956509869618387, 9.920151127234025 ], [ 78.956120905388573, 9.919947417935267 ], [ 78.955790062157661, 9.919958055136943 ], [ 78.954990201330361, 9.91998377077635 ], [ 78.953526747816156, 9.920178489627983 ], [ 78.952644230304628, 9.920178700230458 ], [ 78.952364070022014, 9.920178765711883 ], [ 78.95126515734168, 9.91955515882502 ], [ 78.950433061368727, 9.919414018592764 ], [ 78.950280308244558, 9.919388114427811 ], [ 78.949012821311314, 9.919587189041982 ], [ 78.948619826340817, 9.919578595029879 ], [ 78.947581146598594, 9.919555878237318 ], [ 78.947314708980286, 9.919387530402759 ], [ 78.946851605891752, 9.919094918674645 ], [ 78.946185866231318, 9.918498312994171 ], [ 78.945633829929633, 9.917929279413176 ], [ 78.945387834373946, 9.917675715743385 ], [ 78.945387811916049, 9.917675683002425 ], [ 78.944452968437517, 9.917015908437225 ], [ 78.943956045575192, 9.916848689306475 ], [ 78.943748800645892, 9.917030876399558 ], [ 78.943354227335433, 9.917377739156954 ], [ 78.942736158572174, 9.918234203651027 ], [ 78.942424392862918, 9.918666226805442 ], [ 78.941776227842709, 9.919236943931214 ], [ 78.941084128018588, 9.919846341937346 ], [ 78.941008153003438, 9.91993789126386 ], [ 78.940632868318787, 9.92039010521945 ], [ 78.940532562434143, 9.920510974122477 ], [ 78.939237782885911, 9.920872842572019 ], [ 78.937774208099142, 9.920972567038138 ], [ 78.93683962243712, 9.92123940580287 ], [ 78.936242502386293, 9.922460073597515 ], [ 78.936639426587831, 9.923671459814805 ], [ 78.936554171077475, 9.925850946289438 ], [ 78.936507682363199, 9.927039341768884 ], [ 78.936563264723105, 9.927714267136466 ], [ 78.936608200250248, 9.928259900341729 ], [ 78.937374608714677, 9.93040249225715 ], [ 78.937461956401307, 9.930576493969181 ], [ 78.937839766250249, 9.931329104903885 ], [ 78.937739507078021, 9.931591333989957 ], [ 78.937739491806667, 9.93159137469322 ], [ 78.937230727352244, 9.931667440228239 ], [ 78.937073840181128, 9.931690898572327 ], [ 78.937073801553581, 9.931690910960283 ], [ 78.936339825864167, 9.93198933730025 ], [ 78.936060669898055, 9.932290455971408 ], [ 78.935975153876271, 9.932382700850921 ], [ 78.935874985433884, 9.933209974745774 ], [ 78.935542192858762, 9.933969504436112 ], [ 78.934744344257737, 9.934168501165928 ], [ 78.934151554086554, 9.934018085189596 ], [ 78.933444788367098, 9.933838746138578 ], [ 78.932308513855816, 9.933096720235993 ], [ 78.932282036012793, 9.933079429393411 ], [ 78.931255956040772, 9.932026318819158 ], [ 78.931101973122963, 9.931616687695509 ], [ 78.930822615035936, 9.930873637400241 ], [ 78.930389232708563, 9.929286961264557 ], [ 78.930056096977026, 9.927605361602314 ], [ 78.929970439021432, 9.926478871729428 ], [ 78.929955717430531, 9.926285335267597 ], [ 78.929837953686672, 9.926138466644229 ], [ 78.929691154596227, 9.925955398862998 ], [ 78.928756538391468, 9.926186097326958 ], [ 78.928487601660024, 9.92629734557824 ], [ 78.927794534350326, 9.926584073585005 ], [ 78.927380764042269, 9.926681664668015 ], [ 78.927302912446478, 9.926700027422193 ], [ 78.926605475731236, 9.926864520560096 ], [ 78.926394852238147, 9.926914202256883 ], [ 78.924730675563609, 9.927108812573779 ], [ 78.924730646817522, 9.927108804610015 ], [ 78.92449482917398, 9.927036537629224 ], [ 78.923344511299845, 9.926684018413551 ], [ 78.922177216165124, 9.926223083925914 ], [ 78.921890869185162, 9.926197096237038 ], [ 78.921083041199608, 9.92612381588088 ], [ 78.920388530297274, 9.926190591571928 ], [ 78.920048029278703, 9.926223353810634 ], [ 78.919422776688123, 9.926451701878056 ], [ 78.918785084227508, 9.926684603310472 ], [ 78.918492859570648, 9.926751968208256 ], [ 78.918467776811298, 9.926757766738728 ], [ 78.918410547839471, 9.926770960983422 ], [ 78.918340640045756, 9.926787077941539 ], [ 78.917727955784315, 9.926928328259269 ], [ 78.917353414006385, 9.927014683213315 ], [ 78.916881657446709, 9.927191177622344 ], [ 78.916555623795816, 9.927313155405709 ], [ 78.915990199003161, 9.927114324401508 ], [ 78.915873872563751, 9.926700684878176 ], [ 78.915757549717611, 9.926287045717057 ], [ 78.91515556888281, 9.924474374829298 ], [ 78.914758633003132, 9.922394989033153 ], [ 78.914722115588532, 9.921273886976527 ], [ 78.914092804409506, 9.920283917383129 ], [ 78.91329480039991, 9.91925782195111 ], [ 78.912027236211486, 9.918498474043961 ], [ 78.911106177381029, 9.917815926704305 ], [ 78.909610748334273, 9.917255490436041 ], [ 78.908014920876454, 9.917418363655756 ], [ 78.906081859572765, 9.91847635359165 ], [ 78.905019558630144, 9.919036972713286 ], [ 78.903852434175377, 9.91923588737628 ], [ 78.902721661845177, 9.91877490878076 ], [ 78.901258123889349, 9.918078781610577 ], [ 78.900291443218819, 9.917816694789419 ], [ 78.899265637232972, 9.917893537803472 ], [ 78.899165339433182, 9.917396305957862 ], [ 78.899165249601637, 9.915909059575263 ], [ 78.899133269577533, 9.914787953909521 ], [ 78.898748530124493, 9.91430597126188 ], [ 78.898631679967281, 9.914159605200934 ], [ 78.897966056189517, 9.91415962643854 ], [ 78.897470992839814, 9.91412490824781 ], [ 78.896999485113469, 9.914091879328907 ], [ 78.895704728023119, 9.913630823590713 ], [ 78.894437214140382, 9.913201390104781 ], [ 78.894437180004402, 9.913201378601007 ], [ 78.893575400101199, 9.912211417363856 ], [ 78.89348162227374, 9.912035803330939 ], [ 78.893206050585604, 9.911519850342051 ], [ 78.89304576418948, 9.910541307335723 ], [ 78.892973519877714, 9.910100385421888 ], [ 78.892518415388452, 9.908749375826996 ], [ 78.892220188188858, 9.907864069215583 ], [ 78.892207345873558, 9.907825946080067 ], [ 78.892198424704446, 9.907799464033086 ], [ 78.89219841572131, 9.907799427751469 ], [ 78.892748706596365, 9.90748282438733 ], [ 78.892936980903485, 9.907374497060729 ], [ 78.892937014141154, 9.90737448290202 ], [ 78.893871621362777, 9.907274949866274 ], [ 78.894068352409988, 9.907104948889845 ], [ 78.8940693109124, 9.907104120605126 ], [ 78.894368578361096, 9.906845514251826 ], [ 78.894537248733812, 9.906483810841991 ], [ 78.894569088620727, 9.905692748668089 ], [ 78.8951663236559, 9.904734344238149 ], [ 78.896182296682653, 9.902929851274518 ], [ 78.896301495934338, 9.902718135921353 ], [ 78.896422735260032, 9.902402455063232 ], [ 78.897263310430958, 9.900213735005218 ], [ 78.898051245224522, 9.899295198853856 ], [ 78.898197933822232, 9.89912419287543 ], [ 78.898197953585168, 9.899124171636844 ], [ 78.899059570893286, 9.89829688869354 ], [ 78.900559303768574, 9.896217387347603 ], [ 78.900559329819714, 9.896217354604492 ], [ 78.901425474636881, 9.895227294340835 ], [ 78.90142548092507, 9.895227251863165 ], [ 78.901589629178631, 9.894404606880549 ], [ 78.901156469633477, 9.893577381074996 ], [ 78.900563756717418, 9.892795302870791 ], [ 78.900563721683127, 9.892795286056574 ], [ 78.899665542942941, 9.89219861839233 ], [ 78.8989999497079, 9.891773771933632 ], [ 78.898710682304966, 9.891301301573108 ], [ 78.898534943089288, 9.891014261302551 ], [ 78.898374179687721, 9.890732780123464 ], [ 78.89796954524607, 9.890024301288845 ], [ 78.897517326145547, 9.889407286735125 ], [ 78.897436124732039, 9.889296494119943 ], [ 78.896802390248567, 9.888374322072067 ], [ 78.896802365095752, 9.888374283133375 ], [ 78.89679172005961, 9.88835806340127 ], [ 78.896369299873697, 9.887714359394094 ], [ 78.895740080322796, 9.887284956607092 ], [ 78.895210689651151, 9.886951771177085 ], [ 78.894741672953131, 9.886656581800679 ], [ 78.894117126438331, 9.88577512987956 ], [ 78.89348333805593, 9.884455139663935 ], [ 78.893307476669392, 9.883771026797415 ], [ 78.893187021572956, 9.883302448597364 ], [ 78.893218945901509, 9.882443499960614 ], [ 78.893246455010456, 9.881787667121053 ], [ 78.893250805551403, 9.881684017332116 ], [ 78.893255135431048, 9.881673808109349 ], [ 78.89341947143248, 9.881286192819669 ], [ 78.893186987436977, 9.881055700851656 ], [ 78.892817649599479, 9.880662437707063 ], [ 78.892699596598106, 9.880561431916998 ], [ 78.89235263759096, 9.880264575674415 ], [ 78.892252325418156, 9.879536760177039 ], [ 78.892252318231613, 9.879536727432274 ], [ 78.89207455511162, 9.879012391157142 ], [ 78.892027601070026, 9.879005942196507 ], [ 78.890925015178524, 9.87885449911154 ], [ 78.890857296579142, 9.878845198691538 ], [ 78.89064433477138, 9.878895926642816 ], [ 78.890155297320561, 9.879012416822004 ], [ 78.888924390683982, 9.879672506703551 ], [ 78.887693588251963, 9.880065749791733 ], [ 78.887693549624373, 9.880065762181646 ], [ 78.886494596062448, 9.880431946186974 ], [ 78.885564625944355, 9.880233118635466 ], [ 78.885020676276866, 9.880116777567196 ], [ 78.884634569587988, 9.880034195384594 ], [ 78.883766612868882, 9.880155221630819 ], [ 78.883467579880488, 9.88019691626593 ], [ 78.883467557422591, 9.880196933965768 ], [ 78.883381025406223, 9.880260522411444 ], [ 78.881935749301817, 9.881322578262074 ], [ 78.881531541559923, 9.881672969140613 ], [ 78.881174415420432, 9.881982556424475 ], [ 78.881065202739748, 9.882378264977593 ], [ 78.880937362593343, 9.882841483255485 ], [ 78.880472373941032, 9.884523083160149 ], [ 78.879610803345315, 9.885544672032003 ], [ 78.879610770107632, 9.885544707431119 ], [ 78.878612321415417, 9.885874727840147 ], [ 78.877313080833488, 9.886272558306198 ], [ 78.876955321381672, 9.886248163948975 ], [ 78.876848034689004, 9.886240852278748 ], [ 78.87647881542911, 9.88600575659606 ], [ 78.87647878937797, 9.885481412934814 ], [ 78.876420157237689, 9.885254275320678 ], [ 78.876282739253725, 9.884721919622896 ], [ 78.875796944721145, 9.884395291073139 ], [ 78.875348185032735, 9.884093562042379 ], [ 78.874582300286121, 9.884025703415654 ], [ 78.87416592755865, 9.883612829946982 ], [ 78.873985079624006, 9.883433504927796 ], [ 78.873588592901982, 9.882194955075057 ], [ 78.873588585715467, 9.882194929410437 ], [ 78.873579546867091, 9.882120471044596 ], [ 78.873456349214081, 9.881105369129415 ], [ 78.873539107407922, 9.880957695298592 ], [ 78.873752724985849, 9.880576505085285 ], [ 78.874194930565949, 9.880160813011523 ], [ 78.874203903837326, 9.880152377265857 ], [ 78.874454761075341, 9.879916560386453 ], [ 78.874454775448399, 9.879916520561761 ], [ 78.874509675986971, 9.879796272136723 ], [ 78.874650824674319, 9.879487089892452 ], [ 78.874549910630236, 9.879142462427563 ], [ 78.874549142570686, 9.879139847267556 ], [ 78.874486685403923, 9.87892654571891 ], [ 78.874486653064565, 9.878926522708996 ], [ 78.874376302218423, 9.878835027435498 ], [ 78.873652463118688, 9.878234882061014 ], [ 78.872888281577829, 9.877642435967978 ], [ 78.872754481109553, 9.877538706108069 ], [ 78.872754449668491, 9.877538677788079 ], [ 78.872449941448451, 9.876611006998994 ], [ 78.872439860554323, 9.876580299207282 ], [ 78.872490097938268, 9.875526964814892 ], [ 78.872490129379301, 9.875526929414693 ], [ 78.872914515079103, 9.87516008239146 ], [ 78.873023472638209, 9.875065897422827 ], [ 78.873023495994403, 9.875065878837688 ], [ 78.873885038742372, 9.875165412780389 ], [ 78.874158722171785, 9.875228718996683 ], [ 78.875585451658836, 9.875558717895276 ], [ 78.876214584073153, 9.87545931062721 ], [ 78.877016918860718, 9.87499821216516 ], [ 78.877846578602615, 9.874405978842201 ], [ 78.878414644442202, 9.87422440619409 ], [ 78.878680860176658, 9.874139296718807 ], [ 78.879510540579801, 9.873908796204427 ], [ 78.879712934606587, 9.873830665830257 ], [ 78.880107773818366, 9.873678225612887 ], [ 78.880230357023706, 9.873556670403637 ], [ 78.880340222779594, 9.873447712385524 ], [ 78.880340255118952, 9.873185483745925 ], [ 78.880308327197113, 9.87291873956795 ], [ 78.879943683056979, 9.872525526880059 ], [ 78.879346511802197, 9.871897117686506 ], [ 78.878544186896065, 9.871698185856927 ], [ 78.878111117182428, 9.871300365202977 ], [ 78.877978906732167, 9.870608751895679 ], [ 78.877831804011151, 9.87040084785597 ], [ 78.877582278076346, 9.870048210302253 ], [ 78.877582273584764, 9.870048181981627 ], [ 78.877349850674676, 9.868795945322582 ], [ 78.877217629444644, 9.867837651033685 ], [ 78.87702288277589, 9.86747488160964 ], [ 78.876656977401097, 9.866793349589587 ], [ 78.876331647131067, 9.86616664199083 ], [ 78.876023324664317, 9.865572787337323 ], [ 78.875125339960206, 9.863823281814192 ], [ 78.875000331303582, 9.863471265595368 ], [ 78.874528157027328, 9.862141646969951 ], [ 78.874449281352128, 9.861972667890766 ], [ 78.873958391575229, 9.860921083417999 ], [ 78.873493452330223, 9.860224880600104 ], [ 78.872796014716684, 9.859171538155298 ], [ 78.872609773297057, 9.858346952392351 ], [ 78.872599987050336, 9.858303621186876 ], [ 78.872599962795817, 9.858303573394117 ], [ 78.872663100885575, 9.857601174989236 ], [ 78.872695837291175, 9.857236756947596 ], [ 78.873028623578037, 9.856676184641602 ], [ 78.873060547906633, 9.85627839983959 ], [ 78.872921937858294, 9.856100514968464 ], [ 78.872828051334679, 9.855980065791037 ], [ 78.872098637290293, 9.855649980901671 ], [ 78.871529222181124, 9.855255424442568 ], [ 78.871100379939222, 9.854958297575378 ], [ 78.870406128649989, 9.85459989237202 ], [ 78.869436587743635, 9.854099399807744 ], [ 78.868771105001372, 9.85337148667052 ], [ 78.868771077153596, 9.853371466314055 ], [ 78.868814592444267, 9.852685658588328 ], [ 78.868871426157355, 9.851789283764315 ], [ 78.868828867572446, 9.850842710595067 ], [ 78.868803110178291, 9.850270391361894 ], [ 78.868803165873857, 9.849272095357655 ], [ 78.868803182941832, 9.84865204209604 ], [ 78.868902530324064, 9.848170736969049 ], [ 78.869204396598874, 9.846708141261546 ], [ 78.869425143206911, 9.84586987457647 ], [ 78.869500807404961, 9.845582530068949 ], [ 78.869857133145572, 9.845389201769335 ], [ 78.870467154800508, 9.845058210577832 ], [ 78.871640171305231, 9.844744763255395 ], [ 78.872395314896025, 9.844542968600125 ], [ 78.871766322618896, 9.84345347589225 ], [ 78.87176630465261, 9.843453445799152 ], [ 78.871728799091159, 9.843397160217652 ], [ 78.871064432056514, 9.842400112652127 ], [ 78.871051651724969, 9.842334545798046 ], [ 78.870800060563326, 9.841043952662625 ], [ 78.870364603127655, 9.84061204441015 ], [ 78.870234869332634, 9.840483369668453 ], [ 78.870234845976455, 9.840483342230394 ], [ 78.869601293850948, 9.839723916034554 ], [ 78.868871975027986, 9.839163336110813 ], [ 78.868281454899545, 9.838613010932939 ], [ 78.868270423587859, 9.838602733108228 ], [ 78.868270384960312, 9.83860269681899 ], [ 78.868170123093151, 9.838010521158939 ], [ 78.86817015722913, 9.837350485052353 ], [ 78.8681946893212, 9.83686146566574 ], [ 78.868206660270687, 9.836622705812143 ], [ 78.868206663863944, 9.836622672177993 ], [ 78.868269124623964, 9.836342866957057 ], [ 78.868338840178239, 9.836030512441811 ], [ 78.868238617836923, 9.835700546567667 ], [ 78.867837458977121, 9.83546997139254 ], [ 78.867254051709097, 9.835434596998445 ], [ 78.867240380248802, 9.835433769418497 ], [ 78.8671341975856, 9.835433757912039 ], [ 78.866775462563396, 9.835433723392665 ], [ 78.866775428427403, 9.835433721622445 ], [ 78.866374267771008, 9.835103674607135 ], [ 78.866091864395102, 9.834171367699147 ], [ 78.86608286597091, 9.834141664102487 ], [ 78.866082603662861, 9.834140796689084 ], [ 78.866116274316326, 9.83250960584204 ], [ 78.866142044286903, 9.831261182331287 ], [ 78.866575022372373, 9.831062334869635 ], [ 78.868138509581655, 9.830732424224628 ], [ 78.869237071020692, 9.830533511830858 ], [ 78.870002829104877, 9.830402478730587 ], [ 78.870832442134386, 9.829742452215422 ], [ 78.871598193930339, 9.829444192442491 ], [ 78.871997347750423, 9.829294811078599 ], [ 78.872564562885429, 9.829082533253715 ], [ 78.873215267442944, 9.828595366606219 ], [ 78.873494365916883, 9.828386411114609 ], [ 78.873993558821979, 9.827380617397196 ], [ 78.874068742421343, 9.827229133792649 ], [ 78.874067691392469, 9.82719465161736 ], [ 78.874027724447174, 9.825882031130888 ], [ 78.874027772057858, 9.824829344787812 ], [ 78.874027777447779, 9.824724767175834 ], [ 78.873726948727111, 9.824132556922404 ], [ 78.873439486039572, 9.823863501818574 ], [ 78.87316179342902, 9.823603591803034 ], [ 78.872894709922022, 9.823167286378393 ], [ 78.872696883828453, 9.822844116211767 ], [ 78.872546484290339, 9.822176420743395 ], [ 78.872332343892921, 9.821225739736699 ], [ 78.871730720587564, 9.821026812775163 ], [ 78.871730685553274, 9.821026796842441 ], [ 78.871133612214848, 9.820696844323777 ], [ 78.870600282430658, 9.820665101012491 ], [ 78.870135377321674, 9.82066515412161 ], [ 78.870015234838945, 9.820545958677529 ], [ 78.869934818553034, 9.820466176369465 ], [ 78.869612028718592, 9.819505621858999 ], [ 78.869602143657247, 9.819476208161326 ], [ 78.869602135572393, 9.819476181606646 ], [ 78.869583399410502, 9.819228062844427 ], [ 78.869581551575976, 9.819203624582167 ], [ 78.869470022140163, 9.817726746118781 ], [ 78.869090763308691, 9.81721762315337 ], [ 78.868941301611727, 9.817016982766113 ], [ 78.868499145439003, 9.816812695389569 ], [ 78.867943152058515, 9.816555807979451 ], [ 78.867077217447132, 9.815895800759069 ], [ 78.866676097214892, 9.81506845237981 ], [ 78.866194592137745, 9.814673727972803 ], [ 78.865915028336488, 9.814444549101433 ], [ 78.86565636204368, 9.814363285321225 ], [ 78.86518117841122, 9.81421399894465 ], [ 78.864383623559263, 9.813816173653757 ], [ 78.864188652311682, 9.813077892299786 ], [ 78.864183047722605, 9.813056669413974 ], [ 78.864114834151522, 9.811637187559279 ], [ 78.864484044428238, 9.810285577850408 ], [ 78.865281754688752, 9.808965602612219 ], [ 78.865915341848535, 9.808038875751803 ], [ 78.867045688377274, 9.807116749277586 ], [ 78.867310122752514, 9.806126742057771 ], [ 78.867743104431241, 9.80572893272798 ], [ 78.867950628736622, 9.805656315135082 ], [ 78.868208015828444, 9.805566250390095 ], [ 78.86887347790946, 9.805466830022471 ], [ 78.868873518333629, 9.805466821170567 ], [ 78.869216679263744, 9.805352066580504 ], [ 78.869671063304153, 9.805200111712992 ], [ 78.870505250555084, 9.804146893132039 ], [ 78.871302879068892, 9.803550230719782 ], [ 78.871980855580119, 9.803014591968562 ], [ 78.872086757070633, 9.802930924725519 ], [ 78.872086785816734, 9.802930900825126 ], [ 78.871899956898872, 9.801818802904123 ], [ 78.871699462808948, 9.801091032295698 ], [ 78.871699434961187, 9.801091003969182 ], [ 78.871525437578839, 9.800891153157714 ], [ 78.871266446095902, 9.800593683559956 ], [ 78.870537239562339, 9.800399281776459 ], [ 78.870537200934777, 9.800399293284139 ], [ 78.870252531109429, 9.800465323442063 ], [ 78.869406908304967, 9.800661472581934 ], [ 78.868651878800236, 9.800956620227707 ], [ 78.868308515749192, 9.801090847288048 ], [ 78.867939329726951, 9.801059252583078 ], [ 78.867706922088217, 9.800828612561771 ], [ 78.867706901426999, 9.800331402409871 ], [ 78.867675038183833, 9.798943524709255 ], [ 78.867469864769589, 9.798607376741627 ], [ 78.867374312769456, 9.798450829849365 ], [ 78.867374296599763, 9.798450804178231 ], [ 78.866604039752687, 9.798446256848722 ], [ 78.866595038633534, 9.798443348930183 ], [ 78.866212071556532, 9.798319601702367 ], [ 78.865911276971872, 9.797989602672773 ], [ 78.86594330909827, 9.796570206794094 ], [ 78.866011710417268, 9.795250191124389 ], [ 78.866143928952354, 9.793794558413158 ], [ 78.866645381120364, 9.792673409409597 ], [ 78.866809451220476, 9.7917829039736 ], [ 78.866770597287825, 9.791576153389272 ], [ 78.866508711433042, 9.790182591286255 ], [ 78.866476891309034, 9.789323646667347 ], [ 78.86701011599034, 9.788632018570164 ], [ 78.867347740603336, 9.788632046897749 ], [ 78.867506949021163, 9.788632058405835 ], [ 78.868169734122631, 9.788899020195059 ], [ 78.868573372332591, 9.789061594739188 ], [ 78.869339078314468, 9.788831064116506 ], [ 78.86933911963699, 9.788831024280835 ], [ 78.869491411925438, 9.788684003241038 ], [ 78.870537705787967, 9.787673902731797 ], [ 78.870537744415515, 9.787673869977922 ], [ 78.87104553958774, 9.786797010421566 ], [ 78.871435670729127, 9.786123331581821 ], [ 78.872629714998041, 9.785332244748636 ], [ 78.87339340965201, 9.785276864633866 ], [ 78.873563982656478, 9.78526449420268 ], [ 78.874097281897932, 9.785562835340688 ], [ 78.874097302559164, 9.785562861012815 ], [ 78.874680543638846, 9.786390077617622 ], [ 78.875245654021157, 9.786656787144318 ], [ 78.875245684563893, 9.786656805734394 ], [ 78.875440650421581, 9.786656823439257 ], [ 78.875678713853333, 9.786656842029357 ], [ 78.876344067238179, 9.786290686914471 ], [ 78.877506289586478, 9.785929093946205 ], [ 78.878604607582076, 9.786096388294899 ], [ 78.878765605443945, 9.786299960725648 ], [ 78.878969231060978, 9.786557432815925 ], [ 78.879338322760063, 9.786986880652481 ], [ 78.879338349709514, 9.786986918717894 ], [ 78.880468679170278, 9.786720189095689 ], [ 78.881831302183727, 9.786358531972175 ], [ 78.883394612424908, 9.786028606036014 ], [ 78.884750873569502, 9.786113107013669 ], [ 78.884989684399571, 9.786127987965108 ], [ 78.885142156351066, 9.786182310071659 ], [ 78.885589594617684, 9.786341719429942 ], [ 78.885871576683655, 9.786442180376779 ], [ 78.886753484239136, 9.786756373376482 ], [ 78.887487185942362, 9.786358572693363 ], [ 78.888020437573147, 9.785468011372755 ], [ 78.888373834805918, 9.784475484772829 ], [ 78.888374153707815, 9.784474587130989 ], [ 78.88874959829262, 9.783420129822456 ], [ 78.889082331578933, 9.782100102601218 ], [ 78.889082313612619, 9.782100058338495 ], [ 78.889036669314706, 9.781978197694906 ], [ 78.888786007011078, 9.781309014156534 ], [ 78.888384946965985, 9.780549595735586 ], [ 78.888485221409553, 9.77982176699685 ], [ 78.889026807609525, 9.779030947561063 ], [ 78.889547110923772, 9.778271199043346 ], [ 78.8905769988543, 9.77656689242956 ], [ 78.89135004227542, 9.775829764933857 ], [ 78.892340664844852, 9.774885155992321 ], [ 78.892942248624351, 9.774026214327256 ], [ 78.893001401787487, 9.773820425613984 ], [ 78.893274896570645, 9.772868926148753 ], [ 78.893174619432131, 9.772010050099677 ], [ 78.892673282248467, 9.77151730378583 ], [ 78.892240291586603, 9.771517317065065 ], [ 78.892240255653988, 9.771517311753373 ], [ 78.892108919264473, 9.771489226152921 ], [ 78.891775447563035, 9.77141792280052 ], [ 78.891775427800098, 9.771417899783163 ], [ 78.89174598910995, 9.771380611655131 ], [ 78.891643338622416, 9.771250606015252 ], [ 78.891907613995855, 9.770568027767142 ], [ 78.892208386122661, 9.769776915429114 ], [ 78.892208384325997, 9.769512246229441 ], [ 78.892208368156346, 9.768257994971197 ], [ 78.89220838073274, 9.768257969297773 ], [ 78.89273851700608, 9.767348371712124 ], [ 78.89343877982121, 9.766146854767218 ], [ 78.894713485616137, 9.764818628388724 ], [ 78.894796798968841, 9.764731815791139 ], [ 78.894969887256096, 9.764031100255639 ], [ 78.894637234818163, 9.763669445016488 ], [ 78.893607307361776, 9.762941700634318 ], [ 78.893207549873836, 9.762512155350072 ], [ 78.892841667855222, 9.762119006291046 ], [ 78.892476995867327, 9.761291749683194 ], [ 78.892231015582979, 9.760024764092815 ], [ 78.892144359599072, 9.759578418857794 ], [ 78.892001770912358, 9.759271150798007 ], [ 78.891378651820574, 9.757928375993957 ], [ 78.89041250564766, 9.755451134410896 ], [ 78.889815473631742, 9.754330066859293 ], [ 78.889547630149991, 9.754216528762592 ], [ 78.889346194625617, 9.754131165341736 ], [ 78.88844835275367, 9.754198991282511 ], [ 78.888185925214771, 9.75415765704334 ], [ 78.887587105551461, 9.754063357979051 ], [ 78.886921720725539, 9.753733369033124 ], [ 78.886921679403045, 9.753733343358542 ], [ 78.886652854062675, 9.7529422220156 ], [ 78.886594851641419, 9.751534058245168 ], [ 78.886594851641419, 9.751534014863687 ], [ 78.886598917416393, 9.750483403571772 ], [ 78.886307160781783, 9.749904735899294 ], [ 78.886307235341974, 9.749551020118671 ], [ 78.886307259596464, 9.749276380062993 ], [ 78.886329625850436, 9.748574327913522 ], [ 78.886330015719267, 9.748562086263798 ], [ 78.885992748635715, 9.747983491396964 ], [ 78.885528757113391, 9.747670971398321 ], [ 78.885496035979145, 9.747648933358635 ], [ 78.884958343077642, 9.747377778233158 ], [ 78.88434769260202, 9.747332501582825 ], [ 78.883336070116144, 9.747246592796163 ], [ 78.883336026997014, 9.747246593681488 ], [ 78.883158309691098, 9.747066300606786 ], [ 78.883135543686862, 9.747043211619138 ], [ 78.883067235792637, 9.746550403583358 ], [ 78.883079947852224, 9.746327149420356 ], [ 78.883080424857667, 9.746318786405833 ], [ 78.88311275522473, 9.74575027179956 ], [ 78.882794626748336, 9.745135811719873 ], [ 78.882684448378726, 9.744923020603919 ], [ 78.882577213788309, 9.744833631756331 ], [ 78.882255996903965, 9.744565926339542 ], [ 78.881882954414237, 9.744660068725867 ], [ 78.881736572142074, 9.744697015441837 ], [ 78.881198805578691, 9.745433808120637 ], [ 78.88041797825565, 9.746307122806783 ], [ 78.880269205566492, 9.746473519847466 ], [ 78.880213486662697, 9.746601302306621 ], [ 78.879772456977307, 9.747612735087332 ], [ 78.879772447095831, 9.747612763418402 ], [ 78.879735433811192, 9.747755267860622 ], [ 78.879389672258355, 9.749086524616061 ], [ 78.876227350929952, 9.751534271611114 ], [ 78.875269289594584, 9.753773969386287 ], [ 78.874543357420237, 9.754471793768232 ], [ 78.87364693758137, 9.755333510031786 ], [ 78.872694505987909, 9.755853391590126 ], [ 78.872074746595317, 9.755473583611217 ], [ 78.870693928205768, 9.754718650622797 ], [ 78.869685767827008, 9.754752851709215 ], [ 78.869363284318126, 9.754763797012306 ], [ 78.868647796855569, 9.755568393109153 ], [ 78.868426243560435, 9.756936201041588 ], [ 78.868420610225257, 9.75697097558877 ], [ 78.868264847744911, 9.757932660052646 ], [ 78.868264829778596, 9.757932692809444 ], [ 78.867887495138447, 9.758564771021923 ], [ 78.867503816595757, 9.759207472708002 ], [ 78.865648941061139, 9.760577076163109 ], [ 78.864505056022736, 9.761001952157914 ], [ 78.863502523589261, 9.760531774746383 ], [ 78.863496558775765, 9.760529185208542 ], [ 78.863325225796558, 9.760454825181037 ], [ 78.862408825629146, 9.760057100164648 ], [ 78.860715074618824, 9.761335476915423 ], [ 78.860025317600972, 9.761856078601877 ], [ 78.859168496398141, 9.763130852337614 ], [ 78.859168471245297, 9.763130899258798 ], [ 78.858965767299736, 9.763582985355617 ], [ 78.858215866276993, 9.765255501862947 ], [ 78.857547317584675, 9.765412768205611 ], [ 78.857409207897945, 9.765445256911004 ], [ 78.856406608989104, 9.76525531860594 ], [ 78.855462041247634, 9.765255264602677 ], [ 78.855345179412325, 9.765255261061462 ], [ 78.855312875096402, 9.765255259290859 ], [ 78.855233695790602, 9.765235921692575 ], [ 78.854738698017925, 9.765115036668043 ], [ 78.854073401226941, 9.764075282173719 ], [ 78.853312414095228, 9.763130432702951 ], [ 78.853312393433995, 9.763130413226239 ], [ 78.853206735386891, 9.763068828735999 ], [ 78.851931673859141, 9.762325620263757 ], [ 78.851058491640046, 9.761695344594564 ], [ 78.850359519704, 9.761190811039995 ], [ 78.85054820184628, 9.761035033566568 ], [ 78.852073198940587, 9.759775959051881 ], [ 78.853454194298223, 9.758166802057016 ], [ 78.853785943030971, 9.757179695392068 ], [ 78.853882638586455, 9.756891973910397 ], [ 78.853787144078495, 9.754527752702773 ], [ 78.852885010954409, 9.752873120940404 ], [ 78.85236980737605, 9.751717207652689 ], [ 78.852287259387936, 9.751532001609647 ], [ 78.852402401847797, 9.75061995288638 ], [ 78.852567057649495, 9.749315688359797 ], [ 78.852116059359403, 9.748149314783124 ], [ 78.852116033308292, 9.748149294420168 ], [ 78.85127676698275, 9.747209198376716 ], [ 78.851127230725581, 9.747041696788868 ], [ 78.851127210962645, 9.74704167642585 ], [ 78.849459496722531, 9.745680822176219 ], [ 78.847185830195698, 9.743958248562466 ], [ 78.845600091716818, 9.743022283301148 ], [ 78.84537237238554, 9.742999421570824 ], [ 78.845328851704991, 9.742995053211203 ], [ 78.845209647063427, 9.742983085817936 ], [ 78.845149000900278, 9.742976999862188 ], [ 78.843918453589794, 9.743722760576386 ], [ 78.843190755327569, 9.744342095367696 ], [ 78.842569461612456, 9.744870865307673 ], [ 78.842036208185093, 9.745734261990679 ], [ 78.841831047347213, 9.74649814761173 ], [ 78.841552963969562, 9.747135531260795 ], [ 78.8413387517069, 9.747402246568212 ], [ 78.840887638432463, 9.747596588139128 ], [ 78.840405114665813, 9.747615006000855 ], [ 78.839825822580124, 9.747637115755866 ], [ 78.838759525032813, 9.747749994739618 ], [ 78.836749762875229, 9.748097811605328 ], [ 78.835473748234961, 9.74858586837049 ], [ 78.834466549951884, 9.749354257391559 ], [ 78.834175771582622, 9.749658520008223 ], [ 78.833887756431167, 9.749959897023638 ], [ 78.833372789109703, 9.750181345318046 ], [ 78.833367921139171, 9.750181724243401 ], [ 78.832967212335333, 9.750212906787617 ], [ 78.832701786220014, 9.75015819811369 ], [ 78.832616270198216, 9.750140571886082 ], [ 78.832078597059663, 9.749927990247452 ], [ 78.831980347418721, 9.749891364604112 ], [ 78.831071576642984, 9.749552603108866 ], [ 78.830490884083801, 9.749552526969516 ], [ 78.829595031081851, 9.749552405677754 ], [ 78.828973754434728, 9.749557481339162 ], [ 78.82850594956399, 9.749561335229584 ], [ 78.82808210914159, 9.749577076596394 ], [ 78.827658390890065, 9.749592812650391 ], [ 78.826446136872008, 9.749836707227189 ], [ 78.826446094651217, 9.749836717851272 ], [ 78.826389402871925, 9.749853440162289 ], [ 78.825511859332124, 9.750112284396206 ], [ 78.824901242094157, 9.750207090992319 ], [ 78.824699233444662, 9.750192858273865 ], [ 78.824322529421835, 9.750166315792834 ], [ 78.82367994383786, 9.749976367891882 ], [ 78.823322570661631, 9.749849103764697 ], [ 78.823083016026487, 9.749763795887279 ], [ 78.822552994737521, 9.749516456393973 ], [ 78.822394993655422, 9.749442723387073 ], [ 78.822121355141817, 9.749217163073221 ], [ 78.822117792423398, 9.749214226393295 ], [ 78.821829977596252, 9.748976980285617 ], [ 78.821474728935655, 9.748262684074453 ], [ 78.821474696596326, 9.748262652202063 ], [ 78.820549828010712, 9.747227309044289 ], [ 78.819296841682771, 9.746214436400901 ], [ 78.818627342572867, 9.745630083561124 ], [ 78.818162314394684, 9.745224195611147 ], [ 78.817091559406933, 9.744767378955304 ], [ 78.816794559306004, 9.744466747143507 ], [ 78.816793896349338, 9.744466075159247 ], [ 78.81663596084428, 9.744306208382559 ], [ 78.816636020133089, 9.744065795407666 ], [ 78.816636063252218, 9.743890273569653 ], [ 78.816735556161504, 9.743703155236313 ], [ 78.816900430253824, 9.743393056222205 ], [ 78.819420843327947, 9.741051924333705 ], [ 78.820686698022342, 9.740068494398619 ], [ 78.821840935246072, 9.739171763088395 ], [ 78.822839050663333, 9.738213663401545 ], [ 78.82283908659592, 9.73821362621595 ], [ 78.822890371415511, 9.738157774330586 ], [ 78.82381438300834, 9.737151407335405 ], [ 78.824837581184923, 9.735909828014842 ], [ 78.824935597263888, 9.735790888156968 ], [ 78.825052056653959, 9.735606461260129 ], [ 78.825546374401966, 9.734823631904632 ], [ 78.82606143694484, 9.734113915585661 ], [ 78.826072107133797, 9.733996397897917 ], [ 78.826093449308317, 9.733761350888402 ], [ 78.826053091595881, 9.733629766989226 ], [ 78.825965891232926, 9.73334545340391 ], [ 78.826029801873787, 9.732943131900326 ], [ 78.826194960732053, 9.732474382021135 ], [ 78.826326056373034, 9.7321023051939 ], [ 78.826336259438037, 9.731874635676547 ], [ 78.826339828444674, 9.731794959587202 ], [ 78.826146652031014, 9.731522292619255 ], [ 78.826134808642308, 9.731505577358295 ], [ 78.826115610746371, 9.731496177181747 ], [ 78.825793104779592, 9.731338277727806 ], [ 78.825067020789973, 9.731194856096094 ], [ 78.824991138301286, 9.731179868214621 ], [ 78.824941344685087, 9.731173893602881 ], [ 78.823897519392915, 9.731048650735612 ], [ 78.822375557705953, 9.731066432029357 ], [ 78.821818742366986, 9.731033842581789 ], [ 78.821058694873074, 9.730989352597613 ], [ 78.819238261644756, 9.731198340990954 ], [ 78.819193272218712, 9.731203506355861 ], [ 78.81917209533421, 9.731205936751188 ], [ 78.818920610173777, 9.731241029179008 ], [ 78.817909815036288, 9.731382074405616 ], [ 78.817660428340389, 9.731379425320336 ], [ 78.817039490358127, 9.73137283802266 ], [ 78.815945848093577, 9.731404236588419 ], [ 78.815326094989146, 9.731553322849138 ], [ 78.815152799191054, 9.732235869420551 ], [ 78.815134487033987, 9.732936547289658 ], [ 78.815134486135705, 9.732936579163498 ], [ 78.815115461614596, 9.733114365377443 ], [ 78.815020339907477, 9.734003389763688 ], [ 78.814345635958816, 9.735341423172729 ], [ 78.814003649126803, 9.736480550689054 ], [ 78.814021556143672, 9.738044614095219 ], [ 78.814004266269379, 9.738361844429532 ], [ 78.813980407015436, 9.738799606957032 ], [ 78.813611174280837, 9.739206357101988 ], [ 78.812795474358481, 9.739237823104592 ], [ 78.811952015595466, 9.739082305412255 ], [ 78.811715547571666, 9.739038705410877 ], [ 78.810707136562968, 9.738916460697983 ], [ 78.810407787367566, 9.738880172056982 ], [ 78.808908523412867, 9.738997417102949 ], [ 78.808297828919819, 9.739390579261013 ], [ 78.808255519168227, 9.739510134052569 ], [ 78.808083471130061, 9.739996289217164 ], [ 78.808073519593364, 9.740714719187118 ], [ 78.808069570599372, 9.74099983926155 ], [ 78.808109795361176, 9.741294439561456 ], [ 78.808228824831247, 9.742166193566492 ], [ 78.808161387404581, 9.742775967596485 ], [ 78.808123829740865, 9.743115563783959 ], [ 78.807809080726543, 9.744363131403947 ], [ 78.807551089068511, 9.744896591028763 ], [ 78.807380612183806, 9.745249105895153 ], [ 78.807030951044297, 9.745921094987171 ], [ 78.80649160344602, 9.74695763741955 ], [ 78.806144963340813, 9.747997341740497 ], [ 78.806103832178906, 9.748097612402699 ], [ 78.805698121555565, 9.749086675124259 ], [ 78.805538495421132, 9.749755687937085 ], [ 78.805497840366343, 9.751515878755303 ], [ 78.806005878982006, 9.755085338922676 ], [ 78.806051896080746, 9.755708641884194 ], [ 78.806078658689685, 9.756070826337186 ], [ 78.805837550867423, 9.756916692093174 ], [ 78.805453795069639, 9.758263174260421 ], [ 78.805404111047906, 9.759106267838396 ], [ 78.805380556322831, 9.759506332106533 ], [ 78.805786063926917, 9.759800227281142 ], [ 78.806390132446481, 9.759777335715293 ], [ 78.80685249891647, 9.759759778165645 ], [ 78.808324396594358, 9.759909258998853 ], [ 78.809975670766448, 9.760892586150293 ], [ 78.810534340228159, 9.761225244298595 ], [ 78.81106256039503, 9.761617999564825 ], [ 78.812006116633469, 9.762319534661165 ], [ 78.813222766108183, 9.762685996809408 ], [ 78.814106898790598, 9.762541545764863 ], [ 78.815651865433679, 9.762175648283952 ], [ 78.816941776113083, 9.761113594263071 ], [ 78.817971852689809, 9.760019821387841 ], [ 78.818838212204355, 9.759696643752076 ], [ 78.818856050050954, 9.759689989729631 ], [ 78.819457805408618, 9.759668169386636 ], [ 78.819849541839403, 9.759653965402279 ], [ 78.820634982909766, 9.759935716599136 ], [ 78.820770025748104, 9.759984158304098 ], [ 78.8210284854284, 9.760240632654943 ], [ 78.821653959902861, 9.760861298368049 ], [ 78.822380946699354, 9.762125470809071 ], [ 78.822683543304493, 9.762651658429617 ], [ 78.823567234914108, 9.764735789021699 ], [ 78.824264265590827, 9.765902226709182 ], [ 78.825002407666517, 9.766634688558819 ], [ 78.825663062862432, 9.767805659373614 ], [ 78.826135045797542, 9.768706355000335 ], [ 78.826255330214082, 9.768935890348756 ], [ 78.826437519333481, 9.769446795094906 ], [ 78.826437539994757, 9.769446835818169 ], [ 78.826428369992314, 9.769472965989138 ], [ 78.826355134838778, 9.769681639003347 ], [ 78.826291640117873, 9.769862644889741 ], [ 78.825539393593928, 9.77127295942509 ], [ 78.824673416761712, 9.771991596404931 ], [ 78.824175591990809, 9.772167183999372 ], [ 78.823725441710351, 9.772325978611471 ], [ 78.822526800762148, 9.772488502833678 ], [ 78.82130079443543, 9.77251535426916 ], [ 78.821157574233013, 9.772575900348539 ], [ 78.820712913557301, 9.772763893942525 ], [ 78.820320858224562, 9.773514191425695 ], [ 78.820238656087867, 9.774314337079815 ], [ 78.820379849690966, 9.774784556105356 ], [ 78.820449859892648, 9.774860193037554 ], [ 78.820739810015226, 9.775173391315702 ], [ 78.821241120249411, 9.775449190082679 ], [ 78.821856317997018, 9.77556232964827 ], [ 78.822964812108154, 9.775761591946946 ], [ 78.82339206882358, 9.775838386591913 ], [ 78.824200920888558, 9.775929732421044 ], [ 78.825757364407693, 9.776105477285213 ], [ 78.828573659180194, 9.776657454595361 ], [ 78.82950487795658, 9.777340561245252 ], [ 78.829744811680754, 9.777516562091186 ], [ 78.829744850308302, 9.777516587763898 ], [ 78.830441952850265, 9.778538325848778 ], [ 78.830961308441871, 9.779822222020908 ], [ 78.83096132191659, 9.779822260087109 ], [ 78.830973564157304, 9.779869404645986 ], [ 78.831225466136019, 9.780839457678892 ], [ 78.831312202968263, 9.781339736992665 ], [ 78.831416747104399, 9.781942497128327 ], [ 78.831111138448122, 9.783190124665245 ], [ 78.830875064784692, 9.784155178740576 ], [ 78.830873704735353, 9.784160737220427 ], [ 78.83055937164103, 9.785445852786179 ], [ 78.830085126748031, 9.787131915076833 ], [ 78.828913400224039, 9.789844107165122 ], [ 78.828466485675264, 9.791258955166626 ], [ 78.828479722350963, 9.791796075294076 ], [ 78.82849371630644, 9.792362065358621 ], [ 78.828493560897911, 9.79288179786384 ], [ 78.82849355910129, 9.792890929854757 ], [ 78.828402801409794, 9.792916041943316 ], [ 78.828297559282703, 9.792945160561937 ], [ 78.828243340565407, 9.792945157021038 ], [ 78.827992197663093, 9.792945186233505 ], [ 78.827844863176765, 9.792860156743968 ], [ 78.827654989868392, 9.792750633021406 ], [ 78.827263115995379, 9.792307564561803 ], [ 78.826091968884739, 9.791145594326437 ], [ 78.824619481013727, 9.789923474586201 ], [ 78.824392255755882, 9.789734886082998 ], [ 78.822273325833351, 9.787740893250662 ], [ 78.822273308765375, 9.787740872890176 ], [ 78.82181004487839, 9.787019209677071 ], [ 78.820610302595639, 9.785150292102673 ], [ 78.820010754398609, 9.784060588961999 ], [ 78.819999112232523, 9.784039429728287 ], [ 78.819772033400085, 9.783626714630513 ], [ 78.81977201543377, 9.783626689843508 ], [ 78.818377818434698, 9.781940293728322 ], [ 78.817031578895396, 9.780339004986493 ], [ 78.81695615185258, 9.780249286590756 ], [ 78.816693608431009, 9.780135283721178 ], [ 78.816008358260916, 9.779837730903941 ], [ 78.814559071178749, 9.779810339165383 ], [ 78.813830312904514, 9.78004197996672 ], [ 78.812995767225772, 9.780307279944161 ], [ 78.812574990956819, 9.780590267179615 ], [ 78.812216323308277, 9.780831524881334 ], [ 78.812192449681277, 9.780872405211701 ], [ 78.811904521666406, 9.781365451929091 ], [ 78.811714815444716, 9.781690330340824 ], [ 78.811267931438621, 9.783073485638415 ], [ 78.810848136129962, 9.785067005438696 ], [ 78.81042857887482, 9.786671745972784 ], [ 78.809899727192331, 9.787336161426408 ], [ 78.809899687666459, 9.787336198606521 ], [ 78.809866164336682, 9.787350333245294 ], [ 78.80867817291616, 9.787851189669174 ], [ 78.807256203601781, 9.787991056576111 ], [ 78.806424582837607, 9.787959098561265 ], [ 78.805834248660474, 9.787936439095505 ], [ 78.804166520047261, 9.788114766933434 ], [ 78.804020330912891, 9.788130399362837 ], [ 78.803967234191376, 9.788130389625213 ], [ 78.802488953983413, 9.788130086873581 ], [ 78.801411717650907, 9.788564288172488 ], [ 78.801121581577064, 9.788681235104441 ], [ 78.801057613444016, 9.788756448386412 ], [ 78.800978938093095, 9.788848953865806 ], [ 78.800533468035297, 9.789372755100448 ], [ 78.800310019294869, 9.789928793071153 ], [ 78.800423596889516, 9.791253294118849 ], [ 78.800172730668336, 9.792198035345571 ], [ 78.799607374147627, 9.79307039166128 ], [ 78.799540421811187, 9.793209833232053 ], [ 78.799436519072174, 9.793426230861044 ], [ 78.799110373131853, 9.7941055098521 ], [ 78.799081146444081, 9.794370510899563 ], [ 78.799080491572226, 9.794376432149434 ], [ 78.799055538170293, 9.794602701891975 ], [ 78.798969751755621, 9.794647679101837 ], [ 78.798897221779569, 9.794685706434365 ], [ 78.798581456770663, 9.794851261338581 ], [ 78.798581416346494, 9.794851263994254 ], [ 78.798490214887266, 9.794855673278606 ], [ 78.797464828414633, 9.794905250060255 ], [ 78.796525885025162, 9.795031537373005 ], [ 78.796371832038744, 9.794988822838393 ], [ 78.796020043688657, 9.794891281279366 ], [ 78.795890538964045, 9.794704745770382 ], [ 78.795878772830449, 9.794687797326699 ], [ 78.795831433411607, 9.79440553470595 ], [ 78.795815094853225, 9.794308114250919 ], [ 78.795810846720244, 9.794240945356954 ], [ 78.795810644599314, 9.794237773605271 ], [ 78.795774207134727, 9.793661630565422 ], [ 78.796490254247715, 9.792029866809528 ], [ 78.79740215205895, 9.79047503324407 ], [ 78.797832704693164, 9.788857826593299 ], [ 78.798273437934469, 9.787202328047174 ], [ 78.798925394743492, 9.786456572659299 ], [ 78.799394951329006, 9.785850951634508 ], [ 78.799486986424839, 9.785723210798574 ], [ 78.799489840372487, 9.785719248441721 ], [ 78.799759699673743, 9.785344685996957 ], [ 78.800024148422011, 9.784802307688471 ], [ 78.800247584586003, 9.784359375575914 ], [ 78.80024763129839, 9.784224650436867 ], [ 78.80024767621417, 9.784097138255207 ], [ 78.800147438601527, 9.783875669146969 ], [ 78.799778321749571, 9.783654076841257 ], [ 78.799358703409013, 9.783665662115142 ], [ 78.799131199673425, 9.783671948279123 ], [ 78.798764713088644, 9.783793026625606 ], [ 78.797955292390057, 9.784060437584351 ], [ 78.797563102310079, 9.784188919127885 ], [ 78.797403770823081, 9.784241116068621 ], [ 78.796897887265786, 9.784141503410233 ], [ 78.796528827906016, 9.783797906124613 ], [ 78.795826225877903, 9.78315151440586 ], [ 78.795717775866905, 9.78305174207542 ], [ 78.795577929736766, 9.782969124136221 ], [ 78.794760885934721, 9.782486457626996 ], [ 78.793603369860193, 9.782083790012425 ], [ 78.793302410883797, 9.781993517918071 ], [ 78.79272842155325, 9.781821350828148 ], [ 78.791675576277285, 9.781961227355637 ], [ 78.791010136654194, 9.781972024811571 ], [ 78.790577223247425, 9.781979056392306 ], [ 78.789984822945087, 9.781879396137274 ], [ 78.789818728940617, 9.78176573022394 ], [ 78.789720508944072, 9.781698516301031 ], [ 78.789720483791257, 9.781698495940162 ], [ 78.789561119066619, 9.781336805907639 ], [ 78.789657352888042, 9.780639479593624 ], [ 78.789661555206933, 9.780609034663993 ], [ 78.789902414195851, 9.780453515924936 ], [ 78.791281681194903, 9.779562927270096 ], [ 78.791348175390567, 9.779519992086577 ], [ 78.791512253575505, 9.779224501379892 ], [ 78.791571533401111, 9.77911773960734 ], [ 78.791571547774154, 9.779117715705242 ], [ 78.791604402757358, 9.779070532973464 ], [ 78.791794939022381, 9.778796885744798 ], [ 78.791795054006712, 9.778575375923515 ], [ 78.791795092634288, 9.778437393322358 ], [ 78.791795112397224, 9.778349303300431 ], [ 78.791713073753897, 9.778091640715399 ], [ 78.791703221930163, 9.778063611441869 ], [ 78.79161295741379, 9.777806814425697 ], [ 78.791613056228471, 9.777503950578549 ], [ 78.791798849388826, 9.777303347258469 ], [ 78.791818167659002, 9.777282488585518 ], [ 78.791985076435409, 9.777129437302579 ], [ 78.792059730927079, 9.777060980411088 ], [ 78.792156031223854, 9.776953638978235 ], [ 78.792158476438061, 9.776950914122079 ], [ 78.792242126659005, 9.776857671442691 ], [ 78.792242134743844, 9.776857641343577 ], [ 78.792270039111528, 9.776750128988185 ], [ 78.792283190447264, 9.776699457960234 ], [ 78.792283192243929, 9.776699431402132 ], [ 78.792242273084398, 9.776111703393733 ], [ 78.792041902961955, 9.775546601903535 ], [ 78.791940821831261, 9.775376783644184 ], [ 78.791805078306993, 9.775148732031278 ], [ 78.791399637178216, 9.774624217862771 ], [ 78.791051361240889, 9.774353244047525 ], [ 78.790830091813376, 9.774181086280175 ], [ 78.790703780599571, 9.774145990405014 ], [ 78.790178433245018, 9.774000019888739 ], [ 78.789344487640875, 9.773656297034984 ], [ 78.788697618889643, 9.772851378142384 ], [ 78.787836588181378, 9.771745735018714 ], [ 78.78765891129963, 9.771517580879379 ], [ 78.787470104291558, 9.771169625574606 ], [ 78.786483738838243, 9.769351821343305 ], [ 78.78592531102332, 9.76845456239271 ], [ 78.785754924868442, 9.7681807895716 ], [ 78.784880340379189, 9.766770095419304 ], [ 78.784228853389038, 9.765942675078557 ], [ 78.783782421235571, 9.765314163575493 ], [ 78.783600521373685, 9.764229184040031 ], [ 78.783553264599831, 9.764171645585078 ], [ 78.783258804036237, 9.763813152802273 ], [ 78.782807817424242, 9.76330679430208 ], [ 78.782807797661306, 9.763306773054765 ], [ 78.782727161288165, 9.763225016924833 ], [ 78.781955922582441, 9.762443086360069 ], [ 78.781081338991498, 9.761009758828871 ], [ 78.780394032577732, 9.760463140919351 ], [ 78.780370596430288, 9.760444500668862 ], [ 78.780374725087313, 9.76045894985101 ], [ 78.780374745748588, 9.760459021561298 ], [ 78.780378553707081, 9.760472348166873 ], [ 78.780429266299791, 9.760649808960267 ], [ 78.780501292320963, 9.760901852701803 ], [ 78.780857655790825, 9.762148873036114 ], [ 78.781093070090805, 9.76256338274043 ], [ 78.781481654333248, 9.763247584232126 ], [ 78.782270394017317, 9.765059308804769 ], [ 78.782337884444615, 9.765214330120264 ], [ 78.782371833575823, 9.765337352221291 ], [ 78.782442628006748, 9.765593871140601 ], [ 78.783166337749108, 9.768216220716294 ], [ 78.783031319165261, 9.76983921841695 ], [ 78.782965146566468, 9.770634644601749 ], [ 78.783048158983576, 9.771322296272396 ], [ 78.783337892612167, 9.773722362608895 ], [ 78.783615461255181, 9.775331771955532 ], [ 78.783826224885445, 9.777853969008333 ], [ 78.783842500561747, 9.778048754916709 ], [ 78.783914859857887, 9.779766598426368 ], [ 78.784520098882254, 9.782759378566331 ], [ 78.784520101577215, 9.782759407779675 ], [ 78.784546742913577, 9.78531356339986 ], [ 78.784039885582516, 9.788450662611526 ], [ 78.78390246580193, 9.789188500399057 ], [ 78.783487595057608, 9.791416009147087 ], [ 78.7821828657693, 9.795402810923738 ], [ 78.782147604199466, 9.795321401726166 ], [ 78.781804894223583, 9.794530194286397 ], [ 78.779845948863311, 9.791812714940555 ], [ 78.7798459299987, 9.791812696350735 ], [ 78.777770032073249, 9.79024017127232 ], [ 78.777093777632416, 9.789727890961064 ], [ 78.776868004950387, 9.789466245674799 ], [ 78.77546277214806, 9.787837732259904 ], [ 78.774182457272531, 9.78678861212884 ], [ 78.772316193795049, 9.7864037687898 ], [ 78.772250181096368, 9.786390157289549 ], [ 78.772250145163753, 9.786390149322363 ], [ 78.772138957986115, 9.78636740830718 ], [ 78.769438438985716, 9.785815062041635 ], [ 78.768241141917173, 9.785439870295097 ], [ 78.767128015194103, 9.785091046970322 ], [ 78.764667054422119, 9.784719484807063 ], [ 78.762940040593435, 9.784095006574688 ], [ 78.762940012745659, 9.784094993295948 ], [ 78.762138081301643, 9.783574898251095 ], [ 78.760784859157638, 9.782652208942245 ], [ 78.759477078292278, 9.782050507973377 ], [ 78.758374305551186, 9.781652237781875 ], [ 78.757595045788321, 9.781453071965784 ], [ 78.757595014347288, 9.781453079047862 ], [ 78.756565017720618, 9.78170135266055 ], [ 78.755785760652671, 9.781502086839918 ], [ 78.755757797894489, 9.781480847770224 ], [ 78.755261826348047, 9.781104131142849 ], [ 78.754447151403383, 9.780741860619274 ], [ 78.754081613439539, 9.780579311217455 ], [ 78.75292405514422, 9.780357372347881 ], [ 78.752356362105459, 9.780449265796051 ], [ 78.752172114945751, 9.780479093714764 ], [ 78.752172075419878, 9.780479096370552 ], [ 78.7512421484209, 9.781075481557851 ], [ 78.750490047424023, 9.781350957621514 ], [ 78.750075866585874, 9.781350761979756 ], [ 78.749760810347723, 9.781350612371387 ], [ 78.74937792142417, 9.781279855566495 ], [ 78.748853964661663, 9.781183029695171 ], [ 78.746277409577232, 9.782496660175418 ], [ 78.744791611368669, 9.782307283120678 ], [ 78.744349282719384, 9.781543447781944 ], [ 78.743993384576854, 9.780286839302212 ], [ 78.743961250042531, 9.779883010216524 ], [ 78.743911009963611, 9.779251650604831 ], [ 78.743550904112325, 9.779057393017874 ], [ 78.742753409447474, 9.779224906830018 ], [ 78.741518287017243, 9.779658964845638 ], [ 78.74113115355398, 9.77979501441531 ], [ 78.740224354580334, 9.780206674615687 ], [ 78.738907357898483, 9.780532567781522 ], [ 78.738191908165177, 9.780754297613171 ], [ 78.737558439583012, 9.780808740108068 ], [ 78.73736693313748, 9.780505918832493 ], [ 78.737366871153725, 9.780306148582529 ], [ 78.737366871153725, 9.780305437719168 ], [ 78.737366814559863, 9.780126188560473 ], [ 78.737667257004944, 9.779004989881967 ], [ 78.737947471186473, 9.778415095280481 ], [ 78.738573584363081, 9.777097020559614 ], [ 78.738807316118539, 9.776300210216423 ], [ 78.738878597436354, 9.776057188422723 ], [ 78.739949145811565, 9.774669034001521 ], [ 78.740239047425106, 9.77433624941659 ], [ 78.740412293815851, 9.774137374014732 ], [ 78.740473049573481, 9.77406763020115 ], [ 78.741054603617044, 9.773728741029686 ], [ 78.741544157599122, 9.773443458626179 ], [ 78.741598505673807, 9.773411787813119 ], [ 78.74201301260041, 9.772769733246449 ], [ 78.742229070002665, 9.772208682435847 ], [ 78.742249797729528, 9.772154855573888 ], [ 78.743248435966251, 9.771679973589443 ], [ 78.743334240347252, 9.771639170919073 ], [ 78.74333427268661, 9.771639159410414 ], [ 78.744087982566171, 9.763167318941438 ], [ 78.744087984362793, 9.763167293267593 ], [ 78.744184077148745, 9.762474602402873 ], [ 78.744342585778952, 9.761331874589192 ], [ 78.744333889188681, 9.7609549120483 ], [ 78.744328710401092, 9.760730638801165 ], [ 78.744328708604456, 9.76073060338873 ], [ 78.744314897006944, 9.760292155203881 ], [ 78.744169030367772, 9.760086592607131 ], [ 78.74384985086246, 9.759636810664206 ], [ 78.74311544128679, 9.759221394295732 ], [ 78.74301122323908, 9.75916244643825 ], [ 78.743011178323329, 9.759162418108133 ], [ 78.742336171642407, 9.759314062034761 ], [ 78.742104371264816, 9.759366136278349 ], [ 78.741637536574615, 9.759363024395443 ], [ 78.74145725368021, 9.759361823022729 ], [ 78.741391802428637, 9.759363662707718 ], [ 78.741374167601279, 9.759364159369538 ], [ 78.740969641855813, 9.759375537440233 ], [ 78.740640085012345, 9.759336929728942 ], [ 78.740623312567664, 9.75933496609967 ], [ 78.740623284719888, 9.759334962558377 ], [ 78.740074487743172, 9.759284099421427 ], [ 78.739602451807443, 9.75924034801637 ], [ 78.739602415874813, 9.75924034270445 ], [ 78.73906467895587, 9.75915010425137 ], [ 78.739011875085154, 9.759141438780562 ], [ 78.73738756025304, 9.75887487009015 ], [ 78.737387515337261, 9.758874867434184 ], [ 78.736179907405898, 9.758848106086081 ], [ 78.735159081679939, 9.758767041179393 ], [ 78.734561774779536, 9.758725065652106 ], [ 78.734006097606013, 9.758686013436289 ], [ 78.733570945597577, 9.758415933211392 ], [ 78.73348192794279, 9.758360685840048 ], [ 78.733180961779922, 9.75770528526685 ], [ 78.732947730386044, 9.756973965319661 ], [ 78.732875350428671, 9.756747008637015 ], [ 78.732902321446758, 9.755490273767753 ], [ 78.732902346599587, 9.755490236584105 ], [ 78.73313832504158, 9.75521496398653 ], [ 78.733344206328283, 9.754974796144072 ], [ 78.733316561573716, 9.753962189616193 ], [ 78.733357598412525, 9.753642557165247 ], [ 78.733452948291742, 9.752899810171083 ], [ 78.733309628376347, 9.752578182045669 ], [ 78.733124629326767, 9.752163047267388 ], [ 78.733045458105806, 9.751717092559076 ], [ 78.733004846170132, 9.751488355427147 ], [ 78.733046247724957, 9.750925529074454 ], [ 78.733095717049324, 9.750252963971134 ], [ 78.732790032934545, 9.74902796982888 ], [ 78.733154489326793, 9.748675255327175 ], [ 78.733190794739002, 9.748168937568755 ], [ 78.7339175057527, 9.747394623730747 ], [ 78.733997127927935, 9.74730978711553 ], [ 78.735031495756758, 9.747078930093755 ], [ 78.736193512390869, 9.747028854816966 ], [ 78.736594540994929, 9.747073939388017 ], [ 78.737874958278411, 9.74676162836478 ], [ 78.738312379431278, 9.746603273979042 ], [ 78.73883659580693, 9.747122980571914 ], [ 78.740294775312066, 9.746941702923202 ], [ 78.74114050232113, 9.746538178680971 ], [ 78.741233370155214, 9.746493867832873 ], [ 78.741127777685151, 9.74468387412997 ], [ 78.74112339929647, 9.744608812023223 ], [ 78.742216770269806, 9.744469066772989 ], [ 78.742258032585752, 9.744463792714686 ], [ 78.742850116681069, 9.743478113402121 ], [ 78.742895481602915, 9.742849734835287 ], [ 78.741321369120442, 9.736715778172083 ], [ 78.741931666558173, 9.735725572061636 ], [ 78.742600945580833, 9.733953282422137 ], [ 78.742819013412671, 9.731923460402644 ], [ 78.742403381795341, 9.7289490347951 ], [ 78.74257156617945, 9.727669650315102 ], [ 78.743433265234287, 9.725248716391807 ], [ 78.743450206562215, 9.725201118748437 ], [ 78.743559233291634, 9.724740616201194 ], [ 78.743907910775889, 9.723267853428109 ], [ 78.743916363024411, 9.722007468561355 ], [ 78.74403702114013, 9.719802494607052 ], [ 78.744158883896603, 9.718459651350773 ], [ 78.744265653159701, 9.717283123085787 ], [ 78.744488649149204, 9.715604005237841 ], [ 78.744715860932331, 9.713294695203267 ], [ 78.744648109993619, 9.709862306291241 ], [ 78.744817603223083, 9.708716985578917 ], [ 78.744848148637701, 9.708510579278489 ], [ 78.744920758563822, 9.707624513604062 ], [ 78.744920766648619, 9.707624484384128 ], [ 78.74624918540934, 9.706445263441918 ], [ 78.746556039130596, 9.706172863584319 ], [ 78.747080880733648, 9.705951139085251 ], [ 78.747344981833933, 9.705839559117752 ], [ 78.747380638662506, 9.705824493950963 ], [ 78.747380676391742, 9.705824476241826 ], [ 78.747700042746601, 9.707081157104202 ], [ 78.748342702890767, 9.707768037428982 ], [ 78.748854598872242, 9.70790718174884 ], [ 78.749098372894295, 9.708065881200639 ], [ 78.750601345094466, 9.709044291809715 ], [ 78.751028901847192, 9.710988313335926 ], [ 78.751411124220795, 9.712507389065367 ], [ 78.751578925922615, 9.714324685696909 ], [ 78.751642166420297, 9.714741871241074 ], [ 78.751751627934297, 9.715463984883367 ], [ 78.751879096178172, 9.715803060746177 ], [ 78.752111509206813, 9.715906512683699 ], [ 78.75275882172582, 9.716194639593054 ], [ 78.753109144923684, 9.716350571691461 ], [ 78.754297977167312, 9.71681131068927 ], [ 78.755163922558495, 9.717146908114433 ], [ 78.755910363270758, 9.71721020729581 ], [ 78.756931822308985, 9.717296823294316 ], [ 78.75821889610873, 9.717100831367519 ], [ 78.759419807099675, 9.716917950740466 ], [ 78.76022073692215, 9.716726613288191 ], [ 78.761101337428869, 9.71651623900728 ], [ 78.76255036759288, 9.716539369949116 ], [ 78.763130245380125, 9.716814430052267 ], [ 78.76357074955105, 9.717023375065718 ], [ 78.763570798060087, 9.717023400743125 ], [ 78.764222746784284, 9.71714024704589 ], [ 78.764632437842636, 9.717213672857046 ], [ 78.765530115322917, 9.717110013248274 ], [ 78.765549554865672, 9.717117112603892 ], [ 78.766805850587104, 9.717576018599745 ], [ 78.767206607001668, 9.717955915730583 ], [ 78.76720662856124, 9.717955936095382 ], [ 78.767848388593464, 9.717792664568215 ], [ 78.768377844842149, 9.717657962997027 ], [ 78.769526101082718, 9.717477531763596 ], [ 78.769908821122996, 9.717676541886167 ], [ 78.769981608915529, 9.717993028318027 ], [ 78.77000242198234, 9.718250458430083 ], [ 78.770013410174897, 9.718386286021898 ], [ 78.770046533754382, 9.718442678663784 ], [ 78.77017281173049, 9.718657624944022 ], [ 78.770445815135233, 9.718837496839281 ], [ 78.770673881216183, 9.718987760117985 ], [ 78.770908798747811, 9.719065533831497 ], [ 78.770910696888009, 9.719066161595768 ], [ 78.771111289792643, 9.719132572672022 ], [ 78.771644374336759, 9.719187034083253 ], [ 78.772364348884139, 9.719178152417498 ], [ 78.773102633791979, 9.718902692275833 ], [ 78.773631185437168, 9.718744598278647 ], [ 78.774282818852683, 9.718681518087084 ], [ 78.774430619564683, 9.718663247381011 ], [ 78.774529618400578, 9.718651009947518 ], [ 78.774610924018631, 9.718640960394348 ], [ 78.775037736068001, 9.718657862237421 ], [ 78.775417391056536, 9.718672896722275 ], [ 78.775644840893207, 9.718739236157363 ], [ 78.776068966979892, 9.718862938573631 ], [ 78.776643047040281, 9.71905291922292 ], [ 78.776643074888042, 9.719052933389683 ], [ 78.776747138425506, 9.719107127416455 ], [ 78.777016647383803, 9.719247464998093 ], [ 78.777254802443736, 9.719348191429162 ], [ 78.77750861334242, 9.719455540779396 ], [ 78.778060015433468, 9.719550670403009 ], [ 78.778060049569461, 9.719550648267507 ], [ 78.778711674900137, 9.719248037865874 ], [ 78.779445380196648, 9.718814219961601 ], [ 78.779857494011338, 9.718650301608996 ], [ 78.779858863942138, 9.718649757073724 ], [ 78.780138102553266, 9.718538689571787 ], [ 78.780470788228868, 9.718335388311962 ], [ 78.780812713975465, 9.717693568622956 ], [ 78.780990665741655, 9.716970337069878 ], [ 78.781060424415045, 9.716113773291038 ], [ 78.781109579329097, 9.715510208837307 ], [ 78.781561092353812, 9.71415414740331 ], [ 78.781704077197574, 9.713807649030905 ], [ 78.781766281937763, 9.713656906175814 ], [ 78.78194856178699, 9.713246697412075 ], [ 78.78222220479222, 9.71263087508186 ], [ 78.782723742300163, 9.71202223519936 ], [ 78.782833009778088, 9.711889633342704 ], [ 78.782974812438937, 9.71174630962326 ], [ 78.783534977595593, 9.711180132207812 ], [ 78.785676969966389, 9.709562378889116 ], [ 78.787069429623685, 9.708140426441398 ], [ 78.787659591324314, 9.707537750774156 ], [ 78.789033322904586, 9.706409761103357 ], [ 78.789118015171226, 9.706340219187824 ], [ 78.78911804930722, 9.706340189967788 ], [ 78.789563075597286, 9.706051106253797 ], [ 78.790822433675572, 9.705233029336405 ], [ 78.791793944587369, 9.70483367484435 ], [ 78.791943407182629, 9.704772236330603 ], [ 78.792189532095762, 9.704686473331826 ], [ 78.792402635837362, 9.704790094285041 ], [ 78.792412781410178, 9.70479502629629 ], [ 78.792604032734161, 9.704984906903064 ], [ 78.792681451341977, 9.705292366572607 ], [ 78.792722355230111, 9.70563137038887 ], [ 78.792775692700104, 9.705747353804911 ], [ 78.792818030299443, 9.705839402391836 ], [ 78.793018475880388, 9.705988560257017 ], [ 78.793328243736426, 9.706020278198787 ], [ 78.793588552149572, 9.705995019663369 ], [ 78.793588719236212, 9.705995003725139 ], [ 78.793838558683049, 9.705970760806631 ], [ 78.793998166851139, 9.705858032407908 ], [ 78.794139346979492, 9.705758319308011 ], [ 78.794298908435209, 9.705577510654388 ], [ 78.794276220584408, 9.705301822383863 ], [ 78.794278610103063, 9.705278658789155 ], [ 78.794309000109124, 9.704983878884804 ], [ 78.794321895425043, 9.704858797106587 ], [ 78.794226248203458, 9.70451065101372 ], [ 78.794130696203325, 9.704234891028392 ], [ 78.794148924817051, 9.704108353271616 ], [ 78.794290288201765, 9.703841677798904 ], [ 78.794777827262649, 9.703692560594645 ], [ 78.795206164651376, 9.703579711891836 ], [ 78.795354886136536, 9.703547155185458 ], [ 78.795598016964831, 9.703493929993098 ], [ 78.795748334756269, 9.703471323229815 ], [ 78.79574836080738, 9.703471318802496 ], [ 78.795739780998105, 9.703222088234552 ], [ 78.795725795127467, 9.702815837114835 ], [ 78.795461799130081, 9.701672028597718 ], [ 78.795227221161596, 9.700723861843963 ], [ 78.795224107600831, 9.700711278421336 ], [ 78.795065854990497, 9.700071609412834 ], [ 78.79491572404865, 9.699067996778554 ], [ 78.794958358990357, 9.698697102992309 ], [ 78.795002504898349, 9.698313072745497 ], [ 78.795235037402918, 9.697680263391078 ], [ 78.795777639597446, 9.697536851243257 ], [ 78.795918508010416, 9.697499618620268 ], [ 78.797007576951856, 9.697278398419186 ], [ 78.797095055792539, 9.69726797189581 ], [ 78.797877855815969, 9.69717466357312 ], [ 78.798431648324012, 9.697025990570321 ], [ 78.798752690036849, 9.696939800558708 ], [ 78.799001501810991, 9.696755567419709 ], [ 78.799094470256392, 9.696686718603694 ], [ 78.799150246652374, 9.696432465850611 ], [ 78.799185701360017, 9.696270843225212 ], [ 78.799038291415144, 9.695676916930159 ], [ 78.798862546809602, 9.694968838974368 ], [ 78.798311664843084, 9.69320110629193 ], [ 78.798202485400054, 9.692717412099979 ], [ 78.798311889421896, 9.692536630946565 ], [ 78.798703733650513, 9.692238358964808 ], [ 78.798848973265649, 9.692118736810311 ], [ 78.798849243658552, 9.692118515436988 ], [ 78.798972641635885, 9.692016881156684 ], [ 78.79897264972071, 9.69201685193539 ], [ 78.799059317382685, 9.691700454306918 ], [ 78.79886350621031, 9.691234816749715 ], [ 78.798318394122887, 9.689743866357977 ], [ 78.798103149695962, 9.689155157390767 ], [ 78.798103141611122, 9.689155130825718 ], [ 78.797961514121724, 9.688345236351855 ], [ 78.797657242158593, 9.686605349872966 ], [ 78.797220257586929, 9.685081806247608 ], [ 78.796932637694226, 9.684817648211965 ], [ 78.796732872137966, 9.684634190324619 ], [ 78.795985700197051, 9.68442602208094 ], [ 78.795985659772853, 9.684426009683749 ], [ 78.795612943371566, 9.684437652416376 ], [ 78.795411588695586, 9.684443942219191 ], [ 78.795327018599792, 9.684426950099203 ], [ 78.794983405817092, 9.684357904825822 ], [ 78.794705538035089, 9.684149978156224 ], [ 78.794705503000785, 9.684149950705276 ], [ 78.794514267846495, 9.683512500213547 ], [ 78.794296924955077, 9.681665133403394 ], [ 78.794173323958489, 9.680614640110159 ], [ 78.79429788255915, 9.67847822958219 ], [ 78.794347267441921, 9.677631108178456 ], [ 78.79428572296348, 9.677188173877676 ], [ 78.794283664923157, 9.67717336157216 ], [ 78.794119870605826, 9.675994525947203 ], [ 78.794012086246454, 9.675144291814243 ], [ 78.793983473108057, 9.674918576054472 ], [ 78.793746843387453, 9.674131998957961 ], [ 78.793459778653585, 9.674036952086183 ], [ 78.79319182467907, 9.674022100677973 ], [ 78.792885729135904, 9.674005133711479 ], [ 78.792343610234965, 9.673846820183758 ], [ 78.792257167151817, 9.67355292034755 ], [ 78.792195146566286, 9.673417128613041 ], [ 78.792102321851331, 9.673213886779347 ], [ 78.792028812711649, 9.672986658100042 ], [ 78.79202039459912, 9.672960640823534 ], [ 78.791998914084061, 9.67291480241553 ], [ 78.791964195994922, 9.672840723114341 ], [ 78.791929309920889, 9.672766285151388 ], [ 78.791916938322785, 9.672704083626034 ], [ 78.791851976653021, 9.672377445065887 ], [ 78.791865751419579, 9.672015784604698 ], [ 78.791946928578554, 9.671897681043514 ], [ 78.792002441768147, 9.671816918296276 ], [ 78.792649668947234, 9.671671168767737 ], [ 78.792804338177888, 9.671636336651614 ], [ 78.792852468114162, 9.671625217719372 ], [ 78.793547034712091, 9.671464726394438 ], [ 78.793852929930949, 9.671359647280459 ], [ 78.793855500909302, 9.671358764389065 ], [ 78.794125681807387, 9.671265952742646 ], [ 78.794954977731621, 9.671107956722448 ], [ 78.795158537771627, 9.671047124834343 ], [ 78.795241972396909, 9.671022190434114 ], [ 78.795401495225036, 9.670809739209114 ], [ 78.795319661397613, 9.670326050845276 ], [ 78.795335194167194, 9.669485231743288 ], [ 78.795338118183452, 9.669326945310395 ], [ 78.795301967281461, 9.668178741905146 ], [ 78.795301966383164, 9.668178704711766 ], [ 78.795338785631699, 9.666786329963436 ], [ 78.795252394650831, 9.666162519609315 ], [ 78.795120291998401, 9.665873163962377 ], [ 78.79461981989239, 9.665481413914769 ], [ 78.79440971472718, 9.665316953216969 ], [ 78.792774435957043, 9.664457565438896 ], [ 78.791924188625444, 9.664016590369648 ], [ 78.790533263290655, 9.663295186045742 ], [ 78.790182596038022, 9.663131348605953 ], [ 78.789603938162927, 9.662860986723601 ], [ 78.789380028586805, 9.662638587152806 ], [ 78.789376279018782, 9.66263486332674 ], [ 78.78909386037158, 9.662309243136693 ], [ 78.78909386037158, 9.662309210370543 ], [ 78.789107569561111, 9.662069705602745 ], [ 78.789129369876449, 9.661325808828217 ], [ 78.789130620331306, 9.66128314184828 ], [ 78.789281034242464, 9.660984847435685 ], [ 78.789399640606078, 9.660397122442285 ], [ 78.789531927413137, 9.659710072586423 ], [ 78.78948198018503, 9.65904553278418 ], [ 78.78920418516654, 9.658728999613738 ], [ 78.788998328134355, 9.658510002374967 ], [ 78.788694122646532, 9.658186412378022 ], [ 78.788313790328289, 9.657754472674618 ], [ 78.787965426356067, 9.657358872395001 ], [ 78.787446158799327, 9.65686144342253 ], [ 78.787027332772837, 9.655771882819774 ], [ 78.786672277250048, 9.654741106050167 ], [ 78.786531216597638, 9.654189489964992 ], [ 78.786463522252774, 9.654016293567818 ], [ 78.786381008400639, 9.653805291951427 ], [ 78.786240963742799, 9.653598454269492 ], [ 78.786203383621199, 9.653542974408799 ], [ 78.786136739406899, 9.653492674384498 ], [ 78.785975692137725, 9.653371194631836 ], [ 78.785766597577222, 9.65327843558809 ], [ 78.785720600241419, 9.65325804386273 ], [ 78.785570272568506, 9.653181167064684 ], [ 78.785570251907288, 9.653181136068842 ], [ 78.785514196135239, 9.653040720385389 ], [ 78.785465550565974, 9.652918887116694 ], [ 78.785465569430585, 9.652846190257973 ], [ 78.785465578413749, 9.652652256910743 ], [ 78.785523079575057, 9.65236757889228 ], [ 78.785593368254482, 9.652019372199987 ], [ 78.785781292218658, 9.651720578958752 ], [ 78.785880480599062, 9.651562822616439 ], [ 78.785958058208692, 9.651413645898215 ], [ 78.78624510767122, 9.651296277240512 ], [ 78.786256977111066, 9.651295626323902 ], [ 78.786819075442196, 9.651264786159095 ], [ 78.78761098617926, 9.651305902835807 ], [ 78.787693811746749, 9.6513102006565 ], [ 78.78783841535467, 9.651298477958584 ], [ 78.788249602107982, 9.651265133314654 ], [ 78.788923917984434, 9.651043872053069 ], [ 78.789293008785208, 9.650660703064524 ], [ 78.78960743889759, 9.650334273366672 ], [ 78.790031303574509, 9.649814510582802 ], [ 78.790477857000567, 9.649204328374312 ], [ 78.790559919898385, 9.648951254757796 ], [ 78.7907424378012, 9.648101414587181 ], [ 78.790637750832943, 9.647730640795961 ], [ 78.790635443060978, 9.647725578647991 ], [ 78.790528472575275, 9.647491074295123 ], [ 78.790262283790241, 9.647300147173141 ], [ 78.790200524614463, 9.647255858633084 ], [ 78.790104571067403, 9.647187820641014 ], [ 78.790009249934286, 9.647120233411592 ], [ 78.79000241106003, 9.647104962806887 ], [ 78.790002331109989, 9.647104785684519 ], [ 78.789899905201253, 9.646876048008053 ], [ 78.789929132787364, 9.646587268263147 ], [ 78.789954770705549, 9.64633357983676 ], [ 78.790146205285879, 9.645868042413442 ], [ 78.790146216065679, 9.645868014959378 ], [ 78.790256725015283, 9.645738657565625 ], [ 78.790260921944281, 9.645733744171155 ], [ 78.790752341727227, 9.645158441685739 ], [ 78.791563358732006, 9.644638783393802 ], [ 78.792311959892572, 9.644214989076179 ], [ 78.79281634505999, 9.643929425395614 ], [ 78.792991473421267, 9.643902396266421 ], [ 78.792993867431491, 9.643902026077122 ], [ 78.793372158777402, 9.643843608788512 ], [ 78.793573994052082, 9.643798205683714 ], [ 78.793873347739037, 9.643730816153806 ], [ 78.794119627162374, 9.643663973924129 ], [ 78.794356164356486, 9.643599727436536 ], [ 78.794547614208142, 9.643557609953449 ], [ 78.794643209327432, 9.643536555195231 ], [ 78.794703214991785, 9.643495401260243 ], [ 78.794704513955665, 9.643494509439581 ], [ 78.794761694418469, 9.643455268441775 ], [ 78.794751570405211, 9.643334162345905 ], [ 78.794748079551994, 9.643292534578508 ], [ 78.794740365718653, 9.642957935846116 ], [ 78.794730043177736, 9.642510416208989 ], [ 78.794730043177736, 9.642510371927766 ], [ 78.79472346032334, 9.64216154485668 ], [ 78.794698632685495, 9.640846848174073 ], [ 78.794908655205688, 9.638948219632923 ], [ 78.794876326635219, 9.638516455425872 ], [ 78.794831477346364, 9.637917525146403 ], [ 78.794831474651403, 9.637917485292805 ], [ 78.794799757833673, 9.637402042991143 ], [ 78.794713194376271, 9.637252988424907 ], [ 78.794617578595734, 9.637207727020639 ], [ 78.794139272419343, 9.637157848779657 ], [ 78.793544703583919, 9.637180585762417 ], [ 78.79308236406338, 9.637198284349896 ], [ 78.792299599074241, 9.637246245179252 ], [ 78.791834113653607, 9.637274768026943 ], [ 78.791834069636153, 9.637274778654614 ], [ 78.790777326570193, 9.637166055100948 ], [ 78.78979786377154, 9.637093430124645 ], [ 78.789518373632134, 9.637084880173974 ], [ 78.789050739441308, 9.63707058243123 ], [ 78.78831731621581, 9.637016097964983 ], [ 78.78786186857009, 9.636921054787546 ], [ 78.787606701215338, 9.63685768911184 ], [ 78.787593203129887, 9.636740511999035 ], [ 78.787574906244174, 9.63658188426354 ], [ 78.787497640349969, 9.635944486271447 ], [ 78.787497638553333, 9.635944455274002 ], [ 78.787593598388611, 9.63501330593796 ], [ 78.787628675803802, 9.634721535843086 ], [ 78.787639246279781, 9.634633614373293 ], [ 78.787780648291999, 9.634068543424258 ], [ 78.788186165777574, 9.63364373238942 ], [ 78.789211169567906, 9.63360330524975 ], [ 78.789450698151867, 9.633633651067305 ], [ 78.790892054008395, 9.633816236047943 ], [ 78.791106234830025, 9.633621947239135 ], [ 78.79119296357743, 9.632862471101868 ], [ 78.79123418187595, 9.632098449865071 ], [ 78.791700385948829, 9.632082214991717 ], [ 78.791876526711448, 9.632076064143481 ], [ 78.792641850909291, 9.632076240388106 ], [ 78.793388938408611, 9.632121692895518 ], [ 78.793559723415456, 9.632131271212911 ], [ 78.793562597126069, 9.632131432401437 ], [ 78.793712360656968, 9.632139799147794 ], [ 78.793712401081166, 9.631993759672284 ], [ 78.793712401979477, 9.631992254950349 ], [ 78.7937124864211, 9.631547605339982 ], [ 78.793840047191466, 9.631357801058925 ], [ 78.793959494378157, 9.631268982431777 ], [ 78.794095269343458, 9.631167962130673 ], [ 78.794309444775209, 9.631082129878601 ], [ 78.794365146611014, 9.63073489757131 ], [ 78.794669833595805, 9.628835488560435 ], [ 78.794670142616283, 9.627697889398213 ], [ 78.79467065735092, 9.625680124788278 ], [ 78.794670689690278, 9.625680109731901 ], [ 78.796106502043202, 9.624963855914903 ], [ 78.796201454867031, 9.624916489396794 ], [ 78.797784996965035, 9.624150374168845 ], [ 78.798825689831801, 9.623646870984366 ], [ 78.800970355588888, 9.622221035645993 ], [ 78.802197136263374, 9.621405411924345 ], [ 78.802197167704406, 9.621405390668048 ], [ 78.80229277540009, 9.621346770208469 ], [ 78.802698299173869, 9.62109810675924 ], [ 78.80277952843511, 9.621176548778266 ], [ 78.80319930218424, 9.621581890560201 ], [ 78.80394611390075, 9.622558546665813 ], [ 78.80553558128635, 9.624227032621864 ], [ 78.806901404997163, 9.625649250397737 ], [ 78.807029378992539, 9.625782505345267 ], [ 78.8071641990487, 9.625920898882804 ], [ 78.807434653034662, 9.626198518314505 ], [ 78.807530340680415, 9.626198518314505 ], [ 78.807669015407441, 9.626121137604629 ], [ 78.807967691764702, 9.625954444421252 ], [ 78.809387600343797, 9.625065433386542 ], [ 78.810067998713023, 9.624639418913157 ], [ 78.810068025662503, 9.624639405628107 ], [ 78.812405067434284, 9.623862372968638 ], [ 78.812405101570278, 9.62386236322623 ], [ 78.812613760447846, 9.623833125393167 ], [ 78.814691925721078, 9.623541887670935 ], [ 78.816782743765074, 9.623723062801808 ], [ 78.817957927904601, 9.624094014420983 ], [ 78.818392543618856, 9.624322292819334 ], [ 78.818664013599403, 9.624464862895049 ], [ 78.819005822564975, 9.623321154690109 ], [ 78.819110127749269, 9.622876083596971 ], [ 78.819365978721976, 9.621784253938518 ], [ 78.81984909268175, 9.620301546408486 ], [ 78.820443713619483, 9.620367512010235 ], [ 78.820951481842229, 9.620423813924559 ], [ 78.821254764760255, 9.620433993951639 ], [ 78.821493614217871, 9.620442001400898 ], [ 78.822368160079606, 9.620496413258161 ], [ 78.823502488839992, 9.620062571560284 ], [ 78.824160045746495, 9.619575303960749 ], [ 78.824258758019809, 9.619502156190745 ], [ 78.824744947811155, 9.618814367631263 ], [ 78.824814708281153, 9.618715679160985 ], [ 78.825611919078383, 9.618345122855294 ], [ 78.826646058735136, 9.617942986041076 ], [ 78.827256540327483, 9.617034415596148 ], [ 78.827311294440705, 9.616632123998418 ], [ 78.827147497428413, 9.615651052413408 ], [ 78.827034784911405, 9.615186017387225 ], [ 78.826824267419497, 9.614317435880855 ], [ 78.826425020174639, 9.613178749812926 ], [ 78.826218749917416, 9.612590473011151 ], [ 78.825936634002431, 9.611760056936662 ], [ 78.825449271011351, 9.610325523418922 ], [ 78.824374743997723, 9.607698801783162 ], [ 78.823473130099856, 9.606062153845658 ], [ 78.823201522677081, 9.605272698775275 ], [ 78.823195831849773, 9.605256160582625 ], [ 78.823036058391651, 9.60479176227704 ], [ 78.82251256515984, 9.602924666798973 ], [ 78.821938831849096, 9.601163360877063 ], [ 78.82184705277318, 9.600881604896717 ], [ 78.821816015081794, 9.60078632304103 ], [ 78.821274118963061, 9.599746445804051 ], [ 78.821253169352303, 9.599742712426906 ], [ 78.820258455855068, 9.599565471295939 ], [ 78.819061978948369, 9.599519453741488 ], [ 78.818604976318923, 9.599501875413122 ], [ 78.81774516103124, 9.599388084811409 ], [ 78.816928776592619, 9.599280047920301 ], [ 78.816131850561334, 9.599230679582805 ], [ 78.815903928210858, 9.599216563586801 ], [ 78.813539795945005, 9.599283885819531 ], [ 78.813487276840235, 9.599466231598489 ], [ 78.81341221271677, 9.599726850666535 ], [ 78.813399258112057, 9.59996295769335 ], [ 78.813389391016969, 9.600142792933989 ], [ 78.813166095888491, 9.600269259030387 ], [ 78.811995524597961, 9.600142466097772 ], [ 78.811043543958775, 9.600060873071225 ], [ 78.811043513416038, 9.600060862442422 ], [ 78.811009448402132, 9.600047462155036 ], [ 78.810583526583244, 9.599879932389038 ], [ 78.810337629842181, 9.599486598227658 ], [ 78.810073140669715, 9.598961399386706 ], [ 78.809923280120756, 9.598663826708952 ], [ 78.809413261618204, 9.598270414962037 ], [ 78.808793774415136, 9.598161733781463 ], [ 78.808664814967884, 9.598231500865994 ], [ 78.808493130747408, 9.598324389285875 ], [ 78.808493103797971, 9.598324411429381 ], [ 78.808417271614928, 9.598407223651682 ], [ 78.807950910336857, 9.598916516380777 ], [ 78.807650213668566, 9.599201240330139 ], [ 78.807630287238922, 9.59921031559543 ], [ 78.807372388107382, 9.599327777637006 ], [ 78.806784751570987, 9.599286966413413 ], [ 78.80640609371244, 9.59922777170714 ], [ 78.80565517040688, 9.599110383147103 ], [ 78.805573238663086, 9.598839157774027 ], [ 78.8059972273075, 9.597374518938334 ], [ 78.805997188679953, 9.597374494137526 ], [ 78.805783112062883, 9.597238832953259 ], [ 78.805401504136938, 9.597157788387923 ], [ 78.805122717378424, 9.597098578252005 ], [ 78.804306592552905, 9.596898047772669 ], [ 78.804257314569668, 9.596885941431374 ], [ 78.804153293253037, 9.596879030860922 ], [ 78.803779002105074, 9.596854176012522 ], [ 78.803159450223276, 9.597247271422232 ], [ 78.802722117105304, 9.597658633907679 ], [ 78.802722081172689, 9.597658649851024 ], [ 78.801719943099599, 9.598010932950178 ], [ 78.801112265149271, 9.598050167709516 ], [ 78.799765772285056, 9.598137113748315 ], [ 78.799424151965667, 9.598136987087457 ], [ 78.799296683721792, 9.598060072058622 ], [ 78.799219337877517, 9.597445282644712 ], [ 78.799219334284246, 9.597445238357599 ], [ 78.799219418725869, 9.597205721238666 ], [ 78.79921942142083, 9.59720569289491 ], [ 78.799091933414019, 9.59711974130634 ], [ 78.795807864313488, 9.596802544246456 ], [ 78.79480331067063, 9.596914905241013 ], [ 78.794477801635864, 9.596951312834758 ], [ 78.794477861822955, 9.596741682136274 ], [ 78.794477938179782, 9.596476697594554 ], [ 78.794304866062191, 9.596295824086368 ], [ 78.793858426722181, 9.596372510993518 ], [ 78.793306182011378, 9.596495031619876 ], [ 78.793207026868615, 9.59651703174039 ], [ 78.793197133722387, 9.59649206171866 ], [ 78.793097765678922, 9.596241273705086 ], [ 78.793050245698737, 9.596087298392858 ], [ 78.792993106558455, 9.595902150952323 ], [ 78.792993081405598, 9.595902161581305 ], [ 78.792460154066688, 9.59611448103661 ], [ 78.792460124422277, 9.596114486351063 ], [ 78.79224654816683, 9.596141402383266 ], [ 78.791959047750026, 9.596177638225559 ], [ 78.791849743441219, 9.596177600138493 ], [ 78.79177547702173, 9.596055685247363 ], [ 78.791521985923296, 9.59563955461306 ], [ 78.791230558970383, 9.595223627189791 ], [ 78.789488761567114, 9.595121784778684 ], [ 78.788201523375676, 9.595046523643219 ], [ 78.787873758671211, 9.59445874413211 ], [ 78.787450165285492, 9.594530948676182 ], [ 78.786751976680364, 9.59489898983815 ], [ 78.786584568440659, 9.594987236964085 ], [ 78.785304507788354, 9.595411870687833 ], [ 78.785304462872602, 9.595411885745534 ], [ 78.784024481272027, 9.595831873198405 ], [ 78.783065991440253, 9.595859178981351 ], [ 78.78292215768856, 9.595863276442939 ], [ 78.782782351084265, 9.595867723774193 ], [ 78.782220632740476, 9.595885594587283 ], [ 78.782111512586283, 9.595451628338999 ], [ 78.782155704308352, 9.594811995138162 ], [ 78.782189282435368, 9.594325996784352 ], [ 78.782317065987925, 9.593354084790121 ], [ 78.782317066886208, 9.593354054674517 ], [ 78.782302828588954, 9.592926002020461 ], [ 78.782294514681013, 9.592676005890105 ], [ 78.782230840297046, 9.592156134944958 ], [ 78.781994125236537, 9.591753719897509 ], [ 78.78181057606777, 9.591617720761585 ], [ 78.781707312929257, 9.591541212587499 ], [ 78.78170727520002, 9.591541180700212 ], [ 78.781279133644006, 9.591509329747748 ], [ 78.781279091423173, 9.591509327090458 ], [ 78.781277962240893, 9.591326631584844 ], [ 78.781274759746879, 9.590808693954861 ], [ 78.778924419315629, 9.590816977576008 ], [ 78.778851892034538, 9.589673261968441 ], [ 78.776920601310266, 9.589749514578775 ], [ 78.776506457303014, 9.588795569601716 ], [ 78.776412992089277, 9.588792782986314 ], [ 78.775588388964124, 9.588768192388702 ], [ 78.773901086060889, 9.588717898667486 ], [ 78.773901088755849, 9.588717863236921 ], [ 78.773860181274429, 9.588315525599707 ], [ 78.772256821442951, 9.588464216421896 ], [ 78.771195380188061, 9.588893303966668 ], [ 78.770540633211795, 9.589424946389414 ], [ 78.770265993974917, 9.589647966367831 ], [ 78.770148873424802, 9.589759994915724 ], [ 78.769878650305856, 9.590018523078484 ], [ 78.769281956056503, 9.590050005694282 ], [ 78.769195760010049, 9.590037574034035 ], [ 78.768024944377729, 9.589868714220614 ], [ 78.766776720019109, 9.590365542957306 ], [ 78.766038595909691, 9.591115782147144 ], [ 78.764844947797812, 9.591684975414678 ], [ 78.764143450697489, 9.592055431580327 ], [ 78.763826284316764, 9.592595620120935 ], [ 78.763787893914795, 9.592661009181118 ], [ 78.763787877745131, 9.592661030439221 ], [ 78.76375653013497, 9.592701008080104 ], [ 78.763532705000443, 9.592986457369172 ], [ 78.763532669067857, 9.592986476855756 ], [ 78.763498512425798, 9.593003669333502 ], [ 78.763236548417595, 9.593135545617864 ], [ 78.762854121228088, 9.593105735590852 ], [ 78.76242126172022, 9.593072035332233 ], [ 78.761072455694162, 9.59284515660427 ], [ 78.760212305334889, 9.592700496999852 ], [ 78.759659831553691, 9.592695998253252 ], [ 78.759046169026931, 9.592691027399518 ], [ 78.758477481553143, 9.592815659222907 ], [ 78.758098756320948, 9.592898672085882 ], [ 78.757009921839781, 9.593400039407618 ], [ 78.756454671366043, 9.593566477587503 ], [ 78.756271974698492, 9.593621258694835 ], [ 78.75627193876592, 9.593621253380332 ], [ 78.754969327705012, 9.593430966342625 ], [ 78.754387590405102, 9.593375501403518 ], [ 78.753826074182257, 9.593321981568414 ], [ 78.753452660688311, 9.593100304151413 ], [ 78.752523711954709, 9.592245574126197 ], [ 78.752193385255055, 9.591836387575418 ], [ 78.75171335610996, 9.591241753815959 ], [ 78.751713338143645, 9.591241731672023 ], [ 78.751601885962955, 9.591033358762944 ], [ 78.751593729260165, 9.591018110425825 ], [ 78.751212655831836, 9.590305680600915 ], [ 78.750753091207201, 9.58922511909581 ], [ 78.750753067850994, 9.589225074807615 ], [ 78.75073464609946, 9.589196280407588 ], [ 78.750475401291652, 9.588791081432497 ], [ 78.749815282389918, 9.588660253975684 ], [ 78.748857958571435, 9.588470551416373 ], [ 78.747790776183564, 9.586657996785304 ], [ 78.747787017632405, 9.586651613925374 ], [ 78.747173789890255, 9.585858295073095 ], [ 78.746738964868541, 9.58529576987528 ], [ 78.746414382895139, 9.585542848394789 ], [ 78.745841883869602, 9.58597866973024 ], [ 78.745979478821681, 9.588862794698564 ], [ 78.745979434804227, 9.588862797355866 ], [ 78.744540168429069, 9.588926547586269 ], [ 78.744335325594804, 9.588958570619591 ], [ 78.742859503177471, 9.589189279332496 ], [ 78.742444719569775, 9.589172876762451 ], [ 78.740591151982173, 9.589099575387495 ], [ 78.738091468431577, 9.589211057600455 ], [ 78.737835495287982, 9.589222472434534 ], [ 78.737835464745288, 9.589222474206052 ], [ 78.737515635758015, 9.589239815682923 ], [ 78.733308031171774, 9.589467919176009 ], [ 78.729742662724874, 9.589319165904683 ], [ 78.727281842090065, 9.589216472272696 ], [ 78.725532836604941, 9.589424884386029 ], [ 78.724207679627057, 9.590365534985461 ], [ 78.723578662197113, 9.590213425959886 ], [ 78.722900305698516, 9.59004940160507 ], [ 78.721470533617591, 9.590475758117023 ], [ 78.72029055606771, 9.590827642117912 ], [ 78.719124633558764, 9.591307103278162 ], [ 78.717696945569301, 9.591580647391208 ], [ 78.717352857577822, 9.59164657518747 ], [ 78.717070217046711, 9.591698113848627 ], [ 78.71459729430839, 9.592149063956235 ], [ 78.713706790773998, 9.592300602572736 ], [ 78.712948453672396, 9.592429684573302 ], [ 78.711038518597348, 9.592872014436304 ], [ 78.710252093871759, 9.593054148427228 ], [ 78.709211404598264, 9.593217587617184 ], [ 78.70832086962281, 9.593357447107282 ], [ 78.706929021718253, 9.593496958438992 ], [ 78.705970569615729, 9.593593023577704 ], [ 78.701884774785384, 9.593349740173188 ], [ 78.701631533418606, 9.593405493871815 ], [ 78.70100114785447, 9.593544296582024 ], [ 78.700511553448237, 9.59394073156958 ], [ 78.70006298689762, 9.594303979692372 ], [ 78.699369954622213, 9.595093517013831 ], [ 78.698241401130787, 9.596379266568988 ], [ 78.697848796927431, 9.597148930074653 ], [ 78.697531119405312, 9.597771781156446 ], [ 78.696570117884036, 9.598309916299032 ], [ 78.694625162885984, 9.598726171200392 ], [ 78.694178868174745, 9.599033646372545 ], [ 78.69221126125845, 9.600037549006695 ], [ 78.691733600072453, 9.600171630690816 ], [ 78.690293692300131, 9.60057582138192 ], [ 78.689568794984979, 9.600926835735306 ], [ 78.689182353224496, 9.601113970670722 ], [ 78.688896794965359, 9.601803081289347 ], [ 78.688494817740349, 9.602773150648295 ], [ 78.68854100641731, 9.603951851582154 ], [ 78.688595439831929, 9.605340855925084 ], [ 78.688285869605252, 9.605491298318709 ], [ 78.687730071159194, 9.605761453728739 ], [ 78.68761651602243, 9.605801885969612 ], [ 78.686807205816649, 9.606090046921576 ], [ 78.686650535139549, 9.60614583218077 ], [ 78.685989061578397, 9.605978446261096 ], [ 78.684436687427478, 9.605585607214959 ], [ 78.682464127200717, 9.604130245402409 ], [ 78.681211220822817, 9.602249831106711 ], [ 78.681384119565564, 9.600880053978205 ], [ 78.681367855567359, 9.600812342340115 ], [ 78.681037737276853, 9.599438012911607 ], [ 78.680799737625463, 9.598507228938006 ], [ 78.680718716773384, 9.59819039013024 ], [ 78.679438466576528, 9.596287319162874 ], [ 78.679125362377505, 9.594730645294765 ], [ 78.67908976393943, 9.594553681439059 ], [ 78.679069310198713, 9.594452002690339 ], [ 78.678946247293013, 9.593850772899515 ], [ 78.68005305526637, 9.593561303909288 ], [ 78.681601690629066, 9.593289854428349 ], [ 78.681688973637023, 9.593159878144608 ], [ 78.682439617566516, 9.59204203806247 ], [ 78.682462252416741, 9.591065573806963 ], [ 78.683008402956631, 9.588812580710227 ], [ 78.683054023000039, 9.588624379607845 ], [ 78.68305403377984, 9.588624339748408 ], [ 78.683422924256305, 9.588258114681739 ], [ 78.68426087724491, 9.587548279673234 ], [ 78.684373697559764, 9.586886426206378 ], [ 78.68445659858574, 9.586399977150872 ], [ 78.684567543218265, 9.586365786394529 ], [ 78.684568290616582, 9.586365556094089 ], [ 78.684852833779459, 9.586277824014722 ], [ 78.68585957302345, 9.586765901290429 ], [ 78.686830819830519, 9.586131754117893 ], [ 78.686870611604363, 9.586105771780161 ], [ 78.687731346766867, 9.585310004258794 ], [ 78.687753873819247, 9.583745855409864 ], [ 78.687800231379498, 9.583572969259871 ], [ 78.687976885080104, 9.582914031997765 ], [ 78.687976924605977, 9.582914018711074 ], [ 78.688708332910323, 9.58261173376915 ], [ 78.692353760113647, 9.581105045740633 ], [ 78.692785026908524, 9.58079894942434 ], [ 78.693487763683933, 9.580300136688745 ], [ 78.69350540390117, 9.580233670786381 ], [ 78.693906511556975, 9.578722397092607 ], [ 78.693821107824633, 9.577366852653448 ], [ 78.693820973975633, 9.577364718774659 ], [ 78.693783179156682, 9.576764967212879 ], [ 78.693638913315326, 9.576593967797171 ], [ 78.692618320253032, 9.575384244079691 ], [ 78.692589612791508, 9.575350216972478 ], [ 78.689305320908801, 9.573099474908343 ], [ 78.686203180416257, 9.570342360288979 ], [ 78.685472535679907, 9.56903344720695 ], [ 78.685219111955121, 9.568579454611839 ], [ 78.685050179274356, 9.565821872812069 ], [ 78.684717473835818, 9.564321070168509 ], [ 78.683792703166588, 9.562951445558198 ], [ 78.682740172301024, 9.562102210651171 ], [ 78.679781288841767, 9.559714776326711 ], [ 78.679770650992182, 9.559706193418739 ], [ 78.679770626737664, 9.559706173044399 ], [ 78.678982626367059, 9.559190925329835 ], [ 78.677985090363194, 9.558532860289649 ], [ 78.67572137267814, 9.557039499379323 ], [ 78.672256667645357, 9.553809134354697 ], [ 78.672104773310565, 9.553667511673057 ], [ 78.67041948173528, 9.552546575782831 ], [ 78.668474668671038, 9.551484442374045 ], [ 78.6645395608397, 9.549640366237913 ], [ 78.662594782809762, 9.548632443397377 ], [ 78.660813925759598, 9.547683104706318 ], [ 78.659406616052323, 9.546932897201573 ], [ 78.658954216390399, 9.54681482882231 ], [ 78.65783075544833, 9.546521646926948 ], [ 78.656305037006831, 9.545432266397123 ], [ 78.654301245950919, 9.543277804410227 ], [ 78.65422812129016, 9.543199179610664 ], [ 78.654885943199673, 9.541147706690165 ], [ 78.655421127106607, 9.539478597002253 ], [ 78.655492880938255, 9.538414475657047 ], [ 78.655543971721713, 9.53765676102825 ], [ 78.656195143403181, 9.536472305647257 ], [ 78.661805844598007, 9.536119284598197 ], [ 78.661763503405382, 9.535791857797852 ], [ 78.661619373209646, 9.534677275290086 ], [ 78.661605334338375, 9.534568712865113 ], [ 78.661529701581344, 9.533825695761351 ], [ 78.661509622438103, 9.533628421767682 ], [ 78.660894713948025, 9.532358164277891 ], [ 78.65939167257757, 9.529912598437038 ], [ 78.658769096966552, 9.528510326602653 ], [ 78.658631021415815, 9.528199330790253 ], [ 78.658628386657099, 9.527755491376942 ], [ 78.658628007568012, 9.527691827136206 ], [ 78.658617185563784, 9.525866657376183 ], [ 78.658393899418485, 9.523936348587391 ], [ 78.658320945437609, 9.523256681945139 ], [ 78.658184275750301, 9.521983434799607 ], [ 78.657561350694635, 9.520267517380836 ], [ 78.657516761917165, 9.52014469466088 ], [ 78.657514711961696, 9.520139049430446 ], [ 78.655574726443774, 9.520053283910343 ], [ 78.655123899731905, 9.52028386479935 ], [ 78.653956074591207, 9.520858182994131 ], [ 78.652687604002693, 9.521481985279287 ], [ 78.652593223405674, 9.521539325068868 ], [ 78.651005731415367, 9.522503788596669 ], [ 78.64963653273405, 9.523335611672712 ], [ 78.64701462440587, 9.524992590434087 ], [ 78.645651919645729, 9.525853768003572 ], [ 78.645651881916493, 9.525853786608085 ], [ 78.642969588834916, 9.526929786639311 ], [ 78.639153313742611, 9.527400017043949 ], [ 78.634749544946104, 9.527083621391593 ], [ 78.634309054249897, 9.527218959735107 ], [ 78.633793203884494, 9.527377457863635 ], [ 78.628291851914298, 9.531712738119142 ], [ 78.625796161375078, 9.533652056913258 ], [ 78.624530094678278, 9.534361771405228 ], [ 78.62300445169528, 9.534592282388532 ], [ 78.621523216030042, 9.534645010609058 ], [ 78.619324701661569, 9.534723250240562 ], [ 78.619230164757681, 9.534778213579823 ], [ 78.616987691330806, 9.536081989016802 ], [ 78.616828968901558, 9.536174269860068 ], [ 78.615066425805082, 9.537562039051151 ], [ 78.614979859652749, 9.538267243282622 ], [ 78.615296488840912, 9.53866180084988 ], [ 78.615854207885079, 9.539356773396211 ], [ 78.61588543242604, 9.539708998219881 ], [ 78.615917931676378, 9.540075560834111 ], [ 78.615917931676378, 9.540075590068522 ], [ 78.615866453719036, 9.540412303976696 ], [ 78.61579492356789, 9.540880233746494 ], [ 78.614811154245757, 9.542254670690905 ], [ 78.614364793957492, 9.542878280603315 ], [ 78.614752890414735, 9.543409070126241 ], [ 78.615015995283358, 9.543768896944808 ], [ 78.615530591600617, 9.544428941226707 ], [ 78.61562700957667, 9.544629253739831 ], [ 78.616218214221362, 9.545857505090781 ], [ 78.617019630032416, 9.548732685690977 ], [ 78.616745934026582, 9.549666625981805 ], [ 78.616687106951886, 9.549867348228766 ], [ 78.616605083579913, 9.550807648566334 ], [ 78.616793524075391, 9.551947916117816 ], [ 78.616846394421458, 9.552267843651848 ], [ 78.616641348567953, 9.554238832611667 ], [ 78.617023878165384, 9.55508421508415 ], [ 78.617169957705315, 9.555430181936428 ], [ 78.617342650733832, 9.555839180250381 ], [ 78.61736990472123, 9.557389768572067 ], [ 78.617292008209702, 9.557490665585087 ], [ 78.617139404205872, 9.557688329708775 ], [ 78.616832489399144, 9.558085923602343 ], [ 78.615520750556669, 9.558660015128012 ], [ 78.612806347195246, 9.557403086387733 ], [ 78.612513208951754, 9.55733308856629 ], [ 78.611367159871804, 9.557059432716706 ], [ 78.609855038330494, 9.557421015919283 ], [ 78.608482770105837, 9.557783422573943 ], [ 78.607459387774583, 9.558053701886946 ], [ 78.605692209371242, 9.558555361599707 ], [ 78.601292501858154, 9.559834329329435 ], [ 78.597571394287044, 9.560905379207771 ], [ 78.596819746041064, 9.562270503163939 ], [ 78.596662428576906, 9.56239393167562 ], [ 78.595753889566566, 9.563106733643213 ], [ 78.594478952006313, 9.563894276878271 ], [ 78.593931954355085, 9.564232163100886 ], [ 78.593931914829213, 9.56423217727415 ], [ 78.592064520372773, 9.56486484171498 ], [ 78.592064494321633, 9.564864850573283 ], [ 78.59133576659012, 9.565072702731339 ], [ 78.591335727962544, 9.565072716018729 ], [ 78.590909027304306, 9.565076222119862 ], [ 78.590256343758185, 9.565081608830535 ], [ 78.590177528270118, 9.565204013192732 ], [ 78.590046788361974, 9.565407070169508 ], [ 78.590042466567141, 9.566911142902006 ], [ 78.590037298559309, 9.568725215822592 ], [ 78.589996230279468, 9.57020287575769 ], [ 78.589986926428068, 9.570538007034475 ], [ 78.589481271042857, 9.571193442786161 ], [ 78.58948124139846, 9.571193478218584 ], [ 78.589366916405481, 9.571256840239045 ], [ 78.589160376653695, 9.57137130994848 ], [ 78.588820809883032, 9.571559526816808 ], [ 78.587126380644676, 9.572341377756779 ], [ 78.586793367084013, 9.572402171607639 ], [ 78.585468488583857, 9.572644057167709 ], [ 78.584377584384285, 9.573072785586103 ], [ 78.583099896182617, 9.573574954620893 ], [ 78.578995926637461, 9.574980258105727 ], [ 78.57827057118152, 9.575161802013531 ], [ 78.57753382598608, 9.575346236188699 ], [ 78.575789263568339, 9.576064691613153 ], [ 78.575451370359033, 9.575797115903953 ], [ 78.575406707919754, 9.575761747739026 ], [ 78.574769160087897, 9.575137790627432 ], [ 78.573849428069082, 9.57334745519556 ], [ 78.572993651606922, 9.570526417952909 ], [ 78.571372902188159, 9.566724269909122 ], [ 78.571283031133873, 9.566826670050315 ], [ 78.570666797628746, 9.567528813396644 ], [ 78.570666767086053, 9.567528847943599 ], [ 78.568972187829033, 9.569164981135643 ], [ 78.566858538203746, 9.570819136258891 ], [ 78.565243024166463, 9.57158571488975 ], [ 78.563392121880355, 9.572463970838831 ], [ 78.56225922593282, 9.572802432288857 ], [ 78.560791255689381, 9.573240987630193 ], [ 78.559219725863358, 9.574045331442186 ], [ 78.557648210410349, 9.574754737615727 ], [ 78.557134418983594, 9.574838126933518 ], [ 78.55556209055527, 9.575093320795364 ], [ 78.553589874383306, 9.575269176921697 ], [ 78.550916266213903, 9.575318277691952 ], [ 78.549705066818007, 9.575295970595761 ], [ 78.549672844248761, 9.575295377109882 ], [ 78.549600271153579, 9.575267345087527 ], [ 78.549099009428403, 9.575073726005266 ], [ 78.54850683370492, 9.57534482068079 ], [ 78.548343343018132, 9.57543550884135 ], [ 78.546005958089907, 9.57673203863115 ], [ 78.544157398610054, 9.576089222011184 ], [ 78.543607886574307, 9.575898135008876 ], [ 78.54274054070963, 9.575596516141564 ], [ 78.542049561982978, 9.575653254222564 ], [ 78.538295065829402, 9.575961497037657 ], [ 78.537203046820565, 9.575773261349134 ], [ 78.536036051723173, 9.57557209377541 ], [ 78.530711575337463, 9.575737821432039 ], [ 78.528424934442995, 9.576356464430557 ], [ 78.525746404404131, 9.577526489600444 ], [ 78.525180701133735, 9.577613740298595 ], [ 78.521797271176268, 9.578135529122401 ], [ 78.520102668563041, 9.578889934653178 ], [ 78.518425988238064, 9.580910125225676 ], [ 78.516835571333189, 9.582826327370924 ], [ 78.515428118793821, 9.582925304433155 ], [ 78.515243421578134, 9.583136289171525 ], [ 78.514631697615727, 9.583835077135996 ], [ 78.514257069599523, 9.584263012826083 ], [ 78.514257037260194, 9.584263051800244 ], [ 78.510916968083166, 9.588262618801771 ], [ 78.510916938438768, 9.588262654232413 ], [ 78.506765709424798, 9.593165991613043 ], [ 78.506765676187143, 9.593166022614394 ], [ 78.503817762954142, 9.595484020112524 ], [ 78.500724345102981, 9.597042468206448 ], [ 78.498886870833758, 9.59809247598324 ], [ 78.498476978552759, 9.598164951675285 ], [ 78.498228399442269, 9.598210903868969 ], [ 78.497374677427175, 9.598368721440268 ], [ 78.497374645087802, 9.59836872941192 ], [ 78.496390990750029, 9.598703586635766 ], [ 78.495366233098096, 9.599110734784954 ], [ 78.49461016693752, 9.599463567302463 ], [ 78.494255024278146, 9.599780159570715 ], [ 78.494173096127597, 9.600123778861549 ], [ 78.494337227313181, 9.600471819388357 ], [ 78.49452526895665, 9.600614983214077 ], [ 78.494592409939315, 9.600666108645255 ], [ 78.495325793638955, 9.600796949182723 ], [ 78.496350654597151, 9.600837346587031 ], [ 78.496350698614577, 9.600837351015699 ], [ 78.49708854783951, 9.600936485794996 ], [ 78.497088578382218, 9.600936489337929 ], [ 78.497315253871136, 9.601130942188757 ], [ 78.497762904140146, 9.601514954775615 ], [ 78.498258202848447, 9.601960154059494 ], [ 78.498396293670552, 9.602084282921989 ], [ 78.498396331399803, 9.602084308608161 ], [ 78.498885901551546, 9.602781204573461 ], [ 78.501112514323808, 9.606188161586111 ], [ 78.501112529595162, 9.606188187271979 ], [ 78.50249053895277, 9.608463350256272 ], [ 78.503129904076474, 9.609965333119479 ], [ 78.503273117990645, 9.610592716707005 ], [ 78.502990824209235, 9.61092963793825 ], [ 78.502885018838441, 9.610935952141391 ], [ 78.502380496228795, 9.610966035168108 ], [ 78.500544808708625, 9.611007350722321 ], [ 78.49887303857497, 9.611007895431838 ], [ 78.498522276999267, 9.610958296749272 ], [ 78.498153702729752, 9.611129430286109 ], [ 78.497752574412672, 9.611315677418895 ], [ 78.497183165591764, 9.611333966355554 ], [ 78.496783220355894, 9.611315670333267 ], [ 78.496383269730174, 9.6112973875956 ], [ 78.496299542254107, 9.611293559575314 ], [ 78.495032687734778, 9.610832188042734 ], [ 78.494196342730518, 9.61065975236564 ], [ 78.492954125406186, 9.610236647008081 ], [ 78.491901362775266, 9.610013702583371 ], [ 78.491143924887297, 9.609832045366755 ], [ 78.490010419881997, 9.609629830721403 ], [ 78.488699750932994, 9.60944694658957 ], [ 78.487580403376583, 9.609282227406885 ], [ 78.486808961651619, 9.609282210578378 ], [ 78.486071178902037, 9.609299215343986 ], [ 78.485568669416935, 9.609411250679221 ], [ 78.485054976804861, 9.609583671049728 ], [ 78.484124900685572, 9.610095589923869 ], [ 78.483126497807433, 9.61051892839895 ], [ 78.482482486597107, 9.611133236165614 ], [ 78.48225258525801, 9.611763492584551 ], [ 78.48201696344718, 9.612176795724253 ], [ 78.481756043281337, 9.612634471159147 ], [ 78.481382431259732, 9.613117479681177 ], [ 78.480959916750678, 9.61346911164798 ], [ 78.480513434291538, 9.613689547266231 ], [ 78.480001123288375, 9.613674626772241 ], [ 78.479450350018013, 9.6135308006521 ], [ 78.478923342576792, 9.613219379564615 ], [ 78.478496570951634, 9.613059680601129 ], [ 78.477939050435126, 9.613066796324011 ], [ 78.477596430290845, 9.612994384049657 ], [ 78.477118154657163, 9.613198004948408 ], [ 78.477035239258115, 9.613294990941082 ], [ 78.476935549617778, 9.61341159605208 ], [ 78.476453323193468, 9.613975658194564 ], [ 78.476207553114918, 9.614653813127431 ], [ 78.476207545030064, 9.61465383881265 ], [ 78.475980003565212, 9.615526391795756 ], [ 78.475979998175319, 9.615526427223548 ], [ 78.475911884317242, 9.616218022093589 ], [ 78.475898641353311, 9.6177776226713 ], [ 78.475898638658379, 9.617777651899033 ], [ 78.475744061954174, 9.618966643602754 ], [ 78.475674853049725, 9.619223262956957 ], [ 78.475489258417099, 9.619911566152185 ], [ 78.475234384811415, 9.620856449747352 ], [ 78.474765469622994, 9.621625091313113 ], [ 78.474200821873055, 9.622692056135589 ], [ 78.473955032929865, 9.623442532782853 ], [ 78.47314007411758, 9.624875786654593 ], [ 78.472958047593252, 9.625499783235266 ], [ 78.472671641324467, 9.626208741565259 ], [ 78.472302406793233, 9.627122819205628 ], [ 78.471958278377571, 9.627590244154833 ], [ 78.471733235127559, 9.627895935938209 ], [ 78.471318680590215, 9.628411875440145 ], [ 78.470763233385412, 9.629103183557827 ], [ 78.468955184331605, 9.630816952594785 ], [ 78.468706785782516, 9.630999777339756 ], [ 78.468568111953786, 9.631101881731524 ], [ 78.468240110094087, 9.631287329627533 ], [ 78.46768437003854, 9.631572284051249 ], [ 78.465857936962436, 9.632508440603695 ], [ 78.465857899233185, 9.632508461859292 ], [ 78.464787540402483, 9.633100883364628 ], [ 78.462797242940439, 9.635162830884367 ], [ 78.462516680212602, 9.635509484740783 ], [ 78.462387399168477, 9.635669234202991 ], [ 78.462299290608783, 9.635761288692491 ], [ 78.46226851432715, 9.635793444567378 ], [ 78.461954706747264, 9.636121345220628 ], [ 78.461481044860875, 9.636446985402406 ], [ 78.461481007131624, 9.636447009314656 ], [ 78.461175864700976, 9.636447020827971 ], [ 78.460742978243672, 9.636325006206111 ], [ 78.460597188859566, 9.635995098002585 ], [ 78.460597172689887, 9.635995061691286 ], [ 78.460604820946244, 9.635699867668396 ], [ 78.460619742861425, 9.63512253588752 ], [ 78.460660527273618, 9.634222999178709 ], [ 78.460660527273618, 9.634222970838072 ], [ 78.460760367830929, 9.632509609661911 ], [ 78.46073012874183, 9.632157172080008 ], [ 78.460701003563699, 9.631818007396658 ], [ 78.460227057809689, 9.631085727404752 ], [ 78.460101547893132, 9.630822443653299 ], [ 78.459712051860677, 9.630005420990894 ], [ 78.459260849653006, 9.628983868428444 ], [ 78.459037237419238, 9.627252538001395 ], [ 78.458973206404124, 9.626194686920272 ], [ 78.458808942267865, 9.624689328230613 ], [ 78.458439645752904, 9.623369410648667 ], [ 78.458439557717981, 9.622999803574531 ], [ 78.458439327749304, 9.622171522747363 ], [ 78.457928813376682, 9.620851534219328 ], [ 78.45751865788931, 9.61983454624718 ], [ 78.457518644414591, 9.619834514362564 ], [ 78.456497930079749, 9.617994831576116 ], [ 78.455741507288039, 9.616878327625473 ], [ 78.4548849448, 9.616064809592149 ], [ 78.454596043011335, 9.616022402595663 ], [ 78.453901011984456, 9.615920374245487 ], [ 78.452548193184015, 9.616228033079953 ], [ 78.451322945933725, 9.616856665390879 ], [ 78.451322907306178, 9.616856691961601 ], [ 78.450320911166898, 9.617711262432612 ], [ 78.449460140071764, 9.618565878570854 ], [ 78.44895000209327, 9.618828135620909 ], [ 78.448640303407501, 9.618927599919106 ], [ 78.448540084659456, 9.618846308126454 ], [ 78.448459385404206, 9.618780847068946 ], [ 78.448439776079866, 9.618764940145207 ], [ 78.448439746435469, 9.618764910031892 ], [ 78.448398732054542, 9.618321927589831 ], [ 78.448375749556305, 9.617282220257982 ], [ 78.448152316985599, 9.616188176013948 ], [ 78.447793284621042, 9.615513989412909 ], [ 78.447514428692216, 9.614990388435416 ], [ 78.447477410017697, 9.614969748173218 ], [ 78.447442410755883, 9.614950235401038 ], [ 78.446963129907417, 9.614683018983618 ], [ 78.445500834321606, 9.614158960585085 ], [ 78.444260190845654, 9.614015369381006 ], [ 78.444252696201247, 9.614014503167752 ], [ 78.443063790295753, 9.614055404728475 ], [ 78.442569249765555, 9.614205512882531 ], [ 78.442184684585655, 9.614322265591179 ], [ 78.44153343205582, 9.615009524784471 ], [ 78.440795471439813, 9.615317046279086 ], [ 78.440741138636511, 9.615319342001115 ], [ 78.440367361324888, 9.615335141917827 ], [ 78.440284044378885, 9.615311288374361 ], [ 78.440162347810741, 9.615276495606279 ], [ 78.440162311878112, 9.61527648497796 ], [ 78.440133148970745, 9.615035199340143 ], [ 78.440057403924285, 9.614408511292472 ], [ 78.439945922997524, 9.613461274087985 ], [ 78.439811067907087, 9.612315493313542 ], [ 78.439769801997855, 9.610669973429154 ], [ 78.439464498768785, 9.609716138732903 ], [ 78.439113639276684, 9.609250600436003 ], [ 78.438011281557237, 9.609047345617746 ], [ 78.437083497040234, 9.608970318810238 ], [ 78.43627122868223, 9.608902907275013 ], [ 78.435743367841496, 9.608802781944796 ], [ 78.435533272557819, 9.608762933746801 ], [ 78.435041122444559, 9.608513502875184 ], [ 78.434490006916079, 9.608234183409843 ], [ 78.433387643806725, 9.607664709718767 ], [ 78.432924725771159, 9.607529672657368 ], [ 78.432690683198601, 9.607461399919458 ], [ 78.432690656249164, 9.607461414090915 ], [ 78.431952755820248, 9.607728170325572 ], [ 78.431012874589641, 9.608170939012133 ], [ 78.430704737175787, 9.608316097752384 ], [ 78.429461262210083, 9.608827085003231 ], [ 78.429461263108379, 9.608827059317605 ], [ 78.429458518755183, 9.608711105396793 ], [ 78.429442932086715, 9.608054015895142 ], [ 78.429237771248836, 9.606408585118638 ], [ 78.429169240572463, 9.606252486931448 ], [ 78.428868643617136, 9.60556779802836 ], [ 78.42808965424716, 9.60497566839039 ], [ 78.427782536421176, 9.604585173576062 ], [ 78.427005384105982, 9.603597036171291 ], [ 78.426249015213145, 9.601951589048502 ], [ 78.425939121592947, 9.600631558834197 ], [ 78.425927943855854, 9.600622932673977 ], [ 78.425570154759683, 9.600346810400659 ], [ 78.424713791697641, 9.600242949168599 ], [ 78.424319774444356, 9.600227347837681 ], [ 78.423688910078198, 9.600202384289538 ], [ 78.422326835935394, 9.600332181610934 ], [ 78.421693853341793, 9.600392498349597 ], [ 78.420550554004947, 9.600392637409861 ], [ 78.419156648060067, 9.60028882225007 ], [ 78.41802547418294, 9.600140593654114 ], [ 78.417949535998702, 9.600130642421888 ], [ 78.417914931995639, 9.600115969336082 ], [ 78.417416634710918, 9.599904680727226 ], [ 78.416888182778735, 9.599357781978874 ], [ 78.41674099292112, 9.598510848954151 ], [ 78.416740540170224, 9.598508243109416 ], [ 78.416683122552215, 9.59817789588099 ], [ 78.41676486385316, 9.596310878207955 ], [ 78.416615403952818, 9.595556354643003 ], [ 78.416559796440083, 9.59527562235292 ], [ 78.416508323872634, 9.595045272080945 ], [ 78.416354748789985, 9.594357976791716 ], [ 78.416068685677644, 9.594095952336781 ], [ 78.41582178102685, 9.59386979440991 ], [ 78.415523997594988, 9.593535139675836 ], [ 78.415065572932477, 9.59301994859848 ], [ 78.414778085092109, 9.592510383053273 ], [ 78.414709738570338, 9.592389234792892 ], [ 78.41446879873304, 9.591962169424674 ], [ 78.414241453100928, 9.591587690047538 ], [ 78.413999546676379, 9.591189226579136 ], [ 78.413940268647409, 9.590275996988852 ], [ 78.413929878732858, 9.590260598038347 ], [ 78.41357126857649, 9.589729103962116 ], [ 78.413263996240275, 9.589348888574035 ], [ 78.412815082939971, 9.588793406564593 ], [ 78.412512165636301, 9.588423744024345 ], [ 78.412200159178553, 9.588042985969478 ], [ 78.411835812380758, 9.587859977692226 ], [ 78.411831204921668, 9.587857663182954 ], [ 78.410179600169542, 9.588281887754386 ], [ 78.409613029126589, 9.588427416408322 ], [ 78.40903999919675, 9.588694280634273 ], [ 78.40887517091852, 9.588771043665112 ], [ 78.408372262581437, 9.588992957754195 ], [ 78.408178278582341, 9.589078554440457 ], [ 78.408074861831892, 9.589149986858635 ], [ 78.407504183691444, 9.589544162089087 ], [ 78.40637920100329, 9.589991825343207 ], [ 78.405336071905467, 9.590317335439281 ], [ 78.405062462137906, 9.590267778900769 ], [ 78.404762188576072, 9.590213394072485 ], [ 78.404311306168694, 9.590439503064296 ], [ 78.4043112828125, 9.590439517236465 ], [ 78.404129058658796, 9.590561579412022 ], [ 78.403894984645206, 9.590640657396252 ], [ 78.403473230110905, 9.590783138025646 ], [ 78.402571292819559, 9.590864552590952 ], [ 78.40130516324065, 9.59204446769145 ], [ 78.398891125069198, 9.594155739620874 ], [ 78.398048529587228, 9.595172918124696 ], [ 78.397839505993673, 9.595187250411612 ], [ 78.397785340276968, 9.595190965238235 ], [ 78.39778429194304, 9.595191036983813 ], [ 78.397620312572769, 9.59490621311828 ], [ 78.39760197616117, 9.594469511306443 ], [ 78.397601942923529, 9.594468714131644 ], [ 78.397583868819993, 9.59403829438727 ], [ 78.397811547727059, 9.592094352585743 ], [ 78.397889578087614, 9.590699118421801 ], [ 78.397911662270559, 9.590304240354067 ], [ 78.397993583234552, 9.588536650769987 ], [ 78.398033082157596, 9.586830519969279 ], [ 78.398034503292379, 9.586769092719326 ], [ 78.398034500597447, 9.586769059060062 ], [ 78.397861308105618, 9.585521331194366 ], [ 78.397861299122454, 9.58552128513417 ], [ 78.397656353880279, 9.584748301037017 ], [ 78.397064205106233, 9.584707711273779 ], [ 78.396219030561056, 9.584738443245151 ], [ 78.39544730227351, 9.584766500172927 ], [ 78.394850626888768, 9.58444557926998 ], [ 78.394686626857222, 9.583975372754388 ], [ 78.394670119415565, 9.58380950739474 ], [ 78.39454535779565, 9.582555954380165 ], [ 78.394094348725773, 9.581754543182816 ], [ 78.393871194632808, 9.581358011574588 ], [ 78.392992811168185, 9.581294794935717 ], [ 78.392992150906466, 9.58129474710338 ], [ 78.392915372797461, 9.581301132721411 ], [ 78.392748249323688, 9.581315034217665 ], [ 78.392231478185138, 9.581358046120158 ], [ 78.391293203142226, 9.581073313389247 ], [ 78.390449895296214, 9.580980279404283 ], [ 78.389612462432169, 9.580887930991583 ], [ 78.388608858308544, 9.580617311979781 ], [ 78.387986474038669, 9.580449498020535 ], [ 78.387412511657558, 9.580205373435641 ], [ 78.386987077623814, 9.580021586753011 ], [ 78.38642875670844, 9.579780448737957 ], [ 78.386103552202542, 9.579727043682034 ], [ 78.385795593553496, 9.579676513001059 ], [ 78.38503660158004, 9.579728584953592 ], [ 78.384611377752066, 9.579757774332812 ], [ 78.383094665819627, 9.579821140956096 ], [ 78.382840801022027, 9.579807692036361 ], [ 78.382666490127676, 9.579798463010537 ], [ 78.382666447008546, 9.57979846743946 ], [ 78.382453416030472, 9.579591282431068 ], [ 78.382438752830112, 9.579577025663001 ], [ 78.38243872498235, 9.579576996431973 ], [ 78.382329799762559, 9.579267993348399 ], [ 78.382215605923619, 9.578944100734679 ], [ 78.382060386025685, 9.578637423162528 ], [ 78.381723623795338, 9.57797216504547 ], [ 78.381399244841205, 9.577868048053189 ], [ 78.381272752167703, 9.577827467210936 ], [ 78.380467502347059, 9.577753630137584 ], [ 78.380188758707646, 9.577728074110945 ], [ 78.380188723673356, 9.577728072339351 ], [ 78.37974969273948, 9.577760368368025 ], [ 78.378530791188325, 9.577850043421936 ], [ 78.378457918055858, 9.577831713703571 ], [ 78.378361856710939, 9.577807551921406 ], [ 78.378207442601834, 9.577768762146109 ], [ 78.377487750125439, 9.577298517150258 ], [ 78.376754527224222, 9.57667013476677 ], [ 78.376184685415325, 9.576140347596199 ], [ 78.376034869782146, 9.576001079808581 ], [ 78.375922297402312, 9.575944091104834 ], [ 78.375123913405332, 9.575539922436359 ], [ 78.374062727271991, 9.574649310422418 ], [ 78.373793103329348, 9.574313980352313 ], [ 78.373324860080785, 9.573731672854775 ], [ 78.373116920753759, 9.57343778336687 ], [ 78.372937788601249, 9.573184651301887 ], [ 78.372580986753547, 9.573037072559101 ], [ 78.372445877439873, 9.572981196816027 ], [ 78.372445842405583, 9.572981185300524 ], [ 78.37142113775424, 9.572637563318455 ], [ 78.370646777402939, 9.572045370870166 ], [ 78.368966740972041, 9.571036372600316 ], [ 78.368825025447777, 9.570951261218253 ], [ 78.368825004786501, 9.570951241730409 ], [ 78.368433340220946, 9.570481128140779 ], [ 78.368448511867783, 9.570171218567607 ], [ 78.368456117903293, 9.570015480172918 ], [ 78.368648016912601, 9.569825011595766 ], [ 78.368720255834489, 9.569753309367037 ], [ 78.368720280987304, 9.56975328810751 ], [ 78.369398970760898, 9.569730695413718 ], [ 78.371257237435714, 9.569712719583 ], [ 78.372650910716956, 9.569568125413811 ], [ 78.373570972417468, 9.569568136043607 ], [ 78.374185867432828, 9.569120558355886 ], [ 78.374518068916473, 9.568525891005191 ], [ 78.374522447305154, 9.568518052406287 ], [ 78.374695984750076, 9.568207372152733 ], [ 78.37507861585712, 9.567163199824257 ], [ 78.375283588048774, 9.566005911664099 ], [ 78.375306361239524, 9.564319645756408 ], [ 78.374873790989213, 9.56243006570589 ], [ 78.374281647605045, 9.561132568944682 ], [ 78.374149728208948, 9.560818150795257 ], [ 78.373871890071342, 9.560156073393204 ], [ 78.373894685719989, 9.559405645339066 ], [ 78.373912898164065, 9.558754691375466 ], [ 78.374065962105348, 9.558359766425326 ], [ 78.374117882033815, 9.558225791359556 ], [ 78.374289825867379, 9.558035905265472 ], [ 78.374441228823684, 9.55786869581825 ], [ 78.37493052319266, 9.557177462109708 ], [ 78.375301999020522, 9.556652662892093 ], [ 78.375302032258176, 9.556652617713816 ], [ 78.375732566926075, 9.556055800751079 ], [ 78.376140122689023, 9.555490829987672 ], [ 78.376144088751005, 9.555460804052419 ], [ 78.376263112831197, 9.554559596010568 ], [ 78.37659101407958, 9.552647378558765 ], [ 78.376590539769111, 9.552642564801888 ], [ 78.37650907065769, 9.551815566740729 ], [ 78.376061043096243, 9.550735534831817 ], [ 78.375998991069665, 9.550585949610388 ], [ 78.375835100632614, 9.549713411250009 ], [ 78.375607408250815, 9.548370799151954 ], [ 78.375444750302307, 9.547632695057496 ], [ 78.375384252361187, 9.547358193375667 ], [ 78.375384245174672, 9.547358167685358 ], [ 78.374910596763002, 9.546160242613039 ], [ 78.374910585983244, 9.546160218694391 ], [ 78.374854970385684, 9.546040122277221 ], [ 78.374546272423117, 9.545373560170299 ], [ 78.374259415200086, 9.544781378735276 ], [ 78.373945013833804, 9.544399683260236 ], [ 78.373626322113694, 9.544012864306261 ], [ 78.373113171185736, 9.543804099232462 ], [ 78.37297054297315, 9.543746088142477 ], [ 78.372970500752331, 9.543746055364851 ], [ 78.372958944824532, 9.543736685391119 ], [ 78.372747451762208, 9.543565232632655 ], [ 78.372378514573356, 9.543176421265555 ], [ 78.37293235199715, 9.542317374571258 ], [ 78.372993432046599, 9.542222634399543 ], [ 78.37328768240441, 9.541950483931997 ], [ 78.374728561255509, 9.540617764986136 ], [ 78.376016653744799, 9.539929378072934 ], [ 78.376327106117103, 9.539763454025195 ], [ 78.377205971976991, 9.539608020638537 ], [ 78.3781670049393, 9.53943804258728 ], [ 78.378629692107879, 9.539450268798655 ], [ 78.380562594409767, 9.539501305098311 ], [ 78.381731407697288, 9.539416888343716 ], [ 78.382502639216497, 9.539361157682508 ], [ 78.384101231688746, 9.539094424830477 ], [ 78.384652201690173, 9.538655984947969 ], [ 78.386064014651964, 9.537801586683003 ], [ 78.386064041601401, 9.537801566307378 ], [ 78.386920189067766, 9.536969765200647 ], [ 78.38694025563457, 9.536930933562202 ], [ 78.386942034298869, 9.536927492727832 ], [ 78.387371059797061, 9.536097202609543 ], [ 78.387434833894034, 9.534836000289868 ], [ 78.387345094892098, 9.534517682028634 ], [ 78.3871888428299, 9.533963491595998 ], [ 78.386927091722413, 9.531781621409559 ], [ 78.386879184568301, 9.531382297639322 ], [ 78.386879178280125, 9.53138225422952 ], [ 78.386778057623516, 9.530824187253165 ], [ 78.386455658556244, 9.529044994896527 ], [ 78.386432685939482, 9.528773814628893 ], [ 78.386410075343804, 9.528507007940526 ], [ 78.386321956004323, 9.528318614898502 ], [ 78.385877232446504, 9.527367914684934 ], [ 78.384752332403295, 9.526029757642478 ], [ 78.384611895181663, 9.525823363824173 ], [ 78.384603463594416, 9.525810973227699 ], [ 78.384490185138787, 9.525644493037852 ], [ 78.384410878272234, 9.525527955262007 ], [ 78.384324792718573, 9.52498543388605 ], [ 78.384123918641237, 9.523719722738385 ], [ 78.383881206427901, 9.522293679682603 ], [ 78.383736874111193, 9.521445793751472 ], [ 78.383281438143612, 9.519483852120887 ], [ 78.382853386419157, 9.517693627308731 ], [ 78.382261402036818, 9.515948649429893 ], [ 78.382166762725006, 9.515942564696914 ], [ 78.380644816309413, 9.515844716363695 ], [ 78.380644787563298, 9.515844714591783 ], [ 78.377967034567178, 9.51608873823942 ], [ 78.377966989651398, 9.516088713432723 ], [ 78.377440893101905, 9.515829830557633 ], [ 78.377434229399142, 9.515826551640266 ], [ 78.377657438289361, 9.515116854439814 ], [ 78.377452467894329, 9.51383745941274 ], [ 78.377149055618929, 9.512935574388159 ], [ 78.376682884783705, 9.511550038746945 ], [ 78.376109145184785, 9.509800458791201 ], [ 78.375699385854418, 9.507996724430406 ], [ 78.374861523595669, 9.507427132575186 ], [ 78.372589190168739, 9.507228151121726 ], [ 78.37258916321926, 9.507228147577825 ], [ 78.37250165742914, 9.507219854835624 ], [ 78.372496657406259, 9.507219380838093 ], [ 78.372302321267583, 9.507200964039052 ], [ 78.368732180969886, 9.506771436906078 ], [ 78.367279527900365, 9.507056147558291 ], [ 78.36676485792124, 9.507707060186105 ], [ 78.366764844446536, 9.50770708765134 ], [ 78.366418792737818, 9.508823642627965 ], [ 78.366113926988263, 9.509881076741015 ], [ 78.365949603563251, 9.510451059651858 ], [ 78.365580714883407, 9.511545034813647 ], [ 78.365412976063638, 9.511830412167804 ], [ 78.36529377501536, 9.51203322982705 ], [ 78.365293743574327, 9.51203326260773 ], [ 78.365038814273092, 9.511992595959265 ], [ 78.364983031588906, 9.511983701762734 ], [ 78.364934713006392, 9.511976000074116 ], [ 78.364783784360569, 9.511951944367329 ], [ 78.363658930131479, 9.511789119117987 ], [ 78.362880313562329, 9.511852360173036 ], [ 78.361978583781806, 9.511911053560151 ], [ 78.361017745753912, 9.511689462227116 ], [ 78.361017717906137, 9.511689451595528 ], [ 78.360841975097216, 9.511607154281647 ], [ 78.359974949032761, 9.511201148889395 ], [ 78.358604339996432, 9.510672221206985 ], [ 78.357725366338684, 9.510328537291896 ], [ 78.357008206213109, 9.510237856612662 ], [ 78.356222680701109, 9.51013854922755 ], [ 78.355243293360914, 9.510138463288531 ], [ 78.354647011438232, 9.510138424305897 ], [ 78.354197560047083, 9.510165582804099 ], [ 78.352930286014541, 9.510242194316469 ], [ 78.351249919003607, 9.510544945707293 ], [ 78.350758049164753, 9.510748332920134 ], [ 78.349955117895803, 9.51077685310201 ], [ 78.349615042678693, 9.510788928839181 ], [ 78.349615027407339, 9.510788949216449 ], [ 78.349614999559577, 9.510788944786597 ], [ 78.349598802036667, 9.510793984169657 ], [ 78.349497638260971, 9.510825456391135 ], [ 78.347857156448669, 9.51133579981259 ], [ 78.347324468959897, 9.511398955898713 ], [ 78.347324433027282, 9.511398959442563 ], [ 78.347291576247471, 9.511261508890879 ], [ 78.347291375024838, 9.511260667222894 ], [ 78.34726063467582, 9.511132217150505 ], [ 78.346996908173011, 9.510407272434241 ], [ 78.346750787751489, 9.509730804704208 ], [ 78.346577596157957, 9.508982664038689 ], [ 78.346464023953217, 9.508492100007679 ], [ 78.346077095305859, 9.506828508053824 ], [ 78.34607722915483, 9.505996691766853 ], [ 78.345749409653152, 9.505427034563269 ], [ 78.345239508829891, 9.504839268693241 ], [ 78.344397129841866, 9.504287667696056 ], [ 78.344397096604197, 9.504287646432433 ], [ 78.3435592720747, 9.503763194692707 ], [ 78.343559237938706, 9.503763177858998 ], [ 78.343383985609933, 9.50369317257849 ], [ 78.342744151565668, 9.503437611630369 ], [ 78.342393630738442, 9.503030673343797 ], [ 78.342330042592735, 9.502868938043637 ], [ 78.341801728102766, 9.501525266375278 ], [ 78.341169058122887, 9.49994789312043 ], [ 78.339539364178862, 9.495915303975101 ], [ 78.339324000276022, 9.495915240182665 ], [ 78.339193203774002, 9.495915227778578 ], [ 78.338369464828162, 9.496020641212006 ], [ 78.33820511894524, 9.496041673215288 ], [ 78.334935543263512, 9.495910144762137 ], [ 78.333077805696377, 9.495787821864338 ], [ 78.332153556948313, 9.495705532244742 ], [ 78.330992216745656, 9.495602152099961 ], [ 78.329707654635442, 9.495442089616631 ], [ 78.329321088907435, 9.49539392271663 ], [ 78.32932106016132, 9.495393918286588 ], [ 78.328487781107171, 9.495203953828753 ], [ 78.328236655272846, 9.493163324622966 ], [ 78.328228530011103, 9.493097296261189 ], [ 78.327957165133441, 9.491768974593848 ], [ 78.327364057856997, 9.488865744220291 ], [ 78.327091306878856, 9.487827055560706 ], [ 78.327009101148889, 9.487514016794181 ], [ 78.327787879414785, 9.487093760298876 ], [ 78.328505816583132, 9.486734999073592 ], [ 78.329090190438393, 9.486442961777303 ], [ 78.329773387059717, 9.485846323390639 ], [ 78.330091276584241, 9.485483762436866 ], [ 78.330292524360729, 9.485254201850983 ], [ 78.32814716420593, 9.484267350429798 ], [ 78.327018839784913, 9.483748326919413 ], [ 78.327191826562526, 9.483555699665727 ], [ 78.32739226136367, 9.483332509292403 ], [ 78.328122956405664, 9.482626912674514 ], [ 78.32857184455311, 9.482193409186886 ], [ 78.329266101232264, 9.48161925826675 ], [ 78.329500880423339, 9.481425082785609 ], [ 78.330771341678528, 9.480792414395166 ], [ 78.330602002959282, 9.480083684807257 ], [ 78.330471032184093, 9.479535648404138 ], [ 78.330311833647784, 9.478315002130932 ], [ 78.330298316697679, 9.476967796309573 ], [ 78.330183079914718, 9.476263536067876 ], [ 78.330175517896663, 9.476217336178344 ], [ 78.330158498415287, 9.475664273194852 ], [ 78.330071289967492, 9.472831418743249 ], [ 78.330071323205161, 9.472831416971133 ], [ 78.330071321408525, 9.47283137709816 ], [ 78.330655341327571, 9.472805225755993 ], [ 78.330877258440424, 9.472795272579837 ], [ 78.33085461011548, 9.472017779149215 ], [ 78.334146712849602, 9.471850933440342 ], [ 78.336264020414689, 9.471742693994475 ], [ 78.336264021312985, 9.471742729437178 ], [ 78.336264059940561, 9.471742726778997 ], [ 78.33628738829016, 9.472405022429324 ], [ 78.336295754300423, 9.472642341145313 ], [ 78.336773838592919, 9.472687621779418 ], [ 78.33712901359165, 9.472619850128167 ], [ 78.337202184964823, 9.472414880807699 ], [ 78.337207131088775, 9.472401027154378 ], [ 78.33792616779499, 9.470386708878829 ], [ 78.338378147943658, 9.470286139698645 ], [ 78.33863651330087, 9.470228632721845 ], [ 78.338609172176874, 9.469749466612342 ], [ 78.338609198228013, 9.469749458637674 ], [ 78.342201823357286, 9.469569059324542 ], [ 78.343626649314274, 9.47264322632536 ], [ 78.345142963293029, 9.47210094457065 ], [ 78.345142994734061, 9.472100933051776 ], [ 78.345598443278064, 9.471887577673412 ], [ 78.346850553748638, 9.471301016059092 ], [ 78.347328641634419, 9.470867069408751 ], [ 78.347543011102232, 9.470579824660167 ], [ 78.347544416965661, 9.470577941758323 ], [ 78.348057301093974, 9.469890696966162 ], [ 78.348442126785272, 9.469515876269773 ], [ 78.348539941641619, 9.469420604673678 ], [ 78.348539963201191, 9.469420589610419 ], [ 78.348539988354005, 9.469420571002837 ], [ 78.349012029679628, 9.469126954164052 ], [ 78.349942503752601, 9.468548171133083 ], [ 78.350188328628406, 9.46843029633145 ], [ 78.350215675142294, 9.468417182391766 ], [ 78.351176499695441, 9.467608067294154 ], [ 78.351652755018037, 9.466909924854374 ], [ 78.351864168130277, 9.46660001259983 ], [ 78.352419766252055, 9.465316187679035 ], [ 78.352633868920222, 9.464231220050246 ], [ 78.352479241012048, 9.462129039391264 ], [ 78.352242487323991, 9.461487103230677 ], [ 78.351905642448642, 9.460980754565853 ], [ 78.350858444880913, 9.460257340440487 ], [ 78.350478755756384, 9.460168621633025 ], [ 78.349929691081698, 9.460040331412795 ], [ 78.349843736682061, 9.460046168144348 ], [ 78.349031725242227, 9.460101310942134 ], [ 78.347138559018589, 9.460229858108066 ], [ 78.347138550933749, 9.460229892665875 ], [ 78.346541788412424, 9.462865401575653 ], [ 78.345785922576169, 9.463742250748528 ], [ 78.345785883948622, 9.463742297711251 ], [ 78.345585989933269, 9.464010105625306 ], [ 78.345584333439888, 9.464012326162786 ], [ 78.344679232282132, 9.465224966100232 ], [ 78.344096387359457, 9.465862359418081 ], [ 78.342630025100391, 9.467679419693138 ], [ 78.341955004944751, 9.467852290989802 ], [ 78.341218459175295, 9.468040914894397 ], [ 78.339579291598284, 9.468379804116585 ], [ 78.339375805220129, 9.468449883948811 ], [ 78.339356174336231, 9.468456645601849 ], [ 78.337152346432859, 9.468686887296187 ], [ 78.335496964264919, 9.468600815603143 ], [ 78.334798311230813, 9.468564485576623 ], [ 78.33463564340083, 9.468583303185781 ], [ 78.334251876823274, 9.468627693848131 ], [ 78.333231711359062, 9.468681718812951 ], [ 78.332548935149262, 9.468717874270055 ], [ 78.33127402813173, 9.468970849831585 ], [ 78.33099306206033, 9.468078791182243 ], [ 78.33060050367105, 9.466832460108151 ], [ 78.330828210425906, 9.46637140787321 ], [ 78.330937598278055, 9.465761114603644 ], [ 78.331383928921923, 9.465055933777201 ], [ 78.330377960432443, 9.462818114422065 ], [ 78.327955268789907, 9.463688479314717 ], [ 78.326516609675863, 9.464205309069316 ], [ 78.325739980180131, 9.46418377181655 ], [ 78.324713574119642, 9.464155303582062 ], [ 78.323511516878384, 9.464417286036195 ], [ 78.322450400813665, 9.465289643229049 ], [ 78.321111590341758, 9.466568722394996 ], [ 78.31994584929248, 9.467169792793252 ], [ 78.319399402308548, 9.467368542305726 ], [ 78.315679251443214, 9.46781545227501 ], [ 78.314658685330414, 9.467769268084455 ], [ 78.313771452561937, 9.46772911365394 ], [ 78.311034912915318, 9.467941087561011 ], [ 78.310988758374307, 9.467859180249912 ], [ 78.310161021027099, 9.466390253070994 ], [ 78.309851835279389, 9.46521289584668 ], [ 78.309565036446827, 9.464120778933099 ], [ 78.308696220938316, 9.460481467352336 ], [ 78.30588677042995, 9.46089678542185 ], [ 78.303956186679827, 9.461086152147752 ], [ 78.299384690741647, 9.461464861362128 ], [ 78.29925514110127, 9.460708821283044 ], [ 78.298898199116394, 9.458625719021374 ], [ 78.298730300396528, 9.457168341767872 ], [ 78.298728622343575, 9.457153775956845 ], [ 78.298652892568469, 9.456496434386986 ], [ 78.298498534154874, 9.454602262208072 ], [ 78.303589186258705, 9.453220066395753 ], [ 78.303589183563744, 9.453220033609462 ], [ 78.303565120392221, 9.452982219436995 ], [ 78.303564924559495, 9.452980280613419 ], [ 78.303462037815066, 9.451963359945573 ], [ 78.303525287295898, 9.451557092558488 ], [ 78.303566902649749, 9.451289788898249 ], [ 78.303913034308522, 9.450815210434723 ], [ 78.30444989806503, 9.450043146203395 ], [ 78.304896843156527, 9.449400369595814 ], [ 78.305219380564353, 9.448432611398376 ], [ 78.305279496721468, 9.448252229258765 ], [ 78.305388984286608, 9.447538054641212 ], [ 78.305125103273596, 9.446421333054486 ], [ 78.304190058572459, 9.446246144379614 ], [ 78.303627289199781, 9.446140707692871 ], [ 78.303427102333643, 9.445458048560926 ], [ 78.302343791593188, 9.444232738937163 ], [ 78.301893419428865, 9.444254674429203 ], [ 78.301697276778157, 9.44426423232718 ], [ 78.301663278239602, 9.444126408405321 ], [ 78.3011786892461, 9.44216192082472 ], [ 78.300483304282992, 9.442245003964505 ], [ 78.299252824346127, 9.442392015294617 ], [ 78.29471056857048, 9.44315920783446 ], [ 78.29467648918353, 9.443164960668797 ], [ 78.294094140130923, 9.443263266597286 ], [ 78.291858701411016, 9.443715989063456 ], [ 78.290660991117448, 9.443958536307534 ], [ 78.289902644134358, 9.444083891424986 ], [ 78.289759776969888, 9.44410751059185 ], [ 78.283808466958703, 9.445091410412582 ], [ 78.283717248431458, 9.44581918962213 ], [ 78.282041510439257, 9.446483253412701 ], [ 78.279823569104437, 9.447056750580293 ], [ 78.278863334744415, 9.447305034944808 ], [ 78.278863300608435, 9.447305041147729 ], [ 78.278773558013228, 9.446929469206969 ], [ 78.278667784981792, 9.446486808580415 ], [ 78.277716187024907, 9.446685376866945 ], [ 78.274843016318471, 9.447339975990859 ], [ 78.274843002843753, 9.447340014094502 ], [ 78.274825171285357, 9.447388395089177 ], [ 78.274533137969655, 9.448180751429657 ], [ 78.274018626992358, 9.448280044846257 ], [ 78.271905943056012, 9.448500895568662 ], [ 78.270180417735801, 9.448351207192912 ], [ 78.26963409202439, 9.448278661599019 ], [ 78.269570529031512, 9.447704513388461 ], [ 78.269558241875046, 9.447703213435204 ], [ 78.268604249009627, 9.447602278738296 ], [ 78.268474240330121, 9.447588527762621 ], [ 78.265755218729836, 9.447300930384069 ], [ 78.264312218058052, 9.447238855985994 ], [ 78.262896005147994, 9.44717792380056 ], [ 78.258267833600257, 9.447106609682834 ], [ 78.258088105864715, 9.447103838748291 ], [ 78.258088062745585, 9.447103838748291 ], [ 78.258062634134845, 9.447103829886961 ], [ 78.257714751659591, 9.447103724437248 ], [ 78.257314420148163, 9.446086510821882 ], [ 78.256296041433089, 9.446298696560778 ], [ 78.254650688955309, 9.446641505304987 ], [ 78.251848207576913, 9.447291826269709 ], [ 78.251732043732588, 9.447318784159577 ], [ 78.250138335400521, 9.447688636589982 ], [ 78.249985505919526, 9.44750992175894 ], [ 78.248918687349359, 9.446262404940704 ], [ 78.248639681401883, 9.44626018783317 ], [ 78.248383757665664, 9.446258153269273 ], [ 78.247920005095168, 9.446243019870632 ], [ 78.247286479919154, 9.446222344588071 ], [ 78.247283731972701, 9.446221752650432 ], [ 78.246396879191607, 9.446030782701632 ], [ 78.246175476813406, 9.445983105993388 ], [ 78.245716947946335, 9.445995292119164 ], [ 78.244281458986919, 9.446033434016607 ], [ 78.243612193439006, 9.446096934422442 ], [ 78.243266159696617, 9.446074438124558 ], [ 78.242109603921122, 9.445749307217875 ], [ 78.241956336062316, 9.445701981380333 ], [ 78.241626942712216, 9.445600273386464 ], [ 78.240138152215451, 9.445691141284113 ], [ 78.239013595328714, 9.445772851835146 ], [ 78.237966427405382, 9.445822891895142 ], [ 78.237723656801535, 9.445825995140718 ], [ 78.237242509253903, 9.445832146691346 ], [ 78.236956076933964, 9.445757704236994 ], [ 78.23658227806277, 9.445660555427489 ], [ 78.235894892597258, 9.445547010417727 ], [ 78.235790024169333, 9.445529685573552 ], [ 78.235752883323897, 9.445531762676298 ], [ 78.23522091269075, 9.445561495195458 ], [ 78.233540854700294, 9.445507728895443 ], [ 78.233120771032389, 9.445517427654259 ], [ 78.23136000031198, 9.445558069394057 ], [ 78.229980495259397, 9.445712151557784 ], [ 78.229963565609566, 9.445645876590186 ], [ 78.229893894971084, 9.445373125690848 ], [ 78.229356621582795, 9.445287378692768 ], [ 78.229342897121867, 9.445047786765993 ], [ 78.229085132737637, 9.445030206689136 ], [ 78.228946782302401, 9.445020770213249 ], [ 78.22823651494997, 9.444998358028123 ], [ 78.22801434002065, 9.445050488598355 ], [ 78.227503536390543, 9.445170340408287 ], [ 78.226758002976666, 9.445407998700407 ], [ 78.225573244592823, 9.44578566269378 ], [ 78.223837972551777, 9.446004468044752 ], [ 78.223597323768644, 9.446034810183789 ], [ 78.223332974733339, 9.446226969322446 ], [ 78.223224050411886, 9.446306147175394 ], [ 78.223054225704033, 9.446424517818951 ], [ 78.22209511423813, 9.447093030596941 ], [ 78.221024201146889, 9.447241208665357 ], [ 78.220884062165922, 9.447260598109875 ], [ 78.220151067436802, 9.447355712796702 ], [ 78.220086310582928, 9.447303143054219 ], [ 78.219950683839627, 9.44719301905444 ], [ 78.219536399695215, 9.447257924651051 ], [ 78.218621262559083, 9.4474012936147 ], [ 78.218558299640819, 9.447160275600345 ], [ 78.218297699275212, 9.446162705092791 ], [ 78.217921638446143, 9.444931577824782 ], [ 78.217842039627143, 9.444670988606662 ], [ 78.217491092998443, 9.443138561609473 ], [ 78.217167461442628, 9.441588045098069 ], [ 78.217136458785532, 9.441450859903307 ], [ 78.2168119567622, 9.440014932755753 ], [ 78.216501965225646, 9.43836043502262 ], [ 78.216402406739334, 9.437870795365404 ], [ 78.216278614401617, 9.437261961566545 ], [ 78.216128197795499, 9.43653868812439 ], [ 78.215576939434868, 9.434992741992509 ], [ 78.215150132775392, 9.433762139306044 ], [ 78.215043908789681, 9.433455864165582 ], [ 78.215043896213245, 9.433455834922075 ], [ 78.21614520559875, 9.433203566116804 ], [ 78.217197255865671, 9.432962575391088 ], [ 78.219355168179931, 9.432505466440066 ], [ 78.219332769586643, 9.432050234678792 ], [ 78.219323139646789, 9.431854506113678 ], [ 78.219939528560431, 9.431667118084949 ], [ 78.220097052637087, 9.431619232025472 ], [ 78.21997399422294, 9.431081301427806 ], [ 78.219809886393591, 9.430213409842956 ], [ 78.219809879207048, 9.430213369965086 ], [ 78.22048614891925, 9.430043417440222 ], [ 78.221016284294308, 9.429910187086598 ], [ 78.22089321420205, 9.42932704901934 ], [ 78.220622670384572, 9.428134975867239 ], [ 78.220615191909829, 9.428102025008727 ], [ 78.220530779917524, 9.428099143148815 ], [ 78.22035112943712, 9.428093035590727 ], [ 78.220150561685315, 9.427098534584539 ], [ 78.220689448447843, 9.426888164338582 ], [ 78.220787878650142, 9.426849739402497 ], [ 78.220820449765725, 9.425609014881017 ], [ 78.22083297587406, 9.425131866557143 ], [ 78.22089655773155, 9.424512517783047 ], [ 78.222027627404088, 9.424188092333125 ], [ 78.222253156642665, 9.424123402168586 ], [ 78.22222733367154, 9.424003390617738 ], [ 78.222093626627995, 9.423382049429598 ], [ 78.22210107456003, 9.423070559573192 ], [ 78.222107140883125, 9.422816959200549 ], [ 78.222138630427125, 9.421325124882097 ], [ 78.222156643445189, 9.420552096000661 ], [ 78.223176375023129, 9.420325792307162 ], [ 78.223161916638603, 9.420068542313606 ], [ 78.223075757423075, 9.418535624937478 ], [ 78.222858522329517, 9.417062100702008 ], [ 78.222845262297596, 9.416972154895568 ], [ 78.22284317012128, 9.416957964024904 ], [ 78.222842171194714, 9.416741645562745 ], [ 78.222838350659785, 9.415913686093171 ], [ 78.222833447654963, 9.414548440030561 ], [ 78.222830176889033, 9.413918512999128 ], [ 78.222828658736205, 9.413626219837635 ], [ 78.222797770165144, 9.41308907829948 ], [ 78.222728056407519, 9.411876738790234 ], [ 78.222574646614873, 9.410566172867153 ], [ 78.222522743754411, 9.410122763693543 ], [ 78.223223801578513, 9.410131626848839 ], [ 78.223225787753634, 9.410253916390035 ], [ 78.223228458444964, 9.410420950563021 ], [ 78.223559584645201, 9.41042302964957 ], [ 78.223920439691483, 9.410425294843616 ], [ 78.224931083911983, 9.410384349421021 ], [ 78.225559348553688, 9.410461037228231 ], [ 78.22643795030892, 9.41033875041899 ], [ 78.228550273122522, 9.410202568418169 ], [ 78.230143554754832, 9.410016793093789 ], [ 78.230143596077326, 9.410016787776437 ], [ 78.230134427871562, 9.409781745180437 ], [ 78.23048465944126, 9.409778485634607 ], [ 78.23063975177844, 9.409777055262921 ], [ 78.231923537744237, 9.409717930570036 ], [ 78.232366335314069, 9.409703583425387 ], [ 78.233471337673706, 9.409667771836661 ], [ 78.23347137091136, 9.409667770064202 ], [ 78.233475027952906, 9.409400817679382 ], [ 78.23347583014845, 9.409342278719455 ], [ 78.234236086949821, 9.409293669059959 ], [ 78.234541092836551, 9.409274165816887 ], [ 78.235974636943354, 9.409338643408416 ], [ 78.236139007080794, 9.409346036330072 ], [ 78.236139036725191, 9.409346037216277 ], [ 78.236227923225925, 9.409336602423222 ], [ 78.23703584822951, 9.409250841152632 ], [ 78.237188554641307, 9.409569563571466 ], [ 78.237300057127626, 9.409802287053768 ], [ 78.237592368022774, 9.409630648626495 ], [ 78.237600433097384, 9.409625914395519 ], [ 78.237600469928296, 9.409625894012299 ], [ 78.238829464949987, 9.409042360113091 ], [ 78.238864738197918, 9.409022886987644 ], [ 78.238870429923551, 9.409019744417005 ], [ 78.238911396693794, 9.408997128719417 ], [ 78.23907980655504, 9.408908100720783 ], [ 78.239321126379707, 9.408780529656916 ], [ 78.239730249702816, 9.408562075577423 ], [ 78.240125185932641, 9.408350679307311 ], [ 78.240139146650478, 9.408343205717348 ], [ 78.240550022586689, 9.408124143406363 ], [ 78.241355675750953, 9.407689913362823 ], [ 78.242407132231449, 9.407169711835975 ], [ 78.242584840554187, 9.407058450395901 ], [ 78.242585296000044, 9.40705816591452 ], [ 78.242588619766607, 9.407056084149055 ], [ 78.243026828741975, 9.406781691573672 ], [ 78.243058253607231, 9.406762015373015 ], [ 78.243194510069543, 9.406676695695561 ], [ 78.242647757658389, 9.405085610840633 ], [ 78.242191981229325, 9.403471857409704 ], [ 78.241950230213305, 9.401867085665724 ], [ 78.24194806078188, 9.40184906292451 ], [ 78.241830535091594, 9.400876450334932 ], [ 78.241807121402033, 9.400678521271486 ], [ 78.241789267385769, 9.400533522582585 ], [ 78.241787832776268, 9.400521874579104 ], [ 78.241783009721487, 9.40048155367781 ], [ 78.241745418820102, 9.400167307322507 ], [ 78.241703283341721, 9.399812685641226 ], [ 78.24166269206728, 9.39945764705706 ], [ 78.241631646291054, 9.399196951729058 ], [ 78.24155769068868, 9.398576126950511 ], [ 78.242021994824739, 9.398413248920575 ], [ 78.241816644442366, 9.396885371419666 ], [ 78.241816678578331, 9.396885362557075 ], [ 78.242593272141448, 9.396707699121256 ], [ 78.243182287591779, 9.396572946612315 ], [ 78.243800669867085, 9.396393498970621 ], [ 78.243859300210701, 9.396376480965625 ], [ 78.243915120624152, 9.396360279207279 ], [ 78.243959301566463, 9.396334672433452 ], [ 78.243960788278272, 9.396333809214042 ], [ 78.244352071958147, 9.396106982727606 ], [ 78.24432086358685, 9.395961275772001 ], [ 78.243991907716349, 9.394425398639012 ], [ 78.243918838751114, 9.393693070023827 ], [ 78.244448358780176, 9.393625485802383 ], [ 78.244628965966385, 9.393602433054244 ], [ 78.24449675731276, 9.392996702071393 ], [ 78.244449703558161, 9.392701863587192 ], [ 78.244355357097149, 9.392110701358575 ], [ 78.244933460711692, 9.392006534126775 ], [ 78.244851395118928, 9.391617780755587 ], [ 78.244623406293073, 9.390433430877065 ], [ 78.243914477430422, 9.390523470438815 ], [ 78.243517255886488, 9.390573918214306 ], [ 78.243307613353707, 9.389809985613944 ], [ 78.2429568131504, 9.38892403879079 ], [ 78.242505811267065, 9.387857294032802 ], [ 78.242422520372259, 9.387600484307313 ], [ 78.242394015031664, 9.387512593226688 ], [ 78.242337217251176, 9.387337465963364 ], [ 78.243415927719099, 9.38682629613405 ], [ 78.243648046998629, 9.386690602975936 ], [ 78.243688949988439, 9.386478117396875 ], [ 78.243961876138073, 9.385827052681538 ], [ 78.243738458838706, 9.384683386862896 ], [ 78.243472582667437, 9.383198249810473 ], [ 78.243451167729361, 9.38307862998577 ], [ 78.243429651281687, 9.382969040336556 ], [ 78.243218637021457, 9.381894280175402 ], [ 78.243124551970155, 9.38146512321566 ], [ 78.24305368836896, 9.381141879608004 ], [ 78.243053417976071, 9.381140647649499 ], [ 78.243036291595175, 9.381062529062005 ], [ 78.243123829724652, 9.381048012332752 ], [ 78.243172847196476, 9.381039883176832 ], [ 78.24372127855888, 9.380904889704933 ], [ 78.244092303432481, 9.380813563393161 ], [ 78.244902506563648, 9.380582754339583 ], [ 78.245154727444287, 9.380553205898538 ], [ 78.245366805309814, 9.380528359290587 ], [ 78.246020620733177, 9.380593353631301 ], [ 78.246454793577982, 9.380636512128637 ], [ 78.247365325051618, 9.380803664286766 ], [ 78.247561024832891, 9.380839589648463 ], [ 78.2476036049774, 9.38077082236612 ], [ 78.247633819811952, 9.380722027890062 ], [ 78.24825263058365, 9.379880979292047 ], [ 78.248458512768664, 9.37959814883383 ], [ 78.248510267407141, 9.379527034369152 ], [ 78.248560377230291, 9.379458153379472 ], [ 78.248562008570858, 9.379455909254208 ], [ 78.248574120555816, 9.379439254688982 ], [ 78.24861373715818, 9.379384774375332 ], [ 78.248666686555964, 9.379315758638921 ], [ 78.248920589082815, 9.378962502685834 ], [ 78.249161277391849, 9.378597565725389 ], [ 78.24916432986717, 9.378592937427101 ], [ 78.249249994110983, 9.378463050795576 ], [ 78.249527910401994, 9.377875411294404 ], [ 78.249983209825686, 9.377477785176003 ], [ 78.250543201607485, 9.377355944056223 ], [ 78.250881644585718, 9.377350557945631 ], [ 78.251008169598535, 9.37734854513384 ], [ 78.252209209946884, 9.377329412342363 ], [ 78.252126594585164, 9.376622046943718 ], [ 78.252109416101987, 9.376474958011674 ], [ 78.252108809739156, 9.37646399077423 ], [ 78.25206870086005, 9.375738097857749 ], [ 78.253142825428412, 9.375699441231205 ], [ 78.253684701784209, 9.375679937869105 ], [ 78.253776662319851, 9.374954516605701 ], [ 78.253835422020899, 9.374491000032581 ], [ 78.253976662336399, 9.374381626591012 ], [ 78.254436399437537, 9.374025639296301 ], [ 78.255233211382759, 9.373641682029351 ], [ 78.255548774270721, 9.37365858504254 ], [ 78.255633626437515, 9.373663130092519 ], [ 78.256065501391816, 9.373686262162636 ], [ 78.256762595848926, 9.373723596623883 ], [ 78.25708499671282, 9.373959554438663 ], [ 78.257349695192758, 9.374153278997747 ], [ 78.257605747388098, 9.374298671613788 ], [ 78.257763868844393, 9.37438845656024 ], [ 78.257921071324148, 9.374510528278389 ], [ 78.258200679142874, 9.374727650425918 ], [ 78.259092645134544, 9.375573347832358 ], [ 78.259979953361494, 9.376432656947694 ], [ 78.260530415814785, 9.377364045822848 ], [ 78.260898949660088, 9.377956427944598 ], [ 78.261096078660984, 9.378420443311398 ], [ 78.261121763291598, 9.378480900150672 ], [ 78.261164135026917, 9.378648016122677 ], [ 78.261262758367025, 9.379036982571957 ], [ 78.261262776333325, 9.379037016251601 ], [ 78.261301464975958, 9.379110307585 ], [ 78.261890471443152, 9.380226129951248 ], [ 78.262390831259779, 9.381324808560352 ], [ 78.262504122291816, 9.382785099214244 ], [ 78.262544094627017, 9.383145168662379 ], [ 78.262613028646996, 9.38376613010921 ], [ 78.262687199845047, 9.384215514751073 ], [ 78.262713017426321, 9.384371939268185 ], [ 78.262746435653213, 9.384502839377836 ], [ 78.262858445687655, 9.384941579591713 ], [ 78.26255793317398, 9.385122319173421 ], [ 78.262817193253184, 9.385899958816674 ], [ 78.262986865247427, 9.386223212168877 ], [ 78.263199280879491, 9.386627898171426 ], [ 78.263358553976005, 9.386566335779806 ], [ 78.264870210190026, 9.385982044228836 ], [ 78.266776193576135, 9.38531552876738 ], [ 78.267246693392693, 9.385150991569736 ], [ 78.267384676416995, 9.385471070043275 ], [ 78.26745135386895, 9.385625743571808 ], [ 78.269422616030099, 9.385115497392135 ], [ 78.269768321887383, 9.385965564575999 ], [ 78.27085192907191, 9.385522813423798 ], [ 78.271179152092245, 9.38539531173601 ], [ 78.271976412296794, 9.385084660670202 ], [ 78.2731647477721, 9.384488316588584 ], [ 78.273733557416719, 9.384428317237294 ], [ 78.274061556581472, 9.384393718141391 ], [ 78.276071384316097, 9.384666962098393 ], [ 78.278727274114843, 9.385028005398684 ], [ 78.27862086058461, 9.385888179150266 ], [ 78.27852650783538, 9.386650868072643 ], [ 78.279413878046057, 9.387659232562152 ], [ 78.279505843073267, 9.387701116589319 ], [ 78.279850888668832, 9.387858268058807 ], [ 78.279982675114283, 9.388482152884496 ], [ 78.280073671757634, 9.388699234378404 ], [ 78.280149246124182, 9.389386294394091 ], [ 78.28021439644013, 9.389978580641468 ], [ 78.280546220631379, 9.389962147265143 ], [ 78.281211330572773, 9.389929206062718 ], [ 78.281211367403728, 9.389929204290169 ], [ 78.281187663558313, 9.38944576998194 ], [ 78.281157062448159, 9.388821581124116 ], [ 78.282317784609901, 9.388750912578447 ], [ 78.283965835626788, 9.388650565097745 ], [ 78.283983644727314, 9.389925468625723 ], [ 78.285099797874551, 9.389812990099518 ], [ 78.286578492205862, 9.389663967584113 ], [ 78.286537800320104, 9.38889544558563 ], [ 78.286824749171316, 9.388849648770503 ], [ 78.286833479897581, 9.388848256422438 ], [ 78.286933860342373, 9.388832235999638 ], [ 78.287261399569701, 9.389528541421033 ], [ 78.288496854376589, 9.38906630727827 ], [ 78.28892765494578, 9.388905126435823 ], [ 78.28904379723059, 9.389680353115507 ], [ 78.289132187861256, 9.390270349604815 ], [ 78.289132195047799, 9.390270392146146 ], [ 78.29050090504559, 9.389961606635234 ], [ 78.291353756593182, 9.389769193737436 ], [ 78.291378992964468, 9.390026050600973 ], [ 78.291476346985078, 9.391016950066401 ], [ 78.292047013447387, 9.390899055861043 ], [ 78.292169796977078, 9.390873689750538 ], [ 78.292787430057388, 9.390746079246902 ], [ 78.29253272174175, 9.389932308037917 ], [ 78.292532766657501, 9.389932284994645 ], [ 78.293024448748511, 9.389701857794901 ], [ 78.293382810071535, 9.389580909909094 ], [ 78.293385325354308, 9.389580060853344 ], [ 78.293693660397466, 9.389475974398357 ], [ 78.29497759817859, 9.388852449419669 ], [ 78.294977631416231, 9.388852431694044 ], [ 78.2955869721482, 9.38892157404279 ], [ 78.296215726371727, 9.388992896629009 ], [ 78.296184042791666, 9.388256032055322 ], [ 78.296134172818668, 9.387424232392679 ], [ 78.296077622973215, 9.38702484908317 ], [ 78.29599333405011, 9.386429612653764 ], [ 78.295615708355811, 9.385484710932818 ], [ 78.294805879822121, 9.383924882237087 ], [ 78.294998787639472, 9.383764712038181 ], [ 78.294999020303152, 9.383764518826011 ], [ 78.295333970631575, 9.383486387126602 ], [ 78.295253746585118, 9.38297952699571 ], [ 78.295047715279765, 9.381678086923829 ], [ 78.296149314821108, 9.381601540753426 ], [ 78.296178374422212, 9.382096288968807 ], [ 78.296267219600452, 9.383608725076744 ], [ 78.296563484879485, 9.385911877629997 ], [ 78.296653372103421, 9.386610578349092 ], [ 78.298201372357241, 9.385643541153453 ], [ 78.29882049843755, 9.385503519778542 ], [ 78.299036948403582, 9.385397560254294 ], [ 78.299161942687178, 9.385336352160296 ], [ 78.299471548846469, 9.385218903599171 ], [ 78.29979475909245, 9.385173727588089 ], [ 78.300082931449069, 9.385139803920211 ], [ 78.300445678347302, 9.38509705456355 ], [ 78.300810868663135, 9.385114993092596 ], [ 78.301001066263282, 9.385124313327964 ], [ 78.302207426434734, 9.384826212795979 ], [ 78.3034912815708, 9.384288573667536 ], [ 78.303830561778895, 9.38427322573043 ], [ 78.303833061790343, 9.384273112284918 ], [ 78.304187819072467, 9.384257051767449 ], [ 78.304187466932859, 9.384249213390916 ], [ 78.304146986151196, 9.383348405132537 ], [ 78.303546170431304, 9.383379954590401 ], [ 78.303473561403536, 9.382317540949176 ], [ 78.304033439099314, 9.382290560261703 ], [ 78.303869907988329, 9.380776095863258 ], [ 78.304060884427869, 9.380742851558857 ], [ 78.304907761280489, 9.380595434669551 ], [ 78.305027460893797, 9.379355565287256 ], [ 78.305035626579709, 9.379270942585258 ], [ 78.304922219665002, 9.377435518800413 ], [ 78.304043642164274, 9.377448884363444 ], [ 78.304043647554195, 9.377448856887854 ], [ 78.304066524949548, 9.376865735860164 ], [ 78.304183294258337, 9.376814949291427 ], [ 78.304398881841735, 9.376721131365089 ], [ 78.30513180470561, 9.376676113783313 ], [ 78.306831941839306, 9.376504824986478 ], [ 78.306928738904404, 9.376495072885067 ], [ 78.30813159744288, 9.376373873997291 ], [ 78.308131640562053, 9.376373869565722 ], [ 78.308118113730472, 9.376034794302624 ], [ 78.30812167465227, 9.375899857379805 ], [ 78.30814872292548, 9.374874927997793 ], [ 78.308150206044019, 9.374818744351975 ], [ 78.307672312194313, 9.374325878934052 ], [ 78.307596221296507, 9.374258352093085 ], [ 78.307203565889182, 9.373909884207256 ], [ 78.306873433225633, 9.373400169425615 ], [ 78.306866809947039, 9.373389942168963 ], [ 78.3068766222449, 9.373162658395364 ], [ 78.306894330734082, 9.372752480981843 ], [ 78.306935655033797, 9.371635918431949 ], [ 78.3069584003768, 9.37102108726949 ], [ 78.306941575829825, 9.371017354060394 ], [ 78.306448590283381, 9.370907954707125 ], [ 78.306539982185413, 9.369461301677159 ], [ 78.30375424270899, 9.369184931175594 ], [ 78.300927564310101, 9.368813573977162 ], [ 78.301082499442103, 9.367954726394839 ], [ 78.301111545568517, 9.367634681397288 ], [ 78.301155531576384, 9.367150029213935 ], [ 78.301451608209206, 9.366254997157426 ], [ 78.302519774252289, 9.36585603442307 ], [ 78.302721753257401, 9.365780593574931 ], [ 78.303950729414453, 9.36571758363592 ], [ 78.305114675629767, 9.365584496041912 ], [ 78.306554521418306, 9.365419849332135 ], [ 78.30825248013744, 9.365022349876066 ], [ 78.307884040615235, 9.363562110352159 ], [ 78.307508000447385, 9.361867995925337 ], [ 78.307447523167525, 9.36159553882694 ], [ 78.307257931930181, 9.360747980608384 ], [ 78.306779066103346, 9.358607216644771 ], [ 78.306629109434667, 9.35730061965906 ], [ 78.30656690289787, 9.356365576570857 ], [ 78.306515728571085, 9.355596345322624 ], [ 78.306765776427056, 9.355583779307503 ], [ 78.307052794448538, 9.355569354581672 ], [ 78.307052841160925, 9.355569352808946 ], [ 78.306850131825499, 9.354293371139111 ], [ 78.306835267402491, 9.354199802404855 ], [ 78.306557348416504, 9.35244996121452 ], [ 78.305765833836503, 9.350329490357941 ], [ 78.307664116864004, 9.349272124621855 ], [ 78.308124041713029, 9.348566964158747 ], [ 78.309130156627901, 9.347319491391691 ], [ 78.309130177289134, 9.347319466572843 ], [ 78.309389698778091, 9.347066333746499 ], [ 78.309389735609003, 9.3470662956318 ], [ 78.309690127748453, 9.346722786421221 ], [ 78.309990637567211, 9.346483277854315 ], [ 78.31048254244034, 9.345154370919431 ], [ 78.309195976188761, 9.344816209208618 ], [ 78.308898585320705, 9.344738051430904 ], [ 78.308858807021593, 9.34429977543949 ], [ 78.308825966411433, 9.343937941694685 ], [ 78.308291777837866, 9.343872978613161 ], [ 78.306181551692106, 9.343616373037465 ], [ 78.306181522047709, 9.343616339354373 ], [ 78.305084900071364, 9.342359362595721 ], [ 78.301780290093561, 9.342548494599715 ], [ 78.295376203128001, 9.342619311709617 ], [ 78.29523100214044, 9.340806444828342 ], [ 78.295217919974945, 9.338424094861194 ], [ 78.295217919974945, 9.338424063836843 ], [ 78.295227613695189, 9.338230826399263 ], [ 78.295259176002702, 9.337601307723395 ], [ 78.29532762313579, 9.336864379371253 ], [ 78.295299025268676, 9.336073461412136 ], [ 78.295294516624281, 9.335948791411823 ], [ 78.295273352316201, 9.335363481363531 ], [ 78.295029824432561, 9.334174470405024 ], [ 78.295023356562524, 9.334142896980142 ], [ 78.294584622971016, 9.33338232396483 ], [ 78.294400004807073, 9.333062279964587 ], [ 78.293952458742638, 9.332145993265117 ], [ 78.293867799713652, 9.331972667689916 ], [ 78.29432372256808, 9.331840435002787 ], [ 78.29445956760199, 9.33180103510386 ], [ 78.294433824580892, 9.331649915246821 ], [ 78.294364024584993, 9.331240397142171 ], [ 78.294364052432769, 9.331240371435758 ], [ 78.294623075356739, 9.330931015804122 ], [ 78.294946841659879, 9.330544322429882 ], [ 78.294935990909551, 9.330246645793331 ], [ 78.294924263403502, 9.329925049432397 ], [ 78.294968044595507, 9.329913797955539 ], [ 78.295434042954227, 9.329794044563494 ], [ 78.295434053733999, 9.32975498925544 ], [ 78.295434275617879, 9.328926101604035 ], [ 78.295434289990922, 9.328926079443177 ], [ 78.295989829722203, 9.327850334073812 ], [ 78.296203504792288, 9.327703865414138 ], [ 78.29669536385137, 9.32736670794689 ], [ 78.297693461302316, 9.326673549868877 ], [ 78.297801590614739, 9.326598450672945 ], [ 78.297815122836184, 9.326139482720524 ], [ 78.297816445156272, 9.326094604856433 ], [ 78.297819980925254, 9.325974588652914 ], [ 78.297847025605208, 9.325956321748951 ], [ 78.298147704307212, 9.325753190911172 ], [ 78.298743976348405, 9.325572516208581 ], [ 78.298744018569238, 9.325572499366183 ], [ 78.299267464190322, 9.325355649709586 ], [ 78.299523850558941, 9.325195450763603 ], [ 78.300164228982254, 9.324795314303033 ], [ 78.300501857188536, 9.324591809595923 ], [ 78.301311354243879, 9.324103880573402 ], [ 78.301311384786615, 9.324103866390253 ], [ 78.302323958588346, 9.323744325308965 ], [ 78.302431069211266, 9.323706292283958 ], [ 78.303691820576518, 9.323543807318204 ], [ 78.304388092176822, 9.323521285337087 ], [ 78.30480234308358, 9.323507879585213 ], [ 78.305288939811732, 9.325605620409345 ], [ 78.305305005282293, 9.325879772179691 ], [ 78.305334284970655, 9.326378741996546 ], [ 78.305382709554351, 9.326691035781762 ], [ 78.305438768919657, 9.327052297063911 ], [ 78.305470482144159, 9.327707852608986 ], [ 78.306194222429198, 9.327590461702158 ], [ 78.306221482704828, 9.327979209565695 ], [ 78.30862005009044, 9.327907381602529 ], [ 78.308613749307028, 9.328130257439161 ], [ 78.308601670559725, 9.328558410289457 ], [ 78.309070470763785, 9.32857660436952 ], [ 78.309073729851633, 9.328596181287203 ], [ 78.309293261937398, 9.329914728708786 ], [ 78.309780191042208, 9.329883171740347 ], [ 78.309780196432101, 9.329883203651896 ], [ 78.310075732279117, 9.331596607281032 ], [ 78.310409927124383, 9.332141021301711 ], [ 78.310517029662449, 9.332315484077215 ], [ 78.310596820720889, 9.332452761230032 ], [ 78.310821890022069, 9.332839954203868 ], [ 78.310900022790548, 9.332871655391823 ], [ 78.311267850560043, 9.33302086358969 ], [ 78.311267852356693, 9.333020891068818 ], [ 78.311374487770806, 9.334592856352282 ], [ 78.311404007309363, 9.33502812630031 ], [ 78.313784499693114, 9.335173256051002 ], [ 78.314307931839522, 9.335078455375148 ], [ 78.316469900047295, 9.334939344369207 ], [ 78.319842610408458, 9.334722298433404 ], [ 78.322200359245898, 9.334279716020379 ], [ 78.323574944225641, 9.333968043320905 ], [ 78.323543231899507, 9.33323566882056 ], [ 78.323543345985541, 9.332480782016072 ], [ 78.323543360358585, 9.332336031420946 ], [ 78.324205842727778, 9.332383898394781 ], [ 78.324358085608864, 9.332394898047138 ], [ 78.324361023099883, 9.33240364706524 ], [ 78.324374700848381, 9.332444391603174 ], [ 78.324421827366507, 9.332584777397262 ], [ 78.324967641936496, 9.334637304095638 ], [ 78.325645825060249, 9.334705269429261 ], [ 78.325791354831225, 9.335125712116527 ], [ 78.326132587078405, 9.335642910281377 ], [ 78.326232795944989, 9.335794794271436 ], [ 78.326412217354999, 9.335923804221434 ], [ 78.327138401955949, 9.33644595360288 ], [ 78.327953081392167, 9.337074416874755 ], [ 78.32835596771227, 9.337561272031662 ], [ 78.328626579801693, 9.33788828441268 ], [ 78.32903342859052, 9.338682776687188 ], [ 78.329149816115361, 9.33891005463223 ], [ 78.329263518575814, 9.339307879984839 ], [ 78.329369147876818, 9.339719171174361 ], [ 78.329431888911188, 9.339963467440839 ], [ 78.329768208272114, 9.342874802044069 ], [ 78.329690707019296, 9.343842243711649 ], [ 78.329435510918429, 9.345858421443113 ], [ 78.331769381637287, 9.345832257836104 ], [ 78.332617109194501, 9.345822746858788 ], [ 78.33303993991052, 9.349263087066785 ], [ 78.333088864855839, 9.349902071594309 ], [ 78.333221664600927, 9.351636468968763 ], [ 78.333116922835416, 9.352320495586184 ], [ 78.333025766291982, 9.35291579314776 ], [ 78.332721239207274, 9.353444882157332 ], [ 78.332661532681925, 9.353548615116884 ], [ 78.332797979587056, 9.353715954040236 ], [ 78.333102931574885, 9.354064050404036 ], [ 78.334104413877796, 9.353679955849575 ], [ 78.334546063400722, 9.353468753034756 ], [ 78.335096724381685, 9.35320541810384 ], [ 78.335469979772114, 9.35344504702249 ], [ 78.335678018812118, 9.353412331925163 ], [ 78.335843192941738, 9.353386356796936 ], [ 78.335897754815463, 9.353842919583679 ], [ 78.336068527245914, 9.353872996801353 ], [ 78.336334751065223, 9.353919886693676 ], [ 78.336397979884794, 9.353861768257389 ], [ 78.336762595278842, 9.35352661714805 ], [ 78.337036354166727, 9.35381425257942 ], [ 78.337472567085555, 9.354272577793786 ], [ 78.337608449848659, 9.354196344676067 ], [ 78.337786728601628, 9.354096325800478 ], [ 78.338191239075783, 9.353967436039291 ], [ 78.338892813431187, 9.353743888023775 ], [ 78.339202427675332, 9.353382282145191 ], [ 78.339257662387226, 9.353116788831537 ], [ 78.339288964183282, 9.352966329707648 ], [ 78.339835161435616, 9.352930295984466 ], [ 78.340328493731761, 9.352958196348943 ], [ 78.341036809943404, 9.352998253315889 ], [ 78.340904669561723, 9.353952058398146 ], [ 78.341466005223211, 9.353788479573762 ], [ 78.342811978861178, 9.35339624604833 ], [ 78.342819466319085, 9.353526253735749 ], [ 78.342852854901579, 9.354106025348518 ], [ 78.342852887240895, 9.354106020916655 ], [ 78.343585624153548, 9.354002114394744 ], [ 78.343778493343365, 9.353984403828241 ], [ 78.343952242790678, 9.3539684491607 ], [ 78.344814612886992, 9.353889259043877 ], [ 78.344928484230735, 9.353328706275953 ], [ 78.345970914439263, 9.353016836123459 ], [ 78.347337351699409, 9.352874495248845 ], [ 78.348615488160391, 9.352741341578088 ], [ 78.349042561619513, 9.352680598392295 ], [ 78.350012885856785, 9.352542581112839 ], [ 78.350263108884221, 9.353993750603962 ], [ 78.351671549570412, 9.353313372925163 ], [ 78.352966964227562, 9.352687581244389 ], [ 78.35301067265604, 9.352833468575241 ], [ 78.353130812443823, 9.353234565572064 ], [ 78.353267405774346, 9.354226584068865 ], [ 78.353412797204768, 9.355282481991127 ], [ 78.353362665822004, 9.355833958771214 ], [ 78.353401634739029, 9.356483776779633 ], [ 78.353444538277017, 9.357199204769424 ], [ 78.353444563429861, 9.357199196792161 ], [ 78.354040814809778, 9.357013955905581 ], [ 78.354652619620566, 9.35676493222225 ], [ 78.355051309909967, 9.356602652357363 ], [ 78.35515896042034, 9.357361072197612 ], [ 78.355251512047431, 9.358013136934197 ], [ 78.355815998998949, 9.357524903727294 ], [ 78.355895952652475, 9.357630376283074 ], [ 78.356093626032433, 9.357891131213602 ], [ 78.356331069626677, 9.357549955844293 ], [ 78.356521509771937, 9.357276315613612 ], [ 78.356818956335559, 9.356946032154276 ], [ 78.356944902833348, 9.356806180909231 ], [ 78.357395550780467, 9.356336094319254 ], [ 78.357473241577793, 9.356055530621838 ], [ 78.35759584813934, 9.355612761712306 ], [ 78.357587791149584, 9.355254808723101 ], [ 78.357582315917895, 9.355011585943572 ], [ 78.358606445647467, 9.354211500713948 ], [ 78.35868449756758, 9.354129827930043 ], [ 78.359029864759989, 9.35376843872718 ], [ 78.359278446565426, 9.352276336398893 ], [ 78.359330368290529, 9.351964681578629 ], [ 78.359401777169097, 9.351818208875351 ], [ 78.359466974197474, 9.351684476883001 ], [ 78.35951247206998, 9.351608297267083 ], [ 78.359626270650168, 9.351417757300714 ], [ 78.359954098236685, 9.350649186985967 ], [ 78.360928087600342, 9.351028991271948 ], [ 78.361142054622917, 9.349989299431462 ], [ 78.361172868633801, 9.349680953197046 ], [ 78.361192196785481, 9.349487540298085 ], [ 78.362657853867063, 9.349193731180483 ], [ 78.362554295182775, 9.347689713928805 ], [ 78.362344086711332, 9.344636833204683 ], [ 78.362312264790717, 9.34381408999346 ], [ 78.362314800734765, 9.343742049899371 ], [ 78.362339640949003, 9.343036524561592 ], [ 78.362330099942369, 9.342818998809918 ], [ 78.362321399758841, 9.342620617375861 ], [ 78.36309524896879, 9.342819590037935 ], [ 78.363136831983297, 9.342534563944543 ], [ 78.363231784807141, 9.341883729778953 ], [ 78.363347440205004, 9.340487154885617 ], [ 78.363418591267106, 9.339627975865934 ], [ 78.364715307583083, 9.339483549118766 ], [ 78.364879639092948, 9.339465248352672 ], [ 78.364693111110739, 9.338249169777884 ], [ 78.364779594618071, 9.33735411300381 ], [ 78.364686864226243, 9.336862751028741 ], [ 78.364629433133487, 9.336558437881754 ], [ 78.364060509402805, 9.336599124317072 ], [ 78.363953459865357, 9.336053283037785 ], [ 78.363787449404214, 9.335206692633621 ], [ 78.363605491151844, 9.333524977736383 ], [ 78.363468109100509, 9.332858008005502 ], [ 78.363287034790375, 9.331978918768982 ], [ 78.362919190851187, 9.331928420825648 ], [ 78.362331214751663, 9.331847707247864 ], [ 78.362486890095425, 9.330931329600013 ], [ 78.362649927132978, 9.329971605704991 ], [ 78.36068365601156, 9.330351308436624 ], [ 78.360691536033229, 9.330316097640656 ], [ 78.360847579686265, 9.32961887492629 ], [ 78.360972075404888, 9.328922631214247 ], [ 78.36102055478581, 9.328651509896744 ], [ 78.361002381867621, 9.327923673423356 ], [ 78.36102835665406, 9.327743328713023 ], [ 78.361052507860464, 9.327575575755798 ], [ 78.361398384397674, 9.327548498631757 ], [ 78.361130038757679, 9.325536731401741 ], [ 78.361109464642723, 9.32548613590339 ], [ 78.360938858400601, 9.325066592858711 ], [ 78.360732189291397, 9.324690656197818 ], [ 78.360714104408103, 9.324657757565541 ], [ 78.360615769427199, 9.32447888443936 ], [ 78.360401911100766, 9.324194028617116 ], [ 78.359619084127885, 9.324270810805059 ], [ 78.359432503145086, 9.323547468347781 ], [ 78.359189684032202, 9.322360563204899 ], [ 78.358809145101432, 9.320500464355664 ], [ 78.356838394979988, 9.321011184723673 ], [ 78.356774801444388, 9.319053741926732 ], [ 78.356204666784734, 9.3190966873288 ], [ 78.355036195755304, 9.319184699413272 ], [ 78.354344763379416, 9.3153510245695 ], [ 78.354233745983365, 9.31441951143627 ], [ 78.35410823966005, 9.313366425725942 ], [ 78.353330382167357, 9.308637671846819 ], [ 78.353224003671414, 9.308643025333801 ], [ 78.353050191342007, 9.308651771401252 ], [ 78.350281138970303, 9.308791115392085 ], [ 78.349255523427274, 9.308945674954485 ], [ 78.348032740255775, 9.309129967137544 ], [ 78.346317839310416, 9.309378334278321 ], [ 78.346130362707257, 9.309405486389588 ], [ 78.346029985855708, 9.308845734405908 ], [ 78.345989310139629, 9.308618942176908 ], [ 78.34588441655886, 9.308206651606737 ], [ 78.34558441608489, 9.30702757700228 ], [ 78.345499147998126, 9.306615237571283 ], [ 78.345484379694852, 9.306543842253932 ], [ 78.345668081577188, 9.30655069926164 ], [ 78.345971266578829, 9.306561972767149 ], [ 78.34586221559492, 9.304957099570599 ], [ 78.3464484714207, 9.304483619605687 ], [ 78.346813587176371, 9.304188702581579 ], [ 78.346750033166629, 9.302484315831377 ], [ 78.346536194603161, 9.301336096215733 ], [ 78.346568057846284, 9.299891641926932 ], [ 78.346577374274119, 9.299468999055216 ], [ 78.346764139411547, 9.297873238583705 ], [ 78.346418735388184, 9.29792614035415 ], [ 78.346145258571283, 9.297968060883704 ], [ 78.346138796091125, 9.297589051667872 ], [ 78.346122595873311, 9.296639071183014 ], [ 78.34486195679743, 9.296724836284875 ], [ 78.344224933581685, 9.295436306145309 ], [ 78.34328764488896, 9.293582723594382 ], [ 78.342850728589269, 9.29375892282029 ], [ 78.342659664114862, 9.293410873567858 ], [ 78.342049835597734, 9.293654905243459 ], [ 78.341508385043383, 9.292633125855247 ], [ 78.340989495677377, 9.292804884951288 ], [ 78.340243651446428, 9.289518518403209 ], [ 78.339970649838335, 9.288315604792521 ], [ 78.339952481411714, 9.287854504987298 ], [ 78.33912881163613, 9.287994544326439 ], [ 78.338955173579905, 9.287457505807417 ], [ 78.338846692127888, 9.28712198419842 ], [ 78.338245956358051, 9.28719880644279 ], [ 78.338018767032793, 9.286582004570219 ], [ 78.337499922582566, 9.285173400699247 ], [ 78.337327797289291, 9.284836669427635 ], [ 78.335898403399099, 9.282040383264748 ], [ 78.335692979354889, 9.282076705340668 ], [ 78.334314687926252, 9.282320431958125 ], [ 78.334250736861179, 9.281991309891193 ], [ 78.334160086069218, 9.281524766300508 ], [ 78.333431987158377, 9.28152459430896 ], [ 78.333236428412604, 9.280552687377408 ], [ 78.332594786957998, 9.28070177339624 ], [ 78.332561707395968, 9.280175479421674 ], [ 78.332517495910963, 9.279472084684006 ], [ 78.331143204680302, 9.279499052050692 ], [ 78.33106144002312, 9.278260309976615 ], [ 78.329700707963354, 9.278468085610628 ], [ 78.329264306398301, 9.275751071763747 ], [ 78.329193916209277, 9.275757796389035 ], [ 78.328886563923021, 9.275787187920532 ], [ 78.328765435090105, 9.275556765943003 ], [ 78.328755483553394, 9.275537836798701 ], [ 78.328622738605546, 9.275285316011495 ], [ 78.328197164434641, 9.275316819392421 ], [ 78.327830853919664, 9.275343964392578 ], [ 78.327838454565281, 9.27564988497703 ], [ 78.32784896844737, 9.276071825164792 ], [ 78.327259404126423, 9.276192898433063 ], [ 78.326793158731007, 9.276288677000974 ], [ 78.325573497205141, 9.276496384650681 ], [ 78.324313319863336, 9.276857825438871 ], [ 78.322501552682553, 9.277377468063637 ], [ 78.322938327048405, 9.278381091697076 ], [ 78.321999840901427, 9.278820531977081 ], [ 78.321017665190595, 9.279280434398732 ], [ 78.320972435016046, 9.279144365141565 ], [ 78.320835792278146, 9.278733352859614 ], [ 78.320084782734341, 9.279121998996175 ], [ 78.320175678766333, 9.279727822438819 ], [ 78.319546927237738, 9.279719482579306 ], [ 78.31844647843829, 9.279704902231313 ], [ 78.317795520555876, 9.280292450058568 ], [ 78.317674501317398, 9.280491564600327 ], [ 78.317012589378407, 9.281580727378959 ], [ 78.317012566920511, 9.281580753089049 ], [ 78.316919011875271, 9.281675836900284 ], [ 78.316530371937262, 9.282070826608058 ], [ 78.3164345127133, 9.282168257877979 ], [ 78.313940796671105, 9.281471664351296 ], [ 78.313731287987281, 9.282479704593522 ], [ 78.312639505235353, 9.282867607193939 ], [ 78.31200173641794, 9.283094216633943 ], [ 78.3120839080119, 9.281760654393562 ], [ 78.309296015273731, 9.28251105838744 ], [ 78.308861795716538, 9.282627936043745 ], [ 78.307873632734328, 9.283014482944358 ], [ 78.307762883934529, 9.283057804235295 ], [ 78.305812440230085, 9.283820756320189 ], [ 78.305688594891777, 9.282245261178325 ], [ 78.305658205783999, 9.281858666442208 ], [ 78.305242051347165, 9.281994353428164 ], [ 78.305048379063507, 9.282057502603438 ], [ 78.30473447716048, 9.281234638613615 ], [ 78.303493955855402, 9.281280331659062 ], [ 78.299855951431269, 9.281414339734397 ], [ 78.295405147744788, 9.281901550805197 ], [ 78.293907822354498, 9.282185936625133 ], [ 78.293907791811762, 9.282185942831006 ], [ 78.293971411398502, 9.282859529828213 ], [ 78.293790922789952, 9.282835925408055 ], [ 78.293174976745689, 9.282755350322562 ], [ 78.292812129236125, 9.282729091560814 ], [ 78.292610737729206, 9.282714518430389 ], [ 78.291310959056418, 9.282736556322625 ], [ 78.289720905070922, 9.282763517232391 ], [ 78.289679847570881, 9.283215583585385 ], [ 78.289051822779328, 9.283229000633773 ], [ 78.28904047885392, 9.283325595565314 ], [ 78.28892865656735, 9.284277784201887 ], [ 78.288888350058855, 9.284270825691483 ], [ 78.288482641232136, 9.284200771596014 ], [ 78.288475351403619, 9.284550250247108 ], [ 78.288473499077512, 9.284639271048198 ], [ 78.287862810872639, 9.284645334139409 ], [ 78.286694102687989, 9.284656892931766 ], [ 78.286703098417263, 9.283342044609624 ], [ 78.286703568236135, 9.283273563954644 ], [ 78.285811196205955, 9.283396987639046 ], [ 78.28494233667999, 9.283517159417169 ], [ 78.284077482741878, 9.284050450330849 ], [ 78.283616756595606, 9.284071790425951 ], [ 78.283512015728405, 9.284076640729463 ], [ 78.283510235267514, 9.284076723178384 ], [ 78.281152063323617, 9.284185947633778 ], [ 78.28097379535042, 9.284194203165018 ], [ 78.280546467668088, 9.282620865795073 ], [ 78.280217969040024, 9.281324688660392 ], [ 78.279987310421149, 9.280414555595478 ], [ 78.279882792336153, 9.280065764336738 ], [ 78.279719068087431, 9.279519384404741 ], [ 78.279337403567624, 9.277854305743091 ], [ 78.27931881472945, 9.277773207326765 ], [ 78.279105577138878, 9.276842908963319 ], [ 78.279041923416159, 9.276653055198532 ], [ 78.278955618673535, 9.276119599658006 ], [ 78.278916046088639, 9.275879193363245 ], [ 78.27886929416799, 9.27559516858209 ], [ 78.278731347974656, 9.275631762615777 ], [ 78.278409619948917, 9.275717117945089 ], [ 78.278275484408994, 9.275137730427247 ], [ 78.277905116203883, 9.273537965309668 ], [ 78.277268083106676, 9.273447332557309 ], [ 78.276950552009907, 9.270070286574521 ], [ 78.276390789298503, 9.270079103645196 ], [ 78.276375261918844, 9.269934744809053 ], [ 78.276254645125618, 9.268813317572173 ], [ 78.276104701931686, 9.268112537656636 ], [ 78.276018078287137, 9.267758473149071 ], [ 78.275813793306696, 9.266923473653602 ], [ 78.275555597731085, 9.266012258827665 ], [ 78.275391056913776, 9.265431562635195 ], [ 78.274468253555, 9.262429496584794 ], [ 78.273697495447976, 9.259957984799922 ], [ 78.273008946664135, 9.257750052393982 ], [ 78.272836231177735, 9.257221117361501 ], [ 78.272836200635027, 9.257221102289018 ], [ 78.272426741342002, 9.257004015250628 ], [ 78.272323100911038, 9.256586424062295 ], [ 78.272244949277948, 9.256271530255319 ], [ 78.272391388144001, 9.25594443540337 ], [ 78.272518134142373, 9.255661322790756 ], [ 78.272459376237961, 9.254785745785519 ], [ 78.272454484911222, 9.254712862801425 ], [ 78.272388325787205, 9.253727027258703 ], [ 78.272337014018149, 9.252962410301928 ], [ 78.272270415617939, 9.252058824182635 ], [ 78.272228396022214, 9.251488699280076 ], [ 78.272186544411426, 9.250922135052564 ], [ 78.272133220416165, 9.250200290290014 ], [ 78.271943053358711, 9.247419973349992 ], [ 78.271861456686523, 9.246298750024552 ], [ 78.271698015407082, 9.243042755753127 ], [ 78.271630893289071, 9.241705598597601 ], [ 78.271615232958737, 9.241348469816472 ], [ 78.271563097434594, 9.240159497075078 ], [ 78.271519883977845, 9.239064600433712 ], [ 78.271485714759379, 9.238198823215676 ], [ 78.271481901411008, 9.238102180411875 ], [ 78.271477276883914, 9.237985045886251 ], [ 78.271405687443973, 9.236542424348157 ], [ 78.271382377060689, 9.236072686934419 ], [ 78.271310159698359, 9.234128741374267 ], [ 78.271297454825273, 9.231145127865609 ], [ 78.271283689940176, 9.23004790581675 ], [ 78.271275280810826, 9.229377482406003 ], [ 78.271267069310781, 9.228929691586934 ], [ 78.271265345443751, 9.22883567881577 ], [ 78.271232789599551, 9.22706033416241 ], [ 78.271203737184948, 9.225476052009013 ], [ 78.271185020785992, 9.225033695234512 ], [ 78.271122443244991, 9.223554674848966 ], [ 78.271078916276224, 9.222848573273545 ], [ 78.271013758773719, 9.221791565860391 ], [ 78.271037498551721, 9.220187477573274 ], [ 78.271060324743104, 9.218645158396315 ], [ 78.270906094788586, 9.217135209165953 ], [ 78.270866777325239, 9.216580697843428 ], [ 78.270697740439914, 9.214196656249637 ], [ 78.270529689006466, 9.213107127060622 ], [ 78.270490012216996, 9.21238691624743 ], [ 78.270470910440793, 9.212040188376811 ], [ 78.270148553594368, 9.209775155909277 ], [ 78.269920490208307, 9.207700663254416 ], [ 78.269830966802047, 9.206886343885671 ], [ 78.269649679591211, 9.204820321336911 ], [ 78.269388528558309, 9.202409659869218 ], [ 78.269385883019822, 9.20238523778878 ], [ 78.269354846226747, 9.20209872403283 ], [ 78.271392928671986, 9.202632829065571 ], [ 78.271936182145112, 9.202772378243427 ], [ 78.272503051428728, 9.20291799097833 ], [ 78.273005580676781, 9.202950984368822 ], [ 78.27354037740983, 9.202986094433557 ], [ 78.274913033706667, 9.203130908117148 ], [ 78.276247426264021, 9.203271674608086 ], [ 78.277171642672712, 9.203396551350826 ], [ 78.278226475022052, 9.203539068181945 ], [ 78.28009188240506, 9.203738444271172 ], [ 78.280622298952792, 9.203787313959257 ], [ 78.282011848068564, 9.203915333161115 ], [ 78.282819057114878, 9.204118743747355 ], [ 78.283035528640468, 9.204173293011081 ], [ 78.284964452303953, 9.204770615588592 ], [ 78.286684191575432, 9.205214038784822 ], [ 78.288291845354024, 9.205728591700689 ], [ 78.288394759047904, 9.205761530737435 ], [ 78.288398424174261, 9.20576110332628 ], [ 78.28839842058099, 9.205761071403472 ], [ 78.290111437759236, 9.205561327568601 ], [ 78.290405883949788, 9.205526986568133 ], [ 78.292171284587184, 9.205346595837106 ], [ 78.293418508222587, 9.20529694336753 ], [ 78.294428020565846, 9.205256748041659 ], [ 78.295810273564882, 9.205113114601913 ], [ 78.295998424802818, 9.205093563608486 ], [ 78.296120566935357, 9.20508086539375 ], [ 78.295848081858551, 9.203358367847303 ], [ 78.295729801583406, 9.202851652147384 ], [ 78.29561166503872, 9.202345730252782 ], [ 78.295280007934124, 9.200519271818845 ], [ 78.295216975845591, 9.200201560368004 ], [ 78.295071002306884, 9.199465861698199 ], [ 78.294833025113377, 9.198474338325546 ], [ 78.294420992147053, 9.19675781734519 ], [ 78.2942168113712, 9.19494490920847 ], [ 78.294216806879604, 9.194944876397894 ], [ 78.293798700403656, 9.192743255225132 ], [ 78.293130772447199, 9.189397600671626 ], [ 78.293040313894707, 9.188772494803706 ], [ 78.292993909622083, 9.188451951048133 ], [ 78.292982642951785, 9.188374125591945 ], [ 78.292976359236391, 9.18833072526261 ], [ 78.29264477399704, 9.186472629098851 ], [ 78.292482404407735, 9.185761141561242 ], [ 78.292453906253641, 9.185636269238314 ], [ 78.291808763166074, 9.181969718598902 ], [ 78.291372693079381, 9.179415379172616 ], [ 78.290909873858482, 9.177866994678935 ], [ 78.290822690563544, 9.177575335291509 ], [ 78.290608822355637, 9.177090213938543 ], [ 78.290569786064964, 9.177001667028499 ], [ 78.289981554843862, 9.175667330134953 ], [ 78.289647212674893, 9.174919304228006 ], [ 78.289144933158511, 9.17379554595998 ], [ 78.288290131368456, 9.171987025441393 ], [ 78.287918224349255, 9.171418847381416 ], [ 78.287730750441042, 9.17113244071866 ], [ 78.287730738762917, 9.171132415887383 ], [ 78.287728715756913, 9.171119854800914 ], [ 78.287576364179685, 9.17017398260616 ], [ 78.28733570102348, 9.168352113558308 ], [ 78.287211545766382, 9.168048978627496 ], [ 78.287085640591087, 9.167741658438418 ], [ 78.286442604052837, 9.167696081051131 ], [ 78.286189438144504, 9.167678151797691 ], [ 78.286071175835687, 9.167542547655337 ], [ 78.285984818092487, 9.167253130585273 ], [ 78.285675746430769, 9.166154556593034 ], [ 78.285138959929384, 9.166054931153154 ], [ 78.285101116601382, 9.165450320833314 ], [ 78.285057464766794, 9.164752970936911 ], [ 78.284948432647496, 9.164106393576407 ], [ 78.284842273340502, 9.164104271345826 ], [ 78.284493523092678, 9.164097306030536 ], [ 78.284411860843477, 9.16361143726302 ], [ 78.284293641653761, 9.162908279307191 ], [ 78.284238565943667, 9.162573246715116 ], [ 78.284207407878043, 9.162383838761171 ], [ 78.284175836587394, 9.162339166163997 ], [ 78.284175440430374, 9.162338603898672 ], [ 78.284089139281022, 9.162216534658887 ], [ 78.28375705727332, 9.162148629119756 ], [ 78.283006416038745, 9.162360924234646 ], [ 78.282395408931933, 9.162417610148328 ], [ 78.282278459061743, 9.162428467010077 ], [ 78.282100513583742, 9.162447641670898 ], [ 78.282069222567443, 9.162451014374886 ], [ 78.281796835406993, 9.160213187647452 ], [ 78.281632409574001, 9.16013396274022 ], [ 78.281505731847602, 9.160072955682887 ], [ 78.281250781885106, 9.16007288207353 ], [ 78.281046328919714, 9.1600728262014 ], [ 78.280877940618026, 9.159977872806392 ], [ 78.280811066435007, 9.159723777655518 ], [ 78.280755332259844, 9.159512151431699 ], [ 78.280356988720143, 9.158590584733185 ], [ 78.279668706735976, 9.156998349611166 ], [ 78.278704907860913, 9.155031530051167 ], [ 78.27791828909919, 9.153797102239405 ], [ 78.27777558093652, 9.153452672589101 ], [ 78.277204538978424, 9.152074472623834 ], [ 78.276978636938978, 9.151562342847443 ], [ 78.276668041734538, 9.15085829190968 ], [ 78.276668076768857, 9.150858283040842 ], [ 78.276779454389342, 9.150838020436892 ], [ 78.277214014408045, 9.150758958400521 ], [ 78.276691487763443, 9.148733483716038 ], [ 78.275677002346782, 9.148710594916256 ], [ 78.275265555082044, 9.148684118653572 ], [ 78.274971990138781, 9.148665235923398 ], [ 78.274676702226785, 9.147254616605469 ], [ 78.274671790238827, 9.147215782288056 ], [ 78.274458850888919, 9.145532174371043 ], [ 78.274312903401324, 9.144439604072279 ], [ 78.274311007956086, 9.144425418131272 ], [ 78.27430907657822, 9.144410960798737 ], [ 78.274268717967459, 9.144108828046063 ], [ 78.274264362036632, 9.144076220305804 ], [ 78.274159298674277, 9.143289763206441 ], [ 78.274097896129661, 9.142845989439767 ], [ 78.273982256003151, 9.142010328598676 ], [ 78.273946065575288, 9.141485909561807 ], [ 78.27436461581901, 9.141232863714613 ], [ 78.276093460414188, 9.14057338874311 ], [ 78.278411276442299, 9.139669486354549 ], [ 78.278850466377961, 9.139498205302798 ], [ 78.279100533996868, 9.139413632143421 ], [ 78.280292693600316, 9.139010423562656 ], [ 78.28114439081277, 9.138712483098292 ], [ 78.28237182456246, 9.138283065422351 ], [ 78.283908319194097, 9.137719444569033 ], [ 78.284009583581138, 9.137682298785123 ], [ 78.284009617717132, 9.137682284594467 ], [ 78.28494244357951, 9.137366222437418 ], [ 78.28591574573197, 9.137036406579936 ], [ 78.28786290968732, 9.136304556600155 ], [ 78.28864072855248, 9.136154449124179 ], [ 78.289009357619207, 9.136083299581076 ], [ 78.291834520560215, 9.135216033393363 ], [ 78.293528683897236, 9.134742111937907 ], [ 78.295579075956852, 9.134168474771291 ], [ 78.295628584807076, 9.134154623678432 ], [ 78.296465417596551, 9.13464759879216 ], [ 78.297325519446773, 9.134584503982872 ], [ 78.297693651745163, 9.134557482985926 ], [ 78.298655738431307, 9.134489543786056 ], [ 78.300500457613325, 9.134359239662009 ], [ 78.301573967734043, 9.134269029768912 ], [ 78.303398197242771, 9.134102213557812 ], [ 78.304544565224603, 9.134002948101253 ], [ 78.305720403337659, 9.133910792205238 ], [ 78.305809128141647, 9.133903837828818 ], [ 78.30889796278818, 9.133633189109808 ], [ 78.310006364372853, 9.133550967571599 ], [ 78.312300560997215, 9.133380764740936 ], [ 78.312806221772306, 9.13336593356421 ], [ 78.313678919799457, 9.133340335991244 ], [ 78.31440341556771, 9.133215259878156 ], [ 78.31524840056835, 9.133069379080659 ], [ 78.318933173981122, 9.131890154780494 ], [ 78.321016392277812, 9.131104493848433 ], [ 78.32135343837578, 9.130977381441888 ], [ 78.320730581592088, 9.128621962617975 ], [ 78.321659743226419, 9.128397773933024 ], [ 78.321764260413104, 9.128372555612934 ], [ 78.323632935867124, 9.127921678392749 ], [ 78.328332067135804, 9.127009262088249 ], [ 78.332494316681689, 9.126150885836918 ], [ 78.333203987552764, 9.12584363323329 ], [ 78.336438418445624, 9.124442604588152 ], [ 78.339281520742844, 9.12350720736549 ], [ 78.341242077680761, 9.123430591681876 ], [ 78.341847055295375, 9.123466779270229 ], [ 78.342515934567729, 9.122241723590705 ], [ 78.34306193239405, 9.121093509628942 ], [ 78.343202929266084, 9.120813293336415 ], [ 78.344299208984324, 9.120510517934907 ], [ 78.345577475701006, 9.120280105685779 ], [ 78.346973998438344, 9.119678961025821 ], [ 78.34849794180883, 9.118720667685849 ], [ 78.349416870733776, 9.118178280868717 ], [ 78.350326606300101, 9.117554473366154 ], [ 78.351341034224575, 9.117563616204786 ], [ 78.35246002514981, 9.117654121247659 ], [ 78.354479630147992, 9.117771870279487 ], [ 78.355698647581775, 9.117970884725603 ], [ 78.356376392327704, 9.118056856391755 ], [ 78.356294635755347, 9.116723170339338 ], [ 78.356176435430271, 9.115380502274258 ], [ 78.3571999399324, 9.115303759783364 ], [ 78.357691238442769, 9.115068658303175 ], [ 78.35809606512386, 9.114702510951018 ], [ 78.358146156082412, 9.114490046399496 ], [ 78.357955141913649, 9.114268536365916 ], [ 78.357081867168063, 9.112704254048749 ], [ 78.356499749880811, 9.111483672620414 ], [ 78.356199606574705, 9.110538764919923 ], [ 78.356086935380191, 9.109912812650462 ], [ 78.356084120958414, 9.109897180438484 ], [ 78.356067773416868, 9.109806359437439 ], [ 78.356149778822541, 9.108224098726268 ], [ 78.356313379103753, 9.106495538429972 ], [ 78.356400072816882, 9.105579506084217 ], [ 78.356400076410125, 9.10557946439544 ], [ 78.356538705323118, 9.103656520426437 ], [ 78.356545754403129, 9.103558744646122 ], [ 78.356673511006207, 9.099720617013874 ], [ 78.356800929842734, 9.098613033013159 ], [ 78.35904485943874, 9.100369487902229 ], [ 78.359261484576237, 9.100539050972001 ], [ 78.359340975597391, 9.100589637010557 ], [ 78.36012113098063, 9.101086100946034 ], [ 78.360121173201463, 9.101086101833067 ], [ 78.360302269969452, 9.101104687273931 ], [ 78.361267334570755, 9.101203709081542 ], [ 78.362263367693174, 9.101485403426645 ], [ 78.362354434405106, 9.101511155848593 ], [ 78.362354474829303, 9.101511170927679 ], [ 78.363277880957625, 9.101942727065119 ], [ 78.364105611118276, 9.102329564421442 ], [ 78.365401850428867, 9.103147863794257 ], [ 78.365401873785046, 9.103147838958236 ], [ 78.36542462182301, 9.103124600415475 ], [ 78.366702814877854, 9.101818814345398 ], [ 78.368394936344231, 9.100340587406455 ], [ 78.369027235319905, 9.09955857717512 ], [ 78.369461441402379, 9.099357164642694 ], [ 78.369504791403045, 9.099337055226915 ], [ 78.369504830928918, 9.099337039260709 ], [ 78.369636596713107, 9.099296820425742 ], [ 78.370200785423918, 9.099124616135148 ], [ 78.371073110650258, 9.099284272772715 ], [ 78.371115008973405, 9.099291940980056 ], [ 78.372344649883772, 9.099635090650326 ], [ 78.373075391638181, 9.099839004392518 ], [ 78.373471628628536, 9.099910602003133 ], [ 78.374126110601793, 9.100028859815609 ], [ 78.374949347389446, 9.100160049286412 ], [ 78.375355199946583, 9.100214882374747 ], [ 78.375886407910073, 9.10028665021567 ], [ 78.376514090443493, 9.100268596050258 ], [ 78.376222987782413, 9.099450288315825 ], [ 78.376222975205977, 9.099450253722395 ], [ 78.376577715420112, 9.099391494608774 ], [ 78.378706481894994, 9.098731560019207 ], [ 78.379009388418908, 9.098649374794409 ], [ 78.380439467723676, 9.09826135461751 ], [ 78.381945004613968, 9.098030831337152 ], [ 78.382986612863988, 9.098107708814691 ], [ 78.383246743410723, 9.098107722119879 ], [ 78.383527867585613, 9.098107735425081 ], [ 78.384025190198273, 9.096996409431339 ], [ 78.384260207442907, 9.096471211980594 ], [ 78.384742311696314, 9.095110461320306 ], [ 78.384801098346827, 9.09495313657378 ], [ 78.384887333020842, 9.094722330863361 ], [ 78.386379782355789, 9.095838285289584 ], [ 78.386866477898621, 9.096240618359573 ], [ 78.387516907571651, 9.096701754893092 ], [ 78.387944455341227, 9.097009168274457 ], [ 78.388472102382948, 9.097357257262271 ], [ 78.388940556735633, 9.097691730237033 ], [ 78.389968525864688, 9.098555193593956 ], [ 78.390587120142385, 9.098975620417137 ], [ 78.391324047695832, 9.099436746329651 ], [ 78.391928995666007, 9.099888783351734 ], [ 78.392447505044657, 9.10032279136313 ], [ 78.393211691077056, 9.100874271379647 ], [ 78.393993999722014, 9.101498154126602 ], [ 78.394630838783129, 9.101981872327757 ], [ 78.395972732273094, 9.102890456867263 ], [ 78.395998602854945, 9.102907861615099 ], [ 78.396042538557182, 9.102937419171615 ], [ 78.39671865914903, 9.103392273317834 ], [ 78.397132587560591, 9.103677023427307 ], [ 78.397733018801574, 9.104025107700279 ], [ 78.398397184613614, 9.104594712237148 ], [ 78.398961188271485, 9.105073932726032 ], [ 78.399738989170345, 9.105593769851705 ], [ 78.400257574007469, 9.10597804782803 ], [ 78.403264257721275, 9.108070989397518 ], [ 78.40384195260242, 9.10842352828071 ], [ 78.404383292663965, 9.108767086958162 ], [ 78.404988278363433, 9.109128766435227 ], [ 78.405602339742202, 9.109427087288724 ], [ 78.406130053259233, 9.109761563165172 ], [ 78.407089814207083, 9.110331167430102 ], [ 78.40805869036015, 9.110936837241866 ], [ 78.40870470571187, 9.111348230684492 ], [ 78.409227816261392, 9.111646587825016 ], [ 78.410383230278129, 9.112220603577086 ], [ 78.411206528151197, 9.1126003331017 ], [ 78.411925213616158, 9.112916675313725 ], [ 78.412402908938176, 9.113174349095123 ], [ 78.413831247307897, 9.11394731167071 ], [ 78.414791054069866, 9.114367644110702 ], [ 78.415286850444829, 9.114598113394058 ], [ 78.415764490969593, 9.11474278304483 ], [ 78.416674273248333, 9.115045534067997 ], [ 78.41801616134839, 9.115502074011552 ], [ 78.418743956628646, 9.115777787779884 ], [ 78.419312618051265, 9.115958540639975 ], [ 78.420795557820611, 9.116451171923311 ], [ 78.421618873659966, 9.116659034607235 ], [ 78.422210225628348, 9.116866895396184 ], [ 78.422696989443168, 9.116984422945976 ], [ 78.424270885431653, 9.117472500019757 ], [ 78.425207903731447, 9.11764867528194 ], [ 78.425790206970007, 9.11784749466451 ], [ 78.426208658399005, 9.1179469358015 ], [ 78.4270729598732, 9.118209044319615 ], [ 78.427741664872372, 9.118439519993087 ], [ 78.428760591559822, 9.11868807270147 ], [ 78.429406600623338, 9.118868754018088 ], [ 78.430521005649055, 9.11907658425071 ], [ 78.431112361210722, 9.119230232568876 ], [ 78.431731041726664, 9.119365793915875 ], [ 78.43223141771297, 9.1194561299793 ], [ 78.432627157934959, 9.119555480198201 ], [ 78.433359561572615, 9.119776907125312 ], [ 78.434273848902492, 9.120052558165943 ], [ 78.435038106800135, 9.12022880932013 ], [ 78.435647703551936, 9.120382372881249 ], [ 78.436034288144569, 9.120481792025084 ], [ 78.437262540259511, 9.120694130610637 ], [ 78.437767486873966, 9.120761827638569 ], [ 78.438231427192335, 9.120874766563906 ], [ 78.438772792406766, 9.121051038599008 ], [ 78.43923225462342, 9.121227297242704 ], [ 78.439332190402155, 9.121258596152297 ], [ 78.439428203238023, 9.121288665738041 ], [ 78.439823634439591, 9.121412506956984 ], [ 78.440296698047987, 9.121520989612069 ], [ 78.440756097382589, 9.121679123983723 ], [ 78.441270143032568, 9.121801085609937 ], [ 78.441802411008084, 9.12193208437365 ], [ 78.442107188722758, 9.12203147736404 ], [ 78.442443809019267, 9.122126401852654 ], [ 78.443007904305276, 9.122230254392296 ], [ 78.44348553135535, 9.122356805814045 ], [ 78.443963199727889, 9.122487820338897 ], [ 78.44441351619669, 9.122623351179032 ], [ 78.444923054100542, 9.122804070416194 ], [ 78.445327917612602, 9.122948739402103 ], [ 78.445710005238894, 9.123066200201748 ], [ 78.446433306247798, 9.123310133994659 ], [ 78.447138405592383, 9.123454701663045 ], [ 78.447893482707826, 9.123563040898176 ], [ 78.448475826370554, 9.123698580199378 ], [ 78.448889788918095, 9.123825131100354 ], [ 78.450531929020414, 9.124272351288234 ], [ 78.451064176334654, 9.124358152029163 ], [ 78.451069617430349, 9.124359988012406 ], [ 78.451144271023708, 9.12438517823386 ], [ 78.451532757349796, 9.124516263856627 ], [ 78.45200581826326, 9.124642827771748 ], [ 78.454271327188962, 9.125270784434962 ], [ 78.4549353923897, 9.12534292508089 ], [ 78.4553812487231, 9.125428748624907 ], [ 78.456791378242031, 9.125654509956266 ], [ 78.457414603335025, 9.125749311969402 ], [ 78.458106094101382, 9.125835127433145 ], [ 78.458524571581535, 9.125911894267814 ], [ 78.460467052619322, 9.126273106695855 ], [ 78.46142683512673, 9.126422072402201 ], [ 78.461799871328253, 9.126458170992745 ], [ 78.462968985551427, 9.126625199212318 ], [ 78.463846924349951, 9.126760672603188 ], [ 78.46459752605864, 9.126968397127506 ], [ 78.46502966421933, 9.127085906272294 ], [ 78.46557554526467, 9.127207771147317 ], [ 78.466285277221189, 9.127424683231181 ], [ 78.466808401245416, 9.127582712987664 ], [ 78.467276974175718, 9.127817714868733 ], [ 78.467536351934214, 9.12798948669044 ], [ 78.467877520401018, 9.128016477142396 ], [ 78.468468773554719, 9.127907827057175 ], [ 78.469323963417025, 9.12781729091148 ], [ 78.469956263290996, 9.127749242220304 ], [ 78.470506688015007, 9.127735556735823 ], [ 78.471148041110439, 9.12772642125333 ], [ 78.471630275619546, 9.127780543218465 ], [ 78.472767485277089, 9.127902339561771 ], [ 78.473340685886853, 9.127924770264075 ], [ 78.47393204414341, 9.127978901068506 ], [ 78.474550721964434, 9.128105354661381 ], [ 78.474951003170204, 9.128163937872046 ], [ 78.475733444765837, 9.128254217604438 ], [ 78.476474901624911, 9.128240423045863 ], [ 78.477457424085458, 9.128167899828417 ], [ 78.478071489057484, 9.128099887568636 ], [ 78.479413378954163, 9.128040766862243 ], [ 78.480218511993854, 9.127977296595077 ], [ 78.480773466921889, 9.127968083068096 ], [ 78.481169211635461, 9.127931808129446 ], [ 78.481487708421128, 9.127954328410762 ], [ 78.481578622419477, 9.12797690368089 ], [ 78.488156593579632, 9.1289651665939 ], [ 78.488363613031794, 9.129014819096261 ], [ 78.488570631585631, 9.129064470704758 ], [ 78.488966407740264, 9.129249710940316 ], [ 78.489266647166104, 9.129407867606757 ], [ 78.489566952168943, 9.129543353244518 ], [ 78.489940012624956, 9.129669885219784 ], [ 78.490313036250072, 9.129791774932816 ], [ 78.490645158681957, 9.129900194727874 ], [ 78.490968171298562, 9.130004054760317 ], [ 78.491318437902578, 9.130112488681796 ], [ 78.491664208438593, 9.130229890358352 ], [ 78.492028122248385, 9.130397109275727 ], [ 78.492505875062591, 9.130618470935412 ], [ 78.49299266043694, 9.130835286929528 ], [ 78.493333828005433, 9.130979857755962 ], [ 78.49367047255646, 9.131110902816518 ], [ 78.494134569181725, 9.131291591144846 ], [ 78.494603115162519, 9.131467684193382 ], [ 78.495149100412476, 9.131675483138341 ], [ 78.495713210071543, 9.13185169573277 ], [ 78.496081691814538, 9.131937462720547 ], [ 78.496454754965526, 9.132023188002028 ], [ 78.497100704740234, 9.132181253858189 ], [ 78.497755775110036, 9.132334772361405 ], [ 78.498033299735596, 9.132393415188185 ], [ 78.498269868370755, 9.132452159115191 ], [ 78.498506410056393, 9.13248823137428 ], [ 78.498902691962527, 9.13251135802664 ], [ 78.499785047777323, 9.132819106885256 ], [ 78.500435403788487, 9.133086010730993 ], [ 78.501240519760202, 9.133402750748619 ], [ 78.502091050061097, 9.133705954232889 ], [ 78.502732331291284, 9.133873497020891 ], [ 78.503901359276156, 9.134109009170919 ], [ 78.505270533702998, 9.134358140763727 ], [ 78.506535049009315, 9.134525821605079 ], [ 78.507954197613685, 9.134738770013522 ], [ 78.509136878194241, 9.134933593154575 ], [ 78.510224059775283, 9.135105710107521 ], [ 78.511347578209552, 9.135273381727872 ], [ 78.512643980115215, 9.135459196122021 ], [ 78.513913013049063, 9.135744413777919 ], [ 78.514640838872069, 9.135934502879087 ], [ 78.5156960709717, 9.136156408328421 ], [ 78.516423916557628, 9.136260620418295 ], [ 78.51709259730228, 9.136328592983379 ], [ 78.5180114426839, 9.136360535357223 ], [ 78.519176000651939, 9.13642878196101 ], [ 78.520472335183953, 9.136614525686046 ], [ 78.521732343642455, 9.136795770868776 ], [ 78.523101580053066, 9.136967970292309 ], [ 78.524611778301349, 9.137153765177356 ], [ 78.525889967762922, 9.137289730352803 ], [ 78.527086330583586, 9.1374347402448 ], [ 78.528610168851188, 9.137656785779198 ], [ 78.529788310244626, 9.13786959927898 ], [ 78.530902734134969, 9.138077814000983 ], [ 78.532158214186154, 9.138213845342275 ], [ 78.533591101624481, 9.13832269272814 ], [ 78.534334614727285, 9.138327487383483 ], [ 78.534402479752046, 9.13832792463193 ], [ 78.535051350848079, 9.138332107316787 ], [ 78.536857225080581, 9.138495394293333 ], [ 78.538217472050121, 9.138405285668791 ], [ 78.539782346258193, 9.138089306636264 ], [ 78.541015186967613, 9.137899759702906 ], [ 78.542198014871886, 9.137759852422761 ], [ 78.543053200242596, 9.137687790564492 ], [ 78.543985711694617, 9.137719614856719 ], [ 78.545309507724866, 9.137851054776625 ], [ 78.546310175255812, 9.138014062595619 ], [ 78.547392830226102, 9.13811828035043 ], [ 78.54865287371895, 9.138127640842725 ], [ 78.548908613300569, 9.138124026667466 ], [ 78.549005466959557, 9.138122658158879 ], [ 78.549908439110126, 9.138109897237346 ], [ 78.55094107768204, 9.138092001968717 ], [ 78.552101082089877, 9.137848146582776 ], [ 78.553761599027936, 9.137581818364817 ], [ 78.555244598086091, 9.137396758956362 ], [ 78.555244595391173, 9.137405773570386 ], [ 78.555317349047684, 9.137396787337661 ], [ 78.555312818843731, 9.13738326275543 ], [ 78.556632047839074, 9.137157509739225 ], [ 78.558019531728007, 9.136940742824402 ], [ 78.559529879096658, 9.136724051165686 ], [ 78.559529874605062, 9.13673315626238 ], [ 78.559602630058251, 9.136724077773239 ], [ 78.56106743643528, 9.13650735405367 ], [ 78.562682442924427, 9.136191276663482 ], [ 78.563737819652815, 9.135951890051153 ], [ 78.564747718271619, 9.135662762129705 ], [ 78.566135255161186, 9.135192867005072 ], [ 78.567245283594843, 9.134772633604054 ], [ 78.567231640880607, 9.134745451201477 ], [ 78.56984749456376, 9.133588614899123 ], [ 78.576184604040066, 9.131008353991877 ], [ 78.57619366804127, 9.131035490559047 ], [ 78.576257352306698, 9.13100837173053 ], [ 78.57757198013114, 9.130845846745613 ], [ 78.578249759012991, 9.130999665606979 ], [ 78.578872959851481, 9.13142463434602 ], [ 78.57889564500735, 9.131392996634009 ], [ 78.578945662304037, 9.131429202926837 ], [ 78.579696140045229, 9.132206853288293 ], [ 78.58077405819904, 9.133314649723816 ], [ 78.582297751837899, 9.134811259077967 ], [ 78.584026123919259, 9.136321424019844 ], [ 78.585272384560696, 9.137406523014382 ], [ 78.586573328348408, 9.138441997676656 ], [ 78.587928742381692, 9.139350812233799 ], [ 78.589029543320777, 9.139956715697938 ], [ 78.589015885335201, 9.139983893268349 ], [ 78.59040782666456, 9.140693823745083 ], [ 78.591986270823313, 9.141552969390647 ], [ 78.592004465301102, 9.141521282911331 ], [ 78.592059023581541, 9.141552979146617 ], [ 78.592040831798712, 9.141584575158717 ], [ 78.592937013584063, 9.142071681099322 ], [ 78.593014267800186, 9.142113670696389 ], [ 78.593037040990936, 9.142082030386019 ], [ 78.593087022355036, 9.142113678678527 ], [ 78.593073366166095, 9.142140768280786 ], [ 78.594792872773937, 9.142900423958647 ], [ 78.596275773915693, 9.143583268885529 ], [ 78.597276484565796, 9.144270515068611 ], [ 78.59729925685825, 9.144238874949938 ], [ 78.597349329850502, 9.144270523050707 ], [ 78.600729103664776, 9.146156010071525 ], [ 78.601593344053526, 9.146571950779476 ], [ 78.602785214399432, 9.147046735400412 ], [ 78.603740504432167, 9.147413040213587 ], [ 78.605396321384646, 9.147996372806062 ], [ 78.605391739078399, 9.148014449389146 ], [ 78.607256860797179, 9.148588665559711 ], [ 78.609540485148912, 9.149325774355685 ], [ 78.611892356309426, 9.150103508024239 ], [ 78.614271473372511, 9.151025812435975 ], [ 78.614280588577699, 9.151003228871099 ], [ 78.614344230622336, 9.151025812435975 ], [ 78.61550424580993, 9.151432789065456 ], [ 78.615499711114396, 9.151446313113874 ], [ 78.616609693733963, 9.151663372734536 ], [ 78.617942633715501, 9.151998020948993 ], [ 78.619748567236797, 9.152463672349041 ], [ 78.619753146848112, 9.152445595992019 ], [ 78.61982141611476, 9.152463668801527 ], [ 78.619816881419212, 9.15247728238546 ], [ 78.623069455585878, 9.153155522893352 ], [ 78.624866438293708, 9.153621201157726 ], [ 78.624870928073506, 9.15360312397268 ], [ 78.624939198238465, 9.153621194949588 ], [ 78.62493919913679, 9.15363021092644 ], [ 78.625985516355527, 9.153756867373426 ], [ 78.627168294852453, 9.153973838670032 ], [ 78.627172828649705, 9.153960314717731 ], [ 78.627241053898885, 9.15397383068815 ], [ 78.62724109971299, 9.153978383015888 ], [ 78.62848755708545, 9.154095894777242 ], [ 78.62985228664823, 9.154317464307816 ], [ 78.629852284851609, 9.154308448348369 ], [ 78.629925046593016, 9.154317455439056 ], [ 78.631310688037289, 9.154504503287729 ], [ 78.631463770843169, 9.154525168323257 ], [ 78.632973088742503, 9.154728907009117 ], [ 78.632973091437435, 9.154737922957892 ], [ 78.634719915813079, 9.154954924696337 ], [ 78.63543418965169, 9.154995557632374 ], [ 78.637076460009695, 9.155203577864857 ], [ 78.639178181804624, 9.155515441697053 ], [ 78.640720383433262, 9.155669163872879 ], [ 78.642080546859475, 9.155800235319862 ], [ 78.645283254646401, 9.156044285044347 ], [ 78.64717569413294, 9.156310910735527 ], [ 78.649181955555861, 9.156577528244858 ], [ 78.651147188224826, 9.156749279983373 ], [ 78.653408229828685, 9.157061114079802 ], [ 78.655955806160335, 9.157413572580465 ], [ 78.657074901290159, 9.157693786683334 ], [ 78.657648198917968, 9.158123156987127 ], [ 78.657670892158691, 9.158294944340183 ], [ 78.657534500050787, 9.158615993361954 ], [ 78.657229727726005, 9.158819398016472 ], [ 78.65700224824495, 9.158869193573846 ], [ 78.65677473732282, 9.158819453888805 ], [ 78.656383529999715, 9.158688354288671 ], [ 78.656074187046812, 9.158507595616053 ], [ 78.656051382414987, 9.158543711351314 ], [ 78.655569149702501, 9.158322209196056 ], [ 78.654782138377044, 9.158136907818291 ], [ 78.653940508583958, 9.158240934324454 ], [ 78.652998888214938, 9.158467012745904 ], [ 78.652989764026614, 9.158444431427416 ], [ 78.652926036642029, 9.158467034030622 ], [ 78.651952554826522, 9.158959891213224 ], [ 78.651274716655848, 9.159357724089549 ], [ 78.651297497931438, 9.159389363750094 ], [ 78.650701539402263, 9.159791725340536 ], [ 78.649891763869206, 9.160474398600707 ], [ 78.64905023378914, 9.161523304066925 ], [ 78.648304233251338, 9.162418417185098 ], [ 78.647708298078371, 9.163177937315222 ], [ 78.647576343647955, 9.163566693872157 ], [ 78.647526274248975, 9.163969087979114 ], [ 78.647499024753145, 9.164380450331308 ], [ 78.647116953296504, 9.165058551058353 ], [ 78.646557400790854, 9.166066772301111 ], [ 78.646225280155591, 9.166428443267048 ], [ 78.645747594715075, 9.166663472705462 ], [ 78.644892322207767, 9.166871497635498 ], [ 78.644887825241469, 9.166853422011391 ], [ 78.644819554178198, 9.166871516259171 ], [ 78.644828635247379, 9.166898562293545 ], [ 78.643918780205155, 9.167287456672119 ], [ 78.643259161665043, 9.167884157685496 ], [ 78.642813289161992, 9.168422115284532 ], [ 78.642563138898069, 9.169027921321067 ], [ 78.642308384768342, 9.169755807203087 ], [ 78.64219920263038, 9.170442958442209 ], [ 78.642076375981603, 9.172016185287839 ], [ 78.642053695317287, 9.173277482703556 ], [ 78.642208434616578, 9.1746788644289 ], [ 78.642431384791976, 9.175754878818484 ], [ 78.642586033361425, 9.176509836109661 ], [ 78.643018303574451, 9.177698746321859 ], [ 78.643577871351454, 9.179204112318944 ], [ 78.64411020131071, 9.180406666804119 ], [ 78.644556071118842, 9.181057654705574 ], [ 78.645188555147442, 9.181902998063876 ], [ 78.645693541287784, 9.182508752699736 ], [ 78.646553432033926, 9.183326989288593 ], [ 78.647153978259269, 9.184095515336711 ], [ 78.648077574830438, 9.185035774220964 ], [ 78.64807308235568, 9.185379360920743 ], [ 78.648191347359443, 9.185822415561205 ], [ 78.648382523224981, 9.186260900884946 ], [ 78.648650930848731, 9.186889215166078 ], [ 78.648992232266181, 9.187440733122617 ], [ 78.649337927343709, 9.187621608300875 ], [ 78.649688311627017, 9.187689411417086 ], [ 78.650034023772548, 9.187757170180769 ], [ 78.649547206058827, 9.186866614373335 ], [ 78.649237836156445, 9.185948917747332 ], [ 78.649092186909527, 9.185419984166227 ], [ 78.649192313131095, 9.185221048251428 ], [ 78.649306015591549, 9.185225615253954 ], [ 78.649733725057914, 9.185528510257992 ], [ 78.650270589712719, 9.185944309961574 ], [ 78.650934847152925, 9.186473278231665 ], [ 78.651594524981803, 9.186993094903636 ], [ 78.652286154987053, 9.187535533734135 ], [ 78.653473661317321, 9.188358292865814 ], [ 78.655079708908161, 9.189348227075337 ], [ 78.656481050208654, 9.190184516983594 ], [ 78.657532039565197, 9.190763113928387 ], [ 78.658815061963026, 9.191423007366602 ], [ 78.659670485387267, 9.19180269578607 ], [ 78.66137212719903, 9.192661520907913 ], [ 78.663801764615386, 9.193615236928661 ], [ 78.664729868932653, 9.193895411793051 ], [ 78.665507951004187, 9.194134972175467 ], [ 78.666340541050559, 9.194171034623752 ], [ 78.667113951882612, 9.194288494941429 ], [ 78.667896531818784, 9.194415056177581 ], [ 78.668851998819619, 9.194559576300351 ], [ 78.670157798899766, 9.194902998575314 ], [ 78.670658238666434, 9.195011446385385 ], [ 78.671490880815085, 9.195052122619099 ], [ 78.672296183636377, 9.195029414161144 ], [ 78.673178817030561, 9.194934395636379 ], [ 78.674084183191354, 9.194943328980296 ], [ 78.674662000243345, 9.194974901618654 ], [ 78.675649288266484, 9.19512851535783 ], [ 78.676477445126892, 9.195367948097386 ], [ 78.677769570153473, 9.19571590630504 ], [ 78.678368455393837, 9.195923187035646 ], [ 78.678474769211064, 9.195959982660295 ], [ 78.678866110383126, 9.196014169606643 ], [ 78.679430285619233, 9.195977922011272 ], [ 78.679957983864881, 9.195855797844187 ], [ 78.680358350410614, 9.195810517592525 ], [ 78.681491207730588, 9.195679300423899 ], [ 78.682105447874079, 9.195679218841017 ], [ 78.683065413637834, 9.195701638170153 ], [ 78.684184699210505, 9.195656341050139 ], [ 78.685290231576147, 9.195601888017862 ], [ 78.686172858682127, 9.195506877627682 ], [ 78.686796224810649, 9.195434454157802 ], [ 78.687210163103671, 9.195235447606255 ], [ 78.687742466113477, 9.195090751291836 ], [ 78.687997271447173, 9.195054544393418 ], [ 78.688816240338866, 9.194973033189669 ], [ 78.689571413574058, 9.194977441334199 ], [ 78.690081019749897, 9.194981891156985 ], [ 78.690713456167813, 9.194909446297135 ], [ 78.691468660843995, 9.194651624236228 ], [ 78.69220113544857, 9.19447974630507 ], [ 78.692865391092155, 9.194357587036876 ], [ 78.693870840355387, 9.194194650306725 ], [ 78.695108294812073, 9.193896084855188 ], [ 78.696946293697479, 9.193484387844979 ], [ 78.698675108648274, 9.19299577663541 ], [ 78.699548563955219, 9.192715343006677 ], [ 78.700281008017072, 9.192457536196594 ], [ 78.701263704750787, 9.192091226433801 ], [ 78.702082520030572, 9.19174295961087 ], [ 78.703256304594902, 9.191213758892943 ], [ 78.703611090623085, 9.191091662346125 ], [ 78.704125205443333, 9.191005663112414 ], [ 78.704753039792024, 9.19101007307991 ], [ 78.705431029778012, 9.191041544975915 ], [ 78.70624995465225, 9.191145369401921 ], [ 78.707078020782845, 9.191213022864206 ], [ 78.707942423766681, 9.191267076633148 ], [ 78.708620342785721, 9.191257909972911 ], [ 78.70942566716657, 9.191180888557538 ], [ 78.710376471911061, 9.190995376439552 ], [ 78.711004300869874, 9.190864142410831 ], [ 78.711959677140825, 9.190542955856939 ], [ 78.712701197780333, 9.190212764605905 ], [ 78.714516330050145, 9.18932630128389 ], [ 78.715348838349797, 9.189154323221086 ], [ 78.716204189010512, 9.189312343266723 ], [ 78.717255199028315, 9.189542662894931 ], [ 78.718137963576552, 9.189944830665207 ], [ 78.718684079980505, 9.190600176430769 ], [ 78.719030090366701, 9.191531370224974 ], [ 78.719025674248741, 9.192101023572592 ], [ 78.718720975585853, 9.192905802441274 ], [ 78.718289062003976, 9.193913971991037 ], [ 78.716024095660686, 9.197576287929376 ], [ 78.715892423301298, 9.198674870948182 ], [ 78.71611100856272, 9.199352991201554 ], [ 78.716534290233014, 9.200031006404245 ], [ 78.717535529990855, 9.201414063896713 ], [ 78.718878106200421, 9.20301860187757 ], [ 78.719478826698889, 9.203624297330521 ], [ 78.720206903151833, 9.204080700428229 ], [ 78.72073484573923, 9.204510021645211 ], [ 78.721408339657202, 9.205138245891327 ], [ 78.721959020401101, 9.205617324665193 ], [ 78.722586940988066, 9.205874868276817 ], [ 78.723911048733697, 9.206177440569313 ], [ 78.724916614777925, 9.206489092854586 ], [ 78.72546722635154, 9.206918427995069 ], [ 78.726013449654999, 9.20769129395646 ], [ 78.726659789298537, 9.208798721795402 ], [ 78.727114873126538, 9.209151212201393 ], [ 78.727510775045289, 9.209332006229197 ], [ 78.727827511133, 9.209440065658276 ], [ 78.727932787396099, 9.209475982894864 ], [ 78.728093249862027, 9.209530728187204 ], [ 78.728821223008708, 9.209688788788846 ], [ 78.729672145873394, 9.210023042613416 ], [ 78.730400242089274, 9.21042520660933 ], [ 78.73102369984592, 9.210831966968446 ], [ 78.731647151314334, 9.211279348909374 ], [ 78.732179587274814, 9.211636269606172 ], [ 78.73260279528327, 9.211889351241084 ], [ 78.733330851074939, 9.212069981596423 ], [ 78.734186313126756, 9.212223444259392 ], [ 78.735164644048169, 9.212453716160935 ], [ 78.736092882214407, 9.212688533278939 ], [ 78.73666626518218, 9.212891783638682 ], [ 78.737621756437491, 9.212995492583149 ], [ 78.73827691663881, 9.212850708656344 ], [ 78.73893657200982, 9.212705782793776 ], [ 78.739714552571755, 9.212583516320544 ], [ 78.740469819231706, 9.212438631137816 ], [ 78.741175125188832, 9.212492677229292 ], [ 78.741875875789134, 9.212673288654862 ], [ 78.742653985708458, 9.213075392883509 ], [ 78.743482324028577, 9.213658300882621 ], [ 78.744633654304053, 9.21439032558111 ], [ 78.74571212402347, 9.214851154593616 ], [ 78.746817792933044, 9.214855326622189 ], [ 78.747750460691933, 9.214710366113202 ], [ 78.748829842201332, 9.214648213940908 ], [ 78.74882983321821, 9.21467044940233 ], [ 78.749603164998518, 9.214987206149063 ], [ 78.750176388964476, 9.215231565365167 ], [ 78.750690465157177, 9.215457807819707 ], [ 78.751095315194476, 9.215598082591013 ], [ 78.751427427744915, 9.215702178237573 ], [ 78.751705054778412, 9.215688734672366 ], [ 78.752128191819949, 9.215603000342664 ], [ 78.752610508974087, 9.215521804228503 ], [ 78.753297559368008, 9.215458751290669 ], [ 78.75381173437539, 9.215422744216847 ], [ 78.754462394017139, 9.215499815329036 ], [ 78.755422275339257, 9.215830147013543 ], [ 78.756359385267231, 9.2164272477143 ], [ 78.757259928373244, 9.217327247988333 ], [ 78.757282762649467, 9.217205123216218 ], [ 78.764270152678449, 9.22138473743505 ], [ 78.764277776680245, 9.221387107599996 ], [ 78.776840831811356, 9.225294538270054 ], [ 78.777059186205761, 9.225362452091375 ], [ 78.787896653134553, 9.228670167970888 ], [ 78.790308538942568, 9.229151098138814 ], [ 78.791357073203443, 9.22936017607141 ], [ 78.794343919420839, 9.229955724347002 ], [ 78.794629760649286, 9.230191797778152 ], [ 78.794867413550975, 9.230728846666674 ], [ 78.795035232320771, 9.230945902027464 ], [ 78.796145264347686, 9.231782574955316 ], [ 78.797337220033583, 9.232542342560166 ], [ 78.798802180920816, 9.233663833122144 ], [ 78.801258978899796, 9.235025174626646 ], [ 78.804175452894469, 9.236083636409647 ], [ 78.805590408163098, 9.23666262012971 ], [ 78.807142013356113, 9.236902523903002 ], [ 78.808575264612173, 9.236993271589196 ], [ 78.809744710313637, 9.237074908754158 ], [ 78.811218990323653, 9.237161064351431 ], [ 78.812247325067034, 9.237116033229423 ], [ 78.814845561889172, 9.237211491717812 ], [ 78.816205980436919, 9.237550868335273 ], [ 78.817648355881289, 9.238030310089853 ], [ 78.819149791064007, 9.238478171805978 ], [ 78.821329329420436, 9.239039095615757 ], [ 78.821961659837115, 9.239739898891211 ], [ 78.822102747439018, 9.23987100215294 ], [ 78.822325615867726, 9.240056453131515 ], [ 78.822653350029483, 9.239626980978704 ], [ 78.822655681157627, 9.239355760431865 ], [ 78.831983079195496, 9.243578948055195 ], [ 78.832077666405013, 9.243621774138985 ], [ 78.8332230444434, 9.244140346963663 ], [ 78.84967032233655, 9.2514697183009 ], [ 78.849818695275388, 9.25153583696987 ], [ 78.853066151739895, 9.251923765775183 ], [ 78.856111975948963, 9.251744302252192 ], [ 78.8563712602827, 9.252309447437092 ], [ 78.856767089437895, 9.253028224577475 ], [ 78.857467817580329, 9.253715441735833 ], [ 78.858377898998043, 9.254117864432249 ], [ 78.859292567213586, 9.254289738136958 ], [ 78.860020606835619, 9.254628795949319 ], [ 78.860616719874983, 9.255085471723092 ], [ 78.861099010079684, 9.255401916404663 ], [ 78.861499432320954, 9.255429071810285 ], [ 78.862541517576403, 9.255166954852772 ], [ 78.863597284173608, 9.254592917004764 ], [ 78.864279839397852, 9.254303609355208 ], [ 78.865877148177617, 9.25400984706962 ], [ 78.866869140677849, 9.253892325063495 ], [ 78.867742804393956, 9.253978263754725 ], [ 78.868457216573105, 9.254082302846825 ], [ 78.869080625820715, 9.254312866586599 ], [ 78.869708553594222, 9.2547514503638 ], [ 78.870086243967194, 9.25522161236688 ], [ 78.870313736024713, 9.255524470361387 ], [ 78.870782490414697, 9.25599464285685 ], [ 78.871333002275293, 9.256415102069909 ], [ 78.872311346671466, 9.256998286822901 ], [ 78.873303427206622, 9.257183728774784 ], [ 78.873913123671429, 9.257233413834651 ], [ 78.874882390591623, 9.257260593037399 ], [ 78.875838065103252, 9.257134057007116 ], [ 78.876456931570488, 9.256993854628085 ], [ 78.877421579353495, 9.256790487844635 ], [ 78.878745841609359, 9.256401714141649 ], [ 78.879287308333403, 9.256216412749572 ], [ 78.880688882297576, 9.255881816162221 ], [ 78.881335044972985, 9.25575529470823 ], [ 78.882477269924749, 9.255488554270181 ], [ 78.883332717603494, 9.255258031199256 ], [ 78.884547676448889, 9.254955144603393 ], [ 78.885735354357379, 9.254701953803666 ], [ 78.886317864208394, 9.254575355675586 ], [ 78.887241599120117, 9.25438097962256 ], [ 78.88801970814113, 9.254254393791623 ], [ 78.888747765729434, 9.254114194697404 ], [ 78.888929812016727, 9.253965060151453 ], [ 78.89560375918181, 9.251570450118724 ], [ 78.89569633506342, 9.251537234298823 ], [ 78.901665768585474, 9.253178093646948 ], [ 78.908824125081026, 9.255947139591111 ], [ 78.910335958263147, 9.256531958269747 ], [ 78.91615270603468, 9.258781673703602 ], [ 78.918267444418078, 9.261495008247907 ], [ 78.920210800414935, 9.264003808426008 ], [ 78.921207516256956, 9.264953059895774 ], [ 78.922017551403187, 9.265771210808694 ], [ 78.922054869216709, 9.265790381633296 ], [ 78.923205334414533, 9.266381382985003 ], [ 78.924179288743915, 9.266964468743179 ], [ 78.924602500345614, 9.266991531936327 ], [ 78.926522918760014, 9.267714594963975 ], [ 78.928898510833903, 9.268356239398312 ], [ 78.930664160304659, 9.268704145071663 ], [ 78.932379791580331, 9.26903396759467 ], [ 78.933403776681146, 9.269300508019581 ], [ 78.934145544357321, 9.269594207872371 ], [ 78.935014765904342, 9.269702655756804 ], [ 78.936593880206289, 9.269923874407047 ], [ 78.938446059896748, 9.270140605920783 ], [ 78.940339165034928, 9.270497477604968 ], [ 78.942505337358241, 9.270980862282638 ], [ 78.945108457422236, 9.271676636165356 ], [ 78.947274719577095, 9.272164505303746 ], [ 78.948990411039929, 9.272485113038465 ], [ 78.952130455047552, 9.272873328128496 ], [ 78.953923460913614, 9.273148723413906 ], [ 78.955243198355404, 9.273284135384792 ], [ 78.956808720248802, 9.273324447068736 ], [ 78.958997704390455, 9.273703797262398 ], [ 78.95917972282993, 9.273780602942058 ], [ 78.960353873008572, 9.273861667704972 ], [ 78.961054685592643, 9.273870568018346 ], [ 78.962947824866774, 9.274019319092899 ], [ 78.964836347698707, 9.274172654573068 ], [ 78.965983184601129, 9.274240167094606 ], [ 78.967129953231563, 9.274280608108352 ], [ 78.967313838370259, 9.274280555800543 ], [ 78.967409473913705, 9.27428052920337 ], [ 78.96753046979596, 9.274280496400184 ], [ 78.968231259922135, 9.274244169083982 ], [ 78.96928696004403, 9.274162555620769 ], [ 78.96981033739317, 9.27413082428693 ], [ 78.970338233268194, 9.274108054431116 ], [ 78.971116406967894, 9.274098801267705 ], [ 78.971698829682367, 9.274094196406949 ], [ 78.972577135891839, 9.274112010320209 ], [ 78.97301404320838, 9.274139027747083 ], [ 78.973450884049569, 9.274175154708685 ], [ 78.974139715802707, 9.274253031264999 ], [ 78.974251434783014, 9.274265662266307 ], [ 78.974288259421456, 9.274269825611608 ], [ 78.975125659047833, 9.274373600701246 ], [ 78.975958433248834, 9.274495467151038 ], [ 78.977214546612302, 9.274680497360615 ], [ 78.97784255343754, 9.274761664757943 ], [ 78.978470512652066, 9.274824788638366 ], [ 78.978925672836851, 9.274851832607453 ], [ 78.979353390388042, 9.274869744005082 ], [ 78.980158888143734, 9.274874126326308 ], [ 78.980864221050297, 9.274855812425603 ], [ 78.981478579771448, 9.274823977425632 ], [ 78.982557112372902, 9.274742340159845 ], [ 78.985792586209826, 9.274438524393151 ], [ 78.99007470065898, 9.274071111815287 ], [ 78.992222585079745, 9.273880573888786 ], [ 78.994361392024544, 9.273676543086737 ], [ 78.995348875880381, 9.273576745850455 ], [ 78.995840287578446, 9.273513343361074 ], [ 78.996366182007023, 9.273423012037821 ], [ 78.997130638432367, 9.272547910181524 ], [ 78.997308026056587, 9.272557948006476 ], [ 78.997358458374919, 9.272490433388112 ], [ 78.997617846014919, 9.272482849606904 ], [ 78.997740919700419, 9.272442862313557 ], [ 78.998082486120879, 9.272386022952144 ], [ 78.998442018847058, 9.272369962601527 ], [ 78.998778931096027, 9.272331175721336 ], [ 78.999120290903988, 9.272310493639065 ], [ 78.999479772426213, 9.27230347283078 ], [ 78.999821158285329, 9.272278270087153 ], [ 79.000162517194951, 9.272257586228607 ], [ 79.00049937913829, 9.272227837110604 ], [ 79.000840892558159, 9.272180034603572 ], [ 79.001182226315009, 9.272163869627324 ], [ 79.001519140360614, 9.272125080951199 ], [ 79.001860473219125, 9.272108915085845 ], [ 79.002201936333364, 9.272070150341271 ], [ 79.002543399447589, 9.272031385592408 ], [ 79.00290293217374, 9.272015321679264 ], [ 79.003239947729, 9.271958452104922 ], [ 79.003581460250544, 9.271910646014895 ], [ 79.00382456592601, 9.271857050559049 ], [ 79.003900908352108, 9.271840220633813 ], [ 79.003941354099453, 9.271831303423971 ], [ 79.004282969927289, 9.271765418198047 ], [ 79.004624380040894, 9.271735690316213 ], [ 79.004961395596169, 9.271678818036847 ], [ 79.005302857812069, 9.27164005058501 ], [ 79.005644243671185, 9.271614841587724 ], [ 79.005981156818478, 9.271576048418011 ], [ 79.0063224905753, 9.271559878981058 ], [ 79.0066639527912, 9.271521109742933 ], [ 79.007005467109394, 9.27147330004702 ], [ 79.007365128294666, 9.271434632756028 ], [ 79.007702041441959, 9.271395836906672 ], [ 79.008043503657859, 9.271357065877307 ], [ 79.008403113639162, 9.271327437257836 ], [ 79.008744498599953, 9.271302224691739 ], [ 79.009086012918146, 9.271254414079447 ], [ 79.009423027575082, 9.271197538175789 ], [ 79.009764438587013, 9.271167804926348 ], [ 79.010105952006882, 9.271119993409162 ], [ 79.010442839103035, 9.271085714653841 ], [ 79.010784251013291, 9.271055981394937 ], [ 79.011125713229205, 9.271017207668272 ], [ 79.011467046986027, 9.271001032886067 ], [ 79.011826656967315, 9.270971399803617 ], [ 79.012163621318578, 9.270923559002505 ], [ 79.012504955973739, 9.270907384215986 ], [ 79.01286451475103, 9.270886789821368 ], [ 79.013205849406162, 9.27087061326 ], [ 79.013547261316432, 9.270840877323119 ], [ 79.013884097208631, 9.270815634578328 ], [ 79.014225738189268, 9.270745218729891 ], [ 79.014567124048384, 9.270720001689083 ], [ 79.014904163858148, 9.270658600585339 ], [ 79.015245829991613, 9.270583664023876 ], [ 79.015587292207513, 9.270544885812107 ], [ 79.015929085901789, 9.270447350243426 ], [ 79.016289027361381, 9.270358955313922 ], [ 79.016625965661532, 9.270315629794846 ], [ 79.016967656947827, 9.27023617336075 ], [ 79.01732737023535, 9.270188453921298 ], [ 79.017668984266578, 9.27012255508826 ], [ 79.018010777960797, 9.270025017629056 ], [ 79.018347969585861, 9.269936493151972 ], [ 79.018689609668186, 9.269866072694287 ], [ 79.019031046731271, 9.269831810661598 ], [ 79.019367907776314, 9.269802042719723 ], [ 79.019709598164269, 9.269722582623043 ], [ 79.020050780105819, 9.269733518638494 ], [ 79.02039221716889, 9.269699254819733 ], [ 79.020752005016618, 9.269637974112907 ], [ 79.02108912028487, 9.269563006303107 ], [ 79.0214306328064, 9.269515183041735 ], [ 79.021790344297301, 9.269467460844512 ], [ 79.022131857717198, 9.269419635796927 ], [ 79.022473242677989, 9.269394409795035 ], [ 79.022810486405319, 9.269296841989652 ], [ 79.023152352863121, 9.269185738656223 ], [ 79.023494195964687, 9.269079155988656 ], [ 79.023831387589752, 9.268990625953553 ], [ 79.024173000722641, 9.268924718916375 ], [ 79.02451484292591, 9.268818135282951 ], [ 79.024856507262754, 9.268743188576181 ], [ 79.025216573588182, 9.268632184365286 ], [ 79.025553536142823, 9.268584330833137 ], [ 79.025895098071743, 9.268527463362746 ], [ 79.026255037734728, 9.268439057310752 ], [ 79.026596778428356, 9.268350549278942 ], [ 79.026938569427671, 9.268253001574969 ], [ 79.027275682899301, 9.268178028149899 ], [ 79.027617473000262, 9.26808048039795 ], [ 79.027959212795594, 9.267991971389188 ], [ 79.02829645382802, 9.267894396987893 ], [ 79.028638192725012, 9.267805886159001 ], [ 79.028979804959562, 9.267739975353084 ], [ 79.029321316582809, 9.267692143864087 ], [ 79.0296811789907, 9.267617294441772 ], [ 79.030017988831744, 9.267596555340058 ], [ 79.030359449251037, 9.2675577617263 ], [ 79.030718982875513, 9.26754166835099 ], [ 79.031060443294777, 9.267502874731164 ], [ 79.031401726745926, 9.267495719951658 ], [ 79.031738689300596, 9.267447860058526 ], [ 79.032080250331177, 9.267390986197892 ], [ 79.032421862565727, 9.267325071767731 ], [ 79.032758949986203, 9.26725461266286 ], [ 79.033100865851338, 9.26713445925207 ], [ 79.033442578697233, 9.267050463639148 ], [ 79.033784267288567, 9.266970987847701 ], [ 79.034144178205452, 9.266887093267108 ], [ 79.034481089556166, 9.266848271204054 ], [ 79.034822549975431, 9.266809473961308 ], [ 79.035100136584759, 9.266801963644451 ], [ 79.035182537249113, 9.266712017148148 ], [ 79.035332579257783, 9.266730924603625 ], [ 79.035523896158793, 9.266691298384554 ], [ 79.035865734768791, 9.266584703434056 ], [ 79.03620292280057, 9.266496158584525 ], [ 79.036544635646436, 9.266412161045777 ], [ 79.036886272135504, 9.266341722149361 ], [ 79.037223283199182, 9.266284817965445 ], [ 79.037564844229777, 9.266227937710291 ], [ 79.037906405260358, 9.266171058332539 ], [ 79.038248015698315, 9.266105136580666 ], [ 79.038607751443706, 9.266052877221403 ], [ 79.038944634946631, 9.266018569600348 ], [ 79.039286321741343, 9.265939088255781 ], [ 79.039646132046926, 9.265873268418625 ], [ 79.039987769434319, 9.265802824981153 ], [ 79.040329279260945, 9.265754981702566 ], [ 79.040666239120654, 9.265707113592841 ], [ 79.041007899864255, 9.265632151149934 ], [ 79.041349409690852, 9.265584306074894 ], [ 79.041686496213003, 9.26551383775481 ], [ 79.042028105752621, 9.265447914106346 ], [ 79.042369842853006, 9.265359390248516 ], [ 79.042711502698268, 9.265284425071604 ], [ 79.043071213290872, 9.265236679247897 ], [ 79.043408172252256, 9.26518880840773 ], [ 79.043749582365862, 9.265159041845415 ], [ 79.044109291161831, 9.265111295118061 ], [ 79.044450573714698, 9.265104126104285 ], [ 79.044791857165862, 9.26509695797697 ], [ 79.045128717312579, 9.265067164809009 ], [ 79.045370438684145, 9.26506208727414 ], [ 79.04553724056106, 9.265046565638826 ], [ 79.045646939230309, 9.265036359145867 ], [ 79.045950587762619, 9.265008104216944 ], [ 79.046942689857374, 9.264732580195391 ], [ 79.047857458684234, 9.264339498434637 ], [ 79.04869029217403, 9.264041329276829 ], [ 79.049381995841102, 9.263991764870363 ], [ 79.050082811120134, 9.263901514437533 ], [ 79.05082458867777, 9.263775106695663 ], [ 79.051639189062243, 9.263589943954599 ], [ 79.052153443121369, 9.263436357377577 ], [ 79.052685869200388, 9.263404833425305 ], [ 79.053595982059122, 9.263436682759783 ], [ 79.054073754636249, 9.263613098390188 ], [ 79.054851874437034, 9.263762454925129 ], [ 79.055834788563047, 9.263830480129652 ], [ 79.056635707605722, 9.263771884794217 ], [ 79.057586808794255, 9.263650028807533 ], [ 79.058383201226263, 9.263482929587713 ], [ 79.059220581988029, 9.263144051430737 ], [ 79.060057965444727, 9.262791607055146 ], [ 79.060494905100612, 9.26238935121788 ], [ 79.061081999054537, 9.26205493694145 ], [ 79.061960340298342, 9.261661809627521 ], [ 79.062893234432693, 9.261535415265417 ], [ 79.063766942166225, 9.26154010806477 ], [ 79.065227675581752, 9.26154491080306 ], [ 79.066160533783489, 9.261590296100238 ], [ 79.067279990934338, 9.261504611952438 ], [ 79.069177655920896, 9.261089052006142 ], [ 79.070165111030661, 9.261188685223152 ], [ 79.070906825706246, 9.261342521032269 ], [ 79.071662143570194, 9.26178116342016 ], [ 79.072271874170966, 9.262052512967397 ], [ 79.072458430899289, 9.262147480604737 ], [ 79.072494247627986, 9.262321907345765 ], [ 79.07273891188045, 9.262378857388459 ], [ 79.07305730176661, 9.262398658772668 ], [ 79.073380338637705, 9.262400403606685 ], [ 79.073717026307904, 9.262402222915311 ], [ 79.074040111688007, 9.262394927948682 ], [ 79.074358773763706, 9.262365007767343 ], [ 79.074677582264783, 9.262307967288937 ], [ 79.074996390765847, 9.26225092768788 ], [ 79.075319924405306, 9.26216227092047 ], [ 79.075638732008073, 9.262105230409139 ], [ 79.075939440354489, 9.262030010082556 ], [ 79.076258274008396, 9.261968448757314 ], [ 79.076558884438441, 9.261911308914893 ], [ 79.076881872800527, 9.261922090017954 ], [ 79.07720045941771, 9.26190572863 ], [ 79.077518798099888, 9.261934565420599 ], [ 79.077841835869322, 9.2619363058239 ], [ 79.078178622354201, 9.261920041076436 ], [ 79.078501834396775, 9.261890142133163 ], [ 79.078820913290755, 9.26178337815748 ], [ 79.079139993083047, 9.26167661414938 ], [ 79.079459123180996, 9.261560809400093 ], [ 79.07978297482407, 9.261413388274811 ], [ 79.080102227092908, 9.261274982979019 ], [ 79.080402834827979, 9.261217838590809 ], [ 79.080721397190672, 9.261205994425945 ], [ 79.081021464139994, 9.261248289059935 ], [ 79.081344009632659, 9.261340427757114 ], [ 79.081661906343697, 9.261450620369091 ], [ 79.081947830217175, 9.261583242273227 ], [ 79.082238749621922, 9.261634528805606 ], [ 79.082561566405801, 9.261676944852832 ], [ 79.082879635593386, 9.261755498000504 ], [ 79.083038038222369, 9.261796872273226 ], [ 79.083148880446956, 9.261825822558091 ], [ 79.083197683221414, 9.261838570151575 ], [ 79.0835206715835, 9.261849345937259 ], [ 79.083839013858935, 9.261878177412834 ], [ 79.084157601374443, 9.261861808930002 ], [ 79.084457989022297, 9.261845342033391 ], [ 79.084776650199672, 9.261815412052586 ], [ 79.085077259731406, 9.261758264205854 ], [ 79.085400667606748, 9.261692198882496 ], [ 79.08571955066796, 9.261621587924878 ], [ 79.086038236099867, 9.261587138014317 ], [ 79.086361398735121, 9.261566269998832 ], [ 79.086680109319801, 9.261527300171339 ], [ 79.086998695937027, 9.261510929012339 ], [ 79.087298985668525, 9.261512538200215 ], [ 79.087617523776686, 9.261505205977702 ], [ 79.087917765897473, 9.261515856762294 ], [ 79.088240901583262, 9.261499508654515 ], [ 79.088559343571717, 9.261510255192606 ], [ 79.088877833170841, 9.261511961907052 ], [ 79.089200773922215, 9.261531773092765 ], [ 79.089519043434123, 9.261574159894447 ], [ 79.089837435116891, 9.261593946251732 ], [ 79.090160205188397, 9.261645395917775 ], [ 79.090478302223758, 9.261719422070662 ], [ 79.090796425310288, 9.261788928299785 ], [ 79.091119024701825, 9.261872017288407 ], [ 79.09143714689003, 9.261941522600731 ], [ 79.091755049889301, 9.262051707931374 ], [ 79.092073001397594, 9.262152853420638 ], [ 79.092395501974465, 9.262254021932421 ], [ 79.092713553195779, 9.262337085986182 ], [ 79.093031677180591, 9.262406590319911 ], [ 79.093354448150379, 9.262458037207143 ], [ 79.093672497575028, 9.262541100326086 ], [ 79.093990671865512, 9.262601563050938 ], [ 79.09431334671558, 9.262671091270569 ], [ 79.094631397038555, 9.262754152565948 ], [ 79.094949522820002, 9.262823655043928 ], [ 79.095272076397492, 9.262915781802143 ], [ 79.09559024978968, 9.262976243575894 ], [ 79.09590830190929, 9.263059304799112 ], [ 79.096230928250307, 9.263137870936717 ], [ 79.096548980369931, 9.263220931235107 ], [ 79.096867155558698, 9.26328139295634 ], [ 79.097185379256516, 9.26333281311746 ], [ 79.09750825083762, 9.263366175885016 ], [ 79.097826646113688, 9.263385955935171 ], [ 79.098144919218853, 9.263428336306967 ], [ 79.098467645272848, 9.263488819270897 ], [ 79.098785551865404, 9.26359899791006 ], [ 79.099103777359844, 9.263650417138106 ], [ 79.099426332733984, 9.263742541019701 ], [ 79.099744459413742, 9.263812038869132 ], [ 79.100062612144654, 9.263877016823578 ], [ 79.100385338198691, 9.263937498823671 ], [ 79.100703345402522, 9.264029596032001 ], [ 79.101021472980605, 9.264099093824667 ], [ 79.101344029253042, 9.264191214928784 ], [ 79.101662206238473, 9.264251672050007 ], [ 79.101980384122214, 9.26431212916086 ], [ 79.102302989802013, 9.264395209573321 ], [ 79.102621217093088, 9.264446625138449 ], [ 79.102939517147689, 9.264484480189196 ], [ 79.103257742642171, 9.264535894854621 ], [ 79.103580447136608, 9.26460089395351 ], [ 79.103898747191252, 9.264638748987629 ], [ 79.10421702388966, 9.26468112388868 ], [ 79.104539704129621, 9.264750641944188 ], [ 79.104857979929704, 9.264793015945118 ], [ 79.105176182966289, 9.264848950434207 ], [ 79.105498912613584, 9.264909426947373 ], [ 79.105817043784938, 9.264978921019578 ], [ 79.106135102192738, 9.265061974676474 ], [ 79.106458051028952, 9.265081770589862 ], [ 79.106776060029432, 9.265173863065197 ], [ 79.107094094182742, 9.26526143742611 ], [ 79.107416751066467, 9.265335472569497 ], [ 79.107734884034443, 9.265404964784219 ], [ 79.108052943340596, 9.26548801656717 ], [ 79.108370857119624, 9.265598188373065 ], [ 79.108693270559939, 9.265717423797811 ], [ 79.109011282255366, 9.265809515219873 ], [ 79.109297128873706, 9.265960198938162 ], [ 79.109592464396414, 9.266038608386452 ], [ 79.109910620720584, 9.266103577949615 ], [ 79.110229119302886, 9.266105266909873 ], [ 79.11054739779793, 9.266147636314406 ], [ 79.110870177750883, 9.266199069354837 ], [ 79.111188094224872, 9.266309239164475 ], [ 79.111446714703604, 9.266446215949525 ], [ 79.111705310927789, 9.266587711640993 ], [ 79.112013837312148, 9.26675207424841 ], [ 79.11232710590285, 9.266880299317714 ], [ 79.11263570415241, 9.267031099606523 ], [ 79.11294435180929, 9.267172861039517 ], [ 79.113262049992684, 9.267323709965154 ], [ 79.113570771311444, 9.26745191000119 ], [ 79.113879468375671, 9.267584629824045 ], [ 79.11417913826962, 9.267703741338401 ], [ 79.114446788613577, 9.267854324945906 ], [ 79.114687017883469, 9.268027364001664 ], [ 79.11495902505655, 9.268214131787168 ], [ 79.115226458008209, 9.268405396245116 ], [ 79.115494109250506, 9.268555978665118 ], [ 79.115784462716647, 9.268715721234479 ], [ 79.116074863793457, 9.268866423210499 ], [ 79.116392735351724, 9.268985629154749 ], [ 79.116692166293802, 9.269149940990895 ], [ 79.116991984409751, 9.269241928668785 ], [ 79.117278006199584, 9.269360966034348 ], [ 79.117568724381712, 9.269452906667979 ], [ 79.117891365095787, 9.269531455416715 ], [ 79.118209551962707, 9.269591898319778 ], [ 79.118527740626234, 9.269652342099043 ], [ 79.118850526867377, 9.269703768419967 ], [ 79.119168643665674, 9.269777771596312 ], [ 79.119486879041588, 9.269829173074534 ], [ 79.119809715588417, 9.269871558874799 ], [ 79.120128001269961, 9.269913921618791 ], [ 79.12044626269703, 9.269960803274113 ], [ 79.120768928563933, 9.270034827674234 ], [ 79.121105486876715, 9.270063724085006 ], [ 79.121428153641943, 9.270137749349995 ], [ 79.121976416121086, 9.27057006119616 ], [ 79.122953399569582, 9.270814782573606 ], [ 79.123407585980601, 9.270970864308714 ], [ 79.124857610579625, 9.27124971343069 ], [ 79.125220110441148, 9.27136099874631 ], [ 79.125613545586148, 9.271483441632544 ], [ 79.126350756108877, 9.271641683664118 ], [ 79.126591942084588, 9.271727583437013 ], [ 79.126887733951463, 9.271885813832998 ], [ 79.127078862206233, 9.271940066239155 ], [ 79.127411064588216, 9.271958155987711 ], [ 79.128353061351334, 9.271931047075336 ], [ 79.128944652271571, 9.271962700589169 ], [ 79.130152596172891, 9.272112222022272 ], [ 79.130332615860851, 9.272134505276236 ], [ 79.132357680819339, 9.272328911402221 ], [ 79.135406658115059, 9.272563988255529 ], [ 79.136903845164824, 9.272735766050955 ], [ 79.138751439854062, 9.272997948804079 ], [ 79.13971164367139, 9.273056703956563 ], [ 79.140084222630406, 9.273101484894422 ], [ 79.140307697421932, 9.273147549587913 ], [ 79.140309214676464, 9.273147863435671 ], [ 79.140415903989521, 9.273193622254558 ], [ 79.140493846315138, 9.273251775389665 ], [ 79.140495220737492, 9.273252800270678 ], [ 79.140576287403704, 9.273382181718814 ], [ 79.140621796954306, 9.273567530795725 ], [ 79.140640009398368, 9.274046728392289 ], [ 79.140671867251598, 9.2741959111532 ], [ 79.140740131128368, 9.274349615370314 ], [ 79.14090396227661, 9.274566606576226 ], [ 79.141117850247454, 9.274760995396507 ], [ 79.14177316585733, 9.275109077354633 ], [ 79.142696985210677, 9.275787165756327 ], [ 79.142901772349362, 9.275909219667632 ], [ 79.143215779355259, 9.276062916928186 ], [ 79.143916603617427, 9.276361265600229 ], [ 79.144799461590424, 9.276704815615682 ], [ 79.145513940244939, 9.27690822583355 ], [ 79.146223866237563, 9.277070948780848 ], [ 79.14682912143158, 9.277129697045266 ], [ 79.147757478175436, 9.277125140985378 ], [ 79.148512904735512, 9.27708442369112 ], [ 79.149200068317157, 9.276998502178969 ], [ 79.14950041823576, 9.276984927083475 ], [ 79.14982807424407, 9.276993953209898 ], [ 79.151461809708579, 9.277152102326605 ], [ 79.151912337281445, 9.277174682259872 ], [ 79.152098918264272, 9.277165632200795 ], [ 79.152253643190505, 9.277124937075348 ], [ 79.152349205072113, 9.277061643388187 ], [ 79.153200142309856, 9.276017308313527 ], [ 79.153282051595752, 9.275944972315095 ], [ 79.153409472228915, 9.275926881885532 ], [ 79.154651838673601, 9.276085036802693 ], [ 79.154756508573868, 9.276125717863726 ], [ 79.154788369122059, 9.276202569114693 ], [ 79.154747419419834, 9.276311069037503 ], [ 79.15465185484328, 9.276351760711107 ], [ 79.154483476423039, 9.276347249856071 ], [ 79.153823609049638, 9.276238789839987 ], [ 79.153568765088352, 9.276220720703192 ], [ 79.153414041060458, 9.276243332612866 ], [ 79.153263874185996, 9.27637896414463 ], [ 79.152654112144148, 9.277156561750493 ], [ 79.15259040721746, 9.277269583746829 ], [ 79.152672337164645, 9.277558906167453 ], [ 79.152681454166483, 9.277857273958077 ], [ 79.152704210289258, 9.277893437772434 ], [ 79.152754269806763, 9.277911519234959 ], [ 79.152849835281629, 9.277897952153864 ], [ 79.152913543801574, 9.277834657719655 ], [ 79.1529635835562, 9.277495600146713 ], [ 79.15303183665317, 9.277346412583064 ], [ 79.153113748634027, 9.2772966798348 ], [ 79.153227517569789, 9.277292153920323 ], [ 79.153741762645794, 9.277436788997473 ], [ 79.154560918387048, 9.277703464890136 ], [ 79.155976235676732, 9.278092162702071 ], [ 79.157245925279113, 9.278399492296838 ], [ 79.15806507832545, 9.278548621786053 ], [ 79.159899061741527, 9.278751926320361 ], [ 79.161865029232402, 9.279050145040435 ], [ 79.163617100667608, 9.279217271424914 ], [ 79.16459553309862, 9.279339247898465 ], [ 79.167289645314412, 9.279732310199858 ], [ 79.168518383417904, 9.279931105012134 ], [ 79.169574171574709, 9.279958124650449 ], [ 79.172345656584227, 9.280333057933856 ], [ 79.173383270924504, 9.280577064142246 ], [ 79.173619915916433, 9.280604162634347 ], [ 79.174357149795398, 9.280608599850444 ], [ 79.174607456366161, 9.280708028051713 ], [ 79.175230959038558, 9.281060574120717 ], [ 79.175504018138852, 9.281141914692975 ], [ 79.176468801567466, 9.281205090618394 ], [ 79.176659934313832, 9.281191505933629 ], [ 79.176987586728842, 9.281137217722911 ], [ 79.177206027361549, 9.281141712558345 ], [ 79.177292497394191, 9.281173348396473 ], [ 79.177415378840209, 9.281254705787097 ], [ 79.177779483991188, 9.281566591272002 ], [ 79.177925123356616, 9.28167507003111 ], [ 79.178052554769565, 9.281733823730091 ], [ 79.17822093857967, 9.281760928338679 ], [ 79.178539497349107, 9.281756367906189 ], [ 79.179121999115281, 9.281724648784612 ], [ 79.179317680930254, 9.281692979307168 ], [ 79.179845557940652, 9.281539207383817 ], [ 79.180068544048694, 9.281507532570307 ], [ 79.180155012284672, 9.281525604980908 ], [ 79.180605570400274, 9.281715416212878 ], [ 79.180855875174416, 9.281792236096079 ], [ 79.181106177253611, 9.281828369361806 ], [ 79.181288210964482, 9.281837387384622 ], [ 79.181715982414559, 9.281787601193523 ], [ 79.182598824217905, 9.281638298430654 ], [ 79.183677354124441, 9.281516089593094 ], [ 79.183900345622362, 9.281525099644927 ], [ 79.184155197668446, 9.281565750818595 ], [ 79.184451012891543, 9.281642560982494 ], [ 79.185238345813858, 9.281913693040158 ], [ 79.185420380423039, 9.281913667330105 ], [ 79.185957369943679, 9.281854819686584 ], [ 79.18624862531837, 9.281868338740704 ], [ 79.186954031886799, 9.282053584039183 ], [ 79.187818714246689, 9.282202640163534 ], [ 79.188050818254837, 9.282274936749436 ], [ 79.188478625637543, 9.28246021995481 ], [ 79.18865611207643, 9.282482796886613 ], [ 79.193566477692585, 9.282518177398671 ], [ 79.197275413091575, 9.282508496252598 ], [ 79.206490875655163, 9.28253386670597 ], [ 79.20708703001705, 9.282506621195425 ], [ 79.209198060154947, 9.28240316589798 ], [ 79.208724425217994, 9.281946251710592 ], [ 79.208718413692111, 9.281939049351715 ], [ 79.208712403962878, 9.281931845219617 ], [ 79.20870639423363, 9.281924641087341 ], [ 79.208700383606086, 9.281917437841486 ], [ 79.208694372978499, 9.281910233708942 ], [ 79.208688363249252, 9.281903029576233 ], [ 79.208682352621679, 9.281895827216493 ], [ 79.208676342892417, 9.281888622196943 ], [ 79.20867033316317, 9.28188141895035 ], [ 79.208664323433936, 9.281874214817043 ], [ 79.208658312806349, 9.281867010683609 ], [ 79.208652302178791, 9.281859808323105 ], [ 79.208646291551219, 9.281852603302818 ], [ 79.208640281821971, 9.281845400055486 ], [ 79.208634272092723, 9.281838195921429 ], [ 79.20862826056684, 9.281830991787256 ], [ 79.208622250837607, 9.281823789426015 ], [ 79.208616241108359, 9.281816584404977 ], [ 79.208610231379097, 9.281809381156908 ], [ 79.208604220751525, 9.281802177022151 ], [ 79.208598211022263, 9.281794972887216 ], [ 79.20859220129303, 9.281787769638688 ], [ 79.208586189767146, 9.281780564616925 ], [ 79.208580180037899, 9.281773362254677 ], [ 79.208574170308651, 9.281766158119131 ], [ 79.208568159681079, 9.281758953983484 ], [ 79.20856214905352, 9.281751750734232 ], [ 79.208556139324244, 9.281744546598253 ], [ 79.208550129594997, 9.281737343348695 ], [ 79.208544118967453, 9.281730140098997 ], [ 79.208538109238205, 9.281722935076038 ], [ 79.208532098610618, 9.281715731826035 ], [ 79.208526088881371, 9.281708527689318 ], [ 79.208520078253798, 9.281701324439023 ], [ 79.208514067626254, 9.281694121188588 ], [ 79.208508057896992, 9.28168691616489 ], [ 79.208502048167759, 9.281679712914137 ], [ 79.208496038438511, 9.281672508776721 ], [ 79.208490027810925, 9.281665304639114 ], [ 79.208484018081677, 9.2816581022745 ], [ 79.208478006555808, 9.281650897250065 ], [ 79.20847199682656, 9.281643693998587 ], [ 79.208465987097298, 9.281636489860395 ], [ 79.208459977368051, 9.281629285722076 ], [ 79.208453965842139, 9.281622083356686 ], [ 79.208447956112906, 9.281614878331514 ], [ 79.208441947281983, 9.281607675079297 ], [ 79.2084359357561, 9.281600470940379 ], [ 79.208429926026852, 9.281593266801297 ], [ 79.208423916297605, 9.281586064435208 ], [ 79.208417905670032, 9.28157885940926 ], [ 79.208411895042445, 9.281571656156292 ], [ 79.208405885313198, 9.281564452903185 ], [ 79.208399874685654, 9.281557247876828 ], [ 79.208393864956406, 9.281550044623415 ], [ 79.208387855227144, 9.281542839596767 ], [ 79.208381844599586, 9.281535637229636 ], [ 79.208375833971999, 9.28152843397579 ], [ 79.208369824242752, 9.281521228948684 ], [ 79.208363813615193, 9.281514025694532 ], [ 79.20835780388596, 9.281506822440242 ], [ 79.208351793258373, 9.281499618299238 ], [ 79.208345782630801, 9.281492415044642 ], [ 79.208339773799878, 9.281485210016811 ], [ 79.208333763172291, 9.281478006761922 ], [ 79.208327753443058, 9.281470802620346 ], [ 79.2083217428155, 9.281463599365178 ], [ 79.208315733086252, 9.281456396109844 ], [ 79.20830972156034, 9.281449191081224 ], [ 79.208303711831107, 9.281441987825596 ], [ 79.208297702101859, 9.281434783683295 ], [ 79.208291692372597, 9.281427580427376 ], [ 79.208285681745053, 9.281420377171305 ], [ 79.208279672015806, 9.281413172141985 ], [ 79.208273661388233, 9.28140596888562 ], [ 79.208267650760646, 9.281398765629104 ], [ 79.208261641031399, 9.281391560599339 ], [ 79.208255631302151, 9.281384358229063 ], [ 79.208249620674607, 9.281377153199006 ], [ 79.208243610945345, 9.281369949941904 ], [ 79.208237601216069, 9.28136274668465 ], [ 79.2082315896902, 9.281355541654145 ], [ 79.208225579960953, 9.281348339283172 ], [ 79.208219570231705, 9.281341134252363 ], [ 79.208213559604161, 9.281333930994522 ], [ 79.208207549874871, 9.281326727736531 ], [ 79.208201540145637, 9.281319522705239 ], [ 79.208195530416376, 9.281312320333527 ], [ 79.208189518890492, 9.281305116188515 ], [ 79.208183509161259, 9.281297912043389 ], [ 79.208177499432011, 9.28129070878467 ], [ 79.208171487906128, 9.281283503752679 ], [ 79.208165479075177, 9.281276301380192 ], [ 79.208159469345929, 9.281269097234468 ], [ 79.208153457820046, 9.281261893088578 ], [ 79.208147448090799, 9.28125468982911 ], [ 79.208141438361551, 9.28124748479638 ], [ 79.208135427733964, 9.28124028242318 ], [ 79.208129418004731, 9.281233078276692 ], [ 79.208123408275483, 9.281225874130092 ], [ 79.208117397647939, 9.281218670869885 ], [ 79.208111387020352, 9.281211465836417 ], [ 79.208105377291105, 9.281204262575905 ], [ 79.208099366663532, 9.281197059315254 ], [ 79.208093356035988, 9.281189855167876 ], [ 79.208087347205023, 9.281182651906919 ], [ 79.208081336577479, 9.281175446872714 ], [ 79.208075325949906, 9.281168243611464 ], [ 79.208069316220644, 9.281161040350074 ], [ 79.208063305593072, 9.281153836201959 ], [ 79.208057294965528, 9.281146632940263 ], [ 79.208051286134577, 9.281139427905321 ], [ 79.208045276405329, 9.28113222464332 ], [ 79.208039265777785, 9.281125021381193 ], [ 79.208033255150212, 9.281117817232365 ], [ 79.208027245420951, 9.281110613969933 ], [ 79.208021234793378, 9.281103409820787 ], [ 79.208015225064131, 9.281096205671513 ], [ 79.208009215334883, 9.281089002408635 ], [ 79.208003204707325, 9.281081798259043 ], [ 79.207997194079752, 9.281074594995873 ], [ 79.207991184350519, 9.281067390846015 ], [ 79.207985173722932, 9.281060186695978 ], [ 79.207979163993684, 9.281052983432362 ], [ 79.207973154264423, 9.281045779282021 ], [ 79.207967143636893, 9.281038576018112 ], [ 79.207961133009306, 9.281031371867515 ], [ 79.207955123280058, 9.28102416771674 ], [ 79.206971901930217, 9.279943898049142 ], [ 79.205415173645122, 9.278348366021861 ], [ 79.205411262380395, 9.278343210661642 ], [ 79.205407350217342, 9.278338055301361 ], [ 79.205403438952573, 9.278332899054417 ], [ 79.20539952678952, 9.278327742807422 ], [ 79.205395614626454, 9.278322586560339 ], [ 79.205391701565063, 9.278317432086311 ], [ 79.205387790300335, 9.278312275839088 ], [ 79.205383878137283, 9.278307119591762 ], [ 79.205379965974217, 9.278301965117507 ], [ 79.205376054709447, 9.278296807983519 ], [ 79.205372143444691, 9.278291652622524 ], [ 79.205368231281625, 9.278286497261467 ], [ 79.205364319118573, 9.278281341013786 ], [ 79.205360406955521, 9.278276185652587 ], [ 79.205356493894158, 9.278271030291327 ], [ 79.205352581731063, 9.278265874043415 ], [ 79.205348671364632, 9.278260717795416 ], [ 79.20534475920158, 9.278255562433925 ], [ 79.205340847038514, 9.278250407072333 ], [ 79.205336934875447, 9.27824525082413 ], [ 79.205333022712395, 9.278240094575837 ], [ 79.205329111447668, 9.278234939214029 ], [ 79.205325199284601, 9.278229783852131 ], [ 79.205321287121507, 9.278224627603622 ], [ 79.205317374958454, 9.278219472241572 ], [ 79.205313462795402, 9.278214316879497 ], [ 79.205309550632336, 9.278209159744172 ], [ 79.205305639367594, 9.27820400526848 ], [ 79.205301727204542, 9.278198849019589 ], [ 79.205297815041448, 9.278193692770584 ], [ 79.20529390377672, 9.278188538294675 ], [ 79.205289990715329, 9.278183381158994 ], [ 79.205286078552277, 9.278178225796347 ], [ 79.20528216728755, 9.278173070433622 ], [ 79.205278255124497, 9.278167914184275 ], [ 79.205274342961403, 9.278162758821397 ], [ 79.205270430798336, 9.278157602571909 ], [ 79.205266520431906, 9.278152447208866 ], [ 79.205262608268839, 9.278147290959225 ], [ 79.205258696105787, 9.278142134709508 ], [ 79.205254783044424, 9.278136980232823 ], [ 79.205250870881329, 9.278131823982939 ], [ 79.205246958718277, 9.278126667732955 ], [ 79.205243046555225, 9.278121512369506 ], [ 79.20523913618878, 9.278116357005942 ], [ 79.205235224025728, 9.278111200755765 ], [ 79.205231311862661, 9.278106045392061 ], [ 79.205227399699609, 9.278100890028295 ], [ 79.205223488434839, 9.278095732891316 ], [ 79.205219576271787, 9.278090578413957 ], [ 79.205215663210424, 9.278085423049948 ], [ 79.205211751047372, 9.278080265912727 ], [ 79.205207839782602, 9.27807511143514 ], [ 79.20520392761955, 9.278069954297781 ], [ 79.205200016354823, 9.278064798933491 ], [ 79.205196104191728, 9.278059643569099 ], [ 79.205192192028662, 9.278054487318085 ], [ 79.20518827986561, 9.278049331953541 ], [ 79.205184367702557, 9.278044175702373 ], [ 79.205180456437816, 9.278039020337678 ], [ 79.205176544274764, 9.278033864972942 ], [ 79.205172632111669, 9.278028708721546 ], [ 79.205168719948603, 9.27802355335662 ], [ 79.205164807785536, 9.278018397105072 ], [ 79.205159258892039, 9.27800780267464 ], [ 79.205153710896838, 9.277997208243868 ], [ 79.205148162003326, 9.277986612926215 ], [ 79.205142613109828, 9.277976019381391 ], [ 79.205137065114627, 9.277965424063103 ], [ 79.205131516221115, 9.277954828744509 ], [ 79.205125968225943, 9.277944236085267 ], [ 79.205120420230742, 9.277933640766049 ], [ 79.20511487133723, 9.277923046333049 ], [ 79.205109322443718, 9.277912451899731 ], [ 79.205103774448517, 9.277901856579509 ], [ 79.20509822465668, 9.27789126214558 ], [ 79.205092675763183, 9.277880667711296 ], [ 79.20508712776801, 9.277870073276693 ], [ 79.20508157887447, 9.277859478841785 ], [ 79.205076029980972, 9.27784888529308 ], [ 79.205070481985786, 9.277838289970976 ], [ 79.205064933092245, 9.277827696421673 ], [ 79.205059384198748, 9.277817101098893 ], [ 79.205053836203575, 9.277806505775835 ], [ 79.20504828820836, 9.277795912225528 ], [ 79.205042739314862, 9.277785316901833 ], [ 79.205037191319647, 9.277774721577769 ], [ 79.20503164242615, 9.277764128026545 ], [ 79.205026092634313, 9.277753533588431 ], [ 79.205020544639154, 9.277742939149986 ], [ 79.205014995745643, 9.277732344711223 ], [ 79.205009446852102, 9.277721750272141 ], [ 79.205003898856916, 9.277711154946195 ], [ 79.204998349963418, 9.277700561393026 ], [ 79.204992801069892, 9.277689966066429 ], [ 79.204987253074705, 9.27767937073949 ], [ 79.204983553812355, 9.277669906668041 ], [ 79.204979853651722, 9.27766044170974 ], [ 79.204976154389371, 9.277650977637769 ], [ 79.20497245512702, 9.277641512678958 ], [ 79.204968754966373, 9.277632047719905 ], [ 79.204965054805697, 9.277622583647172 ], [ 79.204961356441686, 9.277613117801049 ], [ 79.204957657179335, 9.277603653727795 ], [ 79.204953957018688, 9.277594188767711 ], [ 79.204950256858041, 9.277584724693922 ], [ 79.204946557595704, 9.27757525973337 ], [ 79.204942858333368, 9.277565794772523 ], [ 79.204939158172706, 9.277556330697957 ], [ 79.204935458910356, 9.277546865736628 ], [ 79.204931758749723, 9.277537400775017 ], [ 79.204928060385697, 9.277527935813154 ], [ 79.204924360225021, 9.277518471737595 ], [ 79.204920660962685, 9.277509006775222 ], [ 79.204916960802024, 9.277499541812583 ], [ 79.204913260641391, 9.277490077736275 ], [ 79.204909562277365, 9.277480612773125 ], [ 79.204905862116689, 9.277471147809722 ], [ 79.204902161956042, 9.277461682846065 ], [ 79.204898462693691, 9.277452218768724 ], [ 79.204894764329694, 9.277442753804559 ], [ 79.204891064169033, 9.277433288840138 ], [ 79.204887364008357, 9.277423824762035 ], [ 79.204883664746021, 9.277414359797104 ], [ 79.204879964585373, 9.277404894831907 ], [ 79.204876265323023, 9.277395429866495 ], [ 79.2048725660607, 9.277385965787348 ], [ 79.204868865900025, 9.277376500821413 ], [ 79.2048665877725, 9.277364916965205 ], [ 79.204864309644918, 9.277353333108625 ], [ 79.204862032415676, 9.27734174925164 ], [ 79.204859754288108, 9.277330165394286 ], [ 79.204857476160569, 9.277318579763417 ], [ 79.204855198033002, 9.277306996791872 ], [ 79.20485291990542, 9.277295412046824 ], [ 79.204850641777881, 9.277283828187931 ], [ 79.204848365446935, 9.277272244328667 ], [ 79.204846087319368, 9.277260659582463 ], [ 79.204843809191829, 9.277249074835851 ], [ 79.204841531064247, 9.277237491862017 ], [ 79.204839252936708, 9.277225907114655 ], [ 79.204836975707451, 9.277214323253483 ], [ 79.204834697579898, 9.277202739391917 ], [ 79.204832420350655, 9.277191154643424 ], [ 79.204830142223074, 9.277179570781094 ], [ 79.204827864095506, 9.277167986918371 ], [ 79.204825585967967, 9.277156402168732 ], [ 79.2048233078404, 9.277144819191831 ], [ 79.204821029712861, 9.277133235327977 ], [ 79.204818751585293, 9.277121649690605 ], [ 79.204816474356051, 9.277110066712547 ], [ 79.204814196228483, 9.277098481960961 ], [ 79.204811918100901, 9.277086898095579 ], [ 79.204809639973362, 9.27707531422984 ], [ 79.204807361845781, 9.277063730363682 ], [ 79.204805083718256, 9.277052144724008 ], [ 79.204802805590674, 9.277040561743673 ], [ 79.204800528361432, 9.277028976989785 ], [ 79.204798250233864, 9.277017394008686 ], [ 79.204795972106325, 9.277005809254058 ], [ 79.204795757408959, 9.276995991424664 ], [ 79.204795541813283, 9.27698617182187 ], [ 79.204795326217607, 9.276976353105344 ], [ 79.204795109723634, 9.276966535275136 ], [ 79.204794895026282, 9.276956715671513 ], [ 79.204794680328931, 9.276946897840746 ], [ 79.204794463834929, 9.276937079123151 ], [ 79.204794248239295, 9.276927261291835 ], [ 79.204794032643633, 9.27691744168712 ], [ 79.204793817946253, 9.276907622968672 ], [ 79.204793602350591, 9.27689780513653 ], [ 79.204793385856618, 9.276887986417561 ], [ 79.204793172057563, 9.276878167698287 ], [ 79.204792955563576, 9.27686834897877 ], [ 79.2047927399679, 9.276858531145534 ], [ 79.204792524372266, 9.276848712425446 ], [ 79.2047923096749, 9.276838892818516 ], [ 79.204792094079224, 9.276829074097867 ], [ 79.204791877585265, 9.276819256263536 ], [ 79.204791661989589, 9.276809436655792 ], [ 79.204791448190548, 9.276799617934342 ], [ 79.204791231696547, 9.276789800099186 ], [ 79.20479101610087, 9.276779981377164 ], [ 79.204790799606911, 9.276770161768326 ], [ 79.204790585807856, 9.276760343932329 ], [ 79.204790370212194, 9.276750525209518 ], [ 79.204790153718221, 9.276740707372975 ], [ 79.204789939020856, 9.276730887763042 ], [ 79.204789724323504, 9.276721069925939 ], [ 79.204789507829517, 9.276711251202007 ], [ 79.204789292233841, 9.276701431591237 ], [ 79.204789076638207, 9.276691613753318 ], [ 79.204788861940841, 9.276681795028587 ], [ 79.20478864634515, 9.276671977190134 ], [ 79.204788429851192, 9.276662157578256 ], [ 79.204788215153826, 9.276652339739243 ], [ 79.20478799955815, 9.276642521013379 ], [ 79.204787783962487, 9.276632702287273 ], [ 79.20478756926515, 9.276622883560847 ], [ 79.204787352771177, 9.276613064834182 ], [ 79.204787138073797, 9.276603246993796 ], [ 79.204786921579824, 9.276593428266569 ], [ 79.204786706882459, 9.276583608652503 ], [ 79.204786491286796, 9.276573790811291 ], [ 79.20478627569112, 9.276563972083251 ], [ 79.204786060095444, 9.27655415424149 ], [ 79.204785845398106, 9.27654433462633 ], [ 79.204785628904119, 9.276534515897437 ], [ 79.204785414206782, 9.27652469805485 ], [ 79.204785197712809, 9.276514879325436 ], [ 79.204784983015429, 9.27650506059573 ], [ 79.204784767419767, 9.276495241865742 ], [ 79.20478455182409, 9.276485424022088 ], [ 79.204784337126753, 9.276475605291541 ], [ 79.204784120632752, 9.276465785674178 ], [ 79.204783905037075, 9.276455967829671 ], [ 79.204783690339738, 9.276446149098311 ], [ 79.204783474744076, 9.276436331253242 ], [ 79.2047832591484, 9.276426511634787 ], [ 79.204783042654441, 9.276416692902625 ], [ 79.204782827957061, 9.276406875056756 ], [ 79.204782613259724, 9.276397056324008 ], [ 79.204782396765722, 9.276387237591031 ], [ 79.204782182068385, 9.276377418857736 ], [ 79.204782322205574, 9.276367530085384 ], [ 79.204782462342749, 9.276357641312726 ], [ 79.204782601581627, 9.276347750766654 ], [ 79.204782741718816, 9.276337861993474 ], [ 79.204782881855976, 9.276327973219976 ], [ 79.204783021993165, 9.276318082673065 ], [ 79.204783162130354, 9.276308193899045 ], [ 79.204783302267529, 9.276298305124708 ], [ 79.204783442404732, 9.276288414576969 ], [ 79.204783581643596, 9.276278525802109 ], [ 79.204783721780771, 9.276268637026932 ], [ 79.20478386191796, 9.276258748251514 ], [ 79.204784002055135, 9.276248857702656 ], [ 79.204784142192352, 9.27623896892664 ], [ 79.204784282329527, 9.276229080150392 ], [ 79.204784421568377, 9.276219189600695 ], [ 79.204784562603891, 9.276209300823863 ], [ 79.20478470184274, 9.276199412046767 ], [ 79.204784841979958, 9.276189522382776 ], [ 79.204784983015429, 9.276179632718557 ], [ 79.204785123152618, 9.276169743940619 ], [ 79.204785262391496, 9.276159855162389 ], [ 79.204785401630346, 9.276149964610733 ], [ 79.20478554266586, 9.276140075831981 ], [ 79.204785682803035, 9.27613018705291 ], [ 79.20478582294021, 9.276120297387012 ], [ 79.204785962179102, 9.276110407720822 ], [ 79.204786103214616, 9.276100518940924 ], [ 79.204786243351791, 9.276090630160759 ], [ 79.20478638259064, 9.276080739607156 ], [ 79.204786521829519, 9.27607085082642 ], [ 79.204786662865004, 9.276060962045428 ], [ 79.204786803002222, 9.276051072377532 ], [ 79.204786943139396, 9.276041182709395 ], [ 79.204787083276585, 9.276031293927577 ], [ 79.20478722341376, 9.276021405145441 ], [ 79.204787362652638, 9.276011514589879 ], [ 79.204787502789827, 9.27600162580722 ], [ 79.204787642927016, 9.275991737024246 ], [ 79.204787783064177, 9.275981847354441 ], [ 79.204787923201366, 9.275971957684357 ], [ 79.20478806333854, 9.275962068900542 ], [ 79.204788204374054, 9.275952180116446 ], [ 79.204788342714608, 9.275942289558976 ], [ 79.204788482851797, 9.275932400774334 ], [ 79.204788622988971, 9.275922511989435 ], [ 79.204788764024485, 9.275912622317648 ], [ 79.204788903263335, 9.275902732645605 ], [ 79.20478904340051, 9.27589284385988 ], [ 79.204789182639402, 9.275882954187253 ], [ 79.204789323674916, 9.275873063627824 ], [ 79.204789462913752, 9.275863174841234 ], [ 79.204789603050941, 9.275853286054351 ], [ 79.20478974408644, 9.275843397267229 ], [ 79.204789884223629, 9.275833506706654 ], [ 79.204790024360818, 9.275823617918945 ], [ 79.204790162701372, 9.275813729130983 ], [ 79.204790303736871, 9.27580383856958 ], [ 79.20479044387406, 9.275793949781058 ], [ 79.204790584011235, 9.275784060992216 ], [ 79.204790723250127, 9.275774172203109 ], [ 79.204790864285599, 9.275764281640624 ], [ 79.204791004422773, 9.275754392850956 ], [ 79.204791143661652, 9.275744504061009 ], [ 79.204791283798841, 9.275734615270819 ], [ 79.204791423936015, 9.275724724707191 ], [ 79.204791564073204, 9.275714835916403 ], [ 79.204791704210393, 9.275704947125375 ], [ 79.204791845245893, 9.275695056560906 ], [ 79.204791983586446, 9.275685167769279 ], [ 79.204792123723621, 9.275675278977424 ], [ 79.20479226386081, 9.275665390185249 ], [ 79.20479240489631, 9.275655499619649 ], [ 79.204792544135202, 9.275645610826952 ], [ 79.204792684272377, 9.27563572203394 ], [ 79.204792824409552, 9.275625833240683 ], [ 79.204792965445051, 9.275615942673976 ], [ 79.204793103785605, 9.275606053880136 ], [ 79.204793243922808, 9.275596165086041 ], [ 79.204793384059982, 9.275586275405054 ], [ 79.204793525095454, 9.275576385723813 ], [ 79.204793665232643, 9.275566496928878 ], [ 79.204793803573196, 9.275556607247065 ], [ 79.20479394460871, 9.275546717564996 ], [ 79.204794084745885, 9.275536827882636 ], [ 79.204794224883074, 9.275526939086594 ], [ 79.204794364121952, 9.275517050290235 ], [ 79.204794505157466, 9.275507159720462 ], [ 79.204794645294641, 9.27549727092358 ], [ 79.204794785431829, 9.275487382126393 ], [ 79.204794923772383, 9.275477493328927 ], [ 79.204795064807854, 9.275467602758059 ], [ 79.204795204945071, 9.275457713960034 ], [ 79.20479534508226, 9.275447825161727 ], [ 79.204795485219435, 9.275437936363179 ], [ 79.20479562535661, 9.275428045791166 ], [ 79.204795764595502, 9.275418156992021 ], [ 79.204795904732677, 9.275408268192633 ], [ 79.204796045768163, 9.275398379392939 ], [ 79.204796185007041, 9.275388488819821 ], [ 79.204796325144216, 9.275378600019593 ], [ 79.204796465281404, 9.275368711219061 ], [ 79.204796606316918, 9.275358822418275 ], [ 79.204796744657457, 9.275348931844036 ], [ 79.204796884794646, 9.275339043042663 ], [ 79.204797024931821, 9.275329153354463 ], [ 79.204797165967335, 9.27531926366597 ], [ 79.204797305206185, 9.27530937397721 ], [ 79.20479744534336, 9.275299485174731 ], [ 79.204797584582252, 9.275289596371959 ], [ 79.204797725617752, 9.27527970668236 ], [ 79.204797865754941, 9.275269816992481 ], [ 79.204798004993791, 9.275259928188907 ], [ 79.204798145130979, 9.275250039385028 ], [ 79.204798286166493, 9.27524014969431 ], [ 79.204798426303654, 9.275230260003324 ], [ 79.204798564644207, 9.275220371198593 ], [ 79.204798705679735, 9.275210482393607 ], [ 79.204798845816896, 9.275200592701768 ], [ 79.204798985954085, 9.275190703009676 ], [ 79.204799126091274, 9.275180814203839 ], [ 79.204799266228449, 9.275170925397759 ], [ 79.204799406365638, 9.275161035704814 ], [ 79.204799545604516, 9.275151146011551 ], [ 79.20479968574169, 9.275141256318046 ], [ 79.204799825878879, 9.275131366624272 ], [ 79.204799966016054, 9.275121477816768 ], [ 79.204800106153229, 9.275111588122424 ], [ 79.204800496022074, 9.275105195948724 ], [ 79.204800884992594, 9.275098802888296 ], [ 79.204801274861424, 9.275092410714342 ], [ 79.20480166383193, 9.275086016767151 ], [ 79.204802053700774, 9.275079624592967 ], [ 79.204802443569605, 9.275073232418643 ], [ 79.20480283433676, 9.275066840244218 ], [ 79.204803224205605, 9.27506044629653 ], [ 79.204803613176097, 9.275054053235316 ], [ 79.204804003044941, 9.275047661060546 ], [ 79.204804392913786, 9.275041267999102 ], [ 79.204804781884292, 9.27503487493753 ], [ 79.204805171753137, 9.275028481875818 ], [ 79.204805561621981, 9.275022089700604 ], [ 79.204805950592473, 9.275015696638665 ], [ 79.204806341359628, 9.275009303576635 ], [ 79.204806731228459, 9.275002911401039 ], [ 79.204807120198964, 9.274996519225327 ], [ 79.204807510067809, 9.274990126162955 ], [ 79.204807899038315, 9.274983733100454 ], [ 79.204808288907159, 9.274977340037802 ], [ 79.204808678776004, 9.274970947861672 ], [ 79.204809067746524, 9.274964554798789 ], [ 79.204809457615355, 9.274958160849245 ], [ 79.204809848382496, 9.274951768672759 ], [ 79.20481023735303, 9.274945375609521 ], [ 79.204810627221846, 9.274938984319352 ], [ 79.20481101619238, 9.274932590369337 ], [ 79.204811406061182, 9.274926198192354 ], [ 79.204811796828352, 9.274919805128684 ], [ 79.204812185798872, 9.274913412951459 ], [ 79.204812575667717, 9.274907019000986 ], [ 79.204812966434844, 9.274900626823559 ], [ 79.204813355405363, 9.274894233759404 ], [ 79.204813745274194, 9.274887841581748 ], [ 79.204814134244714, 9.274881447630804 ], [ 79.204814524113559, 9.274875054566293 ], [ 79.204814913982389, 9.274868663274841 ], [ 79.204815302952895, 9.274862270210139 ], [ 79.20481569282174, 9.274855877145312 ], [ 79.204816082690584, 9.274849484080329 ], [ 79.20481647166109, 9.274843091901833 ], [ 79.204816862428217, 9.274836698836648 ], [ 79.204817252297062, 9.274830305771362 ], [ 79.204817641267582, 9.27482391270591 ], [ 79.204818031136426, 9.274817521413542 ], [ 79.20481842010696, 9.274811128347899 ], [ 79.204818809975762, 9.274804735282128 ], [ 79.204819199844607, 9.274798342216233 ], [ 79.204819588815113, 9.274791949150245 ], [ 79.204819978683958, 9.274785556970693 ], [ 79.204820368552802, 9.274779163904466 ], [ 79.204820759319929, 9.274772770838135 ], [ 79.204821149188774, 9.274766377771641 ], [ 79.204821538159294, 9.274759985591617 ], [ 79.204821928028124, 9.274753593411518 ], [ 79.204822317896969, 9.274747200344679 ], [ 79.204822706867475, 9.274740807277752 ], [ 79.204823096736305, 9.274734415097269 ], [ 79.20482348660515, 9.274728022030112 ], [ 79.20482387557567, 9.274721628076255 ], [ 79.204824266342797, 9.274715235895419 ], [ 79.204824655313345, 9.274708842827918 ], [ 79.204825045182147, 9.274702450646851 ], [ 79.204825435050992, 9.274696056692525 ], [ 79.204825824021512, 9.274689665397814 ], [ 79.204826213890357, 9.274683272329844 ], [ 79.204826603759187, 9.274676880148306 ], [ 79.204826992729693, 9.27467048619352 ], [ 79.204827382598538, 9.274664094011754 ], [ 79.204827771569043, 9.274657700943326 ], [ 79.204828162336213, 9.27465130787477 ], [ 79.204828552205015, 9.274644914806073 ], [ 79.204828941175577, 9.274638521737275 ], [ 79.20482933104438, 9.274632130441523 ], [ 79.204829721811549, 9.274625737372471 ], [ 79.204830110782055, 9.274619344303328 ], [ 79.2048305006509, 9.274612951234086 ], [ 79.204830889621405, 9.274606559051264 ], [ 79.204831280388547, 9.274600165981779 ], [ 79.204831670257391, 9.274593772912143 ], [ 79.204832059227883, 9.274587379842428 ], [ 79.204832449096727, 9.2745809867726 ], [ 79.204832838965572, 9.274574594589206 ], [ 79.204833227936078, 9.274568202405684 ], [ 79.204833617804923, 9.274561809335498 ], [ 79.204834006775428, 9.2745554162652 ], [ 79.204834396644273, 9.274549024081335 ], [ 79.204834787411414, 9.274542631010767 ], [ 79.204835176381948, 9.274536237940126 ], [ 79.20483556625075, 9.274529844869356 ], [ 79.204835956119595, 9.274523451798485 ], [ 79.204836345090115, 9.274517059614034 ], [ 79.204836734958945, 9.274510667429468 ], [ 79.204837123929465, 9.274504274358241 ], [ 79.20483751379831, 9.274497881286848 ], [ 79.204837903667141, 9.27449148910199 ], [ 79.204838294434282, 9.274485096030368 ], [ 79.204838684303127, 9.274478702958669 ], [ 79.204839074171957, 9.274472309886857 ], [ 79.204839463142463, 9.274465916814892 ], [ 79.204839853011308, 9.274459524629396 ], [ 79.204840241981813, 9.274453130670681 ], [ 79.204840631850658, 9.274446739371506 ], [ 79.204841021719503, 9.274440346299107 ], [ 79.204841410690008, 9.274433954113155 ], [ 79.204841800558853, 9.274427560153942 ], [ 79.20484219132598, 9.274421167967773 ], [ 79.2048425802965, 9.274414774894879 ], [ 79.204842970165345, 9.274408381821909 ], [ 79.204843359135836, 9.274401988748798 ], [ 79.204843749004681, 9.274395595675561 ], [ 79.204844138873526, 9.27438920437538 ], [ 79.204844527844045, 9.274382811301926 ], [ 79.204844917712876, 9.27437641911493 ], [ 79.204845307581721, 9.274370025154662 ], [ 79.204845696552226, 9.274363632967411 ], [ 79.204846087319368, 9.274357239893499 ], [ 79.204846476289902, 9.274350846819473 ], [ 79.204846867057057, 9.274344453745307 ], [ 79.204847256925888, 9.274338060671038 ], [ 79.204847645896393, 9.274331669369802 ], [ 79.204848035765238, 9.274325276295318 ], [ 79.204848425634069, 9.274318883220667 ], [ 79.204848814604588, 9.274312490145942 ], [ 79.204849205371715, 9.274306097957661 ], [ 79.204849594342235, 9.274299704882694 ], [ 79.20484998421108, 9.274293311807586 ], [ 79.204851048714701, 9.274285470959278 ], [ 79.204852114116633, 9.274277630110806 ], [ 79.204853178620212, 9.274269789262144 ], [ 79.204854244022172, 9.274261948413276 ], [ 79.204855307627469, 9.274254106677709 ], [ 79.204856373029401, 9.2742462658285 ], [ 79.204857438431318, 9.274238424979137 ], [ 79.204858502934911, 9.274230584129596 ], [ 79.204859567438547, 9.274222743279864 ], [ 79.20486063194214, 9.27421490242998 ], [ 79.204861697344057, 9.274207060693332 ], [ 79.204862761847693, 9.274199219843091 ], [ 79.204863827249611, 9.274191379879245 ], [ 79.204864891753246, 9.274183538142076 ], [ 79.204865957155164, 9.274175697291312 ], [ 79.204867021658757, 9.274167856440373 ], [ 79.204868087060689, 9.274160014702682 ], [ 79.204869150665985, 9.274152174737946 ], [ 79.204870216067903, 9.274144332999898 ], [ 79.204871280571538, 9.274136492148269 ], [ 79.204872345973456, 9.274128651296452 ], [ 79.204873411375374, 9.27412080955787 ], [ 79.20487447498067, 9.274112969592268 ], [ 79.204875540382602, 9.274105127853343 ], [ 79.204876604886223, 9.274097287000824 ], [ 79.204877670288155, 9.274089447034703 ], [ 79.204878734791734, 9.274081605295279 ], [ 79.204879800193666, 9.274073764442203 ], [ 79.204880864697287, 9.274065922702398 ], [ 79.204881930099219, 9.274058081849017 ], [ 79.204882993704516, 9.274050241882016 ], [ 79.204884059106448, 9.274042400141715 ], [ 79.204885123610069, 9.274034559287772 ], [ 79.204886189012001, 9.274026718433678 ], [ 79.204887254413904, 9.27401887669283 ], [ 79.204888318019201, 9.274011036724939 ], [ 79.204889383421133, 9.274003194983775 ], [ 79.20489044792474, 9.273995354128955 ], [ 79.204891513326643, 9.273987514160579 ], [ 79.204892577830293, 9.273979672418843 ], [ 79.204893643232197, 9.273971831563488 ], [ 79.204894707735846, 9.273963989821445 ], [ 79.20489577313775, 9.273956148965746 ], [ 79.204896836743046, 9.273948308996507 ], [ 79.204897902144978, 9.273940467253892 ], [ 79.204898966648585, 9.273932627284257 ], [ 79.204900032050489, 9.273924784654751 ], [ 79.204901096554124, 9.273916943798174 ], [ 79.204902161057717, 9.273909103828045 ], [ 79.204903225561338, 9.273901262084564 ], [ 79.20490429096327, 9.273893422114039 ], [ 79.204905356365202, 9.273885580370216 ], [ 79.204906420868824, 9.273877738626213 ], [ 79.204907486270741, 9.273869898655205 ], [ 79.204908550774334, 9.273862056910847 ], [ 79.204909616176266, 9.273854216939458 ], [ 79.204910679781563, 9.273846375194756 ], [ 79.20491174518348, 9.273838534336463 ], [ 79.204912809687116, 9.273830694364552 ], [ 79.204913875089034, 9.273822851732755 ], [ 79.204914939592669, 9.273815011760499 ], [ 79.204916004096262, 9.273807170901494 ], [ 79.204917068599883, 9.273799329155736 ], [ 79.204918134001815, 9.273791489182948 ], [ 79.20492154490492, 9.273781740416384 ], [ 79.204924955808067, 9.273771990762956 ], [ 79.204928366711215, 9.27376224199581 ], [ 79.20493177761432, 9.273752494115032 ], [ 79.204935187619142, 9.273742745347336 ], [ 79.204938600318911, 9.273732996579426 ], [ 79.204942010323734, 9.273723247811198 ], [ 79.204945422125164, 9.27371349904274 ], [ 79.204948832129986, 9.273703750273963 ], [ 79.204952243931473, 9.273694002391558 ], [ 79.204955653936281, 9.273684252735686 ], [ 79.204959064839386, 9.273674503966122 ], [ 79.204962475742533, 9.273664756082864 ], [ 79.204965885747356, 9.273655007312765 ], [ 79.204969298447125, 9.273645259428971 ], [ 79.204972707553608, 9.273635509771752 ], [ 79.204976119355081, 9.273625761000853 ], [ 79.2049795302582, 9.273616012229645 ], [ 79.204982941161347, 9.273606264344759 ], [ 79.204986352064495, 9.273596514686458 ], [ 79.2049897629676, 9.273586766801076 ], [ 79.204993173870747, 9.273577017142228 ], [ 79.204996584773866, 9.27356726925626 ], [ 79.204999994778703, 9.273557519596878 ], [ 79.205003406580147, 9.273547771710362 ], [ 79.205006816584969, 9.273538022936993 ], [ 79.205010229284738, 9.273528274163395 ], [ 79.205013639289547, 9.273518525389518 ], [ 79.205017050192666, 9.273508776615323 ], [ 79.205020461095813, 9.273499027840911 ], [ 79.205023871998961, 9.273489279952766 ], [ 79.205027282902066, 9.273479531177808 ], [ 79.205032115838321, 9.273471901316061 ], [ 79.205036949672845, 9.273464270567603 ], [ 79.205041782609086, 9.27345664159211 ], [ 79.205046617341935, 9.273449011729905 ], [ 79.205051450278177, 9.273441381867498 ], [ 79.2050562841127, 9.273433752004962 ], [ 79.205061117048956, 9.273426122142224 ], [ 79.205065949985169, 9.273418492279358 ], [ 79.205070783819721, 9.273410863302875 ], [ 79.205075616755934, 9.273403231666531 ], [ 79.205080450590486, 9.273395602689716 ], [ 79.205085284425039, 9.27338797282615 ], [ 79.205090117361237, 9.273380342962446 ], [ 79.20509495119579, 9.273372713985134 ], [ 79.205099785030342, 9.273365083234511 ], [ 79.205104617966555, 9.273357453370309 ], [ 79.20510945090281, 9.273349824392515 ], [ 79.205114283839023, 9.273342193641383 ], [ 79.205119118571872, 9.273334563776661 ], [ 79.205123952406424, 9.273326933911797 ], [ 79.205128785342666, 9.273319304046742 ], [ 79.205133618278893, 9.273311675068134 ], [ 79.205138452113431, 9.273304045202737 ], [ 79.205143285947983, 9.273296415337212 ], [ 79.20514811888421, 9.273288784584935 ], [ 79.205152952718748, 9.273281154719042 ], [ 79.205157785654976, 9.273273525739581 ], [ 79.205162618591217, 9.273265895873381 ], [ 79.205167453324066, 9.273258265120443 ], [ 79.205172287158618, 9.273250636140475 ], [ 79.205177120094831, 9.273243006273791 ], [ 79.205181953031087, 9.27323537729349 ], [ 79.205189630931798, 9.273227462835775 ], [ 79.205197307934242, 9.273219551037613 ], [ 79.205204985834953, 9.273211636579568 ], [ 79.205212663735693, 9.27320372478105 ], [ 79.205220340738109, 9.273195811209208 ], [ 79.205228018638849, 9.273187899410333 ], [ 79.205235695641278, 9.273179985838123 ], [ 79.205243374440286, 9.273172073152306 ], [ 79.205251051442715, 9.273164159579752 ], [ 79.205258729343456, 9.273156246893604 ], [ 79.205266406345871, 9.273148334207242 ], [ 79.205274085144922, 9.273140420634153 ], [ 79.205281762147365, 9.273132507947471 ], [ 79.205289439149752, 9.273124595260574 ], [ 79.205297117050478, 9.273116681686938 ], [ 79.205304794052907, 9.273108768999721 ], [ 79.205313326251471, 9.273103963759887 ], [ 79.205321856653399, 9.273099159406549 ], [ 79.205330388851976, 9.273094354166574 ], [ 79.205338921050569, 9.273089548926547 ], [ 79.205347452350807, 9.273084743686445 ], [ 79.205355983651074, 9.27307993933284 ], [ 79.205364514951299, 9.273075134092609 ], [ 79.205373046251566, 9.273070328852317 ], [ 79.205381577551805, 9.273065522725361 ], [ 79.205390108852072, 9.273060718371488 ], [ 79.20539864105065, 9.273055913130992 ], [ 79.205407173249199, 9.273051107890431 ], [ 79.205415703651141, 9.273046304422953 ], [ 79.205424235849719, 9.273041498295667 ], [ 79.205432767149972, 9.273036693054916 ], [ 79.205441297551914, 9.273031887814088 ], [ 79.205452958582612, 9.273027930139673 ], [ 79.205464618714998, 9.273023971578633 ], [ 79.205476278847385, 9.273020013904155 ], [ 79.205487939878083, 9.273016056229586 ], [ 79.205499600010469, 9.273012097668419 ], [ 79.205511261041195, 9.2730081399938 ], [ 79.205522921173582, 9.273004182319106 ], [ 79.205534581305969, 9.27300022375781 ], [ 79.205546242336652, 9.272996266083027 ], [ 79.205557901570728, 9.272992306635084 ], [ 79.20556956260144, 9.272988348960197 ], [ 79.205581222733841, 9.272984391285311 ], [ 79.205592882866227, 9.272980432723763 ], [ 79.205604543896911, 9.272976475048788 ], [ 79.205616204029297, 9.272972517373736 ], [ 79.205627864161698, 9.272968558812073 ], [ 79.205634689561208, 9.272967711245469 ], [ 79.205641515859057, 9.272966861019096 ], [ 79.205648341258609, 9.272966012565893 ], [ 79.205655167556444, 9.272965163226145 ], [ 79.205661992955953, 9.272964313886344 ], [ 79.205668819253802, 9.272963465433143 ], [ 79.205675644653354, 9.272962616093343 ], [ 79.205682470951189, 9.272961766753543 ], [ 79.205689297249037, 9.272960918300328 ], [ 79.205696122648547, 9.272960068960552 ], [ 79.205702948048099, 9.272959219620752 ], [ 79.20570977524423, 9.272958371167539 ], [ 79.205716599745458, 9.272957521827724 ], [ 79.205723426043292, 9.272956673374511 ], [ 79.205730252341141, 9.272955824034685 ], [ 79.205737077740693, 9.27295497469491 ], [ 79.205743904038528, 9.272954126241645 ], [ 79.205750730336362, 9.272953276901857 ], [ 79.205757554837589, 9.27295242756203 ], [ 79.20576438203372, 9.272951579108804 ], [ 79.205771207433273, 9.272950729768977 ], [ 79.205778032832782, 9.272949881315739 ], [ 79.205784859130631, 9.272949031975912 ], [ 79.205791685428466, 9.272948182636112 ], [ 79.205798510828018, 9.272947334182872 ], [ 79.205805337125867, 9.272946484843034 ], [ 79.205812161627094, 9.272945634616622 ], [ 79.205818988823225, 9.272944787049942 ], [ 79.205825814222777, 9.27294393682353 ], [ 79.205832639622287, 9.27294308925684 ], [ 79.205839465920121, 9.27294223903044 ], [ 79.20584629221797, 9.272941390577175 ], [ 79.20585724268129, 9.272941387917429 ], [ 79.205868192246285, 9.272941386144282 ], [ 79.205879141811295, 9.272941384371137 ], [ 79.205890093172911, 9.272941381711403 ], [ 79.205901042737892, 9.272941379051696 ], [ 79.205911993201227, 9.272941377278539 ], [ 79.205922942766207, 9.272941374618805 ], [ 79.205933893229513, 9.272941372845658 ], [ 79.205944842794537, 9.2729413710725 ], [ 79.205955793257857, 9.272941369299353 ], [ 79.205966743721149, 9.272941366639607 ], [ 79.205977694184455, 9.272941364866462 ], [ 79.205988642851153, 9.272941362206728 ], [ 79.20599959421277, 9.272941358660423 ], [ 79.206010543777793, 9.272941356887276 ], [ 79.206021494241114, 9.27294135511413 ], [ 79.206032444704391, 9.272941353340983 ], [ 79.206043394269415, 9.272941350681238 ], [ 79.206054343834396, 9.272941348908091 ], [ 79.206065295196055, 9.272941347134946 ], [ 79.206076244761036, 9.272941345361787 ], [ 79.206087195224342, 9.272941341815493 ], [ 79.206098145687676, 9.272941340042346 ], [ 79.206109095252657, 9.272941337382601 ], [ 79.206120044817652, 9.272941334722855 ], [ 79.206130996179297, 9.272941332949722 ], [ 79.206141945744292, 9.272941331176575 ], [ 79.206152896207598, 9.272941329403416 ], [ 79.206163845772593, 9.272941326743709 ], [ 79.206174796235899, 9.272941324970525 ], [ 79.206185745800894, 9.27294132319739 ], [ 79.20619669716254, 9.272941319651085 ], [ 79.206206082760616, 9.272943295829057 ], [ 79.206215469257018, 9.272945272007041 ], [ 79.206224855753433, 9.272947248184988 ], [ 79.20623424224982, 9.27294922436292 ], [ 79.206243627847911, 9.272951199654255 ], [ 79.206253014344298, 9.2729531758322 ], [ 79.206262400840714, 9.27295515112351 ], [ 79.206271787337116, 9.27295712818799 ], [ 79.206281172935235, 9.272959104365873 ], [ 79.206290559431622, 9.272961078770583 ], [ 79.206299945928038, 9.272963054948439 ], [ 79.206309332424439, 9.272965032012882 ], [ 79.206318718022516, 9.272967008190715 ], [ 79.206328103620621, 9.272968982595387 ], [ 79.206337491015319, 9.272970958773206 ], [ 79.206346876613424, 9.272972935837597 ], [ 79.206353278008152, 9.272975901434148 ], [ 79.206359677606216, 9.272978867030671 ], [ 79.206366077204294, 9.272981831740584 ], [ 79.206372477700711, 9.272984797337058 ], [ 79.2063788781971, 9.272987762933505 ], [ 79.206385277795178, 9.27299072764338 ], [ 79.206391678291567, 9.272993694126363 ], [ 79.206398077889659, 9.272996658836149 ], [ 79.206404478386091, 9.272999624432508 ], [ 79.20641087798414, 9.273002590028829 ], [ 79.206417277582219, 9.273005554738576 ], [ 79.206423678976932, 9.273008521221408 ], [ 79.206430078575025, 9.273011485931104 ], [ 79.206436478173117, 9.273014452413884 ], [ 79.206442878669506, 9.27301741712353 ], [ 79.206449279165923, 9.273020382719698 ], [ 79.206455678764016, 9.273023349202401 ], [ 79.206462079260405, 9.27302631391197 ], [ 79.206468479756793, 9.273029280394635 ], [ 79.206474879354872, 9.273032245104154 ], [ 79.206481278952964, 9.273035210700195 ], [ 79.206487680347678, 9.273038176296224 ], [ 79.20649407994577, 9.27304114100564 ], [ 79.206500480442159, 9.273044106601604 ], [ 79.206506880040237, 9.273047072197556 ], [ 79.20651327963833, 9.273050037793508 ], [ 79.206519680134718, 9.273053003389409 ], [ 79.206526079732797, 9.273055968985284 ], [ 79.206532480229228, 9.273058933694536 ], [ 79.206538880725617, 9.273061899290374 ], [ 79.206545280323709, 9.273064864886173 ], [ 79.206551679921787, 9.273067829595385 ], [ 79.206560214815283, 9.273074610126352 ], [ 79.206568748810511, 9.273081389770669 ], [ 79.206577282805696, 9.273088169414807 ], [ 79.206585816800882, 9.273094949058832 ], [ 79.206594350796081, 9.273101727816167 ], [ 79.20660288479128, 9.273108506573326 ], [ 79.206611419684791, 9.273115287103542 ], [ 79.206619952781693, 9.273122066747032 ], [ 79.20662393680999, 9.273128281641792 ], [ 79.206627919939947, 9.273134497422985 ], [ 79.206631903069905, 9.273140712317504 ], [ 79.206635887098216, 9.273146928098482 ], [ 79.206639870228173, 9.273153142992797 ], [ 79.206643853358131, 9.273159358773546 ], [ 79.206647837386427, 9.273165573667606 ], [ 79.20665181961806, 9.273171788561591 ], [ 79.206650684147561, 9.27318083074451 ], [ 79.206649547778738, 9.273189872040613 ], [ 79.206648413206537, 9.273198915109633 ], [ 79.206647276837671, 9.273207956405265 ], [ 79.20664614226547, 9.273216997700668 ], [ 79.206645005896647, 9.273226039882392 ], [ 79.20664387042612, 9.273235082063909 ], [ 79.206642734057283, 9.273244124245199 ], [ 79.206634202757044, 9.273248081030612 ], [ 79.206625670558495, 9.273252038702521 ], [ 79.206617140156553, 9.273255996374417 ], [ 79.206608607957961, 9.273259954046237 ], [ 79.206600075759383, 9.273263910831458 ], [ 79.206591545357455, 9.273267867616642 ], [ 79.206583013158877, 9.273271826174922 ], [ 79.206574480960327, 9.273275783846602 ], [ 79.206568223296031, 9.273275501915707 ], [ 79.206561965631792, 9.273275220871374 ], [ 79.206555708865849, 9.273274938940443 ], [ 79.206549452099878, 9.273274658782697 ], [ 79.206543194435611, 9.273274376851765 ], [ 79.206536936771329, 9.273274095807432 ], [ 79.206530680005386, 9.273273813876537 ], [ 79.206524422341133, 9.273273532832205 ], [ 79.206518164676851, 9.27327325178786 ], [ 79.206511907910908, 9.273272969856928 ], [ 79.206505651144951, 9.273272688812595 ], [ 79.206499392582373, 9.27327240776825 ], [ 79.206493135816388, 9.273272126723917 ], [ 79.206486879050431, 9.273271844793022 ], [ 79.206480622284488, 9.273271563748677 ], [ 79.20647436372191, 9.273271282704345 ], [ 79.206465404823575, 9.273269590232271 ], [ 79.206456445026944, 9.273267895987063 ], [ 79.206447485230285, 9.27326620174183 ], [ 79.206438526331965, 9.273264509269769 ], [ 79.206429565637023, 9.273262815024509 ], [ 79.206420606738661, 9.273261121665836 ], [ 79.206411646942016, 9.273259429193711 ], [ 79.206402687145399, 9.273257734948466 ], [ 79.206393727348754, 9.273256041589768 ], [ 79.20638476934873, 9.273254348231019 ], [ 79.206375808653775, 9.273252653985747 ], [ 79.20636684885713, 9.273250960627037 ], [ 79.206357889060484, 9.2732492672683 ], [ 79.206348930162164, 9.273247573909565 ], [ 79.206339970365519, 9.273245879664229 ], [ 79.20633101056886, 9.273244187192027 ], [ 79.206322050772201, 9.273242493833266 ], [ 79.206313090975584, 9.273240799587944 ], [ 79.206304132077236, 9.273239107115717 ], [ 79.206295172280605, 9.273237412870332 ], [ 79.206286211585635, 9.27323572039813 ], [ 79.206277252687329, 9.273234026152732 ], [ 79.206268293789009, 9.273232331907371 ], [ 79.206259333992364, 9.273230639435106 ], [ 79.206250374195704, 9.273228946076268 ], [ 79.206241414399059, 9.273227251830845 ], [ 79.2062324546024, 9.273225559358591 ], [ 79.20622349570408, 9.273223865113156 ], [ 79.206214535907435, 9.273222171754291 ], [ 79.20620557611079, 9.273220479281976 ], [ 79.206196616314173, 9.273218785036539 ], [ 79.206187657415811, 9.273217090791064 ], [ 79.206180547250355, 9.273217375381741 ], [ 79.20617343618656, 9.273217659972419 ], [ 79.206166326021105, 9.273217942789987 ], [ 79.206159215855621, 9.273218227380664 ], [ 79.206152104791826, 9.273218511084755 ], [ 79.206144994626371, 9.273218794788871 ], [ 79.206137883562562, 9.273219079379547 ], [ 79.206130774295417, 9.273219363083664 ], [ 79.206123663231622, 9.273219646787755 ], [ 79.206116553066124, 9.273219931378431 ], [ 79.206109442002344, 9.273220215082548 ], [ 79.206102331836874, 9.273220498786639 ], [ 79.206095221671418, 9.27322078337734 ], [ 79.206088110607624, 9.273221067081431 ], [ 79.206081001340465, 9.273221350785548 ], [ 79.206073890276684, 9.273221635376224 ], [ 79.206068060210484, 9.273225027413378 ], [ 79.206062230144283, 9.273228417677386 ], [ 79.206056400976422, 9.273231810601088 ], [ 79.206050570910222, 9.273235201751591 ], [ 79.206044740844035, 9.273238593788619 ], [ 79.206038910777821, 9.273241985825658 ], [ 79.206033081609931, 9.27324537697606 ], [ 79.206027250645448, 9.273248769012998 ], [ 79.206021422375869, 9.273252161049898 ], [ 79.206015591411344, 9.273255553086797 ], [ 79.206009762243482, 9.273258945123633 ], [ 79.206003932177282, 9.273262336273882 ], [ 79.205998102111096, 9.27326572831068 ], [ 79.205992272044895, 9.273269120347415 ], [ 79.205986441978695, 9.273272512384148 ], [ 79.205980612810833, 9.273275904420819 ], [ 79.205974782744633, 9.273279294684341 ], [ 79.205968952678447, 9.273282686720949 ], [ 79.205963122612246, 9.273286078757556 ], [ 79.205957294342682, 9.2732894699075 ], [ 79.205951463378184, 9.273292862830605 ], [ 79.205945634210281, 9.273296253980522 ], [ 79.205939803245798, 9.273299646016989 ], [ 79.205933974077894, 9.273303038053394 ], [ 79.205928144011693, 9.27330642920321 ], [ 79.205922313945536, 9.273309822126148 ], [ 79.205916483879335, 9.273313213275914 ], [ 79.205910653813149, 9.273316605312216 ], [ 79.205904824645245, 9.273319997348468 ], [ 79.205898994579044, 9.273323387611519 ], [ 79.205893165411183, 9.273326781420892 ], [ 79.205887335344997, 9.273330171683881 ], [ 79.205878235411149, 9.273338086139281 ], [ 79.205869136375654, 9.273345997934785 ], [ 79.205860036441834, 9.273353912389791 ], [ 79.205850935609661, 9.273361825071509 ], [ 79.205841836574166, 9.273369738639612 ], [ 79.205832736640332, 9.273377651320937 ], [ 79.205823636706512, 9.273385564888695 ], [ 79.205814537671003, 9.273393477569702 ], [ 79.205810841103585, 9.273398846667202 ], [ 79.20580714543452, 9.273404215764614 ], [ 79.20580344886713, 9.273409585748521 ], [ 79.20579975319805, 9.273414954845768 ], [ 79.20579605663066, 9.273420323942936 ], [ 79.205792360063271, 9.273425693926615 ], [ 79.205788664394163, 9.273431063023606 ], [ 79.205784967826773, 9.273436432120523 ], [ 79.205781271259383, 9.273441801217361 ], [ 79.205777574691993, 9.27344717120071 ], [ 79.205773879022914, 9.273452540297383 ], [ 79.205770183353849, 9.273457909393967 ], [ 79.205766485888134, 9.273463277603927 ], [ 79.20576279021904, 9.273468646700344 ], [ 79.20575909365165, 9.273474015796687 ], [ 79.20575539708426, 9.273479385779552 ], [ 79.2057531243466, 9.273487863206476 ], [ 79.20575084981229, 9.273496338860051 ], [ 79.20574857707463, 9.273504816286582 ], [ 79.205746304336984, 9.273513292826335 ], [ 79.205744029802659, 9.273521770252446 ], [ 79.205741757064999, 9.273530246791754 ], [ 79.20573948432731, 9.273538724217456 ], [ 79.205737209793028, 9.273547200756395 ], [ 79.205734936157029, 9.27355567906824 ], [ 79.205732661622733, 9.273564154720185 ], [ 79.205730388885073, 9.273572632145063 ], [ 79.205728116147412, 9.273581108683187 ], [ 79.205725841613088, 9.273589586107656 ], [ 79.205723568875442, 9.273598062645336 ], [ 79.205721296137781, 9.273606540069398 ], [ 79.205719021603457, 9.273615016606696 ], [ 79.205720445433187, 9.273622362761502 ], [ 79.205721869262931, 9.273629708916193 ], [ 79.205723293092618, 9.273637055070706 ], [ 79.205724716922361, 9.273644402111653 ], [ 79.205726140752091, 9.273651747379313 ], [ 79.205727564581821, 9.273659092646795 ], [ 79.205728989309847, 9.27366643880071 ], [ 79.205730412241252, 9.273673784954473 ], [ 79.205731836070981, 9.27368113110807 ], [ 79.205733259900725, 9.273688477261503 ], [ 79.20573468283213, 9.273695824301393 ], [ 79.20573610666186, 9.273703168681386 ], [ 79.205737531389886, 9.273710515720934 ], [ 79.205738954321291, 9.273717860987182 ], [ 79.20574037815102, 9.273725208026461 ], [ 79.20574180198075, 9.273732553292403 ], [ 79.205746069876668, 9.273739898558194 ], [ 79.205750337772571, 9.273747244710405 ], [ 79.205754604770178, 9.273754589975889 ], [ 79.205758872666095, 9.273761936127807 ], [ 79.205763142358634, 9.273769281393012 ], [ 79.205767410254552, 9.27377662577144 ], [ 79.205771677252159, 9.273783971922899 ], [ 79.205775945148062, 9.273791317187607 ], [ 79.20578021304398, 9.273798661565603 ], [ 79.205784481838208, 9.273806007716605 ], [ 79.205788748835829, 9.273813352980856 ], [ 79.205793016731747, 9.273820699131539 ], [ 79.20579728462765, 9.273828045282071 ], [ 79.205801553421892, 9.273835389659302 ], [ 79.205805821317796, 9.273842735809529 ], [ 79.205810089213713, 9.273850081073004 ], [ 79.205815921076535, 9.273857285371101 ], [ 79.205821752939357, 9.273864487895938 ], [ 79.205827585700476, 9.273871692193742 ], [ 79.205833417563341, 9.273878895604847 ], [ 79.205839250324459, 9.273886100788934 ], [ 79.205845082187281, 9.273893304199733 ], [ 79.205850914050103, 9.273900507610405 ], [ 79.205856746811264, 9.273907711907498 ], [ 79.205862578674086, 9.273914916204438 ], [ 79.205868411435191, 9.273922118728066 ], [ 79.205874244196352, 9.273929323024714 ], [ 79.205880076059174, 9.273936527321183 ], [ 79.205885907023671, 9.27394373161755 ], [ 79.205891739784832, 9.273950935027154 ], [ 79.205897571647654, 9.27395813932319 ], [ 79.205903404408801, 9.273965342732513 ], [ 79.205909237169919, 9.27397254702827 ], [ 79.205915069032741, 9.273979750437302 ], [ 79.205920900895563, 9.27398695384618 ], [ 79.2059267327584, 9.273994158141479 ], [ 79.205932564621222, 9.27400136243665 ], [ 79.205938398280693, 9.274008565845083 ], [ 79.20594423014353, 9.274015770139924 ], [ 79.205950062006352, 9.274022974434663 ], [ 79.20595589476747, 9.274030176956051 ], [ 79.205961726630292, 9.274037381250485 ], [ 79.205967559391439, 9.274044584658194 ], [ 79.205973391254261, 9.274051788952335 ], [ 79.205979223117097, 9.274058993246285 ], [ 79.205985055878202, 9.274066196653536 ], [ 79.205990887741038, 9.274073400947231 ], [ 79.205996719603903, 9.274080605240748 ], [ 79.205998996833131, 9.274086820118512 ], [ 79.206001273164048, 9.274093035882736 ], [ 79.206003550393291, 9.274099250760282 ], [ 79.206005826724223, 9.274105468297423 ], [ 79.20600810305514, 9.274111683174754 ], [ 79.206010380284383, 9.274117898938544 ], [ 79.206012656615329, 9.274124113815606 ], [ 79.206014933844571, 9.274130329579206 ], [ 79.206017210175517, 9.274136545342653 ], [ 79.20601948740476, 9.274142761105985 ], [ 79.206021763735663, 9.274148976869215 ], [ 79.206024040964905, 9.27415519263233 ], [ 79.206026318194162, 9.274161408395369 ], [ 79.206028593626769, 9.274167624158268 ], [ 79.20603087085604, 9.274173839034493 ], [ 79.206033148085282, 9.274180054797176 ], [ 79.206031017281447, 9.274189804439256 ], [ 79.206028885579258, 9.274199552307934 ], [ 79.206026754775422, 9.274209300176308 ], [ 79.20602462397153, 9.274219048931027 ], [ 79.20602249316768, 9.274228796798891 ], [ 79.20602036236383, 9.274238546439609 ], [ 79.20601823155998, 9.27424829430694 ], [ 79.206016099857806, 9.274258043060538 ], [ 79.206013969053956, 9.274267790927322 ], [ 79.206011838250106, 9.274277538793825 ], [ 79.206009707446256, 9.274287288433195 ], [ 79.206007575744081, 9.274297036299163 ], [ 79.206005445838528, 9.274306785051413 ], [ 79.206003315034678, 9.274316533803395 ], [ 79.206001184230828, 9.27432628078199 ], [ 79.205999051630357, 9.274336030420011 ], [ 79.205996920826507, 9.274345778284632 ], [ 79.205994790022658, 9.274355527035521 ], [ 79.205992660117104, 9.274365274899594 ], [ 79.205990529313254, 9.274375023649949 ], [ 79.20598839761108, 9.27438477240006 ], [ 79.20598626680723, 9.27439452026332 ], [ 79.20598413600338, 9.274404269012859 ], [ 79.205982004301205, 9.274414016875571 ], [ 79.205979872599031, 9.274423765624565 ], [ 79.205977742693506, 9.274433515259888 ], [ 79.205975611889656, 9.274443262235227 ], [ 79.205973481085778, 9.274453010983418 ], [ 79.205971350281928, 9.274462758844781 ], [ 79.205969218579781, 9.274472507592426 ], [ 79.205967086877607, 9.274482257226389 ], [ 79.205964956972053, 9.274492005086937 ], [ 79.205962042837271, 9.274500127860566 ], [ 79.205959129600814, 9.27450825329371 ], [ 79.205956216364328, 9.274516376953555 ], [ 79.20595330312787, 9.274524500613184 ], [ 79.205950388993088, 9.274532624272622 ], [ 79.205947474858306, 9.274540747931894 ], [ 79.205944561621848, 9.274548871590962 ], [ 79.205941648385362, 9.274556997022962 ], [ 79.205938735148905, 9.274565119795101 ], [ 79.205935821014123, 9.274573244340184 ], [ 79.205932907777679, 9.27458136799849 ], [ 79.205929993642897, 9.274589491656643 ], [ 79.205927081304736, 9.274597616201165 ], [ 79.205924168068279, 9.274605739858899 ], [ 79.205921253933496, 9.274613864403038 ], [ 79.205918340697011, 9.274621987173855 ], [ 79.205915428358892, 9.274630110831028 ], [ 79.20591251422411, 9.27463823537461 ], [ 79.20590960098761, 9.274646359918 ], [ 79.205906686852828, 9.274654482688028 ], [ 79.20590377361637, 9.274662607231036 ], [ 79.205900860379913, 9.274670730887319 ], [ 79.205897947143427, 9.274678855429947 ], [ 79.205895033008645, 9.274686978199236 ], [ 79.205892119772187, 9.274695102741481 ], [ 79.205889205637419, 9.274703227283561 ], [ 79.205886293299258, 9.274711350938864 ], [ 79.205883379164476, 9.274719473707416 ], [ 79.205880465928018, 9.274727598248925 ], [ 79.205877551793236, 9.274735721903655 ], [ 79.20587463855675, 9.274743847331379 ], [ 79.205871725320293, 9.27475197009918 ], [ 79.20586881208385, 9.274760093753351 ], [ 79.205865897949053, 9.274768218293916 ], [ 79.205862984712567, 9.274776341947707 ], [ 79.205860070577785, 9.274784465601343 ], [ 79.205857158239652, 9.274792590141324 ], [ 79.20585424410487, 9.274800713794578 ], [ 79.205851330868384, 9.274808838334202 ], [ 79.205848416733602, 9.274816961100477 ], [ 79.205845504395484, 9.274825084753173 ], [ 79.205842590260701, 9.274833210178786 ], [ 79.205839677024215, 9.274841332944526 ], [ 79.205836762889433, 9.274849456596623 ], [ 79.205833849652976, 9.274857581135127 ], [ 79.205830936416518, 9.274865704786842 ], [ 79.205828023180032, 9.274873829324966 ], [ 79.205825109045236, 9.274881952976338 ], [ 79.205822195808793, 9.274890076627507 ], [ 79.20581928167401, 9.274898201165058 ], [ 79.205816369335849, 9.274906323929297 ], [ 79.205813455201067, 9.274914447579892 ], [ 79.20581054196461, 9.274922573003444 ], [ 79.205807627829827, 9.274930696653684 ], [ 79.205804714593384, 9.274938820303721 ], [ 79.205801801356898, 9.274946943953566 ], [ 79.205798888120441, 9.274955067603246 ], [ 79.205795973985659, 9.274963192139307 ], [ 79.205793060749173, 9.27497131578858 ], [ 79.205790146614419, 9.274979440324261 ], [ 79.205787234276258, 9.274987563973152 ], [ 79.205784320141476, 9.274995686735318 ], [ 79.205781406904975, 9.275003812156987 ], [ 79.205778492770193, 9.275011935805356 ], [ 79.205778493668532, 9.275019846676512 ], [ 79.205778496363493, 9.275027759320675 ], [ 79.205778498160115, 9.275035669304891 ], [ 79.20577849995675, 9.2750435810621 ], [ 79.205778501753372, 9.275051491932581 ], [ 79.205778504448332, 9.275059403689434 ], [ 79.205778505346629, 9.275067314559523 ], [ 79.205778507143251, 9.275075227202604 ], [ 79.205778508041575, 9.27508313807235 ], [ 79.205778509838211, 9.27509104982849 ], [ 79.205778511634847, 9.275098960697866 ], [ 79.205778514329808, 9.275106873340222 ], [ 79.205778516126429, 9.275114784209254 ], [ 79.205778517923051, 9.275122695078123 ], [ 79.205778519719686, 9.275130605946785 ], [ 79.205778520617983, 9.275138517701857 ], [ 79.205787624145074, 9.275144731674308 ], [ 79.205796726773855, 9.275150947419776 ], [ 79.205805829402649, 9.275157161392011 ], [ 79.205814932929727, 9.275163376250704 ], [ 79.205824034660182, 9.275169590222722 ], [ 79.205833138187273, 9.275175804194614 ], [ 79.205842240816025, 9.275182018166403 ], [ 79.205851344343145, 9.275188232138076 ], [ 79.205859307009817, 9.275188514067469 ], [ 79.205867272371449, 9.275188794223689 ], [ 79.205875235936418, 9.275189075266496 ], [ 79.20588319860309, 9.275189357195876 ], [ 79.205891163066426, 9.275189637352108 ], [ 79.205899126631422, 9.275189918394902 ], [ 79.205907091094716, 9.275190199437708 ], [ 79.205915054659727, 9.275190479593954 ], [ 79.205923019123034, 9.275190760636722 ], [ 79.205930981789692, 9.275191041679529 ], [ 79.205938946252999, 9.275191322722334 ], [ 79.205946910716321, 9.275191603765128 ], [ 79.205954874281289, 9.275191884807935 ], [ 79.2059628378463, 9.27519216585074 ], [ 79.205970802309608, 9.275192446893534 ], [ 79.205978764976308, 9.275192727936339 ], [ 79.20598615990771, 9.275191877715386 ], [ 79.205993554839111, 9.275191029267566 ], [ 79.206000949770555, 9.27519017993316 ], [ 79.20600834380366, 9.275189330598753 ], [ 79.206015739633358, 9.27518848215092 ], [ 79.206023134564816, 9.275187632816554 ], [ 79.206030528597921, 9.275186782595547 ], [ 79.206037924427662, 9.275185934147714 ], [ 79.206045319359049, 9.275185084813321 ], [ 79.206052714290465, 9.275184236365464 ], [ 79.20606010832357, 9.27518338703107 ], [ 79.206067503255014, 9.275182537696651 ], [ 79.206074898186415, 9.275181689248805 ], [ 79.206082292219534, 9.275180839027826 ], [ 79.206089687150936, 9.275179989693395 ], [ 79.20609708208238, 9.275179141245548 ], [ 79.206104477013781, 9.275178291911118 ], [ 79.2061118710469, 9.275177442576673 ], [ 79.206119265978288, 9.275176594128828 ], [ 79.206126660909746, 9.275175744794421 ], [ 79.206134055841133, 9.275174894573391 ], [ 79.206141449874252, 9.275174046125533 ], [ 79.206148844805654, 9.275173196791114 ], [ 79.206156239737098, 9.275172348343217 ], [ 79.206163633770174, 9.275171499008799 ], [ 79.206171028701618, 9.275170649674342 ], [ 79.20617842363302, 9.275169801226482 ], [ 79.206185818564421, 9.275168951005478 ], [ 79.206193212597526, 9.275168101671008 ], [ 79.206200609325592, 9.275167253223138 ], [ 79.206208004257007, 9.275166403888667 ], [ 79.206215398290112, 9.275165555440797 ], [ 79.206223503788934, 9.275164034972521 ], [ 79.206231610186038, 9.275162515390834 ], [ 79.206239714786548, 9.275160994035986 ], [ 79.206247821183652, 9.275159472681137 ], [ 79.206255925784177, 9.275157953099436 ], [ 79.206264032181281, 9.275156432631123 ], [ 79.206272137680074, 9.275154913049397 ], [ 79.206280243178895, 9.275153392581084 ], [ 79.206288348677703, 9.275151871226196 ], [ 79.206296454176524, 9.275150350757871 ], [ 79.206304560573656, 9.275148831176118 ], [ 79.206312666072435, 9.27514731070778 ], [ 79.206320771571242, 9.275145791126015 ], [ 79.206328877968389, 9.275144269771104 ], [ 79.206336982568871, 9.275142750189326 ], [ 79.206345088966003, 9.275141228834363 ], [ 79.206353193566486, 9.275139709252572 ], [ 79.206361299963632, 9.275138188784183 ], [ 79.2063694045641, 9.275136668315833 ], [ 79.206377510961246, 9.275135147847431 ], [ 79.20638561735835, 9.275133628265614 ], [ 79.206393722857158, 9.2751321077972 ], [ 79.206401829254304, 9.275130587328785 ], [ 79.206409933854786, 9.275129065973809 ], [ 79.20641804025189, 9.275127546391968 ], [ 79.206426144852401, 9.275126025923528 ], [ 79.206434251249505, 9.275124506341674 ], [ 79.206442355850029, 9.275122984986673 ], [ 79.206450462247133, 9.275121465404807 ], [ 79.206458567745941, 9.275119944049781 ], [ 79.206466674143087, 9.275118423581315 ], [ 79.206474779641894, 9.275116903999422 ], [ 79.206482885140716, 9.275115382644358 ], [ 79.206490990639509, 9.275113863062453 ], [ 79.206499096138288, 9.275112342593987 ], [ 79.206507201637109, 9.275110823012032 ], [ 79.206515308034241, 9.275109301656981 ], [ 79.206523412634724, 9.275107781188463 ], [ 79.206531519031856, 9.275106260719973 ], [ 79.206539623632352, 9.27510474113803 ], [ 79.206547730029484, 9.2751032206695 ], [ 79.206555836426588, 9.275101700200945 ], [ 79.20656394192541, 9.275100179732428 ], [ 79.206572048322542, 9.275098659263874 ], [ 79.206580152923024, 9.275097138795319 ], [ 79.206588259320171, 9.275095619213339 ], [ 79.206596363920639, 9.27509409785821 ], [ 79.206604470317757, 9.275092578276203 ], [ 79.206612574918267, 9.275091057807623 ], [ 79.206620681315371, 9.275089538225604 ], [ 79.206628786814193, 9.275088016870425 ], [ 79.206636892312986, 9.275086496401858 ], [ 79.206644997811807, 9.275084975933227 ], [ 79.206653104208939, 9.275083456351208 ], [ 79.206661209707761, 9.275081935882577 ], [ 79.206669315206554, 9.275080415413946 ], [ 79.206677420705375, 9.275078894945327 ], [ 79.206685527102479, 9.275077375363269 ], [ 79.206693631702962, 9.275075854008026 ], [ 79.206701738100108, 9.27507433265281 ], [ 79.206709842700576, 9.275072813070727 ], [ 79.206717949097722, 9.275071292602059 ], [ 79.206726053698205, 9.275069773019961 ], [ 79.206734160993648, 9.27506825166472 ], [ 79.20674226739078, 9.275066732082623 ], [ 79.206750371991262, 9.275065211613917 ], [ 79.206758478388394, 9.27506369114521 ], [ 79.206766582988891, 9.275062170676527 ], [ 79.206774689386023, 9.275060650207807 ], [ 79.206782793986505, 9.275059129739088 ], [ 79.206790900383609, 9.275057610156928 ], [ 79.206799005882417, 9.275056089688196 ], [ 79.206807111381238, 9.275054569219474 ], [ 79.206815216880045, 9.275053048750729 ], [ 79.206823323277177, 9.275051528281971 ], [ 79.206831428775999, 9.275050007813201 ], [ 79.206839534274806, 9.275048488231015 ], [ 79.206847639773613, 9.275046966875683 ], [ 79.206855746170731, 9.275045447293486 ], [ 79.206863850771242, 9.27504392682469 ], [ 79.206871957168346, 9.275042407242466 ], [ 79.206880061768828, 9.275040885000536 ], [ 79.206888168165975, 9.275039365418314 ], [ 79.206896272766443, 9.275037844949491 ], [ 79.206904379163589, 9.275036325367243 ], [ 79.206912484662396, 9.275034804011861 ], [ 79.2069205910595, 9.275033284429613 ], [ 79.206928696558322, 9.275031763960765 ], [ 79.206936802057115, 9.275030244378504 ], [ 79.206944907555936, 9.27502872213651 ], [ 79.206953013054743, 9.275027201667637 ], [ 79.206961118553551, 9.275025682085351 ], [ 79.206969224950697, 9.275024161616503 ], [ 79.206977329551179, 9.275022641147618 ], [ 79.206985435948283, 9.275021120678732 ], [ 79.20699354144709, 9.275019601096421 ], [ 79.207001646945898, 9.275018080627509 ], [ 79.207009752444705, 9.275016560158637 ], [ 79.207017858841851, 9.275015038803128 ], [ 79.207025965238955, 9.27501351922079 ], [ 79.207034069839466, 9.275011998751866 ], [ 79.207042176236584, 9.275010478282955 ], [ 79.207050280837095, 9.275008957814006 ], [ 79.207058387234198, 9.275007438231643 ], [ 79.207066491834681, 9.275005917762682 ], [ 79.207074598231813, 9.275004397293758 ], [ 79.207082703730634, 9.275002875938197 ], [ 79.207090809229442, 9.275001356355808 ], [ 79.207098914728249, 9.274999835886822 ], [ 79.207107020227056, 9.274998315417873 ], [ 79.207115125725878, 9.274996794948873 ], [ 79.207123233021306, 9.274995275366459 ], [ 79.207131337621789, 9.274993754897446 ], [ 79.207139444018935, 9.274992234428421 ], [ 79.207147548619403, 9.274990713072848 ], [ 79.20715565501655, 9.274989192603822 ], [ 79.207163759617032, 9.27498767302137 ], [ 79.20717186601415, 9.274986151665772 ], [ 79.207179972411282, 9.274984632083319 ], [ 79.207188077011764, 9.274983111614256 ], [ 79.207196183408897, 9.274981592031779 ], [ 79.207204288009393, 9.274980070676154 ], [ 79.207212394406511, 9.274978551093664 ], [ 79.207220499905333, 9.274977029738002 ], [ 79.207228606302436, 9.274975510155485 ], [ 79.207236711801244, 9.274973988799848 ], [ 79.207244817300065, 9.274972469217333 ], [ 79.207252922798858, 9.274970948748219 ], [ 79.210870571398686, 9.274179046763752 ], [ 79.210878888899913, 9.274176890618445 ], [ 79.210887208197732, 9.274174733586552 ], [ 79.210895526597284, 9.274172578327805 ], [ 79.210903845895132, 9.274170422182435 ], [ 79.210912164294655, 9.274168266037064 ], [ 79.210920482694178, 9.274166109891693 ], [ 79.21092880199204, 9.274163952859737 ], [ 79.210937121289888, 9.274161796714328 ], [ 79.210945439689411, 9.274159640568895 ], [ 79.210953758987259, 9.27415748531002 ], [ 79.210962078285093, 9.274155329164561 ], [ 79.21097039668463, 9.274153172132554 ], [ 79.210978715982492, 9.274151015987067 ], [ 79.210987034382015, 9.274148858955023 ], [ 79.210995352781538, 9.274146702809524 ], [ 79.211003672079386, 9.274144546664001 ], [ 79.211011991377234, 9.274142389631892 ], [ 79.211020308878432, 9.274140234372942 ], [ 79.21102862817628, 9.274138078227381 ], [ 79.211036946575817, 9.274135922081806 ], [ 79.211045265873665, 9.274133765936233 ], [ 79.211053584273188, 9.274131608904071 ], [ 79.211061902672739, 9.274129452758471 ], [ 79.211070221970601, 9.274127296612846 ], [ 79.211078541268407, 9.274125141353794 ], [ 79.211086858769633, 9.274122985208145 ], [ 79.211095178067481, 9.274120828175896 ], [ 79.211103497365343, 9.274118672030257 ], [ 79.211111815764866, 9.274116515884568 ], [ 79.211120135062728, 9.274114359738867 ], [ 79.211128452563912, 9.274112203593154 ], [ 79.21113677186176, 9.274110046560827 ], [ 79.211145091159608, 9.274107891301673 ], [ 79.211153409559131, 9.274105735155921 ], [ 79.211161727958697, 9.274103578123595 ], [ 79.211170047256516, 9.274101421977818 ], [ 79.211178365656068, 9.274099264945429 ], [ 79.211186684953887, 9.274097108799626 ], [ 79.211195003353453, 9.274094952653835 ], [ 79.211203321752976, 9.274092797394554 ], [ 79.211211641050824, 9.274090641248712 ], [ 79.211219960348672, 9.274088484216298 ], [ 79.21122827784987, 9.274086328070419 ], [ 79.211236597147717, 9.274084171924526 ], [ 79.21124491644558, 9.274082015778633 ], [ 79.211253234845103, 9.274079859632716 ], [ 79.211261554142951, 9.274077702600238 ], [ 79.211269871644163, 9.274075547340843 ], [ 79.211278190941997, 9.274073391194925 ], [ 79.211286510239844, 9.27407123504897 ], [ 79.211294828639367, 9.274069078902988 ], [ 79.211303147038919, 9.274066921870395 ], [ 79.211311466336767, 9.274064765724388 ], [ 79.21131978473629, 9.274062608691821 ], [ 79.211328104034152, 9.274060453432375 ], [ 79.211336422433675, 9.274058297286317 ], [ 79.211344740833198, 9.274056141140273 ], [ 79.211353060131046, 9.274053984107603 ], [ 79.211361379428894, 9.274051827961545 ], [ 79.211369697828417, 9.274049671815449 ], [ 79.21137801622794, 9.274047515669341 ], [ 79.211386334627477, 9.274045360409767 ], [ 79.211394653925325, 9.274043203377072 ], [ 79.211402973223173, 9.274041047230913 ], [ 79.211411290724399, 9.274038891084754 ], [ 79.211419610022247, 9.274036734938582 ], [ 79.211427929320067, 9.274034578792385 ], [ 79.211436247719618, 9.274032422646174 ], [ 79.211444567017452, 9.274030265613403 ], [ 79.211452885416989, 9.27402810858062 ], [ 79.211461203816526, 9.274025953320931 ], [ 79.211469523114374, 9.274023797174671 ], [ 79.211477842412236, 9.274021641028396 ], [ 79.21148615991342, 9.274019483995549 ], [ 79.211494479211268, 9.274017327849251 ], [ 79.211502797610791, 9.274015171702938 ], [ 79.211511116908639, 9.274013016443211 ], [ 79.211519435308176, 9.274010860296874 ], [ 79.211527753707728, 9.274008703263926 ], [ 79.211536073005547, 9.274006547117601 ], [ 79.211544392303395, 9.274004390971225 ], [ 79.211552710702918, 9.274002234824824 ], [ 79.211561030000766, 9.274000077791836 ], [ 79.211569348400332, 9.273997921645423 ], [ 79.211577666799855, 9.273995764612435 ], [ 79.211585986097703, 9.273993609352582 ], [ 79.211594305395522, 9.273991453206117 ], [ 79.211602623795088, 9.273989297059652 ], [ 79.211610942194611, 9.273987140913174 ], [ 79.211619260594134, 9.273984984766672 ], [ 79.211627579891982, 9.273982827733608 ], [ 79.21163589918983, 9.273980671587081 ], [ 79.211644217589367, 9.2739785163271 ], [ 79.211652535988875, 9.273976360180546 ], [ 79.211660855286738, 9.273974204033992 ], [ 79.211669173686246, 9.273972047000852 ], [ 79.211677492984109, 9.273969889967713 ], [ 79.211685811383632, 9.273967733821108 ], [ 79.211694129783183, 9.27396557767449 ], [ 79.211702449081002, 9.27396342241442 ], [ 79.211710768378865, 9.273961266267802 ], [ 79.211719085880077, 9.273959109234562 ], [ 79.211727405177939, 9.273956953087893 ], [ 79.211735723577462, 9.273954796941211 ], [ 79.21174404287531, 9.273952640794519 ], [ 79.211752361274833, 9.273950484647838 ], [ 79.211760679674356, 9.273948329387666 ], [ 79.211768998972204, 9.273946172354385 ], [ 79.211777318270066, 9.273944015321042 ], [ 79.211785635771278, 9.273941859174272 ], [ 79.211793955069112, 9.273939703027503 ], [ 79.21180227436696, 9.273937546880745 ], [ 79.211810592766511, 9.273935389847363 ], [ 79.211818911166034, 9.273933233700543 ], [ 79.211827229565557, 9.273931078440308 ], [ 79.211835548863405, 9.273928922293461 ], [ 79.211843868161253, 9.273926766146602 ], [ 79.211852186560776, 9.273924609999742 ], [ 79.211860504960313, 9.273922452966298 ], [ 79.211868824258161, 9.273920295932827 ], [ 79.211877142657684, 9.273918139785916 ], [ 79.211885461955532, 9.273915983638995 ], [ 79.211893780355055, 9.273913828378644 ], [ 79.211902098754621, 9.273911672231696 ], [ 79.211910418052426, 9.273909515198188 ], [ 79.211918737350288, 9.273907359051201 ], [ 79.211927055749811, 9.273905202904215 ], [ 79.211935374149377, 9.273903046757216 ], [ 79.21194376441413, 9.273900149434668 ], [ 79.211952153780544, 9.273897251225549 ], [ 79.211960543146972, 9.273894353016365 ], [ 79.211968934310065, 9.273891453920596 ], [ 79.211977323676493, 9.273888555711361 ], [ 79.211985713042907, 9.273885659275287 ], [ 79.211994103307674, 9.273882761066014 ], [ 79.212002492674131, 9.273879862856727 ], [ 79.212010882040559, 9.273876964647405 ], [ 79.212019272305312, 9.273874067324641 ], [ 79.21202766167174, 9.273871169115305 ], [ 79.212036051038197, 9.273868270905906 ], [ 79.21204444130295, 9.273865372696481 ], [ 79.212052830669393, 9.273862475373615 ], [ 79.212061220035807, 9.273859577164178 ], [ 79.21206961030056, 9.273856678954688 ], [ 79.212077999667031, 9.273853780745199 ], [ 79.212086389033445, 9.273850883422245 ], [ 79.212094779298212, 9.273847985212679 ], [ 79.21210316866464, 9.273845087003089 ], [ 79.212111558031097, 9.273842188793511 ], [ 79.212119948295822, 9.27383929058387 ], [ 79.212128337662278, 9.273836393260789 ], [ 79.212136727028707, 9.273833495051134 ], [ 79.21214511729346, 9.27383059684143 ], [ 79.212153506659888, 9.273827698631724 ], [ 79.212161896026345, 9.273824801308553 ], [ 79.212170286291098, 9.273821903098773 ], [ 79.21217867565754, 9.273819005775552 ], [ 79.212187065023969, 9.273816107565718 ], [ 79.212195455288722, 9.27381321024246 ], [ 79.212203844655178, 9.273810311146029 ], [ 79.212212234919932, 9.273807412936158 ], [ 79.212220625184656, 9.273804514726224 ], [ 79.212229013652788, 9.273801617402862 ], [ 79.212237403917541, 9.273798719192929 ], [ 79.212245794182294, 9.273795821869516 ], [ 79.212254182650426, 9.273792923659494 ], [ 79.212262572915179, 9.273790026336043 ], [ 79.212270963179947, 9.273787128125969 ], [ 79.212279351648078, 9.273784229029321 ], [ 79.212287741912789, 9.273781330819235 ], [ 79.212296132177556, 9.273778432609097 ], [ 79.212304520645674, 9.27377553528552 ], [ 79.212312910910441, 9.273772637961917 ], [ 79.212321301175194, 9.27376973975174 ], [ 79.212329689643326, 9.273766842428088 ], [ 79.212338079908079, 9.273763944217823 ], [ 79.212346470172832, 9.273761046007532 ], [ 79.212354858640936, 9.273758147797267 ], [ 79.212363248905689, 9.273755248700377 ], [ 79.212371639170442, 9.27375235137661 ], [ 79.212380027638574, 9.27374945316623 ], [ 79.212388417903327, 9.273746555842411 ], [ 79.212396808168094, 9.27374365763202 ], [ 79.212405198432847, 9.273740760308149 ], [ 79.212413587799276, 9.273737862097668 ], [ 79.21242197716569, 9.273734963887174 ], [ 79.212430367430457, 9.273732065676681 ], [ 79.212438756796928, 9.273729168352721 ], [ 79.212447146163342, 9.27372626925559 ], [ 79.212455536428095, 9.273723371931581 ], [ 79.212463925794523, 9.273720473720958 ], [ 79.21247231516098, 9.273717576396912 ], [ 79.212480989293354, 9.273713900660793 ], [ 79.212489663425728, 9.273710225811223 ], [ 79.212498336659806, 9.273706550074992 ], [ 79.21250701079218, 9.273702875225345 ], [ 79.212515684924597, 9.273699200375635 ], [ 79.212524359056971, 9.273695524639315 ], [ 79.212533032291034, 9.273691849789554 ], [ 79.212541707321748, 9.273688174939716 ], [ 79.212550380555783, 9.27368450008988 ], [ 79.21255905378986, 9.273680825239966 ], [ 79.212567728820559, 9.273677150390053 ], [ 79.212576402054651, 9.273673474653503 ], [ 79.212585076187011, 9.273669799803475 ], [ 79.212593750319385, 9.273666124953447 ], [ 79.212602423553463, 9.273662450103343 ], [ 79.212611097685866, 9.273658775253239 ], [ 79.21261977181824, 9.273655100403046 ], [ 79.212628445950614, 9.27365142466628 ], [ 79.212637120082988, 9.27364774981606 ], [ 79.212645794215391, 9.273644074965766 ], [ 79.212654466551143, 9.273640400115458 ], [ 79.212663141581842, 9.273636725265087 ], [ 79.212671815714216, 9.273633048641569 ], [ 79.212680488948294, 9.273629373791108 ], [ 79.212689163978993, 9.273625698940661 ], [ 79.212697837213071, 9.273622024090123 ], [ 79.212706511345445, 9.273618349239561 ], [ 79.212715184579508, 9.273614674388986 ], [ 79.212723858711882, 9.273610998651801 ], [ 79.212732532844257, 9.273607323801123 ], [ 79.212741206976673, 9.273603648950434 ], [ 79.212749881109048, 9.273599974099669 ], [ 79.212758554343125, 9.273596298362317 ], [ 79.212767229373824, 9.273592622624927 ], [ 79.212775901709563, 9.273588947774085 ], [ 79.212784576740276, 9.27358527292318 ], [ 79.212793249974311, 9.27358159807226 ], [ 79.212801924106714, 9.273577923221266 ], [ 79.212810598239088, 9.273574248370272 ], [ 79.212819272371462, 9.273570572632652 ], [ 79.212827945605554, 9.273566897781544 ], [ 79.212836619737914, 9.273563222930447 ], [ 79.21284529387033, 9.273559548079261 ], [ 79.212853967104365, 9.273555873228075 ], [ 79.212862642135079, 9.273552198376814 ], [ 79.212871315369142, 9.273548522638952 ], [ 79.21287998860322, 9.273544847787665 ], [ 79.212888663633919, 9.273541172936289 ], [ 79.212897336867968, 9.273537498084874 ], [ 79.212906011898667, 9.273533823233461 ], [ 79.212914685132745, 9.273530146608822 ], [ 79.212923359265119, 9.273526471757332 ], [ 79.212932033397522, 9.273522796905764 ], [ 79.212940706631599, 9.273519122054198 ], [ 79.212949379865648, 9.273515447202541 ], [ 79.212958054896347, 9.273511772350897 ], [ 79.212966729028722, 9.27350809661263 ], [ 79.212975402262799, 9.27350442176086 ], [ 79.212984077293498, 9.273500746022515 ], [ 79.212992749629237, 9.273497071170706 ], [ 79.213001424659936, 9.273493396318846 ], [ 79.213010097894028, 9.273489720580375 ], [ 79.213018772026402, 9.273486045728452 ], [ 79.213027446158804, 9.27348237176305 ], [ 79.2130370437593, 9.273477706607121 ], [ 79.213046642258078, 9.273473043224273 ], [ 79.213056239858602, 9.273468378954776 ], [ 79.21306583835738, 9.273463714685255 ], [ 79.213075435957904, 9.273459050415681 ], [ 79.2130850335584, 9.273454386145993 ], [ 79.213094632955517, 9.273449721876281 ], [ 79.213104230556013, 9.273445057606478 ], [ 79.213113829054819, 9.273440393336651 ], [ 79.213123425757018, 9.273435729066746 ], [ 79.213133024255811, 9.273431064796753 ], [ 79.213142621856335, 9.273426401413296 ], [ 79.213152220355113, 9.273421736256628 ], [ 79.213161817955594, 9.273417071986483 ], [ 79.213171417352754, 9.273412407716274 ], [ 79.213181014953236, 9.273407744332561 ], [ 79.213190612553731, 9.273403079175651 ], [ 79.213200211052552, 9.273398414905213 ], [ 79.213209808653033, 9.273393750634762 ], [ 79.213219407151868, 9.273389087250807 ], [ 79.213229003854025, 9.273384422980229 ], [ 79.213238602352831, 9.273379758709549 ], [ 79.213248200851666, 9.273375095325404 ], [ 79.213257799350473, 9.273370431054648 ], [ 79.213267396950968, 9.27336576589723 ], [ 79.21327699455145, 9.273361101626346 ], [ 79.21328659305027, 9.273356438241947 ], [ 79.213296190650766, 9.273351773970898 ], [ 79.213305789149587, 9.273347108813276 ], [ 79.213315386750068, 9.273342445428698 ], [ 79.213324985248889, 9.273337781157458 ], [ 79.213334582849384, 9.273333116886207 ], [ 79.213344181348205, 9.273328452614852 ], [ 79.213353778948687, 9.273323788343472 ], [ 79.213363377447479, 9.273319124072028 ], [ 79.213372975048003, 9.273314459800483 ], [ 79.213382572648484, 9.273309796415473 ], [ 79.213392172045602, 9.27330513125724 ], [ 79.213401768747801, 9.273300466985555 ], [ 79.213411367246607, 9.273295802713793 ], [ 79.213420964847103, 9.273291139328542 ], [ 79.213430563345895, 9.273286474170067 ], [ 79.213440160946419, 9.273281809898091 ], [ 79.213449759445197, 9.273277145626087 ], [ 79.213459357944018, 9.27327248224058 ], [ 79.213468956442838, 9.273267817081864 ], [ 79.213478554043334, 9.273263152809671 ], [ 79.213488150745533, 9.273258489423974 ], [ 79.213497749244297, 9.273253825151652 ], [ 79.213507346844821, 9.273249160879255 ], [ 79.213516945343613, 9.273244495720233 ], [ 79.213526543842434, 9.273239832334282 ], [ 79.213536142341255, 9.273235168061719 ], [ 79.213545739941736, 9.273230503789092 ], [ 79.213555338440571, 9.273225838629816 ], [ 79.213564936041053, 9.273221175243624 ], [ 79.213574532743252, 9.273216510970792 ], [ 79.21358413124203, 9.273211846697926 ], [ 79.21359372974085, 9.273207183311541 ], [ 79.213603328239671, 9.273202518151948 ], [ 79.213612925840152, 9.273197853878901 ], [ 79.213622524338987, 9.273193189605752 ], [ 79.213632121939469, 9.273188526219153 ], [ 79.213641720438289, 9.273183861059316 ], [ 79.215247908166262, 9.272329067439877 ], [ 79.217545722306269, 9.271189292977612 ], [ 79.21755645807221, 9.271184697831059 ], [ 79.217567192939853, 9.271180105344161 ], [ 79.217577927807497, 9.271175511084081 ], [ 79.21758866357348, 9.271170916823936 ], [ 79.217599400237759, 9.27116632256374 ], [ 79.217610135105403, 9.271161729190041 ], [ 79.217620870871357, 9.271157134929718 ], [ 79.217631606637326, 9.271152540669306 ], [ 79.217642342403266, 9.271147947295429 ], [ 79.217653078169221, 9.271143353921513 ], [ 79.217663813935204, 9.271138758774363 ], [ 79.217674548802847, 9.271134165400307 ], [ 79.217685283670491, 9.271129572026188 ], [ 79.217696021233067, 9.271124976878886 ], [ 79.217706756100711, 9.27112038261804 ], [ 79.217717490968354, 9.271115790130343 ], [ 79.217728226734351, 9.271111194982822 ], [ 79.217738963398617, 9.271106600721838 ], [ 79.21774969826626, 9.271102008233949 ], [ 79.217760433133876, 9.271097413086251 ], [ 79.217771169798155, 9.271092819711649 ], [ 79.217781904665799, 9.271088226336996 ], [ 79.217792640431782, 9.271083631189107 ], [ 79.217803377096047, 9.271079037814365 ], [ 79.217814111963705, 9.271074444439522 ], [ 79.217824846831348, 9.271069850178066 ], [ 79.217835582597303, 9.271065255916509 ], [ 79.217846319261568, 9.271060661654927 ], [ 79.217857054129212, 9.27105606827984 ], [ 79.21786778899687, 9.271051474018144 ], [ 79.217878525661149, 9.271046879756371 ], [ 79.217889261427118, 9.271042286381119 ], [ 79.217899996294747, 9.271037692119219 ], [ 79.217910732959012, 9.271033097857254 ], [ 79.217921467826656, 9.27102850359524 ], [ 79.2179322026943, 9.271023910219746 ], [ 79.217942939358579, 9.271019315957616 ], [ 79.217953675124562, 9.271014721695437 ], [ 79.217964409992206, 9.271010129206314 ], [ 79.217975144859849, 9.271005534057446 ], [ 79.21798588242244, 9.271000939795048 ], [ 79.217996617290083, 9.270996347305786 ], [ 79.218007352157727, 9.270991752156688 ], [ 79.218018087923667, 9.270987157894151 ], [ 79.21802882368965, 9.270982565404697 ], [ 79.218039558557294, 9.270977970255435 ], [ 79.218050295221573, 9.270973375992721 ], [ 79.218061030987514, 9.270968782616489 ], [ 79.218071765855157, 9.270964188353648 ], [ 79.218082501621154, 9.270959594090703 ], [ 79.21809323738708, 9.270955000714332 ], [ 79.218103973153063, 9.270950407337873 ], [ 79.218114708919018, 9.270945812188192 ], [ 79.218125443786661, 9.270941218811604 ], [ 79.218136179552602, 9.270936625434967 ], [ 79.218146915318584, 9.270932030285119 ], [ 79.218157651084525, 9.270927436908366 ], [ 79.218168385952168, 9.270922842644977 ], [ 79.218179121718151, 9.270918248381498 ], [ 79.218189858382431, 9.270913655004556 ], [ 79.218200593250074, 9.270909060740976 ], [ 79.218211328117732, 9.270904467363918 ], [ 79.218222064781997, 9.270899873100223 ], [ 79.218232799649655, 9.270895278836479 ], [ 79.218240192784435, 9.27089089823872 ], [ 79.218247587715823, 9.270886515867764 ], [ 79.218254980850645, 9.270882135269904 ], [ 79.218262374883722, 9.270877753785419 ], [ 79.21826976801853, 9.270873373187445 ], [ 79.218277162949946, 9.270868990816259 ], [ 79.218284556084726, 9.270864610218183 ], [ 79.21829195011783, 9.270860228733483 ], [ 79.218299344150935, 9.270855848135291 ], [ 79.218306737285715, 9.27085146576389 ], [ 79.21831413131882, 9.270847085165622 ], [ 79.218321523555304, 9.270842702794107 ], [ 79.218328919385044, 9.270838323082259 ], [ 79.218336311621528, 9.270833940710643 ], [ 79.218343705654604, 9.270829560112158 ], [ 79.218351099687709, 9.270825177740427 ], [ 79.218358492822489, 9.27082079714179 ], [ 79.218365886855594, 9.270816415656554 ], [ 79.218373279990416, 9.270812035057817 ], [ 79.218380674921818, 9.270807652685855 ], [ 79.218388068056598, 9.270803272087017 ], [ 79.218395462089703, 9.270798890601553 ], [ 79.218402856122822, 9.270794510002597 ], [ 79.218410250155927, 9.270790127630432 ], [ 79.218417643290707, 9.270785747031365 ], [ 79.218425037323811, 9.270781364659085 ], [ 79.218432431356916, 9.270776984946501 ], [ 79.218439823593371, 9.27077260257412 ], [ 79.218447217626476, 9.270768221974834 ], [ 79.218454611659581, 9.270763839602338 ], [ 79.218462005692686, 9.270759459002978 ], [ 79.218469398827466, 9.270755078403527 ], [ 79.218474517427964, 9.270749425559469 ], [ 79.218479635130123, 9.270743772715322 ], [ 79.218484752832325, 9.270738120757684 ], [ 79.21848987143278, 9.270732468799945 ], [ 79.218494989134996, 9.27072681684213 ], [ 79.218500106837155, 9.270721164884213 ], [ 79.218505226335935, 9.270715512039608 ], [ 79.218510344038137, 9.270709860081514 ], [ 79.21851546174031, 9.270704208123304 ], [ 79.218520580340794, 9.270698555278457 ], [ 79.218525698042967, 9.270692904206655 ], [ 79.218530815745126, 9.270687251361592 ], [ 79.218535934345624, 9.270681599403039 ], [ 79.218541052047797, 9.270675946557811 ], [ 79.218546169749985, 9.270670294599068 ], [ 79.218551288350483, 9.270664641753648 ], [ 79.218555267887183, 9.270655883212088 ], [ 79.218559248322194, 9.270647122010578 ], [ 79.218563226960597, 9.270638362581998 ], [ 79.218567205598987, 9.270629602266618 ], [ 79.218571186932323, 9.27062084195102 ], [ 79.218575165570726, 9.270612081635207 ], [ 79.218579145107441, 9.270603322205737 ], [ 79.218583124644141, 9.27059456188949 ], [ 79.218587105079152, 9.270585801573027 ], [ 79.21859108371757, 9.270577043029496 ], [ 79.218595064152581, 9.270568281826026 ], [ 79.218599042790984, 9.270559522395475 ], [ 79.218603022327684, 9.270550762078123 ], [ 79.218607002762695, 9.270542001760566 ], [ 79.218610982299396, 9.270533242329378 ], [ 79.218614960937813, 9.270524482011352 ], [ 79.21861751844142, 9.270513319942047 ], [ 79.218620075046729, 9.270502159645559 ], [ 79.218622631652025, 9.270490997575543 ], [ 79.218625189155631, 9.270479837278343 ], [ 79.218627745760941, 9.270468675207638 ], [ 79.218630302366208, 9.270457514023166 ], [ 79.218632858971517, 9.270446352838297 ], [ 79.218635415576827, 9.270435191653073 ], [ 79.218637973080419, 9.270424029580932 ], [ 79.218640529685729, 9.270412868395047 ], [ 79.218643087189335, 9.270401707208753 ], [ 79.218645643794645, 9.270390546022156 ], [ 79.218648200399954, 9.270379384835163 ], [ 79.218650757005264, 9.270368222761254 ], [ 79.21865331361056, 9.270357061573549 ], [ 79.218655871114166, 9.270345900385527 ], [ 79.218658427719475, 9.270334739197109 ], [ 79.218660985223067, 9.270323578008373 ], [ 79.218663541828377, 9.270312416819255 ], [ 79.218666098433687, 9.270301254743222 ], [ 79.218668655038954, 9.270290092666819 ], [ 79.218671211644264, 9.270278932363233 ], [ 79.21867376914787, 9.270267771172691 ], [ 79.218676325753179, 9.27025660998183 ], [ 79.218678883256814, 9.270245447904003 ], [ 79.218681439862081, 9.270234286712405 ], [ 79.218683995569094, 9.270223124633876 ], [ 79.2186865530727, 9.270211965214765 ], [ 79.218689109677996, 9.270200803135523 ], [ 79.218691667181602, 9.270189641055902 ], [ 79.218694223786898, 9.270178479862549 ], [ 79.218696781290518, 9.270167317782253 ], [ 79.218697347229153, 9.270156015621449 ], [ 79.218697912269462, 9.2701447143469 ], [ 79.218698479106394, 9.27013341218537 ], [ 79.218699045045028, 9.270122110910096 ], [ 79.218699610085338, 9.270110807861281 ], [ 79.218700176922283, 9.270099505698646 ], [ 79.218700741962621, 9.27008820442229 ], [ 79.218701307901213, 9.270076902258941 ], [ 79.218703297669592, 9.270070542797106 ], [ 79.218705287437928, 9.270064185994901 ], [ 79.218707276307967, 9.270057828305971 ], [ 79.218709266076345, 9.270051469730364 ], [ 79.218711254946385, 9.270045112041243 ], [ 79.218713243816424, 9.270038754351969 ], [ 79.21871523358476, 9.270032396662618 ], [ 79.218717223353124, 9.270026038086554 ], [ 79.218719212223164, 9.270019681283534 ], [ 79.218721201093203, 9.270013322707229 ], [ 79.218723189963256, 9.270006965017382 ], [ 79.218725178833296, 9.270000607327459 ], [ 79.218727168601617, 9.269994248750811 ], [ 79.218729158369996, 9.269987891060619 ], [ 79.218731147240035, 9.269981534256901 ], [ 79.218733136110075, 9.269975174793348 ], [ 79.218735125878425, 9.269968817989414 ], [ 79.218737114748464, 9.269962460298764 ], [ 79.218739103618503, 9.269956101721428 ], [ 79.218741094285164, 9.269949744917151 ], [ 79.218743083155204, 9.269943386339571 ], [ 79.218745072025243, 9.26993702864849 ], [ 79.218747061793593, 9.269930670070696 ], [ 79.218749050663618, 9.26992431326596 ], [ 79.218751040431997, 9.269917954687925 ], [ 79.218753029302036, 9.26991159699636 ], [ 79.218755018172075, 9.269905239304695 ], [ 79.218757007042115, 9.269898880726327 ], [ 79.21875899681045, 9.269892523921007 ], [ 79.21876098568049, 9.269886165342397 ], [ 79.218762975448868, 9.269879807650261 ], [ 79.21876496521719, 9.269873449958022 ], [ 79.218766954087243, 9.269867092265644 ], [ 79.218768942957283, 9.269860733686578 ], [ 79.218770932725647, 9.269854375994008 ], [ 79.218772921595686, 9.269848018301273 ], [ 79.218774911364036, 9.269841660608462 ], [ 79.218776901132401, 9.269835302915512 ], [ 79.21877889000244, 9.269828945222471 ], [ 79.218780878872494, 9.269822586642718 ], [ 79.218782868640815, 9.269816228949423 ], [ 79.218784858409194, 9.26980987125604 ], [ 79.218786847279205, 9.269803512675942 ], [ 79.218788836149244, 9.269797155868892 ], [ 79.218790825019269, 9.269790798175126 ], [ 79.218792813889308, 9.269784439594686 ], [ 79.218794803657687, 9.269778081900728 ], [ 79.218796793426023, 9.269771724206608 ], [ 79.218798782296076, 9.269765367398996 ], [ 79.218800772064441, 9.269759007931485 ], [ 79.21880276093448, 9.269752651123671 ], [ 79.218804749804519, 9.269746291655933 ], [ 79.218806739572855, 9.26973993484785 ], [ 79.21880872934122, 9.26973357715304 ], [ 79.218810718211259, 9.269727218571569 ], [ 79.218812707979609, 9.269720861763169 ], [ 79.218814696849648, 9.269714503181431 ], [ 79.218816685719688, 9.269708146372801 ], [ 79.218818674589741, 9.269701786904262 ], [ 79.218820664358105, 9.269695430095364 ], [ 79.218822653228145, 9.269689072399768 ], [ 79.218824642996481, 9.269682713817483 ], [ 79.21882663186652, 9.269676356121682 ], [ 79.218828620736559, 9.269669998425728 ], [ 79.21883245923776, 9.269661802840412 ], [ 79.218836295942353, 9.26965360902804 ], [ 79.218840134443568, 9.269645414328904 ], [ 79.218843972046457, 9.269637218743016 ], [ 79.218847808751022, 9.269629024043496 ], [ 79.218851646353926, 9.269620829343788 ], [ 79.218855483956816, 9.269612633757289 ], [ 79.218859320661394, 9.269604439057211 ], [ 79.218863159162595, 9.269596244356954 ], [ 79.218866996765499, 9.269588048769883 ], [ 79.218870834368403, 9.269579854069219 ], [ 79.218874671971292, 9.269571660254977 ], [ 79.218878508675871, 9.26956346466732 ], [ 79.218882346278775, 9.269555269966084 ], [ 79.218886183881636, 9.269547075264658 ], [ 79.21889002058623, 9.269538879676466 ], [ 79.21889385908743, 9.269530685861231 ], [ 79.218897696690334, 9.269522491159218 ], [ 79.218901534293238, 9.269514295570469 ], [ 79.218905370997803, 9.269506100868087 ], [ 79.218909208600707, 9.269497905278904 ], [ 79.21891304620361, 9.269489710576142 ], [ 79.218916883806472, 9.269481515873176 ], [ 79.218920722307701, 9.269473321170031 ], [ 79.218924559012265, 9.269465125580123 ], [ 79.218928396615169, 9.269456930876585 ], [ 79.218932234218073, 9.269448737059427 ], [ 79.218936070922638, 9.269440542355508 ], [ 79.218939909423838, 9.269432346764848 ], [ 79.218943746128403, 9.269424152060546 ], [ 79.218947583731307, 9.269415957356054 ], [ 79.21895142223255, 9.269407762651383 ], [ 79.218955970402817, 9.269400272781573 ], [ 79.218960517674788, 9.269392784684729 ], [ 79.218965067641676, 9.269385295701213 ], [ 79.218969615811986, 9.269377807604105 ], [ 79.218974164880592, 9.269370317733619 ], [ 79.218978713949156, 9.269362829636179 ], [ 79.218983262119465, 9.269355342425186 ], [ 79.218987811188057, 9.269347853440829 ], [ 79.218992360256664, 9.269340363569746 ], [ 79.21899690932527, 9.269332874585071 ], [ 79.219001456597212, 9.269325387373405 ], [ 79.219006005665804, 9.269317898388437 ], [ 79.21901055473441, 9.269310409403291 ], [ 79.21901510290472, 9.269302921304567 ], [ 79.219019651973312, 9.26929543231909 ], [ 79.21902420104189, 9.269287944220061 ], [ 79.219028749212185, 9.269280454347692 ], [ 79.219033298280792, 9.269272966248344 ], [ 79.219037847349384, 9.269265477262232 ], [ 79.219042396418004, 9.269257989162552 ], [ 79.219046943689932, 9.269250500176122 ], [ 79.219051492758538, 9.269243011189566 ], [ 79.21905604182713, 9.269235523089378 ], [ 79.21906058999744, 9.269228034102502 ], [ 79.219065139964343, 9.269220545115422 ], [ 79.21906968813461, 9.269213056128191 ], [ 79.21907423630492, 9.269205568027404 ], [ 79.219078786271822, 9.269198079926454 ], [ 79.219083334442118, 9.269190590052178 ], [ 79.219087882612399, 9.269183101950908 ], [ 79.219092431680991, 9.269175612962876 ], [ 79.219096979851258, 9.269168124861288 ], [ 79.219100819250798, 9.269162966706444 ], [ 79.219104656853688, 9.269157810324657 ], [ 79.219108495354888, 9.269152652169673 ], [ 79.219112333856117, 9.269147494901173 ], [ 79.219116170560696, 9.269142336746036 ], [ 79.219120009960207, 9.269137180363982 ], [ 79.219123849359747, 9.26913202220868 ], [ 79.219127686064311, 9.269126864939887 ], [ 79.219131524565512, 9.269121707671005 ], [ 79.219135363066741, 9.269116550402048 ], [ 79.219139200669645, 9.269111392246453 ], [ 79.219143040069142, 9.269106234977341 ], [ 79.219146877672046, 9.269101077708168 ], [ 79.21915071617326, 9.26909592043893 ], [ 79.219154553776136, 9.269090763169615 ], [ 79.219158393175661, 9.26908560501364 ], [ 79.219162230778565, 9.269080447744146 ], [ 79.219166069279765, 9.269075289588017 ], [ 79.219169907780994, 9.269070133204945 ], [ 79.219173745383884, 9.269064975048677 ], [ 79.219177583885099, 9.26905981777888 ], [ 79.21918142328461, 9.269054661395616 ], [ 79.219185259989189, 9.269049503239119 ], [ 79.219189099388714, 9.269044345082531 ], [ 79.219192936991618, 9.269039187812441 ], [ 79.219196774594522, 9.269034031428873 ], [ 79.219200613994005, 9.269028873272031 ], [ 79.219204451596909, 9.269023715115139 ], [ 79.219208290098138, 9.269018557844756 ], [ 79.219212127701013, 9.269013400574284 ], [ 79.219215967100538, 9.269008243303773 ], [ 79.219219804703442, 9.26900308603315 ], [ 79.219223643204629, 9.268997927875875 ], [ 79.219227481705857, 9.268992770605111 ], [ 79.219231319308761, 9.268987614220869 ], [ 79.219235157809962, 9.268982456063339 ], [ 79.219238997209501, 9.268977297905773 ], [ 79.219242833914052, 9.268972140634689 ], [ 79.219246673313577, 9.268966984250143 ], [ 79.219250510916481, 9.268961826092347 ], [ 79.219254349417682, 9.26895666793445 ], [ 79.219258187918911, 9.268951510663099 ], [ 79.219262026420125, 9.268946354278247 ], [ 79.219265864023015, 9.268941196120121 ], [ 79.21926970342254, 9.268936038848503 ], [ 79.219273541025416, 9.268930880690261 ], [ 79.219277378628306, 9.268925724305104 ], [ 79.219281217129534, 9.268920567033271 ], [ 79.219285055630749, 9.2689154088748 ], [ 79.219288894131935, 9.268910250716241 ], [ 79.219292731734839, 9.268905094330739 ], [ 79.219296571134365, 9.26889993705864 ], [ 79.219300407838944, 9.268894778899826 ], [ 79.219304247238469, 9.268889620740975 ], [ 79.219308085739655, 9.268884464355205 ], [ 79.219311923342559, 9.268879307082774 ], [ 79.219315761843788, 9.268874148923681 ], [ 79.219319600344988, 9.268868991651097 ], [ 79.219323437947892, 9.268863834378436 ], [ 79.219327277347418, 9.268858677105726 ], [ 79.219331114950279, 9.268853519832913 ], [ 79.219334952553183, 9.268848361673411 ], [ 79.219338791952708, 9.268843204400472 ], [ 79.219342629555612, 9.268838046240832 ], [ 79.219348422790858, 9.268831371131792 ], [ 79.219354216026147, 9.268824694249442 ], [ 79.219360010159718, 9.268818017366964 ], [ 79.219365803394993, 9.268811339597761 ], [ 79.219371595731957, 9.268804662715016 ], [ 79.219377388967189, 9.268797986718756 ], [ 79.219383182202492, 9.268791310722367 ], [ 79.219388976336063, 9.268784633839266 ], [ 79.219394768673013, 9.268777956956013 ], [ 79.219400561908287, 9.268771280072643 ], [ 79.219406355143533, 9.268764604075747 ], [ 79.219412148378822, 9.268757927192125 ], [ 79.219417941614068, 9.268751251194947 ], [ 79.219423734849357, 9.268744574311071 ], [ 79.219429528084632, 9.268737897427066 ], [ 79.219435322218217, 9.268731221429533 ], [ 79.219441114555167, 9.268724543658701 ], [ 79.219446907790413, 9.268717866774315 ], [ 79.219452701025688, 9.268711190776376 ], [ 79.219458494260934, 9.268704513891734 ], [ 79.219464288394562, 9.268697837006966 ], [ 79.219470080731512, 9.268691161008682 ], [ 79.219475873966758, 9.268684484123648 ], [ 79.219481668100329, 9.268677807238511 ], [ 79.219487460437279, 9.268671131239834 ], [ 79.219493253672567, 9.268664454354429 ], [ 79.219499046907814, 9.268657778355511 ], [ 79.219504840143088, 9.268651100583254 ], [ 79.219510634276673, 9.268644423697468 ], [ 79.219516426613609, 9.268637746811555 ], [ 79.219522219848912, 9.268631070812127 ], [ 79.219528013084158, 9.268624394812571 ], [ 79.219533806319433, 9.268617717926263 ], [ 79.219539599554679, 9.268611041039854 ], [ 79.219545392789968, 9.268604364153305 ], [ 79.219551186025242, 9.268597687266642 ], [ 79.219556980158814, 9.26859101126645 ], [ 79.219562773394074, 9.268584335266093 ], [ 79.219568564832727, 9.268577658379035 ], [ 79.219574358966312, 9.268570980605277 ], [ 79.219580152201559, 9.268564303717991 ], [ 79.219585945436833, 9.268557627717149 ], [ 79.219591738672108, 9.268550951716156 ], [ 79.219597531907354, 9.268544274828475 ], [ 79.219603326040939, 9.268537597940654 ], [ 79.219609118377889, 9.268530921052719 ], [ 79.219614910714839, 9.268524244164681 ], [ 79.21962070484841, 9.268517568163064 ], [ 79.219626498083699, 9.268510892161332 ], [ 79.219632291318987, 9.268504215272888 ], [ 79.219638084554234, 9.268497538384317 ], [ 79.219643877789508, 9.268490860609031 ], [ 79.219649671024754, 9.268484184606779 ], [ 79.219655464260043, 9.268477507717826 ], [ 79.219661256596993, 9.268470830828733 ], [ 79.219667050730578, 9.268464154826123 ], [ 79.219672843965853, 9.268457477936801 ], [ 79.219678637201099, 9.268450801933925 ], [ 79.219684431334684, 9.268444125044335 ], [ 79.219690223671634, 9.268437448154618 ], [ 79.219696016906909, 9.268430771264775 ], [ 79.219701810142197, 9.268424095261402 ], [ 79.219707603377444, 9.268417418371303 ], [ 79.219713395714393, 9.268410742367651 ], [ 79.219719189847979, 9.268404064590726 ], [ 79.219724983083253, 9.268397387700245 ], [ 79.219730776318499, 9.268390710809639 ], [ 79.219736569553774, 9.268384034805502 ], [ 79.219742361890724, 9.268377358801214 ], [ 79.219748155126013, 9.268370681910225 ], [ 79.219753949259598, 9.268364005019109 ], [ 79.219759741596548, 9.268357328127903 ], [ 79.219765534831794, 9.268350651236533 ], [ 79.219771328965379, 9.268343975231609 ], [ 79.219777122200654, 9.268337299226582 ], [ 79.219782915435928, 9.26833062233483 ], [ 79.219788707772892, 9.268323945442964 ], [ 79.219794501008124, 9.268317267664383 ], [ 79.21980029514171, 9.268310591658823 ], [ 79.219806088376998, 9.26830391565316 ], [ 79.219811880713948, 9.268297238760784 ], [ 79.219817674847519, 9.26829056186827 ], [ 79.219823468082808, 9.268283884975625 ], [ 79.219829261318054, 9.268277208082869 ], [ 79.219835053655004, 9.268270532076571 ], [ 79.219840846890293, 9.268263855183559 ], [ 79.219846640125525, 9.268257179177018 ], [ 79.21985243425911, 9.268250502283738 ], [ 79.21985822659606, 9.268243825390332 ], [ 79.219864019831348, 9.268237149383372 ], [ 79.21986981396492, 9.268230471603152 ], [ 79.219875607200208, 9.268223794709376 ], [ 79.219881400435455, 9.268217118702074 ], [ 79.219887192772404, 9.26821044180803 ], [ 79.219892986007693, 9.268203764913874 ], [ 79.219898779242968, 9.268197088906151 ], [ 79.219904573376553, 9.268190412011766 ], [ 79.219910365713488, 9.268183735117226 ], [ 79.219916158948749, 9.268177059109121 ], [ 79.21992195308232, 9.268170382214329 ], [ 79.219927746317595, 9.268163706206007 ], [ 79.219933537756219, 9.268157029310947 ], [ 79.219939331889833, 9.268150352415773 ], [ 79.219945125125093, 9.268143674633897 ], [ 79.219950918360368, 9.26813699862503 ], [ 79.219956711595614, 9.268130322616084 ], [ 79.219962504830889, 9.268123645720388 ], [ 79.219968298066149, 9.268116968824577 ], [ 79.219974091301424, 9.26811029192864 ], [ 79.219979885434995, 9.268103615032574 ], [ 79.219985676873662, 9.26809693902298 ], [ 79.219991471007233, 9.268090263013272 ], [ 79.219997264242494, 9.268083586116813 ], [ 79.220003056579444, 9.268076909220239 ], [ 79.220008849814718, 9.26807023232355 ], [ 79.220014643948289, 9.268063555426711 ], [ 79.220020437183578, 9.268056879416353 ], [ 79.220026230418824, 9.268050203405856 ], [ 79.220032023654113, 9.26804352562206 ], [ 79.220037815991063, 9.268036848724735 ], [ 79.220043609226309, 9.26803017182727 ], [ 79.220049403359894, 9.268023495816239 ], [ 79.220055195696844, 9.268016818918559 ], [ 79.220060988932119, 9.268010142907286 ], [ 79.22006678306569, 9.268003466009313 ], [ 79.220072576300979, 9.267996789111212 ], [ 79.220078368637928, 9.267990113099595 ], [ 79.220084162771514, 9.26798343620124 ], [ 79.220089600273909, 9.267977713272069 ], [ 79.220095037776346, 9.267971990342797 ], [ 79.220100476177066, 9.267966267413462 ], [ 79.220105913679504, 9.2679605435974 ], [ 79.220111352080224, 9.267954820667848 ], [ 79.220116789582619, 9.267949097738207 ], [ 79.220122227983353, 9.267943374808501 ], [ 79.220127666384073, 9.267937651878658 ], [ 79.220133103886511, 9.267931928948736 ], [ 79.220138542287245, 9.267926206905324 ], [ 79.220143978891343, 9.2679204830886 ], [ 79.220149417292063, 9.2679147601584 ], [ 79.220154855692797, 9.267909037228135 ], [ 79.220160293195192, 9.267903315184316 ], [ 79.220165730697616, 9.267897592253837 ], [ 79.22017116909835, 9.26789186843668 ], [ 79.220176606600788, 9.267886144619448 ], [ 79.220182045001508, 9.267880422575248 ], [ 79.220187483402242, 9.267874699644398 ], [ 79.220192920904637, 9.267868976713471 ], [ 79.220198359305357, 9.267863252895832 ], [ 79.220203796807795, 9.267857530851289 ], [ 79.220209235208529, 9.267851807920056 ], [ 79.220214671812627, 9.267846084988737 ], [ 79.220220111111644, 9.267840362057314 ], [ 79.220225548614067, 9.267834639125841 ], [ 79.220230986116476, 9.26782891619424 ], [ 79.220236425415536, 9.267823193262538 ], [ 79.220241862019634, 9.267817470330748 ], [ 79.220247300420368, 9.267811747398866 ], [ 79.220252737922792, 9.267806023580311 ], [ 79.220258176323526, 9.26780030064824 ], [ 79.220263613825907, 9.26779457771608 ], [ 79.220269052226641, 9.267788854783831 ], [ 79.220274489729078, 9.267783132738078 ], [ 79.220279928129798, 9.267777408919027 ], [ 79.220285364733897, 9.267771685986537 ], [ 79.220290804032942, 9.267765963053906 ], [ 79.220296242433648, 9.267760241007746 ], [ 79.22030167903776, 9.267754518074963 ], [ 79.220307118336805, 9.267748794255454 ], [ 79.220312555839257, 9.267743071322441 ], [ 79.220317993341638, 9.267737349275949 ], [ 79.220323431742372, 9.267731626342758 ], [ 79.220328869244796, 9.267725901636307 ], [ 79.220334306747205, 9.267720178702925 ], [ 79.220339745147939, 9.267714456656067 ], [ 79.220345182650362, 9.267708733722507 ], [ 79.220350621051097, 9.267703010788846 ], [ 79.220356058553477, 9.267697286968522 ], [ 79.220361496954212, 9.267691564921281 ], [ 79.220366935354946, 9.267685841987353 ], [ 79.220372371959044, 9.267680119053322 ], [ 79.220377811258103, 9.267674396119203 ], [ 79.220383248760527, 9.267668673184982 ], [ 79.220388686262936, 9.26766295025071 ], [ 79.220394124663656, 9.26765722731631 ], [ 79.22039956306439, 9.267651504381808 ], [ 79.220404999668489, 9.267645782333817 ], [ 79.220410438069209, 9.267640057625966 ], [ 79.220415875571646, 9.267634334691186 ], [ 79.220421313972366, 9.267628611756315 ], [ 79.2204267523731, 9.26762288882137 ], [ 79.220432189875496, 9.267617166772906 ], [ 79.22043762827623, 9.267611442951159 ], [ 79.220443065778653, 9.267605720015919 ], [ 79.220448504179387, 9.267599997080616 ], [ 79.220453941681782, 9.26759427503176 ], [ 79.22045937918422, 9.267588552096241 ], [ 79.220464816686643, 9.267582828274048 ], [ 79.22047025598566, 9.267577105338338 ], [ 79.220475692589773, 9.267571383289138 ], [ 79.220481130990493, 9.267565660353251 ], [ 79.220486570289552, 9.267559935644076 ], [ 79.22049200689365, 9.267554212707998 ], [ 79.220497445294384, 9.267548490658427 ], [ 79.220502882796794, 9.267542767722171 ], [ 79.220508321197499, 9.267537044785799 ], [ 79.220513758699951, 9.267531320962778 ], [ 79.220519196202332, 9.267525598912828 ], [ 79.220524634603066, 9.267519875976189 ], [ 79.220530073003829, 9.267514153039462 ], [ 79.220535509607927, 9.267508430102634 ], [ 79.220540948008647, 9.267502707165702 ], [ 79.220546387307692, 9.267496984228695 ], [ 79.220551823911791, 9.26749126129161 ], [ 79.220557262312511, 9.267485538354412 ], [ 79.220562700713231, 9.267479816303698 ], [ 79.220568138215668, 9.267474091593126 ], [ 79.220573575718063, 9.267468368655685 ], [ 79.220579014118798, 9.267462645718105 ], [ 79.220584451621221, 9.267456922780436 ], [ 79.220589890021955, 9.267451199842679 ], [ 79.220595326626054, 9.267445476904831 ], [ 79.220600765925113, 9.267439753966883 ], [ 79.220606204325847, 9.267434031028882 ], [ 79.220611640929945, 9.267428308977317 ], [ 79.220617079330665, 9.267422585152515 ], [ 79.2206225177314, 9.267416862214196 ], [ 79.220627955233795, 9.267411139275778 ], [ 79.220633392736218, 9.26740541722388 ], [ 79.220638832035249, 9.26739969428527 ], [ 79.220644268639347, 9.26739396957341 ], [ 79.220649707040081, 9.267388246634622 ], [ 79.22065514364418, 9.267382524582356 ], [ 79.220660582943239, 9.267376801643378 ], [ 79.220666021343959, 9.26737107870431 ], [ 79.220671457948072, 9.267365354878578 ], [ 79.220676897247131, 9.267359632825904 ], [ 79.220682334749526, 9.267353909886582 ], [ 79.220687772251949, 9.267348186947144 ], [ 79.220693209754344, 9.267342464007619 ], [ 79.220698649053404, 9.267336741067989 ], [ 79.220704085657502, 9.267331018128273 ], [ 79.220709524058236, 9.267325295188467 ], [ 79.220714961560645, 9.267319572248585 ], [ 79.220720399961365, 9.267313849308588 ], [ 79.220725838362085, 9.267308126368489 ], [ 79.220731274966184, 9.2673024034283 ], [ 79.220736714265243, 9.267296679601451 ], [ 79.220742151767681, 9.267290956661084 ], [ 79.220747589270076, 9.267285233720616 ], [ 79.220753026772499, 9.267279510780059 ], [ 79.220758466071544, 9.267273787839413 ], [ 79.220763902675642, 9.267268064898666 ], [ 79.220769341076362, 9.267262342844427 ], [ 79.2207747785788, 9.267256619016928 ], [ 79.22078021697952, 9.2672508960759 ], [ 79.220786471948841, 9.267243124224308 ], [ 79.220792726918162, 9.267235353259162 ], [ 79.220798981887484, 9.267227582293836 ], [ 79.220805236856805, 9.267219810441723 ], [ 79.22081149182614, 9.267212037702883 ], [ 79.220817746795447, 9.267204265850438 ], [ 79.220824002663079, 9.267196493997814 ], [ 79.2208302576324, 9.267188723031625 ], [ 79.220836512601721, 9.267180951178657 ], [ 79.220842767571057, 9.267173180212124 ], [ 79.220849023438703, 9.267165408358814 ], [ 79.220855278408024, 9.267157635618766 ], [ 79.220861533377345, 9.267149864651723 ], [ 79.220867788346666, 9.267142092797892 ], [ 79.220874043315987, 9.267134320943933 ], [ 79.220880298285323, 9.267126549976343 ], [ 79.220886554152969, 9.267118778122027 ], [ 79.220892808223965, 9.267111007154082 ], [ 79.220899063193286, 9.267103235299436 ], [ 79.220905318162608, 9.267095462557975 ], [ 79.220911573131929, 9.267087690702986 ], [ 79.22091782810125, 9.267079918847781 ], [ 79.220924083070571, 9.267072147879007 ], [ 79.220930338039892, 9.267064376910071 ], [ 79.220936593009228, 9.267056605054368 ], [ 79.220942847978534, 9.267048833198475 ], [ 79.220949103846195, 9.267041061342404 ], [ 79.220955358815516, 9.267033288599608 ], [ 79.220961613784851, 9.267025517629804 ], [ 79.220967868754158, 9.267017746659835 ], [ 79.220974123723494, 9.267009974803079 ], [ 79.220980378692815, 9.267002202946168 ], [ 79.220986490829986, 9.266993725362607 ], [ 79.220992603865511, 9.26698524689227 ], [ 79.220998716901036, 9.266976769308302 ], [ 79.221004829936547, 9.26696829083752 ], [ 79.221010942073718, 9.266959813253132 ], [ 79.221017055109243, 9.266951334781941 ], [ 79.221023167246415, 9.266942857197147 ], [ 79.221029281180236, 9.266934378725589 ], [ 79.221035393317422, 9.266925901140388 ], [ 79.221041506352933, 9.266917422668383 ], [ 79.221047617591822, 9.266908945082774 ], [ 79.221053730627332, 9.266900466610377 ], [ 79.221059843662843, 9.26689198902436 ], [ 79.221065955800029, 9.26688351143814 ], [ 79.221072068835539, 9.266875032965107 ], [ 79.221078180972739, 9.266866555378479 ], [ 79.22108429400825, 9.266858076905025 ], [ 79.221090407043761, 9.266849599317991 ], [ 79.221096520079257, 9.266841120844168 ], [ 79.221102632216457, 9.266832643256727 ], [ 79.221108745251954, 9.266824164782472 ], [ 79.221114857389153, 9.266815687194597 ], [ 79.221120971322975, 9.26680720871996 ], [ 79.221127082561864, 9.266798731131694 ], [ 79.22113319469905, 9.26679025177005 ], [ 79.22113930773456, 9.266781775067935 ], [ 79.221145419871746, 9.266773296592445 ], [ 79.221151533805568, 9.266764819003363 ], [ 79.221157645942768, 9.266756341414066 ], [ 79.221163758978292, 9.266747862938002 ], [ 79.221169871115478, 9.266739385348298 ], [ 79.221175984150989, 9.266730905985204 ], [ 79.221179324985528, 9.266725324890286 ], [ 79.221182664921741, 9.266719743795306 ], [ 79.221186004857984, 9.266714162700199 ], [ 79.221189345692522, 9.266708581605002 ], [ 79.221192685628722, 9.266703001396339 ], [ 79.221196025564964, 9.266697420301002 ], [ 79.221199366399503, 9.266691839205539 ], [ 79.221202707234042, 9.266686258110024 ], [ 79.221206047170284, 9.266680676127821 ], [ 79.221209388004823, 9.26667509503209 ], [ 79.221212728839362, 9.266669513049708 ], [ 79.221216068775576, 9.266663931953838 ], [ 79.221219408711818, 9.266658350857851 ], [ 79.221222748648017, 9.266652769761777 ], [ 79.221226090380895, 9.266647188665639 ], [ 79.221229430317138, 9.266641607569385 ], [ 79.221232770253337, 9.266636027359642 ], [ 79.221236111087876, 9.26663044626325 ], [ 79.221239451024118, 9.266624864280155 ], [ 79.221242791858657, 9.266619283183534 ], [ 79.221246131794871, 9.266613702086874 ], [ 79.22124947262941, 9.266608120103475 ], [ 79.221252812565652, 9.266602539006637 ], [ 79.221256153400191, 9.266596957909671 ], [ 79.221259494234729, 9.266591376812643 ], [ 79.221262834170972, 9.266585795715512 ], [ 79.221266174107171, 9.266580214618305 ], [ 79.221269514043428, 9.266574634407595 ], [ 79.221272854877952, 9.266569052423611 ], [ 79.221276195712491, 9.266563471326112 ], [ 79.221279535648748, 9.266557890228523 ], [ 79.221282877381583, 9.266552309130883 ], [ 79.221286217317811, 9.266546727146544 ], [ 79.221289557254025, 9.2665411460487 ], [ 79.221292897190267, 9.266535564950781 ], [ 79.221296238024806, 9.266529983852747 ], [ 79.221299577961005, 9.266524402754662 ], [ 79.221302917897262, 9.266518821656462 ], [ 79.221306258731801, 9.266513239671587 ], [ 79.221309598668043, 9.266507658573211 ], [ 79.221312940400864, 9.266502078361329 ], [ 79.221316280337106, 9.266496497262812 ], [ 79.221319621171645, 9.266490916164168 ], [ 79.221322961107859, 9.266485335065447 ], [ 79.221326301044101, 9.26647975308005 ], [ 79.22132964187864, 9.266474171981139 ], [ 79.221332981814882, 9.266468590882162 ], [ 79.221336321751096, 9.266463008896462 ], [ 79.221339661687338, 9.266457427797308 ], [ 79.221343003420159, 9.26645184669804 ], [ 79.221346343356416, 9.266446265598708 ], [ 79.22134968419094, 9.266440685385874 ], [ 79.221353025025479, 9.266435104286325 ], [ 79.221356364961736, 9.266429523186739 ], [ 79.221359704897935, 9.266423942087027 ], [ 79.221363045732474, 9.266418360100637 ], [ 79.221366385668716, 9.266412779000785 ], [ 79.22136972560493, 9.266407197014193 ], [ 79.221373066439469, 9.266401615914161 ], [ 79.221376407273993, 9.266396034814003 ], [ 79.22137974721025, 9.266390453713793 ], [ 79.221383087146449, 9.266384872613456 ], [ 79.221386427981031, 9.266379292399629 ], [ 79.22138976881557, 9.266373711299153 ], [ 79.221392327217501, 9.266368059271135 ], [ 79.221394883822768, 9.266362407243044 ], [ 79.221397443123024, 9.266356755214874 ], [ 79.221400000626645, 9.266351104073177 ], [ 79.221402559926872, 9.266345452044829 ], [ 79.221405118328803, 9.26633980090299 ], [ 79.221407675832438, 9.266334149761025 ], [ 79.221410234234384, 9.266328496845787 ], [ 79.221412791737976, 9.266322845703645 ], [ 79.221415351038203, 9.266317193674826 ], [ 79.221417907643513, 9.266311543419118 ], [ 79.221420466943741, 9.266305891390134 ], [ 79.221423025345672, 9.266300239361035 ], [ 79.221425583747617, 9.266294587331874 ], [ 79.221428142149534, 9.266288936189184 ], [ 79.221430699653155, 9.266283284159819 ], [ 79.221433258055086, 9.266277633016951 ], [ 79.221435815558721, 9.266271980987408 ], [ 79.221438374858948, 9.266266328957789 ], [ 79.22144093326088, 9.266260677814641 ], [ 79.221443490764486, 9.26625502578483 ], [ 79.221446049166417, 9.266249374641491 ], [ 79.221448606670023, 9.266243722611502 ], [ 79.221451165970279, 9.266238070581425 ], [ 79.221453724372225, 9.266232419437818 ], [ 79.221456281875817, 9.266226768294123 ], [ 79.221458840277762, 9.266221116263779 ], [ 79.221461398679693, 9.266215465119943 ], [ 79.22146395708161, 9.266209813089358 ], [ 79.221466514585231, 9.266204161058733 ], [ 79.221469072987148, 9.266198509914631 ], [ 79.221471631389093, 9.266192857883777 ], [ 79.221473192661051, 9.266184381167287 ], [ 79.221474754831334, 9.266175905337166 ], [ 79.221476317001589, 9.266167426847046 ], [ 79.221477880070196, 9.266158950129945 ], [ 79.221479442240479, 9.2661504742992 ], [ 79.221481004410734, 9.266141996695081 ], [ 79.221482564784395, 9.26613351997733 ], [ 79.221484126954692, 9.266125043259416 ], [ 79.221485689124975, 9.266116565654672 ], [ 79.221487251295258, 9.266108088936312 ], [ 79.221488814363838, 9.266099613104346 ], [ 79.221490375635796, 9.26609113461242 ], [ 79.221491937806078, 9.266082657893435 ], [ 79.221493499976361, 9.266074182060859 ], [ 79.221495062146658, 9.266065705341505 ], [ 79.221496623418602, 9.266057226848726 ], [ 79.22149818469056, 9.266048751015566 ], [ 79.221499746860843, 9.266040274295564 ], [ 79.221501309929437, 9.266031796688786 ], [ 79.22150287209972, 9.266023319968403 ], [ 79.221504434270003, 9.26601484324779 ], [ 79.2215059964403, 9.266006365640388 ], [ 79.221507557712243, 9.265997889805966 ], [ 79.221509118984201, 9.265989413084769 ], [ 79.221510681154484, 9.265980934590157 ], [ 79.221512244223064, 9.265972458755114 ], [ 79.221513806393347, 9.265963982033306 ], [ 79.221515367665305, 9.265955505311254 ], [ 79.221516929835587, 9.265947027702428 ], [ 79.221518492005885, 9.265938550980009 ], [ 79.221520054176167, 9.265930074257348 ], [ 79.221521615448125, 9.265921596647898 ], [ 79.221521470819354, 9.265912131372774 ], [ 79.221521326190597, 9.265902666097384 ], [ 79.221521181561826, 9.265893200821777 ], [ 79.221521036933083, 9.265883734659267 ], [ 79.221520892304326, 9.265874270269725 ], [ 79.22152074677723, 9.265864804993317 ], [ 79.221520602148459, 9.265855338830093 ], [ 79.221520458418027, 9.26584587443975 ], [ 79.221520312890959, 9.265836409162603 ], [ 79.221520169160527, 9.265826942998579 ], [ 79.221520023633431, 9.265817477720885 ], [ 79.22151987900466, 9.265808012442989 ], [ 79.221519734375903, 9.265798547164799 ], [ 79.221519588848835, 9.265789080999731 ], [ 79.221519445118389, 9.265779615721073 ], [ 79.221519299591307, 9.265770151328693 ], [ 79.221519154962579, 9.265760685162912 ], [ 79.221519010333807, 9.265751219883425 ], [ 79.22151886570505, 9.26574175460371 ], [ 79.221518721076279, 9.265732289323738 ], [ 79.221518576447494, 9.265722824043539 ], [ 79.221518431818737, 9.265713358763048 ], [ 79.221518287189966, 9.26570389259569 ], [ 79.221518141662912, 9.265694427314727 ], [ 79.221517997034155, 9.265684962033484 ], [ 79.221517853303709, 9.265675495865363 ], [ 79.221517707776641, 9.265666030583636 ], [ 79.221517563147884, 9.265656566188191 ], [ 79.221517417620788, 9.265647100019333 ], [ 79.221517272992017, 9.265637634736818 ], [ 79.221517129261585, 9.265628170340635 ], [ 79.221516983734517, 9.265618704170986 ], [ 79.221515701838598, 9.26560937985624 ], [ 79.221514419942707, 9.265600057314424 ], [ 79.221513137148477, 9.265590732999183 ], [ 79.221511854354233, 9.265581407797113 ], [ 79.221510571560003, 9.265572085254545 ], [ 79.221509289664112, 9.265562760938565 ], [ 79.221508007768193, 9.265553436622318 ], [ 79.221506725872288, 9.265544113192414 ], [ 79.221505443078044, 9.265534788875684 ], [ 79.221504160283828, 9.265525466331894 ], [ 79.221502878387923, 9.265516141128057 ], [ 79.221501595593708, 9.265506817697199 ], [ 79.221500313697788, 9.265497494266048 ], [ 79.221499031801883, 9.265488169948071 ], [ 79.221497748109329, 9.265478845629865 ], [ 79.221496466213409, 9.265469522198002 ], [ 79.221495184317519, 9.26546019876586 ], [ 79.221493902421599, 9.265450875333514 ], [ 79.221492619627369, 9.26544155012769 ], [ 79.22149133773145, 9.265432226694823 ], [ 79.221490054038924, 9.265422903261726 ], [ 79.221488772143005, 9.265413579828364 ], [ 79.221487490247114, 9.265404254621572 ], [ 79.221486208351195, 9.265394931187712 ], [ 79.221484925556965, 9.265385607753624 ], [ 79.221483642762735, 9.265376284319268 ], [ 79.221482359968533, 9.265366959998085 ], [ 79.2214810780726, 9.265357635676645 ], [ 79.221479796176709, 9.265348312241565 ], [ 79.221478514280776, 9.265338988806217 ], [ 79.221477232384856, 9.265329663597429 ], [ 79.221475948692344, 9.26532034016161 ], [ 79.221473456765722, 9.265310841179643 ], [ 79.221470965737453, 9.265301340424275 ], [ 79.221468474709155, 9.265291839668601 ], [ 79.221465984579197, 9.265282339799297 ], [ 79.221463493550928, 9.265272839929725 ], [ 79.221461001624348, 9.265263340059899 ], [ 79.221458510596051, 9.265253839303208 ], [ 79.221456019567768, 9.265244340319434 ], [ 79.221453529437781, 9.265234838675648 ], [ 79.221451038409498, 9.265225338804791 ], [ 79.221448545584579, 9.265215838933681 ], [ 79.221446054556296, 9.265206338175703 ], [ 79.221443564426352, 9.265196839190697 ], [ 79.221441073398054, 9.265187338432199 ], [ 79.221438582369771, 9.265177838560057 ], [ 79.221436091341502, 9.26516833780105 ], [ 79.221433599414908, 9.2651588379284 ], [ 79.221431108386625, 9.265149338055483 ], [ 79.221428617358342, 9.265139837295738 ], [ 79.221426126330044, 9.265130338308886 ], [ 79.221423635301775, 9.265120836662021 ], [ 79.221421143375153, 9.265111336788085 ], [ 79.22141865234687, 9.265101836913884 ], [ 79.221416161318587, 9.265092337039439 ], [ 79.221413670290303, 9.265082837164691 ], [ 79.22141117926202, 9.265073336403152 ], [ 79.22140868733544, 9.265063835641319 ], [ 79.221406196307143, 9.265054335765834 ], [ 79.221403706177199, 9.265044835890091 ], [ 79.221401215148916, 9.265035336014096 ], [ 79.221398724120618, 9.265025836137857 ], [ 79.22139623219401, 9.26501633537473 ], [ 79.221393741165727, 9.265006836384543 ], [ 79.221391250137444, 9.264997334734332 ], [ 79.221388759109161, 9.264987834857063 ], [ 79.221386268080877, 9.264978334979528 ], [ 79.221383777052623, 9.264968834215114 ], [ 79.221381285126014, 9.264959335223681 ], [ 79.221378794097717, 9.264949833572185 ], [ 79.221376303069434, 9.264940334580206 ], [ 79.221373812041165, 9.264930833814761 ], [ 79.221371321012867, 9.264921333935687 ], [ 79.221368829086288, 9.264911834056358 ], [ 79.221366338058004, 9.264902333290175 ], [ 79.221363847029721, 9.26489283429691 ], [ 79.221361356001438, 9.26488333264362 ], [ 79.221358864973155, 9.264873832763248 ], [ 79.221356373944857, 9.264864332882635 ], [ 79.221353882018249, 9.264854833001765 ], [ 79.221351390989994, 9.264845332234019 ], [ 79.221348899961725, 9.264835833239202 ], [ 79.221346408933428, 9.264826331584359 ], [ 79.221343917905145, 9.264816831702461 ], [ 79.221341426876862, 9.264807331820307 ], [ 79.221338934950253, 9.264797831051276 ], [ 79.221336443921956, 9.264788332055211 ], [ 79.221333952893673, 9.264778831285671 ], [ 79.22133146186539, 9.264769332289085 ], [ 79.221328971735431, 9.264759830632423 ], [ 79.221326479808852, 9.264750330748718 ], [ 79.221323988780568, 9.264740830864758 ], [ 79.221321497752299, 9.264731330980544 ], [ 79.221319006724002, 9.264721831096075 ], [ 79.221316515695719, 9.264712331211339 ], [ 79.221314024667436, 9.264702830439736 ], [ 79.221311532740827, 9.264693329667919 ], [ 79.22130904171253, 9.264683829782381 ], [ 79.221306550684247, 9.264674329010042 ], [ 79.221304059655964, 9.264664830010606 ], [ 79.22130156862768, 9.264655329237756 ], [ 79.221299077599426, 9.264645830237813 ], [ 79.221296585672818, 9.264636328577831 ], [ 79.22129409464452, 9.264626828690792 ], [ 79.221291603616251, 9.264617328803487 ], [ 79.221289112587968, 9.264607828915901 ], [ 79.22128662155967, 9.264598328141499 ], [ 79.221284131429726, 9.26458882825343 ], [ 79.221281638604808, 9.264579328365107 ], [ 79.221279147576524, 9.264569827589904 ], [ 79.221276657446538, 9.264560327701071 ], [ 79.221274166418254, 9.264550826925348 ], [ 79.22127167539, 9.264541327922618 ], [ 79.221269184361716, 9.264531827146385 ], [ 79.221266692435094, 9.264522327256509 ], [ 79.221264201406825, 9.264512827366392 ], [ 79.221261710378542, 9.264503326589395 ], [ 79.221259219350245, 9.264493826698756 ], [ 79.221256728321961, 9.264484326807862 ], [ 79.221254237293678, 9.26447482603009 ], [ 79.221251745367098, 9.264465326138687 ], [ 79.221249254338815, 9.264455826247005 ], [ 79.221246763310532, 9.264446324581897 ], [ 79.221244272282249, 9.264436825576292 ], [ 79.221241781253966, 9.264427324797271 ], [ 79.221239290225668, 9.264417825791158 ], [ 79.221236798299088, 9.264408325011592 ], [ 79.221234307270805, 9.264398825118382 ], [ 79.221231816242536, 9.264389325224919 ], [ 79.221229326112535, 9.264379825331188 ], [ 79.221226835084252, 9.264370323664018 ], [ 79.221224344055969, 9.264360824656364 ], [ 79.221221852129389, 9.264351323875298 ], [ 79.221219361101106, 9.264341824867122 ], [ 79.221216870072809, 9.264332324085533 ], [ 79.22121437904454, 9.264322824190225 ], [ 79.221211888016242, 9.264313324294713 ], [ 79.221209396987959, 9.264303824398935 ], [ 79.221206905061379, 9.264294322729704 ], [ 79.221204414033096, 9.264284822833416 ], [ 79.221201923004813, 9.264275322936861 ], [ 79.22119943197653, 9.26426582215344 ], [ 79.221196940948232, 9.264256323142988 ], [ 79.221194449919963, 9.264246822359057 ], [ 79.22119195889168, 9.264237323348057 ], [ 79.2211894669651, 9.264227821677034 ], [ 79.221186975936803, 9.264218321778939 ], [ 79.22118448490852, 9.26420882188059 ], [ 79.221181993880236, 9.264199321981987 ], [ 79.221179502851953, 9.264189821196505 ], [ 79.22117701182367, 9.264180322184004 ], [ 79.221174519897048, 9.264170821398013 ], [ 79.221172028868779, 9.264161320611768 ], [ 79.221169537840481, 9.264151820711881 ], [ 79.221167046812198, 9.264142320811738 ], [ 79.221164555783915, 9.264132820911327 ], [ 79.221162064755674, 9.264123321010675 ], [ 79.221159573727377, 9.264113820223132 ], [ 79.221157081800769, 9.264104320321959 ], [ 79.221156228401256, 9.264097679700287 ], [ 79.221155373205079, 9.264091039965059 ], [ 79.22115451711062, 9.264084401116303 ], [ 79.221153661914485, 9.26407776138082 ], [ 79.221152806718337, 9.264071120758651 ], [ 79.22115195331881, 9.264064481022928 ], [ 79.221151097224336, 9.264057842173649 ], [ 79.221150242028202, 9.264051202437685 ], [ 79.221149386832039, 9.264044561814993 ], [ 79.221148533432526, 9.264037922965359 ], [ 79.221147678236377, 9.264031283228999 ], [ 79.221146822141918, 9.264024642605952 ], [ 79.221145966945755, 9.264018003755924 ], [ 79.221145111749607, 9.264011364019195 ], [ 79.221144258350094, 9.264004724282339 ], [ 79.221143402255635, 9.263998085431979 ], [ 79.221142547059458, 9.263991444808257 ], [ 79.221141691863323, 9.263984805071033 ], [ 79.221140836667161, 9.263978165333668 ], [ 79.221139983267648, 9.263971525596189 ], [ 79.221139127173174, 9.263964885858583 ], [ 79.22113827197704, 9.263958246120849 ], [ 79.221137416780877, 9.263951607269611 ], [ 79.221136563381364, 9.263944966645012 ], [ 79.22113570818523, 9.263938326906908 ], [ 79.221134852090771, 9.263931687168679 ], [ 79.221133996894579, 9.263925047430309 ], [ 79.221133141698459, 9.263918406805239 ], [ 79.221132288298946, 9.263911767066627 ], [ 79.221131432204473, 9.263905128214475 ], [ 79.221130577008296, 9.263898487589035 ], [ 79.221129721812176, 9.263891847850054 ], [ 79.221129578980026, 9.263885349966751 ], [ 79.221129434351255, 9.263878851196761 ], [ 79.221129290620823, 9.263872353313216 ], [ 79.221129146890391, 9.263865853656359 ], [ 79.22112900226162, 9.263859355772624 ], [ 79.221128859429484, 9.263852857002112 ], [ 79.221128714800727, 9.263846358231497 ], [ 79.221128571070281, 9.263839860347368 ], [ 79.221128427339849, 9.263833360689938 ], [ 79.221128282711092, 9.263826862805567 ], [ 79.221128138980617, 9.263820364034482 ], [ 79.221127995250185, 9.263813866149857 ], [ 79.221127850621414, 9.263807365605345 ], [ 79.221127706890982, 9.263800867720477 ], [ 79.22112756316055, 9.263794368948922 ], [ 79.221127419430076, 9.2637878701772 ], [ 79.221127274801347, 9.263781372292014 ], [ 79.221127131969197, 9.263774872633478 ], [ 79.22112698734044, 9.263768374748013 ], [ 79.221126843609994, 9.263761875975847 ], [ 79.221126699879534, 9.263755378090153 ], [ 79.221126555250777, 9.263748879317744 ], [ 79.22112641241867, 9.263742379658611 ], [ 79.221126267789899, 9.263735881772572 ], [ 79.221126124059467, 9.263729382999783 ], [ 79.221125980328992, 9.263722884226905 ], [ 79.221125835700221, 9.263716384567275 ], [ 79.221125691969789, 9.263709886680765 ], [ 79.221125548239357, 9.263703387907492 ], [ 79.221125405407221, 9.263696890020741 ], [ 79.221125259880154, 9.263690391247227 ], [ 79.221125116149693, 9.263683891587037 ], [ 79.221124973317572, 9.263677393699892 ], [ 79.22112482779049, 9.263670894926046 ], [ 79.221124684958383, 9.26366439703866 ], [ 79.221124541227908, 9.263657898264572 ], [ 79.221124395700841, 9.263651400376943 ], [ 79.221124252868705, 9.263644900716002 ], [ 79.221124109138259, 9.263638401941559 ], [ 79.221123965407841, 9.263631903166988 ], [ 79.22112382077907, 9.263625405278876 ], [ 79.221123677048595, 9.263618905617452 ], [ 79.221123533318163, 9.263612406842526 ], [ 79.221123388689406, 9.263605908954071 ], [ 79.22112324495896, 9.263599410178889 ], [ 79.221123101228528, 9.263592912290179 ], [ 79.221122958396393, 9.263586412628158 ], [ 79.221122812869325, 9.263579914739244 ], [ 79.221122669138865, 9.263573415963567 ], [ 79.221122526306715, 9.263566917187788 ], [ 79.221122380779661, 9.263560419298518 ], [ 79.221122237947512, 9.263553918749286 ], [ 79.22112209421708, 9.263547420859762 ], [ 79.221121948690026, 9.263540922083488 ], [ 79.221121805857877, 9.263534424193722 ], [ 79.221121662127445, 9.263527925417204 ], [ 79.221121518396984, 9.263521426640585 ], [ 79.221121373768213, 9.263514927863852 ], [ 79.221121230037781, 9.263508429973589 ], [ 79.221121086307335, 9.263501931196615 ], [ 79.221120941678578, 9.263495432419525 ], [ 79.221120798846428, 9.26348893364227 ], [ 79.221120654217671, 9.263482434864938 ], [ 79.22112051138555, 9.263475936087479 ], [ 79.22112100725559, 9.263469014401716 ], [ 79.221121502227291, 9.263462090942639 ], [ 79.22112199809736, 9.26345516837001 ], [ 79.221122493967385, 9.263448245797239 ], [ 79.221122989837426, 9.263441324110916 ], [ 79.221123485707452, 9.263434400651292 ], [ 79.221123980679181, 9.263427478078128 ], [ 79.221124477447546, 9.2634205546182 ], [ 79.221124973317572, 9.263413632044756 ], [ 79.221125470085909, 9.263406710357744 ], [ 79.221125965057638, 9.263399787784021 ], [ 79.221126460927664, 9.26339286521017 ], [ 79.22112695679769, 9.263385941749592 ], [ 79.221127452667758, 9.263379020062034 ], [ 79.221127949436095, 9.26337209660119 ], [ 79.221128444407825, 9.263365174026791 ], [ 79.221128940277865, 9.263358252338827 ], [ 79.221129436147891, 9.263351328877574 ], [ 79.221129932017917, 9.263344407189344 ], [ 79.221130427887985, 9.263337483727787 ], [ 79.221130923758025, 9.263330561152689 ], [ 79.221131419628051, 9.263323638577475 ], [ 79.221131916396416, 9.263316716002111 ], [ 79.221132412266442, 9.263309794313242 ], [ 79.221132907238143, 9.263302870850985 ], [ 79.221133403108198, 9.263295948275225 ], [ 79.221133898978238, 9.263289024812741 ], [ 79.221134394848264, 9.263282104009898 ], [ 79.22113489071829, 9.263275181433718 ], [ 79.22113538658833, 9.263268257970788 ], [ 79.221135883356695, 9.263261335394342 ], [ 79.221136379226735, 9.263254411931143 ], [ 79.221136875096761, 9.263247490241028 ], [ 79.22113737006849, 9.263240567664175 ], [ 79.221137865938516, 9.263233645087167 ], [ 79.221138361808556, 9.263226721623424 ], [ 79.221138857678582, 9.263219799046162 ], [ 79.221139354446947, 9.263212877355373 ], [ 79.221139850316973, 9.263205953891221 ], [ 79.221140346187042, 9.263199032200164 ], [ 79.221140842057068, 9.263192108735732 ], [ 79.221141337028783, 9.263185186157772 ], [ 79.221141832898837, 9.263178263579684 ], [ 79.221142328768863, 9.263171341001469 ], [ 79.221142824638889, 9.2631644193097 ], [ 79.221143321407268, 9.263157495844606 ], [ 79.221143816378955, 9.263150574152558 ], [ 79.22114431314732, 9.263143650687208 ], [ 79.221144809017346, 9.263136728108307 ], [ 79.221145304887372, 9.263129804642654 ], [ 79.221145799859116, 9.263122882950057 ], [ 79.221146295729156, 9.263115961257347 ], [ 79.221146791599182, 9.263109037791287 ], [ 79.221147288367547, 9.26310211521171 ], [ 79.221147784237573, 9.263095191745396 ], [ 79.221148279209316, 9.263088270052126 ], [ 79.221148775079342, 9.263081348358741 ], [ 79.221149271847707, 9.263074424891993 ], [ 79.221149767717733, 9.263067502311729 ], [ 79.221150262689434, 9.263060578844728 ], [ 79.221150758559489, 9.263053656264159 ], [ 79.221151255327825, 9.263046734570088 ], [ 79.221151751197866, 9.263039811989277 ], [ 79.22115224706792, 9.263032889408327 ], [ 79.221153596337459, 9.263023352240671 ], [ 79.221154943810404, 9.263013815959347 ], [ 79.221156292181618, 9.263004278791168 ], [ 79.221157639654564, 9.262994743395934 ], [ 79.221158988025806, 9.262985207113871 ], [ 79.221160337295345, 9.262975670831542 ], [ 79.22116168476829, 9.262966133662333 ], [ 79.221163034037843, 9.262956598266056 ], [ 79.221164382409071, 9.262947061096339 ], [ 79.221165730780314, 9.262937524812928 ], [ 79.22116707915157, 9.262927987642689 ], [ 79.221168426624473, 9.26291845224538 ], [ 79.221169775894055, 9.26290891507462 ], [ 79.221171124265297, 9.262899378790218 ], [ 79.221172472636539, 9.262889843392145 ], [ 79.221173821007781, 9.262880307107181 ], [ 79.22117517027732, 9.262870769935391 ], [ 79.221176517750266, 9.262861233649957 ], [ 79.221177866121508, 9.262851697364219 ], [ 79.221179215391061, 9.262842161078263 ], [ 79.221180562864006, 9.262832623905428 ], [ 79.221181912133531, 9.262823087618926 ], [ 79.221183259606448, 9.262813551332195 ], [ 79.221184608876015, 9.262804015045159 ], [ 79.221185957247272, 9.262794477871294 ], [ 79.221187304720189, 9.262784943356996 ], [ 79.221188653989742, 9.262775406182598 ], [ 79.221190002360999, 9.26276586989453 ], [ 79.221191350732241, 9.262756332719634 ], [ 79.221192699103483, 9.262746797317709 ], [ 79.221194048373022, 9.262737260142254 ], [ 79.221195395845939, 9.262727723853182 ], [ 79.221196744217181, 9.262718186677256 ], [ 79.221198092588423, 9.262708651274249 ], [ 79.221199440959666, 9.262699114097789 ], [ 79.221200790229233, 9.262689577807699 ], [ 79.22120213770215, 9.262680042403927 ], [ 79.221203486971731, 9.262670506113277 ], [ 79.221204835342959, 9.262660968935787 ], [ 79.221206182815877, 9.26265143264464 ], [ 79.221207532085458, 9.262641896353227 ], [ 79.221208879558361, 9.262632360061572 ], [ 79.221210228827914, 9.262622822883039 ], [ 79.221211577199156, 9.262613286590836 ], [ 79.221212925570399, 9.262603750298405 ], [ 79.221214273941641, 9.262594214005695 ], [ 79.221215622312883, 9.26258467682613 ], [ 79.221216970684125, 9.262575141419509 ], [ 79.221218319055367, 9.262565605126047 ], [ 79.221219668324949, 9.26255606883228 ], [ 79.221221015797852, 9.262546531651687 ], [ 79.221222364169094, 9.262536996244021 ], [ 79.221223713438633, 9.262527459062918 ], [ 79.221225060911578, 9.26251792276816 ], [ 79.221226410181117, 9.262508385586521 ], [ 79.221227757654077, 9.262498850177826 ], [ 79.221229106923616, 9.26248931299568 ], [ 79.221230455294858, 9.262479776699891 ], [ 79.221231802767804, 9.262470240403808 ], [ 79.221233152037343, 9.262460704107484 ], [ 79.221234500408585, 9.262451166924306 ], [ 79.221235848779827, 9.262441632400646 ], [ 79.221237197151069, 9.262432095216933 ], [ 79.221238546420608, 9.262422558919592 ], [ 79.221239325259972, 9.262413799285842 ], [ 79.221240104997648, 9.262405039651913 ], [ 79.221240883836998, 9.262396280017731 ], [ 79.221241665371309, 9.262387521269943 ], [ 79.221242444210645, 9.262378761635366 ], [ 79.221243223948292, 9.262370002887145 ], [ 79.221244002787643, 9.262361243252085 ], [ 79.221244784321968, 9.262352483616846 ], [ 79.221245563161304, 9.262343724867977 ], [ 79.221246342898979, 9.26233496611888 ], [ 79.221247122636626, 9.262326207369565 ], [ 79.221247903272612, 9.262317446846836 ], [ 79.221248683010288, 9.26230868809709 ], [ 79.221249461849638, 9.262299929347128 ], [ 79.221250241587327, 9.262291169710323 ], [ 79.221251022223299, 9.262282410959916 ], [ 79.221251801960946, 9.262273651322717 ], [ 79.221252580800297, 9.262264891685252 ], [ 79.221253362334608, 9.262256132047582 ], [ 79.221254141173958, 9.262247373296297 ], [ 79.221254920911633, 9.262238613658234 ], [ 79.22125570064928, 9.262229854019891 ], [ 79.221256481285266, 9.262221095267956 ], [ 79.221257261022942, 9.262212335629231 ], [ 79.221258039862292, 9.262203576876864 ], [ 79.221258819599939, 9.262194818124266 ], [ 79.221259600235953, 9.262186057598257 ], [ 79.221260379973586, 9.26217729884524 ], [ 79.22126115881295, 9.262168540091995 ], [ 79.221261939448922, 9.262159781338545 ], [ 79.221262719186598, 9.262151021698243 ], [ 79.221263498924245, 9.262142262057763 ], [ 79.221264277763638, 9.262133503303652 ], [ 79.221265058399609, 9.262124743662689 ], [ 79.221265838137256, 9.262115984021559 ], [ 79.221266617874946, 9.262107224380163 ], [ 79.221267397612593, 9.262098464738601 ], [ 79.221268177350268, 9.262089705983383 ], [ 79.22126895798624, 9.262080947227963 ], [ 79.221269736825604, 9.262072187585701 ], [ 79.22127051656328, 9.26206342794325 ], [ 79.221271296300927, 9.262054669187167 ], [ 79.221272076936899, 9.262045910430881 ], [ 79.221272855776249, 9.262037150787741 ], [ 79.221273636412263, 9.262028392030997 ], [ 79.221274415251628, 9.262019632387464 ], [ 79.2212751958876, 9.262010872743675 ], [ 79.22127597472695, 9.262002113986282 ], [ 79.221276755362922, 9.261993355228674 ], [ 79.221277535998894, 9.261984595584261 ], [ 79.221278314838244, 9.261975835939596 ], [ 79.221279094575934, 9.261967077181325 ], [ 79.221279874313581, 9.261958316649642 ], [ 79.221280654949553, 9.261949557890937 ], [ 79.221281433788903, 9.261940798245432 ], [ 79.221282214424917, 9.261932038599685 ], [ 79.221282993264268, 9.261923279840319 ], [ 79.22128377390024, 9.261914521080751 ], [ 79.221284552739604, 9.261905762320966 ], [ 79.221285333375576, 9.261897001787743 ], [ 79.221286113113223, 9.261888243027512 ], [ 79.221286892850898, 9.261879484267066 ], [ 79.221287672588588, 9.261870724619818 ], [ 79.221288452326235, 9.261861965858927 ], [ 79.221288591565113, 9.261854053804679 ], [ 79.221288731702288, 9.261846142636827 ], [ 79.221288872737802, 9.261838230582212 ], [ 79.22128901287499, 9.261830320300653 ], [ 79.221289153012165, 9.261822408245681 ], [ 79.221289292251015, 9.261814497077129 ], [ 79.221289433286515, 9.261806585021802 ], [ 79.221289573423704, 9.261798673852919 ], [ 79.221289712662596, 9.261790761797235 ], [ 79.221289852799771, 9.261782850627995 ], [ 79.221289992936946, 9.261774938571955 ], [ 79.22129013397246, 9.261767028288945 ], [ 79.221290274109634, 9.261759116232549 ], [ 79.221290414246823, 9.261751205949183 ], [ 79.221290552587377, 9.261743293892431 ], [ 79.221290692724565, 9.261735382722124 ], [ 79.221290833760065, 9.261727470665013 ], [ 79.221290973897254, 9.261719558607727 ], [ 79.221291114034429, 9.261711648323471 ], [ 79.221291254171604, 9.26170373626584 ], [ 79.221291394308793, 9.261695825094629 ], [ 79.221291535344292, 9.26168791303663 ], [ 79.221291674583156, 9.26168000186505 ], [ 79.221291813822035, 9.261672089806694 ], [ 79.221291953959209, 9.261664178634771 ], [ 79.221292094994723, 9.261656266576072 ], [ 79.221292235131912, 9.261648356290378 ], [ 79.221292375269087, 9.261640444231309 ], [ 79.221292515406262, 9.261632533945285 ], [ 79.221292654645111, 9.261624621885886 ], [ 79.221292795680625, 9.261616710712868 ], [ 79.221292934919504, 9.261608798653088 ], [ 79.221293075056693, 9.261600888366338 ], [ 79.221293215193867, 9.261592976306201 ], [ 79.221293355331056, 9.261585065132509 ], [ 79.22129349636657, 9.261577153072016 ], [ 79.221293635605406, 9.261569241897968 ], [ 79.221293775742595, 9.261561329837118 ], [ 79.221293915879812, 9.261553418662677 ], [ 79.221294056017001, 9.261545506601484 ], [ 79.221294196154162, 9.261537596313323 ], [ 79.221294336291351, 9.261529684251773 ], [ 79.221294476428525, 9.261521773076618 ], [ 79.221294615667404, 9.2615138610147 ], [ 79.221294756702889, 9.261505949839227 ], [ 79.221294896840064, 9.261498038663577 ], [ 79.221295036977253, 9.261490126601112 ], [ 79.22129517711447, 9.261482216311691 ], [ 79.221295317251645, 9.261474304248894 ], [ 79.22129545738882, 9.261466393072492 ], [ 79.22129559662767, 9.261458481009353 ], [ 79.221295736764858, 9.261450569832595 ], [ 79.221295876902062, 9.261442657769075 ], [ 79.221296017039251, 9.261434746591998 ], [ 79.221296158074736, 9.261426835414721 ], [ 79.221296298211911, 9.261418924237276 ], [ 79.221296438349128, 9.261411012173042 ], [ 79.221296577587978, 9.261403100995254 ], [ 79.221296717725153, 9.261395188930663 ], [ 79.221296857862328, 9.261387277752481 ], [ 79.221296997999517, 9.261379365687535 ], [ 79.221297138136734, 9.261371455395659 ], [ 79.221297278273909, 9.261363544216943 ], [ 79.221297419309394, 9.261355633038086 ], [ 79.221297059983286, 9.261345883926204 ], [ 79.221296701555474, 9.261336136587305 ], [ 79.221296344026001, 9.261326389248124 ], [ 79.221295985598218, 9.261316640135455 ], [ 79.221295628068717, 9.261306892795726 ], [ 79.221295269640933, 9.261297144569134 ], [ 79.221294912111446, 9.261287397228871 ], [ 79.221294552785309, 9.26127764900172 ], [ 79.221294195255837, 9.261267900774312 ], [ 79.221293837726364, 9.261258153433248 ], [ 79.221293479298552, 9.261248405205281 ], [ 79.221293120870783, 9.261238657863684 ], [ 79.221292763341296, 9.261228908748558 ], [ 79.221292404913498, 9.261219161406414 ], [ 79.221292047384011, 9.261209414063964 ], [ 79.2212916889562, 9.261199665834688 ], [ 79.221291331426727, 9.261189917605105 ], [ 79.221290972100618, 9.261180170261841 ], [ 79.221290613672821, 9.261170422031748 ], [ 79.221290256143334, 9.261160673801365 ], [ 79.221289897715536, 9.2611509255707 ], [ 79.221289540186049, 9.261141179112979 ], [ 79.221289181758237, 9.261131429995181 ], [ 79.221288824228765, 9.261121681763717 ], [ 79.221288464902656, 9.261111935305181 ], [ 79.22128810827148, 9.261102186186582 ], [ 79.221287749843697, 9.261092438840876 ], [ 79.221287391415885, 9.261082690608328 ], [ 79.221287032988087, 9.261072943262125 ], [ 79.221286674560275, 9.261063195029031 ], [ 79.221286317030803, 9.261053446795657 ], [ 79.221285958603019, 9.261043698562029 ], [ 79.221285601073518, 9.261033951214733 ], [ 79.221285242645735, 9.26102420386718 ], [ 79.221284884217923, 9.261014454746114 ], [ 79.221284525790111, 9.261004707398016 ], [ 79.221284169158963, 9.260994960049651 ], [ 79.221283809832869, 9.260985210927769 ], [ 79.221283452303354, 9.260975463578855 ], [ 79.22128309387557, 9.260965716229677 ], [ 79.221282736346097, 9.260955967993619 ], [ 79.221282377918286, 9.26094621975728 ], [ 79.221282020388813, 9.260936472407286 ], [ 79.221281661961001, 9.2609267241704 ], [ 79.221281302634907, 9.260916975933249 ], [ 79.22128094510542, 9.260907228582415 ], [ 79.221280587575905, 9.260897480344752 ], [ 79.221280229148135, 9.260887732106799 ], [ 79.221279870720323, 9.260877984755151 ], [ 79.221279513190851, 9.260868235630051 ], [ 79.221279154763025, 9.260858489164493 ], [ 79.221278797233552, 9.260848740925445 ], [ 79.221278437907458, 9.26083899268613 ], [ 79.221278081276267, 9.260829245333172 ], [ 79.221277721950173, 9.260819497093308 ], [ 79.221277364420686, 9.260809748853179 ], [ 79.221277006891214, 9.260800000612795 ], [ 79.221276647565077, 9.260790254145354 ], [ 79.221276290035604, 9.260780505017799 ], [ 79.221275931607821, 9.260770757663213 ], [ 79.221275574078305, 9.260761010308359 ], [ 79.221275215650536, 9.260751261179989 ], [ 79.221274857222724, 9.260741513824588 ], [ 79.221274499693237, 9.260731765582296 ], [ 79.221274745831622, 9.260723112299246 ], [ 79.22127499197002, 9.260714459015981 ], [ 79.221275239006729, 9.260705805732497 ], [ 79.221275486043425, 9.260697153335386 ], [ 79.221275732181795, 9.260688500051483 ], [ 79.221275979218518, 9.260679845880778 ], [ 79.221276226255242, 9.260671192596444 ], [ 79.221276470596976, 9.260662540198492 ], [ 79.221276717633685, 9.260653886913724 ], [ 79.22127696467038, 9.260645233628754 ], [ 79.221277211707076, 9.260636581230191 ], [ 79.221277457845488, 9.260627927058176 ], [ 79.221277704882198, 9.260619273772569 ], [ 79.221277951020568, 9.260610621373319 ], [ 79.221278198057263, 9.260601968087292 ], [ 79.221278444195661, 9.260593314801035 ], [ 79.221278691232357, 9.2605846624012 ], [ 79.22127893826908, 9.260576009114525 ], [ 79.221279184407436, 9.260567355827632 ], [ 79.221279429647524, 9.26055870342711 ], [ 79.221279676684219, 9.260550050139798 ], [ 79.221279923720914, 9.260541395965646 ], [ 79.221280169859327, 9.260532742677915 ], [ 79.221280416896022, 9.260524090276579 ], [ 79.221280663932731, 9.260515436988415 ], [ 79.221280909172791, 9.260506783700022 ], [ 79.2212811562095, 9.260498130411438 ], [ 79.221281403246195, 9.260489477122624 ], [ 79.221281650282918, 9.260480823833609 ], [ 79.221281896421274, 9.260472171430962 ], [ 79.221282142559687, 9.260463518141512 ], [ 79.221282388698057, 9.260454863965235 ], [ 79.221282635734752, 9.260446210675353 ], [ 79.221282881873165, 9.260437558271892 ], [ 79.22128312890986, 9.260428904981591 ], [ 79.22128337594657, 9.260420250804462 ], [ 79.22128362208494, 9.260411598400365 ], [ 79.221283868223338, 9.260402945109414 ], [ 79.221284115260033, 9.260394291818272 ], [ 79.221284362296743, 9.260385639413501 ], [ 79.221284608435141, 9.260376985235304 ], [ 79.221284854573526, 9.260368331943502 ], [ 79.221285100711924, 9.260359678651495 ], [ 79.221285346850294, 9.260351026245909 ], [ 79.221285593887004, 9.260342372953483 ], [ 79.221285840923699, 9.260333718774204 ], [ 79.221286087960408, 9.260325066367983 ], [ 79.221286334098806, 9.260316413074907 ], [ 79.221286580237177, 9.260307759781629 ], [ 79.221286827273872, 9.260299107374721 ], [ 79.221287074310581, 9.260290453194385 ], [ 79.22128732044898, 9.260281800787094 ], [ 79.22128756658735, 9.26027314837955 ], [ 79.221287813624059, 9.260264495085202 ], [ 79.221288059762472, 9.26025584179064 ], [ 79.221288305900842, 9.260247187609274 ], [ 79.221288552937537, 9.260238535200877 ], [ 79.221288799974246, 9.260229881905676 ], [ 79.221289046112645, 9.260221228610261 ], [ 79.221289293149354, 9.260212575314641 ], [ 79.22128953928771, 9.260203922018793 ], [ 79.221289785426123, 9.260195268722754 ], [ 79.221290031564493, 9.260186616313071 ], [ 79.221290278601188, 9.260177963016586 ], [ 79.221290525637897, 9.260169308833312 ], [ 79.221290771776296, 9.260160656422995 ], [ 79.22129101791468, 9.260152003125874 ], [ 79.221291264951375, 9.260143349828549 ], [ 79.221291511988071, 9.260134697417634 ], [ 79.221291758126483, 9.260126043233253 ], [ 79.221292005163193, 9.26011738993528 ], [ 79.221292252199888, 9.260108736637104 ], [ 79.221292497439961, 9.260100084225297 ], [ 79.221292743578331, 9.260091430040088 ], [ 79.221292990615069, 9.260082776741264 ], [ 79.221293237651764, 9.26007412432882 ], [ 79.221293483790134, 9.260065471029575 ], [ 79.221293730826844, 9.260056817730113 ], [ 79.221293976965242, 9.260048165317061 ], [ 79.221294223103612, 9.260039512017178 ], [ 79.221294470140322, 9.260030858717043 ], [ 79.221294717177031, 9.260022206303352 ], [ 79.221294964213726, 9.260013552116199 ], [ 79.221295210352125, 9.260004898815465 ], [ 79.221295455592198, 9.259996246401126 ], [ 79.221295702628908, 9.259987593099961 ], [ 79.221295949665603, 9.259978939798591 ], [ 79.221296195803973, 9.259970285610368 ], [ 79.221296442840682, 9.259961633195189 ], [ 79.221296688979081, 9.259952979893171 ], [ 79.221296935117451, 9.25994432659091 ], [ 79.22129718215416, 9.259935673288458 ], [ 79.221297429190855, 9.259927019985804 ], [ 79.221297676227564, 9.259918366682934 ], [ 79.221297922365963, 9.259909714266483 ], [ 79.221298167606037, 9.259901060963179 ], [ 79.221298414642746, 9.259892406773048 ], [ 79.221298660781116, 9.259883754355949 ], [ 79.221298907817811, 9.259875101052009 ], [ 79.22129915485452, 9.259866447747866 ], [ 79.221299401891216, 9.259857795330092 ], [ 79.221299648029628, 9.259849142025516 ], [ 79.221299894167998, 9.259840488720725 ], [ 79.221300141204722, 9.259831836302315 ], [ 79.221300388241431, 9.259823182110518 ], [ 79.221300634379801, 9.259814528805089 ], [ 79.221300881416497, 9.25980587638603 ], [ 79.221301126656584, 9.259797223080183 ], [ 79.221301372794983, 9.259788569774118 ], [ 79.221301619831692, 9.259779915581239 ], [ 79.221301866868387, 9.25977126316134 ], [ 79.221302113905082, 9.259762609854628 ], [ 79.221302360043467, 9.25975395743431 ], [ 79.221302606181851, 9.259745303240591 ], [ 79.22130285321856, 9.259736649933242 ], [ 79.22130310025527, 9.259727996625688 ], [ 79.221303346393626, 9.259719344204505 ], [ 79.221303593430335, 9.259710690896521 ], [ 79.221303839568748, 9.259702037588317 ], [ 79.221304084808821, 9.259693385166537 ], [ 79.221304331845531, 9.259684731857915 ], [ 79.221304578882226, 9.259676077662453 ], [ 79.221304825918921, 9.259667425239998 ], [ 79.221305072057305, 9.259658771930727 ], [ 79.221305319094, 9.259650118621254 ], [ 79.221305565232399, 9.259641466198188 ], [ 79.221305811370769, 9.259632812001671 ], [ 79.221306058407464, 9.259624158691548 ], [ 79.221307051944194, 9.259617377900845 ], [ 79.221308044582585, 9.259610596223416 ], [ 79.221309039017612, 9.259603813659222 ], [ 79.2213100325543, 9.259597032868163 ], [ 79.221311026091016, 9.259590252076926 ], [ 79.221312019627717, 9.259583471285573 ], [ 79.22131301406273, 9.259576688720859 ], [ 79.221314006701121, 9.259569907929228 ], [ 79.221315001136148, 9.259563126250884 ], [ 79.221315993774539, 9.259556344572397 ], [ 79.221316988209551, 9.259549562893799 ], [ 79.221317981746253, 9.259542781215021 ], [ 79.221318975282969, 9.259536000422752 ], [ 79.221319968819657, 9.25952921785716 ], [ 79.221320963254684, 9.259522437064625 ], [ 79.221321955893075, 9.259515656271951 ], [ 79.221322950328087, 9.25950887459255 ], [ 79.221323942966478, 9.259502092913035 ], [ 79.221324937401505, 9.259495312119965 ], [ 79.221325930938193, 9.259488530440182 ], [ 79.221326923576584, 9.259481747873648 ], [ 79.22132791801161, 9.259474967080184 ], [ 79.221328910650001, 9.259468185400008 ], [ 79.221329905983325, 9.259461403719666 ], [ 79.221330898621716, 9.259454622039222 ], [ 79.221331892158446, 9.259447841245249 ], [ 79.221332885695119, 9.259441059564537 ], [ 79.221333880130146, 9.259434278770298 ], [ 79.221334873666876, 9.259427497089344 ], [ 79.221335867203564, 9.259420715408238 ], [ 79.221336859841955, 9.259413933726981 ], [ 79.221337854276982, 9.259407152045632 ], [ 79.221340410882277, 9.259397262795293 ], [ 79.221342968385883, 9.25938737177149 ], [ 79.221345524991193, 9.259377483407215 ], [ 79.221348081596489, 9.259367593269424 ], [ 79.221350639998391, 9.259357703131379 ], [ 79.221353195705404, 9.259347812993054 ], [ 79.221355753209011, 9.259337922854449 ], [ 79.221358310712603, 9.259328032715578 ], [ 79.221360867317912, 9.259318142576413 ], [ 79.221363424821519, 9.259308254210191 ], [ 79.221365982325153, 9.259298363183856 ], [ 79.221368538032124, 9.259288473043865 ], [ 79.221371096434055, 9.259278583790179 ], [ 79.221373653039365, 9.259268692763017 ], [ 79.221376208746349, 9.259258804395396 ], [ 79.221378767148266, 9.259248914254298 ], [ 79.221382746684981, 9.259241566912179 ], [ 79.221386727119992, 9.259234218683295 ], [ 79.221390705758395, 9.259226872227469 ], [ 79.221394686193406, 9.259219524884891 ], [ 79.221398665730121, 9.259212176655549 ], [ 79.221402645266835, 9.259204830199252 ], [ 79.221406624803535, 9.259197482856191 ], [ 79.221410605238574, 9.259190136399626 ], [ 79.22141458387695, 9.259182789056259 ], [ 79.221418564311989, 9.259175440826143 ], [ 79.221422543848703, 9.259168094369082 ], [ 79.2214265242837, 9.259160746138658 ], [ 79.221430503820415, 9.259153398794695 ], [ 79.22143448425544, 9.259146052337176 ], [ 79.221438462893829, 9.259138704106295 ], [ 79.221442443328868, 9.259131357648471 ], [ 79.221448412633947, 9.259122173246096 ], [ 79.221454383735619, 9.259112988843441 ], [ 79.221460353040698, 9.259103804440558 ], [ 79.221466323244073, 9.259094620037432 ], [ 79.221472294345745, 9.259085434747467 ], [ 79.221478262752498, 9.259076251230457 ], [ 79.221484233854198, 9.259067066826606 ], [ 79.221490204057574, 9.259057882422551 ], [ 79.221496174260963, 9.259048698018217 ], [ 79.221502143566013, 9.259039513613642 ], [ 79.221508114667714, 9.259030330095435 ], [ 79.221514083972792, 9.259021144803791 ], [ 79.221520055074464, 9.259011960398501 ], [ 79.221526025277839, 9.259002775992972 ], [ 79.221531993684579, 9.258993591587213 ], [ 79.221537964786293, 9.258984407181226 ], [ 79.221543934989668, 9.25897522277497 ], [ 79.221549905193044, 9.258966039255085 ], [ 79.221555875396433, 9.258956854848359 ], [ 79.221561845599794, 9.258947670441417 ], [ 79.221567814904887, 9.258938486034207 ], [ 79.221573786006559, 9.258929300740132 ], [ 79.221579756209934, 9.258920117219077 ], [ 79.221585724616673, 9.258910931924555 ], [ 79.221591695718388, 9.258901748402979 ], [ 79.221597665921763, 9.258892563994561 ], [ 79.221603637023435, 9.258883379585951 ], [ 79.221609606328514, 9.258874195177063 ], [ 79.221615577430214, 9.258865010767932 ], [ 79.221621546735264, 9.25885582724516 ], [ 79.221627516040343, 9.258846642835584 ], [ 79.221633487142014, 9.258837456652506 ], [ 79.221635476012068, 9.258829262587636 ], [ 79.221637463983797, 9.258821069409198 ], [ 79.221639452853836, 9.258812873570747 ], [ 79.22164144082555, 9.258804680391917 ], [ 79.221643429695604, 9.258796486326283 ], [ 79.221645418565643, 9.258788291373847 ], [ 79.221647407435682, 9.258780096421232 ], [ 79.221649396305708, 9.258771902355051 ], [ 79.221651384277422, 9.258763707402055 ], [ 79.221653373147461, 9.25875551333548 ], [ 79.221655362017501, 9.258747319268688 ], [ 79.221657349989243, 9.258739125201744 ], [ 79.221659338859268, 9.258730930247985 ], [ 79.221661327729308, 9.258722735294022 ], [ 79.221663316599333, 9.25871454122648 ], [ 79.221665306367711, 9.258706346272135 ], [ 79.221660184173956, 9.258699000691903 ], [ 79.221655061980201, 9.258691655998103 ], [ 79.221649941583081, 9.25868431130419 ], [ 79.221644820287665, 9.258676965723462 ], [ 79.22163969899222, 9.258669621029243 ], [ 79.221634577696804, 9.258662276334833 ], [ 79.221629456401345, 9.258654930753647 ], [ 79.221624335105929, 9.258647585172346 ], [ 79.221616370642593, 9.258645326971296 ], [ 79.221608407077625, 9.258643068770194 ], [ 79.221600442614289, 9.258640809682483 ], [ 79.22159247904932, 9.258638552367993 ], [ 79.221584514585984, 9.25863629328023 ], [ 79.221576551021016, 9.258634035079103 ], [ 79.221568586557694, 9.258631776877925 ], [ 79.221560622992712, 9.258629517790162 ], [ 79.221553654761038, 9.258630085221931 ], [ 79.221546687427704, 9.258630651767113 ], [ 79.221539719196031, 9.258631219198895 ], [ 79.221532751862711, 9.258631784857455 ], [ 79.221525783631051, 9.258632352289222 ], [ 79.221518816297703, 9.258632918834392 ], [ 79.221511848066044, 9.258633486266174 ], [ 79.221504879834356, 9.258634051924719 ], [ 79.221497911602711, 9.258634620243125 ], [ 79.221490944269391, 9.258635185901671 ], [ 79.221483976936042, 9.25863575333344 ], [ 79.221477008704383, 9.258636318991986 ], [ 79.221470041371035, 9.258636887310379 ], [ 79.221463073139375, 9.258637452968925 ], [ 79.221456104907702, 9.258638020400682 ], [ 79.221449136676043, 9.258638586945864 ], [ 79.221442169342708, 9.258639154377619 ], [ 79.221435201111035, 9.25863972092279 ], [ 79.221428232879376, 9.258640286581336 ], [ 79.221421266444352, 9.258640854899715 ], [ 79.221414298212707, 9.258641420558249 ], [ 79.221407330879344, 9.258641987990005 ], [ 79.221400362647699, 9.258642553648551 ], [ 79.221393395314337, 9.25864312196693 ], [ 79.221386427082692, 9.258643687625476 ], [ 79.221379458851047, 9.25864425505722 ], [ 79.221372490619387, 9.258644820715753 ], [ 79.221365523286039, 9.258645389034147 ], [ 79.22135855505438, 9.258645955579253 ], [ 79.221351586822706, 9.258646522124423 ], [ 79.221344618591047, 9.25864708866958 ], [ 79.221337652156024, 9.258647656101322 ], [ 79.221331538222216, 9.258649635019571 ], [ 79.22132542339007, 9.258651613937781 ], [ 79.221319308557938, 9.258653593742629 ], [ 79.221313194624116, 9.258655572660851 ], [ 79.22130707979197, 9.258657551579009 ], [ 79.221300966756459, 9.25865953227043 ], [ 79.221294851924313, 9.258661512075202 ], [ 79.221288737092166, 9.258663490993372 ], [ 79.221282624056656, 9.258665469911532 ], [ 79.221276509224509, 9.258667449716278 ], [ 79.221270395290702, 9.258669428634411 ], [ 79.221264281356895, 9.258671408439119 ], [ 79.221258165626423, 9.258673388243876 ], [ 79.221252051692616, 9.258675367161972 ], [ 79.221245937758795, 9.258677346080029 ], [ 79.221239823824959, 9.258679324998113 ], [ 79.221233709891138, 9.258681304802781 ], [ 79.221227595957302, 9.258683283720838 ], [ 79.221221481125198, 9.258685262638883 ], [ 79.221215367191334, 9.258687243330138 ], [ 79.221209253257527, 9.258689222248156 ], [ 79.221203138425395, 9.258691201166139 ], [ 79.22119702538987, 9.258693180970768 ], [ 79.221190909659427, 9.258695159888763 ], [ 79.221184794827295, 9.258697138806706 ], [ 79.22117868179177, 9.258699118611311 ], [ 79.221172566959638, 9.25870109930249 ], [ 79.221166453025816, 9.258703078220394 ], [ 79.221160339091981, 9.258705057138338 ], [ 79.221154224259877, 9.258707036942853 ], [ 79.221148110326013, 9.25870901586077 ], [ 79.22114199639222, 9.258710994778676 ], [ 79.221130619229129, 9.258708738351217 ], [ 79.221119242066067, 9.258706480150561 ], [ 79.22110786490299, 9.258704221949856 ], [ 79.221096487739914, 9.258701963749136 ], [ 79.221085110576837, 9.258699707321652 ], [ 79.221073734312057, 9.258697449120907 ], [ 79.22106235804732, 9.258695190920188 ], [ 79.221050979985932, 9.25869293360603 ], [ 79.221044153688084, 9.258688413657993 ], [ 79.221037327390235, 9.258683896369739 ], [ 79.221030499295779, 9.258679376421625 ], [ 79.221023672997916, 9.258674857360035 ], [ 79.221016845801756, 9.258670338298392 ], [ 79.221010018605611, 9.258665819236688 ], [ 79.221003191409437, 9.25866130017493 ], [ 79.220996365111588, 9.25865678111311 ], [ 79.220990675182577, 9.258648587930642 ], [ 79.220984984355269, 9.258640395634616 ], [ 79.220979294426243, 9.258632203338403 ], [ 79.220973603598935, 9.258624011041958 ], [ 79.220967912771627, 9.258615817858724 ], [ 79.220962222842601, 9.258607624675312 ], [ 79.220956532913604, 9.258599433264958 ], [ 79.220950842086282, 9.258591240081152 ], [ 79.22094515215727, 9.258583047783754 ], [ 79.220939462228245, 9.258574854599605 ], [ 79.220933771400894, 9.258566662301824 ], [ 79.220928080573586, 9.258558470003893 ], [ 79.220922390644589, 9.258550276819145 ], [ 79.220916699817252, 9.258542085407417 ], [ 79.220911009888255, 9.258533892222275 ], [ 79.220905319959229, 9.258525699036955 ], [ 79.220902544165, 9.258518636282306 ], [ 79.22089976926911, 9.258511572640893 ], [ 79.220896995271502, 9.258504509885965 ], [ 79.220894220375598, 9.258497447130908 ], [ 79.220891446377991, 9.258490384375699 ], [ 79.220888669685465, 9.258483320733715 ], [ 79.220885894789532, 9.258476257978225 ], [ 79.220883120791939, 9.25846919522256 ], [ 79.22088034589602, 9.258462130693568 ], [ 79.220877571000131, 9.258455067937646 ], [ 79.220874796104184, 9.258448005181547 ], [ 79.220872021208294, 9.258440942425347 ], [ 79.22086924631239, 9.25843387878237 ], [ 79.220866472314782, 9.258426816025889 ], [ 79.220863697418849, 9.258419753269267 ], [ 79.220860920726324, 9.258412689625871 ], [ 79.220858146728716, 9.25840562598232 ], [ 79.220855371832826, 9.258398563225279 ], [ 79.220852596936894, 9.25839149958145 ], [ 79.220849822939314, 9.258384436824104 ], [ 79.220847047145085, 9.25837737406663 ], [ 79.220844272249153, 9.258370311309005 ], [ 79.220841498251588, 9.258363247664615 ], [ 79.220838723355655, 9.258356184906683 ], [ 79.220835949358047, 9.258349122148637 ], [ 79.220833172665508, 9.25834205939044 ], [ 79.220830397769618, 9.258334995745489 ], [ 79.22082762377201, 9.258327932987012 ], [ 79.220824848876077, 9.258320870228406 ], [ 79.220822073980173, 9.258313806583011 ], [ 79.220819299084269, 9.258306742937489 ], [ 79.220816524188336, 9.258299680178451 ], [ 79.220813749292446, 9.258292617419272 ], [ 79.220810975294839, 9.258285553773305 ], [ 79.220808200398935, 9.258278491013847 ], [ 79.220805423706381, 9.258271428254199 ], [ 79.220802649708816, 9.258264364607863 ], [ 79.220799874812869, 9.258257300961334 ], [ 79.220797099916979, 9.258250238201279 ], [ 79.220794325919371, 9.258243175441097 ], [ 79.220791550125142, 9.258236111794149 ], [ 79.220788775229238, 9.258229049033687 ], [ 79.22078600123163, 9.258221986273096 ], [ 79.220783226335726, 9.258214922625717 ], [ 79.220780451439808, 9.25820785897821 ], [ 79.2207776774422, 9.258200797103799 ], [ 79.22077490074966, 9.258193734342598 ], [ 79.22077212585377, 9.258186670694696 ], [ 79.220769351856163, 9.258179607933203 ], [ 79.220766576960216, 9.258172545171607 ], [ 79.220763802962651, 9.25816548063665 ], [ 79.220761027168422, 9.258158417874737 ], [ 79.220758252272489, 9.258151355112721 ], [ 79.220755478274924, 9.258144292350554 ], [ 79.220752703378977, 9.258137228701623 ], [ 79.220749927584762, 9.258130165939175 ], [ 79.220747152688858, 9.258123103176588 ], [ 79.220744377792954, 9.258116038640599 ], [ 79.220741602897021, 9.258108975877732 ], [ 79.220738828899414, 9.258101913114713 ], [ 79.220736054003524, 9.258094850351553 ], [ 79.220733279107606, 9.258087786701628 ], [ 79.220730504211687, 9.258080723938187 ], [ 79.220727729315769, 9.258073661174571 ], [ 79.220723746185811, 9.258067728843187 ], [ 79.220719763055854, 9.258061795625055 ], [ 79.220715779027557, 9.25805586329343 ], [ 79.2207117958976, 9.258049930075106 ], [ 79.2207078127676, 9.258043997743279 ], [ 79.220703828739332, 9.258038065411375 ], [ 79.220699845609332, 9.258032133079357 ], [ 79.220695863377713, 9.258026199860627 ], [ 79.220691880247742, 9.258020266641793 ], [ 79.220687896219445, 9.258014335196107 ], [ 79.220683913089488, 9.258008401977044 ], [ 79.22067992995953, 9.258002469644543 ], [ 79.22067594682953, 9.257996537311914 ], [ 79.220671962801262, 9.257990604979222 ], [ 79.220667979671276, 9.257984671759752 ], [ 79.220663997439644, 9.257978739426857 ], [ 79.220656031179686, 9.257970265172014 ], [ 79.220648064919757, 9.257961790030356 ], [ 79.220640099558125, 9.257953315775094 ], [ 79.220632134196492, 9.257944840632991 ], [ 79.220624167936563, 9.257936366377358 ], [ 79.220616202574931, 9.257927892121485 ], [ 79.220608237213312, 9.257919416978771 ], [ 79.22060027185168, 9.257910942722503 ], [ 79.220592305591751, 9.257902467579408 ], [ 79.220584340230118, 9.257893993322721 ], [ 79.220576374868486, 9.257885519065816 ], [ 79.220568408608557, 9.257877043922123 ], [ 79.220560443246924, 9.257868569664824 ], [ 79.220552477885306, 9.25786009540731 ], [ 79.220544511625377, 9.257851620263006 ], [ 79.220536546263745, 9.257843146005085 ], [ 79.22053156869876, 9.257839049847702 ], [ 79.220526590235437, 9.257834954576881 ], [ 79.22052161177217, 9.25783085930602 ], [ 79.220516633308847, 9.257826763148486 ], [ 79.220511655743863, 9.25782266699094 ], [ 79.220506677280554, 9.257818570833315 ], [ 79.220501698817245, 9.257814475562252 ], [ 79.220496720353964, 9.257810380291151 ], [ 79.220491742788937, 9.257806284133387 ], [ 79.22048676432567, 9.257802187975598 ], [ 79.220481785862361, 9.257798091817721 ], [ 79.220476808297363, 9.257793995659803 ], [ 79.220471829834054, 9.257789901275098 ], [ 79.220466851370745, 9.257785805117091 ], [ 79.22046187290745, 9.257781708959023 ], [ 79.220456895342437, 9.257777612800954 ], [ 79.220451916879156, 9.257773516642796 ], [ 79.220446939314172, 9.257769422257823 ], [ 79.220441959952524, 9.257765326099602 ], [ 79.22043698238754, 9.257761229941304 ], [ 79.22043200392423, 9.257757133782942 ], [ 79.220427026359246, 9.257753037624592 ], [ 79.220422046997641, 9.257748943239378 ], [ 79.220417070330953, 9.257744847080875 ], [ 79.220412090969347, 9.257740750922375 ], [ 79.220407113404363, 9.257736654763784 ], [ 79.220402134042743, 9.257732558605154 ], [ 79.220397157376055, 9.257728464219737 ], [ 79.220392178014436, 9.257724368061005 ], [ 79.220387199551126, 9.257720271902237 ], [ 79.220382221986142, 9.257716175743431 ], [ 79.220377244421172, 9.257712079584572 ], [ 79.220369847693107, 9.257707844227186 ], [ 79.220362452761691, 9.257703607096502 ], [ 79.22035505693195, 9.257699370852404 ], [ 79.22034766110221, 9.257695134608278 ], [ 79.220340265272483, 9.257690898364078 ], [ 79.220332870341082, 9.257686662119815 ], [ 79.220325473613002, 9.257682424988875 ], [ 79.220318077783276, 9.257678188744547 ], [ 79.220310682851874, 9.257673951613519 ], [ 79.220303287022134, 9.257669716255675 ], [ 79.220295891192393, 9.257665479124533 ], [ 79.220288495362652, 9.257661242879976 ], [ 79.220281100431251, 9.25765700574877 ], [ 79.220273703703185, 9.257652770390724 ], [ 79.220266307873445, 9.257648533259378 ], [ 79.220258912043704, 9.257644297014604 ], [ 79.220247251013021, 9.25764175686364 ], [ 79.220235589982323, 9.257639216712652 ], [ 79.220223928951611, 9.257636676561638 ], [ 79.220212267022603, 9.25763413641061 ], [ 79.220200605093567, 9.257631597146171 ], [ 79.22018894496118, 9.257629056108494 ], [ 79.220177283032157, 9.257626515957391 ], [ 79.220165621103149, 9.257623975806288 ], [ 79.220153960072452, 9.257621435655171 ], [ 79.220142299041726, 9.257618894617393 ], [ 79.220130637112746, 9.257616356239474 ], [ 79.22011897608202, 9.25761381520171 ], [ 79.220107315051337, 9.257611275050504 ], [ 79.220095654020611, 9.257608734899261 ], [ 79.220083992091602, 9.257606194748043 ], [ 79.22007233016258, 9.257603654596787 ], [ 79.220060670030179, 9.257601113558895 ], [ 79.220049008101157, 9.257598574294237 ], [ 79.220037346172148, 9.257596034142944 ], [ 79.220025685141451, 9.257593493991624 ], [ 79.220014024110768, 9.257590952953654 ], [ 79.220002363080056, 9.257588413688884 ], [ 79.219990701151019, 9.257585872650926 ], [ 79.219979040120336, 9.257583333386117 ], [ 79.21996737908961, 9.257580793234709 ], [ 79.219955717160602, 9.257578253083274 ], [ 79.219944055231579, 9.257575712931828 ], [ 79.219932395099178, 9.257573172780331 ], [ 79.21992073317017, 9.257570631742247 ], [ 79.219909071241148, 9.257568093363972 ], [ 79.219897411108789, 9.257565552325813 ], [ 79.219885749179767, 9.257563012174277 ], [ 79.219878638115972, 9.257559622645664 ], [ 79.219871526153867, 9.257556234003664 ], [ 79.219864415988397, 9.257552845361587 ], [ 79.219857304924616, 9.25754945583291 ], [ 79.219850193860822, 9.257546068077406 ], [ 79.219843082797027, 9.257542679435266 ], [ 79.219835970834907, 9.257539289906463 ], [ 79.219828859771113, 9.257535901264221 ], [ 79.219821749605657, 9.257532511735393 ], [ 79.219814639440159, 9.257529123093086 ], [ 79.219807526579757, 9.257525733564181 ], [ 79.219800416414287, 9.257522344921812 ], [ 79.219793305350507, 9.257518956279442 ], [ 79.219786194286698, 9.25751556675041 ], [ 79.219779083222917, 9.257512178107989 ], [ 79.219771972159123, 9.257508790352103 ], [ 79.21976969492988, 9.257502008634003 ], [ 79.219767417700652, 9.257495227802346 ], [ 79.219765141369692, 9.257488446970575 ], [ 79.219762864140449, 9.257481667025289 ], [ 79.219760586911221, 9.257474886193252 ], [ 79.219758309681978, 9.257468105361113 ], [ 79.219756031554397, 9.257461325415406 ], [ 79.21975375612179, 9.257454543696376 ], [ 79.219755460225869, 9.25744719720335 ], [ 79.219757164329977, 9.257439850710171 ], [ 79.219758869332409, 9.257432504216878 ], [ 79.219760574334813, 9.257425156836756 ], [ 79.219762278438921, 9.257417811229757 ], [ 79.219763983441311, 9.25741046384937 ], [ 79.219765686647108, 9.257403117355427 ], [ 79.219767390751201, 9.257395769974682 ], [ 79.219775353417873, 9.257388421707212 ], [ 79.21978331518622, 9.257381074326213 ], [ 79.219791276056256, 9.257373726058425 ], [ 79.219799237824631, 9.257366376903885 ], [ 79.219807198694681, 9.257359030409015 ], [ 79.219815159564718, 9.257351681254145 ], [ 79.219823122231418, 9.257344332099146 ], [ 79.219831083101468, 9.257336984717181 ], [ 79.219840752567166, 9.257333025979303 ], [ 79.219850421134581, 9.257329068127998 ], [ 79.219860089701967, 9.257325111163253 ], [ 79.219869759167707, 9.257321153311834 ], [ 79.219879427735094, 9.25731719368714 ], [ 79.219889096302495, 9.257313235835669 ], [ 79.21989876486991, 9.257309278870734 ], [ 79.21990843433565, 9.25730532013255 ], [ 79.219915259735146, 9.257304752698632 ], [ 79.219922085134698, 9.257304186151311 ], [ 79.219928911432532, 9.257303619603979 ], [ 79.219935736832056, 9.257303053056697 ], [ 79.219942562231608, 9.257302485622777 ], [ 79.219949386732793, 9.257301919962057 ], [ 79.219956213030628, 9.257301353414762 ], [ 79.219963039328476, 9.25730078598083 ], [ 79.219969864728029, 9.257300220320147 ], [ 79.219976690127538, 9.257299652886189 ], [ 79.219983514628751, 9.257299086338882 ], [ 79.219990340926586, 9.257298519791551 ], [ 79.219997167224435, 9.25729795324423 ], [ 79.220003992623987, 9.257297385810299 ], [ 79.220010818023496, 9.257296819263004 ], [ 79.220017644321331, 9.257296251829034 ], [ 79.220026461285855, 9.257297663320971 ], [ 79.220035278250364, 9.257299073926259 ], [ 79.220044094316577, 9.257300483644949 ], [ 79.220052912179412, 9.257301895136822 ], [ 79.220061729143922, 9.257303305742097 ], [ 79.220070545210106, 9.257304716347372 ], [ 79.220079363072955, 9.257306126952635 ], [ 79.220088179139125, 9.257307537557883 ], [ 79.220096997001974, 9.257308948163146 ], [ 79.220105813966484, 9.257310358768382 ], [ 79.220114630032668, 9.257311770260257 ], [ 79.220123447895503, 9.257313179978896 ], [ 79.220132263961716, 9.257314589697508 ], [ 79.220141080926226, 9.257316002075955 ], [ 79.220149898789046, 9.257317411794567 ], [ 79.220158714855259, 9.257318822399792 ], [ 79.220167389885958, 9.257322070072217 ], [ 79.220176065814968, 9.257325316858019 ], [ 79.220184741743964, 9.257328563643796 ], [ 79.220193416774663, 9.257331812202768 ], [ 79.220202091805362, 9.257335058988481 ], [ 79.220210766836075, 9.257338305774155 ], [ 79.220219441866774, 9.257341552559817 ], [ 79.220228117795784, 9.257344800232078 ], [ 79.220236792826483, 9.25734804790426 ], [ 79.220245467857183, 9.257351294689821 ], [ 79.220254142887882, 9.25735454324859 ], [ 79.220262817918595, 9.257357789147489 ], [ 79.220271493847591, 9.257361035932972 ], [ 79.220280169776629, 9.257364283605003 ], [ 79.2202888448073, 9.25736753127706 ], [ 79.220297519837999, 9.25737077894904 ], [ 79.220306194868698, 9.257374025734384 ], [ 79.220314869899397, 9.257377273406339 ], [ 79.220323545828407, 9.257380520191644 ], [ 79.22033222085912, 9.257383766976899 ], [ 79.220340895889819, 9.257387014648726 ], [ 79.220349570920519, 9.257390262320566 ], [ 79.220358245951218, 9.257393509105732 ], [ 79.220366921880213, 9.257396756777522 ], [ 79.220375597809252, 9.257400002676 ], [ 79.220384272839922, 9.257403251234312 ], [ 79.220392947870636, 9.257406498019362 ], [ 79.220401622901335, 9.257409744804388 ], [ 79.220410297932034, 9.25741299336261 ], [ 79.220418972962733, 9.257416240147572 ], [ 79.220427648891729, 9.257419486932509 ], [ 79.220436323922428, 9.257422733717407 ], [ 79.220443577818372, 9.257426794415039 ], [ 79.220450830815963, 9.257430854225984 ], [ 79.220458083813568, 9.25743491403693 ], [ 79.220465337709484, 9.257438973847798 ], [ 79.220472590707104, 9.257443033658602 ], [ 79.22047984460302, 9.257447094356005 ], [ 79.220487097600625, 9.25745115416672 ], [ 79.220494350598216, 9.257455213977423 ], [ 79.220501605392442, 9.257459272901425 ], [ 79.220508858390076, 9.257463333598626 ], [ 79.220516112285978, 9.257467394295787 ], [ 79.220523365283597, 9.257471453219674 ], [ 79.220530619179499, 9.25747551303011 ], [ 79.220537873075415, 9.257479572840507 ], [ 79.22054512607302, 9.25748363265088 ], [ 79.22055237996895, 9.257487693347812 ], [ 79.220559632966555, 9.257491753158057 ], [ 79.220566885964146, 9.257495812968264 ], [ 79.220574139860076, 9.257499872778419 ], [ 79.220581392857682, 9.257503931701926 ], [ 79.220588645855273, 9.257507993285254 ], [ 79.220595899751203, 9.257512053095269 ], [ 79.220603152748794, 9.257516112018635 ], [ 79.220610406644738, 9.257520171828563 ], [ 79.220617659642329, 9.257524233411662 ], [ 79.22062491263992, 9.257528292334888 ], [ 79.220632167434175, 9.257532352144674 ], [ 79.220639421330077, 9.257536411954435 ], [ 79.220646675226007, 9.257540471764134 ], [ 79.220653928223612, 9.257544531573767 ], [ 79.220661181221203, 9.257548591383388 ], [ 79.220668435117133, 9.257552652079532 ], [ 79.220675688114724, 9.257556711889066 ], [ 79.220682941112329, 9.257560770811923 ], [ 79.22069019500826, 9.257564830621329 ], [ 79.220697448005865, 9.257568892203917 ], [ 79.220704701901781, 9.257572951126635 ], [ 79.220711954899372, 9.257577010935901 ], [ 79.220719207896977, 9.257581070745152 ], [ 79.220726461792907, 9.257585131440916 ], [ 79.220733714790512, 9.257589191250078 ], [ 79.220740968686428, 9.257593251059152 ], [ 79.220748222582372, 9.257597309981591 ], [ 79.220755475579963, 9.2576013706772 ], [ 79.22076273037419, 9.25760542959951 ], [ 79.220769983371795, 9.25760949029503 ], [ 79.220777236369386, 9.257613550103901 ], [ 79.220784490265316, 9.257617609912709 ], [ 79.220791743262907, 9.257621669721452 ], [ 79.220798997158838, 9.257625730416782 ], [ 79.220806250156443, 9.257629790225437 ], [ 79.220813503154034, 9.257633850034079 ], [ 79.220820757049964, 9.257637909842643 ], [ 79.220828010047555, 9.25764196876456 ], [ 79.220835263943499, 9.257646030346258 ], [ 79.220842517839415, 9.257650090154671 ], [ 79.22084977083702, 9.25765414907646 ], [ 79.22085702473295, 9.257658208884784 ], [ 79.220864277730541, 9.257662269579694 ], [ 79.220871530728147, 9.257666329387954 ], [ 79.220878784624063, 9.257670389196138 ], [ 79.220886037621668, 9.257674449004284 ], [ 79.220893292415894, 9.257678508812377 ], [ 79.220900545413485, 9.25768256862046 ], [ 79.220907798411119, 9.257686628428454 ], [ 79.220915052307021, 9.257690688236409 ], [ 79.220922306202951, 9.257694748930936 ], [ 79.220929559200542, 9.257698807852202 ], [ 79.220936813096486, 9.257702867660019 ], [ 79.220944066094077, 9.25770692835442 ], [ 79.220951319989993, 9.257710988162131 ], [ 79.220958572987598, 9.257715047969832 ], [ 79.220965825985203, 9.257719107777456 ], [ 79.220973079881134, 9.257723166698431 ], [ 79.220980332878725, 9.257727228279201 ], [ 79.220987585876316, 9.257731288086712 ], [ 79.22099483977226, 9.25773534700752 ], [ 79.221002092769851, 9.25773940681494 ], [ 79.221009347564078, 9.257743468395507 ], [ 79.221016600561697, 9.257747527316214 ], [ 79.221023853559302, 9.257751587123456 ], [ 79.221031108353529, 9.257755646930661 ], [ 79.221038361351134, 9.25775970673784 ], [ 79.221045614348739, 9.257763767431554 ], [ 79.221052868244655, 9.257767827238643 ], [ 79.22106012124226, 9.257771886159059 ], [ 79.221067374239851, 9.25777594685262 ], [ 79.221074628135781, 9.257780005772945 ], [ 79.221081882031712, 9.257784065579832 ], [ 79.221089135927642, 9.257788126273278 ], [ 79.221096388925233, 9.257792186080088 ], [ 79.221103641922838, 9.257796245886821 ], [ 79.221110895818768, 9.257800305693516 ], [ 79.221118148816359, 9.257804364613563 ], [ 79.221125401813964, 9.257808426193378 ], [ 79.221132655709894, 9.25781248599996 ], [ 79.221139908707485, 9.257816544919814 ], [ 79.221147162603415, 9.257820604726307 ], [ 79.221154415601006, 9.257824666305945 ], [ 79.221161670395233, 9.257828725225698 ], [ 79.221168924291163, 9.257832785032011 ], [ 79.221176177288768, 9.257836844838275 ], [ 79.221183430286374, 9.257840904644524 ], [ 79.221190684182289, 9.257844965337322 ], [ 79.221197937179895, 9.257849025143445 ], [ 79.221205190177486, 9.257853084062932 ], [ 79.22121244407343, 9.257857144755588 ], [ 79.221219697071021, 9.257861204561571 ], [ 79.221226950966937, 9.257865264367503 ], [ 79.221234204862839, 9.257869324173397 ], [ 79.221241457860472, 9.257873384865865 ], [ 79.22124871175636, 9.257877443785071 ], [ 79.221255964753993, 9.257881503590811 ], [ 79.221263217751599, 9.257885564283139 ], [ 79.2212704716475, 9.257889624088804 ], [ 79.221277724645134, 9.257893683894443 ], [ 79.221284977642725, 9.257897743700006 ], [ 79.221292232436952, 9.257901802618919 ], [ 79.221299486332882, 9.257905863311018 ], [ 79.221306740228769, 9.257909924003066 ], [ 79.221313993226403, 9.257913982921801 ], [ 79.221321246224008, 9.257918042727173 ], [ 79.221328500119924, 9.257922103419041 ], [ 79.221335753117529, 9.257926163224312 ], [ 79.22134300611512, 9.257930223029494 ], [ 79.221350260011064, 9.257934282834636 ], [ 79.221357513008655, 9.25793834175313 ], [ 79.221364766904586, 9.257942403331432 ], [ 79.222934909731791, 9.258733158303698 ], [ 79.222942803228179, 9.258736335034133 ], [ 79.222950696724581, 9.258739510877904 ], [ 79.222958590221012, 9.258742687608287 ], [ 79.222966481920778, 9.258745865225229 ], [ 79.222974376315506, 9.258749041955536 ], [ 79.222982268913569, 9.258752218685828 ], [ 79.222990162409957, 9.258755395416097 ], [ 79.222998055008063, 9.258758572146327 ], [ 79.22300594940279, 9.258761747989894 ], [ 79.223013842000853, 9.258764924720072 ], [ 79.223021734598959, 9.25876810233685 ], [ 79.223029628095347, 9.258771279066941 ], [ 79.223037521591735, 9.258774455797019 ], [ 79.22304541508818, 9.258777633413706 ], [ 79.223053307686243, 9.258780809257122 ], [ 79.223061201182631, 9.258783985100486 ], [ 79.223069093780737, 9.25878716183046 ], [ 79.223076987277125, 9.258790338560411 ], [ 79.223084879875231, 9.258793516176947 ], [ 79.223092774269958, 9.258796692906845 ], [ 79.223100666868007, 9.258799869636668 ], [ 79.223108560364409, 9.258803047253128 ], [ 79.223116452962515, 9.258806222209703 ], [ 79.223124347357242, 9.258809398939475 ], [ 79.223132239955291, 9.258812575669195 ], [ 79.223140132553397, 9.258815753285528 ], [ 79.223148026049785, 9.258818930015224 ], [ 79.22315591864789, 9.25882210674488 ], [ 79.223163812144293, 9.258825284361098 ], [ 79.223171704742384, 9.25882846020408 ], [ 79.223179599137069, 9.25883163604705 ], [ 79.223187491735175, 9.258834812776593 ], [ 79.223195385231563, 9.25883799039271 ], [ 79.223203277829668, 9.258841167122188 ], [ 79.223211172224396, 9.258844343851642 ], [ 79.223219064822459, 9.258847520581071 ], [ 79.22322695831889, 9.258850697310473 ], [ 79.223234850916953, 9.258853874039813 ], [ 79.223242744413341, 9.258857049882566 ], [ 79.223250637909771, 9.25886022661188 ], [ 79.223258529609538, 9.258863404227755 ], [ 79.223266424004237, 9.258866580957005 ], [ 79.223274316602343, 9.258869757686229 ], [ 79.223282210098731, 9.258872935302028 ], [ 79.223290102696836, 9.258876111144602 ], [ 79.223297997091549, 9.258879286987113 ], [ 79.223305889689627, 9.258882463716224 ], [ 79.223313783186015, 9.258885641331908 ], [ 79.223321675784121, 9.258888818060967 ], [ 79.223329569280494, 9.258891994789989 ], [ 79.223337462776897, 9.258895172405621 ], [ 79.223345355375002, 9.258898348247955 ], [ 79.223353248871391, 9.258901524090275 ], [ 79.223361142367793, 9.258904700819182 ], [ 79.223369035864224, 9.258907878434687 ], [ 79.22337692756399, 9.258911055163518 ], [ 79.223384821958675, 9.258914231892348 ], [ 79.22339271455678, 9.258917408621141 ], [ 79.223400608951508, 9.258920585349907 ], [ 79.223408500651274, 9.258923761192024 ], [ 79.223416394147677, 9.258926937920728 ], [ 79.22342428764405, 9.258930114649406 ], [ 79.223432181140453, 9.258933292264683 ], [ 79.223440073738558, 9.258936468993284 ], [ 79.223449815967811, 9.258938939092632 ], [ 79.223459558197064, 9.258941409191943 ], [ 79.223469298629695, 9.258943878404603 ], [ 79.223479039960651, 9.258946347617263 ], [ 79.2234887830882, 9.258948817716522 ], [ 79.223498524419171, 9.258951287815755 ], [ 79.223508265750084, 9.258953757914963 ], [ 79.22351800708104, 9.258956228014158 ], [ 79.223527749310293, 9.258958698113341 ], [ 79.223537490641235, 9.258961167325875 ], [ 79.223547231972177, 9.258963637425031 ], [ 79.223556974201443, 9.258966106637553 ], [ 79.223566714634075, 9.258968576736672 ], [ 79.223576457761624, 9.258971046835766 ], [ 79.223586199092566, 9.258973516934846 ], [ 79.223595940423507, 9.258975987033903 ], [ 79.223605681754464, 9.258978456246322 ], [ 79.223615423983716, 9.258980926345377 ], [ 79.223625166212969, 9.258983395557756 ], [ 79.2236349066456, 9.258985865656749 ], [ 79.223644647976514, 9.258988335755715 ], [ 79.223654391104105, 9.258990806741293 ], [ 79.223664132435033, 9.25899327595361 ], [ 79.223673873765989, 9.258995746052525 ], [ 79.223683615096917, 9.258998216151429 ], [ 79.223693358224509, 9.259000686250319 ], [ 79.22370309865714, 9.259003156349184 ], [ 79.223712839988053, 9.259005625561437 ], [ 79.223722582217306, 9.259008094773652 ], [ 79.223732324446573, 9.259010564872465 ], [ 79.223742065777515, 9.259013034971266 ], [ 79.223751807108457, 9.259015505070055 ], [ 79.223761548439413, 9.259017975168844 ], [ 79.223771290668665, 9.259020445267581 ], [ 79.223781031999579, 9.259022915366318 ], [ 79.223790774228846, 9.259025383691808 ], [ 79.223800514661463, 9.259027853790506 ], [ 79.223810256890729, 9.259030323889181 ], [ 79.223819999119982, 9.259032793987842 ], [ 79.223829739552613, 9.259035264086478 ], [ 79.223839481781852, 9.259037734185114 ], [ 79.223849224011119, 9.259040203397086 ], [ 79.223858966240371, 9.259042672609086 ], [ 79.223868706673002, 9.259045142707658 ], [ 79.223878448003958, 9.259047612806217 ], [ 79.223888191131508, 9.259050082904752 ], [ 79.223897931564139, 9.259052553003272 ], [ 79.223907673793391, 9.25905502310178 ], [ 79.223917415124362, 9.259057493200263 ], [ 79.2239271573536, 9.259059963298734 ], [ 79.223936898684528, 9.25906243339718 ], [ 79.223946640015484, 9.259064902609026 ], [ 79.223956382244751, 9.259067371820809 ], [ 79.223966123575664, 9.259069841919215 ], [ 79.223975864906635, 9.259072312017596 ], [ 79.223985607135887, 9.259074782115965 ], [ 79.223995347568518, 9.259077252214308 ], [ 79.224005090696068, 9.259079722312638 ], [ 79.224014832027024, 9.259082190637733 ], [ 79.224024573357951, 9.259084660736026 ], [ 79.224034314688907, 9.259087130834304 ], [ 79.22404405691816, 9.259089600932558 ], [ 79.224053799147413, 9.259092071030812 ], [ 79.224063539580044, 9.259094541129041 ], [ 79.224075699175714, 9.259096656582866 ], [ 79.224087857873101, 9.25909877292329 ], [ 79.224100016570446, 9.259100889263687 ], [ 79.224112176166159, 9.259103004717474 ], [ 79.224124334863504, 9.259105121057834 ], [ 79.224136495357513, 9.259107237398194 ], [ 79.224148653156576, 9.259109353738554 ], [ 79.224160812752274, 9.259111470078889 ], [ 79.224172970551322, 9.259113586419197 ], [ 79.224185130147006, 9.259115701872908 ], [ 79.224197289742676, 9.259117818213229 ], [ 79.224209448440064, 9.259119933666875 ], [ 79.224221608035734, 9.259122050007171 ], [ 79.224233765834782, 9.259124166347418 ], [ 79.224245926328805, 9.259126281801064 ], [ 79.224258085026179, 9.259128398141296 ], [ 79.224270243723524, 9.259130513594906 ], [ 79.224282403319236, 9.259132629935113 ], [ 79.224294562016581, 9.25913474627532 ], [ 79.224306720713969, 9.259136861728903 ], [ 79.224318880309639, 9.259138978069071 ], [ 79.224331039007026, 9.259141094409216 ], [ 79.2243431977044, 9.25914320986276 ], [ 79.224355357300084, 9.259145326202878 ], [ 79.224367515997471, 9.259147441656397 ], [ 79.224379674694816, 9.25914955799653 ], [ 79.224391834290529, 9.259151674336609 ], [ 79.224403992987874, 9.259153789790091 ], [ 79.224416151685247, 9.259155906130157 ], [ 79.224428311280917, 9.259158023356823 ], [ 79.224440470876615, 9.259160138810266 ], [ 79.224452628675692, 9.259162255150283 ], [ 79.224464789169659, 9.259164370603701 ], [ 79.224476947867046, 9.259166486943691 ], [ 79.224489105666095, 9.259168603283708 ], [ 79.224501266160104, 9.25917071873705 ], [ 79.224513423959152, 9.25917283507704 ], [ 79.224525583554822, 9.259174951416993 ], [ 79.224537743150535, 9.259177066870322 ], [ 79.224549901847894, 9.259179183210248 ], [ 79.224562061443606, 9.259181298663552 ], [ 79.224574219242641, 9.259183415890078 ], [ 79.224586378838339, 9.259185532229955 ], [ 79.224598538434009, 9.259187647683232 ], [ 79.224610697131382, 9.259189764023084 ], [ 79.22462285582877, 9.259191880362959 ], [ 79.22463501542444, 9.259193995816199 ], [ 79.224647174121827, 9.259196112156012 ], [ 79.224659332819172, 9.259198227609227 ], [ 79.224671492414856, 9.259200343949013 ], [ 79.22468365111223, 9.259202460288789 ], [ 79.224695809809617, 9.259204575741965 ], [ 79.224707969405287, 9.259206692081751 ], [ 79.224720129000957, 9.259208808421489 ], [ 79.224732286800048, 9.259210923874626 ], [ 79.224744447294029, 9.259213040214338 ], [ 79.224756605991416, 9.25921515566745 ], [ 79.224768763790451, 9.259217272007147 ], [ 79.224780924284474, 9.259219388346846 ], [ 79.224793082083522, 9.259221503799894 ], [ 79.224805241679192, 9.259223620139567 ], [ 79.224817401274905, 9.259225737365838 ], [ 79.22482955997225, 9.259227852818837 ], [ 79.224841718669637, 9.259229969158485 ], [ 79.224849789134154, 9.259231132391653 ], [ 79.224857858700346, 9.259232295624797 ], [ 79.224865930063174, 9.259233458857967 ], [ 79.224873999629366, 9.259234622977747 ], [ 79.22488207099218, 9.259235786210878 ], [ 79.224890140558372, 9.259236948557437 ], [ 79.224898211921229, 9.259238112677192 ], [ 79.224906282385717, 9.259239275910335 ], [ 79.224914351951909, 9.259240440030078 ], [ 79.224922423314766, 9.259241603263208 ], [ 79.224930492880958, 9.259242767382938 ], [ 79.224938564243786, 9.259243929729482 ], [ 79.224946633809978, 9.2592450938492 ], [ 79.224954705172792, 9.259246257082319 ], [ 79.224962774738984, 9.259247421202035 ], [ 79.224970845203515, 9.259248584435154 ], [ 79.224978915668032, 9.259249746781636 ], [ 79.224986986132521, 9.259250910901377 ], [ 79.224995056597052, 9.259252074134483 ], [ 79.225003127061569, 9.259253238254175 ], [ 79.225011198424397, 9.259254400600645 ], [ 79.225019267990589, 9.259255564720373 ], [ 79.225027337556782, 9.259256727953428 ], [ 79.225035408021299, 9.259257892073132 ], [ 79.225043479384126, 9.259259055306213 ], [ 79.225051548950319, 9.259260219425892 ], [ 79.225059620313175, 9.259261381772335 ], [ 79.225067690777664, 9.259262545005415 ], [ 79.225075761242181, 9.259263709125094 ], [ 79.225083830808373, 9.259264872358123 ], [ 79.225091901272904, 9.259266035591191 ], [ 79.225099971737393, 9.259267198824245 ], [ 79.22510804220191, 9.259268362943885 ], [ 79.225116112666441, 9.25926952617694 ], [ 79.22512418313093, 9.259270690296606 ], [ 79.225132253595447, 9.259271852643025 ], [ 79.225140324059979, 9.25927301676264 ], [ 79.225148393626171, 9.259274179995669 ], [ 79.225156464988984, 9.259275344115297 ], [ 79.225164534555176, 9.259276507348327 ], [ 79.225172605019708, 9.259277669694757 ], [ 79.225180676382521, 9.25927883381436 ], [ 79.225188746847053, 9.259279997047376 ], [ 79.225196817311542, 9.259281161166978 ], [ 79.225204886877734, 9.259282324399981 ], [ 79.22521295824059, 9.259283487632974 ], [ 79.225221027806782, 9.259284650865977 ], [ 79.225229098271299, 9.259285814985567 ], [ 79.225237168735788, 9.259286978218546 ], [ 79.225245240098616, 9.259288142338136 ], [ 79.225253309664836, 9.25928930468449 ], [ 79.225261380129325, 9.259290468804092 ], [ 79.225269450593856, 9.259291632037071 ], [ 79.225277521058374, 9.259292796156634 ], [ 79.225285590624566, 9.2592939593896 ], [ 79.225293661089054, 9.25929512173593 ], [ 79.225301733350207, 9.259296285855518 ], [ 79.225309802916399, 9.259297449088447 ], [ 79.225317873380931, 9.259298613208024 ], [ 79.225325942947123, 9.259299776440963 ], [ 79.225334014309936, 9.259300939673878 ], [ 79.225342083876129, 9.259302102906819 ], [ 79.22535015434066, 9.25930326702637 ], [ 79.225358225703474, 9.259304430259272 ], [ 79.225366296168005, 9.259305594378823 ], [ 79.225374365734197, 9.259306756725127 ], [ 79.225382436198714, 9.259307920844641 ], [ 79.225390506663203, 9.259309084077556 ], [ 79.225398577127734, 9.259310248197094 ], [ 79.225406646693926, 9.259311411429971 ], [ 79.22541471805674, 9.259312574662873 ], [ 79.225422789419596, 9.259313737895775 ], [ 79.225430858985789, 9.259314901128677 ], [ 79.225438928551995, 9.259316065248164 ], [ 79.225446999914809, 9.259317227594456 ], [ 79.225455070379326, 9.259318391713931 ], [ 79.225463139945532, 9.259319554946821 ], [ 79.225471211308346, 9.259320719066283 ], [ 79.225479281772863, 9.25932188229916 ], [ 79.225487352237366, 9.259323046418622 ], [ 79.225495421803586, 9.2593242087649 ], [ 79.2255034931664, 9.259325372884362 ], [ 79.225511562732606, 9.259326536117214 ], [ 79.225519633197123, 9.259327700236664 ], [ 79.225527703661612, 9.259328862582915 ], [ 79.225535774126143, 9.259330026702353 ], [ 79.225543844590661, 9.259331189935205 ], [ 79.225551915055149, 9.259332354054628 ], [ 79.225559986417977, 9.259333517287468 ], [ 79.225568055984198, 9.259334681406891 ], [ 79.225576126448686, 9.259335843753131 ], [ 79.225584196913218, 9.259337007872542 ], [ 79.225592267377735, 9.259338171105368 ], [ 79.225600336943927, 9.25933933522478 ], [ 79.225608408306755, 9.259340497570957 ], [ 79.225616478771272, 9.25934166080377 ], [ 79.225624549235761, 9.259342824923193 ], [ 79.225632618801953, 9.259343988155969 ], [ 79.225640690164809, 9.259345152275392 ], [ 79.225648759731001, 9.259346314621556 ], [ 79.22565683019549, 9.259347478740942 ], [ 79.225664899761725, 9.25934864197373 ], [ 79.225672972022835, 9.259349805206504 ], [ 79.225681041589027, 9.259350968439293 ], [ 79.225689112053558, 9.259352131672054 ], [ 79.225697183416372, 9.259353294904843 ], [ 79.225705252982564, 9.259354459024189 ], [ 79.225713323447096, 9.259355622256953 ], [ 79.225721393911613, 9.2593567863763 ], [ 79.225729465274441, 9.259357948722425 ], [ 79.225737534840633, 9.259359112841812 ], [ 79.22574560530515, 9.259360276074549 ], [ 79.225753675769639, 9.259361440193896 ], [ 79.22576174623417, 9.259362603426633 ], [ 79.225769815800362, 9.259363766659369 ], [ 79.225777887163176, 9.259364929892094 ], [ 79.22578595672941, 9.259366094011416 ], [ 79.225794028092224, 9.25936725724414 ], [ 79.225802097658416, 9.259368421363449 ], [ 79.225810169021244, 9.25936958370955 ], [ 79.225818238587436, 9.259370747828886 ], [ 79.225826309051953, 9.259371911061596 ], [ 79.225834380414781, 9.259373075180894 ], [ 79.225842449980973, 9.259374238413592 ], [ 79.225850520445491, 9.25937540164629 ], [ 79.225858590910022, 9.259376564878938 ], [ 79.225866662272836, 9.259377728998262 ], [ 79.225874731839028, 9.259378892230947 ], [ 79.225885896101389, 9.259380196434632 ], [ 79.225897057668789, 9.259381499751733 ], [ 79.225908221931121, 9.259382803955443 ], [ 79.225919385295185, 9.259384108159116 ], [ 79.225930548659207, 9.259385410589605 ], [ 79.225941712921568, 9.259386714793278 ], [ 79.225952875387279, 9.259388018996964 ], [ 79.225964038751314, 9.259389323200649 ], [ 79.225975202115336, 9.25939062740431 ], [ 79.225986366377697, 9.259391930721359 ], [ 79.225997528843422, 9.259393234925032 ], [ 79.226008692207458, 9.259394539128666 ], [ 79.226019855571494, 9.259395843332339 ], [ 79.226031019833854, 9.259397146649363 ], [ 79.226042183197876, 9.259398449966399 ], [ 79.226053345663615, 9.259399754170046 ], [ 79.226064509027637, 9.259401058373657 ], [ 79.226075673289998, 9.259402361690679 ], [ 79.226086836654034, 9.2594036658943 ], [ 79.226098000018069, 9.259404970097911 ], [ 79.226109163382091, 9.259406274301533 ], [ 79.226120325847816, 9.25940757761853 ], [ 79.226131490110163, 9.259408881822139 ], [ 79.226142654372524, 9.259410186025724 ], [ 79.226153816838249, 9.259411490229333 ], [ 79.22616498020227, 9.259412792659681 ], [ 79.226176143566306, 9.259414096863278 ], [ 79.226187306930342, 9.259415401066837 ], [ 79.226198471192703, 9.259416705270434 ], [ 79.226209632760103, 9.259418008587394 ], [ 79.226220797022464, 9.259419312790964 ], [ 79.226231961284824, 9.259420616994511 ], [ 79.226243123750521, 9.259421921198069 ], [ 79.226254288012882, 9.259423225401603 ], [ 79.226265449580282, 9.259424528718537 ], [ 79.226276613842643, 9.259425832922082 ], [ 79.226287778104975, 9.259427137125602 ], [ 79.2262989405707, 9.259428440442525 ], [ 79.226310104833061, 9.259429743759471 ], [ 79.226321268197097, 9.259431047962966 ], [ 79.226332430662822, 9.259432352166487 ], [ 79.226343594925154, 9.259433656369994 ], [ 79.22635475828919, 9.259434959686891 ], [ 79.226365920754915, 9.259436263890398 ], [ 79.226377085017276, 9.25943756809388 ], [ 79.226388248381312, 9.259438872297375 ], [ 79.226399411745334, 9.259440175614259 ], [ 79.226410575109369, 9.259441479817754 ], [ 79.226421737575095, 9.259442784021211 ], [ 79.226432901837455, 9.259444087338069 ], [ 79.226444065201491, 9.259445390654927 ], [ 79.226455228565527, 9.259446694858395 ], [ 79.226466392827888, 9.259447999061839 ], [ 79.226477555293584, 9.259449303265297 ], [ 79.22648871865762, 9.259450606582142 ], [ 79.22649988202167, 9.259451910785598 ], [ 79.226511046284003, 9.259453214989017 ], [ 79.226522208749728, 9.259454519192461 ], [ 79.226533372113764, 9.259455823395868 ], [ 79.226544536376124, 9.259457126712688 ], [ 79.22655569974016, 9.259458430916119 ], [ 79.226566863104182, 9.259459735119551 ], [ 79.226578025569921, 9.259461039322931 ], [ 79.226589188933943, 9.259462341753139 ], [ 79.226600353196304, 9.259463645956519 ], [ 79.22661151656034, 9.259464950159925 ], [ 79.226622679026065, 9.259466254363293 ], [ 79.226633843288397, 9.259467557680074 ], [ 79.226645006652433, 9.259468861883468 ], [ 79.226656170016483, 9.259470166086848 ], [ 79.226667334278829, 9.259471470290203 ], [ 79.22667849584623, 9.259472773606959 ], [ 79.22668966010859, 9.259474077810326 ], [ 79.226700824370937, 9.259475382013669 ], [ 79.226711986836648, 9.259476686217036 ], [ 79.226723151099009, 9.259477990420354 ], [ 79.226734313564734, 9.259479293737085 ], [ 79.22674547692877, 9.259480597940438 ], [ 79.22675664119113, 9.259481902143781 ], [ 79.226767803656827, 9.259483204573876 ], [ 79.226778967020863, 9.259484508777206 ], [ 79.226790131283224, 9.259485812980509 ], [ 79.226801293748949, 9.259487117183838 ], [ 79.22681245801131, 9.259488419613907 ], [ 79.226823621375345, 9.259489723817223 ], [ 79.226834783841042, 9.259491028020502 ], [ 79.226845948103403, 9.259492332223807 ], [ 79.226857110569128, 9.259493636427111 ], [ 79.22686827483146, 9.259494939743778 ], [ 79.226879438195525, 9.259496243947044 ], [ 79.226890600661221, 9.259497548150335 ], [ 79.226901764923582, 9.259498852353575 ], [ 79.226912929185943, 9.25950015567023 ], [ 79.22692409165164, 9.259501459873508 ], [ 79.226935255015675, 9.259502764076762 ], [ 79.22694641837974, 9.259504068280002 ], [ 79.226957581743761, 9.259505371596632 ], [ 79.226968746006094, 9.259506675799885 ], [ 79.226979907573522, 9.259507979116501 ], [ 79.226991071835855, 9.259509283319716 ], [ 79.227002236098215, 9.259510586636333 ], [ 79.227013398563955, 9.259511890839573 ], [ 79.227024562826287, 9.2595131950428 ], [ 79.227035726190309, 9.25951449835939 ], [ 79.227046888656048, 9.259515801675995 ], [ 79.227058052918395, 9.259517105879171 ], [ 79.22706921628243, 9.259518410082388 ], [ 79.227080378748155, 9.259519714285551 ], [ 79.227091543010502, 9.259521017602129 ], [ 79.227102706374552, 9.259522321805331 ], [ 79.227113869738588, 9.259523626008521 ], [ 79.227125034000906, 9.259524930211672 ], [ 79.22713619556832, 9.259526234414849 ], [ 79.227147359830681, 9.259527537731401 ], [ 79.227158523194703, 9.259528841934541 ], [ 79.227169686558767, 9.259530146137704 ], [ 79.227180849922803, 9.25953145034083 ], [ 79.227192013286825, 9.259532752770772 ], [ 79.22720317665086, 9.259534056973923 ], [ 79.227214340913221, 9.259535361177036 ], [ 79.227225503378918, 9.259536665380187 ], [ 79.227236666742982, 9.259537968696703 ], [ 79.227247831005315, 9.259539272013205 ], [ 79.22725899436935, 9.259540576216292 ], [ 79.2272701577334, 9.259541880419418 ], [ 79.227281320199111, 9.259543183735907 ], [ 79.227292483563133, 9.259544487939021 ], [ 79.227303647825494, 9.259545792142095 ], [ 79.229619931327704, 9.259748617386304 ], [ 79.231121625225256, 9.259802462940627 ], [ 79.231129020156672, 9.259802390238669 ], [ 79.231136415088073, 9.259802318423333 ], [ 79.231143809121178, 9.259802243948151 ], [ 79.231151204052622, 9.259802172132805 ], [ 79.231158598984024, 9.259802099430846 ], [ 79.231165993017129, 9.259802026728888 ], [ 79.231173387050234, 9.259801954026916 ], [ 79.231180781981649, 9.259801881324996 ], [ 79.231188176014754, 9.259801808623036 ], [ 79.23119557094617, 9.259801735921066 ], [ 79.2312029658776, 9.259801664105732 ], [ 79.231210360809015, 9.259801591403761 ], [ 79.23121775484212, 9.259801517815204 ], [ 79.231225149773522, 9.259801445999869 ], [ 79.231232544704966, 9.259801373297897 ], [ 79.231239938738042, 9.259801299709352 ], [ 79.231247333669472, 9.259801227894005 ], [ 79.231254727702591, 9.259801155192047 ], [ 79.231262121735668, 9.259801083376701 ], [ 79.231269516667098, 9.259801008901531 ], [ 79.231276911598513, 9.259800937086183 ], [ 79.231284307428254, 9.259800864384225 ], [ 79.231291700563034, 9.259800791682267 ], [ 79.231299096392775, 9.25980071986692 ], [ 79.231306491324204, 9.259800646278363 ], [ 79.231313885357309, 9.259800573576404 ], [ 79.231321280288725, 9.259800500874432 ], [ 79.231328675220126, 9.259800429059098 ], [ 79.231336069253231, 9.25980035635714 ], [ 79.231343463286336, 9.259800282768582 ], [ 79.231350858217752, 9.259800210953248 ], [ 79.231358253149182, 9.259800138251277 ], [ 79.231365647182287, 9.25980006466272 ], [ 79.231373042113702, 9.25979999196076 ], [ 79.231380437045118, 9.259799920145413 ], [ 79.231387831078223, 9.259799848330079 ], [ 79.231395226009653, 9.259799774741484 ], [ 79.231402620941068, 9.259799702039563 ], [ 79.231410014974173, 9.259799629337593 ], [ 79.231417409905575, 9.259799556635633 ], [ 79.231424803938694, 9.259799483933662 ], [ 79.231432197971799, 9.259799411231729 ], [ 79.2314395929032, 9.259799339416395 ], [ 79.231446987834644, 9.259799265827812 ], [ 79.231454382766046, 9.259799194012464 ], [ 79.231461776799151, 9.259799121310506 ], [ 79.231469171730566, 9.259799047721948 ], [ 79.231476566661996, 9.259798975906602 ], [ 79.231483960695087, 9.259798903204656 ], [ 79.231491355626517, 9.259798831389309 ], [ 79.231498750557932, 9.259798756914128 ], [ 79.231506144591037, 9.259798685098779 ], [ 79.231513538624142, 9.259798612396821 ], [ 79.231520933555558, 9.259798539694863 ], [ 79.231528329385284, 9.25979846699293 ], [ 79.231535723418389, 9.259798394290959 ], [ 79.231543118349805, 9.259798321589001 ], [ 79.231550513281235, 9.259798248887028 ], [ 79.23155790731434, 9.259798177071694 ], [ 79.231565302245755, 9.259798102596513 ], [ 79.231572697177171, 9.259798030781178 ], [ 79.231580091210276, 9.259797958965832 ], [ 79.231587486141706, 9.259797886263872 ], [ 79.231594881073121, 9.259797812675316 ], [ 79.231602274207901, 9.259797739973344 ], [ 79.231609669139331, 9.25979766815801 ], [ 79.231617064070747, 9.259797594569452 ], [ 79.231624459002148, 9.259797522754118 ], [ 79.231631853035253, 9.259797450052147 ], [ 79.231639247966697, 9.259797377350187 ], [ 79.231646642898099, 9.259797304648217 ], [ 79.231654036931204, 9.259797231946296 ], [ 79.231661431862619, 9.259797160130924 ], [ 79.231668826794035, 9.259797085655768 ], [ 79.23167622082714, 9.259797013840394 ], [ 79.23168361575857, 9.259796941138463 ], [ 79.231691009791689, 9.25979686932309 ], [ 79.23169840472309, 9.259796795734532 ], [ 79.231705798756195, 9.259796723032574 ], [ 79.231713193687611, 9.259796651217226 ], [ 79.231720588619041, 9.25979657762867 ], [ 79.231727982652117, 9.259796505813334 ], [ 79.231735377583561, 9.259796432224739 ], [ 79.231742773413288, 9.259796360409405 ], [ 79.231750167446378, 9.259796286820848 ], [ 79.231757562377808, 9.259796215005514 ], [ 79.231764957309224, 9.259796142303541 ], [ 79.231772351342329, 9.259796068714985 ], [ 79.231779745375434, 9.259795996899649 ], [ 79.231787140306849, 9.259795924197679 ], [ 79.231794535238279, 9.259795852382345 ], [ 79.231801929271398, 9.259795777907163 ], [ 79.2318093242028, 9.259795706091817 ], [ 79.231816719134201, 9.259795633389857 ], [ 79.231824113167306, 9.259795560687886 ], [ 79.231831508098722, 9.259795488872552 ], [ 79.231838903030152, 9.259795415283994 ], [ 79.231846297063257, 9.259795342582036 ], [ 79.231853691994672, 9.259795269880078 ], [ 79.231861086027777, 9.259795198064717 ], [ 79.231868480959193, 9.259795125362759 ], [ 79.231875874992298, 9.259795051774201 ], [ 79.231883269923713, 9.259794979072243 ], [ 79.231890664855143, 9.259794907256895 ], [ 79.231898058888248, 9.259794835441561 ], [ 79.231905453819664, 9.259794760966379 ], [ 79.231912848751065, 9.259794689151045 ], [ 79.23192024278417, 9.259794615562475 ], [ 79.231927637715614, 9.259794543747104 ], [ 79.231935032647016, 9.25979447104517 ], [ 79.231942426680121, 9.25979439834321 ], [ 79.23194982071324, 9.259794324754655 ], [ 79.231957215644641, 9.259794252939281 ], [ 79.231964610576057, 9.259794180237348 ], [ 79.231972004609162, 9.259794108421975 ], [ 79.231979400438902, 9.259794034833417 ], [ 79.231986795370332, 9.259793962131459 ], [ 79.231994189403409, 9.259793890316113 ], [ 79.232001584334853, 9.259793816727555 ], [ 79.232008979266254, 9.259793744912209 ], [ 79.232016373299359, 9.259793671323626 ], [ 79.232023768230775, 9.259793598621693 ], [ 79.23203116226388, 9.259793525919733 ], [ 79.232038557195324, 9.259793454104386 ], [ 79.2320459512284, 9.259793381402416 ], [ 79.23205334615983, 9.259793307813858 ], [ 79.232060741091246, 9.259793235998524 ], [ 79.232068135124351, 9.259793163296566 ], [ 79.234284215149913, 9.259679529233306 ], [ 79.23578133213104, 9.259642939743371 ], [ 79.235788264430113, 9.259642549635133 ], [ 79.235795195830818, 9.25964215775366 ], [ 79.235802128129876, 9.259641767645435 ], [ 79.235809061327245, 9.259641376650626 ], [ 79.235815992727979, 9.259640987428986 ], [ 79.235822925925348, 9.259640597320749 ], [ 79.235829858224378, 9.259640206325901 ], [ 79.235836789625125, 9.259639816217677 ], [ 79.23584372282248, 9.259639425222852 ], [ 79.23585065512151, 9.259639035114628 ], [ 79.235857588318879, 9.25963864500639 ], [ 79.235864519719613, 9.259638254011541 ], [ 79.235871452018657, 9.259637863903317 ], [ 79.235878384317729, 9.259637472908455 ], [ 79.235885316616759, 9.259637081913645 ], [ 79.235892248915832, 9.259636691805408 ], [ 79.235899182113158, 9.259636300810547 ], [ 79.235906112615595, 9.259635910702322 ], [ 79.23591304581295, 9.25963551970746 ], [ 79.235919978111994, 9.259635129599223 ], [ 79.235926911309363, 9.25963474037761 ], [ 79.235933842710097, 9.259634349382761 ], [ 79.235940775009126, 9.259633959274524 ], [ 79.235947708206496, 9.259633568279687 ], [ 79.235954639607229, 9.259633178171462 ], [ 79.235961572804598, 9.259632788063188 ], [ 79.235968505103628, 9.25963239618174 ], [ 79.235975437402701, 9.259632006073502 ], [ 79.235982368803434, 9.259631615078678 ], [ 79.235989302000803, 9.259631224970441 ], [ 79.235996234299833, 9.259630834862204 ], [ 79.236003166598863, 9.259630443867342 ], [ 79.236010098897935, 9.259630053759093 ], [ 79.23601703119698, 9.259629662764231 ], [ 79.236023962597699, 9.259629272655994 ], [ 79.236030895795082, 9.259628883434381 ], [ 79.236037828094112, 9.25962849243952 ], [ 79.236044761291481, 9.25962810233127 ], [ 79.236051691793918, 9.259627711336408 ], [ 79.236058624991273, 9.259627321228171 ], [ 79.236065558188656, 9.259626930233335 ], [ 79.236072489589347, 9.259626539238461 ], [ 79.236079422786716, 9.259626149130209 ], [ 79.236086355085774, 9.259625758135348 ], [ 79.236093287384804, 9.259625368027111 ], [ 79.236100218785552, 9.259624977032276 ], [ 79.236107151982921, 9.259624586924025 ], [ 79.236114084281951, 9.259624196815787 ], [ 79.236121016581023, 9.259623805820913 ], [ 79.236127947981757, 9.259623415712664 ], [ 79.236134881179083, 9.25962302471779 ], [ 79.236141812579831, 9.259622634609538 ], [ 79.236148745777186, 9.259622245387925 ], [ 79.236155678076258, 9.259621854393052 ], [ 79.236162610375288, 9.259621463398215 ], [ 79.236169542674332, 9.259621072403341 ], [ 79.236176474973405, 9.259620682295091 ], [ 79.23618340817076, 9.259620292186829 ], [ 79.236190339571493, 9.259619901191954 ], [ 79.236197271870523, 9.259619511083704 ], [ 79.236204204169553, 9.259619120088843 ], [ 79.236211137366936, 9.259618729980581 ], [ 79.23621806876767, 9.259618338985744 ], [ 79.236225001965025, 9.259617948877482 ], [ 79.236231934264097, 9.259617558769232 ], [ 79.236238865664802, 9.259617167774357 ], [ 79.236245797963875, 9.259616777666107 ], [ 79.23625273116123, 9.259616386671221 ], [ 79.236259662561977, 9.259615995676372 ], [ 79.236266595759346, 9.259615605568122 ], [ 79.236273527160051, 9.259615214573246 ], [ 79.236280460357406, 9.259614825351608 ], [ 79.236287392656479, 9.259614434356735 ], [ 79.236294324955509, 9.259614044248471 ], [ 79.236301258152878, 9.259613653253597 ], [ 79.236308188655272, 9.259613263145335 ], [ 79.236315121852655, 9.259612873037071 ], [ 79.236322054151714, 9.259612482042224 ], [ 79.236328987349083, 9.259612091933972 ], [ 79.236335918749788, 9.259611700939086 ], [ 79.236342851048846, 9.259611310830824 ], [ 79.236349783347876, 9.259610919835936 ], [ 79.236356715646949, 9.259610529727674 ], [ 79.236363647945979, 9.259610138732837 ], [ 79.236370581143348, 9.259609747737938 ], [ 79.236377513442378, 9.259609357629675 ], [ 79.236384444843125, 9.259608966634788 ], [ 79.23639137804048, 9.259608577413163 ], [ 79.236398310339553, 9.259608186418275 ], [ 79.236405242638597, 9.25960779631 ], [ 79.236412174937627, 9.259607406201736 ], [ 79.236419107236699, 9.25960701520685 ], [ 79.236426038637418, 9.259606625098588 ], [ 79.236432971834802, 9.259606234103726 ], [ 79.236439904133832, 9.259605843995462 ], [ 79.236446837331201, 9.259605453000576 ], [ 79.23645376873192, 9.259605062892312 ], [ 79.236460701030964, 9.259604672784038 ], [ 79.236467633330037, 9.259604281789137 ], [ 79.236474565629067, 9.259603890794288 ], [ 79.236481497928096, 9.25960349979939 ], [ 79.236488431125466, 9.259603109691128 ], [ 79.236495363424524, 9.259602718696227 ], [ 79.236502294825229, 9.259602328587965 ], [ 79.236509228022598, 9.259601939366313 ], [ 79.236516160321671, 9.259601548371414 ], [ 79.2365230926207, 9.25960115826315 ], [ 79.236530024021448, 9.259600767268289 ], [ 79.236536957218803, 9.259600377160014 ], [ 79.236543888619551, 9.259599986165126 ], [ 79.236550821816905, 9.259599596056839 ], [ 79.23655775411595, 9.259599205061951 ], [ 79.236564686415022, 9.259598814953677 ], [ 79.236571617815713, 9.2595984248454 ], [ 79.236578551013082, 9.259598033850502 ], [ 79.23658548331214, 9.259597643742225 ], [ 79.23659241561117, 9.259597252747351 ], [ 79.236599347910243, 9.259596861752451 ], [ 79.236606280209287, 9.25959647075759 ], [ 79.236613213406656, 9.259596080649315 ], [ 79.236620144807389, 9.259595691427625 ], [ 79.236627078004744, 9.259595300432725 ], [ 79.236634010303774, 9.25959491032445 ], [ 79.236640941704522, 9.259594519329575 ], [ 79.236647874003552, 9.2595941292213 ], [ 79.236654807200921, 9.259593738226387 ], [ 79.236661738601654, 9.259593348118113 ], [ 79.236668671799023, 9.259592957123212 ], [ 79.236679479430208, 9.259593095434314 ], [ 79.236690286163082, 9.25959323374548 ], [ 79.236701093794267, 9.259593372056582 ], [ 79.236711902323776, 9.25959351036771 ], [ 79.236722709954947, 9.259593647792189 ], [ 79.236733516687806, 9.259593786103329 ], [ 79.236744324318977, 9.259593925301042 ], [ 79.236755131950162, 9.25959406272557 ], [ 79.236765939581375, 9.259594201036672 ], [ 79.236776747212545, 9.2595943393478 ], [ 79.23678755484373, 9.259594476772316 ], [ 79.236798361576575, 9.259594615083431 ], [ 79.236809170106099, 9.259594754281132 ], [ 79.236819976838973, 9.25959489170566 ], [ 79.236830785368454, 9.259595030016763 ], [ 79.236841592999639, 9.259595168327877 ], [ 79.236852399732513, 9.259595305752406 ], [ 79.236863207363697, 9.25959544495012 ], [ 79.236874014994882, 9.259595582374637 ], [ 79.236884822626052, 9.259595720685738 ], [ 79.236895631155562, 9.259595858996866 ], [ 79.236906437888408, 9.259595997307967 ], [ 79.236917244621296, 9.259596135619082 ], [ 79.236928053150805, 9.259596273043611 ], [ 79.23693886078199, 9.259596412241351 ], [ 79.23694966841316, 9.259596548779243 ], [ 79.236960476044345, 9.259596687976943 ], [ 79.236971283675516, 9.259596826288071 ], [ 79.2369820913067, 9.259596963712587 ], [ 79.236992898039588, 9.259597102910325 ], [ 79.237003705670759, 9.259597240334804 ], [ 79.237014514200268, 9.259597378645919 ], [ 79.237025463765264, 9.259598930212931 ], [ 79.237036414228569, 9.259600480006723 ], [ 79.237047363793565, 9.259602030687111 ], [ 79.23705831515521, 9.259603582254099 ], [ 79.237069264720205, 9.259605133821086 ], [ 79.237080215183511, 9.259606683614827 ], [ 79.237091164748506, 9.259608235181801 ], [ 79.237102116110108, 9.259609785862139 ], [ 79.237113065675132, 9.25961133565588 ], [ 79.237124016138466, 9.259612888109441 ], [ 79.237134965703447, 9.259614438789791 ], [ 79.237145916166767, 9.25961598858348 ], [ 79.237156866630073, 9.259617540150417 ], [ 79.237167817093408, 9.259619090830716 ], [ 79.237178766658388, 9.259620642397628 ], [ 79.237189717121709, 9.259622193077954 ], [ 79.237200666686689, 9.259623743758242 ], [ 79.237211618048306, 9.25962529532514 ], [ 79.23722256761333, 9.259626845118778 ], [ 79.23723351807665, 9.259628395799078 ], [ 79.237244467641631, 9.259629948252551 ], [ 79.237255419003247, 9.2596314980462 ], [ 79.237266368568271, 9.259633048726437 ], [ 79.237277319031591, 9.25963460029331 ], [ 79.237288268596572, 9.25963615008691 ], [ 79.237299219059892, 9.25963770076716 ], [ 79.237310170421509, 9.259639253220593 ], [ 79.237321119986504, 9.259640803900803 ], [ 79.237332069551528, 9.259642353694403 ], [ 79.237343020014833, 9.259643905261212 ], [ 79.23735397137645, 9.259645455941399 ], [ 79.237364920941445, 9.259647005734998 ], [ 79.23878023373959, 9.259949489314215 ], [ 79.240759817893519, 9.260251798857855 ], [ 79.240768279125177, 9.260252502824692 ], [ 79.240776741255175, 9.260253206791489 ], [ 79.24078520338513, 9.260253909871663 ], [ 79.240793663718492, 9.260254614725087 ], [ 79.24080212495015, 9.260255317805285 ], [ 79.240810587080105, 9.260256021772083 ], [ 79.240819048311778, 9.260256725738882 ], [ 79.24082750864514, 9.260257428819068 ], [ 79.240835970775095, 9.26025813367249 ], [ 79.240844432006753, 9.260258836752651 ], [ 79.240852894136751, 9.260259541606061 ], [ 79.240861355368409, 9.260260244686249 ], [ 79.240869816600068, 9.260260948653046 ], [ 79.240878277831726, 9.260261652619819 ], [ 79.240886739063384, 9.26026235570002 ], [ 79.240895201193354, 9.260263061440014 ], [ 79.240903662424998, 9.260263763633578 ], [ 79.24091212275836, 9.260264467600351 ], [ 79.240920584888329, 9.260265171567148 ], [ 79.240929047018327, 9.260265876420519 ], [ 79.240937508249985, 9.260266580387331 ], [ 79.240945968583318, 9.260267284354104 ], [ 79.240954430713316, 9.26026798743424 ], [ 79.24096289194496, 9.260268691401038 ], [ 79.240971353176633, 9.260269395367811 ], [ 79.240979815306588, 9.260270099334583 ], [ 79.24098827563995, 9.260270803301342 ], [ 79.240996736871608, 9.260271506381518 ], [ 79.241005199001606, 9.2602722112349 ], [ 79.241013661131561, 9.260272914315037 ], [ 79.241022122363219, 9.260273619168409 ], [ 79.241030582696581, 9.260274322248582 ], [ 79.241039044826536, 9.26027502621533 ], [ 79.241047506058209, 9.260275730182077 ], [ 79.241055967289867, 9.260276433262252 ], [ 79.241064427623229, 9.260277138115622 ], [ 79.241072889753184, 9.260277841195759 ], [ 79.241081351883182, 9.260278545162507 ], [ 79.24108981311484, 9.260279249129278 ], [ 79.241098275244795, 9.260279953096026 ], [ 79.241106735578157, 9.260280657062774 ], [ 79.24111519680983, 9.260281361029508 ], [ 79.241123658041474, 9.260282064109656 ], [ 79.241132120171429, 9.260282768076404 ], [ 79.241140581403101, 9.260283472043138 ], [ 79.241149041736463, 9.260284176009911 ], [ 79.241157504764757, 9.260284879976645 ], [ 79.241165965996402, 9.260285583056756 ], [ 79.241174427228074, 9.260286287910114 ], [ 79.241182887561408, 9.260286990990251 ], [ 79.241191349691391, 9.260287694956986 ], [ 79.24119981092305, 9.260288398923707 ], [ 79.241208272154722, 9.260289102890441 ], [ 79.241216734284677, 9.260289806857202 ], [ 79.241225194618039, 9.260290510823923 ], [ 79.241233656747994, 9.260291213904047 ], [ 79.241242118877977, 9.260291917870781 ], [ 79.24125058010965, 9.260292621837491 ], [ 79.241259041341308, 9.260293325804213 ], [ 79.241267501674642, 9.260294029770934 ], [ 79.241275963804625, 9.260294732851058 ], [ 79.241284425036298, 9.260295437704404 ], [ 79.241292886267942, 9.260296140784488 ], [ 79.24130134839794, 9.260296844751236 ], [ 79.243053383900516, 9.260362246267668 ], [ 79.243103386824174, 9.260364112577092 ], [ 79.243112203788698, 9.260364145381574 ], [ 79.243121020753208, 9.260364178186057 ], [ 79.243129837717703, 9.260364210103942 ], [ 79.24313865378393, 9.260364242908425 ], [ 79.243147469850101, 9.260364275712908 ], [ 79.243156287712949, 9.260364309404014 ], [ 79.243165103779134, 9.260364341321898 ], [ 79.243173920743644, 9.260364373239769 ], [ 79.243182737708182, 9.260364406044252 ], [ 79.243191553774366, 9.260364438848761 ], [ 79.243200370738876, 9.260364470766618 ], [ 79.2432091877034, 9.260364503571139 ], [ 79.243218003769599, 9.260364537262209 ], [ 79.243226820734122, 9.260364570066692 ], [ 79.243235637698632, 9.260364601984575 ], [ 79.243244454663142, 9.260364633902471 ], [ 79.243253270729312, 9.260364666706954 ], [ 79.243262087693836, 9.26036470039806 ], [ 79.243270904658388, 9.260364733202531 ], [ 79.243279720724559, 9.260364765120402 ], [ 79.243288537689068, 9.260364797924911 ], [ 79.243297354653578, 9.26036482984277 ], [ 79.243306170719791, 9.260364862647265 ], [ 79.2433149876843, 9.260364896338359 ], [ 79.243323804648824, 9.260364928256255 ], [ 79.243332621613334, 9.260364961060738 ], [ 79.243341437679518, 9.26036499386522 ], [ 79.243350254644014, 9.260365026669691 ], [ 79.243359071608566, 9.260365057701001 ], [ 79.243367887674751, 9.260365091392071 ], [ 79.24337670463926, 9.260365124196554 ], [ 79.24338552160377, 9.260365157001061 ], [ 79.243394337669997, 9.260365188918932 ], [ 79.243403154634493, 9.260365221723402 ], [ 79.243411971599002, 9.260365255414509 ], [ 79.243420788563512, 9.260365287332405 ], [ 79.243429604629711, 9.260365319250264 ], [ 79.24343842159422, 9.260365352054773 ], [ 79.243447238558758, 9.260365384859256 ], [ 79.243456054624943, 9.260365417663738 ], [ 79.243464871589453, 9.260365449581634 ], [ 79.243473688553962, 9.260365483272704 ], [ 79.243482504620175, 9.2603655151906 ], [ 79.243491321584699, 9.260365547995082 ], [ 79.243500139447491, 9.260365580799565 ], [ 79.243508954615379, 9.26036561271745 ], [ 79.243517771579889, 9.260365646408557 ], [ 79.243526589442737, 9.26036567921304 ], [ 79.243535406407247, 9.260365711130936 ], [ 79.243544221575135, 9.260365743935418 ], [ 79.24355303943797, 9.260365775853277 ], [ 79.243561856402479, 9.260365808657786 ], [ 79.243570671570367, 9.260365842348854 ], [ 79.243579490331513, 9.260365874266752 ], [ 79.243588306397683, 9.260365907071234 ], [ 79.243597121565571, 9.260365939875717 ], [ 79.243605939428406, 9.260365971793613 ], [ 79.243614756392915, 9.260366004598096 ], [ 79.243623573357439, 9.260366037402566 ], [ 79.243632389423652, 9.260366070207086 ], [ 79.243641206388162, 9.260366103011568 ], [ 79.243650023352671, 9.260366134929427 ], [ 79.243658839418856, 9.260366167733936 ], [ 79.243667657281705, 9.260366201425017 ], [ 79.243676473347875, 9.260366233342902 ], [ 79.243685289414088, 9.260366266147384 ], [ 79.243694107276937, 9.26036629806528 ], [ 79.243702923343122, 9.260366330869751 ], [ 79.243711740307617, 9.260366362787648 ], [ 79.243720556373844, 9.260366395592131 ], [ 79.243729373338354, 9.260366429283238 ], [ 79.243738190302864, 9.26036646208772 ], [ 79.243747006369048, 9.260366494005579 ], [ 79.243755823333558, 9.260366526810099 ], [ 79.243764640298068, 9.260366558727945 ], [ 79.243773456364281, 9.260366592419052 ], [ 79.243782274227115, 9.260366624336948 ], [ 79.243791090293314, 9.26036665714143 ], [ 79.243799906359513, 9.260366689945913 ], [ 79.243808724222319, 9.260366722750396 ], [ 79.243817540288546, 9.260366754668281 ], [ 79.243826357253056, 9.260366788359388 ], [ 79.243835173319226, 9.260366820277246 ], [ 79.24384399028375, 9.260366853081729 ], [ 79.24385280724826, 9.260366884999625 ], [ 79.243861623314473, 9.260366917804095 ], [ 79.243870441177307, 9.26036695060859 ], [ 79.243879257243492, 9.2603669834131 ], [ 79.243888073309705, 9.260367016217582 ], [ 79.243896891172525, 9.260367049022065 ], [ 79.243905707238739, 9.260367080939961 ], [ 79.243914524203248, 9.26036711285782 ], [ 79.243923341167758, 9.26036714566229 ], [ 79.243932157233928, 9.260367179353397 ], [ 79.243940974198452, 9.260367212157892 ], [ 79.243949790264665, 9.260367244075777 ], [ 79.243958608127514, 9.26036727688026 ], [ 79.243967424193684, 9.260367309684742 ], [ 79.243976240259911, 9.260367341602626 ], [ 79.243985058122703, 9.260367374407121 ], [ 79.243993874188916, 9.260367407211591 ], [ 79.24400269115344, 9.260367440016111 ], [ 79.24401150811795, 9.26036747193397 ], [ 79.244020324184135, 9.260367504738452 ], [ 79.24402914114863, 9.260367538429559 ], [ 79.244037958113154, 9.260367570347444 ], [ 79.244046774179367, 9.260367603151927 ], [ 79.244055591143876, 9.26036763595641 ], [ 79.244064407210089, 9.260367667874306 ], [ 79.244073225072896, 9.260367699792164 ], [ 79.244082041139109, 9.260367732596674 ], [ 79.244090857205293, 9.260367766287741 ], [ 79.244099675068128, 9.260367799092224 ], [ 79.244108491134327, 9.260367831010122 ], [ 79.244117308098836, 9.260367863814604 ], [ 79.244126125063332, 9.260367896619112 ], [ 79.244134941129559, 9.260367929423595 ], [ 79.244143758094069, 9.260367961341453 ], [ 79.244152574160282, 9.260367994145961 ], [ 79.244161392023088, 9.260368026950456 ], [ 79.244170208089315, 9.260368058868302 ], [ 79.244179024155486, 9.260368091672824 ], [ 79.24418784201832, 9.260368125363891 ], [ 79.244196658084505, 9.260368157281789 ], [ 79.244205475049029, 9.260368190086272 ], [ 79.244214292013538, 9.260368222890754 ], [ 79.244223108079751, 9.26036825480865 ], [ 79.244231925044261, 9.260368286726536 ], [ 79.246716501626736, 9.260299702288657 ], [ 79.24672716732411, 9.260298992115681 ], [ 79.246737832123188, 9.260298281942717 ], [ 79.246748496922223, 9.260297572656365 ], [ 79.246759161721272, 9.260296861596776 ], [ 79.246769827418646, 9.260296153197011 ], [ 79.246780492217709, 9.260295443024047 ], [ 79.246791157016759, 9.260294733737682 ], [ 79.246801822714119, 9.260294023564706 ], [ 79.246812488411493, 9.260293315164938 ], [ 79.246823153210542, 9.260292604105338 ], [ 79.246833818009605, 9.260291893932349 ], [ 79.246844482808655, 9.260291184645997 ], [ 79.246855147607704, 9.260290475359607 ], [ 79.246865813305064, 9.26028976607323 ], [ 79.246876478104141, 9.260289055900254 ], [ 79.246887143801473, 9.260288345727263 ], [ 79.246897808600551, 9.260287636440861 ], [ 79.246908474297925, 9.260286927154496 ], [ 79.24691913909696, 9.260286216981493 ], [ 79.246929803896009, 9.260285506808504 ], [ 79.246940468695072, 9.260284796635503 ], [ 79.246951134392447, 9.260284087349099 ], [ 79.246961799191496, 9.260283378062722 ], [ 79.246972464888856, 9.260282667889721 ], [ 79.246983129687905, 9.260281958603304 ], [ 79.246993795385279, 9.260281249316927 ], [ 79.247004460184343, 9.2602805382573 ], [ 79.247015124983392, 9.260279828970923 ], [ 79.247025789782441, 9.260279118797882 ], [ 79.247036454581504, 9.260278410398104 ], [ 79.247047120278879, 9.260277700225101 ], [ 79.247057785976253, 9.260276990052088 ], [ 79.247068450775288, 9.260276279879047 ], [ 79.247079115574323, 9.260275569706033 ], [ 79.247089781271697, 9.260274861306254 ], [ 79.247100446070775, 9.260274151133213 ], [ 79.247111110869824, 9.260273441846824 ], [ 79.247121775668859, 9.260272731673796 ], [ 79.247132441366233, 9.260272020614146 ], [ 79.247143107063593, 9.260271312214329 ], [ 79.247153771862642, 9.260270602041301 ], [ 79.247164436661706, 9.260269892754911 ], [ 79.24717510235908, 9.260269182581883 ], [ 79.247185767158129, 9.260268473295442 ], [ 79.247196431058867, 9.260267764009026 ], [ 79.247207095857917, 9.260267052949374 ], [ 79.247217761555291, 9.260266343662972 ], [ 79.247228427252665, 9.260265634376518 ], [ 79.2472390920517, 9.260264925090102 ], [ 79.247249756850778, 9.260264214917074 ], [ 79.247260421649813, 9.260263504744033 ], [ 79.247271087347187, 9.260262794570995 ], [ 79.247281752146222, 9.260262085284539 ], [ 79.247292416945299, 9.260261375998111 ], [ 79.247303082642674, 9.260260665825072 ], [ 79.247313748340048, 9.260259955652032 ], [ 79.247324413139083, 9.260259247252188 ], [ 79.247335077938118, 9.260258537079149 ], [ 79.24734574273721, 9.260257826906084 ], [ 79.24735640843457, 9.260257116733044 ], [ 79.247367073233605, 9.260256406559991 ], [ 79.247377738032654, 9.260255698160147 ], [ 79.247388403730028, 9.260254987987095 ], [ 79.247399069427402, 9.260254277814029 ], [ 79.247409734226466, 9.260253567640964 ], [ 79.247420399025515, 9.260252858354498 ], [ 79.24743106382455, 9.260252149068057 ], [ 79.247441728623627, 9.260251438894992 ], [ 79.247452394320987, 9.260250728721939 ], [ 79.247463059120037, 9.260250020322083 ], [ 79.247473724817411, 9.260249310149018 ], [ 79.24748438961646, 9.26024859997594 ], [ 79.24749505531382, 9.260247889802875 ], [ 79.247505720112855, 9.260247179629795 ], [ 79.247516384911947, 9.260246471229941 ], [ 79.247527049710968, 9.260245761056863 ], [ 79.247537715408342, 9.260245051770383 ], [ 79.247548381105716, 9.260244341597293 ], [ 79.247559045904765, 9.260243631424226 ], [ 79.247569710703829, 9.26024292213776 ], [ 79.247580376401203, 9.260242211964682 ], [ 79.247591041200252, 9.26024150179159 ], [ 79.247601705999287, 9.260240793391723 ], [ 79.247612370798365, 9.260240083218632 ], [ 79.2476230355974, 9.260239373932139 ], [ 79.247633701294774, 9.26023866287245 ], [ 79.247644366093823, 9.260237952699372 ], [ 79.247655030892886, 9.260237244299478 ], [ 79.247665695691936, 9.260236534126388 ], [ 79.24767636138931, 9.260235823953296 ], [ 79.247687026188345, 9.260235114666791 ], [ 79.247697690987422, 9.260234405380313 ], [ 79.247708355786472, 9.260233696093808 ], [ 79.247719022382171, 9.260232985034119 ], [ 79.247729687181206, 9.260232274861014 ], [ 79.247740351980241, 9.260231565574497 ], [ 79.247751016779318, 9.260230856288016 ], [ 79.247761681578353, 9.260230146114914 ], [ 79.247772347275728, 9.260229436828396 ], [ 79.247783012074763, 9.26022872665528 ], [ 79.247793677772137, 9.260228017368787 ], [ 79.247804342571214, 9.260227307195684 ], [ 79.24781500826856, 9.260226597022568 ], [ 79.247825673067624, 9.26022588773605 ], [ 79.247836337866673, 9.260225177562921 ], [ 79.247847002665736, 9.260224468276428 ], [ 79.247857668363082, 9.260223758989911 ], [ 79.24786833316216, 9.260223048816782 ], [ 79.247878998859534, 9.260222337757067 ], [ 79.247889663658569, 9.260221629357162 ], [ 79.247900329355943, 9.260220919184032 ], [ 79.247910994154978, 9.260220209010916 ], [ 79.247921658954056, 9.260219499724371 ], [ 79.247932323753091, 9.260218790437868 ], [ 79.24794298855214, 9.260218080264739 ], [ 79.247953655147839, 9.260217370978182 ], [ 79.247964319946874, 9.260216660805053 ], [ 79.247974984745966, 9.260215950631924 ], [ 79.247985650443326, 9.260215241345406 ], [ 79.247996315242361, 9.260214531172265 ], [ 79.24800698004141, 9.260213821885722 ], [ 79.248017644840473, 9.260213111712581 ], [ 79.248028308741198, 9.260212402426063 ], [ 79.248038975336897, 9.260211693139507 ], [ 79.248049640135932, 9.260210982966365 ], [ 79.248060304935009, 9.260210271906624 ], [ 79.248070969734059, 9.260209562620069 ], [ 79.248081635431419, 9.260208853333538 ], [ 79.248092868864063, 9.260208144046983 ], [ 79.24810410319499, 9.260207432987229 ], [ 79.24811533662762, 9.260206722814088 ], [ 79.248126570958561, 9.26020601264092 ], [ 79.248137805289488, 9.260205304240976 ], [ 79.248149038722133, 9.260204593181198 ], [ 79.248160273053074, 9.260203883008042 ], [ 79.248171505587365, 9.260203173721475 ], [ 79.248182739918349, 9.260202464434931 ], [ 79.248193974249276, 9.26020175337514 ], [ 79.24820520768192, 9.260201044088596 ], [ 79.248216442012847, 9.26020033391543 ], [ 79.248227676343788, 9.260199623742263 ], [ 79.248238909776418, 9.260198913569095 ], [ 79.248250144107345, 9.260198204282514 ], [ 79.248261378438286, 9.260197494109335 ], [ 79.248272611870931, 9.260196783936166 ], [ 79.248283846201858, 9.260196073762987 ], [ 79.248295079634488, 9.260195363589807 ], [ 79.248306313067133, 9.260194654303252 ], [ 79.248317547398074, 9.260193944130084 ], [ 79.248328780830704, 9.26019323395689 ], [ 79.248340015161631, 9.260192523783711 ], [ 79.248351248594275, 9.260191813610531 ], [ 79.248362482925216, 9.260191104323937 ], [ 79.248373717256143, 9.260190394150746 ], [ 79.248384950688774, 9.260189684864176 ], [ 79.248396185019715, 9.260188973804372 ], [ 79.248407419350684, 9.26018826363118 ], [ 79.248418652783286, 9.260187555231196 ], [ 79.248429887114256, 9.260186844171406 ], [ 79.248441121445197, 9.260186133998225 ], [ 79.248452354877827, 9.260185424711619 ], [ 79.248463588310429, 9.260184713651816 ], [ 79.248474821743059, 9.260184004365207 ], [ 79.248486056073986, 9.26018329507864 ], [ 79.24849729040497, 9.260182584905435 ], [ 79.248508523837572, 9.260181873845605 ], [ 79.248519758168541, 9.260181164559024 ], [ 79.248530991601143, 9.260180455272405 ], [ 79.248542225932098, 9.260179744212575 ], [ 79.248553460263039, 9.260179034925981 ], [ 79.248564693695684, 9.260178324752776 ], [ 79.248575928026611, 9.260177614579558 ], [ 79.248587162357552, 9.260176905292937 ], [ 79.248598395790182, 9.260176195119719 ], [ 79.248609630121109, 9.260175484946501 ], [ 79.248620863553754, 9.260174774773283 ], [ 79.248632097884695, 9.260174064600065 ], [ 79.248643331317325, 9.260173355313471 ], [ 79.24865456474997, 9.260172645140253 ], [ 79.248665799080896, 9.260171934967023 ], [ 79.248677033411838, 9.260171224793792 ], [ 79.248688266844468, 9.26017051462056 ], [ 79.248699501175395, 9.260169805333929 ], [ 79.248710734608039, 9.260169095160698 ], [ 79.248721968938966, 9.260168384987468 ], [ 79.24873320326995, 9.260167674814236 ], [ 79.248744436702552, 9.260166964641005 ], [ 79.248755671033507, 9.260166255354399 ], [ 79.248766905364448, 9.260165545181156 ], [ 79.248778138797093, 9.260164835007911 ], [ 79.248789372229695, 9.260164125721266 ], [ 79.249698399923588, 9.260139525886752 ], [ 79.251291103040842, 9.259990888624634 ], [ 79.252688194411775, 9.259792530257561 ], [ 79.25296124363058, 9.259783525854111 ], [ 79.254422076759084, 9.25954905131991 ], [ 79.2573618970697, 9.259179370285107 ], [ 79.258900048194704, 9.258872474264036 ], [ 79.263601214147499, 9.257490717591704 ], [ 79.26587209140537, 9.257120857068836 ], [ 79.267542253554637, 9.256795892660616 ], [ 79.268452370006671, 9.256628879729933 ], [ 79.269763047040456, 9.256236033610879 ], [ 79.271096507146552, 9.25583409743278 ], [ 79.272525450082455, 9.255495508031469 ], [ 79.272921313373658, 9.2555317477382 ], [ 79.277390279198585, 9.254208549162975 ], [ 79.281499829976596, 9.252790247794749 ], [ 79.281952892595214, 9.252654759653955 ], [ 79.282072895839065, 9.252618873415003 ], [ 79.283206363115099, 9.252279904100913 ], [ 79.285595499986854, 9.251661189590688 ], [ 79.286760533163672, 9.2514309672385 ], [ 79.288963084561033, 9.250785091926398 ], [ 79.29109738825133, 9.250175365250513 ], [ 79.291998439803777, 9.249831973709618 ], [ 79.293086182831857, 9.249221971411405 ], [ 79.294351308992589, 9.248815467243933 ], [ 79.296080565914508, 9.248146763280346 ], [ 79.299393647005445, 9.246764195749527 ], [ 79.305023024175028, 9.244175138169673 ], [ 79.309637564686653, 9.242051340606736 ], [ 79.310866193195693, 9.241477450713068 ], [ 79.315371521026648, 9.238770489383063 ], [ 79.316299887651979, 9.238291453841079 ], [ 79.319985960028674, 9.236248689799305 ], [ 79.320345552043619, 9.23597307409208 ], [ 79.321260215767623, 9.235421617703205 ], [ 79.322079273592536, 9.235159634807129 ], [ 79.323808529616144, 9.234373302794085 ], [ 79.326234003341156, 9.233071750036107 ], [ 79.328814176839543, 9.231661606097735 ], [ 79.331735632890798, 9.230102403193849 ], [ 79.332659428887951, 9.229578165067718 ], [ 79.333860689323529, 9.229121754137653 ], [ 79.334320311440337, 9.228968107297515 ], [ 79.335448846067166, 9.228249450406626 ], [ 79.338875318801456, 9.226197473942301 ], [ 79.341255265009579, 9.224732992295015 ], [ 79.343430363891841, 9.223227882124345 ], [ 79.347448325138444, 9.220628834896445 ], [ 79.347953396618735, 9.220163299679896 ], [ 79.348467606660407, 9.219837808165003 ], [ 79.349418566813455, 9.21953049037054 ], [ 79.350861093174771, 9.218585860358923 ], [ 79.355402256599064, 9.215516632873607 ], [ 79.35882399970339, 9.21318873339755 ], [ 79.360553041927972, 9.212090245134236 ], [ 79.362614258686762, 9.21079744026628 ], [ 79.363132888439608, 9.210630229963552 ], [ 79.365726491751502, 9.208623199152022 ], [ 79.368502041637669, 9.206643201716497 ], [ 79.371140953277575, 9.204957100340096 ], [ 79.372824429357664, 9.203835977027811 ], [ 79.374639866156372, 9.202977108974306 ], [ 79.376992156830141, 9.201878638632973 ], [ 79.37877111843504, 9.200685121296699 ], [ 79.379976818344758, 9.199686109102917 ], [ 79.381673927257637, 9.198601125962893 ], [ 79.38329367505483, 9.197692472835046 ], [ 79.385240959384433, 9.196508021884402 ], [ 79.386560359957983, 9.195685256860781 ], [ 79.390545835428981, 9.193185240955692 ], [ 79.392961679214139, 9.191765609752148 ], [ 79.396119157724812, 9.189704101324992 ], [ 79.397488502831564, 9.188854153754844 ], [ 79.399422086056418, 9.187665121339489 ], [ 79.404335529300766, 9.184812279117624 ], [ 79.405463771076782, 9.184120520419324 ], [ 79.406173494050137, 9.183559922662567 ], [ 79.407592863640119, 9.182664671325771 ], [ 79.410008535847027, 9.181159111622829 ], [ 79.411518920944928, 9.18003781717421 ], [ 79.413252264303082, 9.179214981969361 ], [ 79.416350297698159, 9.177243588010356 ], [ 79.418188175311002, 9.176027361342618 ], [ 79.418893245909501, 9.175548114833855 ], [ 79.424361300925412, 9.171546689386545 ], [ 79.425043582163482, 9.170832284372526 ], [ 79.425798732940777, 9.17009085873633 ], [ 79.426535673070617, 9.169493971649386 ], [ 79.427713843210128, 9.168399866276618 ], [ 79.427927654824188, 9.168200863170261 ], [ 79.428100447565711, 9.167992943666212 ], [ 79.428650841747029, 9.167513665022538 ], [ 79.42991999864843, 9.166261201375434 ], [ 79.43100713261876, 9.16518519278989 ], [ 79.432421804019739, 9.163792622574416 ], [ 79.433636326283903, 9.16259437776624 ], [ 79.434650609579606, 9.161482183219615 ], [ 79.434814296997416, 9.160813082591268 ], [ 79.434814199081046, 9.160040049647792 ], [ 79.434741262168203, 9.159131402347777 ], [ 79.434777565783776, 9.158530085583578 ], [ 79.435055013154212, 9.157983027074106 ], [ 79.435255214393379, 9.157811191679599 ], [ 79.435496290774594, 9.157793143974173 ], [ 79.435682842113025, 9.158019102953734 ], [ 79.436010458595476, 9.158480211047827 ], [ 79.436324476381117, 9.159217003126637 ], [ 79.436488304834441, 9.159953910743317 ], [ 79.436324674010478, 9.160966589629908 ], [ 79.436247529388837, 9.161961142753697 ], [ 79.436065707680385, 9.163294758724817 ], [ 79.435842971303998, 9.164171889171916 ], [ 79.435497284311325, 9.164443124811022 ], [ 79.434355454618284, 9.165216330863057 ], [ 79.432017367207479, 9.167169651294794 ], [ 79.430925649134267, 9.168200488037284 ], [ 79.430498079805119, 9.168828993947979 ], [ 79.430152397304028, 9.169489075428105 ], [ 79.429993370345898, 9.170438426722647 ], [ 79.429770501917162, 9.170962873995361 ], [ 79.429251976368874, 9.171686265886498 ], [ 79.42911096602208, 9.172029828274692 ], [ 79.428656046585786, 9.172685365903003 ], [ 79.4282057408968, 9.173200860000303 ], [ 79.427696325163808, 9.173802167883592 ], [ 79.427132243352474, 9.174457710218755 ], [ 79.426590923053865, 9.175081653877047 ], [ 79.426086001592225, 9.175569964324218 ], [ 79.425590203420597, 9.176198375594812 ], [ 79.424862384784149, 9.176926273371699 ], [ 79.424016258024778, 9.177780807778172 ], [ 79.423247457346747, 9.178508712948894 ], [ 79.422169338868613, 9.17938586166272 ], [ 79.421154881299728, 9.180095793232558 ], [ 79.420072129311379, 9.180828202180692 ], [ 79.419276044103214, 9.181497420264799 ], [ 79.418266134704609, 9.182315732793077 ], [ 79.417661064563518, 9.182849233606646 ], [ 79.416933200112979, 9.183441504588977 ], [ 79.416687542323814, 9.183748930007139 ], [ 79.415882320350903, 9.184467824579048 ], [ 79.415254529121327, 9.185123442968971 ], [ 79.415272713717641, 9.185200295436523 ], [ 79.415386460195549, 9.185349407603699 ], [ 79.415445646596339, 9.185525701775539 ], [ 79.415313705640699, 9.185665851850578 ], [ 79.416437584299359, 9.187098899835929 ], [ 79.416082751558804, 9.187343028244232 ], [ 79.415099929060929, 9.186081788846135 ], [ 79.414981649684108, 9.186113437652111 ], [ 79.414899717940301, 9.186004986230252 ], [ 79.414758695017127, 9.186018507188024 ], [ 79.414708704669877, 9.185941701898058 ], [ 79.414326562246316, 9.186335067894092 ], [ 79.412370362137537, 9.188021466391895 ], [ 79.411778942795507, 9.188609201675064 ], [ 79.411160225448612, 9.189192449729235 ], [ 79.410787164992598, 9.189472737167895 ], [ 79.410127515011467, 9.190087593232379 ], [ 79.409331410040394, 9.190928550303598 ], [ 79.408244085627217, 9.191814619431545 ], [ 79.407384238000205, 9.192533528671435 ], [ 79.40616047207179, 9.193510080402818 ], [ 79.40487744967399, 9.194703585582975 ], [ 79.404149525934656, 9.195345637820017 ], [ 79.403239675383972, 9.196191010039575 ], [ 79.402197820097243, 9.197099743284921 ], [ 79.401551810135359, 9.197701068251734 ], [ 79.400350674565615, 9.198618849696537 ], [ 79.399354347694128, 9.199441610559356 ], [ 79.398403512406901, 9.20021474381516 ], [ 79.397393477244151, 9.201064669426021 ], [ 79.396774684438782, 9.201534855124883 ], [ 79.395960342769129, 9.202258205876907 ], [ 79.39522784301171, 9.202859501679953 ], [ 79.394272402960368, 9.203709381031466 ], [ 79.393467095647495, 9.204333305082057 ], [ 79.392648119569287, 9.205061179613034 ], [ 79.391774507955489, 9.20572569381722 ], [ 79.391069346627091, 9.206272722097211 ], [ 79.390218508204072, 9.207027773051168 ], [ 79.389272135747206, 9.207927402672073 ], [ 79.388707957816138, 9.208388519437033 ], [ 79.387725179335774, 9.209062098704399 ], [ 79.38683797800833, 9.209577522113285 ], [ 79.38577331808979, 9.210210380292068 ], [ 79.384503906965193, 9.210974390355108 ], [ 79.383157113165353, 9.211697696963043 ], [ 79.382224378931113, 9.212199505237553 ], [ 79.381528223213479, 9.212705826243409 ], [ 79.380709258813354, 9.213325178413054 ], [ 79.379599029157077, 9.214048513903339 ], [ 79.378739124037892, 9.214595534619399 ], [ 79.378206776112322, 9.215079173395566 ], [ 79.37609549714108, 9.216693081350881 ], [ 79.374530268098454, 9.217909115060115 ], [ 79.373893304171517, 9.218189419639739 ], [ 79.373602081136184, 9.21820295000769 ], [ 79.373233517646497, 9.218528461651029 ], [ 79.372346247148784, 9.219473198221545 ], [ 79.371704679356014, 9.220074464727954 ], [ 79.370394196358291, 9.221399017833722 ], [ 79.368838031316884, 9.222972120136403 ], [ 79.367359122288221, 9.224445825434756 ], [ 79.366321699289102, 9.225408716335247 ], [ 79.365397982343694, 9.226186211157044 ], [ 79.364679041757199, 9.226950247828489 ], [ 79.364187614787753, 9.227465564433396 ], [ 79.363559581911346, 9.228098394978554 ], [ 79.362781507924652, 9.228916630687721 ], [ 79.361898697562324, 9.229838773317541 ], [ 79.361020452438311, 9.230742897923021 ], [ 79.360492660767846, 9.231244650744319 ], [ 79.359596195114889, 9.232022162846185 ], [ 79.358686050815123, 9.23284032560839 ], [ 79.357803341962395, 9.233378232310841 ], [ 79.357493875041982, 9.233676579962509 ], [ 79.356715730088354, 9.234417921076927 ], [ 79.355737346166336, 9.235195491792382 ], [ 79.354877326961088, 9.235932256271012 ], [ 79.353989981903212, 9.23668719766556 ], [ 79.352929658152561, 9.237509834350618 ], [ 79.352333500197417, 9.237993488702495 ], [ 79.351937662059044, 9.238364209886424 ], [ 79.35119131387323, 9.239001563231215 ], [ 79.350381286811839, 9.239666033918402 ], [ 79.349739637272407, 9.240167779353968 ], [ 79.348702181035605, 9.24083673166543 ], [ 79.348124180727282, 9.241352069638666 ], [ 79.34727323091316, 9.242016520817932 ], [ 79.346558734292373, 9.242599624813257 ], [ 79.345380105113733, 9.243503651947522 ], [ 79.344551927592065, 9.244136407583543 ], [ 79.343673553110619, 9.244891264893258 ], [ 79.342531315582448, 9.245808841163687 ], [ 79.340915844664309, 9.247178463055642 ], [ 79.339782656764285, 9.248132233933438 ], [ 79.338922564795539, 9.248774018739418 ], [ 79.338289971172443, 9.249244162133555 ], [ 79.337407060198814, 9.249899496228275 ], [ 79.336242062954597, 9.250803540076738 ], [ 79.335636769133032, 9.251350422184936 ], [ 79.335313704414133, 9.251504105365544 ], [ 79.334644702970891, 9.252082654102288 ], [ 79.333975716799031, 9.252769701989287 ], [ 79.333393111726579, 9.253361873417685 ], [ 79.333038138848806, 9.253813843748382 ], [ 79.332291764611853, 9.254496416129056 ], [ 79.331745579935927, 9.255007136080197 ], [ 79.330921867041212, 9.255825343841156 ], [ 79.329966119766041, 9.256788039009026 ], [ 79.32898301340056, 9.257773464332557 ], [ 79.328054618029171, 9.258632246782375 ], [ 79.327285405024412, 9.259454903094623 ], [ 79.326657350588476, 9.260232329830732 ], [ 79.326033741016545, 9.261018886003608 ], [ 79.325578625747511, 9.26161102935038 ], [ 79.325005163728022, 9.262397557612159 ], [ 79.324600054077607, 9.262890187393472 ], [ 79.324003782036414, 9.263577299270189 ], [ 79.323730650172607, 9.264047341301271 ], [ 79.32357137258451, 9.264377364136122 ], [ 79.323357387595621, 9.265032818968056 ], [ 79.322970364625121, 9.266000194062643 ], [ 79.322333050355255, 9.267247863050091 ], [ 79.321550150618819, 9.268427589302494 ], [ 79.320894681397036, 9.269281870224381 ], [ 79.319529207130884, 9.271126096630196 ], [ 79.318718906981644, 9.272274258323003 ], [ 79.318040623246617, 9.273539962762051 ], [ 79.317658276007194, 9.274127551945869 ], [ 79.317189402141267, 9.274814570904258 ], [ 79.316561177025392, 9.27591306914819 ], [ 79.316046804388677, 9.276966216111434 ], [ 79.315564253672548, 9.277761772426389 ], [ 79.315168161310964, 9.278507644894351 ], [ 79.315068009038242, 9.278909948752712 ], [ 79.314794762190061, 9.280012947638294 ], [ 79.314708102612926, 9.280596173872119 ], [ 79.315090384275337, 9.280650454187594 ], [ 79.315163302323569, 9.280356617308124 ], [ 79.315372625954453, 9.280388355171196 ], [ 79.315304230923687, 9.281152346789103 ], [ 79.315067576050268, 9.281120655096071 ], [ 79.315090351935979, 9.280876499438023 ], [ 79.314717241174307, 9.280822174829749 ], [ 79.314717150444466, 9.281188349797173 ], [ 79.31499886660913, 9.283100715934641 ], [ 79.315562913386159, 9.284791540689088 ], [ 79.315990561767052, 9.285514901255414 ], [ 79.316832345172017, 9.28605306600166 ], [ 79.317378374439372, 9.28623397478254 ], [ 79.318111115843593, 9.286311017970592 ], [ 79.31895297111376, 9.286487454014992 ], [ 79.319266976323007, 9.286718055869121 ], [ 79.319435304437604, 9.286916963742929 ], [ 79.319630932353647, 9.287251581277628 ], [ 79.320004026047329, 9.287644929037317 ], [ 79.320536433261751, 9.28792981109083 ], [ 79.320932292959682, 9.288246367120033 ], [ 79.321246275711033, 9.288630676411271 ], [ 79.321428145928536, 9.289317839823751 ], [ 79.321678342904818, 9.289932720195113 ], [ 79.321833016627053, 9.290185954728079 ], [ 79.3223881673878, 9.290511491943306 ], [ 79.322916075839231, 9.29085520539604 ], [ 79.322906956142475, 9.290900354630285 ], [ 79.323771482195497, 9.291840874586541 ], [ 79.324444830586415, 9.292695360877669 ], [ 79.325377630397639, 9.293857350837882 ], [ 79.325950924432178, 9.294377318431701 ], [ 79.326560732288087, 9.29476616175479 ], [ 79.326592557801959, 9.294748092686774 ], [ 79.326624474943998, 9.294730025390859 ], [ 79.327120441998915, 9.295344921081542 ], [ 79.327225051712034, 9.295616226043752 ], [ 79.327247701833613, 9.296176796177452 ], [ 79.326974489121426, 9.297230062201148 ], [ 79.326897039970873, 9.297795160718939 ], [ 79.326983274644903, 9.298929816823421 ], [ 79.327024182126294, 9.299359362707063 ], [ 79.327137912434523, 9.299567302242361 ], [ 79.327683980329468, 9.300014974649988 ], [ 79.327979728178875, 9.30036758195798 ], [ 79.328157199346407, 9.300634327272302 ], [ 79.328452990314943, 9.300959869841677 ], [ 79.328744172027783, 9.301271905328129 ], [ 79.329039925267068, 9.301624512255776 ], [ 79.329331214777739, 9.301895816782007 ], [ 79.329576949822027, 9.302085715375174 ], [ 79.329740707308432, 9.302176167851469 ], [ 79.32977715375614, 9.302225913910938 ], [ 79.329968290994088, 9.302307295665425 ], [ 79.330478018442477, 9.302424936197745 ], [ 79.330842039151818, 9.302718823708808 ], [ 79.331101389960864, 9.303107609005501 ], [ 79.331256077157818, 9.303252323845811 ], [ 79.331333420307146, 9.303324681686753 ], [ 79.331442632089505, 9.303351815651606 ], [ 79.331601935728756, 9.303283971870515 ], [ 79.331679345353407, 9.303342752971426 ], [ 79.331738500313193, 9.303401537608439 ], [ 79.331797642696543, 9.303519094441867 ], [ 79.332043322943591, 9.303871818781433 ], [ 79.332229864400546, 9.30412494039556 ], [ 79.332557513222312, 9.304504758107184 ], [ 79.333176324892307, 9.305580773962344 ], [ 79.333344611684396, 9.306530152173334 ], [ 79.333562924756293, 9.307380088591414 ], [ 79.333840465551532, 9.30782318115447 ], [ 79.33410443909105, 9.30807631143249 ], [ 79.334823409321942, 9.308822317013384 ], [ 79.335046340632772, 9.309328748803505 ], [ 79.335114481440328, 9.310219342219943 ], [ 79.335164336141943, 9.311512250290091 ], [ 79.335114249674987, 9.311964255575811 ], [ 79.335164309192493, 9.312045684706149 ], [ 79.335150593714744, 9.312036600089389 ], [ 79.335132377677411, 9.312009537716774 ], [ 79.335077825685133, 9.31205921323191 ], [ 79.334904716736645, 9.312719208917997 ], [ 79.334581512778868, 9.313343038776463 ], [ 79.334326606833869, 9.313862862159544 ], [ 79.334162708311936, 9.314174810779363 ], [ 79.332787954448904, 9.316362659350762 ], [ 79.331822808100924, 9.317664472252174 ], [ 79.330866946739675, 9.318677002748524 ], [ 79.329774478573214, 9.31976177482545 ], [ 79.329342011629137, 9.320096212899667 ], [ 79.328600077764619, 9.320489385433717 ], [ 79.328094840994325, 9.320751566990038 ], [ 79.327539568062704, 9.321095063676673 ], [ 79.327402973833856, 9.321167304356745 ], [ 79.327321007954069, 9.321212558710867 ], [ 79.327270964606228, 9.321239654942065 ], [ 79.327243674686201, 9.321266769786709 ], [ 79.326838556950946, 9.321429467674797 ], [ 79.326374276171094, 9.321515241763825 ], [ 79.325951042111498, 9.321723139750468 ], [ 79.325655171192878, 9.321926553939335 ], [ 79.325636894070101, 9.321931021657116 ], [ 79.32534107794875, 9.322048592644762 ], [ 79.324448952056926, 9.322568320628875 ], [ 79.323775291052328, 9.322934374779011 ], [ 79.323411099663105, 9.323038304749728 ], [ 79.322505272666561, 9.323598689959338 ], [ 79.321594937923948, 9.324122961332124 ], [ 79.321153440216335, 9.324403114618143 ], [ 79.318700036970824, 9.325492179671077 ], [ 79.31799444175617, 9.325835636234162 ], [ 79.31685199402223, 9.326296498910397 ], [ 79.31575048071916, 9.326752906618447 ], [ 79.314908350564465, 9.327096313186278 ], [ 79.314271150380634, 9.327335838623991 ], [ 79.313315287222792, 9.327615885616993 ], [ 79.312682594785016, 9.327724293360598 ], [ 79.312323079126841, 9.32776944137836 ], [ 79.312309410361479, 9.327787507852609 ], [ 79.311426355657417, 9.327837072091064 ], [ 79.310725464021601, 9.327787202918252 ], [ 79.310725487377795, 9.327782648404595 ], [ 79.309915389349527, 9.327646842672413 ], [ 79.308991497232626, 9.327226234954141 ], [ 79.308163234370994, 9.326746863759036 ], [ 79.307530630866466, 9.326547778208274 ], [ 79.306847980420798, 9.326339688965389 ], [ 79.30625180539765, 9.325995976716889 ], [ 79.305819516320014, 9.325539350840154 ], [ 79.305337156046733, 9.325331258336474 ], [ 79.304372256735419, 9.325150266068539 ], [ 79.303430206073386, 9.324860669202787 ], [ 79.302661126019288, 9.324494294407041 ], [ 79.30232435839909, 9.32418230802535 ], [ 79.302278849746756, 9.324218529102604 ], [ 79.302278852441717, 9.324164217430384 ], [ 79.301819288715421, 9.323644295031457 ], [ 79.301432555002464, 9.323056485820926 ], [ 79.301209571589382, 9.322920766894123 ], [ 79.301195993553847, 9.322884612165899 ], [ 79.30124599827414, 9.322866547210657 ], [ 79.301095905959841, 9.322721898999978 ], [ 79.300513405990259, 9.32238269965484 ], [ 79.299625874082793, 9.322237792399864 ], [ 79.298697397863023, 9.322151720640754 ], [ 79.297577824829474, 9.321957054090328 ], [ 79.296654013560968, 9.321766926953876 ], [ 79.2962561533149, 9.321642883880456 ], [ 79.296144290604147, 9.321608008171228 ], [ 79.295420652727032, 9.321382395233014 ], [ 79.294892717326107, 9.321300884952935 ], [ 79.294351109566591, 9.32123743880782 ], [ 79.293886944669381, 9.321065488908497 ], [ 79.293572905324183, 9.320834886652486 ], [ 79.293126899870444, 9.320735290790555 ], [ 79.292708222065954, 9.320549898433711 ], [ 79.292225929166321, 9.320264943667629 ], [ 79.291588793661191, 9.320047815911739 ], [ 79.291593292424139, 9.320029704713955 ], [ 79.291515952868068, 9.32001163074642 ], [ 79.29072410770803, 9.319871256735651 ], [ 79.290360013336851, 9.319581799095932 ], [ 79.290005112324309, 9.319129636126975 ], [ 79.289673089605401, 9.31840621741796 ], [ 79.289236391596333, 9.317682808734194 ], [ 79.288567465611592, 9.317248626998342 ], [ 79.288321673973428, 9.317198886622842 ], [ 79.28817603640465, 9.317189756043964 ], [ 79.288162375724113, 9.317117423235157 ], [ 79.287734632121797, 9.316931973996548 ], [ 79.287466165209239, 9.316832452370837 ], [ 79.287320521352228, 9.316859586173482 ], [ 79.287356880663353, 9.316818859318021 ], [ 79.287006520634563, 9.316642460732387 ], [ 79.286524186412436, 9.316353026123753 ], [ 79.286101003556823, 9.31606808832149 ], [ 79.285705099841422, 9.315742464083272 ], [ 79.285682298802854, 9.315769592651804 ], [ 79.285659662156036, 9.315606817663165 ], [ 79.285282045444887, 9.315082363300029 ], [ 79.284958969946203, 9.314725129275146 ], [ 79.284649547043216, 9.314476403368156 ], [ 79.284371936179411, 9.314372363585951 ], [ 79.283907801824938, 9.314218519146895 ], [ 79.283452724285141, 9.314105361039001 ], [ 79.283211497885262, 9.3139561279107 ], [ 79.28291577788363, 9.313666738059213 ], [ 79.282619993203269, 9.313372790606932 ], [ 79.282296993163101, 9.313160168060415 ], [ 79.281855552947619, 9.312983744578876 ], [ 79.28164620775722, 9.312843604432217 ], [ 79.281509740190813, 9.31274858493606 ], [ 79.281323179869247, 9.31254960664476 ], [ 79.281323169987772, 9.312481809858921 ], [ 79.28107294336705, 9.312160760043868 ], [ 79.280781811061559, 9.311663447124531 ], [ 79.280445123391388, 9.31122932173367 ], [ 79.279767153168393, 9.310781575921384 ], [ 79.279457698824373, 9.310663969227559 ], [ 79.279248349142335, 9.310577954896809 ], [ 79.278998101860367, 9.310401607235393 ], [ 79.278629502438051, 9.310175437439698 ], [ 79.27830196680398, 9.309886057754344 ], [ 79.278119971720699, 9.309605728823211 ], [ 79.277897114071749, 9.309194244344624 ], [ 79.277578619981028, 9.308791829012744 ], [ 79.277328459835644, 9.308443625397004 ], [ 79.276928084306775, 9.307774433190055 ], [ 79.276623387440509, 9.307227389077758 ], [ 79.276436820830725, 9.306910860854389 ], [ 79.276100231975249, 9.306549084961595 ], [ 79.275481476000806, 9.30585724987772 ], [ 79.275372221997628, 9.305753257173322 ], [ 79.275390481154091, 9.305735129277664 ], [ 79.275203951375218, 9.305481930817571 ], [ 79.274880968403053, 9.304925771722029 ], [ 79.27447612734889, 9.30422047640409 ], [ 79.274189568366523, 9.303664326826894 ], [ 79.27391659909776, 9.303347805129743 ], [ 79.273680064598622, 9.303062909914866 ], [ 79.273225102043185, 9.302556451319424 ], [ 79.273038581247476, 9.30230316368085 ], [ 79.272961166232918, 9.302371005879184 ], [ 79.272829336668337, 9.301941506245273 ], [ 79.27289769666487, 9.301851108671485 ], [ 79.272906896311682, 9.301552741815067 ], [ 79.272834247758013, 9.300879081732338 ], [ 79.272611445804614, 9.300359171669346 ], [ 79.272520521924818, 9.299965880745738 ], [ 79.272461537644929, 9.299500228103506 ], [ 79.272393416600309, 9.29880399971516 ], [ 79.272234341133156, 9.298220739080787 ], [ 79.272038841676206, 9.297759567213786 ], [ 79.271251977674439, 9.296281060343198 ], [ 79.270837996262301, 9.295801704318917 ], [ 79.270524072799716, 9.295480687063367 ], [ 79.270169164600659, 9.29527708727271 ], [ 79.269773276156613, 9.295087120268764 ], [ 79.269668596374885, 9.294987616361288 ], [ 79.269168047912032, 9.294711719619869 ], [ 79.268540200088594, 9.294381483311163 ], [ 79.267884964428802, 9.293924720383767 ], [ 79.267093303423408, 9.293422589872327 ], [ 79.266588171756013, 9.293097003058168 ], [ 79.265928446316408, 9.292744173886438 ], [ 79.264931852645233, 9.29250418236416 ], [ 79.264080876779971, 9.292409006633038 ], [ 79.263084179802561, 9.292377018085084 ], [ 79.260972616963699, 9.292249702163659 ], [ 79.259757481150231, 9.292208598327509 ], [ 79.258792736349179, 9.292086180409978 ], [ 79.257595862387134, 9.291959231405382 ], [ 79.256826767959993, 9.291904725003958 ], [ 79.255598028958161, 9.291886200112801 ], [ 79.25497003560767, 9.291759367170945 ], [ 79.253982609243977, 9.291542033769066 ], [ 79.252767522837857, 9.291392352181754 ], [ 79.251916440073089, 9.291437239820619 ], [ 79.250846995727329, 9.29139165093704 ], [ 79.250002335916818, 9.291449588286435 ], [ 79.248799243816364, 9.291676318949566 ], [ 79.248790481649067, 9.291679217011731 ], [ 79.248781718583473, 9.291682115960395 ], [ 79.248772956416204, 9.291685014909019 ], [ 79.248764194248906, 9.291687913857643 ], [ 79.248755432081623, 9.291690812806216 ], [ 79.248746669914368, 9.291693711754791 ], [ 79.248737907747071, 9.291696610703326 ], [ 79.248729144681491, 9.291699509651874 ], [ 79.248720381615868, 9.291702408600358 ], [ 79.24871162034691, 9.291705308435327 ], [ 79.248702858179612, 9.291708207383772 ], [ 79.248694096012343, 9.291711106332231 ], [ 79.248685332946749, 9.29171400439408 ], [ 79.248676569881169, 9.291716904228997 ], [ 79.248667807713872, 9.291719803177342 ], [ 79.248659046444914, 9.291722702125661 ], [ 79.24865028427763, 9.291725600187444 ], [ 79.248641522110347, 9.291728499135726 ], [ 79.248632759044753, 9.291731398970491 ], [ 79.24862399687747, 9.291734297918708 ], [ 79.248615233811876, 9.291737195980403 ], [ 79.248606471644592, 9.291740094928583 ], [ 79.248597710375634, 9.291742994763272 ], [ 79.248588947310012, 9.291745893711399 ], [ 79.248580185142757, 9.291748791772967 ], [ 79.248571422975473, 9.291751690721084 ], [ 79.248562660808176, 9.291754589669146 ], [ 79.248553897742596, 9.291757490390232 ], [ 79.248545134676974, 9.291760387565187 ], [ 79.248536373408015, 9.291763287399723 ], [ 79.248527611240718, 9.291766186347674 ], [ 79.248518849073477, 9.291769085295611 ], [ 79.24851008690618, 9.291771984243535 ], [ 79.248501322942275, 9.291774883191422 ], [ 79.248492560774977, 9.291777782139297 ], [ 79.248483798607694, 9.291780681087133 ], [ 79.248475037338736, 9.291783579148445 ], [ 79.248466275171452, 9.29178647898274 ], [ 79.248457512105873, 9.29178937793055 ], [ 79.248448749938575, 9.291792276878295 ], [ 79.248439986872981, 9.29179517493947 ], [ 79.248431224705698, 9.291798073887165 ], [ 79.248422463436739, 9.291800973721383 ], [ 79.24841370037116, 9.291803872669041 ], [ 79.248404938203862, 9.29180677161666 ], [ 79.248396176036579, 9.291809669677757 ], [ 79.248387413869281, 9.291812568625339 ], [ 79.248378650803701, 9.291815467572881 ], [ 79.248369887738122, 9.29181836829347 ], [ 79.248361125570824, 9.291821266354464 ], [ 79.248352364301866, 9.291824165301943 ], [ 79.248343602134582, 9.291827064249398 ], [ 79.248334839967285, 9.29182996319684 ], [ 79.248326076901705, 9.291832862144254 ], [ 79.248317313836083, 9.291835761091633 ], [ 79.248308551668828, 9.291838660038998 ], [ 79.248299790399841, 9.291841558986375 ], [ 79.248291028232558, 9.291844457047141 ], [ 79.248282265166978, 9.291847356880977 ], [ 79.24827350299968, 9.291850255828241 ], [ 79.248264740832425, 9.291853154775492 ], [ 79.248255977766803, 9.291856052836193 ], [ 79.24824721559952, 9.291858951783393 ], [ 79.246690871793376, 9.292103571421789 ], [ 79.246683334928136, 9.292104208835111 ], [ 79.246675797164599, 9.29210484713497 ], [ 79.246668260299373, 9.292105485434815 ], [ 79.246660723434132, 9.292106123734673 ], [ 79.246653185670581, 9.292106761147982 ], [ 79.24664564790703, 9.292107398561292 ], [ 79.24663811104179, 9.292108037747685 ], [ 79.246630573278253, 9.29210867604753 ], [ 79.246623036412998, 9.292109314347375 ], [ 79.246615498649447, 9.292109951760684 ], [ 79.246607961784235, 9.292110590060529 ], [ 79.246600424918995, 9.292111228360335 ], [ 79.246592887155458, 9.292111865773672 ], [ 79.246585349391907, 9.292112504960025 ], [ 79.24657781162837, 9.29211314325987 ], [ 79.246570274763116, 9.292113780673155 ], [ 79.246562737897889, 9.29211441808649 ], [ 79.246555201032649, 9.292115057272845 ], [ 79.246547664167394, 9.29211569468613 ], [ 79.246540126403858, 9.292116332985961 ], [ 79.246532587742024, 9.292116972172304 ], [ 79.24652505087677, 9.292117609585626 ], [ 79.246517514011529, 9.292118246998923 ], [ 79.246509977146317, 9.292118885298756 ], [ 79.246502439382766, 9.292119523598574 ], [ 79.246494901619229, 9.292120161898369 ], [ 79.246487364753975, 9.2921208001982 ], [ 79.246479826990424, 9.292121439384568 ], [ 79.246472290125183, 9.292122075911317 ], [ 79.246464753259971, 9.292122714211137 ], [ 79.246457214598081, 9.292123351624447 ], [ 79.246449677732841, 9.292123990810776 ], [ 79.246442140867629, 9.292124629110596 ], [ 79.246434604002374, 9.292125267410414 ], [ 79.246427067137176, 9.292125904823687 ], [ 79.246419529373625, 9.292126543123505 ], [ 79.246411990711735, 9.292127181423325 ], [ 79.246404453846495, 9.292127818836597 ], [ 79.246396916981283, 9.292128458022914 ], [ 79.246389380116028, 9.292129095436184 ], [ 79.24638184325083, 9.292129732849482 ], [ 79.24637430458894, 9.292130372035798 ], [ 79.246366766825403, 9.292131010335606 ], [ 79.246359229960163, 9.292131647748864 ], [ 79.246351693094937, 9.292132286048684 ], [ 79.246344156229682, 9.292132924348477 ], [ 79.246336619364442, 9.29213356176175 ], [ 79.246329080702594, 9.292134200061543 ], [ 79.246321543837354, 9.29213483924786 ], [ 79.246314006972142, 9.292135476661144 ], [ 79.246306469208562, 9.292136114074403 ], [ 79.24629893234335, 9.292136753260706 ], [ 79.246291394579799, 9.292137390674004 ], [ 79.246283856816262, 9.292138028973797 ], [ 79.246276319951022, 9.292138667273553 ], [ 79.246268783085767, 9.292139305573349 ], [ 79.246261246220541, 9.292139942986594 ], [ 79.246253707558679, 9.292140581286388 ], [ 79.246246170693453, 9.292141219586181 ], [ 79.246238632929888, 9.292141857885964 ], [ 79.246231096064676, 9.292142496185757 ], [ 79.246223559199422, 9.292143133598991 ], [ 79.24621602233421, 9.292143771898772 ], [ 79.246208484570658, 9.292144410198565 ], [ 79.246200946807079, 9.292145047611813 ], [ 79.246193409043528, 9.29214568679809 ], [ 79.24618587217833, 9.292146324211362 ], [ 79.246178335313076, 9.292146961624596 ], [ 79.246170798447864, 9.292147600810887 ], [ 79.246163260684284, 9.292148239110668 ], [ 79.246155722920733, 9.292148877410437 ], [ 79.246148186055535, 9.29214951482367 ], [ 79.24614064829197, 9.292150153123451 ], [ 79.24613311142673, 9.29215079142322 ], [ 79.246125573663193, 9.292151428836441 ], [ 79.246118035899642, 9.292152068022757 ], [ 79.246110499034387, 9.292152706322488 ], [ 79.246102962169175, 9.292153342849211 ], [ 79.246095425303935, 9.292153982035515 ], [ 79.24608788843868, 9.292154620335245 ], [ 79.246080349776847, 9.292155257748504 ], [ 79.246072812013296, 9.292155896934769 ], [ 79.246065275148055, 9.292156534348003 ], [ 79.246057738282801, 9.29215717176125 ], [ 79.246050201417589, 9.292157810060967 ], [ 79.246042663654052, 9.292158449247271 ], [ 79.246035125890501, 9.292159086660492 ], [ 79.246027589025246, 9.2921597240737 ], [ 79.246020051261709, 9.292160363260002 ], [ 79.246012514396469, 9.292161000673211 ], [ 79.246004976632918, 9.292161638972967 ], [ 79.245997439767706, 9.292162278159219 ], [ 79.245989902004126, 9.292162914685919 ], [ 79.2459823651389, 9.292163552985661 ], [ 79.24597482827366, 9.292164191285417 ], [ 79.245967289611812, 9.292164829585161 ], [ 79.245959752746572, 9.292165467884866 ], [ 79.245952215881317, 9.292166105298111 ], [ 79.24594467811778, 9.292166743597816 ], [ 79.245937141252568, 9.29216738189756 ], [ 79.245929604387328, 9.292168020197304 ], [ 79.245922066623777, 9.292168659383581 ], [ 79.245914529758522, 9.292169295910242 ], [ 79.245906991096675, 9.292169934209971 ], [ 79.245899454231434, 9.292170573396225 ], [ 79.245891917366222, 9.292171210809446 ], [ 79.245884379602643, 9.292171849109176 ], [ 79.245876842737417, 9.292172485635824 ], [ 79.24586930497388, 9.292173124822101 ], [ 79.245861768108639, 9.292173763121832 ], [ 79.245854231243428, 9.292174401421525 ], [ 79.245846692581551, 9.292175038834745 ], [ 79.245839155716297, 9.292175677134475 ], [ 79.245831618851085, 9.292176315434155 ], [ 79.245824081087534, 9.292176953733886 ], [ 79.245816544222293, 9.292177592033603 ], [ 79.245809007357039, 9.292178228560276 ], [ 79.245801469593502, 9.292178867746516 ], [ 79.245793931829951, 9.292179506046233 ], [ 79.245786394964739, 9.292180144345952 ], [ 79.245778857201174, 9.292180782645669 ], [ 79.245771320335948, 9.292181420058839 ], [ 79.245763782572411, 9.292182058358557 ], [ 79.245756245707156, 9.292182695771727 ], [ 79.245748708841944, 9.292183334957942 ], [ 79.245741171078365, 9.292183973257659 ], [ 79.245733633314828, 9.29218460978432 ], [ 79.245726095551277, 9.292185248970533 ], [ 79.243282354584991, 9.292561232116581 ], [ 79.243270266854495, 9.29256278974348 ], [ 79.243258179124055, 9.292564348256889 ], [ 79.243246091393587, 9.2925659058838 ], [ 79.243234002764808, 9.292567462624151 ], [ 79.243221915034326, 9.29256902113756 ], [ 79.2432098273039, 9.292570578764433 ], [ 79.243197738675121, 9.292572136391305 ], [ 79.243185650944639, 9.292573694018154 ], [ 79.243173563214171, 9.292575251645014 ], [ 79.243161474585378, 9.292576810158371 ], [ 79.243149386854952, 9.292578366898685 ], [ 79.24313729912447, 9.292579925412028 ], [ 79.243125212292327, 9.292581483038864 ], [ 79.243113122765223, 9.292583039779151 ], [ 79.243101035034783, 9.292584599179017 ], [ 79.243088947304301, 9.292586155919292 ], [ 79.243076858675522, 9.292587714432612 ], [ 79.243064771843379, 9.292589271172861 ], [ 79.243052683214614, 9.292590828799671 ], [ 79.243040594585835, 9.292592387312952 ], [ 79.243028506855353, 9.292593944053188 ], [ 79.24301642002321, 9.292595502566469 ], [ 79.243004332292742, 9.292597060193239 ], [ 79.242992242765666, 9.292598616933452 ], [ 79.242980155035184, 9.292600176333229 ], [ 79.242968067304744, 9.292601733073427 ], [ 79.242955979574262, 9.292603290700161 ], [ 79.242943890945497, 9.292604849213404 ], [ 79.242931803215015, 9.292606405953588 ], [ 79.24291971458625, 9.292607963580297 ], [ 79.242907627754093, 9.292609521207005 ], [ 79.242895540023625, 9.292611079720222 ], [ 79.242883451394846, 9.292612637346879 ], [ 79.242871362766081, 9.292614194973574 ], [ 79.242859275035627, 9.292615752600257 ], [ 79.242847188203456, 9.2926173102269 ], [ 79.242835099574677, 9.292618867853569 ], [ 79.242823010945898, 9.292620426366737 ], [ 79.242810923215458, 9.292621983993394 ], [ 79.242798836383315, 9.292623540733503 ], [ 79.242786747754508, 9.292625099246644 ], [ 79.242774660024054, 9.292626656873249 ], [ 79.242762571395289, 9.292628213613334 ], [ 79.242750483664821, 9.292629772126487 ], [ 79.242738395934367, 9.292631329753068 ], [ 79.242726308203885, 9.292632887379675 ], [ 79.242714218676781, 9.29263444500628 ], [ 79.242702130946341, 9.292636002632836 ], [ 79.242690044114198, 9.292637560259417 ], [ 79.242677956383716, 9.292639117885971 ], [ 79.242665867754937, 9.292640676399074 ], [ 79.242653779126172, 9.292642234025603 ], [ 79.242641692294029, 9.292643790765624 ], [ 79.24262960366525, 9.292645349278676 ], [ 79.242617515934768, 9.292646906905231 ], [ 79.242605427305989, 9.292648463645225 ], [ 79.242593338677224, 9.292650022158265 ], [ 79.242581251845081, 9.292651579784781 ], [ 79.242569164114613, 9.292653137411273 ], [ 79.242557076384131, 9.292654695924313 ], [ 79.242544986857069, 9.292656252664282 ], [ 79.242532900024912, 9.292657810290736 ], [ 79.242520812294444, 9.292659368803776 ], [ 79.242508723665665, 9.292660926430216 ], [ 79.242500190568762, 9.292661564729055 ], [ 79.242491658370199, 9.292662203027895 ], [ 79.242483125273338, 9.292662841326734 ], [ 79.242474592176436, 9.292663479625537 ], [ 79.242466059977886, 9.292664117924376 ], [ 79.242457525982687, 9.292664756223203 ], [ 79.24244899378408, 9.292665393635508 ], [ 79.24244046068722, 9.292666032820884 ], [ 79.242431927590331, 9.29266667200622 ], [ 79.242423395391768, 9.292667309418499 ], [ 79.242414863193204, 9.292667947717339 ], [ 79.242406329198005, 9.292668586016166 ], [ 79.242397796999441, 9.292669224314993 ], [ 79.242389263902538, 9.29266986261382 ], [ 79.24238073080565, 9.292670500912648 ], [ 79.242372197708789, 9.292671140097973 ], [ 79.242363664611901, 9.2926717783968 ], [ 79.242355132413323, 9.292672415809079 ], [ 79.242346599316434, 9.292673054994415 ], [ 79.242338067117871, 9.292673693293217 ], [ 79.242329534020968, 9.292674330705534 ], [ 79.242321000924107, 9.292674969004324 ], [ 79.242312467827219, 9.292675608189674 ], [ 79.242303935628641, 9.292676245601939 ], [ 79.242295401633456, 9.292676883900766 ], [ 79.242286870333189, 9.292677523086079 ], [ 79.242278337236328, 9.292678161384892 ], [ 79.242269804139426, 9.292678798797159 ], [ 79.242261271042537, 9.292679437982509 ], [ 79.242252737945677, 9.292680076281311 ], [ 79.242244204848774, 9.292680714580086 ], [ 79.242235671751885, 9.292681351992391 ], [ 79.242227139553322, 9.292681991177703 ], [ 79.242218607354744, 9.292682630363039 ], [ 79.242210074257883, 9.292683266888758 ], [ 79.242201541161009, 9.292683906074108 ], [ 79.242193008962431, 9.292684544372872 ], [ 79.242184474967246, 9.292685182671672 ], [ 79.24217594276864, 9.292685820970462 ], [ 79.242167409671779, 9.292686459269264 ], [ 79.242158875676594, 9.292687097568052 ], [ 79.242150344376327, 9.292687735866842 ], [ 79.242141811279424, 9.292688374165605 ], [ 79.242133278182564, 9.292689013350941 ], [ 79.242124745085661, 9.292689650763183 ], [ 79.242116212887112, 9.292690289948482 ], [ 79.242107679790209, 9.292690927360761 ], [ 79.242099146693349, 9.292691565659549 ], [ 79.242090613596446, 9.292692203958302 ], [ 79.242082081397882, 9.292692843143625 ], [ 79.242073548300979, 9.2926934814424 ], [ 79.242065015204119, 9.292694118854655 ], [ 79.242056483005527, 9.292694758039941 ], [ 79.242047949010342, 9.29269539456566 ], [ 79.242039416811764, 9.292696033750959 ], [ 79.242030883714875, 9.29269667293627 ], [ 79.242022350618015, 9.292697311235045 ], [ 79.242013818419451, 9.292697948647287 ], [ 79.242005286220888, 9.292698586946051 ], [ 79.241996753123985, 9.292699226131337 ], [ 79.241988220027082, 9.2926998644301 ], [ 79.241979686930222, 9.292700501842328 ], [ 79.241971153833347, 9.29270114102764 ], [ 79.241962620736444, 9.292701779326377 ], [ 79.24195550967265, 9.292701216382346 ], [ 79.241948398608869, 9.292700653438315 ], [ 79.2419412884434, 9.29270009138078 ], [ 79.241934177379605, 9.292699526663679 ], [ 79.24192706631581, 9.292698963719634 ], [ 79.24191995525203, 9.292698400775565 ], [ 79.241912844188235, 9.292697838718043 ], [ 79.241905732226144, 9.292697275773998 ], [ 79.24189862206066, 9.292696711943419 ], [ 79.241891510996879, 9.292696148999337 ], [ 79.241884399933085, 9.292695586941814 ], [ 79.241877287970993, 9.292695023997771 ], [ 79.241870176907199, 9.292694461053726 ], [ 79.241863065843418, 9.292693898109656 ], [ 79.24185595567792, 9.2926933351656 ], [ 79.241848843715829, 9.29269277222153 ], [ 79.241841732652034, 9.292692209277487 ], [ 79.241834621588254, 9.292691646333404 ], [ 79.24182751142277, 9.292691083389347 ], [ 79.241820400359003, 9.292690519558768 ], [ 79.241813289295209, 9.292689956614671 ], [ 79.241806178231428, 9.292689394557136 ], [ 79.241799067167634, 9.292688830726545 ], [ 79.241791955205514, 9.292688267782488 ], [ 79.241784844141719, 9.292687704838444 ], [ 79.241777733976264, 9.292687142780885 ], [ 79.241770622912469, 9.292686579836802 ], [ 79.241763510950349, 9.292686016006197 ], [ 79.241756399886569, 9.292685453062139 ], [ 79.241749288822774, 9.292684891004592 ], [ 79.241742177758979, 9.292684328060497 ], [ 79.241735066695199, 9.292683764229906 ], [ 79.241724684865474, 9.29268207273809 ], [ 79.241714302137424, 9.292680380359768 ], [ 79.241703920307671, 9.292678687981393 ], [ 79.241693537579607, 9.292676995603056 ], [ 79.241683154851557, 9.292675304111215 ], [ 79.241672773021833, 9.292673611732829 ], [ 79.241662390293783, 9.292671919354454 ], [ 79.241652007565719, 9.292670227862589 ], [ 79.241641624837683, 9.29266853459764 ], [ 79.241631243007916, 9.292666843105749 ], [ 79.241620860279866, 9.292665150727363 ], [ 79.241610477551816, 9.29266345923546 ], [ 79.241600095722063, 9.292661765970498 ], [ 79.241589712993999, 9.292660073592046 ], [ 79.241579331164289, 9.292658382986666 ], [ 79.241568948436239, 9.29265668972168 ], [ 79.241558565708189, 9.292654998229738 ], [ 79.241548182980125, 9.292653305851248 ], [ 79.241537801150372, 9.292651614359295 ], [ 79.241527418422322, 9.292649921094283 ], [ 79.241517035694272, 9.292648228715768 ], [ 79.241506652966223, 9.292646537223789 ], [ 79.241496271136498, 9.292644844845299 ], [ 79.241485889306745, 9.292643151580249 ], [ 79.241475505680398, 9.29264146008823 ], [ 79.241465123850631, 9.292639768596226 ], [ 79.241454741122595, 9.29263807621766 ], [ 79.241444359292871, 9.292636383839133 ], [ 79.241433975666482, 9.292634692347089 ], [ 79.241423593836728, 9.292632999968498 ], [ 79.241413211108679, 9.292631306703397 ], [ 79.241402829278954, 9.292629615211329 ], [ 79.24139589518326, 9.292627780988536 ], [ 79.241388961985891, 9.292625945879207 ], [ 79.241382027890239, 9.292624111656401 ], [ 79.241375093794531, 9.292622277433557 ], [ 79.241368160597204, 9.292620443210726 ], [ 79.241361227399835, 9.292618608101359 ], [ 79.241354293304141, 9.292616773878501 ], [ 79.241347360106772, 9.292614939655644 ], [ 79.241340426011121, 9.29261310543275 ], [ 79.241333491915427, 9.292611271209905 ], [ 79.241326557819761, 9.292609436100463 ], [ 79.241319623724067, 9.292607601877554 ], [ 79.241312689628401, 9.292605766768137 ], [ 79.241305757329329, 9.29260393165867 ], [ 79.241298823233663, 9.292602098322272 ], [ 79.241291889137969, 9.292600263212815 ], [ 79.241284955940614, 9.292598428989869 ], [ 79.241278021844948, 9.292596593880388 ], [ 79.241271087749254, 9.292594759657417 ], [ 79.241264154551928, 9.292592925434432 ], [ 79.241257221354559, 9.292591091211436 ], [ 79.24125028725885, 9.292589256988439 ], [ 79.241243354061496, 9.292587421878908 ], [ 79.24123641996583, 9.292585587655898 ], [ 79.241229485870136, 9.292583753432863 ], [ 79.241222552672781, 9.292581919209814 ], [ 79.241215618577115, 9.292580084100258 ], [ 79.241208685379746, 9.292578249877197 ], [ 79.241201752182391, 9.292576414767627 ], [ 79.241194818086683, 9.292574579657993 ], [ 79.241187883991032, 9.292572746321456 ], [ 79.241180950793662, 9.292570911211834 ], [ 79.241174016697968, 9.292569076988736 ], [ 79.241167082602303, 9.292567242765612 ], [ 79.241160149404934, 9.292565407655953 ], [ 79.241153215309282, 9.292563574319351 ], [ 79.241146281213588, 9.292561739209692 ], [ 79.241139348016219, 9.292559904986541 ], [ 79.241132413920553, 9.292558069876858 ], [ 79.241125479824873, 9.292556235653695 ], [ 79.24111854662749, 9.292554402317004 ], [ 79.241111613430135, 9.292552567207307 ], [ 79.24110467933447, 9.292550732097597 ], [ 79.2410977461371, 9.292548896987835 ], [ 79.241090812041406, 9.29254706276461 ], [ 79.241083878844037, 9.292545227654875 ], [ 79.241076944748386, 9.292543394318171 ], [ 79.241070010652678, 9.29254156009492 ], [ 79.241063078353648, 9.292539724985108 ], [ 79.241056144257996, 9.292537890761881 ], [ 79.241049210162288, 9.292536055652045 ], [ 79.241042276964933, 9.292534222315304 ], [ 79.241035342869267, 9.292532388092001 ], [ 79.241028408773573, 9.292530552982177 ], [ 79.241021475576218, 9.292528718758861 ], [ 79.241014542378835, 9.292526883648986 ], [ 79.241007608283184, 9.292525049425684 ], [ 79.241000675085814, 9.292523214315796 ], [ 79.24099374099012, 9.292521380092429 ], [ 79.240986806894455, 9.292519545869064 ], [ 79.240979872798761, 9.292517710759176 ], [ 79.240972938703095, 9.292515877422332 ], [ 79.240966004607415, 9.292514042312394 ], [ 79.240959071410046, 9.292512208089015 ], [ 79.24095213821272, 9.292510373865611 ], [ 79.240945204117025, 9.292508538755634 ], [ 79.24093827002136, 9.292506705418752 ], [ 79.240931336823991, 9.292504870308788 ], [ 79.240924402728297, 9.292503035198799 ], [ 79.240917468632631, 9.29250120008882 ], [ 79.240910536333573, 9.292499365865353 ], [ 79.240903602237907, 9.292497531641873 ], [ 79.240896668142213, 9.29249569741838 ], [ 79.240889734944844, 9.292493863194874 ], [ 79.240882800849192, 9.292492028084846 ], [ 79.240875866753484, 9.292490193861328 ], [ 79.240868933556115, 9.292488359637796 ], [ 79.240862000358788, 9.29248652541429 ], [ 79.240855066263094, 9.292484691190733 ], [ 79.240848133065725, 9.29248285608063 ], [ 79.24084119897006, 9.29248102097055 ], [ 79.24083426487438, 9.292479186746981 ], [ 79.240827331677011, 9.292477351636876 ], [ 79.240820397581345, 9.292475518299792 ], [ 79.24081346438399, 9.292473683189661 ], [ 79.240806531186607, 9.292471848966054 ], [ 79.240799597090927, 9.292470013855912 ], [ 79.240792662995261, 9.292468179632278 ], [ 79.240785729797892, 9.292466346295168 ], [ 79.240778795702198, 9.292464511184974 ], [ 79.240771861606532, 9.292462676961316 ], [ 79.240764928409178, 9.292460841851122 ], [ 79.240757994313469, 9.292459006740929 ], [ 79.240751060217804, 9.292457173403742 ], [ 79.240744127020449, 9.292455338293536 ], [ 79.240737192924797, 9.292453504069814 ], [ 79.240730258829089, 9.292451668959583 ], [ 79.240723325631734, 9.292449834735848 ], [ 79.240716392434365, 9.292448001398622 ], [ 79.240709458338699, 9.292446166288352 ], [ 79.240702525141344, 9.292444332064592 ], [ 79.240695591045636, 9.29244249695431 ], [ 79.240688656949985, 9.292440661843989 ], [ 79.240681723752616, 9.292438827620229 ], [ 79.240674789656921, 9.29243699339643 ], [ 79.240667855561256, 9.292435159172619 ], [ 79.240660923262197, 9.292433324062285 ], [ 79.240653989166532, 9.292431489838462 ], [ 79.240647055070866, 9.292429654728078 ], [ 79.240640121873497, 9.292427821390776 ], [ 79.240633187777803, 9.292425987166915 ], [ 79.240626253682152, 9.292424152056542 ], [ 79.240619321383079, 9.292422316946119 ], [ 79.240612387287413, 9.292420481835723 ], [ 79.240605453191719, 9.292418647611823 ], [ 79.240598519994364, 9.292416814274457 ], [ 79.240591585898699, 9.292414979164009 ], [ 79.24058465180299, 9.292413144940122 ], [ 79.240577718605635, 9.292411309829637 ], [ 79.240570785408266, 9.292409475605686 ], [ 79.240563851312601, 9.292407642268282 ], [ 79.240556918115246, 9.29240580715781 ], [ 79.24054998401958, 9.292403972047298 ], [ 79.240543049923886, 9.292402136936799 ], [ 79.240536116726517, 9.292400302712808 ], [ 79.240529182630851, 9.292398469375343 ], [ 79.240522249433496, 9.292396634264792 ], [ 79.240515315337788, 9.292394800040778 ], [ 79.240505075441888, 9.29239338957658 ], [ 79.240494834647635, 9.292391979998916 ], [ 79.24048459475172, 9.292390571307763 ], [ 79.240474354855778, 9.292389160843552 ], [ 79.240464114061567, 9.292387751265837 ], [ 79.240453875063949, 9.292386341688148 ], [ 79.240443634269695, 9.292384932110435 ], [ 79.240433395272078, 9.292383521646197 ], [ 79.240423153579542, 9.292382112068497 ], [ 79.240412913683642, 9.292380703377304 ], [ 79.240402673787685, 9.292379292913056 ], [ 79.24039243389177, 9.292377884221851 ], [ 79.240382193097531, 9.292376473757589 ], [ 79.240371954099913, 9.292375064179824 ], [ 79.240361713305703, 9.292373654602084 ], [ 79.240351474308085, 9.292372245024319 ], [ 79.240341232615506, 9.292370834560032 ], [ 79.240330992719606, 9.292369424982279 ], [ 79.240320752823678, 9.292368016291038 ], [ 79.240310512927778, 9.292366605826736 ], [ 79.240300272133524, 9.292365196248934 ], [ 79.240290033135906, 9.292363785784621 ], [ 79.240279792341667, 9.292362377093353 ], [ 79.240269553344049, 9.292360966629014 ], [ 79.240259311651513, 9.292359557051224 ], [ 79.240249071755585, 9.292358146586897 ], [ 79.240238831859642, 9.292356737895592 ], [ 79.240228591963728, 9.292355329204298 ], [ 79.240218351169489, 9.292353918739947 ], [ 79.240208112171899, 9.292352509162093 ], [ 79.24019787137766, 9.292351098697729 ], [ 79.240187632380042, 9.292349690006411 ], [ 79.240181266917944, 9.292349585396249 ], [ 79.24017490325248, 9.292349480786037 ], [ 79.240168538688678, 9.292349377062424 ], [ 79.24016217412489, 9.292349273338759 ], [ 79.240155809561088, 9.292349168728562 ], [ 79.2401494449973, 9.292349065004897 ], [ 79.240143081331823, 9.29234896128127 ], [ 79.240136716768063, 9.292348856671072 ], [ 79.240130353102586, 9.292348752947408 ], [ 79.240123989437109, 9.292348648337247 ], [ 79.240117624873307, 9.292348544613583 ], [ 79.240111260309547, 9.292348440889931 ], [ 79.240104895745731, 9.292348336279771 ], [ 79.240098532080268, 9.292348233442642 ], [ 79.240092166618169, 9.292348128832442 ], [ 79.240085802952692, 9.292348024222282 ], [ 79.240079439287214, 9.292347919612109 ], [ 79.24007307382513, 9.292347816774953 ], [ 79.240066710159653, 9.292347712164792 ], [ 79.24006034559585, 9.292347608441128 ], [ 79.240053981032077, 9.292347503830955 ], [ 79.24004761826491, 9.292347400107303 ], [ 79.240041253701136, 9.292347296383651 ], [ 79.240034889137334, 9.292347191773478 ], [ 79.240028524573532, 9.292347088049814 ], [ 79.240022160009772, 9.292346984326162 ], [ 79.240015796344295, 9.292346879715989 ], [ 79.240009431780493, 9.29234677510579 ], [ 79.240003067216733, 9.292346672268675 ], [ 79.239996702652931, 9.2923465676585 ], [ 79.239990338987454, 9.2923464630483 ], [ 79.239983974423652, 9.292346359324638 ], [ 79.239977609859878, 9.292346255600986 ], [ 79.239971246194401, 9.292346150990811 ], [ 79.239964881630598, 9.292346047267161 ], [ 79.239958517965135, 9.292345942656986 ], [ 79.239952154299658, 9.292345838933324 ], [ 79.239945788837559, 9.292345735209659 ], [ 79.239939425172096, 9.292345630599497 ], [ 79.239933060608294, 9.292345526875835 ], [ 79.239926696044506, 9.292345423152183 ], [ 79.239920332379057, 9.292345319428518 ], [ 79.239913967815241, 9.29234521393181 ], [ 79.239907603251481, 9.292345111094694 ], [ 79.239901238687679, 9.292345007371029 ], [ 79.239894875022202, 9.292344901874321 ], [ 79.239888511356725, 9.292344798150694 ], [ 79.239882146792922, 9.29234469531354 ], [ 79.239875782229163, 9.292344589816832 ], [ 79.239869417665361, 9.292344486093167 ], [ 79.239863053999883, 9.292344382369542 ], [ 79.23985668943611, 9.292344277759343 ], [ 79.239850324872307, 9.292344174035678 ], [ 79.239843961206844, 9.292344070312053 ], [ 79.239837595744746, 9.292343965701853 ], [ 79.239831232079268, 9.292343861978189 ], [ 79.239824868413805, 9.292343758254564 ], [ 79.239818502951692, 9.292343653644364 ], [ 79.239812139286229, 9.2923435499207 ], [ 79.239805775620766, 9.292343446197036 ], [ 79.239799411056964, 9.292343341586875 ], [ 79.239793047391487, 9.292343236976702 ], [ 79.239786682827713, 9.292343134139561 ], [ 79.239780318263911, 9.292343030415934 ], [ 79.239773953700109, 9.292342924919213 ], [ 79.239767590034631, 9.292342821195561 ], [ 79.239761224572547, 9.292342718358432 ], [ 79.23975486090707, 9.292342612861724 ], [ 79.239748497241592, 9.292342509138059 ], [ 79.239742131779494, 9.292342405414395 ], [ 79.239735768114016, 9.292342300804235 ], [ 79.239729404448553, 9.29234219708057 ], [ 79.239723039884765, 9.292342093356906 ], [ 79.239716676219288, 9.292341987860198 ], [ 79.239710310757175, 9.292341885023081 ], [ 79.239703947091712, 9.292341781299417 ], [ 79.239697583426235, 9.292341675802708 ], [ 79.239691217964136, 9.292341572079044 ], [ 79.239684854298673, 9.292341469241927 ], [ 79.239678489734899, 9.292341363745219 ], [ 79.239672125171097, 9.292341260021555 ], [ 79.239665760607295, 9.292341156297891 ], [ 79.239659396941818, 9.29234105168773 ], [ 79.239653032378058, 9.292340947964066 ], [ 79.239646668712581, 9.292340844240401 ], [ 79.239640305047104, 9.292340738743693 ], [ 79.239633939585019, 9.292340635906577 ], [ 79.239627575919542, 9.292340532182912 ], [ 79.239621212254065, 9.292340426686192 ], [ 79.239614846791937, 9.29234032296254 ], [ 79.239608483126474, 9.292340220125411 ], [ 79.239602118562686, 9.292340114628702 ], [ 79.239595753998884, 9.292340010905038 ], [ 79.239589390333421, 9.292339907181388 ], [ 79.239583025769647, 9.292339804344259 ], [ 79.239576661205845, 9.292339698847549 ], [ 79.239570296642057, 9.292339595123885 ], [ 79.23956393297658, 9.292339491400259 ], [ 79.239557569311103, 9.29233938679006 ], [ 79.239551204747343, 9.292339283066395 ], [ 79.239544840183541, 9.29233917934277 ], [ 79.239538475619767, 9.292339073846062 ], [ 79.23953211195429, 9.292338971008908 ], [ 79.239525747390488, 9.292338867285244 ], [ 79.239519382826686, 9.29233876178856 ], [ 79.239513019161208, 9.292338658064896 ], [ 79.239506653699124, 9.292338555227742 ], [ 79.239500290033646, 9.292338449731032 ], [ 79.239493926368183, 9.292338346007407 ], [ 79.23948756090607, 9.292338242283742 ], [ 79.239481198138932, 9.292338137673543 ], [ 79.23947483357513, 9.292338033949905 ], [ 79.239468469011328, 9.292337930226241 ], [ 79.239462105345851, 9.292337824729533 ], [ 79.239455740782091, 9.292337721892416 ], [ 79.239449376218289, 9.292337618168752 ], [ 79.239443011654529, 9.292337513558552 ], [ 79.239436647989052, 9.292337408948379 ], [ 79.23943028342525, 9.292337305224715 ], [ 79.239423918861476, 9.292337202387586 ], [ 79.239417555195999, 9.292337096890877 ], [ 79.239411189733872, 9.292336993167226 ], [ 79.239404826966719, 9.292336888557053 ], [ 79.239398462402917, 9.292336784833388 ], [ 79.239392097839158, 9.292336681109724 ], [ 79.239385734173695, 9.29233657738606 ], [ 79.239379368711582, 9.292336471889351 ], [ 79.239373005046119, 9.292336369052222 ], [ 79.236701648054776, 9.292522500661956 ], [ 79.236691337191957, 9.292522786123508 ], [ 79.236681027227434, 9.29252307158502 ], [ 79.236670716364614, 9.292523357933106 ], [ 79.236660406400105, 9.292523643394619 ], [ 79.236650094638946, 9.292523927969622 ], [ 79.236639784674423, 9.292524214317709 ], [ 79.236629473811604, 9.292524499779221 ], [ 79.236619162948756, 9.292524785240772 ], [ 79.236608852984276, 9.292525070702322 ], [ 79.236598542121428, 9.292525356163823 ], [ 79.236588231258608, 9.292525640738837 ], [ 79.23657792039576, 9.292525927086912 ], [ 79.236567610431266, 9.292526213434972 ], [ 79.236557298670121, 9.292526498009975 ], [ 79.236546987807259, 9.292526782584979 ], [ 79.236536677842736, 9.292527068933026 ], [ 79.23652636697993, 9.292527355281113 ], [ 79.236516056117111, 9.292527639856115 ], [ 79.236505745254249, 9.292527926204162 ], [ 79.23649543528974, 9.292528210779166 ], [ 79.236485124426906, 9.292528496240704 ], [ 79.236474812665776, 9.292528781702256 ], [ 79.236464501802956, 9.292529068050303 ], [ 79.236454191838433, 9.292529352625305 ], [ 79.236443880975585, 9.292529638973354 ], [ 79.236433570112752, 9.292529924434891 ], [ 79.236423260148243, 9.292530209896405 ], [ 79.236412949285423, 9.292530495357942 ], [ 79.236402638422561, 9.292530780819481 ], [ 79.236392326661431, 9.292531067167529 ], [ 79.236382016696908, 9.292531350856022 ], [ 79.236371705834088, 9.292531637204069 ], [ 79.236361395869565, 9.292531922665608 ], [ 79.236351085006746, 9.29253220812712 ], [ 79.236340775042223, 9.292532493588659 ], [ 79.236330464179403, 9.292532779936707 ], [ 79.236320153316555, 9.292533065398231 ], [ 79.236309843352032, 9.292533349973247 ], [ 79.236299531590888, 9.292533636321282 ], [ 79.236289220728068, 9.292533921782821 ], [ 79.236278909865263, 9.29253420724436 ], [ 79.236268599900725, 9.29253449181935 ], [ 79.236258289037877, 9.292534778167409 ], [ 79.236247978175058, 9.292535062742401 ], [ 79.236237668210549, 9.292535349090436 ], [ 79.236227357347715, 9.292535635438522 ], [ 79.236217045586571, 9.292535920013512 ], [ 79.236206734723723, 9.292536204588515 ], [ 79.236196424759243, 9.29253649093655 ], [ 79.23618611389638, 9.292536776398089 ], [ 79.236175803033561, 9.292537061859589 ], [ 79.236165492170713, 9.292537348207674 ], [ 79.236155182206204, 9.292537632782665 ], [ 79.23614487134337, 9.292537918244165 ], [ 79.236134559582226, 9.292538203705703 ], [ 79.236124249617703, 9.292538489167228 ], [ 79.236113938754897, 9.292538774628767 ], [ 79.236103627892049, 9.292539060976814 ], [ 79.236093317029216, 9.292539346438314 ], [ 79.236083007064707, 9.292539631013343 ], [ 79.236072696201873, 9.292539917361378 ], [ 79.236062385339025, 9.292540201936369 ], [ 79.236052075374545, 9.292540488284404 ], [ 79.2360417636134, 9.292540773745941 ], [ 79.236035009180753, 9.292540139879522 ], [ 79.236028252951513, 9.292539506013103 ], [ 79.23602149762057, 9.292538872146672 ], [ 79.236014743187965, 9.292538238280228 ], [ 79.2360079860604, 9.292537604413797 ], [ 79.236001230729457, 9.292536969660867 ], [ 79.235994476296824, 9.292536335794436 ], [ 79.23598772096588, 9.292535702814515 ], [ 79.235980963838301, 9.292535068948096 ], [ 79.235974209405697, 9.292534435968161 ], [ 79.235967454074768, 9.292533802101742 ], [ 79.235960697845528, 9.292533168235311 ], [ 79.235953941616245, 9.292532534368879 ], [ 79.23594718718364, 9.292531899615886 ], [ 79.235940430954372, 9.292531265749455 ], [ 79.235933675623428, 9.292530631883023 ], [ 79.235926920292528, 9.292529998903127 ], [ 79.235920164961584, 9.292529365036682 ], [ 79.235913408732316, 9.292528731170213 ], [ 79.235906654299711, 9.292528097303769 ], [ 79.235899898070443, 9.292527463437324 ], [ 79.235893141841203, 9.29252682957088 ], [ 79.23588638740857, 9.292526195704436 ], [ 79.235879632077655, 9.292525561837991 ], [ 79.235872875848386, 9.292524928858057 ], [ 79.23586611961916, 9.292524294991599 ], [ 79.235859365186514, 9.292523661125156 ], [ 79.235852609855556, 9.292523027258712 ], [ 79.235845853626344, 9.292522393392254 ], [ 79.235839098295386, 9.29252175863925 ], [ 79.235832342964457, 9.292521124772804 ], [ 79.235825587633514, 9.292520490906348 ], [ 79.23581883230257, 9.29251985703989 ], [ 79.23581207607333, 9.292519224059944 ], [ 79.235805320742401, 9.292518590193486 ], [ 79.235798565411457, 9.292517957213565 ], [ 79.235791810080514, 9.292517323347107 ], [ 79.235785053851288, 9.292516688594104 ], [ 79.235778297622005, 9.292516054727633 ], [ 79.235771543189401, 9.292515420861175 ], [ 79.235764787858471, 9.292514786994706 ], [ 79.235758031629189, 9.292514154014746 ], [ 79.235751276298288, 9.292513520148288 ], [ 79.235744520967344, 9.292512886281807 ], [ 79.235737765636415, 9.292512252415349 ], [ 79.235731009407132, 9.292511617662331 ], [ 79.235724254076203, 9.292510983795863 ], [ 79.235717498745259, 9.29251034992938 ], [ 79.235710744312641, 9.292509716949407 ], [ 79.235703987185076, 9.292509083082937 ], [ 79.235697231854147, 9.292508450103004 ], [ 79.235690477421542, 9.292507816236521 ], [ 79.23568372119226, 9.29250718237005 ], [ 79.235676964963034, 9.29250654761702 ], [ 79.23567020963209, 9.292505913750539 ], [ 79.235663455199486, 9.292505279884068 ], [ 79.235656698970217, 9.292504646017573 ], [ 79.235649943639274, 9.2925040130376 ], [ 79.23564318830833, 9.292503379171118 ], [ 79.23563643207909, 9.292502745304622 ], [ 79.235629676748161, 9.292502111438139 ], [ 79.235622922315557, 9.292501476685096 ], [ 79.235616165187977, 9.292500842818614 ], [ 79.235609409857034, 9.29250020895212 ], [ 79.235598244696348, 9.292498305579551 ], [ 79.235587081332312, 9.292496401320472 ], [ 79.235575916171669, 9.292494497947917 ], [ 79.235564751909294, 9.292492592802304 ], [ 79.235553586748637, 9.292490689429696 ], [ 79.235542421587979, 9.292488786057103 ], [ 79.235531257325619, 9.292486880911426 ], [ 79.235520093063258, 9.29248497842533 ], [ 79.235508927902615, 9.292483073279666 ], [ 79.235497763640254, 9.292481169907033 ], [ 79.235486599377921, 9.292479264761319 ], [ 79.235475434217221, 9.292477361388674 ], [ 79.235464269954903, 9.292475457129468 ], [ 79.235453104794203, 9.292473552870263 ], [ 79.23544193963356, 9.292471648611045 ], [ 79.235430775371199, 9.292469745238323 ], [ 79.235419611108853, 9.29246784097908 ], [ 79.235408446846506, 9.292465936719823 ], [ 79.235397281685849, 9.292464033347116 ], [ 79.235386117423488, 9.292462129087834 ], [ 79.235374952262831, 9.292460224828552 ], [ 79.235363787102145, 9.292458320569258 ], [ 79.235352621941473, 9.292456417196512 ], [ 79.235341458577437, 9.292454512937191 ], [ 79.235330294315077, 9.292452608677872 ], [ 79.235319129154433, 9.292450705305074 ], [ 79.235307963993776, 9.292448800159194 ], [ 79.235296798833076, 9.292446896786384 ], [ 79.235285634570758, 9.292444993413522 ], [ 79.235274470308397, 9.292443088267643 ], [ 79.235263306046036, 9.292441184894756 ], [ 79.235252140885379, 9.29243927974885 ], [ 79.235240975724707, 9.292437377262498 ], [ 79.235229810564064, 9.292435472116541 ], [ 79.2352186472, 9.292433567857145 ], [ 79.235207482039343, 9.292431665370756 ], [ 79.235196317776982, 9.292429760224774 ], [ 79.235185152616324, 9.292427855965315 ], [ 79.235173988353964, 9.292425951705841 ], [ 79.235162824091645, 9.292424048332904 ], [ 79.235151658930945, 9.292422144073418 ], [ 79.235140493770288, 9.292420239813907 ], [ 79.235129330406252, 9.292418336440958 ], [ 79.235118165245595, 9.292416432181435 ], [ 79.235107000084909, 9.292414527921899 ], [ 79.235095835822577, 9.292412623662363 ], [ 79.235084670661891, 9.292410720289311 ], [ 79.235073506399559, 9.29240881514324 ], [ 79.235062341238915, 9.292406911770174 ], [ 79.235051176976555, 9.292405008397136 ], [ 79.235040012714194, 9.292403103251038 ], [ 79.235028847553522, 9.292401199877949 ], [ 79.235017683291161, 9.292399294731826 ], [ 79.235006518130504, 9.292397391358712 ], [ 79.234995352969847, 9.292395487985621 ], [ 79.2349841887075, 9.292393582839436 ], [ 79.234973025343464, 9.292391680352829 ], [ 79.234961860182779, 9.292389775206656 ], [ 79.234950695022107, 9.29238787094698 ], [ 79.234939529861464, 9.292385966687291 ], [ 79.234928364700792, 9.292384063314138 ], [ 79.234917201336728, 9.292382159054423 ], [ 79.23490603707441, 9.292380254794709 ], [ 79.234894871913724, 9.292378351421492 ], [ 79.233333835308542, 9.292188914761171 ], [ 79.233323166916222, 9.292187152344807 ], [ 79.233312501218848, 9.292185389928392 ], [ 79.233301833724852, 9.292183625738932 ], [ 79.233291167129181, 9.292181863322542 ], [ 79.233280499635185, 9.292180100906101 ], [ 79.233269833937811, 9.292178336716603 ], [ 79.233259166443816, 9.292176575186698 ], [ 79.233248499848116, 9.29217481188372 ], [ 79.233237833252446, 9.292173047694197 ], [ 79.233227165758436, 9.292171286164267 ], [ 79.233216499162737, 9.292169522861265 ], [ 79.23320583256708, 9.292167759558252 ], [ 79.23319516507307, 9.292165997141748 ], [ 79.233184499375696, 9.292164233838733 ], [ 79.2331738318817, 9.292162471422204 ], [ 79.23316316528603, 9.292160708119164 ], [ 79.233152497792034, 9.292158944816112 ], [ 79.23314183209466, 9.292157182399556 ], [ 79.233131163702325, 9.292155419096492 ], [ 79.233120498004965, 9.292153655793413 ], [ 79.233109831409294, 9.292151893376833 ], [ 79.233099163915298, 9.292150130073743 ], [ 79.233088497319599, 9.292148366770627 ], [ 79.233077830723929, 9.292146604354034 ], [ 79.233067163229933, 9.292144841050904 ], [ 79.233056496634234, 9.292143077747776 ], [ 79.233045830038549, 9.292141315331145 ], [ 79.233035163442892, 9.292139552914501 ], [ 79.233024495948882, 9.292137788724837 ], [ 79.233013830251522, 9.292136026308192 ], [ 79.233003161859187, 9.29213426389151 ], [ 79.232992496161813, 9.292132499701822 ], [ 79.232981827769521, 9.292130737285138 ], [ 79.232971162072147, 9.292128974868444 ], [ 79.232960494578151, 9.292127210678728 ], [ 79.232949827982452, 9.292125448262022 ], [ 79.232939161386781, 9.292123685845301 ], [ 79.232928494791068, 9.292121923428605 ], [ 79.232917827297086, 9.292120159238815 ], [ 79.232907160701401, 9.292118396822069 ], [ 79.232896494105702, 9.292116634405348 ], [ 79.232885826611707, 9.292114870215531 ], [ 79.23287516001605, 9.29211310691225 ], [ 79.232864494318676, 9.292111345381976 ], [ 79.232853825926384, 9.292109581192159 ], [ 79.23284316022901, 9.292107817888853 ], [ 79.232832492735, 9.292106056358552 ], [ 79.2328218261393, 9.292104293055234 ], [ 79.232811158645305, 9.29210252886539 ], [ 79.232800492947931, 9.292100767335066 ], [ 79.232789824555638, 9.292099004031709 ], [ 79.232779158858264, 9.292097239841803 ], [ 79.232768492262565, 9.29209547831149 ], [ 79.232757824768569, 9.292093715008107 ], [ 79.232747158172899, 9.292091950818177 ], [ 79.232736491577185, 9.292090189287839 ], [ 79.232725824083204, 9.292088425984417 ], [ 79.232715158385858, 9.292086662681008 ], [ 79.232704490891862, 9.292084899377588 ], [ 79.232693824296163, 9.292083136960663 ], [ 79.232683156802153, 9.292081373657217 ], [ 79.232672491104793, 9.29207961035377 ], [ 79.232661823610783, 9.29207784793682 ], [ 79.232651157015127, 9.292076084633349 ], [ 79.232643619251576, 9.292075521688286 ], [ 79.2326360805897, 9.292074957856702 ], [ 79.232628542826149, 9.292074395798162 ], [ 79.232621005960908, 9.292073832853125 ], [ 79.232613469095696, 9.292073269021541 ], [ 79.232605931332145, 9.292072706963015 ], [ 79.232598392670269, 9.292072144017965 ], [ 79.232590854906732, 9.292071581072891 ], [ 79.232583318041478, 9.292071017241307 ], [ 79.232575780277926, 9.292070455182767 ], [ 79.232568241616065, 9.292069892237718 ], [ 79.232560703852513, 9.292069328406132 ], [ 79.232553166987302, 9.292068766347594 ], [ 79.232545629223722, 9.292068203402506 ], [ 79.232538092358496, 9.292067638684399 ], [ 79.232530553696634, 9.292067076625859 ], [ 79.232523015933083, 9.29206651368081 ], [ 79.232515478169546, 9.292065949849214 ], [ 79.232507940405995, 9.292065386904126 ], [ 79.232500402642458, 9.292064824845573 ], [ 79.232492865777218, 9.292064261013977 ], [ 79.232485328013652, 9.292063698068928 ], [ 79.232477790250115, 9.292063136010375 ], [ 79.232470251588239, 9.292062573065287 ], [ 79.232462714723027, 9.292062009233677 ], [ 79.232455176959448, 9.292061446288628 ], [ 79.232447639195911, 9.292060884230075 ], [ 79.23244010143236, 9.292060320398466 ], [ 79.232432563668823, 9.292059756566855 ], [ 79.232425025905272, 9.292059195394851 ], [ 79.232417489040017, 9.292058630676694 ], [ 79.23240995127648, 9.292058067731631 ], [ 79.231923689619947, 9.292056949820221 ], [ 79.230653278670403, 9.292054027824916 ], [ 79.23064492433825, 9.292053676759947 ], [ 79.230636569107787, 9.292053325694978 ], [ 79.230628213877353, 9.292052974630009 ], [ 79.230619858646875, 9.29205262356504 ], [ 79.230611503416412, 9.292052273386616 ], [ 79.230603148185978, 9.292051923208158 ], [ 79.230594792057204, 9.292051572143189 ], [ 79.230586436826741, 9.292051220191684 ], [ 79.230578081596263, 9.292050869126713 ], [ 79.230569726365829, 9.292050518061744 ], [ 79.230561371135366, 9.292050167883323 ], [ 79.230553015006592, 9.292049816818341 ], [ 79.230544659776129, 9.292049465753372 ], [ 79.230536303647355, 9.292049114688401 ], [ 79.230527949315217, 9.292048763623432 ], [ 79.230519594084782, 9.292048412558438 ], [ 79.23051123795598, 9.292048062380003 ], [ 79.230502882725546, 9.292047711315034 ], [ 79.230494526596786, 9.292047361136563 ], [ 79.230486172264605, 9.292047010071592 ], [ 79.230477816135831, 9.2920466581201 ], [ 79.230469460905397, 9.292046307055131 ], [ 79.230461106573259, 9.292045955990149 ], [ 79.230452751342796, 9.292045605811689 ], [ 79.230444396112318, 9.29204525474672 ], [ 79.230436039983559, 9.292044903681751 ], [ 79.23042768475311, 9.292044552616769 ], [ 79.230419328624308, 9.292044202438296 ], [ 79.230410974292184, 9.292043851373327 ], [ 79.230402619061735, 9.292043500308344 ], [ 79.230394262932933, 9.292043149243375 ], [ 79.230385907702498, 9.292042798178393 ], [ 79.230377551573739, 9.292042447999959 ], [ 79.230369197241586, 9.292042096048428 ], [ 79.230360841112798, 9.292041744983459 ], [ 79.230352485882364, 9.292041393918478 ], [ 79.230344130651886, 9.292041043740017 ], [ 79.230335775421452, 9.292040692675036 ], [ 79.230327420190974, 9.292040341610052 ], [ 79.230319064062201, 9.292039991431619 ], [ 79.230310708831752, 9.292039638593579 ], [ 79.230302353601303, 9.292039289301654 ], [ 79.230293998370826, 9.292038938236672 ], [ 79.230285644038702, 9.292038587171691 ], [ 79.230277287909928, 9.292038236106707 ], [ 79.230268932679451, 9.292037885928236 ], [ 79.230260577448988, 9.292037534863253 ], [ 79.230252222218553, 9.292037182911724 ], [ 79.230243866089779, 9.292036831846742 ], [ 79.230235510859316, 9.292036480781759 ], [ 79.230227155628839, 9.292036130603313 ], [ 79.230218800398404, 9.292035780424852 ], [ 79.230210445167941, 9.292035429359858 ], [ 79.230202089039167, 9.292035078294862 ], [ 79.230193733808704, 9.292034726343346 ], [ 79.23018537857827, 9.292034376164898 ], [ 79.230177023347792, 9.292034025099916 ], [ 79.230168668117329, 9.292033674034922 ], [ 79.230160311988556, 9.292033322969939 ], [ 79.230151956758121, 9.292032971904957 ], [ 79.230143600629319, 9.292032621726484 ], [ 79.230135246297166, 9.29203226977498 ], [ 79.230126891066746, 9.292031918709986 ], [ 79.230118535836269, 9.292031567644965 ], [ 79.230110180605791, 9.292031218353065 ], [ 79.230101825375357, 9.292030867288046 ], [ 79.230093470144894, 9.292030516223051 ], [ 79.230085114016134, 9.292030165158057 ], [ 79.230076758785657, 9.292029813206565 ], [ 79.230068403555222, 9.292029463028079 ], [ 79.230060048324745, 9.292029111963096 ], [ 79.230051693094325, 9.292028760898102 ], [ 79.230043336965522, 9.292028409833106 ], [ 79.230034981735074, 9.292028058768112 ], [ 79.230026625606314, 9.292027707703117 ], [ 79.230018271274162, 9.292027356638123 ], [ 79.230009916043699, 9.292027005573141 ], [ 79.230001559914939, 9.292026655394656 ], [ 79.229993204684462, 9.29202630432966 ], [ 79.229984848555702, 9.2920259541512 ], [ 79.22997649422355, 9.292025603086218 ], [ 79.229968138993087, 9.292025252021224 ], [ 79.229959782864327, 9.292024900069681 ], [ 79.22995142763385, 9.292024549004687 ], [ 79.229943073301712, 9.292024198826189 ], [ 79.229934718071277, 9.292023847761193 ], [ 79.229926361942518, 9.292023496696212 ], [ 79.22991800671204, 9.292023145631203 ], [ 79.229909652379902, 9.292022794566209 ], [ 79.229901296251128, 9.292022444387761 ], [ 79.229892941020665, 9.292022093322753 ], [ 79.229884584891892, 9.292021742257759 ], [ 79.229876229661414, 9.292021391192764 ], [ 79.22986787443098, 9.292021040127731 ], [ 79.229859519200517, 9.292020689062724 ], [ 79.229851163970039, 9.292020338884276 ], [ 79.22984280784128, 9.29201998781927 ], [ 79.229834452610845, 9.292019635867726 ], [ 79.229826097380368, 9.292019284802718 ], [ 79.229817742149905, 9.292018933737724 ], [ 79.229809386021131, 9.292018583559264 ], [ 79.229801030790696, 9.292018233380766 ], [ 79.229792675560233, 9.292017882315772 ], [ 79.229784320329756, 9.292017531250764 ], [ 79.229775965099307, 9.29201718018577 ], [ 79.229767609868858, 9.292016829120762 ], [ 79.229759254638381, 9.292016478055753 ], [ 79.229750899407932, 9.29201612699076 ], [ 79.229742544177483, 9.292015775925751 ], [ 79.229734188947035, 9.292015424860743 ], [ 79.229725832818232, 9.292015073795737 ], [ 79.229717477587798, 9.292014723617239 ], [ 79.22970912235732, 9.292014373438779 ], [ 79.229700767126857, 9.292014020600687 ], [ 79.229692411896423, 9.292013670422229 ], [ 79.229684055767663, 9.292013319357208 ], [ 79.229675701435511, 9.292012968292212 ], [ 79.229667345306709, 9.292012618113715 ], [ 79.229658990076288, 9.292012267048708 ], [ 79.2296506339475, 9.2920119159837 ], [ 79.229642278717037, 9.292011564918679 ], [ 79.229633924384899, 9.292011212967163 ], [ 79.229625568256125, 9.292010862788677 ], [ 79.229617213025662, 9.292010511723657 ], [ 79.229608856896903, 9.29201016065865 ], [ 79.229600501666425, 9.29200980959363 ], [ 79.229592147334287, 9.292009459415132 ], [ 79.229583792103853, 9.292009108350124 ], [ 79.227567672568966, 9.291851415407157 ], [ 79.223840388181998, 9.291662499740623 ], [ 79.223830610918426, 9.291661619417665 ], [ 79.223820832756587, 9.291660738208122 ], [ 79.223811056391341, 9.291659857885152 ], [ 79.223801278229459, 9.291658976675608 ], [ 79.223791500067591, 9.291658097239148 ], [ 79.223781721905723, 9.291657216029629 ], [ 79.223771943743841, 9.291656335706621 ], [ 79.223762167378638, 9.291655455383612 ], [ 79.223752389216756, 9.291654574174082 ], [ 79.223742611953199, 9.291653694737583 ], [ 79.223732833791345, 9.291652814414588 ], [ 79.223723057426113, 9.291651934091579 ], [ 79.223713278365906, 9.291651052882035 ], [ 79.223703501102364, 9.291650172559015 ], [ 79.223693722940496, 9.291649292235981 ], [ 79.223683945676953, 9.291648411026436 ], [ 79.22367416841341, 9.291647530703417 ], [ 79.223664390251528, 9.291646650380383 ], [ 79.223654612987957, 9.291645770057348 ], [ 79.223644833927793, 9.291644888847792 ], [ 79.22363505666425, 9.291644007638237 ], [ 79.223625279400679, 9.291643128201711 ], [ 79.223615502137136, 9.291642246992156 ], [ 79.223605723975254, 9.291641368442166 ], [ 79.223595946711711, 9.291640487232611 ], [ 79.223586169448168, 9.29163960690955 ], [ 79.223576391286301, 9.291638725699983 ], [ 79.223566613124433, 9.291637845376922 ], [ 79.22355683586089, 9.291636965053875 ], [ 79.223547057699008, 9.291636083844308 ], [ 79.223537280435437, 9.291635204407783 ], [ 79.223527503171894, 9.291634323198201 ], [ 79.223517725010012, 9.291633441988594 ], [ 79.223507946848144, 9.291632561665523 ], [ 79.223498168686305, 9.291631681342489 ], [ 79.223488392321073, 9.291630801019416 ], [ 79.223478614159205, 9.291629920696344 ], [ 79.223468836895663, 9.291629040373259 ], [ 79.223459058733781, 9.291628160050212 ], [ 79.223449282368534, 9.291627278840593 ], [ 79.22343950330837, 9.291626399404043 ], [ 79.223429726044785, 9.291625518194449 ], [ 79.223419947882917, 9.291624636984817 ], [ 79.223410170619374, 9.291623756661757 ], [ 79.223400393355831, 9.291622876338661 ], [ 79.223390615193964, 9.291621996015575 ], [ 79.223380837930407, 9.291621114805956 ], [ 79.223371058870214, 9.291620235369367 ], [ 79.223361281606671, 9.291619354159748 ], [ 79.223351504343128, 9.29161847383665 ], [ 79.223341727079557, 9.291617594400087 ], [ 79.223331948917718, 9.291616713190468 ], [ 79.223322171654146, 9.29161583198081 ], [ 79.223312394390604, 9.291614951657738 ], [ 79.223302616228722, 9.291614071334616 ], [ 79.223292838066854, 9.291613191011493 ], [ 79.223283060803311, 9.291612309801872 ], [ 79.223273282641443, 9.291611428592201 ], [ 79.223263506276197, 9.291610549155626 ], [ 79.223253728114329, 9.291609667945981 ], [ 79.223243949952476, 9.291608789395903 ], [ 79.223234171790608, 9.29160790818627 ], [ 79.22322439362874, 9.291607026976624 ], [ 79.223214617263494, 9.291606146653477 ], [ 79.223204839101626, 9.291605266330354 ], [ 79.223195061838084, 9.291604386007206 ], [ 79.223185283676216, 9.29160350479756 ], [ 79.22317550731097, 9.291602623587902 ], [ 79.223165728250791, 9.291601744151263 ], [ 79.223155950987248, 9.291600862941605 ], [ 79.223146172825381, 9.291599981731947 ], [ 79.223136395561809, 9.291599103181845 ], [ 79.223126618298267, 9.291598221972173 ], [ 79.223116841034724, 9.291597341649025 ], [ 79.223107062872856, 9.291596461325865 ], [ 79.223097284710974, 9.29159558011618 ], [ 79.223087507447431, 9.29159469979302 ], [ 79.223077729285563, 9.291593818583349 ], [ 79.223067952022021, 9.291592938260175 ], [ 79.223058173860153, 9.291592057937001 ], [ 79.223048396596567, 9.291591176727318 ], [ 79.223038619333025, 9.291590297290693 ], [ 79.223028841171157, 9.291589416967506 ], [ 79.223019063009275, 9.291588535757784 ], [ 79.223009285745732, 9.291587656321145 ], [ 79.222999507583864, 9.291586775111449 ], [ 79.222989731218618, 9.291585893901765 ], [ 79.222979953056793, 9.291585013578565 ], [ 79.222970175793208, 9.29158413325538 ], [ 79.222960396733043, 9.291583252932181 ], [ 79.222950620367797, 9.291582371722471 ], [ 79.222940842205915, 9.291581491399285 ], [ 79.222931064942372, 9.291580611962621 ], [ 79.222921286780505, 9.291579730752913 ], [ 79.222911508618637, 9.291578850429714 ], [ 79.222901732253391, 9.291577970106488 ], [ 79.222891953193226, 9.29157708889678 ], [ 79.222882175929669, 9.291576207687019 ], [ 79.222872397767802, 9.291575328250355 ], [ 79.22286262140257, 9.29157444704062 ], [ 79.222852843240688, 9.291573566717409 ], [ 79.222843065977145, 9.291572687280732 ], [ 79.222833286916966, 9.29157180607096 ], [ 79.222823509653409, 9.291570925747774 ], [ 79.222813732389866, 9.291570045424548 ], [ 79.222803955126324, 9.291569164214815 ], [ 79.222794176964442, 9.291568283891589 ], [ 79.22278439970087, 9.291567402681805 ], [ 79.222774622437328, 9.291566522358593 ], [ 79.22276484427546, 9.291565642035367 ], [ 79.222755066113592, 9.291564761712118 ], [ 79.222745288850049, 9.29156388138888 ], [ 79.222735510688167, 9.291563001065668 ], [ 79.222725733424625, 9.291562119855882 ], [ 79.222715956161082, 9.291561240419181 ], [ 79.222706177999214, 9.291560359209422 ], [ 79.222696399837346, 9.291559477999611 ], [ 79.222686621675479, 9.291558597676397 ], [ 79.222676845310218, 9.291557717353136 ], [ 79.22266706714835, 9.291556837029885 ], [ 79.222657289884808, 9.29155595670661 ], [ 79.222647511722926, 9.291555076383347 ], [ 79.222637735357736, 9.291554195173575 ], [ 79.222627956297515, 9.291553314850299 ], [ 79.222618179033987, 9.291552433640527 ], [ 79.222608400872119, 9.291551553317252 ], [ 79.222598623608576, 9.291550672993976 ], [ 79.222588846344991, 9.29154979178419 ], [ 79.222578392650036, 9.291548524047752 ], [ 79.222567938955081, 9.291547253651734 ], [ 79.222557486158422, 9.291545985915283 ], [ 79.222547033361792, 9.291544717292311 ], [ 79.222536579666837, 9.291543447782802 ], [ 79.222526125971882, 9.291542179159803 ], [ 79.222515673175209, 9.291540911423352 ], [ 79.222505220378565, 9.291539641027295 ], [ 79.222494765785299, 9.29153837329082 ], [ 79.222484312988655, 9.291537103781273 ], [ 79.222473860191997, 9.291535835158287 ], [ 79.222463405598731, 9.291534565648716 ], [ 79.222452952802087, 9.291533297025717 ], [ 79.222442500005457, 9.291532028402694 ], [ 79.222432046310459, 9.291530759779656 ], [ 79.222421592615504, 9.291529490270097 ], [ 79.222411139818874, 9.291528221647061 ], [ 79.222400686123919, 9.291526953023999 ], [ 79.22239023332726, 9.29152568262789 ], [ 79.222379779632305, 9.291524414891377 ], [ 79.22236932593735, 9.291523146268339 ], [ 79.222358873140692, 9.291521876758729 ], [ 79.222348420344034, 9.291520608135668 ], [ 79.222337966649079, 9.291519338626083 ], [ 79.222327512954124, 9.291518070002995 ], [ 79.222317060157494, 9.291516802266443 ], [ 79.222306607360835, 9.291515531870298 ], [ 79.222296152767555, 9.291514264133745 ], [ 79.222285699970925, 9.291512994624135 ], [ 79.222275247174252, 9.291511726001035 ], [ 79.222264792580972, 9.291510457377921 ], [ 79.222254339784342, 9.291509187868298 ], [ 79.222243886987698, 9.291507919245173 ], [ 79.222233433292729, 9.291506650622084 ], [ 79.222222979597774, 9.291505381112412 ], [ 79.222212526801115, 9.29150411337582 ], [ 79.22220207310616, 9.291502843866173 ], [ 79.222191620309502, 9.291501575243034 ], [ 79.222181166614547, 9.291500305733372 ], [ 79.222170713817917, 9.291499037110222 ], [ 79.222160260122962, 9.291497767600561 ], [ 79.222149807326304, 9.291496499863905 ], [ 79.222139353631349, 9.291495230354233 ], [ 79.222128899936394, 9.291493961731057 ], [ 79.222118447139735, 9.291492693107918 ], [ 79.222107994343105, 9.291491423598194 ], [ 79.222097539749811, 9.291490154975042 ], [ 79.222087086953167, 9.291488886351852 ], [ 79.222076634156537, 9.291487616842153 ], [ 79.222066179563242, 9.29148634910546 ], [ 79.222055726766584, 9.291485078709213 ], [ 79.222045273969968, 9.291483810972545 ], [ 79.222034820275013, 9.291482540576274 ], [ 79.222024366580015, 9.291481271953097 ], [ 79.222013913783385, 9.291480004216393 ], [ 79.222003460986741, 9.291478733820131 ], [ 79.221993007291772, 9.291477466083427 ], [ 79.221982553596817, 9.291476196573663 ], [ 79.221972100800159, 9.291474927950437 ], [ 79.221961647105203, 9.291473659327222 ], [ 79.221951194308573, 9.291472389817434 ], [ 79.22194074061359, 9.291471121194219 ], [ 79.221930286918635, 9.291469852570954 ], [ 79.221919834122005, 9.291468583061151 ], [ 79.221913541423433, 9.291467560893013 ], [ 79.221907246928239, 9.291466537838351 ], [ 79.221900954229667, 9.291465514783663 ], [ 79.221894660632771, 9.2914644926155 ], [ 79.221888367035916, 9.291463471333895 ], [ 79.221882074337344, 9.291462447392647 ], [ 79.221875779842151, 9.291461425224483 ], [ 79.221869488041918, 9.291460402169808 ], [ 79.221863194445007, 9.291459379115096 ], [ 79.221856899949827, 9.291458356946931 ], [ 79.221850607251255, 9.291457333892218 ], [ 79.221844312756048, 9.291456310837532 ], [ 79.22183802005749, 9.291455287782806 ], [ 79.221831727358918, 9.291454265614616 ], [ 79.221825433762064, 9.291453242559891 ], [ 79.221819140165167, 9.291452220391701 ], [ 79.221812846568284, 9.291451198223511 ], [ 79.221806552971387, 9.29145017516881 ], [ 79.221800259374533, 9.29144915211406 ], [ 79.221793966675961, 9.29144812994587 ], [ 79.221787673079064, 9.291447106891118 ], [ 79.22178138038052, 9.291446083836407 ], [ 79.221775085885341, 9.29144506166819 ], [ 79.221768793186769, 9.29144403861344 ], [ 79.221762499589872, 9.291443015558675 ], [ 79.221756205993003, 9.29144199339046 ], [ 79.221749913294431, 9.291440971222245 ], [ 79.221743618799238, 9.291439948167508 ], [ 79.22173732610068, 9.291438925112731 ], [ 79.221731031605472, 9.291437902944502 ], [ 79.221724739805211, 9.291436879889726 ], [ 79.221718446208342, 9.291435856834976 ], [ 79.221712151713135, 9.291434834666747 ], [ 79.221705859014577, 9.291433811611958 ], [ 79.22169956541768, 9.291432788557168 ], [ 79.221693272719151, 9.291431767275464 ], [ 79.221686979122254, 9.291430744220662 ], [ 79.221680686423682, 9.29142972116591 ], [ 79.221674391928474, 9.29142869811111 ], [ 79.221668099229916, 9.291427675942844 ], [ 79.221661804734723, 9.291426652888042 ], [ 79.221655512036151, 9.291425629833252 ], [ 79.221649219337593, 9.291424607664998 ], [ 79.221642924842385, 9.291423584610184 ], [ 79.221636632143813, 9.291422562441905 ], [ 79.221630337648634, 9.291421540273626 ], [ 79.221624044950062, 9.291420517218798 ], [ 79.22161775225149, 9.29141949416401 ], [ 79.221611457756296, 9.291418471995692 ], [ 79.221605165057767, 9.291417448940878 ], [ 79.221598870562559, 9.291416425886052 ], [ 79.221592577864001, 9.291415402831236 ], [ 79.221586285165429, 9.291414380662944 ], [ 79.221579991568532, 9.291413357608105 ], [ 79.221573697971678, 9.291412335439787 ], [ 79.221567405273106, 9.291411313271496 ], [ 79.221561110777898, 9.291410290216643 ], [ 79.221554817181016, 9.291409267161777 ], [ 79.221548525380769, 9.291408244993461 ], [ 79.221542230885575, 9.291407221052085 ], [ 79.221535938187017, 9.291406198883768 ], [ 79.221529643691809, 9.291405176715438 ], [ 79.221523350993238, 9.291404152774064 ], [ 79.221517057396383, 9.291403130605733 ], [ 79.221510763799486, 9.291402109323899 ], [ 79.221504471100928, 9.291401085382512 ], [ 79.221498176605721, 9.291400063214169 ], [ 79.221491883907149, 9.291399040159279 ], [ 79.221485590310294, 9.291398017104425 ], [ 79.221479297611722, 9.29139699493607 ], [ 79.221473004014825, 9.29139597188118 ], [ 79.221466711316268, 9.291394948826314 ], [ 79.22146041682106, 9.291393926657921 ], [ 79.221454123224191, 9.291392903603043 ], [ 79.221447829627294, 9.291391881434688 ], [ 79.221441536928765, 9.291390858379771 ], [ 79.221435244230193, 9.291389836211403 ], [ 79.221428949734999, 9.291388814043035 ], [ 79.221422657036442, 9.291387790101595 ], [ 79.221416363439531, 9.291386767933215 ], [ 79.221410069842676, 9.291385745764833 ], [ 79.221403777144104, 9.291384721823357 ], [ 79.221397482648896, 9.291383699654975 ], [ 79.221391189950339, 9.291382676600072 ], [ 79.221384896353442, 9.29138165443168 ], [ 79.221378602756573, 9.291380632263285 ], [ 79.221372310058015, 9.291379609208331 ], [ 79.221366017359443, 9.291378586153389 ], [ 79.221359722864236, 9.291377563984996 ], [ 79.221353430165678, 9.291376540930067 ], [ 79.221347135670484, 9.291375517875112 ], [ 79.221340842073616, 9.291374494820158 ], [ 79.221334550273355, 9.291373472651726 ], [ 79.221328255778147, 9.291372449596798 ], [ 79.221321963079575, 9.291371427428379 ], [ 79.221315668584396, 9.291370405259947 ], [ 79.221309375885824, 9.29136938220498 ], [ 79.221303082288955, 9.291368359149999 ], [ 79.221296788692058, 9.291367336981567 ], [ 79.221290495993486, 9.291366313040065 ], [ 79.221284202396632, 9.291365290871633 ], [ 79.221277908799735, 9.291364268703189 ], [ 79.221271615202866, 9.291363244761687 ], [ 79.221265321605998, 9.29136222259323 ], [ 79.22125902890744, 9.291361201311283 ], [ 79.221252736208868, 9.291360177369768 ], [ 79.22124644171366, 9.29135915520131 ], [ 79.221240149015102, 9.291358132146305 ], [ 79.221233855418205, 9.291357109091338 ], [ 79.221227561821337, 9.291356086922868 ], [ 79.221221269122779, 9.291355063867849 ], [ 79.221214974627571, 9.291354040812832 ], [ 79.221208681928999, 9.291353018644349 ], [ 79.221202388332117, 9.291351995589356 ], [ 79.221196094735248, 9.291350973420874 ], [ 79.221189802036676, 9.291349951252352 ], [ 79.221183508439807, 9.29134892819736 ], [ 79.221177214842911, 9.291347905142317 ], [ 79.221170921246056, 9.291346882087312 ], [ 79.221164627649145, 9.291345859918817 ], [ 79.221158334052291, 9.291344836863759 ], [ 79.221152042252015, 9.29134381380873 ], [ 79.221145747756822, 9.291342791640208 ], [ 79.22113945505825, 9.291341768585191 ], [ 79.221133160563056, 9.291340746416669 ], [ 79.221126867864484, 9.291339724248136 ], [ 79.22112057426763, 9.291338701193093 ], [ 79.221114280670733, 9.291337678138037 ], [ 79.221103614075048, 9.29133499638626 ], [ 79.221092946581066, 9.291332313747935 ], [ 79.221082279985396, 9.291329632882643 ], [ 79.221071613389697, 9.291326952017325 ], [ 79.221060945895687, 9.291324270265472 ], [ 79.22105027930003, 9.291321587627058 ], [ 79.22103961180602, 9.29131890587513 ], [ 79.221028945210321, 9.291316225009735 ], [ 79.221018277716325, 9.291313543257806 ], [ 79.221007611120655, 9.291310862392361 ], [ 79.220996943626659, 9.291308179753845 ], [ 79.22098627703096, 9.291305498888375 ], [ 79.220975610435275, 9.291302817136357 ], [ 79.220964942941293, 9.291300135384287 ], [ 79.22095427634558, 9.291297452745695 ], [ 79.220943608851584, 9.291294771880123 ], [ 79.220932942255914, 9.291292091014551 ], [ 79.220922274761918, 9.291289409262431 ], [ 79.220911608166205, 9.291286726623749 ], [ 79.220900940672223, 9.291284044871553 ], [ 79.220890274076552, 9.291281364005931 ], [ 79.220879606582542, 9.291278682253695 ], [ 79.220868939986886, 9.291276001387995 ], [ 79.220858273391187, 9.2912733187492 ], [ 79.220847605897177, 9.291270636996954 ], [ 79.22083693930152, 9.291267956131177 ], [ 79.22082627180751, 9.291265274378841 ], [ 79.220815605211811, 9.291262591740008 ], [ 79.220804937717816, 9.291259910874182 ], [ 79.220794272020441, 9.291257229121793 ], [ 79.220783603628149, 9.291254548255916 ], [ 79.22077293703245, 9.291251865616967 ], [ 79.220766750335102, 9.291249253013847 ], [ 79.220760562739429, 9.291246642183795 ], [ 79.220754376042052, 9.29124402869409 ], [ 79.220748189344704, 9.291241417863962 ], [ 79.220742000850706, 9.291238805260789 ], [ 79.220735815051654, 9.291236194430637 ], [ 79.220729626557642, 9.29123358094084 ], [ 79.220723439860308, 9.291230969224127 ], [ 79.220717253162931, 9.291228356620854 ], [ 79.220711064668933, 9.291225744904104 ], [ 79.220704878869881, 9.2912231331873 ], [ 79.220698691274208, 9.291220520584002 ], [ 79.220692503678521, 9.291217908867148 ], [ 79.220686316981187, 9.291215297150321 ], [ 79.22068013028381, 9.291212685433468 ], [ 79.220673942688137, 9.291210072830054 ], [ 79.220667755990803, 9.291207460226614 ], [ 79.220661568395087, 9.29120484939622 ], [ 79.220655381697739, 9.291202235906233 ], [ 79.220649194102066, 9.291199624189254 ], [ 79.220643007404689, 9.291197011585737 ], [ 79.220636819809016, 9.291194399868745 ], [ 79.220630633111682, 9.291191788151739 ], [ 79.220624446414305, 9.291189176434683 ], [ 79.220618258818618, 9.291186563831102 ], [ 79.220612071222945, 9.291183951227511 ], [ 79.220605885423907, 9.291181340396951 ], [ 79.220599696929895, 9.291178726906761 ], [ 79.220593510232561, 9.291176116076176 ], [ 79.220587322636874, 9.291173502585947 ], [ 79.220581135939497, 9.291170891755298 ], [ 79.220574949242163, 9.291168279151567 ], [ 79.220568761646447, 9.291165667434358 ], [ 79.220562574050788, 9.2911630548306 ], [ 79.220556388251737, 9.291160443113352 ], [ 79.220550199757753, 9.291157831396092 ], [ 79.22054401306039, 9.291155218792271 ], [ 79.220537826363042, 9.291152607074947 ], [ 79.220531637869044, 9.291149995357625 ], [ 79.220525452069992, 9.29114738186723 ], [ 79.22051926357598, 9.291144770149842 ], [ 79.220513076878646, 9.291142158432468 ], [ 79.220506890181269, 9.291139545828532 ], [ 79.220500702585596, 9.291136934111107 ], [ 79.220494515888248, 9.29113432239363 ], [ 79.220488329190871, 9.291131709789644 ], [ 79.220482140696873, 9.291129098072167 ], [ 79.220475954897822, 9.291126486354678 ], [ 79.220469767302149, 9.291123872864068 ], [ 79.220463579706475, 9.291121262033089 ], [ 79.220457393009127, 9.291118649428988 ], [ 79.220451206311751, 9.291116037711385 ], [ 79.220445018716077, 9.291113425107245 ], [ 79.220438832018743, 9.291110813389629 ], [ 79.220432644423028, 9.291108200785464 ], [ 79.220426457725679, 9.29110558906781 ], [ 79.220420270130006, 9.291102977350143 ], [ 79.220414084330955, 9.291100364745915 ], [ 79.220407895836971, 9.29109775302817 ], [ 79.220401709139622, 9.291095141310439 ], [ 79.220395522442246, 9.291092528706148 ], [ 79.220389334846558, 9.29108991698838 ], [ 79.220383148149182, 9.29108730438405 ], [ 79.220376959655226, 9.291084691779695 ], [ 79.220371199657606, 9.291080949735907 ], [ 79.220365438761675, 9.291077206805534 ], [ 79.220359677865801, 9.29107346476167 ], [ 79.22035391696987, 9.291069722717781 ], [ 79.22034815697225, 9.291065979787293 ], [ 79.220342395178037, 9.291062237743303 ], [ 79.220336635180402, 9.291058495699273 ], [ 79.2203308742845, 9.291054752768696 ], [ 79.220325113388569, 9.291051009838043 ], [ 79.220319353390977, 9.291047268680435 ], [ 79.220313591596764, 9.291043525749693 ], [ 79.220307830700847, 9.291039782818951 ], [ 79.22030206980493, 9.291036040774692 ], [ 79.22029630980731, 9.291032298730372 ], [ 79.220290548013097, 9.291028555799489 ], [ 79.220284788015476, 9.29102481375509 ], [ 79.220279027119588, 9.291021071710666 ], [ 79.220273266223671, 9.291017328779683 ], [ 79.220267506226051, 9.29101358673517 ], [ 79.22026174533012, 9.291009843804073 ], [ 79.220255984434203, 9.291006101759496 ], [ 79.22025022263999, 9.291002359714856 ], [ 79.22024446264237, 9.290998616783682 ], [ 79.220238700848142, 9.29099487385243 ], [ 79.220232940850565, 9.290991132694224 ], [ 79.220227179954634, 9.290987389762885 ], [ 79.220221419058717, 9.290983646831544 ], [ 79.220215659061097, 9.290979904786676 ], [ 79.22020989816518, 9.290976162741755 ], [ 79.220204137269292, 9.290972419810275 ], [ 79.220198376373375, 9.29096867776528 ], [ 79.220192616375755, 9.290964935720245 ], [ 79.220186853683202, 9.290961192788664 ], [ 79.220181093685611, 9.290957450743553 ], [ 79.22017533368799, 9.29095370781187 ], [ 79.220169571893777, 9.29094996576667 ], [ 79.220163811896185, 9.290946223721445 ], [ 79.220158051000269, 9.29094248078966 ], [ 79.220152290104338, 9.290938738744359 ], [ 79.220146529208435, 9.290934996699006 ], [ 79.220140769210801, 9.290931253767068 ], [ 79.220135008314898, 9.290927510835131 ], [ 79.220129247418967, 9.290923769676173 ], [ 79.220123485624754, 9.290920026744159 ], [ 79.220117724728837, 9.290916283812054 ], [ 79.220111964731245, 9.290912541766474 ], [ 79.220106202936989, 9.290908799720842 ], [ 79.220100442939412, 9.290905056788661 ], [ 79.220094682941792, 9.290901314742953 ], [ 79.220088921147564, 9.290897571810659 ], [ 79.220083161149986, 9.290893829764862 ], [ 79.220077400254056, 9.290890087719038 ], [ 79.220071639358139, 9.290886344786655 ], [ 79.220065877563883, 9.290882602740744 ], [ 79.220060117566305, 9.290878860694793 ], [ 79.220054356670389, 9.290875117762257 ], [ 79.220048595774458, 9.290871374829722 ], [ 79.22004283577688, 9.290867633670166 ], [ 79.220037073982624, 9.29086389073754 ], [ 79.220031313985032, 9.290860147804853 ], [ 79.220025553089116, 9.29085640575866 ], [ 79.220019792193199, 9.29085266371243 ], [ 79.220014032195564, 9.290848920779652 ], [ 79.22000827129969, 9.290845178733333 ], [ 79.220003575805691, 9.290840800157886 ], [ 79.219998882108328, 9.290836421582387 ], [ 79.219994188410951, 9.290832043893374 ], [ 79.219989493815291, 9.290827665317762 ], [ 79.219984799219631, 9.290823286742123 ], [ 79.219980103725632, 9.290818909052943 ], [ 79.219975410028269, 9.290814529590618 ], [ 79.219970716330906, 9.290810151901336 ], [ 79.219966021735232, 9.290805773325456 ], [ 79.219961328037854, 9.290801393863003 ], [ 79.219956634340505, 9.290797016173544 ], [ 79.219951938846506, 9.290792637597498 ], [ 79.219947244250832, 9.290788259021427 ], [ 79.219942549655173, 9.290783881331777 ], [ 79.219937855957809, 9.290779502755592 ], [ 79.219933162260432, 9.29077512417933 ], [ 79.219928467664786, 9.290770745603005 ], [ 79.219923773069112, 9.290766367913164 ], [ 79.219919079371735, 9.290761989336737 ], [ 79.21991438387775, 9.290757610760272 ], [ 79.219909690180387, 9.290753233070241 ], [ 79.219904995584713, 9.290748853607138 ], [ 79.21990030188735, 9.290744475030483 ], [ 79.21989560729169, 9.290740097340324 ], [ 79.219890912696016, 9.290735718763591 ], [ 79.219886218998653, 9.29073134018677 ], [ 79.219881524402993, 9.290726961609909 ], [ 79.219876829807291, 9.290722583919521 ], [ 79.219872135211617, 9.290718205342548 ], [ 79.219867440615957, 9.29071382676551 ], [ 79.219862746918594, 9.290709449074956 ], [ 79.219858053221216, 9.290705069611308 ], [ 79.219853358625571, 9.290700691920652 ], [ 79.219848664029897, 9.290696314229946 ], [ 79.219843969434194, 9.29069193476608 ], [ 79.219839274838534, 9.29068755618875 ], [ 79.219834581141171, 9.290683177611331 ], [ 79.219829887443794, 9.290678799033861 ], [ 79.219825192848134, 9.290674421342874 ], [ 79.219820499150757, 9.29067004276529 ], [ 79.2198158036568, 9.29066566418768 ], [ 79.219811109959437, 9.290661285609994 ], [ 79.219806415363735, 9.290656907918791 ], [ 79.219801720768075, 9.29065252934099 ], [ 79.219797027070712, 9.290648150763126 ], [ 79.219792331576741, 9.290643773071771 ], [ 79.219787637879378, 9.290639393607282 ], [ 79.219782944182001, 9.290635015029265 ], [ 79.219778249586341, 9.290630637337731 ], [ 79.219773554990653, 9.290626258759612 ], [ 79.219768861293304, 9.290621880181456 ], [ 79.219764165799319, 9.29061750160321 ], [ 79.219759472101956, 9.290613123911472 ], [ 79.219754778404578, 9.290608745333111 ], [ 79.219750083808918, 9.2906043667547 ], [ 79.219745390111555, 9.290599989062798 ], [ 79.219740694617556, 9.290595609597775 ], [ 79.219736000021882, 9.290591231905745 ], [ 79.219731306324519, 9.290586853327131 ], [ 79.219726611728859, 9.29058247386193 ], [ 79.219721918031496, 9.290578096169709 ], [ 79.219717224334119, 9.290573717590954 ], [ 79.219712528840162, 9.290569339012123 ], [ 79.219707835142785, 9.290564961319763 ], [ 79.219700935183084, 9.290556768882382 ], [ 79.219694036121723, 9.290548575558288 ], [ 79.219687136162008, 9.290540384007036 ], [ 79.219680237100633, 9.290532191569081 ], [ 79.219673337140932, 9.290523999130926 ], [ 79.219666437181218, 9.290515806692616 ], [ 79.219659538119842, 9.290507615140587 ], [ 79.219652638160142, 9.290499422701858 ], [ 79.21964573820047, 9.290491231149485 ], [ 79.219638839139094, 9.290483037823865 ], [ 79.219631939179393, 9.290474846271072 ], [ 79.219625039219693, 9.290466653831592 ], [ 79.219618140158303, 9.290458461391896 ], [ 79.219611240198603, 9.290450268952048 ], [ 79.219604340238902, 9.290442077398492 ], [ 79.219597441177513, 9.290433884071726 ], [ 79.219590541217812, 9.290425691631279 ], [ 79.21958364125814, 9.29041749919063 ], [ 79.219576742196736, 9.290409306749801 ], [ 79.219569842237064, 9.290401115195317 ], [ 79.219562942277364, 9.290392922754107 ], [ 79.219556043215988, 9.290384731199214 ], [ 79.219549143256273, 9.290376538757636 ], [ 79.219542243296573, 9.290368346315841 ], [ 79.219535344235197, 9.290360153873868 ], [ 79.219528444275483, 9.290351961431677 ], [ 79.219521544315782, 9.290343768989322 ], [ 79.219514645254421, 9.290335577433298 ], [ 79.219507745294706, 9.290327384104001 ], [ 79.219500845335034, 9.290319191661061 ], [ 79.219493946273658, 9.290311000104477 ], [ 79.219487046313958, 9.290302806774633 ], [ 79.219480146354243, 9.290294615217631 ], [ 79.219473247292868, 9.290286422773926 ], [ 79.219466347333167, 9.290278230330031 ], [ 79.219459447373453, 9.290270038772482 ], [ 79.219452548312077, 9.290261846328193 ], [ 79.219445648352377, 9.290253653883713 ], [ 79.219438748392704, 9.290245462325602 ], [ 79.219431849331301, 9.290237268994233 ], [ 79.219424949371628, 9.29022907743569 ], [ 79.219418049411928, 9.290220884990447 ], [ 79.219411150350552, 9.290212691658503 ], [ 79.219404250390838, 9.290204500099426 ], [ 79.219397350431137, 9.290196306767063 ], [ 79.219390451369762, 9.290188115207592 ], [ 79.219383551410047, 9.290179922761395 ], [ 79.21937665055205, 9.290171730315006 ], [ 79.219369752388971, 9.290163537868427 ], [ 79.219362852429271, 9.290155346308191 ], [ 79.219355951571259, 9.290147153861232 ], [ 79.219349053408223, 9.290138962300615 ], [ 79.219342153448522, 9.290130768966725 ], [ 79.219335252590483, 9.290122577405727 ], [ 79.219328354427432, 9.29011438495799 ], [ 79.219321453569393, 9.290106191623527 ], [ 79.219314553609735, 9.290098000061958 ], [ 79.21930765365002, 9.290089807613649 ], [ 79.219300754588645, 9.290081615165148 ], [ 79.219293854628944, 9.290073422716457 ], [ 79.219286954669229, 9.290065230267601 ], [ 79.219280055607868, 9.29005703781853 ], [ 79.219273155648153, 9.290048846255775 ], [ 79.219266255688481, 9.290040652919812 ], [ 79.219260636726375, 9.29003295604201 ], [ 79.219255017764269, 9.290025257390973 ], [ 79.219249397903852, 9.290017558739756 ], [ 79.219243778941731, 9.290009860974935 ], [ 79.219238159081328, 9.290002163209898 ], [ 79.219232539220926, 9.289994464558188 ], [ 79.219226920258819, 9.289986766792858 ], [ 79.219221300398402, 9.289979068140802 ], [ 79.21921567963966, 9.28997137037509 ], [ 79.219210060677554, 9.289963671722704 ], [ 79.219204440817151, 9.289955973956689 ], [ 79.219198820956706, 9.289948276190469 ], [ 79.219193202892924, 9.28994057665105 ], [ 79.219187583032522, 9.28993287977106 ], [ 79.219181963172105, 9.289925181117821 ], [ 79.219176344209984, 9.289917484237476 ], [ 79.219170724349581, 9.289909784697345 ], [ 79.219165103590839, 9.289902086930159 ], [ 79.219159484628733, 9.289894389162793 ], [ 79.21915386476833, 9.289886689622154 ], [ 79.21914824580621, 9.289878992740968 ], [ 79.219142625945807, 9.289871294086547 ], [ 79.219137006085404, 9.289863596318508 ], [ 79.219131387123298, 9.289855897663756 ], [ 79.219125768161177, 9.289848199895333 ], [ 79.21912014830076, 9.289840502126786 ], [ 79.219114529338668, 9.289832804358035 ], [ 79.219108908579926, 9.289825104816073 ], [ 79.219103288719523, 9.289817407046989 ], [ 79.219097669757403, 9.289809709277767 ], [ 79.219092049896986, 9.28980201062182 ], [ 79.219086430036583, 9.289794312852253 ], [ 79.219080811074477, 9.289786614195974 ], [ 79.21907519121406, 9.289778917312587 ], [ 79.219069571353643, 9.289771217769417 ], [ 79.219063953289833, 9.289763519999177 ], [ 79.21905833342943, 9.289755822228733 ], [ 79.219052712670688, 9.2897481235716 ], [ 79.21904709370861, 9.289740425800851 ], [ 79.219041473848179, 9.289732727143376 ], [ 79.219035854886101, 9.289725029372271 ], [ 79.219030235025656, 9.289717330714453 ], [ 79.219024615165239, 9.28970963294303 ], [ 79.219018996203133, 9.289701935171403 ], [ 79.21901337634273, 9.289694237399647 ], [ 79.219007755583988, 9.289686537854607 ], [ 79.219002136621882, 9.289678840969058 ], [ 79.218996517659804, 9.289671142310233 ], [ 79.218990897799358, 9.289663443651245 ], [ 79.21898527883728, 9.2896557458786 ], [ 79.218979658976835, 9.289648047219281 ], [ 79.218974040014757, 9.28964035033284 ], [ 79.218968420154326, 9.289632650786654 ], [ 79.218962800293923, 9.289624953899883 ], [ 79.218957181331803, 9.289617255239877 ], [ 79.218951560573089, 9.289609556579704 ], [ 79.218945940712658, 9.289601858805876 ], [ 79.21894032175058, 9.289594160145374 ], [ 79.218934701890134, 9.289586463257788 ], [ 79.218929082928042, 9.289578763710381 ], [ 79.218923463067611, 9.289571065935917 ], [ 79.218917844105533, 9.289563368161248 ], [ 79.218912225143413, 9.289555670386429 ], [ 79.21890660528301, 9.289547971724895 ], [ 79.218059799397253, 9.288255221854836 ], [ 79.21805410767162, 9.288247171209395 ], [ 79.218048417742637, 9.288239118790706 ], [ 79.218042726017003, 9.28823106814492 ], [ 79.218037036087978, 9.288223015725862 ], [ 79.218031346158966, 9.288214965079669 ], [ 79.218025654433319, 9.288206914433339 ], [ 79.218019963606011, 9.288198862900266 ], [ 79.21801427277866, 9.288190811367006 ], [ 79.218008581951352, 9.288182758947018 ], [ 79.218002892022341, 9.288174709186471 ], [ 79.217997201195018, 9.288166656766101 ], [ 79.217991510367682, 9.288158606118662 ], [ 79.21798582043867, 9.288150553697925 ], [ 79.217980128713052, 9.288142503050079 ], [ 79.217974437885715, 9.28813445240208 ], [ 79.217968747058393, 9.288126399980795 ], [ 79.217963057129381, 9.28811834933239 ], [ 79.217957366302073, 9.288110296910761 ], [ 79.217951674576426, 9.288102247148547 ], [ 79.217945984647415, 9.288094194726511 ], [ 79.217940293820064, 9.288086144077381 ], [ 79.217934602992756, 9.288078091655015 ], [ 79.21792891306373, 9.288070041005488 ], [ 79.217923222236422, 9.288061990355798 ], [ 79.217917531409114, 9.288053937932872 ], [ 79.217911840581763, 9.288045887282813 ], [ 79.217906149754455, 9.288037834859518 ], [ 79.217900458927105, 9.288029785095612 ], [ 79.217894768099796, 9.288021732671947 ], [ 79.217889078170771, 9.288013681134615 ], [ 79.217883387343463, 9.288005629597103 ], [ 79.21787769561783, 9.287997578945925 ], [ 79.217872005688804, 9.287989528294554 ], [ 79.217866313963171, 9.287981475869975 ], [ 79.217860624034145, 9.287973425218247 ], [ 79.217854934105134, 9.287965373679809 ], [ 79.217849243277826, 9.287957322141191 ], [ 79.217843551552178, 9.28794927060237 ], [ 79.21783786072487, 9.287941219063358 ], [ 79.217832170795859, 9.287933168410728 ], [ 79.217826479968537, 9.28792511687136 ], [ 79.2178207891412, 9.28791706621835 ], [ 79.217815099212174, 9.287909013792065 ], [ 79.217809406588245, 9.287900962252136 ], [ 79.217803716659233, 9.287892911598592 ], [ 79.217798026730208, 9.287884860058307 ], [ 79.217792335004575, 9.287876809404354 ], [ 79.217786645075591, 9.28786875697714 ], [ 79.217780954248241, 9.287860706322844 ], [ 79.217775264319215, 9.287852654781823 ], [ 79.217769572593582, 9.287844603240584 ], [ 79.217763881766274, 9.287836551699181 ], [ 79.217758191837248, 9.287828500157598 ], [ 79.217752500111615, 9.287820450388908 ], [ 79.217746810182589, 9.287812397960398 ], [ 79.217741120253606, 9.28780434641827 ], [ 79.21773542942627, 9.287796294875937 ], [ 79.217729737700623, 9.287788244219987 ], [ 79.217724046873315, 9.287780192677261 ], [ 79.217718356944303, 9.287772141134381 ], [ 79.217712666116981, 9.287764089591322 ], [ 79.217706975289644, 9.287756038048075 ], [ 79.217701285360661, 9.287747987391157 ], [ 79.217695592736689, 9.28773993584754 ], [ 79.217689902807678, 9.287731884303744 ], [ 79.217684212878652, 9.287723832759745 ], [ 79.217678522051344, 9.28771578210209 ], [ 79.217672831224036, 9.287707730557749 ], [ 79.217667140396685, 9.287699679013203 ], [ 79.217661449569377, 9.287691626581918 ], [ 79.21765575784373, 9.28768357592355 ], [ 79.217650067914718, 9.28767552526498 ], [ 79.217644377985692, 9.287667473719695 ], [ 79.217638687158384, 9.287659422174233 ], [ 79.217632996331076, 9.28765136974202 ], [ 79.217627304605443, 9.287643319969259 ], [ 79.217621614676418, 9.287635268423237 ], [ 79.217615923849067, 9.287627216877025 ], [ 79.217610233021759, 9.287619165330634 ], [ 79.217604543092733, 9.287611114670575 ], [ 79.217598852265425, 9.287603063123802 ], [ 79.217593161438074, 9.287595010690316 ], [ 79.217587470610766, 9.287586960029723 ], [ 79.217581779783458, 9.287578909368939 ], [ 79.217576088956108, 9.287570857821429 ], [ 79.2175703981288, 9.287562806273739 ], [ 79.217564708199788, 9.287554753839313 ], [ 79.217559017372466, 9.287546703177815 ], [ 79.217553325646833, 9.287538651629568 ], [ 79.217547635717821, 9.287530600967651 ], [ 79.217541944890499, 9.287522549419046 ], [ 79.217536254961487, 9.287514497870252 ], [ 79.21753056323584, 9.287506447207788 ], [ 79.217524873306829, 9.287498394772062 ], [ 79.217519183377817, 9.287490344109255 ], [ 79.21751349165217, 9.287482291673161 ], [ 79.217507800824862, 9.287474241009972 ], [ 79.217502109997554, 9.287466190346619 ], [ 79.217496420068528, 9.287458137909965 ], [ 79.217490729241177, 9.287450087246242 ], [ 79.217485038413869, 9.287442034809219 ], [ 79.217479347586561, 9.287433985031649 ], [ 79.217473656759211, 9.287425932594257 ], [ 79.217467965931903, 9.287417881929796 ], [ 79.217462275104552, 9.287409830378559 ], [ 79.217456585175569, 9.287401778827167 ], [ 79.217450894348218, 9.287393728162147 ], [ 79.217445202622585, 9.28738567572384 ], [ 79.217439512693574, 9.287377625058411 ], [ 79.217433821866251, 9.287369574392843 ], [ 79.217428131937254, 9.287361521953976 ], [ 79.217422440211607, 9.287353471288027 ], [ 79.217416750282624, 9.287345418848791 ], [ 79.217411058556976, 9.287337368182447 ], [ 79.217405368627965, 9.287329316629389 ], [ 79.217399677800614, 9.287321265076153 ], [ 79.217393986973306, 9.287313214409251 ], [ 79.217388297044295, 9.28730516196911 ], [ 79.217382606216972, 9.287297112188398 ], [ 79.217376915389636, 9.287289059747865 ], [ 79.217371223664017, 9.287281009080223 ], [ 79.217365533735006, 9.287272956639358 ], [ 79.217359843805994, 9.287264905971336 ], [ 79.217354152080347, 9.287256855303172 ], [ 79.217348462151335, 9.28724880286171 ], [ 79.217342771324013, 9.287240752193151 ], [ 79.217337081395016, 9.287232699751346 ], [ 79.217331388771029, 9.287224649082418 ], [ 79.217326410307749, 9.287218221667919 ], [ 79.2173214309461, 9.287211795139863 ], [ 79.217316451584495, 9.287205367725171 ], [ 79.217311473121185, 9.287198942083398 ], [ 79.217306492861283, 9.287192514668464 ], [ 79.21730151439796, 9.287186088139926 ], [ 79.21729653503634, 9.287179660724737 ], [ 79.217291555674706, 9.287173235082493 ], [ 79.217286577211425, 9.287166806780528 ], [ 79.21728159695148, 9.287160380251519 ], [ 79.21727661758986, 9.287153952835887 ], [ 79.217271640024862, 9.28714752719317 ], [ 79.217266660663242, 9.287141099777296 ], [ 79.217261682199961, 9.287134673247829 ], [ 79.217256701940016, 9.287128245831674 ], [ 79.217251722578382, 9.287121820188487 ], [ 79.217246744115087, 9.287115392772142 ], [ 79.217241764753439, 9.287108965355644 ], [ 79.217236786290172, 9.287102537939056 ], [ 79.217231806030227, 9.287096112295412 ], [ 79.217226826668622, 9.287089684878545 ], [ 79.217221848205313, 9.287083258348137 ], [ 79.217216868843693, 9.287076830931078 ], [ 79.217211890380383, 9.287070405286951 ], [ 79.217206910120439, 9.287063977869662 ], [ 79.217201930758833, 9.287057551338771 ], [ 79.21719695229551, 9.287051123921216 ], [ 79.217191972933904, 9.287044697390096 ], [ 79.217186993572298, 9.2870382699723 ], [ 79.217182015108961, 9.287031843440937 ], [ 79.21717703484903, 9.287025416022939 ], [ 79.217172056385721, 9.287018990377868 ], [ 79.217167077024101, 9.287012562959628 ], [ 79.217162097662495, 9.287006136427808 ], [ 79.217157119199186, 9.286999709009299 ], [ 79.217152138939241, 9.286993283363758 ], [ 79.217147159577621, 9.286986855058499 ], [ 79.217142181114312, 9.286980427639673 ], [ 79.217137201752706, 9.286974001107254 ], [ 79.217132223289397, 9.286967574574721 ], [ 79.217127243927777, 9.28696114804206 ], [ 79.217122263667832, 9.286954720622726 ], [ 79.217117285204552, 9.286948294089848 ], [ 79.217112305842917, 9.286941867556832 ], [ 79.217107327379622, 9.286935441023713 ], [ 79.217102348017988, 9.286929012717385 ], [ 79.217097367758072, 9.286922586184026 ], [ 79.217092389294763, 9.286916159650552 ], [ 79.217087409933143, 9.28690973311695 ], [ 79.217082430571509, 9.286903305696672 ], [ 79.217077452108228, 9.286896879162843 ], [ 79.21707247274658, 9.286890452628883 ], [ 79.217067493384974, 9.286884026094825 ], [ 79.217062514023368, 9.286877598674076 ], [ 79.217057534661748, 9.286871171253253 ], [ 79.217052556198439, 9.286864744718798 ], [ 79.217047576836819, 9.286858318184256 ], [ 79.217042596576889, 9.286851890763076 ], [ 79.217037618113579, 9.286845464228291 ], [ 79.217032638751959, 9.286839037693404 ], [ 79.217027660288636, 9.28683261115839 ], [ 79.21702268092703, 9.286826183736702 ], [ 79.217017701565425, 9.286819757201458 ], [ 79.217012722203776, 9.286813329779541 ], [ 79.217007317040739, 9.286807609817217 ], [ 79.217001910979334, 9.286801889854791 ], [ 79.216996504917972, 9.286796169005742 ], [ 79.216991099754907, 9.286790449043139 ], [ 79.216985693693516, 9.286784728193885 ], [ 79.21698028763214, 9.286779008231091 ], [ 79.216974883367399, 9.28677328738166 ], [ 79.216969477305994, 9.286767567418687 ], [ 79.216964071244647, 9.286761845682543 ], [ 79.216958666081567, 9.28675612571938 ], [ 79.216953260020176, 9.286750404869567 ], [ 79.2169478539588, 9.286744685792748 ], [ 79.216942447897438, 9.286738964942744 ], [ 79.216937042734372, 9.286733244979212 ], [ 79.216931636672982, 9.286727524129029 ], [ 79.216926232408241, 9.286721804165307 ], [ 79.216920827245161, 9.286716084201494 ], [ 79.216915421183799, 9.28671036335102 ], [ 79.216910015122394, 9.286704643387029 ], [ 79.216904609959329, 9.286698921649855 ], [ 79.216899203897967, 9.286693201685662 ], [ 79.21689379783659, 9.28668748083483 ], [ 79.2168883917752, 9.286681760870458 ], [ 79.21688298661212, 9.286676040019437 ], [ 79.216877581449054, 9.286670320054862 ], [ 79.216872175387692, 9.286664600090171 ], [ 79.216866770224627, 9.286658880125431 ], [ 79.21686136416325, 9.286653159274028 ], [ 79.21685595810186, 9.286647439309096 ], [ 79.216850552938794, 9.286641719344075 ], [ 79.216845146877432, 9.28663599760587 ], [ 79.216839740816056, 9.28663027764062 ], [ 79.21683433565299, 9.286624556788784 ], [ 79.216828929591586, 9.286618836823383 ], [ 79.216823525326859, 9.286613115971329 ], [ 79.216818120163794, 9.286607396005749 ], [ 79.216812714102417, 9.286601675153507 ], [ 79.216807308041027, 9.286595955187723 ], [ 79.21680190197965, 9.286590235221825 ], [ 79.216796496816599, 9.286584515255875 ], [ 79.216791090755223, 9.286578794403249 ], [ 79.216785684693818, 9.286573074437097 ], [ 79.216780280429077, 9.286567352697773 ], [ 79.216774874367687, 9.286561632731441 ], [ 79.216769468306325, 9.286555912764983 ], [ 79.216764063143259, 9.286550191911939 ], [ 79.216758657081883, 9.286544471945289 ], [ 79.216753251020492, 9.286538751092055 ], [ 79.216747845857412, 9.286533031125252 ], [ 79.216742439796064, 9.286527310271801 ], [ 79.216737033734645, 9.286521590304808 ], [ 79.216731628571623, 9.2865158703377 ], [ 79.216726223408543, 9.286510150370518 ], [ 79.216720817347152, 9.286504428630161 ], [ 79.216715412184087, 9.286498708662799 ], [ 79.216710007021049, 9.286492987808789 ], [ 79.216704600959659, 9.286487267841236 ], [ 79.216699195796579, 9.286481546987034 ], [ 79.216693789735217, 9.286475827019304 ], [ 79.216688383673812, 9.286470107051446 ], [ 79.216682979409072, 9.28646438619699 ], [ 79.21667757334771, 9.286458666228979 ], [ 79.216672167286319, 9.286452945374306 ], [ 79.216666762123239, 9.286447225406105 ], [ 79.216659542363303, 9.286441505437777 ], [ 79.216652322603366, 9.286435784582862 ], [ 79.216645104640079, 9.286430064614343 ], [ 79.216637885778439, 9.286424346418855 ], [ 79.216630666916842, 9.286418624677101 ], [ 79.216623448953527, 9.286412904708339 ], [ 79.216616229193576, 9.286407184739476 ], [ 79.216609010331936, 9.286401464770487 ], [ 79.216601790572, 9.286395745688006 ], [ 79.216594572608699, 9.286390024832315 ], [ 79.216587353747073, 9.286384304863084 ], [ 79.216580134885476, 9.286378584893725 ], [ 79.216572916922161, 9.286372865810863 ], [ 79.216565697162224, 9.286367145841352 ], [ 79.216558478300584, 9.286361425871712 ], [ 79.216551259438972, 9.286355705015501 ], [ 79.216544040577332, 9.286349985045669 ], [ 79.216536821715735, 9.286344265962351 ], [ 79.216529602854081, 9.286338545992368 ], [ 79.216522383992469, 9.286332826022271 ], [ 79.216515165130872, 9.286327105165576 ], [ 79.216507946269232, 9.286321385195288 ], [ 79.216500727407606, 9.286315666111497 ], [ 79.216493509444305, 9.286309946141017 ], [ 79.216486289684369, 9.286304226170488 ], [ 79.216479070822729, 9.286298505313322 ], [ 79.216471851961117, 9.286292786229124 ], [ 79.216464633099463, 9.286287066258302 ], [ 79.216457414237865, 9.286281346287366 ], [ 79.216450195376268, 9.286275626316353 ], [ 79.216442977412953, 9.28626990457218 ], [ 79.216435757653002, 9.286264186374073 ], [ 79.216428538791362, 9.28625846640278 ], [ 79.216421319929765, 9.286252746431373 ], [ 79.216414101068125, 9.286247025573367 ], [ 79.216406882206499, 9.286241305601781 ], [ 79.216399663344859, 9.28623558563012 ], [ 79.216392443584951, 9.286229865658369 ], [ 79.216385225621636, 9.286224145686528 ], [ 79.216378006759996, 9.286218425714587 ], [ 79.216370787898398, 9.286212705742518 ], [ 79.216363569036758, 9.286206985770399 ], [ 79.216356350175147, 9.286201265798177 ], [ 79.216349131313507, 9.286195545825866 ], [ 79.21634191155357, 9.286189826739989 ], [ 79.216334693590298, 9.286184105880928 ], [ 79.216327474728644, 9.286178385908336 ], [ 79.216320255867032, 9.286172665935657 ], [ 79.216313037005392, 9.286166945962876 ], [ 79.216305818143795, 9.286161226876516 ], [ 79.216298599282155, 9.286155506016994 ], [ 79.216291380420529, 9.286149786043946 ], [ 79.216284160660607, 9.286144066070785 ], [ 79.216276942697291, 9.286138346984067 ], [ 79.216269723835666, 9.286132627010739 ], [ 79.216262504974026, 9.286126906150734 ], [ 79.216255286112428, 9.286121186177215 ], [ 79.216248067250788, 9.286115466203595 ], [ 79.216240848389177, 9.286109747116408 ], [ 79.21623362862924, 9.286104027142608 ], [ 79.2162264097676, 9.286098306282147 ], [ 79.216219191804285, 9.286092586308158 ], [ 79.216211972942688, 9.286086867220588 ], [ 79.216204754081062, 9.286081147246406 ], [ 79.216197536117747, 9.286075427272138 ], [ 79.216190317256107, 9.286069706411217 ], [ 79.216183096597874, 9.286063986436757 ], [ 79.216175877736234, 9.28605826734873 ], [ 79.216168659772919, 9.286052547374091 ], [ 79.216161440911321, 9.28604682739935 ], [ 79.216154222049681, 9.2860411056514 ], [ 79.216147003188055, 9.286035386563029 ], [ 79.216139785224755, 9.286029666588009 ], [ 79.216132566363143, 9.286023946612861 ], [ 79.216125346603221, 9.286018226637662 ], [ 79.21611812684327, 9.286012505775789 ], [ 79.216110908879955, 9.28600678668696 ], [ 79.216103690018315, 9.286001066711481 ], [ 79.216096471156717, 9.285995346735863 ], [ 79.216089252295077, 9.285989625873672 ], [ 79.216082034331777, 9.285983906784423 ], [ 79.216074814571854, 9.285978186808563 ], [ 79.216067595710214, 9.285972466832575 ], [ 79.216060376848588, 9.285966746856538 ], [ 79.216053157986948, 9.285961025993824 ], [ 79.216045939125351, 9.285955306904157 ], [ 79.216038720263711, 9.285949586927838 ], [ 79.216031501402099, 9.28594386695138 ], [ 79.216024283438799, 9.285938146974871 ], [ 79.216017063678848, 9.28593242699826 ], [ 79.21600984481725, 9.285926707021561 ], [ 79.21600262595561, 9.28592098704476 ], [ 79.215995407992295, 9.285915267067843 ], [ 79.21598818913067, 9.285909547090863 ], [ 79.215980969370747, 9.285903827113795 ], [ 79.215973749610797, 9.285898107136624 ], [ 79.215966531647481, 9.285892387159365 ], [ 79.215959312785884, 9.285886667181979 ], [ 79.215952093924244, 9.285880947204527 ], [ 79.215944875062618, 9.285875227226988 ], [ 79.215937657099332, 9.285869507249359 ], [ 79.215930438237677, 9.285863787271603 ], [ 79.215923219376066, 9.285858068180332 ], [ 79.215915999616129, 9.285852347315863 ], [ 79.215908780754489, 9.285846627337854 ], [ 79.215901561892878, 9.285840907359754 ], [ 79.21589434303128, 9.285835187381528 ], [ 79.21588712416964, 9.285829467403238 ], [ 79.215879906206325, 9.285823747424859 ], [ 79.215872687344699, 9.285818026559831 ], [ 79.215865467584777, 9.28581230658126 ], [ 79.215858248723137, 9.285806588375685 ], [ 79.215851030759822, 9.285800866623841 ], [ 79.21584381189821, 9.285795146644965 ], [ 79.215836593036599, 9.285789426666026 ], [ 79.215829374174959, 9.285783706686987 ], [ 79.215822154415008, 9.285777987594392 ], [ 79.215814935553411, 9.285772266728637 ], [ 79.215807716691771, 9.285766546749292 ], [ 79.215800497830173, 9.285760826769883 ], [ 79.215793278968519, 9.285755107676906 ], [ 79.215786061005218, 9.285749386810796 ], [ 79.215778842143592, 9.285743666831069 ], [ 79.215771623281995, 9.28573794685129 ], [ 79.215764404420355, 9.28573222775797 ], [ 79.215757185558729, 9.285726507777975 ], [ 79.215749966697089, 9.285720786911382 ], [ 79.215742747835492, 9.285715066931196 ], [ 79.21458201579226, 9.284671025367905 ], [ 79.214573764766357, 9.284664669716845 ], [ 79.214565514638821, 9.284658314065682 ], [ 79.214557265409539, 9.284651959300929 ], [ 79.214549016180285, 9.284645602762977 ], [ 79.214540765154425, 9.284639247111432 ], [ 79.214532515026846, 9.284632892346373 ], [ 79.214524264899254, 9.284626535808078 ], [ 79.214516014771689, 9.284620181042738 ], [ 79.214507764644139, 9.284613825390737 ], [ 79.214499515414857, 9.284607469738658 ], [ 79.214491265287279, 9.284601114086453 ], [ 79.214483015159743, 9.284594758434107 ], [ 79.214474765032179, 9.284588403668208 ], [ 79.214466514904601, 9.284582048015659 ], [ 79.214458264777022, 9.284575692362958 ], [ 79.214450014649472, 9.284569336710181 ], [ 79.214441765420204, 9.284562981057288 ], [ 79.214433515292626, 9.284556626290817 ], [ 79.214425265165076, 9.284550269751135 ], [ 79.214417015037498, 9.28454391409786 ], [ 79.214408764909919, 9.284537559331071 ], [ 79.214400514782341, 9.284531202791046 ], [ 79.214392264654805, 9.284524848023976 ], [ 79.214384015425523, 9.284518492370255 ], [ 79.214375765297987, 9.284512136716435 ], [ 79.214367514272084, 9.284505781949035 ], [ 79.21435926504283, 9.284499426294984 ], [ 79.214351014915252, 9.284493070640794 ], [ 79.214342764787688, 9.284486714986516 ], [ 79.214334514660138, 9.284480359332109 ], [ 79.214326265430856, 9.284474003677587 ], [ 79.214318015303306, 9.284467648022979 ], [ 79.214309765175727, 9.284461293254763 ], [ 79.214301515048163, 9.284454936713351 ], [ 79.214293264022288, 9.28444858105836 ], [ 79.214285014793006, 9.284442226289826 ], [ 79.21427676466547, 9.284435870634606 ], [ 79.214268515436189, 9.284429514979283 ], [ 79.214260265308639, 9.284423160210395 ], [ 79.214252015181074, 9.284416803668282 ], [ 79.214243765053496, 9.284410448899152 ], [ 79.214235514925917, 9.284404093243385 ], [ 79.214227264798325, 9.28439773670093 ], [ 79.214219014670789, 9.284391381931455 ], [ 79.214210765441507, 9.284385026275306 ], [ 79.214202515313971, 9.284378670619068 ], [ 79.214194265186393, 9.284372314962715 ], [ 79.214186015058814, 9.284365959306221 ], [ 79.214177764032939, 9.284359605422724 ], [ 79.214169514803672, 9.284353248879478 ], [ 79.214161264676122, 9.284346893222668 ], [ 79.21415301544684, 9.284340537565704 ], [ 79.214144765319304, 9.284334181908665 ], [ 79.214136514293386, 9.284327827138032 ], [ 79.214128265064147, 9.284321470594204 ], [ 79.214120014936569, 9.28431511493682 ], [ 79.21411176480899, 9.284308760165844 ], [ 79.214103514681454, 9.284302403621659 ], [ 79.214095263655551, 9.284296048850468 ], [ 79.214087015324637, 9.284289693192575 ], [ 79.214078765197058, 9.284283338421179 ], [ 79.21407051506948, 9.284276982763071 ], [ 79.214062264941902, 9.284270627104874 ], [ 79.214054013916027, 9.284264270560001 ], [ 79.214045835653678, 9.284259540829536 ], [ 79.214037658289641, 9.284254809325899 ], [ 79.214029479128968, 9.284250078708785 ], [ 79.214021300866619, 9.284245348091583 ], [ 79.214013122604285, 9.284240615701208 ], [ 79.214004944341937, 9.284235885970425 ], [ 79.213996766079603, 9.28423115535303 ], [ 79.21398858691893, 9.284226424735586 ], [ 79.213980407758243, 9.284221693231517 ], [ 79.213972230394248, 9.284216961727383 ], [ 79.213964051233575, 9.284212231996269 ], [ 79.213955872971226, 9.284207499605476 ], [ 79.213947694708892, 9.284202769874247 ], [ 79.213939516446544, 9.284198039256408 ], [ 79.21393133818421, 9.284193307751957 ], [ 79.213923159023537, 9.284188577134003 ], [ 79.213914979862864, 9.284183845629425 ], [ 79.213906801600515, 9.284179115897865 ], [ 79.213898624236506, 9.284174384393149 ], [ 79.213890445075833, 9.284169652888378 ], [ 79.213882266813485, 9.284164923156629 ], [ 79.213874087652826, 9.28416019165172 ], [ 79.213865910288774, 9.284155461033322 ], [ 79.213857731128144, 9.284150730414845 ], [ 79.213849551967471, 9.284145998909759 ], [ 79.213841373705122, 9.284141268291156 ], [ 79.213833196341071, 9.284136536785942 ], [ 79.213825017180426, 9.284131807053747 ], [ 79.213816838918063, 9.284127076434954 ], [ 79.213808660655729, 9.284122344042975 ], [ 79.213800482393381, 9.284117614310627 ], [ 79.213792303232708, 9.284112882805083 ], [ 79.21378412497036, 9.284108152186009 ], [ 79.213775945809729, 9.284103420680337 ], [ 79.213767768445678, 9.284098690061175 ], [ 79.213759589285019, 9.284093960328471 ], [ 79.21375141102267, 9.284089227936073 ], [ 79.213743232760336, 9.284084497316719 ], [ 79.213735053599649, 9.284079766697252 ], [ 79.213726875337301, 9.284075036077772 ], [ 79.213718697074967, 9.284070304571641 ], [ 79.213710517914294, 9.284065573952033 ], [ 79.21370233965196, 9.284060843332323 ], [ 79.213694162287936, 9.284056111826041 ], [ 79.213685983127277, 9.284051381206204 ], [ 79.213677804864929, 9.284046649699768 ], [ 79.213669625704256, 9.28404191996639 ], [ 79.213661447441908, 9.284037187573267 ], [ 79.213653269179574, 9.284032457839736 ], [ 79.213645090917225, 9.284027727219607 ], [ 79.213636911756552, 9.284022994826318 ], [ 79.213628734392515, 9.284018265092584 ], [ 79.213620556130167, 9.284013533585703 ], [ 79.213612376071211, 9.284008802965332 ], [ 79.213604197808863, 9.284004072344846 ], [ 79.213596020444811, 9.2839993408378 ], [ 79.213587841284166, 9.283994611103761 ], [ 79.213579663021832, 9.283989879596561 ], [ 79.21357148475947, 9.283985148089286 ], [ 79.213563305598825, 9.283980418355057 ], [ 79.213555128234773, 9.283975686847654 ], [ 79.2135469490741, 9.283970956226762 ], [ 79.21353876991347, 9.283966224719244 ], [ 79.213530591651136, 9.283961494098223 ], [ 79.213523907287083, 9.283958457670696 ], [ 79.213517222923045, 9.283955422129702 ], [ 79.213510536762385, 9.283952386588698 ], [ 79.213503853296686, 9.283949351047653 ], [ 79.213497168034323, 9.283946313733489 ], [ 79.213490482771988, 9.283943278192369 ], [ 79.213483799306275, 9.283940242651248 ], [ 79.213477113145615, 9.283937207110103 ], [ 79.213470428781577, 9.283934170682397 ], [ 79.213463744417552, 9.283931135141163 ], [ 79.213457059155218, 9.283928098713417 ], [ 79.213450374791179, 9.283925063172157 ], [ 79.21344368863052, 9.283922026744325 ], [ 79.213437005164806, 9.283918992089548 ], [ 79.213430319902471, 9.283915954775129 ], [ 79.213423634640108, 9.283912919233767 ], [ 79.213416951174409, 9.283909882805819 ], [ 79.213410265013749, 9.283906848150968 ], [ 79.213403580649711, 9.283903811722981 ], [ 79.213396896285673, 9.283900775294956 ], [ 79.213390211023338, 9.283897738866933 ], [ 79.213383525761003, 9.283894704211953 ], [ 79.213376841396979, 9.283891667783839 ], [ 79.213370157032941, 9.283888632242276 ], [ 79.213363471770606, 9.283885595814162 ], [ 79.213356787406568, 9.283882560272508 ], [ 79.213350102144233, 9.28387952384433 ], [ 79.21334341688187, 9.283876488302663 ], [ 79.21333673341617, 9.283873452760933 ], [ 79.213330048153836, 9.283870416332679 ], [ 79.213323362891472, 9.283867379904363 ], [ 79.213316677629138, 9.283864344362581 ], [ 79.213309993265099, 9.283861308820773 ], [ 79.213303308901061, 9.283858273278954 ], [ 79.21329662363874, 9.283855236850522 ], [ 79.213289939274702, 9.283852200422091 ], [ 79.213283254012367, 9.283849164880182 ], [ 79.21327656874999, 9.283846129338247 ], [ 79.213269885284291, 9.283843092909715 ], [ 79.21326320002197, 9.28384005736773 ], [ 79.213256514759593, 9.283837020939183 ], [ 79.213249830395597, 9.283833985397109 ], [ 79.21324314513322, 9.283830948968525 ], [ 79.213236460769181, 9.28382791431296 ], [ 79.2132297764052, 9.283824876997739 ], [ 79.213223091142822, 9.283821840569029 ], [ 79.213216405880502, 9.283818805026865 ], [ 79.213209720618153, 9.283815770371223 ], [ 79.213203037152411, 9.283812733942437 ], [ 79.213196350991751, 9.283809696627101 ], [ 79.213189666627756, 9.283806661971358 ], [ 79.213182982263717, 9.283803626429055 ], [ 79.213176297001354, 9.283800590000153 ], [ 79.213169612637358, 9.283797553571263 ], [ 79.213162927374981, 9.283794518028859 ], [ 79.213156243010943, 9.283791481599918 ], [ 79.213149557748608, 9.283788446057487 ], [ 79.213142874282909, 9.283785409628459 ], [ 79.213136188122249, 9.283782374972512 ], [ 79.213129502859914, 9.283779337656897 ], [ 79.213122819394172, 9.283776302114353 ], [ 79.213116134131837, 9.283773266571794 ], [ 79.213109449767813, 9.283770231029198 ], [ 79.213102763607139, 9.283767194600017 ], [ 79.213095368675752, 9.28376472378886 ], [ 79.213087972846012, 9.283762252977716 ], [ 79.213080577016271, 9.283759783053084 ], [ 79.213073182084855, 9.283757312241889 ], [ 79.213065786255129, 9.283754841430694 ], [ 79.213058390425388, 9.283752370619448 ], [ 79.213050993697323, 9.283749899808178 ], [ 79.213043598765907, 9.283747428996932 ], [ 79.213036202936166, 9.283744958185636 ], [ 79.21302880710644, 9.283742488260888 ], [ 79.213021412175038, 9.283740018336127 ], [ 79.213014015446973, 9.283737545751709 ], [ 79.213006619617232, 9.283735075826872 ], [ 79.212999223787492, 9.283732605015524 ], [ 79.212991827957779, 9.283730134204115 ], [ 79.21298443302635, 9.283727664279263 ], [ 79.212977037196609, 9.283725192581306 ], [ 79.212969642265207, 9.283722722656417 ], [ 79.212962244638845, 9.283720250958407 ], [ 79.212954849707401, 9.283717781033481 ], [ 79.212947453877703, 9.283715311108542 ], [ 79.212940058047963, 9.283712840297015 ], [ 79.212932662218222, 9.283710368598957 ], [ 79.212925267286792, 9.28370789778743 ], [ 79.212917870558755, 9.283705427862415 ], [ 79.212910474729014, 9.283702957050826 ], [ 79.212903079797613, 9.283700486239212 ], [ 79.212895683967872, 9.283698016314146 ], [ 79.212888288138146, 9.28369554461597 ], [ 79.212880892308405, 9.283693073804343 ], [ 79.212873497376961, 9.283690603879226 ], [ 79.212866100648924, 9.283688133067523 ], [ 79.212858704819183, 9.28368566225582 ], [ 79.212851309887782, 9.283683190557555 ], [ 79.212843914058041, 9.283680720632361 ], [ 79.212836518228315, 9.283678249820634 ], [ 79.212829122398574, 9.28367577900884 ], [ 79.212821726568848, 9.283673309083609 ], [ 79.212814330739107, 9.283670838271791 ], [ 79.212806934909366, 9.283668366573426 ], [ 79.212799539977951, 9.283665896648129 ], [ 79.212792143249899, 9.2836634258363 ], [ 79.212784748318484, 9.283660955910978 ], [ 79.212777351590418, 9.283658484212499 ], [ 79.212769956659002, 9.283656014287139 ], [ 79.212762560829276, 9.283653544361767 ], [ 79.212755164999535, 9.28365107177674 ], [ 79.212747770068134, 9.283648601851329 ], [ 79.212740373340068, 9.283646131039346 ], [ 79.212732978408667, 9.283643661113897 ], [ 79.212725581680601, 9.283641190301864 ], [ 79.212718185850861, 9.283638718603294 ], [ 79.212710790021163, 9.283636248677796 ], [ 79.212703395089704, 9.283633776979176 ], [ 79.212696000158303, 9.283631307053652 ], [ 79.212688603430237, 9.2836288371281 ], [ 79.212681207600497, 9.283626366315966 ], [ 79.212673811770756, 9.283623894617282 ], [ 79.212666415941058, 9.283621424691681 ], [ 79.212659020111317, 9.283618953879532 ], [ 79.212651625179888, 9.28361648306732 ], [ 79.212644229350147, 9.283614012255134 ], [ 79.21263683262211, 9.28361154232943 ], [ 79.21262943769068, 9.283609070630645 ], [ 79.2126188420619, 9.283606317895783 ], [ 79.212608246433149, 9.28360356604747 ], [ 79.212597650804341, 9.283600813312557 ], [ 79.21258705517559, 9.283598060577631 ], [ 79.212576458648499, 9.283595307842655 ], [ 79.212565863918016, 9.283592555994252 ], [ 79.212555268289265, 9.283589803259263 ], [ 79.212544672660499, 9.283587051410784 ], [ 79.212534077031705, 9.28358429778921 ], [ 79.212523482301236, 9.283581545940692 ], [ 79.21251288577416, 9.283578793205614 ], [ 79.212502290145366, 9.283576041357046 ], [ 79.212491695414911, 9.283573287735393 ], [ 79.212481098887849, 9.283570535886774 ], [ 79.212470503259041, 9.283567783151621 ], [ 79.212459907630276, 9.28356503041644 ], [ 79.212449312001482, 9.283562277681224 ], [ 79.212438717271056, 9.283559524945993 ], [ 79.212428120743951, 9.283556773097271 ], [ 79.212417525115143, 9.283554020362015 ], [ 79.212406930384716, 9.283551267626708 ], [ 79.212396333857626, 9.2835485148914 ], [ 79.212385738228832, 9.28354576304263 ], [ 79.212375142600067, 9.283543010307271 ], [ 79.212364546971301, 9.283540257571863 ], [ 79.212353952240832, 9.283537504836467 ], [ 79.212343355713742, 9.283534752987594 ], [ 79.212332760983273, 9.283532000252158 ], [ 79.212322165354507, 9.283529248403221 ], [ 79.212311568827403, 9.283526493894641 ], [ 79.212300974096934, 9.283523742045652 ], [ 79.212290377569843, 9.28352098931013 ], [ 79.212279781941078, 9.283518236574581 ], [ 79.212269187210609, 9.283515483839006 ], [ 79.212258591581858, 9.283512731989967 ], [ 79.212247995054753, 9.283509979254355 ], [ 79.212237400324298, 9.28350722740524 ], [ 79.212226804695518, 9.283504473783029 ], [ 79.212216208168428, 9.2835017219339 ], [ 79.212205613437959, 9.283498970084722 ], [ 79.212195017809194, 9.283496217349008 ], [ 79.2121844221804, 9.283493464613255 ], [ 79.212173825653309, 9.283490711877491 ], [ 79.212163230922869, 9.283487960028236 ], [ 79.2121526361924, 9.283485207292419 ], [ 79.212142038766984, 9.283482455443151 ], [ 79.212131444036515, 9.283479701820736 ], [ 79.212120849306075, 9.283476949084857 ], [ 79.212110252778984, 9.283474196348951 ], [ 79.212099657150176, 9.283471443613035 ], [ 79.21208906241975, 9.283468690877092 ], [ 79.21207846589266, 9.283465939027671 ], [ 79.212067870263851, 9.283463186291677 ], [ 79.2120572746351, 9.283460434442244 ], [ 79.212046679006335, 9.28345768081965 ], [ 79.212036084275866, 9.283454928970166 ], [ 79.212025487748775, 9.283452176234045 ], [ 79.212014892119996, 9.283449424384523 ], [ 79.212004297389541, 9.283446670761853 ], [ 79.211993700862436, 9.28344391891228 ], [ 79.211983105233671, 9.28344116617612 ], [ 79.211972509604877, 9.28343841432647 ], [ 79.211961914874408, 9.283435660703701 ], [ 79.211951318347317, 9.283432908854051 ], [ 79.211939371652392, 9.283430297965706 ], [ 79.211927424957423, 9.283427686190826 ], [ 79.211915479160751, 9.283425075302469 ], [ 79.211903531567486, 9.283422464414075 ], [ 79.211891585770815, 9.283419852639133 ], [ 79.21187963907586, 9.283417241750712 ], [ 79.211867693279217, 9.283414631748814 ], [ 79.211855745685952, 9.283412020860355 ], [ 79.211843798990984, 9.283409409971872 ], [ 79.211831852296015, 9.283406798196827 ], [ 79.211819905601047, 9.283404187308305 ], [ 79.211807958906093, 9.283401576419758 ], [ 79.211796013109421, 9.283398964644661 ], [ 79.211784066414467, 9.283396353756077 ], [ 79.211772119719512, 9.283393743754038 ], [ 79.211760173024558, 9.283391132865415 ], [ 79.211748227227886, 9.283388521976777 ], [ 79.211736279634621, 9.283385911088141 ], [ 79.211724332939653, 9.283383299312906 ], [ 79.211712387142995, 9.283380688424204 ], [ 79.211700440448055, 9.283378076648956 ], [ 79.211688493753087, 9.283375465760205 ], [ 79.211676547058133, 9.283372855758016 ], [ 79.211664601261461, 9.283370244869237 ], [ 79.211652653668196, 9.283367633980436 ], [ 79.211640707871524, 9.28336502309166 ], [ 79.211628760278273, 9.28336241220282 ], [ 79.211616813583305, 9.283359800427444 ], [ 79.211604866888337, 9.283357188651992 ], [ 79.211592921091693, 9.283354577763101 ], [ 79.211580974396739, 9.283351967760746 ], [ 79.211569027701771, 9.283349356871815 ], [ 79.211557081006802, 9.283346745982898 ], [ 79.21154513521013, 9.283344135093932 ], [ 79.21153318761688, 9.283341524204927 ], [ 79.211521240921911, 9.283338913315921 ], [ 79.211509294226943, 9.283336300653794 ], [ 79.211497348430299, 9.283333689764776 ], [ 79.21148540083702, 9.283331078875706 ], [ 79.211473455040377, 9.283328468873147 ], [ 79.211461508345408, 9.283325857984078 ], [ 79.21144956165044, 9.283323247094945 ], [ 79.211437614955486, 9.283320636205787 ], [ 79.211425669158842, 9.283318025316628 ], [ 79.211413721565549, 9.28331541442747 ], [ 79.211401774870566, 9.283312802651713 ], [ 79.211389829073951, 9.283310190875943 ], [ 79.211377882378983, 9.283307579986696 ], [ 79.211365935684015, 9.283304969097436 ], [ 79.211353988989046, 9.28330235820815 ], [ 79.211342043192417, 9.283299748205412 ], [ 79.211330095599109, 9.283297137316088 ], [ 79.21131814980248, 9.283294526426777 ], [ 79.211306202209173, 9.283291914650855 ], [ 79.211294256412543, 9.283289303761507 ], [ 79.21128230881925, 9.283286692872107 ], [ 79.211270363022606, 9.28328408198268 ], [ 79.211258416327652, 9.28328147020672 ], [ 79.211246469632684, 9.283278859317257 ], [ 79.211234522937715, 9.28327624842778 ], [ 79.211222577141072, 9.283273636651757 ], [ 79.211210628649496, 9.283271026648764 ], [ 79.211198682852825, 9.283268415759261 ], [ 79.211186737056181, 9.283265804869696 ], [ 79.211177491595294, 9.283265134637935 ], [ 79.211168247931028, 9.283264467065868 ], [ 79.211159004266719, 9.283263796834081 ], [ 79.21114975970417, 9.283263129261975 ], [ 79.211140516039876, 9.28326245903024 ], [ 79.21113127237561, 9.283261790571547 ], [ 79.211122027813005, 9.283261121226348 ], [ 79.211112784148739, 9.283260451881171 ], [ 79.211103539586148, 9.28325978342248 ], [ 79.211094295921868, 9.283259114077266 ], [ 79.211085052257602, 9.283258444732052 ], [ 79.211075807695011, 9.2832577762734 ], [ 79.211066564030745, 9.283257106928174 ], [ 79.211057320366479, 9.28325643758296 ], [ 79.211048075803888, 9.283255769124306 ], [ 79.211038832139621, 9.28325509977908 ], [ 79.21102958757703, 9.283254430433853 ], [ 79.21102034391275, 9.283253761975162 ], [ 79.211011100248442, 9.283253091743401 ], [ 79.211001855685893, 9.28325242417127 ], [ 79.210992612021599, 9.283251753939508 ], [ 79.210983368357333, 9.283251086367365 ], [ 79.210974123794728, 9.283250416135578 ], [ 79.210964880130462, 9.283249747676912 ], [ 79.21095563466956, 9.283249078331673 ], [ 79.210946391005308, 9.283248408986433 ], [ 79.210937147340999, 9.283247739641194 ], [ 79.210927902778451, 9.283247071182515 ], [ 79.210918659114142, 9.283246401837289 ], [ 79.21090941455158, 9.283245733378573 ], [ 79.210900169988989, 9.283245064033371 ], [ 79.210890926324709, 9.283244393801558 ], [ 79.210881681762118, 9.283243726229415 ], [ 79.210872438097852, 9.283243055997628 ], [ 79.210863194433557, 9.283242386652377 ], [ 79.21085394987098, 9.283241718193672 ], [ 79.210844706206686, 9.283241048848458 ], [ 79.210835461644123, 9.28324038038973 ], [ 79.210826217979829, 9.283239711044477 ], [ 79.210816974315563, 9.283239041699225 ], [ 79.210807729753, 9.283238373240534 ], [ 79.210798486088692, 9.283237703895283 ], [ 79.21078924242444, 9.28323703543659 ], [ 79.210779997861835, 9.283236366091327 ], [ 79.210770754197569, 9.283235696746061 ], [ 79.210761509634978, 9.28323502740081 ], [ 79.210752265970712, 9.28323435894208 ], [ 79.210743022306445, 9.283233688710281 ], [ 79.21073377774384, 9.283233021138111 ], [ 79.210724534079574, 9.283232350906312 ], [ 79.210715290415308, 9.283231683334144 ], [ 79.210706045852717, 9.283231013102306 ], [ 79.210696802188451, 9.283230343757028 ], [ 79.21068755762586, 9.283229675298324 ], [ 79.210678313961594, 9.283229005953059 ], [ 79.210669070297286, 9.283228336607781 ], [ 79.210659825734723, 9.283227668149078 ], [ 79.210650582070414, 9.2832269988038 ], [ 79.210641336609541, 9.283226328571949 ], [ 79.210632092945261, 9.283225660999793 ], [ 79.210622849280995, 9.283224990767955 ], [ 79.210613604718404, 9.283224323195775 ], [ 79.210604361054138, 9.283223652963962 ], [ 79.210595115593208, 9.283222985391767 ], [ 79.210585871928942, 9.283222315159916 ], [ 79.210576628264675, 9.2832216467012 ], [ 79.21056738370207, 9.28322097735591 ], [ 79.210558140037818, 9.28322030801062 ], [ 79.210548896373552, 9.283219638665317 ], [ 79.210539651810961, 9.283218970206599 ], [ 79.210530408146681, 9.283218300861311 ], [ 79.21052116358409, 9.283217630629446 ], [ 79.210511919919824, 9.283216963057278 ], [ 79.21050267625553, 9.283216292825415 ], [ 79.210493431692953, 9.28321562525322 ], [ 79.210484188028659, 9.283214955021382 ], [ 79.210474944364393, 9.283214286562615 ], [ 79.210465699801802, 9.283213617217349 ], [ 79.210456456137535, 9.283212948758569 ], [ 79.21044721157493, 9.283212279413267 ], [ 79.210437967910664, 9.283211610067964 ], [ 79.210428724246398, 9.283210940722661 ], [ 79.210419479683807, 9.283210272263906 ], [ 79.210410236019541, 9.283209602918603 ], [ 79.210400992355275, 9.283208933573288 ], [ 79.210391747792684, 9.283208265114546 ], [ 79.210382504128418, 9.28320759576923 ], [ 79.210373259565813, 9.28320692731045 ], [ 79.210364015901547, 9.2832062570786 ], [ 79.210354772237281, 9.283205587733283 ], [ 79.210345526776351, 9.283204919274528 ], [ 79.210336283112085, 9.283204249929213 ], [ 79.210327039447819, 9.283203580583885 ], [ 79.210317794885228, 9.283202912125091 ], [ 79.210308551220962, 9.283202242779803 ], [ 79.210299306658371, 9.283201574321009 ], [ 79.210290062994105, 9.283200904975681 ], [ 79.210280819329839, 9.283200235630352 ], [ 79.210271573868908, 9.283199566285024 ], [ 79.210262330204642, 9.283198897826257 ], [ 79.210253085642051, 9.283198227594367 ], [ 79.210243841977771, 9.283197560022161 ], [ 79.210234598313505, 9.283196889790259 ], [ 79.210225353750914, 9.283196222218027 ], [ 79.210216110086648, 9.28319555198615 ], [ 79.210206866422382, 9.283194884413906 ], [ 79.210197621859791, 9.283194214182043 ], [ 79.210188378195525, 9.283193544836701 ], [ 79.21017913363292, 9.283192876377882 ], [ 79.210169889968654, 9.283192206146007 ], [ 79.210160646304345, 9.2831915376872 ], [ 79.210151401741797, 9.28319086834186 ], [ 79.210142158077502, 9.283190199883078 ], [ 79.210132914413236, 9.283189529651191 ], [ 79.210123669850631, 9.283188861192372 ], [ 79.210114426186365, 9.283188191847032 ], [ 79.210105181623774, 9.283187523388237 ], [ 79.210095937959508, 9.283186854042883 ], [ 79.210086694295228, 9.283186184697531 ], [ 79.210077449732637, 9.283185516238737 ], [ 79.210068206068371, 9.283184846893384 ], [ 79.210058960607483, 9.283184176661457 ], [ 79.210049716943175, 9.283183509089199 ], [ 79.210040473278923, 9.283182838857297 ], [ 79.210031228716318, 9.28318217128504 ], [ 79.210021985052052, 9.283181501053138 ], [ 79.210012741387786, 9.283180832594306 ], [ 79.210003496825195, 9.283180163248939 ], [ 79.1993962420526, 9.283240471704383 ], [ 79.193202526153556, 9.28320538737297 ], [ 79.192237740928306, 9.283178422064458 ], [ 79.191086364838739, 9.283115318305228 ], [ 79.189397992042046, 9.283070378180277 ], [ 79.186872269924578, 9.28307076117005 ], [ 79.185165689175378, 9.282980595433701 ], [ 79.184446632706184, 9.282836033567269 ], [ 79.18412807034349, 9.282808955638357 ], [ 79.183049524267318, 9.282840750018689 ], [ 79.182717315597159, 9.282867921033009 ], [ 79.182084764194897, 9.282990065567681 ], [ 79.181347560858669, 9.283238804103826 ], [ 79.180842430987866, 9.283356411147921 ], [ 79.178799116754419, 9.283501337171476 ], [ 79.177056173100809, 9.28377731632599 ], [ 79.176696662832512, 9.283845170092816 ], [ 79.175781973057411, 9.284125563097914 ], [ 79.175122128141879, 9.284378800941495 ], [ 79.174776273164227, 9.2844782972241 ], [ 79.174348499019175, 9.284541636559394 ], [ 79.17261918909665, 9.284727178324614 ], [ 79.171636204003747, 9.284754407704748 ], [ 79.170507582240333, 9.284695755578332 ], [ 79.168787347098814, 9.284641678908379 ], [ 79.168541596783172, 9.284614578955283 ], [ 79.167790691443912, 9.284474508122784 ], [ 79.167376559114786, 9.284447423228062 ], [ 79.165506151708897, 9.284443072055613 ], [ 79.163380903036696, 9.284520107658448 ], [ 79.16284390093962, 9.284520151099253 ], [ 79.162238632270842, 9.284479512679852 ], [ 79.16100988608251, 9.284339465730138 ], [ 79.160782341922726, 9.284330441565864 ], [ 79.160450132354242, 9.284366633082064 ], [ 79.159758409822516, 9.284506826301174 ], [ 79.158302140135675, 9.284624468381621 ], [ 79.1577378373388, 9.284701359437571 ], [ 79.157105278750024, 9.284891270016086 ], [ 79.156140519575928, 9.285298197859065 ], [ 79.154543207202906, 9.286075859905027 ], [ 79.153573898061907, 9.286627444254233 ], [ 79.152859428390556, 9.286993661916558 ], [ 79.150342835851319, 9.288196299920452 ], [ 79.147339278274686, 9.289421543969015 ], [ 79.145104799853826, 9.290357411830401 ], [ 79.143857854696151, 9.290836646761219 ], [ 79.143324969578018, 9.291082994074451 ], [ 79.142938573631611, 9.291261620103452 ], [ 79.142660968157685, 9.291356562989183 ], [ 79.14228324005542, 9.291433424198681 ], [ 79.14175988157092, 9.29148316469283 ], [ 79.141383486568557, 9.291496719723146 ], [ 79.141131192924377, 9.291504478625821 ], [ 79.141010258127551, 9.291519992884526 ], [ 79.140745018861836, 9.291550995690534 ], [ 79.140558666051064, 9.291609900216534 ], [ 79.140441044241044, 9.29164551828319 ], [ 79.14027786167641, 9.291716445893728 ], [ 79.140016871442, 9.291826774354675 ], [ 79.139802975386303, 9.291876505041138 ], [ 79.13904259192249, 9.29191845732357 ], [ 79.13840725125128, 9.29202135661815 ], [ 79.138259375979104, 9.292018322033563 ], [ 79.138109358224966, 9.291990414137672 ], [ 79.137895861919588, 9.29191923214908 ], [ 79.136709289837214, 9.291282437593321 ], [ 79.13587832663984, 9.290948102279568 ], [ 79.135751625557205, 9.29081408987135 ], [ 79.135455799554364, 9.290394414787281 ], [ 79.135313256681712, 9.290244497778467 ], [ 79.134785219771175, 9.289850727401722 ], [ 79.133855587419617, 9.289246914387082 ], [ 79.133536026130358, 9.289012442697393 ], [ 79.133058060415436, 9.288616672682613 ], [ 79.132313128872823, 9.287936983184284 ], [ 79.132230448832416, 9.287879734980608 ], [ 79.13213931834008, 9.288037937697906 ], [ 79.131760062203526, 9.288371648121133 ], [ 79.131163586244782, 9.288896492713725 ], [ 79.127232019572304, 9.289276048579099 ], [ 79.124348328695604, 9.289998467254245 ], [ 79.121973604394228, 9.291305706336301 ], [ 79.121253282198836, 9.290904377706205 ], [ 79.120775430569992, 9.290940525989889 ], [ 79.120293028974203, 9.290972153851122 ], [ 79.119815179141966, 9.290985698262876 ], [ 79.119332779342813, 9.290963074892824 ], [ 79.118854930408887, 9.290940452407831 ], [ 79.118377080576664, 9.290917827261797 ], [ 79.117894680777525, 9.290899724307017 ], [ 79.117416830046963, 9.290904222563341 ], [ 79.116916225888573, 9.290904198627032 ], [ 79.116433826987745, 9.290877051285669 ], [ 79.115955976257197, 9.290895110801655 ], [ 79.115473578254679, 9.290845358699093 ], [ 79.114995730219078, 9.290800126123855 ], [ 79.114513330419939, 9.290791058685997 ], [ 79.114035480587674, 9.290772950405469 ], [ 79.113553078991899, 9.290804569416542 ], [ 79.113075225566419, 9.290858789639774 ], [ 79.112592823072319, 9.290908489435125 ], [ 79.112114971443475, 9.29092654363027 ], [ 79.11163712161121, 9.290931034794021 ], [ 79.11115471911711, 9.290949088101499 ], [ 79.110676870183227, 9.290935494042634 ], [ 79.110194467689112, 9.290953545576787 ], [ 79.109716618755201, 9.290939952404637 ], [ 79.109216014596825, 9.29093991782992 ], [ 79.108733613899346, 9.290935363722649 ], [ 79.108255764067124, 9.290935330034483 ], [ 79.10777336157301, 9.290930773267517 ], [ 79.107295514435719, 9.290926218273572 ], [ 79.106813110145026, 9.290957826632471 ], [ 79.106335263007722, 9.290930665997307 ], [ 79.105857409582214, 9.290971315193342 ], [ 79.105375007088142, 9.290989361406504 ], [ 79.104897151865998, 9.291039049658401 ], [ 79.10441474667698, 9.291102300041137 ], [ 79.103936890556511, 9.291174593017747 ], [ 79.103454483570843, 9.291237841602911 ], [ 79.102976628348713, 9.291301091949746 ], [ 79.102494216871463, 9.29141858901756 ], [ 79.102016358954401, 9.291486357084226 ], [ 79.101533945680529, 9.291617415321271 ], [ 79.101056084170182, 9.291730390101026 ], [ 79.100569120929407, 9.291838842663839 ], [ 79.100091259419059, 9.291951815599102 ], [ 79.099608845246863, 9.292078350597979 ], [ 79.099130980143286, 9.292209405067368 ], [ 79.09864856507275, 9.292331417799 ], [ 79.09817070176581, 9.292448909201967 ], [ 79.097692836662205, 9.292575442248163 ], [ 79.097210421591711, 9.292692931796218 ], [ 79.096728003826243, 9.292828503770773 ], [ 79.096245590552371, 9.292918868214006 ], [ 79.095767726347091, 9.293031836368234 ], [ 79.095285313073234, 9.293117677708411 ], [ 79.09480744976625, 9.293217081970024 ], [ 79.0943250311025, 9.293343609419512 ], [ 79.093847165998895, 9.293443011843936 ], [ 79.093364750928387, 9.293542414240141 ], [ 79.092886882231539, 9.293673460182868 ], [ 79.0923999100076, 9.293818067222642 ], [ 79.091922040412399, 9.293953634328936 ], [ 79.091439614562134, 9.294125365295045 ], [ 79.090961746763583, 9.294229284328127 ], [ 79.090479327201479, 9.294346765342512 ], [ 79.090001462097888, 9.294428079780623 ], [ 79.089523595197676, 9.294531997837339 ], [ 79.089036623872047, 9.294644954832819 ], [ 79.088558749785292, 9.29479407829464 ], [ 79.088076329324878, 9.294907035205554 ], [ 79.08759845433984, 9.29505163730323 ], [ 79.08711603477775, 9.295151030377548 ], [ 79.08663816787751, 9.295236860559905 ], [ 79.086155753705313, 9.295295567658506 ], [ 79.085677890398372, 9.295349750839002 ], [ 79.085195476226161, 9.295399415422661 ], [ 79.084717617410774, 9.295426472874933 ], [ 79.084235205035242, 9.295453531211654 ], [ 79.083757347118137, 9.295471546165611 ], [ 79.083274946420701, 9.295435312357387 ], [ 79.082797092096854, 9.295417161764107 ], [ 79.082314694094379, 9.295353803118939 ], [ 79.082241398753695, 9.295347780106496 ], [ 79.08214246100323, 9.295339650723866 ], [ 79.082036046574714, 9.295330906983132 ], [ 79.081818639004567, 9.295313045389795 ], [ 79.081690020917151, 9.295307702337055 ], [ 79.081476833632209, 9.295298847780606 ], [ 79.081272522600628, 9.295290361129499 ], [ 79.079570372342417, 9.295764781720113 ], [ 79.07925179470837, 9.295805420603227 ], [ 79.078951425925126, 9.295818935572917 ], [ 79.078637421614204, 9.295719432759984 ], [ 79.078396220367154, 9.295701312323096 ], [ 79.078155035289782, 9.295588256378371 ], [ 79.0778546871678, 9.29547067117133 ], [ 79.077577097863525, 9.295330484113387 ], [ 79.077258549873889, 9.295185771315934 ], [ 79.077067417127523, 9.295126971114342 ], [ 79.076876295160915, 9.295004882229634 ], [ 79.076580497904175, 9.29489633667632 ], [ 79.076261940033064, 9.294814912418389 ], [ 79.075961582029606, 9.294765136050206 ], [ 79.075661223127838, 9.294724400415559 ], [ 79.075360857937881, 9.294719830400084 ], [ 79.075060490052934, 9.294728822381954 ], [ 79.074741914215551, 9.294769456066208 ], [ 79.074441545432308, 9.294787490558823 ], [ 79.074141179344011, 9.294782918771141 ], [ 79.073822613388074, 9.294760262845147 ], [ 79.073522248198088, 9.294751170687229 ], [ 79.073221883906413, 9.294737557272514 ], [ 79.072921521411388, 9.294723943857266 ], [ 79.072621149933212, 9.294755536802485 ], [ 79.072320776658415, 9.29479617225668 ], [ 79.072020400688629, 9.294850369698807 ], [ 79.071720027413832, 9.294891004255463 ], [ 79.071419646054196, 9.294976845139841 ], [ 79.071119270084452, 9.295035562033762 ], [ 79.070818884233191, 9.295144007367174 ], [ 79.070518492093782, 9.295284096096106 ], [ 79.070218099954346, 9.295428706016711 ], [ 79.069917707814923, 9.295564274272332 ], [ 79.069617327353569, 9.295645593746762 ], [ 79.069257777559415, 9.295749505236433 ], [ 79.069143993352256, 9.295799213202756 ], [ 79.069143980775863, 9.295867023860954 ], [ 79.068998341410406, 9.295907683122085 ], [ 79.068934624805621, 9.295916713193693 ], [ 79.068866350149094, 9.295966429114964 ], [ 79.068679749403316, 9.29602064410626 ], [ 79.068420305169511, 9.296210466987837 ], [ 79.068210915063304, 9.296440985312865 ], [ 79.067910516635649, 9.296608197372391 ], [ 79.067628319872284, 9.296784453585545 ], [ 79.067337023175099, 9.296951666367526 ], [ 79.06699566785872, 9.297096264960993 ], [ 79.06670891933183, 9.297277041265689 ], [ 79.066394865613532, 9.297444249379749 ], [ 79.066076261030048, 9.29761145475436 ], [ 79.065766758176977, 9.29777866270868 ], [ 79.065484562311951, 9.29793683435823 ], [ 79.06512954811167, 9.2981085536185 ], [ 79.064842799584781, 9.298280286092202 ], [ 79.064542396665544, 9.29844749461345 ], [ 79.064201035060961, 9.298619216282709 ], [ 79.063918835602678, 9.298790949392309 ], [ 79.063627543397061, 9.298917472167476 ], [ 79.063354443872583, 9.299093726331067 ], [ 79.063035839289086, 9.299251889407635 ], [ 79.062758186204448, 9.299437183135188 ], [ 79.062453230623348, 9.299604387557604 ], [ 79.062161927637987, 9.299776118410675 ], [ 79.061861524718751, 9.299938804141247 ], [ 79.06156111730796, 9.30011957188543 ], [ 79.061265261660708, 9.300295820124461 ], [ 79.061014920055655, 9.300453995068711 ], [ 79.060714508153282, 9.300648324314709 ], [ 79.060445949612586, 9.300865262886729 ], [ 79.060159189407571, 9.301073158088313 ], [ 79.059876979169474, 9.301272011708638 ], [ 79.059585666302652, 9.301479904009021 ], [ 79.059289802570547, 9.301683275018997 ], [ 79.058993945126687, 9.30185048014093 ], [ 79.058711735786915, 9.302049333319399 ], [ 79.058420422920065, 9.302243662565679 ], [ 79.058088156757719, 9.30241537882573 ], [ 79.057796851975681, 9.30257354306011 ], [ 79.057648926397846, 9.302650364573308 ], [ 79.057523430854346, 9.302715533904758 ], [ 79.057500997226754, 9.302727184296645 ], [ 79.057200588019342, 9.302894387146619 ], [ 79.056845564835882, 9.303061576619143 ], [ 79.056531494049622, 9.303269463423451 ], [ 79.056171911916138, 9.303468296292234 ], [ 79.055894254339904, 9.303644543730556 ], [ 79.055593846929114, 9.303798182723629 ], [ 79.055020336400588, 9.304114508097301 ], [ 79.054747234181178, 9.304263631069432 ], [ 79.054496887186204, 9.304421799787008 ], [ 79.054246534801393, 9.304598052950276 ], [ 79.053968886208295, 9.304733613220655 ], [ 79.053695782192264, 9.304891776406674 ], [ 79.053413580937303, 9.3050273339037 ], [ 79.05311317262823, 9.305176451167625 ], [ 79.052821866947866, 9.305316527014739 ], [ 79.052544213863214, 9.305461126583287 ], [ 79.052262011709985, 9.305596684746067 ], [ 79.052025320005654, 9.305736772835733 ], [ 79.051779526570868, 9.305872337983622 ], [ 79.051479118261796, 9.306012410892489 ], [ 79.051219664146473, 9.306179616604224 ], [ 79.050969308168362, 9.306360388214932 ], [ 79.050728061107236, 9.30651403842568 ], [ 79.050477704230815, 9.30669932830606 ], [ 79.0502136938604, 9.306880095215615 ], [ 79.050013406382945, 9.307033752289886 ], [ 79.049763053998092, 9.307196439963546 ], [ 79.04953090058261, 9.30738173480124 ], [ 79.04928510085962, 9.307530859925919 ], [ 79.04904840017214, 9.307698070230387 ], [ 79.048770740799284, 9.307856230302452 ], [ 79.048520385719513, 9.308023437791814 ], [ 79.048270029741417, 9.308195165397438 ], [ 79.048069735975744, 9.308366904443007 ], [ 79.047819383590891, 9.308525068644933 ], [ 79.047605433636321, 9.308705846134755 ], [ 79.047364181185301, 9.308868533030262 ], [ 79.047095616356387, 9.309049297045155 ], [ 79.046845267564791, 9.309184857362608 ], [ 79.046585814347807, 9.309329457104152 ], [ 79.046326371012299, 9.309428848781025 ], [ 79.04608058117077, 9.309537286992805 ], [ 79.045821130648704, 9.309663802334278 ], [ 79.045548023937712, 9.309803878156405 ], [ 79.045306768791761, 9.309971084714093 ], [ 79.045060970865393, 9.310102125388994 ], [ 79.044819716617752, 9.310264810748139 ], [ 79.044573908809951, 9.310432015312331 ], [ 79.04434175180117, 9.3106127856105 ], [ 79.044073187870566, 9.310779984689329 ], [ 79.043822831892456, 9.310933625865548 ], [ 79.043604331970954, 9.311096317042985 ], [ 79.04338128477751, 9.311245444128781 ], [ 79.043140031428152, 9.311399086873305 ], [ 79.042898777180497, 9.311548210283982 ], [ 79.042689382582708, 9.311697339836337 ], [ 79.042439025706301, 9.311850980609261 ], [ 79.04218866703323, 9.31200914234795 ], [ 79.042024789172601, 9.312140199988159 ], [ 79.041833608815494, 9.312248647996366 ], [ 79.041665175598055, 9.312393267745648 ], [ 79.041483094276487, 9.312519800669202 ], [ 79.041273705068605, 9.312641806316416 ], [ 79.041046112399783, 9.312759285578645 ], [ 79.040845818634153, 9.312908417273562 ], [ 79.040659189142303, 9.313021386950028 ], [ 79.040422480369998, 9.313184070063599 ], [ 79.040190325157837, 9.313342233858313 ], [ 79.039971830626229, 9.313473277701391 ], [ 79.039780638591054, 9.313622411750973 ], [ 79.039539386140021, 9.31376249041859 ], [ 79.039293575637259, 9.31392065040553 ], [ 79.039075072122515, 9.314083338419204 ], [ 79.038947617353358, 9.314155636397464 ], [ 79.038906634413479, 9.314236996758764 ], [ 79.038774635067313, 9.314282169569204 ], [ 79.038647165026816, 9.314413236994401 ], [ 79.038615306275247, 9.314413228129713 ], [ 79.038374064604042, 9.314503577245027 ], [ 79.038137384577809, 9.314557762768255 ], [ 79.037877931360825, 9.314675230748549 ], [ 79.037577525746642, 9.314756523617117 ], [ 79.037299868170436, 9.314869466101888 ], [ 79.037031299748236, 9.315027617609418 ], [ 79.036790041907338, 9.31517673681193 ], [ 79.036589746345086, 9.315325865701967 ], [ 79.036298403833811, 9.31554278098211 ], [ 79.036125409869655, 9.315710000749862 ], [ 79.035966084670861, 9.315818452968665 ], [ 79.035756688276436, 9.31595401686517 ], [ 79.035542731135322, 9.316125746778541 ], [ 79.03534698104842, 9.316283916333022 ], [ 79.035146680994572, 9.316442086702398 ], [ 79.034937278311943, 9.316595733366766 ], [ 79.034709663185254, 9.316776498702735 ], [ 79.034468394564556, 9.316952739429945 ], [ 79.034208926076218, 9.317110891767131 ], [ 79.033990412679998, 9.317296179574321 ], [ 79.033771903775317, 9.317463386092086 ], [ 79.033535189613133, 9.317621544403231 ], [ 79.033343984103197, 9.317802318959322 ], [ 79.033075416579337, 9.317946905383121 ], [ 79.032825042634926, 9.318127663814462 ], [ 79.032583774912553, 9.318294861955943 ], [ 79.032351617903799, 9.318439458813323 ], [ 79.032092150313758, 9.31858856858091 ], [ 79.031841774572712, 9.318769324907194 ], [ 79.031600502358756, 9.318954605629203 ], [ 79.031359232839733, 9.319121803374681 ], [ 79.031136170374907, 9.31928900458592 ], [ 79.030908564231396, 9.319424560929944 ], [ 79.030667292017426, 9.319600800320648 ], [ 79.030457876758405, 9.319790610398647 ], [ 79.030234816988497, 9.319939727567322 ], [ 79.030025413407571, 9.320088849991061 ], [ 79.029793243822397, 9.320260569892847 ], [ 79.029542861793132, 9.320459408163345 ], [ 79.029292481560518, 9.320649205364143 ], [ 79.029042110311053, 9.320811877832908 ], [ 79.028809935335957, 9.321001679274353 ], [ 79.028555006034765, 9.321182431691875 ], [ 79.028313724837645, 9.321381272096652 ], [ 79.028054239281289, 9.321575586159943 ], [ 79.027835724986772, 9.321742787968883 ], [ 79.027585350144022, 9.321909979060322 ], [ 79.027371383121448, 9.322086223401419 ], [ 79.027130110907507, 9.322253417874144 ], [ 79.026902479611152, 9.322461302124365 ], [ 79.026652095785266, 9.322651097350192 ], [ 79.026388054872115, 9.322854448946787 ], [ 79.026146778166563, 9.323035205723578 ], [ 79.025914606784767, 9.323202402401064 ], [ 79.025884308406859, 9.323226839131836 ], [ 79.025820619649835, 9.323278204395093 ], [ 79.025696087100329, 9.323378643430173 ], [ 79.02542750700006, 9.323536788424105 ], [ 79.025177133055649, 9.323694936005698 ], [ 79.024899455716493, 9.32383499201713 ], [ 79.024662726282912, 9.324020270050362 ], [ 79.024403250608046, 9.324169373888262 ], [ 79.024143770441583, 9.324336560271462 ], [ 79.023902505414156, 9.324472107563654 ], [ 79.023606606647789, 9.324657365756813 ], [ 79.023328914935561, 9.324838107416632 ], [ 79.023064883005574, 9.32500077084145 ], [ 79.02282360540174, 9.325172483007874 ], [ 79.022687030935828, 9.325271895882659 ], [ 79.022636950757061, 9.325321609400996 ], [ 79.022573221575854, 9.325348713291161 ], [ 79.021303086409119, 9.326275060337752 ], [ 79.021148292312617, 9.326419674277266 ], [ 79.020947971597536, 9.326600438958055 ], [ 79.020674831648861, 9.326772139699937 ], [ 79.020447202149128, 9.326952896220133 ], [ 79.020205921850334, 9.327124605652958 ], [ 79.019950985362598, 9.327300832290847 ], [ 79.01969148812816, 9.327504181177595 ], [ 79.019413787432796, 9.327703003797131 ], [ 79.019172497252526, 9.327901837827007 ], [ 79.018913007204645, 9.328078062299369 ], [ 79.018667161667565, 9.328285934214968 ], [ 79.018389455582323, 9.328493798028751 ], [ 79.018098096003058, 9.328697134696394 ], [ 79.017829496139839, 9.328895959295252 ], [ 79.017551795444476, 9.329085737724277 ], [ 79.017292301803309, 9.32927100233179 ], [ 79.017041909892569, 9.329456270386565 ], [ 79.016773303741175, 9.329668656080408 ], [ 79.016481940568653, 9.329876511092223 ], [ 79.016195130956334, 9.330079849613034 ], [ 79.015908320445675, 9.330287707039082 ], [ 79.015639714294238, 9.330495571432667 ], [ 79.01536656356582, 9.330680829086177 ], [ 79.01511161539996, 9.330879656099814 ], [ 79.014986421690395, 9.330963247250171 ], [ 79.014868526792498, 9.331041963908634 ], [ 79.014861227082505, 9.331046838380518 ], [ 79.014610846849891, 9.331191418430167 ], [ 79.014333148849488, 9.331363110706967 ], [ 79.01407364083525, 9.331580017792193 ], [ 79.013827794399859, 9.331774326175065 ], [ 79.013577395302633, 9.33197315256516 ], [ 79.013349755921425, 9.332162946161652 ], [ 79.013094803264011, 9.332366291326986 ], [ 79.012858056762454, 9.332565121811664 ], [ 79.012653176198981, 9.332750402299062 ], [ 79.012411874340614, 9.332958272315894 ], [ 79.012161467158535, 9.333175180181593 ], [ 79.011892853820598, 9.333392082593772 ], [ 79.011646995707125, 9.333613512715901 ], [ 79.011396589423342, 9.333825900309591 ], [ 79.011146175054748, 9.334056369878942 ], [ 79.010904876789652, 9.334250676881631 ], [ 79.010672673068498, 9.334467591034484 ], [ 79.010413170444167, 9.334661891602998 ], [ 79.01022193888312, 9.334851695259115 ], [ 79.009989754026563, 9.335014360218285 ], [ 79.009780311818062, 9.335217719675873 ], [ 79.009507158394683, 9.335393930700176 ], [ 79.009297717084507, 9.335592769208477 ], [ 79.009029109136463, 9.335782544878791 ], [ 79.008846975712601, 9.335985912752294 ], [ 79.008637555063686, 9.336125980669648 ], [ 79.008400801375601, 9.336333849559827 ], [ 79.00811396211887, 9.336591430237739 ], [ 79.00794093671368, 9.336776716562664 ], [ 79.007631335944254, 9.337043330353595 ], [ 79.007376362625592, 9.33728283743447 ], [ 79.00712593208732, 9.337544947863957 ], [ 79.006916496167037, 9.337725702344821 ], [ 79.006679725410962, 9.337974257441953 ], [ 79.006433860110945, 9.338195682880018 ], [ 79.006201650101616, 9.338417114382215 ], [ 79.005964900905113, 9.338602379348954 ], [ 79.005700843822268, 9.338783112007444 ], [ 79.005436777756287, 9.338986448878313 ], [ 79.005318404056368, 9.339076819994911 ], [ 79.005236451651299, 9.33914460097618 ], [ 79.005145401109061, 9.339194295674718 ], [ 79.001930957731275, 9.34193718774573 ], [ 79.001871758754035, 9.342009496792651 ], [ 79.001653209425214, 9.342203805564999 ], [ 79.00140734592182, 9.342402626004468 ], [ 79.001207009037074, 9.342578858214063 ], [ 79.000988448030128, 9.342795770727697 ], [ 79.000756232630835, 9.343012677787812 ], [ 79.000442057640001, 9.343310925882877 ], [ 79.000250814400871, 9.343509766077419 ], [ 78.999982162435373, 9.343785426595073 ], [ 78.999790919196229, 9.343979745899663 ], [ 78.999713518554714, 9.34403848557689 ], [ 78.999658853374726, 9.344160525406073 ], [ 78.999504056583277, 9.344264441957597 ], [ 78.999485829766172, 9.344318683132096 ], [ 78.999317374090822, 9.344436158816711 ], [ 78.999285489288127, 9.344494915258437 ], [ 78.999217191275406, 9.344558179892223 ], [ 78.999167080553875, 9.3446666577093 ], [ 78.999066921992977, 9.344725389293098 ], [ 78.999076018333554, 9.344743475275418 ], [ 78.999035040783554, 9.344775103582402 ], [ 78.998907549183485, 9.344897114788818 ], [ 78.998843801137667, 9.344960381122304 ], [ 78.998611576755238, 9.34519536924736 ], [ 78.998333813177823, 9.345484587569956 ], [ 78.998142576226854, 9.345660822651707 ], [ 78.997937659730752, 9.345895820940646 ], [ 78.997678099614262, 9.346194088725865 ], [ 78.996995087147539, 9.34686288990836 ], [ 78.99664689565185, 9.347960205280712 ], [ 78.996037157864535, 9.348380770243919 ], [ 78.995554790404753, 9.348688331407788 ], [ 78.995072331316791, 9.348995891413487 ], [ 78.994125793569921, 9.34954323964303 ], [ 78.99319743682608, 9.350113137412601 ], [ 78.992378282881404, 9.35076885609381 ], [ 78.991902009592494, 9.351153717919836 ], [ 78.991797921800554, 9.351237828053973 ], [ 78.991404445333032, 9.35155578300378 ], [ 78.990266792806068, 9.352442131870177 ], [ 78.988797044796669, 9.353821402932843 ], [ 78.987504638597443, 9.35494293763854 ], [ 78.986125721043067, 9.355897225775287 ], [ 78.985520556578848, 9.356471458978511 ], [ 78.985370414857201, 9.356855800404368 ], [ 78.984806138111495, 9.357298994071227 ], [ 78.984328325110198, 9.357850643152659 ], [ 78.983509226861088, 9.358610327763492 ], [ 78.983294992140529, 9.358780258621486 ], [ 78.98318986769273, 9.358863641870384 ], [ 78.982517113088235, 9.359397267067205 ], [ 78.981570590612719, 9.360283522380294 ], [ 78.980856139806008, 9.360961848695839 ], [ 78.980469338719402, 9.361242278140057 ], [ 78.979991529311363, 9.36178936512221 ], [ 78.978876685009467, 9.363078050771549 ], [ 78.977921030260774, 9.364136217441123 ], [ 78.976974578752149, 9.365262081441902 ], [ 78.976901877197889, 9.365668966084449 ], [ 78.976296603139232, 9.366283923719386 ], [ 78.975604856353002, 9.366962226798586 ], [ 78.975154440171238, 9.3675590955764 ], [ 78.974981545920087, 9.367875556305014 ], [ 78.974549193960343, 9.368449773261164 ], [ 78.973361535814789, 9.36976562326749 ], [ 78.972346656037715, 9.370742402921609 ], [ 78.971568468863282, 9.371547212318081 ], [ 78.970812993794198, 9.372162232222108 ], [ 78.970184979782445, 9.372754590429432 ], [ 78.96999847964797, 9.373156993914751 ], [ 78.968665023135159, 9.374432188391069 ], [ 78.967499954025755, 9.375404374434257 ], [ 78.966480455111494, 9.376277101868727 ], [ 78.966157341883559, 9.376634370234477 ], [ 78.966048150762489, 9.377018665420209 ], [ 78.965638536060894, 9.377271834040505 ], [ 78.964710197283338, 9.378162644566313 ], [ 78.963890974168436, 9.378944978630072 ], [ 78.963285665075489, 9.379537311078021 ], [ 78.962034139408146, 9.380740080092131 ], [ 78.961624555249301, 9.381228411831932 ], [ 78.961123872039195, 9.381734839349374 ], [ 78.960805251286018, 9.381884038102022 ], [ 78.960609668285741, 9.382268417874098 ], [ 78.960391139618125, 9.382435685350641 ], [ 78.960195474871128, 9.382734109663883 ], [ 78.959890563307525, 9.383204357275039 ], [ 78.95954919631302, 9.383326493249362 ], [ 78.958770954341361, 9.384239837295532 ], [ 78.958015478373952, 9.385067212258539 ], [ 78.957387497599854, 9.385808765877671 ], [ 78.95728283219114, 9.386089097254372 ], [ 78.957132596146394, 9.386170461183161 ], [ 78.956654690618635, 9.386550349816726 ], [ 78.956090369855445, 9.387079353898669 ], [ 78.955639841384269, 9.387635466844298 ], [ 78.955271144045568, 9.387992749210087 ], [ 78.954843300730275, 9.388354418306761 ], [ 78.95447013696797, 9.388671008961671 ], [ 78.954278937746281, 9.389055245607004 ], [ 78.953914873917824, 9.389285856696816 ], [ 78.953500708351029, 9.389670230919904 ], [ 78.95322301484218, 9.390009330072683 ], [ 78.952599602899625, 9.390927206649101 ], [ 78.952126193439852, 9.391243679737389 ], [ 78.951693838785175, 9.391664195824211 ], [ 78.95141623241291, 9.392134465883188 ], [ 78.950961055160136, 9.392514245170492 ], [ 78.950423972214708, 9.39308847805715 ], [ 78.950137237162551, 9.393359776885848 ], [ 78.949595675217097, 9.394037985361345 ], [ 78.948867435270756, 9.394675579349562 ], [ 78.948453214008424, 9.395123122363461 ], [ 78.947984467703293, 9.395462317212056 ], [ 78.947634009758133, 9.395973241211136 ], [ 78.947201585034861, 9.396375612428761 ], [ 78.946801017266495, 9.396790319046776 ], [ 78.946769174684619, 9.39682328618446 ], [ 78.946706175833754, 9.396889947184286 ], [ 78.946209426346257, 9.397415573007811 ], [ 78.94558121560344, 9.397922014089401 ], [ 78.944975875967785, 9.398568557433682 ], [ 78.944798379647438, 9.398848885574015 ], [ 78.944193036418483, 9.399459238769683 ], [ 78.943938175389235, 9.399843539663303 ], [ 78.943460336336784, 9.400607645103861 ], [ 78.943073386129825, 9.4008834632359 ], [ 78.94268201261842, 9.401457702625022 ], [ 78.942117587650671, 9.402009293001838 ], [ 78.941644257242658, 9.40255638036815 ], [ 78.941020677315137, 9.403135138602103 ], [ 78.94071571005594, 9.403704751608966 ], [ 78.940479024639828, 9.403790731384387 ], [ 78.940174107686317, 9.404211207415443 ], [ 78.93987368859743, 9.404383028439479 ], [ 78.939404822816343, 9.404884930636355 ], [ 78.938476298985847, 9.405884068575924 ], [ 78.93767979606109, 9.406797427570496 ], [ 78.936896913392658, 9.407882460754957 ], [ 78.936336996171008, 9.408284934220289 ], [ 78.936141359271801, 9.408709894431563 ], [ 78.93608567360566, 9.408776201307809 ], [ 78.935996996412385, 9.40888179298134 ], [ 78.935340195887363, 9.409663874205506 ], [ 78.934129449242391, 9.411151388020453 ], [ 78.93315993618377, 9.412381123050151 ], [ 78.932399823112846, 9.413339612407926 ], [ 78.93168520881278, 9.414207741376972 ], [ 78.931271025279671, 9.415035065087759 ], [ 78.9304062333253, 9.416391328367007 ], [ 78.930014825677915, 9.417051449354432 ], [ 78.929477658290864, 9.417706983843052 ], [ 78.929086231778825, 9.41826308744289 ], [ 78.928612844776922, 9.418792116595439 ], [ 78.928480868786977, 9.419090490948781 ], [ 78.928089362324883, 9.419515494589435 ], [ 78.927788933354535, 9.420021795186219 ], [ 78.927397494266117, 9.420320257983459 ], [ 78.927270062853154, 9.420659327976544 ], [ 78.926901276581276, 9.421066183879395 ], [ 78.926468894977134, 9.42180767895173 ], [ 78.926100227282845, 9.422210067074129 ], [ 78.925899943398676, 9.422671196150112 ], [ 78.925380130564577, 9.423386048818172 ], [ 78.925306569322601, 9.423487211266826 ], [ 78.925249021448877, 9.423566351804654 ], [ 78.92470739033314, 9.424479587847227 ], [ 78.924447855369465, 9.424710148730952 ], [ 78.924083737642093, 9.425221064067753 ], [ 78.923628478642613, 9.425646028259225 ], [ 78.923255278947721, 9.426283507240365 ], [ 78.922722696561863, 9.427269114205171 ], [ 78.922085441580762, 9.428661534288898 ], [ 78.921543761956002, 9.4296109722419 ], [ 78.920906478228829, 9.430271020098346 ], [ 78.9203921235584, 9.431048630881438 ], [ 78.92008253806037, 9.431812702759741 ], [ 78.919472599050437, 9.43271684969643 ], [ 78.918466626069403, 9.434376102203434 ], [ 78.918193434916788, 9.434692531078234 ], [ 78.917556135019936, 9.435813733889692 ], [ 78.917041801909065, 9.436618430914661 ], [ 78.916550191683299, 9.437567817718506 ], [ 78.915885549764127, 9.438833689897985 ], [ 78.915348418309691, 9.439615874291547 ], [ 78.914856773049607, 9.440786734128471 ], [ 78.914219424643747, 9.441641170440185 ], [ 78.913654970031587, 9.442762409132269 ], [ 78.913186139284832, 9.4435897210869 ], [ 78.912598885430768, 9.444539102861919 ], [ 78.911765751903644, 9.445759726397949 ], [ 78.911369778119663, 9.446614234557071 ], [ 78.91095545804265, 9.44770822184414 ], [ 78.910067802167688, 9.449439754350747 ], [ 78.909626237984725, 9.450389107591151 ], [ 78.908620126663138, 9.4522652438646 ], [ 78.908082977242401, 9.453314060271431 ], [ 78.907395502843656, 9.45475176443991 ], [ 78.906858295032393, 9.455633268656385 ], [ 78.906389445420999, 9.456682083657602 ], [ 78.905629134720712, 9.457875678714394 ], [ 78.905146287560527, 9.45880389907675 ], [ 78.90508525871509, 9.458921218935687 ], [ 78.904918957199797, 9.459240915348186 ], [ 78.903912774911291, 9.461144171045667 ], [ 78.903006758370267, 9.46248689593315 ], [ 78.901864065396254, 9.464937197388062 ], [ 78.901490768683274, 9.465755456071992 ], [ 78.901126561124414, 9.466573700402447 ], [ 78.900898860657776, 9.467125212321326 ], [ 78.900612043858899, 9.467866653435562 ], [ 78.900461824882143, 9.468296135388352 ], [ 78.900297962292854, 9.468788886185317 ], [ 78.900143179874448, 9.46936295843825 ], [ 78.900020261597504, 9.46989196139266 ], [ 78.899911047120185, 9.470429919946538 ], [ 78.899728896628332, 9.471505855792261 ], [ 78.899587768602274, 9.47222010556828 ], [ 78.899355624169928, 9.473241762582232 ], [ 78.89910975527664, 9.474267962940166 ], [ 78.899041474331895, 9.474489465945878 ], [ 78.898954988129617, 9.474701978835789 ], [ 78.898763807772525, 9.475117924767074 ], [ 78.898640826613502, 9.475402736145686 ], [ 78.89859079943534, 9.475569945184803 ], [ 78.898545237782429, 9.475764364100678 ], [ 78.898440577763623, 9.47641982492909 ], [ 78.898354066408515, 9.477079898192608 ], [ 78.898199264227173, 9.478395365218791 ], [ 78.898140115555606, 9.478965017742597 ], [ 78.898080983053703, 9.479543699925225 ], [ 78.897985379849615, 9.480533731663225 ], [ 78.897903460682201, 9.481523695863279 ], [ 78.897885264407833, 9.481912483422835 ], [ 78.897871657626197, 9.482301307755469 ], [ 78.897871638761586, 9.483078813332286 ], [ 78.897880803374107, 9.483594213961036 ], [ 78.897908113955367, 9.484285852635304 ], [ 78.89795824443982, 9.485303052421772 ], [ 78.898022060757597, 9.486320181852602 ], [ 78.898163330717495, 9.488349914704276 ], [ 78.89823619127354, 9.489123001257731 ], [ 78.898340929445794, 9.489895979745048 ], [ 78.898386450674522, 9.490117488608259 ], [ 78.898441158973611, 9.490338981379951 ], [ 78.898709819023949, 9.490741368202459 ], [ 78.898823650841805, 9.490989958569029 ], [ 78.899115094862694, 9.491392344627224 ], [ 78.899274480248593, 9.491527940748346 ], [ 78.899447553264508, 9.491880509018552 ], [ 78.899629680400182, 9.492192474376358 ], [ 78.899943924561285, 9.49277561126639 ], [ 78.900504101396038, 9.493584767134248 ], [ 78.900854755173938, 9.49402775159637 ], [ 78.901783660788425, 9.494873113026241 ], [ 78.902072696426046, 9.495370595028406 ], [ 78.902083446565044, 9.495389100178599 ], [ 78.902211787971353, 9.495609997690156 ], [ 78.902817414169618, 9.495944466861268 ], [ 78.903204496428927, 9.49623379640318 ], [ 78.903331976350898, 9.496328647673961 ], [ 78.903992302763413, 9.496681235811973 ], [ 78.904210840414152, 9.496807812094463 ], [ 78.905158065372248, 9.497056415779456 ], [ 78.907444074751041, 9.497756961723658 ], [ 78.907667202792908, 9.497838334725323 ], [ 78.907958613576128, 9.49797387159107 ], [ 78.908386626673035, 9.498109475739199 ], [ 78.908905801703298, 9.498240597559757 ], [ 78.909074286124707, 9.498285789757878 ], [ 78.909643527858989, 9.498520814431668 ], [ 78.909798298599313, 9.498511725851149 ], [ 78.910112521200872, 9.498471056709727 ], [ 78.910317406255928, 9.498421321130566 ], [ 78.910590651307444, 9.498335371192805 ], [ 78.910677142899644, 9.498294647098447 ], [ 78.910745442709, 9.498231344175821 ], [ 78.910781940360707, 9.498181653747826 ], [ 78.910818342790947, 9.498109346383153 ], [ 78.910859260153813, 9.498000867144519 ], [ 78.910891127888533, 9.49782902728445 ], [ 78.910913889401201, 9.497589446315384 ], [ 78.910941211660557, 9.497273021305697 ], [ 78.910968471037876, 9.497114735153009 ], [ 78.910995867857395, 9.497042447055144 ], [ 78.911032237050009, 9.496974609336391 ], [ 78.911077807686027, 9.496915869973391 ], [ 78.91110968081064, 9.496893229927487 ], [ 78.911150614343171, 9.496875129762156 ], [ 78.91124629300576, 9.496857093388117 ], [ 78.911314547899394, 9.496857080984055 ], [ 78.911419346258739, 9.496870581020087 ], [ 78.911865540358676, 9.496960992352063 ], [ 78.911983969754161, 9.496970037559562 ], [ 78.912102326386105, 9.49696549502077 ], [ 78.912152406564886, 9.496951933854275 ], [ 78.912198002353762, 9.496924839871767 ], [ 78.912220725238882, 9.49689765905878 ], [ 78.912238980802059, 9.49686606594606 ], [ 78.912248080735878, 9.49678460765702 ], [ 78.912243475971763, 9.496716812415416 ], [ 78.912220713560771, 9.496621878853723 ], [ 78.912079538822297, 9.496192417301026 ], [ 78.912047680070728, 9.496074888680289 ], [ 78.912033973576115, 9.495961877763225 ], [ 78.912038537916118, 9.495907650655198 ], [ 78.912056718919132, 9.495862467889332 ], [ 78.912088608213395, 9.495826239982573 ], [ 78.91213870366353, 9.495799181351282 ], [ 78.912197861318248, 9.49577657312782 ], [ 78.912339028870193, 9.495744851440758 ], [ 78.912443732008157, 9.495735822149022 ], [ 78.91259401656194, 9.495735814174951 ], [ 78.912789869955105, 9.495758415313041 ], [ 78.912894595550938, 9.495781032397783 ], [ 78.912999361570954, 9.495821706288677 ], [ 78.913094983639695, 9.49588045558539 ], [ 78.91316779119515, 9.49596629804652 ], [ 78.913227061139267, 9.496079388702622 ], [ 78.913258899229575, 9.496165271870145 ], [ 78.913286242150193, 9.496296354564805 ], [ 78.913391050390999, 9.496875003063666 ], [ 78.913422954956658, 9.497033206928865 ], [ 78.91347757162761, 9.497200437316362 ], [ 78.913518574330439, 9.497277272345608 ], [ 78.913564115322089, 9.497349585201968 ], [ 78.913627824740331, 9.49741291841168 ], [ 78.913705292755481, 9.497467148825384 ], [ 78.9138055034187, 9.497503318082458 ], [ 78.913887464806905, 9.49751234998562 ], [ 78.913964849278742, 9.497507848210077 ], [ 78.914128805292847, 9.497498735680642 ], [ 78.914238087143772, 9.497503240114289 ], [ 78.914552246863266, 9.497539440377613 ], [ 78.914652458424769, 9.497575608741027 ], [ 78.914711607994661, 9.497611731028599 ], [ 78.91471618401269, 9.497625264702915 ], [ 78.914707074197409, 9.497638872800799 ], [ 78.914670684343577, 9.497674977361664 ], [ 78.914661593392893, 9.49769761292586 ], [ 78.914698013789476, 9.497819648077222 ], [ 78.914738990441151, 9.497946277098997 ], [ 78.914757233427935, 9.49803214562237 ], [ 78.914784556585616, 9.49833951501356 ], [ 78.914802840894893, 9.49865146474329 ], [ 78.915226351635596, 9.499031153167859 ], [ 78.914613265827228, 9.501392908082027 ], [ 78.914481212582146, 9.501438127329823 ], [ 78.914171592948136, 9.501786245699041 ], [ 78.913857441313482, 9.502401084669772 ], [ 78.91367536538182, 9.503232904380647 ], [ 78.913670845957625, 9.503630723858606 ], [ 78.913666365160964, 9.504462528177227 ], [ 78.913529813152948, 9.505158723856113 ], [ 78.913220188129046, 9.505511363146883 ], [ 78.913607319795673, 9.506225596117181 ], [ 78.913830488261695, 9.506614353874049 ], [ 78.914090122938362, 9.507405449192905 ], [ 78.914176710650281, 9.508142311310708 ], [ 78.914349840260058, 9.509105199284376 ], [ 78.914604987851888, 9.510606039406053 ], [ 78.914600435190025, 9.510615080709039 ], [ 78.915260835264405, 9.511659296883904 ], [ 78.915606987584425, 9.512319283649923 ], [ 78.915962238041644, 9.512848168916392 ], [ 78.916527011555701, 9.513860746859951 ], [ 78.91705078865516, 9.514701541803579 ], [ 78.917442563713493, 9.516148118399229 ], [ 78.91778874298295, 9.516984407969165 ], [ 78.917957344185382, 9.518042228808467 ], [ 78.917688744322149, 9.518869537332945 ], [ 78.916982914647235, 9.51917249016639 ], [ 78.916818978396094, 9.519226754340359 ], [ 78.917310885065888, 9.520063031060433 ], [ 78.91750668186522, 9.519836978082413 ], [ 78.917684285983398, 9.51983696124948 ], [ 78.917770819796388, 9.519922846426313 ], [ 78.917993981075909, 9.520103649793727 ], [ 78.918035018813043, 9.520632563767908 ], [ 78.918117070032793, 9.521419152652509 ], [ 78.91833572176958, 9.52203394214853 ], [ 78.918636354657494, 9.522730094073758 ], [ 78.919556425341156, 9.524312233980757 ], [ 78.919948171653417, 9.525284136804991 ], [ 78.92003475936535, 9.525853731680517 ], [ 78.919857157043765, 9.525898957438361 ], [ 78.919720610425657, 9.526599674637305 ], [ 78.920075824051921, 9.526599638314341 ], [ 78.920157819576133, 9.526821142016338 ], [ 78.920203398296991, 9.527173749212844 ], [ 78.91965724506214, 9.530338272865542 ], [ 78.919743772586926, 9.530329222339393 ], [ 78.919784772594809, 9.530460316742031 ], [ 78.91982577889091, 9.530641140221503 ], [ 78.91973926933241, 9.530812932582 ], [ 78.91955714219678, 9.531161044067478 ], [ 78.91924752705431, 9.531775886008417 ], [ 78.918999394406512, 9.532411067368241 ], [ 78.918911162777633, 9.532546695949875 ], [ 78.918958661198289, 9.532515335582602 ], [ 78.918751260860432, 9.533046244001991 ], [ 78.918346072158258, 9.534312070283422 ], [ 78.918072978023687, 9.535853644185874 ], [ 78.917754370745243, 9.537693586025792 ], [ 78.917868465769487, 9.540107608843833 ], [ 78.918169253167648, 9.542173522651819 ], [ 78.918684039029387, 9.543710496060724 ], [ 78.918811670766672, 9.544809004879454 ], [ 78.918939377064078, 9.546612735214582 ], [ 78.919149003427208, 9.547851375114714 ], [ 78.919317686376317, 9.549519481740219 ], [ 78.919659446832881, 9.551273462793885 ], [ 78.919914641137126, 9.552683883027067 ], [ 78.920074348119897, 9.555536401725083 ], [ 78.920110871822729, 9.556368199136061 ], [ 78.920101894059798, 9.557597820183979 ], [ 78.920010897416446, 9.558474836649488 ], [ 78.92013850310255, 9.559225252583234 ], [ 78.920580338576727, 9.55970891737808 ], [ 78.921240805126459, 9.560323654654431 ], [ 78.921632514607765, 9.560545124036398 ], [ 78.921710161387651, 9.562520643040074 ], [ 78.921512875181605, 9.56302434243694 ], [ 78.921487053108777, 9.563090269576875 ], [ 78.921479703991423, 9.563151120889685 ], [ 78.921391495718723, 9.563881396030704 ], [ 78.92147362329527, 9.565196898237167 ], [ 78.921687808608453, 9.566295394407504 ], [ 78.922211697997312, 9.567307963322449 ], [ 78.922516958107281, 9.568212060788982 ], [ 78.92282219126777, 9.568876562044251 ], [ 78.923072906571988, 9.570720961756786 ], [ 78.923464757987148, 9.572036426863669 ], [ 78.923724511241417, 9.573225330137474 ], [ 78.924066271698024, 9.574586006611781 ], [ 78.924189400180751, 9.575860816326514 ], [ 78.92454020128234, 9.576615723842748 ], [ 78.925064123908868, 9.577714180439949 ], [ 78.925410465773396, 9.579210474604935 ], [ 78.92548801463694, 9.580173364634575 ], [ 78.925574641874732, 9.580878576213612 ], [ 78.925570226655097, 9.58201778095 ], [ 78.925073964054505, 9.583726647318297 ], [ 78.92515603234223, 9.584386652134192 ], [ 78.925151552443907, 9.585001461682962 ], [ 78.925489618129717, 9.585675777221091 ], [ 78.925514034339159, 9.585724477888368 ], [ 78.925593476851304, 9.585882934599127 ], [ 78.926067276179907, 9.586673991136905 ], [ 78.926682273603191, 9.58742434301349 ], [ 78.927784670848496, 9.588391622620525 ], [ 78.928440714992092, 9.58949457797897 ], [ 78.928964653788299, 9.590466448777194 ], [ 78.929092319661521, 9.591429329892325 ], [ 78.929169935000374, 9.592790035241935 ], [ 78.92894687702713, 9.593793649016481 ], [ 78.929115533026788, 9.594715839112771 ], [ 78.929288697670842, 9.595285417836156 ], [ 78.929593968560582, 9.595949912145997 ], [ 78.929944789425107, 9.596605359933474 ], [ 78.930605369162535, 9.597400905196663 ], [ 78.93126136569542, 9.597974937339647 ], [ 78.931653156025106, 9.59841338574113 ], [ 78.93200396610986, 9.598946773194388 ], [ 78.932313800441264, 9.599606743954597 ], [ 78.932395834592995, 9.599914136839921 ], [ 78.932527999229166, 9.600393306139242 ], [ 78.932833217118301, 9.600619295851475 ], [ 78.933051921855693, 9.60105776740251 ], [ 78.933138557178324, 9.60167256266087 ], [ 78.933402793924216, 9.601979927985264 ], [ 78.93379915039047, 9.602440976777482 ], [ 78.934190994619115, 9.603186826142327 ], [ 78.934186498551114, 9.603584643979934 ], [ 78.933917860060347, 9.604330590026898 ], [ 78.933517161137985, 9.605334230729381 ], [ 78.933640272552722, 9.606175052942804 ], [ 78.934123235595564, 9.607006782068874 ], [ 78.934774814213839, 9.608331234596712 ], [ 78.935654087908887, 9.6092126291128 ], [ 78.936843123171755, 9.61014369985647 ], [ 78.937767959418025, 9.611025081680557 ], [ 78.938469559824583, 9.611689505248272 ], [ 78.939216665290218, 9.612041996060611 ], [ 78.939904592439845, 9.612620525776874 ], [ 78.940255450135297, 9.613280483166184 ], [ 78.940697347593243, 9.613547127643807 ], [ 78.941134728321927, 9.614030764594386 ], [ 78.941622226060304, 9.614564118583793 ], [ 78.941927484373622, 9.614912156662605 ], [ 78.942414960552469, 9.615314411335788 ], [ 78.942715719204514, 9.615969854403257 ], [ 78.942715712018, 9.615929167411901 ], [ 78.943244218747409, 9.616503197363469 ], [ 78.943813739857774, 9.61716763319847 ], [ 78.944251145739258, 9.617741676990082 ], [ 78.94495281980771, 9.618663763767236 ], [ 78.94579110876623, 9.619328148415141 ], [ 78.947025728139863, 9.620082871409421 ], [ 78.948169172105494, 9.620444310373372 ], [ 78.948519986681802, 9.620751647131703 ], [ 78.949358271148768, 9.621325610440447 ], [ 78.95019206314096, 9.622206974635381 ], [ 78.951030380845566, 9.622916552761769 ], [ 78.95199626021882, 9.623671309369767 ], [ 78.952524731015643, 9.623933400380301 ], [ 78.953627175871659, 9.624204416989516 ], [ 78.954292283118136, 9.624339899970993 ], [ 78.954729715949114, 9.624913931581615 ], [ 78.954820096348143, 9.625181621715813 ], [ 78.95482321440052, 9.625190858361673 ], [ 78.955071579711955, 9.625926483901672 ], [ 78.955600160103231, 9.626672278822264 ], [ 78.956301836866601, 9.627377351056568 ], [ 78.956875939384886, 9.627955871355388 ], [ 78.957445497326162, 9.628575077022793 ], [ 78.957618700597777, 9.629031624951931 ], [ 78.957841993031323, 9.629384186245808 ], [ 78.957837523912772, 9.629777482097392 ], [ 78.957746471573913, 9.630039698561751 ], [ 78.957482342625866, 9.630428529945508 ], [ 78.959245390575518, 9.630884731734932 ], [ 78.959382050381379, 9.630866619215753 ], [ 78.959596150354614, 9.630843968601782 ], [ 78.959814829939162, 9.630934333693112 ], [ 78.959860443694353, 9.6311965209182 ], [ 78.959810411126284, 9.631544619804739 ], [ 78.959541799584983, 9.632249898850704 ], [ 78.958963550443343, 9.633561010274841 ], [ 78.958380682164503, 9.634609924265289 ], [ 78.958330716071757, 9.635269947641566 ], [ 78.958289842726316, 9.635839557262742 ], [ 78.958189882693105, 9.637023984574283 ], [ 78.958408779669952, 9.63807724512824 ], [ 78.958577489568498, 9.638782427273188 ], [ 78.959188244248736, 9.64019273134619 ], [ 78.959407065767095, 9.640884341245357 ], [ 78.959266030267486, 9.641716168263265 ], [ 78.963634527612697, 9.640481048069649 ], [ 78.963711958796907, 9.640426782019013 ], [ 78.963976212610788, 9.640557818831882 ], [ 78.96401275158496, 9.640955626336005 ], [ 78.963967362408624, 9.641656333594138 ], [ 78.963962972341804, 9.642357034082702 ], [ 78.964049674139787, 9.642971819753495 ], [ 78.964355014199811, 9.643459976405261 ], [ 78.964838033836486, 9.643988776998546 ], [ 78.965229932862357, 9.644472391610652 ], [ 78.965305350922009, 9.644572988145171 ], [ 78.965347196244593, 9.644628800703906 ], [ 78.965351209917273, 9.644634155152382 ], [ 78.965494243270072, 9.644824937657381 ], [ 78.965580916321969, 9.645308624576305 ], [ 78.965708749281831, 9.646447793896098 ], [ 78.966055224097019, 9.647464852242994 ], [ 78.966624929361984, 9.648477336896825 ], [ 78.96679816317635, 9.648961001748248 ], [ 78.966839174862301, 9.64900619781125 ], [ 78.966798185634204, 9.649055936145077 ], [ 78.969610102916363, 9.653268471751645 ], [ 78.969687609559045, 9.653503523809361 ], [ 78.970079558890561, 9.654118230698591 ], [ 78.970517091434559, 9.654823339435561 ], [ 78.971000227852215, 9.655704740107028 ], [ 78.971219096083004, 9.656450586967582 ], [ 78.971255747346575, 9.657241688239557 ], [ 78.973783857186064, 9.673022535903311 ], [ 78.973915979601401, 9.673022502252635 ], [ 78.974043666135898, 9.673465488977531 ], [ 78.974104853084825, 9.67447620492376 ], [ 78.97412603805418, 9.674826175395436 ], [ 78.974335958166407, 9.676100934572133 ], [ 78.974641459024866, 9.677018541194087 ], [ 78.97494697784964, 9.677990392917124 ], [ 78.975384549021143, 9.678690972611847 ], [ 78.975560679003976, 9.679076791055811 ], [ 78.976168663279822, 9.680408597289359 ], [ 78.976911709258658, 9.681864036388268 ], [ 78.977654819916197, 9.683536463161413 ], [ 78.978220150385752, 9.684856328284219 ], [ 78.978744514085079, 9.686298260922477 ], [ 78.979574225929269, 9.688015864397052 ], [ 78.980362889256554, 9.689557172889481 ], [ 78.981716571337955, 9.69122941699729 ], [ 78.983079404557188, 9.692992064069736 ], [ 78.984355567419513, 9.69436143768314 ], [ 78.985367311177896, 9.695192931442069 ], [ 78.986114730155535, 9.695812032892686 ], [ 78.987258579261308, 9.696521424893854 ], [ 78.987696120788442, 9.696959792053041 ], [ 78.987960524620959, 9.697407253397536 ], [ 78.989478346871081, 9.699215033404279 ], [ 78.989674365554293, 9.699522374401271 ], [ 78.989888665851851, 9.700001493281231 ], [ 78.989929880557099, 9.700661489290527 ], [ 78.989702409160856, 9.701760068020418 ], [ 78.989611461026556, 9.70232969431186 ], [ 78.989871368791057, 9.702944417241314 ], [ 78.990267999243514, 9.70364950939369 ], [ 78.991320951418956, 9.704973718238916 ], [ 78.992237189889622, 9.706207555755668 ], [ 78.99298480200504, 9.707305825872586 ], [ 78.993818965899777, 9.708322695590287 ], [ 78.994274061405889, 9.709062634762191 ], [ 78.994299897851761, 9.709104643980099 ], [ 78.99438882926826, 9.709249236791928 ], [ 78.995309558417034, 9.710216348315642 ], [ 78.996016039370559, 9.710889687317495 ], [ 78.997684256667242, 9.712475869191039 ], [ 78.998741688741006, 9.713406759677001 ], [ 78.999530211931102, 9.714111707612073 ], [ 79.000191169859235, 9.714861904129197 ], [ 79.000186813030126, 9.715436022951989 ], [ 78.999608295292205, 9.715915404176044 ], [ 78.99883377593909, 9.716200464834854 ], [ 78.998546830681136, 9.716548648356996 ], [ 78.998560723127014, 9.717199611390889 ], [ 78.998770531848137, 9.71780078037775 ], [ 78.998793536804243, 9.717947768934925 ], [ 78.998943412624584, 9.71810898000329 ], [ 78.999080048175927, 9.718262734836859 ], [ 78.999120996979812, 9.71841645241196 ], [ 78.999184762991959, 9.718484285607516 ], [ 78.999307799846534, 9.718461731210986 ], [ 78.999398959084928, 9.718393958219703 ], [ 78.999677031682808, 9.718091184739022 ], [ 78.999950583059871, 9.717697999293192 ], [ 78.999987161559915, 9.71738157102037 ], [ 78.999841509618065, 9.716979179835427 ], [ 78.999664004314567, 9.716472803408037 ], [ 78.999755309978354, 9.716034338709887 ], [ 79.00001060758882, 9.715704434375544 ], [ 79.000215774714889, 9.715397112654406 ], [ 79.000270618659613, 9.714981238367683 ], [ 79.000407547061741, 9.714393613233458 ], [ 79.000685478624106, 9.714438927108787 ], [ 79.000890458002274, 9.714606267955549 ], [ 79.001291210823581, 9.715176020264462 ], [ 79.001537015038153, 9.715813521224469 ], [ 79.003053790750968, 9.717265217099223 ], [ 79.004037684938965, 9.718119985831013 ], [ 79.003987311011073, 9.718775455266234 ], [ 79.003950580695744, 9.719494217739275 ], [ 79.003854464553598, 9.720606250584947 ], [ 79.003835925122772, 9.721419953163926 ], [ 79.00399494758932, 9.722613454406593 ], [ 79.004167796924705, 9.723404624600844 ], [ 79.004190359011389, 9.723983271795946 ], [ 79.004135533032951, 9.72436298191125 ], [ 79.00390299783345, 9.724738104301368 ], [ 79.003419812008445, 9.725194502110551 ], [ 79.003232937276522, 9.725325528869712 ], [ 79.003510918246235, 9.725266866322896 ], [ 79.003852737991622, 9.725090691800075 ], [ 79.004221968929585, 9.724729182939733 ], [ 79.004495538272963, 9.724290788387037 ], [ 79.004518524364457, 9.723761885812499 ], [ 79.004473251969074, 9.722993365295098 ], [ 79.004286774292495, 9.722093693735488 ], [ 79.004145880726711, 9.721148834295068 ], [ 79.004187371214755, 9.719896641315954 ], [ 79.004292512730558, 9.719010641199846 ], [ 79.004493158635782, 9.718603862045573 ], [ 79.004748290956272, 9.718703411943221 ], [ 79.004944108416822, 9.719010887347235 ], [ 79.005449611088466, 9.719747935014349 ], [ 79.00657877094271, 9.72209003077749 ], [ 79.007908317089061, 9.724762200653643 ], [ 79.008664419182253, 9.725594268810953 ], [ 79.010158632808398, 9.726643592257526 ], [ 79.011014991378858, 9.727475691147772 ], [ 79.012149197968384, 9.728637890592088 ], [ 79.012266664369875, 9.728736539710329 ], [ 79.012277497153903, 9.728745638044337 ], [ 79.013538588082369, 9.729804698010172 ], [ 79.014595420081505, 9.730754394667573 ], [ 79.015000712089929, 9.731491394309506 ], [ 79.015123571078078, 9.731988703754315 ], [ 79.015050457197091, 9.732571837391315 ], [ 79.015050265855933, 9.733114308712809 ], [ 79.015017962438321, 9.734271572903745 ], [ 79.015008356752986, 9.735663916106645 ], [ 79.01475292529355, 9.736369041997341 ], [ 79.01459325244673, 9.736888854836106 ], [ 79.014665936034689, 9.737526286055862 ], [ 79.01499374655323, 9.738331068048369 ], [ 79.015366986672319, 9.739538197558002 ], [ 79.015489748642409, 9.740320304910806 ], [ 79.01535737469878, 9.740957664946771 ], [ 79.015024482410652, 9.741635640647647 ], [ 79.014614123904025, 9.742300027343752 ], [ 79.0139712472659, 9.743285294018227 ], [ 79.013433167190527, 9.744297719596933 ], [ 79.013150490726773, 9.744699954817614 ], [ 79.013150441319439, 9.74484009306819 ], [ 79.013355538376914, 9.744745233595955 ], [ 79.013660953895425, 9.744465062313402 ], [ 79.014841786641426, 9.742819975260206 ], [ 79.015790223426833, 9.741120555959183 ], [ 79.015972754804366, 9.740392802192762 ], [ 79.015900156556356, 9.739497697289325 ], [ 79.01554964291563, 9.738453317402483 ], [ 79.01509886291619, 9.737458627602104 ], [ 79.015130975890969, 9.736843836177561 ], [ 79.015208651416955, 9.736256184839892 ], [ 79.015418563444342, 9.735406384306302 ], [ 79.015551117051032, 9.734249154150429 ], [ 79.015528695999862, 9.73320940611706 ], [ 79.015560835025767, 9.732522284972308 ], [ 79.015688503593964, 9.732296298861927 ], [ 79.015911779857845, 9.732318978935469 ], [ 79.016089445061453, 9.732459179933503 ], [ 79.016517519243791, 9.733218787652314 ], [ 79.01686809935984, 9.734068782338728 ], [ 79.017218613898862, 9.73510864102539 ], [ 79.01764186861972, 9.736650309973058 ], [ 79.01847073065764, 9.738070060565008 ], [ 79.019522868061117, 9.739539609719712 ], [ 79.020707033556846, 9.741407012584865 ], [ 79.022852441322371, 9.744138159072623 ], [ 79.023881946570569, 9.745255081140334 ], [ 79.025148407627796, 9.746421800385631 ], [ 79.026205227948836, 9.747674341026164 ], [ 79.026186810688912, 9.748266534438468 ], [ 79.026131981117203, 9.748723098405934 ], [ 79.025963146352822, 9.749428258676504 ], [ 79.025716831895195, 9.750160518588906 ], [ 79.025333817207482, 9.750856571005928 ], [ 79.0249645260824, 9.751385364260502 ], [ 79.024554272678671, 9.751751401964411 ], [ 79.024084816704431, 9.751995364903605 ], [ 79.023433081779288, 9.752225705913181 ], [ 79.022794982381853, 9.752564545257732 ], [ 79.022375648807227, 9.752817562783717 ], [ 79.022749983074306, 9.753010667930781 ], [ 79.022840391321125, 9.753057306335968 ], [ 79.02366080560212, 9.752619072043485 ], [ 79.024321673698793, 9.752334485133119 ], [ 79.024882251182134, 9.752153840675593 ], [ 79.025351743987287, 9.751792341642414 ], [ 79.02582584155661, 9.751281663022048 ], [ 79.026094848356621, 9.750838728792818 ], [ 79.026341204136784, 9.749975370998913 ], [ 79.026573853422306, 9.749220502583794 ], [ 79.026692473260638, 9.748786561589892 ], [ 79.026888588063557, 9.748271274573812 ], [ 79.027239337062895, 9.7487189240115 ], [ 79.027640196783707, 9.749216314915429 ], [ 79.028168537324788, 9.750093476237534 ], [ 79.028646802178699, 9.750807877423552 ], [ 79.029284567402854, 9.751517807902514 ], [ 79.030897084660381, 9.75373791343277 ], [ 79.031821852634664, 9.754796009648885 ], [ 79.031824128067285, 9.754798353110365 ], [ 79.031821850838028, 9.754800530130225 ], [ 79.031753234821664, 9.755659424898202 ], [ 79.031648051085057, 9.756879955667197 ], [ 79.031356024955869, 9.758095910180353 ], [ 79.030909122085191, 9.759085787825493 ], [ 79.030392261115082, 9.759907273240108 ], [ 79.030357437923101, 9.759962618624749 ], [ 79.030342251903235, 9.759985917422112 ], [ 79.029591471429768, 9.761137741992666 ], [ 79.029873916128167, 9.761463311222046 ], [ 79.030452925244532, 9.760658821434056 ], [ 79.031134885784041, 9.759597003381909 ], [ 79.03129184302378, 9.75935261928575 ], [ 79.031820894132252, 9.757964952061595 ], [ 79.031966965587316, 9.757160328994612 ], [ 79.032113036144125, 9.756355703984513 ], [ 79.032313866203978, 9.755302464306776 ], [ 79.033438824637656, 9.757468163835554 ], [ 79.034513773859445, 9.759281238967322 ], [ 79.036349679670238, 9.761451655235449 ], [ 79.03737465740943, 9.762812646943475 ], [ 79.038686746594863, 9.7641737136515 ], [ 79.040295053448631, 9.76558910557802 ], [ 79.041229107307998, 9.766249367736501 ], [ 79.042700914256017, 9.766936893903798 ], [ 79.044268475325126, 9.767448136359706 ], [ 79.045936335092335, 9.767832819268818 ], [ 79.047225981667026, 9.768068219394328 ], [ 79.049249248198322, 9.768724211306342 ], [ 79.049786974337508, 9.768855442289313 ], [ 79.050388428759589, 9.769289566955134 ], [ 79.050711903110241, 9.769669375111761 ], [ 79.051495633788292, 9.77017587177586 ], [ 79.053692038014148, 9.771089554300922 ], [ 79.054548710994951, 9.771523730939448 ], [ 79.05497708072302, 9.771600680602004 ], [ 79.055079957585988, 9.771644600356924 ], [ 79.055191387308767, 9.771692171010717 ], [ 79.055400870839776, 9.771781602227911 ], [ 79.056658645188207, 9.771989835579809 ], [ 79.057155455761134, 9.77171871177636 ], [ 79.057483571706854, 9.77176851156017 ], [ 79.057784350121878, 9.7717911809809 ], [ 79.058007612012702, 9.771999177956609 ], [ 79.058618194216379, 9.772451373290863 ], [ 79.059069257185143, 9.772957778962384 ], [ 79.059315238367816, 9.773482222280805 ], [ 79.059488240416812, 9.774286927180725 ], [ 79.059492602635842, 9.775163924204522 ], [ 79.05961534304636, 9.776569857196888 ], [ 79.059865826585252, 9.777356496057672 ], [ 79.060189204816155, 9.778260685637253 ], [ 79.060558107869056, 9.779395434874571 ], [ 79.06120493889108, 9.780900931763339 ], [ 79.061933920845831, 9.781882056329419 ], [ 79.062703916283169, 9.782903872176417 ], [ 79.065469629617013, 9.786236116072223 ], [ 79.066349019194703, 9.787294110717642 ], [ 79.066850218037814, 9.787949696436755 ], [ 79.067301305261111, 9.788505817346797 ], [ 79.068025666282026, 9.789988712773811 ], [ 79.068877569208667, 9.791878484779378 ], [ 79.069652139765793, 9.793035903275461 ], [ 79.07065914131779, 9.794270212576688 ], [ 79.071809278630596, 9.795404548609115 ], [ 79.07181773806559, 9.795412890915072 ], [ 79.072172002172636, 9.795762285870023 ], [ 79.073297564274156, 9.796752498415978 ], [ 79.074263619717243, 9.797711034199075 ], [ 79.075475815344774, 9.79857015540032 ], [ 79.076961429398708, 9.799709595004247 ], [ 79.076778894427932, 9.801052180687044 ], [ 79.076505142726575, 9.802738316841337 ], [ 79.075966926107256, 9.805084415184853 ], [ 79.075962267444169, 9.805667570349602 ], [ 79.07607596720969, 9.807096096956251 ], [ 79.076184982260983, 9.80927051970321 ], [ 79.076034270109147, 9.811038045970957 ], [ 79.075824406590783, 9.812208844286081 ], [ 79.076699285727443, 9.813578730235317 ], [ 79.07671315032556, 9.812462146573614 ], [ 79.076717917684761, 9.811223505653986 ], [ 79.076868565157895, 9.80982214710308 ], [ 79.076950753819872, 9.808940643990335 ], [ 79.076836942663263, 9.808149522152307 ], [ 79.076746025071699, 9.806743603386817 ], [ 79.076755349584346, 9.80550496233778 ], [ 79.076919660432964, 9.804153332047019 ], [ 79.077229869361815, 9.802480764357222 ], [ 79.077343991335511, 9.801409401981147 ], [ 79.077362451714592, 9.800044185661314 ], [ 79.077540222021099, 9.799922158103042 ], [ 79.077895732091449, 9.799872490009426 ], [ 79.078479101630194, 9.799976559391297 ], [ 79.07878439407952, 9.800433187816724 ], [ 79.079030347414431, 9.80144131975195 ], [ 79.078888545651864, 9.804569548237797 ], [ 79.079006854673096, 9.805758483080643 ], [ 79.0793075261886, 9.806644568429611 ], [ 79.079808770845759, 9.807349859908735 ], [ 79.080009220918257, 9.807933048265879 ], [ 79.080209544328326, 9.809325421355815 ], [ 79.08052843277946, 9.810333563428348 ], [ 79.081079683055222, 9.811929417632511 ], [ 79.081794992651339, 9.813719681249252 ], [ 79.082674389415587, 9.815546133148143 ], [ 79.083603998410936, 9.816938612325735 ], [ 79.084159917231275, 9.817951304844044 ], [ 79.08492098341469, 9.818737997846481 ], [ 79.085678886630021, 9.819843091407542 ], [ 79.085739342350323, 9.819931241224138 ], [ 79.085823271947291, 9.820053617245762 ], [ 79.086743807958285, 9.821319509887747 ], [ 79.088028920735766, 9.823118879560807 ], [ 79.089696908063758, 9.825022265558159 ], [ 79.091059544551939, 9.826767386391316 ], [ 79.092449593130979, 9.828114691683188 ], [ 79.093903476892478, 9.829362546429289 ], [ 79.093420261423034, 9.829832630761532 ], [ 79.092754737358277, 9.830148992789686 ], [ 79.092025412247096, 9.830356852266897 ], [ 79.091378131169122, 9.830573760249106 ], [ 79.091077244057956, 9.830967014087243 ], [ 79.090767207605651, 9.831622460304759 ], [ 79.09042074267191, 9.831979543292695 ], [ 79.089809846057918, 9.832779608956043 ], [ 79.088961944227535, 9.833416901357895 ], [ 79.087968203605712, 9.833855266203853 ], [ 79.086719221967286, 9.834153455613716 ], [ 79.085689063643869, 9.834221120044868 ], [ 79.08507371228437, 9.834207471563635 ], [ 79.084955134666842, 9.834650471590093 ], [ 79.086167597992343, 9.834750097390394 ], [ 79.08766268208602, 9.834759343291935 ], [ 79.088834173251414, 9.834483742558939 ], [ 79.089663815026995, 9.834076998427699 ], [ 79.090575587074099, 9.83301025593232 ], [ 79.091409850681799, 9.832056516104434 ], [ 79.091979707762064, 9.831346854301099 ], [ 79.09307373270893, 9.83075478867309 ], [ 79.093762055117281, 9.83038418229637 ], [ 79.094245257111993, 9.830040675429123 ], [ 79.094247251371911, 9.830043789304774 ], [ 79.09473744405615, 9.830809230038163 ], [ 79.0953663914175, 9.831469308416434 ], [ 79.096122987584081, 9.831953094091061 ], [ 79.096656208672115, 9.832712610724828 ], [ 79.097390014579929, 9.833246118748702 ], [ 79.098711819943503, 9.833838453416018 ], [ 79.098379025571759, 9.834290477687752 ], [ 79.097936827178216, 9.834819340742577 ], [ 79.097225681273429, 9.835452147888686 ], [ 79.096674076163126, 9.836030723098153 ], [ 79.096022156185015, 9.836889563431432 ], [ 79.095434074084267, 9.837526901014654 ], [ 79.094586201898295, 9.837888450947599 ], [ 79.09474713058988, 9.838029082702606 ], [ 79.094969054889219, 9.838223018066957 ], [ 79.095493288332833, 9.837902115208683 ], [ 79.095999270704823, 9.837734909860789 ], [ 79.096409543871516, 9.837436596227086 ], [ 79.096710448050644, 9.836876077035273 ], [ 79.097015913874813, 9.836279392185896 ], [ 79.0976085477391, 9.835660135027931 ], [ 79.098173809038371, 9.835230737883348 ], [ 79.098620540330842, 9.834955028674468 ], [ 79.098884946858306, 9.834652176320331 ], [ 79.099222293891913, 9.834249879216259 ], [ 79.099823927078702, 9.834711039074056 ], [ 79.100835763363605, 9.835547445249945 ], [ 79.101797476350598, 9.83623466492014 ], [ 79.104819420644461, 9.837943714285847 ], [ 79.104158458224703, 9.838169687844601 ], [ 79.103492940448163, 9.838350453657819 ], [ 79.102544799208488, 9.838648726636757 ], [ 79.101792625448041, 9.839340306949044 ], [ 79.101163500220281, 9.840235324199458 ], [ 79.100611864567242, 9.841098702116671 ], [ 79.099859643196112, 9.842165488421342 ], [ 79.098820234021872, 9.84332265237126 ], [ 79.100256005950584, 9.844254035973906 ], [ 79.101085745642536, 9.842956708593508 ], [ 79.101555323787665, 9.842192774104594 ], [ 79.102047706564548, 9.841257059221158 ], [ 79.102717858749656, 9.840321359388845 ], [ 79.103506494229165, 9.839706630016376 ], [ 79.104678016835592, 9.839091932248749 ], [ 79.105307070198123, 9.83891116241573 ], [ 79.105945225291137, 9.838902172425117 ], [ 79.106328038756203, 9.839869608012176 ], [ 79.107494847902316, 9.841212312272082 ], [ 79.108679923391449, 9.842256656652982 ], [ 79.108534013633104, 9.842848842402667 ], [ 79.10848839628467, 9.843300896831048 ], [ 79.108625098311336, 9.843942830704689 ], [ 79.109026191594126, 9.84446724844169 ], [ 79.109126431901743, 9.845050409425697 ], [ 79.109103599422141, 9.845615480898735 ], [ 79.109016944336574, 9.846252876875859 ], [ 79.108971311716786, 9.846926441362793 ], [ 79.109030540338409, 9.847342339103804 ], [ 79.109149030819324, 9.847699473250985 ], [ 79.109130761781387, 9.84818769506527 ], [ 79.10894383943878, 9.848599054312581 ], [ 79.108620159373899, 9.849064651376542 ], [ 79.108168851165047, 9.84943982679358 ], [ 79.107744900249884, 9.84971554957732 ], [ 79.10711579388672, 9.850334821977077 ], [ 79.106655639967286, 9.850816842625502 ] ] ], [ [ [ 78.492743223435355, 9.08642473202134 ], [ 78.493371049699235, 9.086686719056196 ], [ 78.493980689570179, 9.087287711617563 ], [ 78.494667791168055, 9.088309225902993 ], [ 78.495127375555626, 9.088788239346355 ], [ 78.495555104784899, 9.089357762580256 ], [ 78.495664393822366, 9.089723919028698 ], [ 78.495646368227881, 9.090198580569114 ], [ 78.495546422567685, 9.090659702710216 ], [ 78.495219089054558, 9.091066654162097 ], [ 78.494823526698951, 9.09134713770713 ], [ 78.494359612431737, 9.091546132268888 ], [ 78.493786590586737, 9.091704609877024 ], [ 78.493372740328596, 9.091781603140124 ], [ 78.492949683237114, 9.091863049272741 ], [ 78.492513114585435, 9.09194006556452 ], [ 78.492212953313057, 9.092048696428312 ], [ 78.491830930365438, 9.092288354628357 ], [ 78.491830970789607, 9.092292905969154 ], [ 78.491226212363941, 9.092763298391908 ], [ 78.490471311318316, 9.09330142968073 ], [ 78.490116623206475, 9.093486937714514 ], [ 78.489939244565392, 9.093432752897675 ], [ 78.489829963612763, 9.093283625304098 ], [ 78.489684247890523, 9.092741174167459 ], [ 78.489515758079222, 9.092004289998656 ], [ 78.489083454628513, 9.091394177811107 ], [ 78.48857382240152, 9.090711670366941 ], [ 78.487663854171544, 9.08974449556468 ], [ 78.487204264394094, 9.089143374070165 ], [ 78.487222326819492, 9.088709409273271 ], [ 78.487499633154471, 9.088239211108812 ], [ 78.488118056752242, 9.087741684421673 ], [ 78.488732002248327, 9.087434099867345 ], [ 78.489577854123226, 9.087026982846435 ], [ 78.490491966281624, 9.086692158397124 ], [ 78.49125596187119, 9.086456840299151 ], [ 78.49207460197951, 9.086366132211499 ], [ 78.492743223435355, 9.08642473202134 ] ] ], [ [ [ 78.53679957479892, 9.101864150911579 ], [ 78.537650455442773, 9.102126084069939 ], [ 78.538398289442085, 9.102600199620207 ], [ 78.538692520935285, 9.103082074029055 ], [ 78.539088300683176, 9.103765339324926 ], [ 78.539274233082352, 9.104166585775786 ], [ 78.539452009677106, 9.104566714159427 ], [ 78.539578777235036, 9.105130444144702 ], [ 78.539517885831813, 9.105544970042303 ], [ 78.539399731320813, 9.105843649571877 ], [ 78.539134868449182, 9.106045398169611 ], [ 78.538881247993316, 9.106142649943632 ], [ 78.538694453211477, 9.106170252298799 ], [ 78.538571877192624, 9.106131722181351 ], [ 78.538490994681069, 9.105755925813046 ], [ 78.538410879330797, 9.105268283325882 ], [ 78.53835463042094, 9.105004508403635 ], [ 78.538189161643928, 9.10479411543259 ], [ 78.53789650759235, 9.104611729284148 ], [ 78.537220317830219, 9.104359093686817 ], [ 78.536550869924312, 9.104094777911538 ], [ 78.536008832770094, 9.103769985428674 ], [ 78.535482298741002, 9.103300969909631 ], [ 78.535083198819848, 9.102767871430972 ], [ 78.535027249049008, 9.102460799172517 ], [ 78.535073480845099, 9.102244729657359 ], [ 78.535298651655921, 9.102062753778309 ], [ 78.535641744314063, 9.101918688366313 ], [ 78.536152347619876, 9.101837608194208 ], [ 78.53679957479892, 9.101864150911579 ] ] ], [ [ [ 78.581714052617428, 9.110973213249727 ], [ 78.581210466052298, 9.111260330880674 ], [ 78.580795264727939, 9.111623809290521 ], [ 78.580513041913477, 9.112034234247924 ], [ 78.580139321195702, 9.112569379354373 ], [ 78.579861784892046, 9.112830936571996 ], [ 78.579694487145105, 9.112887554975147 ], [ 78.579547172421655, 9.112901910696555 ], [ 78.579414682595342, 9.112870100155609 ], [ 78.579342696998367, 9.11282441640345 ], [ 78.578903429807582, 9.112316336050579 ], [ 78.578490072724563, 9.111732655033542 ], [ 78.578177948587523, 9.111203771647364 ], [ 78.577578023996381, 9.110146223385112 ], [ 78.577149093719569, 9.109720298860788 ], [ 78.576536362745728, 9.109242635053006 ], [ 78.576221729614105, 9.108817472260487 ], [ 78.575775584023177, 9.108119911266495 ], [ 78.57558308673589, 9.107474556281131 ], [ 78.575253961982128, 9.106640675258681 ], [ 78.574948738703071, 9.1061659610237 ], [ 78.574527260849862, 9.105712121580224 ], [ 78.573109915164252, 9.104671478316115 ], [ 78.571915871793664, 9.104172795652815 ], [ 78.571312301839086, 9.103818770401373 ], [ 78.571038471984295, 9.103531893378433 ], [ 78.570848534895561, 9.103180626065647 ], [ 78.570708508204035, 9.102834767345309 ], [ 78.570585226109387, 9.102284589811555 ], [ 78.570710814179364, 9.101552954190625 ], [ 78.570954953815715, 9.1011315174357 ], [ 78.57160584612113, 9.100655960325639 ], [ 78.572648235905447, 9.100505046647852 ], [ 78.573674732695778, 9.10082760861272 ], [ 78.574524340426876, 9.101016385798296 ], [ 78.575060895162949, 9.100987794033061 ], [ 78.575812058318647, 9.100708644119605 ], [ 78.576467382013377, 9.100517257195136 ], [ 78.577089511161716, 9.100540338906985 ], [ 78.577830796442612, 9.10078521943926 ], [ 78.578584227844431, 9.101112264967597 ], [ 78.579148703117824, 9.101210735055455 ], [ 78.579752678212586, 9.10110108780286 ], [ 78.580109645350291, 9.101164517609439 ], [ 78.580543758906288, 9.10135864059966 ], [ 78.580929517048858, 9.101729247290503 ], [ 78.581141212232097, 9.102084262732776 ], [ 78.581279273409791, 9.102597553691831 ], [ 78.581551778249533, 9.103082872330203 ], [ 78.581886929800561, 9.103501007144729 ], [ 78.582439451192485, 9.103894369355929 ], [ 78.583100166575548, 9.104242895142521 ], [ 78.583555425574986, 9.104530969041837 ], [ 78.583878077967171, 9.105114043584805 ], [ 78.584122117890516, 9.105516181726218 ], [ 78.584422683404796, 9.106091723197991 ], [ 78.584738258869166, 9.106377968401784 ], [ 78.585213850336785, 9.106475840980284 ], [ 78.586121604219585, 9.1065197488977 ], [ 78.58711211809289, 9.106532629806054 ], [ 78.587359514122127, 9.106551143117423 ], [ 78.58764458908766, 9.106709734709526 ], [ 78.587846964249835, 9.106832726810532 ], [ 78.587974407340852, 9.106998522423185 ], [ 78.588031037136375, 9.107211269944969 ], [ 78.588036179093052, 9.107372131053213 ], [ 78.587876387668629, 9.107700972032809 ], [ 78.587299250641308, 9.108299342840816 ], [ 78.58677295466579, 9.10886235468884 ], [ 78.586518547285749, 9.109463250573786 ], [ 78.586178465780449, 9.110081619031531 ], [ 78.585850259104859, 9.110729834261452 ], [ 78.585657001842847, 9.111139894809639 ], [ 78.585350854197372, 9.111339927657545 ], [ 78.584889434551712, 9.111427071734331 ], [ 78.584381427377068, 9.11142730767116 ], [ 78.583838275413569, 9.111257719608679 ], [ 78.583301071195564, 9.11104690190678 ], [ 78.582686459149542, 9.110847071126702 ], [ 78.582197781923185, 9.110805937334039 ], [ 78.581714052617428, 9.110973213249727 ] ] ], [ [ [ 79.489292480977454, 9.119036838613974 ], [ 79.489856736163617, 9.119791676779931 ], [ 79.491276414773992, 9.121124789924147 ], [ 79.492345576150427, 9.121924627747379 ], [ 79.492850638647596, 9.12236750335896 ], [ 79.493569519945282, 9.122737955211942 ], [ 79.494688539616618, 9.122841544148752 ], [ 79.495757515940085, 9.122927096000298 ], [ 79.496585450018301, 9.123166455879975 ], [ 79.496945007897295, 9.123595771140733 ], [ 79.496981437277029, 9.123930319778436 ], [ 79.496513220079592, 9.124825536295614 ], [ 79.496058573731119, 9.125291327881421 ], [ 79.4955764146805, 9.125490431263236 ], [ 79.494916814106702, 9.125386696749514 ], [ 79.494566499892002, 9.125133585367257 ], [ 79.493993178009674, 9.124763118262878 ], [ 79.49367932012413, 9.124586890635152 ], [ 79.493379006138113, 9.124514686863 ], [ 79.493056022267609, 9.124478636857923 ], [ 79.49210527591363, 9.124203116957084 ], [ 79.491877811703901, 9.124026926304602 ], [ 79.491072265439158, 9.12291511327869 ], [ 79.489725094346937, 9.120505905753291 ], [ 79.489101650065024, 9.119728541202992 ], [ 79.488792239738459, 9.119371505056689 ], [ 79.488792110381027, 9.119086714238543 ], [ 79.488896715602621, 9.118942062313231 ], [ 79.489065003292993, 9.118941954103891 ], [ 79.489292480977454, 9.119036838613974 ] ] ], [ [ [ 79.488885778614062, 9.127513301024061 ], [ 79.488972295359034, 9.127775476130662 ], [ 79.488958719120177, 9.128001589865329 ], [ 79.488863281206079, 9.12819144184842 ], [ 79.488708599398976, 9.128250237910267 ], [ 79.48829916436047, 9.128227787715819 ], [ 79.487639546718697, 9.127929630692831 ], [ 79.487339203088297, 9.127717288431436 ], [ 79.487193610435256, 9.127550040762115 ], [ 79.487120761557264, 9.12733307465111 ], [ 79.487252615376363, 9.12710703233482 ], [ 79.487552791021798, 9.127021006084993 ], [ 79.487998642863644, 9.127251453892939 ], [ 79.488226121446402, 9.127251382050709 ], [ 79.488312463918263, 9.127093094047334 ], [ 79.488262335230459, 9.12665460136482 ], [ 79.488312295933298, 9.126523492580439 ], [ 79.488576208387343, 9.126604769371379 ], [ 79.488717322040387, 9.126916674217428 ], [ 79.488885778614062, 9.127513301024061 ] ] ], [ [ [ 79.481908702142817, 9.130200741276811 ], [ 79.481704003039056, 9.130426873872942 ], [ 79.481499418919626, 9.130549026746237 ], [ 79.481058153875637, 9.13060792885125 ], [ 79.480626001341889, 9.130558330673692 ], [ 79.479916211893183, 9.130083855786367 ], [ 79.479725177063202, 9.12989402964509 ], [ 79.479734160216054, 9.129699581583695 ], [ 79.479997957685725, 9.129618168023152 ], [ 79.480694073877501, 9.12995246621767 ], [ 79.481126275818582, 9.130060880642297 ], [ 79.481367279436242, 9.129974919851302 ], [ 79.481453602145166, 9.129653925706998 ], [ 79.48123510222365, 9.129070758199179 ], [ 79.481175959840314, 9.128889986260123 ], [ 79.481175899653181, 9.128736294207574 ], [ 79.481307777726769, 9.12862770997509 ], [ 79.481630775970331, 9.128686456296483 ], [ 79.481944826095372, 9.129246855005514 ], [ 79.482026867433618, 9.129866207390469 ], [ 79.481908702142817, 9.130200741276811 ] ] ], [ [ [ 79.483601846790336, 9.133518465295822 ], [ 79.48354286969699, 9.133925335995695 ], [ 79.483470135803373, 9.134092690652617 ], [ 79.483338211017411, 9.134237338207045 ], [ 79.483265470835562, 9.134260010640906 ], [ 79.483088051770324, 9.134296228172504 ], [ 79.482869723427029, 9.13429623615483 ], [ 79.482027986734479, 9.133672675911654 ], [ 79.481559274565285, 9.133112238040162 ], [ 79.48151377040459, 9.132886171006431 ], [ 79.481645592782655, 9.132696273629382 ], [ 79.481968642230186, 9.132840882725791 ], [ 79.48243725288971, 9.133234058282742 ], [ 79.482596548444093, 9.133387709371362 ], [ 79.482773963017777, 9.133401206610554 ], [ 79.482833003891514, 9.133342424702189 ], [ 79.482810230700721, 9.133161604374544 ], [ 79.4821867558761, 9.132339003897684 ], [ 79.48210024811425, 9.132004524346858 ], [ 79.482282190196955, 9.131837213055858 ], [ 79.482618811391788, 9.132026943260957 ], [ 79.483073851202306, 9.132447196751299 ], [ 79.483469831274491, 9.133102598034155 ], [ 79.483601846790336, 9.133518465295822 ] ] ], [ [ [ 79.473935897078078, 9.135261731129759 ], [ 79.474245448440172, 9.135939783598564 ], [ 79.474245496949209, 9.136238161859191 ], [ 79.47395917961363, 9.137051909886846 ], [ 79.473745535086238, 9.137788902438421 ], [ 79.473613824997599, 9.138399189025476 ], [ 79.472881674684857, 9.139186030316592 ], [ 79.472281356631612, 9.139760305961163 ], [ 79.471799184106217, 9.140036188999227 ], [ 79.47129429678057, 9.140095093970441 ], [ 79.470693760436731, 9.139986731378904 ], [ 79.470297939366361, 9.13975175969523 ], [ 79.469997663109595, 9.139521341256158 ], [ 79.469806624686328, 9.139403790979138 ], [ 79.469792894835521, 9.139091880209879 ], [ 79.469806452209781, 9.138879413336182 ], [ 79.469983799409817, 9.138698529300234 ], [ 79.47097089339681, 9.138662133059784 ], [ 79.471161966854396, 9.138603312108303 ], [ 79.471498497319374, 9.138246113044447 ], [ 79.471812262678469, 9.137875264003835 ], [ 79.472312605427078, 9.137685315183958 ], [ 79.473467773305444, 9.136609080009848 ], [ 79.473585865832717, 9.136156905890019 ], [ 79.473444733315063, 9.135569265639141 ], [ 79.473358235434645, 9.135356877374251 ], [ 79.473408176374548, 9.135139816679722 ], [ 79.473540060736369, 9.135008655139989 ], [ 79.473694715594007, 9.135008603698498 ], [ 79.473935897078078, 9.135261731129759 ] ] ], [ [ [ 79.468073725994216, 9.140620390433837 ], [ 79.468096528829406, 9.140859950403074 ], [ 79.467964715434505, 9.141253257240727 ], [ 79.467810215087098, 9.141850073787918 ], [ 79.467737615940806, 9.142496558583211 ], [ 79.467642230128959, 9.142993811209486 ], [ 79.467533092008466, 9.143233502616988 ], [ 79.467414882700254, 9.143378192578059 ], [ 79.466200293062471, 9.143568392901734 ], [ 79.465276854594791, 9.143460041123156 ], [ 79.465117605752823, 9.143320020730437 ], [ 79.465072078235877, 9.143152759099284 ], [ 79.465094731950728, 9.142935680983467 ], [ 79.466090737225358, 9.141959029151591 ], [ 79.467509654064386, 9.140511971240018 ], [ 79.467787087960119, 9.140394390248179 ], [ 79.468073725994216, 9.140620390433837 ] ] ], [ [ [ 79.454345558634586, 9.143720326927911 ], [ 79.454427476005364, 9.14399609071371 ], [ 79.45450042459629, 9.1446380457716 ], [ 79.454632449993611, 9.144986035978942 ], [ 79.454705339295757, 9.145320586707301 ], [ 79.454405139395803, 9.145605417760365 ], [ 79.454127603990457, 9.145628093904966 ], [ 79.453781866692125, 9.145497072810196 ], [ 79.45378171487684, 9.144936530266852 ], [ 79.453781571146379, 9.144258436392644 ], [ 79.453781543298604, 9.143896763270991 ], [ 79.453972564653895, 9.143670694213029 ], [ 79.454345558634586, 9.143720326927911 ] ] ], [ [ [ 79.45643431504503, 9.147038036764027 ], [ 79.456229704874445, 9.147386256103147 ], [ 79.455993192833176, 9.147553513970992 ], [ 79.455752072434493, 9.14763497664538 ], [ 79.455547374229027, 9.147634995270073 ], [ 79.455365412383401, 9.147562711027305 ], [ 79.4552926272858, 9.147408995990453 ], [ 79.455055996666914, 9.147074527045605 ], [ 79.455078698890787, 9.146825939145502 ], [ 79.455233341172004, 9.146739951359256 ], [ 79.455606381865095, 9.146825821188818 ], [ 79.455729165394743, 9.146825755558748 ], [ 79.455929343277717, 9.146717180387983 ], [ 79.456184053390018, 9.146558917884603 ], [ 79.456434263841032, 9.14670358343457 ], [ 79.45643431504503, 9.147038036764027 ] ] ], [ [ [ 79.453768941731809, 9.148584758817577 ], [ 79.453277807613162, 9.14929917663534 ], [ 79.452977593340137, 9.14956142794232 ], [ 79.452691005611683, 9.149715189054163 ], [ 79.452354381721904, 9.149778515319783 ], [ 79.4519676812466, 9.149692762384841 ], [ 79.45124890056023, 9.149380967944829 ], [ 79.450457200927289, 9.148585457685424 ], [ 79.450216037409476, 9.148287112831651 ], [ 79.450093128115668, 9.147952627861388 ], [ 79.45025228982108, 9.147654224829111 ], [ 79.450456949398998, 9.14761806541714 ], [ 79.45093465999237, 9.147902774901185 ], [ 79.451380520817324, 9.147880041253694 ], [ 79.45173980021859, 9.147626772021399 ], [ 79.452426652084839, 9.147188124574519 ], [ 79.452567495344951, 9.146519047599906 ], [ 79.452662982666382, 9.146424087924919 ], [ 79.45321806695182, 9.146767552346493 ], [ 79.453541119992607, 9.146912145973371 ], [ 79.454118859789503, 9.147020496701005 ], [ 79.454323548113493, 9.147138032933343 ], [ 79.454514741047007, 9.1474002077869 ], [ 79.454464756987946, 9.147734737621024 ], [ 79.453768941731809, 9.148584758817577 ] ] ], [ [ [ 79.445016970328979, 9.15106840316934 ], [ 79.445626617386466, 9.151606259403067 ], [ 79.445785970433008, 9.152058361571918 ], [ 79.445676824227675, 9.15233411002659 ], [ 79.445544970408605, 9.152582812032399 ], [ 79.445485833415106, 9.152727451186959 ], [ 79.445617807608457, 9.153084564766511 ], [ 79.445736110341471, 9.153310589707127 ], [ 79.445795306623779, 9.153491397139886 ], [ 79.445722606866141, 9.153658658345089 ], [ 79.445517921237069, 9.153767203904 ], [ 79.445326777710903, 9.153767259777135 ], [ 79.445112978673279, 9.153658776299535 ], [ 79.445003767789245, 9.15338306612084 ], [ 79.444534970280145, 9.152343392986582 ], [ 79.44446208007966, 9.151651694292662 ], [ 79.444557464993167, 9.151199604023184 ], [ 79.4447030091372, 9.151032363833485 ], [ 79.445016970328979, 9.15106840316934 ] ] ], [ [ [ 78.695452480719936, 9.150566198827924 ], [ 78.695890004280756, 9.150817969796709 ], [ 78.696347746223651, 9.151311642871317 ], [ 78.696796535556459, 9.152068683074917 ], [ 78.69700368436601, 9.152589692432999 ], [ 78.697018456262541, 9.153263226073195 ], [ 78.696883587697386, 9.154481156345788 ], [ 78.696866493655818, 9.155163062019696 ], [ 78.696751705132215, 9.155666740055919 ], [ 78.696522129881572, 9.155810523013185 ], [ 78.696102835832804, 9.155826802400385 ], [ 78.695519757348194, 9.155633642935681 ], [ 78.694856800668504, 9.155023188132626 ], [ 78.694078794055457, 9.153540538929336 ], [ 78.693841850822835, 9.152857015139862 ], [ 78.693750691584455, 9.152265494870036 ], [ 78.693747680431613, 9.151747650312561 ], [ 78.693865537600246, 9.151199000056829 ], [ 78.694223919584545, 9.150778179808766 ], [ 78.694415264333315, 9.150653098291967 ], [ 78.694664581858959, 9.150549232752253 ], [ 78.69507542276088, 9.150506062821902 ], [ 78.695452480719936, 9.150566198827924 ] ] ], [ [ [ 78.732058736021344, 9.154421508782255 ], [ 78.731988605445409, 9.155178882923883 ], [ 78.731803977400034, 9.155640759184843 ], [ 78.73160360368432, 9.155841587410851 ], [ 78.73135224608464, 9.155905999001062 ], [ 78.731101463406787, 9.155879682910653 ], [ 78.730862618440753, 9.155768606869158 ], [ 78.730523595150828, 9.155430880326442 ], [ 78.730258281324922, 9.154916791848807 ], [ 78.729898239253984, 9.154459848324453 ], [ 78.729707399358404, 9.15422048286803 ], [ 78.729454220873663, 9.154081768641872 ], [ 78.729182164293235, 9.154058411029704 ], [ 78.728788094039345, 9.154093605754467 ], [ 78.728371783295657, 9.153924997591037 ], [ 78.728127400215882, 9.153544560910889 ], [ 78.728013395023183, 9.153208243276255 ], [ 78.728034130834871, 9.152800599085889 ], [ 78.728162574649133, 9.152577669912805 ], [ 78.72836055615123, 9.152411562028192 ], [ 78.728737259275732, 9.152203591601312 ], [ 78.729442787116739, 9.152142027996527 ], [ 78.730423161705446, 9.152072647425978 ], [ 78.730972724046779, 9.152118491994196 ], [ 78.731193123905115, 9.15227504300861 ], [ 78.731487542247919, 9.152778486565792 ], [ 78.731878348922393, 9.153535136969021 ], [ 78.732017975863613, 9.153981001069882 ], [ 78.732058736021344, 9.154421508782255 ] ] ], [ [ [ 78.752243495078218, 9.156829073240409 ], [ 78.752213600043873, 9.156852078584125 ], [ 78.752182574030627, 9.156874840037844 ], [ 78.752150459259198, 9.156897464025661 ], [ 78.752117289865666, 9.15692005963227 ], [ 78.752067111770501, 9.156953516700829 ], [ 78.752016345278861, 9.156984774335653 ], [ 78.751990862769205, 9.156998500378592 ], [ 78.751965382056156, 9.157010384398021 ], [ 78.751939951648794, 9.157019990942404 ], [ 78.751914620954409, 9.157026893428826 ], [ 78.751889439380378, 9.157030659066388 ], [ 78.751864456334005, 9.157030856837743 ], [ 78.751839721222652, 9.157027055725496 ], [ 78.751816905811069, 9.157019379890981 ], [ 78.751815472998175, 9.157018898322153 ], [ 78.751815282555356, 9.157018833580857 ], [ 78.751718076756774, 9.156977281194845 ], [ 78.751329634448126, 9.156806510442101 ], [ 78.75133418621165, 9.156806512215832 ], [ 78.751279617151397, 9.156777744002953 ], [ 78.751225119058049, 9.156751114912758 ], [ 78.751116359128304, 9.156697503752977 ], [ 78.751062109868286, 9.156667140055793 ], [ 78.751007954931396, 9.156632149565437 ], [ 78.750980913844714, 9.156612391031594 ], [ 78.750953899707497, 9.156590841909839 ], [ 78.750952228841058, 9.156589338668313 ], [ 78.750951766208701, 9.156588921840299 ], [ 78.750940957679191, 9.156579190235858 ], [ 78.750929505955952, 9.156566689828596 ], [ 78.750910786862065, 9.156539523280422 ], [ 78.750897084859034, 9.156510105858281 ], [ 78.750887720820529, 9.156479210910925 ], [ 78.750882017416799, 9.156447607352908 ], [ 78.750879294623147, 9.156416064986026 ], [ 78.750878875109905, 9.156385355386055 ], [ 78.750879210181523, 9.15637673324879 ], [ 78.75087923892761, 9.156375976749775 ], [ 78.75088002495346, 9.156355747274381 ], [ 78.750885521744706, 9.156296618843655 ], [ 78.750895360992018, 9.156237424774803 ], [ 78.750909701697211, 9.156178204090027 ], [ 78.750928705557044, 9.156118995811527 ], [ 78.750952536064901, 9.156059840735361 ], [ 78.750962766977679, 9.156037642391622 ], [ 78.75097370935616, 9.156015460010133 ], [ 78.750985372183465, 9.155993293590907 ], [ 78.750997764442829, 9.155971149342067 ], [ 78.751010894219007, 9.155949023716113 ], [ 78.751024769596867, 9.155926922921106 ], [ 78.751029559414008, 9.155919644380528 ], [ 78.751029736382094, 9.155919374772084 ], [ 78.751039237862869, 9.155904933870371 ], [ 78.751053777994045, 9.155883343909721 ], [ 78.751103857274501, 9.155812825327969 ], [ 78.751155154670485, 9.155747199595497 ], [ 78.751264098754888, 9.155630593874761 ], [ 78.751386004630533, 9.155533446061456 ], [ 78.751453504939292, 9.155492143599412 ], [ 78.751489186920693, 9.155473307347968 ], [ 78.751526269375617, 9.155455678126962 ], [ 78.75156247507482, 9.155440206662277 ], [ 78.751562615212009, 9.155440155223753 ], [ 78.751599490156096, 9.15542653731892 ], [ 78.751636731612834, 9.155415293567438 ], [ 78.751674169800637, 9.155406301581396 ], [ 78.751711773278402, 9.155399377778565 ], [ 78.751749508808544, 9.15539434567175 ], [ 78.751787344950017, 9.155391027886807 ], [ 78.751825252956664, 9.155389245275817 ], [ 78.751901148920069, 9.155389566323157 ], [ 78.751976946068822, 9.155393883611897 ], [ 78.752052389281346, 9.15540076661877 ], [ 78.752127227029334, 9.155408788367957 ], [ 78.752171330716521, 9.155412295943149 ], [ 78.752215631134746, 9.155414558351309 ], [ 78.75230352769205, 9.155423179625066 ], [ 78.7524287501477, 9.155475739148082 ], [ 78.75246742621394, 9.155511662740398 ], [ 78.752468664092419, 9.155513042711435 ], [ 78.752487723647789, 9.15553648891513 ], [ 78.752503449555149, 9.155560055731732 ], [ 78.752526093388511, 9.155607518389191 ], [ 78.752544551970971, 9.155703501721403 ], [ 78.752541141067823, 9.155849045100801 ], [ 78.752541304561234, 9.155897688143488 ], [ 78.752548338369905, 9.156046818830562 ], [ 78.752550257171336, 9.156196493105844 ], [ 78.752537438212258, 9.156345897710022 ], [ 78.75252249383918, 9.156420243910805 ], [ 78.752512362639408, 9.15645728308826 ], [ 78.752500256044328, 9.156494216724466 ], [ 78.752500003617712, 9.156494865912151 ], [ 78.752499959600286, 9.156494980318154 ], [ 78.752486889112888, 9.156528660030668 ], [ 78.752471934858335, 9.156561552200987 ], [ 78.752455431908274, 9.156593001433773 ], [ 78.752437417991871, 9.156623116814224 ], [ 78.752417932635055, 9.15665200742743 ], [ 78.752397010872087, 9.156679779697791 ], [ 78.752374694025477, 9.156706546257842 ], [ 78.752351018027866, 9.156732414418801 ], [ 78.752326022405057, 9.156757490604978 ], [ 78.752299743988075, 9.15678188656188 ], [ 78.752272222302693, 9.156805712261242 ], [ 78.752243495078218, 9.156829073240409 ] ] ], [ [ [ 79.445818990706215, 9.157930773003294 ], [ 79.445473239933136, 9.158206585191778 ], [ 79.44506381297947, 9.15820668185998 ], [ 79.444476924739732, 9.158039517689149 ], [ 79.443753517729633, 9.157370603915286 ], [ 79.443503226430252, 9.156927593570192 ], [ 79.443575946849109, 9.156642774244558 ], [ 79.443621397110931, 9.156484510836615 ], [ 79.443753276981141, 9.156344350124034 ], [ 79.444126391336113, 9.156416596220321 ], [ 79.444549543649003, 9.156986140997939 ], [ 79.444777059062702, 9.157284453721342 ], [ 79.4449817887092, 9.157370321891801 ], [ 79.445327523312585, 9.157144232130374 ], [ 79.445518503345397, 9.156845858095442 ], [ 79.445591257900233, 9.156665028423175 ], [ 79.446250507232733, 9.15479326913608 ], [ 79.446996181682096, 9.152822066844641 ], [ 79.447287236732464, 9.152654763562685 ], [ 79.447646728136107, 9.152785769605085 ], [ 79.447824178642378, 9.153206166211268 ], [ 79.447669690871408, 9.153934027750198 ], [ 79.447010346317498, 9.155448647013705 ], [ 79.446637431388538, 9.156054445908268 ], [ 79.4461827329378, 9.157284231117869 ], [ 79.445818990706215, 9.157930773003294 ] ] ], [ [ [ 78.698497408410333, 9.158014571962493 ], [ 78.698712737278882, 9.158110664615968 ], [ 78.698882998567967, 9.158301195843764 ], [ 78.698951681957965, 9.158484765978429 ], [ 78.698836061594378, 9.158686111412335 ], [ 78.698607054079005, 9.158741488902843 ], [ 78.698416438762223, 9.158752908147918 ], [ 78.698327766060544, 9.158714453776613 ], [ 78.698068588626327, 9.158523357838408 ], [ 78.697949787328312, 9.158232113574615 ], [ 78.69800776010517, 9.158106184177162 ], [ 78.698091219883267, 9.157967785417373 ], [ 78.698294660447374, 9.157937504307135 ], [ 78.698497408410333, 9.158014571962493 ] ] ], [ [ [ 78.823558099047659, 9.166035885279545 ], [ 78.823571457894261, 9.166039356389206 ], [ 78.823585811175846, 9.166045236168639 ], [ 78.82361563344665, 9.166062557129193 ], [ 78.823634836732481, 9.16607687966772 ], [ 78.82365739792084, 9.166097460666847 ], [ 78.823667814784883, 9.166109168786717 ], [ 78.823676736852278, 9.166121803658569 ], [ 78.823682133032179, 9.166134466022145 ], [ 78.82368256063026, 9.166140122315246 ], [ 78.823680896950378, 9.166145101946052 ], [ 78.823676488018961, 9.166149014703096 ], [ 78.823653906169326, 9.16615822014675 ], [ 78.823626794115754, 9.166164762396882 ], [ 78.823606539801034, 9.166167916015025 ], [ 78.823577222383435, 9.166170948135511 ], [ 78.823534789562672, 9.166173525304847 ], [ 78.823474082314078, 9.166175828439311 ], [ 78.82339009881818, 9.166180380610719 ], [ 78.823342764789217, 9.166185544704549 ], [ 78.823291141304779, 9.166195260969481 ], [ 78.823265270722914, 9.166202581868101 ], [ 78.823239340852226, 9.166212346909038 ], [ 78.823191749905135, 9.16623488871257 ], [ 78.823143713393605, 9.166257592807122 ], [ 78.82303076102643, 9.166306259256377 ], [ 78.822917132227815, 9.166353023419068 ], [ 78.822840857175365, 9.166382049814963 ], [ 78.822738326163787, 9.166416780386728 ], [ 78.822679237679338, 9.16643404634484 ], [ 78.822614428723142, 9.166448477063319 ], [ 78.822548342362651, 9.166457083879839 ], [ 78.822503723042487, 9.166459824226314 ], [ 78.822443710191621, 9.16646002820031 ], [ 78.822363102564537, 9.166454710686548 ], [ 78.822316912090955, 9.16644908277744 ], [ 78.82226415583095, 9.16644057972144 ], [ 78.822204079199693, 9.166428435285459 ], [ 78.822135957256734, 9.166411791891308 ], [ 78.822059185435918, 9.166389775110437 ], [ 78.821973433157225, 9.166361613387872 ], [ 78.821790032210515, 9.166295910674771 ], [ 78.821609301955107, 9.166226304948609 ], [ 78.82149030662103, 9.166176877576047 ], [ 78.821333511078052, 9.16610619342379 ], [ 78.821244874308974, 9.166062925169646 ], [ 78.821098077015137, 9.165986808184117 ], [ 78.820952945197831, 9.165908217771859 ], [ 78.820664434176336, 9.165749286262567 ], [ 78.820470789740469, 9.165646583354935 ], [ 78.820416945620636, 9.165620087069476 ], [ 78.820362414289633, 9.165595248296631 ], [ 78.820251707710639, 9.165549357577241 ], [ 78.820026710274689, 9.165464447403593 ], [ 78.819876787741975, 9.165405332904601 ], [ 78.8197920721191, 9.165368075608979 ], [ 78.819696703375286, 9.165320736640123 ], [ 78.819643062274736, 9.165289454020174 ], [ 78.819592357766822, 9.165254530892463 ], [ 78.819560172028531, 9.165229311636859 ], [ 78.8195192456825, 9.165193378384854 ], [ 78.819468178255192, 9.165141561703209 ], [ 78.819440771554213, 9.165110047600415 ], [ 78.819411015758732, 9.165072424892852 ], [ 78.81937903214137, 9.165027425387224 ], [ 78.819345094688231, 9.164973530798328 ], [ 78.81930967860815, 9.164908939048166 ], [ 78.819267784776585, 9.164821411634099 ], [ 78.819230897256077, 9.164733587991309 ], [ 78.819208969379957, 9.164674810372876 ], [ 78.819182901168759, 9.164596076887703 ], [ 78.819153507394333, 9.16449030692468 ], [ 78.819139322995994, 9.164429383092413 ], [ 78.81912531736242, 9.164359261741291 ], [ 78.819112051940621, 9.164278402409208 ], [ 78.81910026784071, 9.164184932950178 ], [ 78.819092232410483, 9.164100065019094 ], [ 78.81908614901937, 9.164015197067704 ], [ 78.819079083769665, 9.163845503672935 ], [ 78.819077533277508, 9.163732439142482 ], [ 78.81907842979615, 9.16367116044003 ], [ 78.819081410406255, 9.163609908332511 ], [ 78.819092259359962, 9.163487469712749 ], [ 78.819123967194543, 9.163242751093074 ], [ 78.819143770554959, 9.163079631562873 ], [ 78.819151637101911, 9.162986398577905 ], [ 78.819155639096508, 9.162879807797024 ], [ 78.81915500668255, 9.162822936604899 ], [ 78.81915069027761, 9.162766765130504 ], [ 78.819141347798649, 9.162711563864278 ], [ 78.819132456273991, 9.162675273842661 ], [ 78.819117437340751, 9.162627488427804 ], [ 78.819092079696887, 9.162564773719302 ], [ 78.819075003621649, 9.162529418426105 ], [ 78.819053311104184, 9.162489408922616 ], [ 78.819025825351417, 9.162444171412977 ], [ 78.818991112652199, 9.162393057605239 ], [ 78.818944517038432, 9.162331329923665 ], [ 78.818896289185759, 9.162273726989213 ], [ 78.818863225793436, 9.162237399675021 ], [ 78.81881800190709, 9.162191286808238 ], [ 78.81875567230108, 9.162133440852983 ], [ 78.818668930977239, 9.162061610966841 ], [ 78.818617489850823, 9.162022681599556 ], [ 78.818557021554099, 9.161979563613274 ], [ 78.818485713286833, 9.161931481895323 ], [ 78.818455497553941, 9.161913066354382 ], [ 78.81842421282586, 9.161896577061388 ], [ 78.818359131680168, 9.161868206571592 ], [ 78.818314450376249, 9.161851758071856 ], [ 78.818134410925325, 9.161790575712159 ], [ 78.818085099704433, 9.161770248990923 ], [ 78.818031334636359, 9.161743071311431 ], [ 78.818004096818626, 9.161726342559577 ], [ 78.81797634875781, 9.161706446846386 ], [ 78.817948424627218, 9.161682570924869 ], [ 78.817807408890545, 9.161546079411119 ], [ 78.817670627812134, 9.161405758400171 ], [ 78.817581693700689, 9.16131016682478 ], [ 78.817465801147549, 9.161180270721308 ], [ 78.817187690820418, 9.160861551130456 ], [ 78.816910338671406, 9.160542216660868 ], [ 78.81688757266717, 9.160519591131386 ], [ 78.816894771765831, 9.160466548129531 ], [ 78.816904020820019, 9.16041382793629 ], [ 78.816914905706312, 9.160379322039685 ], [ 78.816923399277329, 9.160365274197574 ], [ 78.816934983951242, 9.160356669007195 ], [ 78.816944206954233, 9.160353635063363 ], [ 78.816958111078208, 9.160352567285408 ], [ 78.816979013976578, 9.160355705878573 ], [ 78.817009912429072, 9.1603662692531 ], [ 78.817053713384013, 9.160387575146631 ], [ 78.817110159024907, 9.160419074591811 ], [ 78.817138017578486, 9.160433638583459 ], [ 78.817188950258455, 9.16046133960961 ], [ 78.817238404311496, 9.160493632786524 ], [ 78.817335989199108, 9.160563196180037 ], [ 78.817402557056596, 9.160606190178093 ], [ 78.817441985012735, 9.160627145748309 ], [ 78.817488828561537, 9.160646330261827 ], [ 78.817514756635603, 9.160654006018023 ], [ 78.817543252993019, 9.160659916039773 ], [ 78.817604074327662, 9.160668386420433 ], [ 78.817664933391526, 9.160674561612481 ], [ 78.817786732367651, 9.160681719443007 ], [ 78.818030465965492, 9.160687103557573 ], [ 78.81809639691744, 9.160686374560342 ], [ 78.818162379971696, 9.160681915438634 ], [ 78.818294415250477, 9.160668274676313 ], [ 78.818382423198855, 9.160660872959545 ], [ 78.818432684837319, 9.160659014105187 ], [ 78.818490088082271, 9.160660137754267 ], [ 78.818555621978902, 9.160666978089941 ], [ 78.81859053679905, 9.16067357276583 ], [ 78.818605788395928, 9.160678007055626 ], [ 78.818620102151684, 9.160684200871541 ], [ 78.818646253007913, 9.160701107044037 ], [ 78.818662120849083, 9.160715111416783 ], [ 78.818681725681841, 9.160736285147591 ], [ 78.818705855328716, 9.16076725067353 ], [ 78.818736236351612, 9.160809329409815 ], [ 78.81882141640348, 9.160925638107901 ], [ 78.818901832689377, 9.161043002127833 ], [ 78.818951243623275, 9.161123756660425 ], [ 78.818977540904896, 9.161171337413649 ], [ 78.819038774566238, 9.161289396647851 ], [ 78.819098260106045, 9.161408052696979 ], [ 78.819214285609817, 9.161646467037786 ], [ 78.819236780322868, 9.161699022979867 ], [ 78.819255951269326, 9.161753317150499 ], [ 78.819291787760974, 9.161863149724448 ], [ 78.819319813401208, 9.161934114080431 ], [ 78.819339346368736, 9.161972773853586 ], [ 78.819366115265879, 9.162014576635304 ], [ 78.819382735895275, 9.162035619034203 ], [ 78.819428781740129, 9.16208453881549 ], [ 78.819477865687233, 9.162129572394413 ], [ 78.819578521914835, 9.162216627778582 ], [ 78.819770215209914, 9.162385889166941 ], [ 78.819960992223429, 9.162556021364518 ], [ 78.819976932828169, 9.162572345672219 ], [ 78.819991155854069, 9.162590057017539 ], [ 78.820015576555065, 9.162628735343237 ], [ 78.820056221728393, 9.162712801024034 ], [ 78.820084496201986, 9.162768026235105 ], [ 78.820103536892731, 9.162797323414059 ], [ 78.820129453288672, 9.162827526067101 ], [ 78.82018229578695, 9.162877158768714 ], [ 78.820236828016277, 9.162924903354778 ], [ 78.820348008007414, 9.163017585620723 ], [ 78.82038049557967, 9.163043056012532 ], [ 78.820414503101361, 9.163067063983567 ], [ 78.820486124880674, 9.163111592819186 ], [ 78.820535787342848, 9.16313941424839 ], [ 78.820737613634364, 9.163247276696506 ], [ 78.820792839363051, 9.163280282648765 ], [ 78.82085270039866, 9.16332102016813 ], [ 78.820882796655624, 9.163344449006493 ], [ 78.820913222594271, 9.163371006654444 ], [ 78.820943514683975, 9.16340135736284 ], [ 78.820973060273673, 9.163436323241644 ], [ 78.821001051777927, 9.163476923281214 ], [ 78.821026448947634, 9.16352441769472 ], [ 78.821038371388113, 9.16355314988736 ], [ 78.821048065108329, 9.163582225288872 ], [ 78.821062066250349, 9.16364119730838 ], [ 78.821068445187166, 9.163680961911423 ], [ 78.821086915447736, 9.163841071196373 ], [ 78.821094730790719, 9.163886415836901 ], [ 78.821140905992948, 9.164176911399077 ], [ 78.821151539350964, 9.16421782618545 ], [ 78.82116708020537, 9.164264124140566 ], [ 78.821190331299874, 9.164316288594989 ], [ 78.821208709033968, 9.164344853109117 ], [ 78.821231268425677, 9.164368517781703 ], [ 78.821248311263247, 9.16438195176619 ], [ 78.821273145189295, 9.164397405991441 ], [ 78.821309279921579, 9.164414501772793 ], [ 78.82146768883878, 9.164467390760347 ], [ 78.82151053129131, 9.164485667820482 ], [ 78.821531835736607, 9.164497305932464 ], [ 78.821722052201366, 9.164597332664734 ], [ 78.821747074773626, 9.164614462136697 ], [ 78.821773760127456, 9.164636427590439 ], [ 78.821801144370582, 9.164665403576285 ], [ 78.821814145687682, 9.164682843441746 ], [ 78.821847462404918, 9.164737328715434 ], [ 78.82187532994169, 9.164793342906158 ], [ 78.821891546329184, 9.164831354969351 ], [ 78.82191102539781, 9.16488265909844 ], [ 78.821982604956261, 9.165090097092236 ], [ 78.822053817103807, 9.16528675002534 ], [ 78.822123449114713, 9.165484039604987 ], [ 78.822173829330808, 9.165615002783523 ], [ 78.822200070916878, 9.165672112089998 ], [ 78.82223162603789, 9.165726995405461 ], [ 78.822255617344169, 9.165761859068057 ], [ 78.822291287647474, 9.165805618671081 ], [ 78.822313563171576, 9.165828984379543 ], [ 78.822340706666211, 9.165854021789325 ], [ 78.822373930856983, 9.165880222737943 ], [ 78.82241478533777, 9.165906659585399 ], [ 78.822465242808988, 9.165931764389889 ], [ 78.822530397616518, 9.165956110053518 ], [ 78.822595832698468, 9.165974844648925 ], [ 78.822639593229212, 9.165984699267426 ], [ 78.822698092418818, 9.165995134768911 ], [ 78.8227763186121, 9.16600533880362 ], [ 78.822880939105019, 9.166014946878461 ], [ 78.823020776252022, 9.166026813746239 ], [ 78.823097554361055, 9.166031357051098 ], [ 78.823174613642763, 9.166031147755767 ], [ 78.823329184058764, 9.166025328281533 ], [ 78.823432254059497, 9.16602455938726 ], [ 78.823491055083039, 9.166027650040727 ], [ 78.823558099047659, 9.166035885279545 ] ] ], [ [ [ 78.827073796947545, 9.167333270898519 ], [ 78.827141753600472, 9.167452301835839 ], [ 78.827185492571687, 9.167520697670717 ], [ 78.827233399725785, 9.167586190862757 ], [ 78.827267356941832, 9.167628403590939 ], [ 78.827314789785476, 9.167683079083361 ], [ 78.827349056021987, 9.167718991686058 ], [ 78.827384976056919, 9.167753120849333 ], [ 78.82746026296256, 9.167817662419056 ], [ 78.827614024894814, 9.167943285074386 ], [ 78.827656090304629, 9.167981182398064 ], [ 78.827701845095291, 9.168026985006012 ], [ 78.827783795703738, 9.168117010743238 ], [ 78.827862653412637, 9.168209448660157 ], [ 78.827913030933772, 9.1682728523325 ], [ 78.827976911031925, 9.168360124373001 ], [ 78.828011490780455, 9.168411613341476 ], [ 78.82809043293102, 9.168537343094098 ], [ 78.828164887098396, 9.168664973295989 ], [ 78.828211876174265, 9.168751400970532 ], [ 78.828271047303701, 9.168868642681177 ], [ 78.828336416808625, 9.169012803408648 ], [ 78.82839964742486, 9.16915775602285 ], [ 78.828444085285341, 9.169253270991554 ], [ 78.828509120616943, 9.169382389934059 ], [ 78.828576558941961, 9.169510274354034 ], [ 78.828714006570323, 9.169765117199789 ], [ 78.828803826420639, 9.169936553943192 ], [ 78.828873951606653, 9.170075489895043 ], [ 78.828939929271016, 9.170215973318088 ], [ 78.82897937429513, 9.170311487115178 ], [ 78.828999665440776, 9.170367010894191 ], [ 78.829020454253097, 9.170431487249846 ], [ 78.829040617837947, 9.170506711127961 ], [ 78.829053065792834, 9.17057057110908 ], [ 78.829060636794054, 9.170634842569267 ], [ 78.829063292214045, 9.170677860179264 ], [ 78.829064235445074, 9.170735356217234 ], [ 78.829061599788062, 9.170812130214422 ], [ 78.829052879841555, 9.170914374022152 ], [ 78.829036064277759, 9.171049718808261 ], [ 78.829006817827064, 9.171251591877956 ], [ 78.828976683840864, 9.171453440888373 ], [ 78.828958649263228, 9.171588201934316 ], [ 78.828942133736717, 9.171733641253381 ], [ 78.828927413044156, 9.171879351882781 ], [ 78.82889819084798, 9.172170875834324 ], [ 78.828874718767921, 9.172364724239678 ], [ 78.828858464651177, 9.172475120214438 ], [ 78.828807574192012, 9.172769507243368 ], [ 78.828753725580583, 9.173063383215659 ], [ 78.828713799957796, 9.173278460873174 ], [ 78.828671756107582, 9.173493267918385 ], [ 78.828662373204423, 9.17352589956433 ], [ 78.828648224738714, 9.17355681431256 ], [ 78.828636575386085, 9.173576542638411 ], [ 78.828618793235037, 9.173601841115271 ], [ 78.828592060270523, 9.173633947750478 ], [ 78.828553354559844, 9.173674272594706 ], [ 78.828539150398569, 9.173683445917479 ], [ 78.828521396095312, 9.173688039673378 ], [ 78.828509120616943, 9.173688303947372 ], [ 78.828494033411744, 9.173684868385523 ], [ 78.828486826228229, 9.173680834216466 ], [ 78.828480494003799, 9.173674272594706 ], [ 78.828438883141516, 9.173607294206297 ], [ 78.828402607373718, 9.173537934677892 ], [ 78.828381547270212, 9.173490390168196 ], [ 78.828357541590847, 9.173425390254131 ], [ 78.828264239870506, 9.173140281751765 ], [ 78.828170839335456, 9.172855225343145 ], [ 78.828088883337131, 9.172606339767551 ], [ 78.828006904880951, 9.172357462885648 ], [ 78.827993711324368, 9.172313274865152 ], [ 78.827982623418791, 9.172268437680303 ], [ 78.827964813419982, 9.172177436597066 ], [ 78.827932999584206, 9.171994425148394 ], [ 78.827921429283364, 9.171942965078236 ], [ 78.827905177861538, 9.171885131353715 ], [ 78.827881312319377, 9.171820735963722 ], [ 78.827865743617181, 9.171787300692802 ], [ 78.827837411651458, 9.171733457679499 ], [ 78.827807495057556, 9.171680683288731 ], [ 78.827744042557441, 9.171577583023296 ], [ 78.827610641839442, 9.171375842276877 ], [ 78.827524215824255, 9.171239762431744 ], [ 78.82732419963807, 9.170917968353793 ], [ 78.82726124121136, 9.170808438330106 ], [ 78.827227575049477, 9.170744424082876 ], [ 78.827191799643273, 9.170669600216787 ], [ 78.827173962694999, 9.170626888563223 ], [ 78.827158377823125, 9.170583528629452 ], [ 78.827132625818891, 9.170495239050808 ], [ 78.827118402792991, 9.170435520568997 ], [ 78.827067930948758, 9.170194649390686 ], [ 78.827050641972789, 9.17012659106809 ], [ 78.82696805266221, 9.169822993837869 ], [ 78.826935445613998, 9.169722889649499 ], [ 78.826914132185607, 9.169666113557957 ], [ 78.826886715603123, 9.169601683178758 ], [ 78.826866306778172, 9.169563082767311 ], [ 78.826842066638548, 9.169527505575109 ], [ 78.826824016789544, 9.169505297430987 ], [ 78.82679788210298, 9.169477357664501 ], [ 78.826759902231103, 9.169442688583851 ], [ 78.82670497025147, 9.1694001373 ], [ 78.826627142011873, 9.169347738580854 ], [ 78.826522425399219, 9.169280399320273 ], [ 78.826427357591015, 9.169221101881462 ], [ 78.826330010756934, 9.169166666071863 ], [ 78.826132625736165, 9.16906393932133 ], [ 78.826002371816628, 9.16899322825191 ], [ 78.825929549888087, 9.168949721790405 ], [ 78.8258484877135, 9.168895757736705 ], [ 78.825774188056343, 9.168840722375018 ], [ 78.825702481835435, 9.168782919184331 ], [ 78.82565620602189, 9.16874275873613 ], [ 78.825596513869556, 9.168687091922115 ], [ 78.825520691568016, 9.168608901184756 ], [ 78.825479401404294, 9.168562084995722 ], [ 78.825434111940936, 9.168506594634236 ], [ 78.825390591260359, 9.168445768156472 ], [ 78.825351823565939, 9.168382048800437 ], [ 78.825328083787952, 9.168338304591195 ], [ 78.825298409739176, 9.168278818985172 ], [ 78.825187699566911, 9.168036969046117 ], [ 78.825153821402608, 9.167969663236766 ], [ 78.825111255631185, 9.167895400155469 ], [ 78.825086318398888, 9.167857310378361 ], [ 78.825057628005354, 9.167818081894437 ], [ 78.825024304101561, 9.16777805702365 ], [ 78.824808014035639, 9.167535961975405 ], [ 78.824591723071435, 9.167293869422585 ], [ 78.824591723071435, 9.167316493633702 ], [ 78.824493821976844, 9.167225990572696 ], [ 78.82439592267886, 9.16713548660176 ], [ 78.824286161127546, 9.167032174834565 ], [ 78.824177356282036, 9.166927329686898 ], [ 78.824135667266304, 9.16688325184565 ], [ 78.824097358611013, 9.166835701123427 ], [ 78.824073640392598, 9.166802486206779 ], [ 78.82404421607545, 9.166756803164635 ], [ 78.824008762266146, 9.166694352577675 ], [ 78.823967900598802, 9.166610573402847 ], [ 78.823957190883988, 9.166579535665226 ], [ 78.823951776737772, 9.166546663046109 ], [ 78.823950981728743, 9.16652400065168 ], [ 78.823953272432703, 9.166493180183146 ], [ 78.823961990582546, 9.166451631565812 ], [ 78.823969727772109, 9.166427975900454 ], [ 78.823980898322645, 9.166401291662469 ], [ 78.823996554161425, 9.166371568208961 ], [ 78.82401800143883, 9.166339076026622 ], [ 78.824041511248126, 9.166307831630641 ], [ 78.824066364038799, 9.166278365354049 ], [ 78.824083897356516, 9.166261156146382 ], [ 78.824108736672414, 9.166242964314653 ], [ 78.824123789741648, 9.166235722346002 ], [ 78.82414185126872, 9.166230864214103 ], [ 78.824163719856003, 9.166230481984304 ], [ 78.824334427607766, 9.166252745317664 ], [ 78.824505237767482, 9.166275742956422 ], [ 78.824687173561969, 9.16629974006683 ], [ 78.824869525276441, 9.166321004809632 ], [ 78.824936104812039, 9.166325630587203 ], [ 78.825002758009475, 9.166327262379903 ], [ 78.825136226999462, 9.166324051118291 ], [ 78.825403410219465, 9.166309305565163 ], [ 78.825479706831473, 9.166307446740385 ], [ 78.825684625124197, 9.16630746802463 ], [ 78.825889530840527, 9.166311981173177 ], [ 78.825934079193743, 9.166314813752555 ], [ 78.825978298763644, 9.166319940596988 ], [ 78.82606595906401, 9.166335936599452 ], [ 78.826123990231366, 9.166349938089533 ], [ 78.826201098920393, 9.166371416558688 ], [ 78.826303906613077, 9.166402489788258 ], [ 78.826381032370136, 9.166425965426013 ], [ 78.826457090030289, 9.166452698438579 ], [ 78.826505511919038, 9.16647447576778 ], [ 78.826531895438961, 9.16648893397676 ], [ 78.826560598408918, 9.166507631296602 ], [ 78.826591165383078, 9.166532280221171 ], [ 78.826622655825361, 9.166565394949838 ], [ 78.826678687342877, 9.16663903131127 ], [ 78.82672895706618, 9.16671427727727 ], [ 78.826760143877891, 9.16676517939454 ], [ 78.82687765070358, 9.166972649101773 ], [ 78.826976247992533, 9.1671527791302 ], [ 78.827073796947545, 9.167333270898519 ] ] ], [ [ [ 78.704249209783498, 9.184079009338577 ], [ 78.704281108060897, 9.184198293601924 ], [ 78.704192535970506, 9.184425071134154 ], [ 78.703932516814888, 9.184784273160412 ], [ 78.703081290319659, 9.18548452518149 ], [ 78.702516909369365, 9.185841789373374 ], [ 78.702111042439142, 9.186061905140276 ], [ 78.701951489068293, 9.186038208216649 ], [ 78.701911233763767, 9.185993714183295 ], [ 78.701890733310663, 9.185956467031291 ], [ 78.701880774587451, 9.185892481235637 ], [ 78.701897819221642, 9.185822480297249 ], [ 78.702045778037132, 9.185714134315003 ], [ 78.702513423906041, 9.185402006148152 ], [ 78.703012670710024, 9.185023804233825 ], [ 78.703611025046058, 9.184544064411211 ], [ 78.704151351808008, 9.184056735595604 ], [ 78.704249209783498, 9.184079009338577 ] ] ], [ [ [ 78.910480508870464, 9.186002783432352 ], [ 78.910494074329563, 9.186165784233568 ], [ 78.910489078798264, 9.186310116175411 ], [ 78.910407287191674, 9.18646225361498 ], [ 78.910232440901396, 9.186564356344043 ], [ 78.910120415595557, 9.186565769892452 ], [ 78.910086365853047, 9.186535670354852 ], [ 78.910044357037108, 9.186447779371106 ], [ 78.910041006321066, 9.186311646781654 ], [ 78.910060701883694, 9.186136465040988 ], [ 78.91013209908418, 9.185988393415215 ], [ 78.910300492775747, 9.185925436307302 ], [ 78.910480508870464, 9.186002783432352 ] ] ], [ [ [ 78.937193527218014, 9.182399771639723 ], [ 78.937349730771203, 9.182478220057416 ], [ 78.937656618628452, 9.182642433852825 ], [ 78.937696696964849, 9.182665278785839 ], [ 78.937736051259122, 9.182690051626968 ], [ 78.937813046760439, 9.182744089847107 ], [ 78.937963449891839, 9.182861084835665 ], [ 78.93806403964409, 9.182937387976425 ], [ 78.938122649326488, 9.182977562779907 ], [ 78.938191286902409, 9.183018608418548 ], [ 78.938228819413283, 9.183037815665232 ], [ 78.938269694555331, 9.18305587006817 ], [ 78.938314382147468, 9.183072013411991 ], [ 78.938363431060296, 9.18308526578066 ], [ 78.938417511437024, 9.183094380331044 ], [ 78.938875191396178, 9.183144561788501 ], [ 78.939332972864975, 9.18319322858156 ], [ 78.939765708405318, 9.183239665948786 ], [ 78.94019833614783, 9.183287585155176 ], [ 78.940247820743579, 9.183296020410477 ], [ 78.940295526675072, 9.18330934371488 ], [ 78.940326435907366, 9.183320687678146 ], [ 78.940366647194438, 9.183338576234863 ], [ 78.940418695581997, 9.183366759666583 ], [ 78.940485816801697, 9.183410674948625 ], [ 78.940523263972622, 9.183438319199535 ], [ 78.940621131829573, 9.183517759717548 ], [ 78.94075085035324, 9.183626570168064 ], [ 78.940826765181285, 9.183684330146921 ], [ 78.940868312263177, 9.18371240181428 ], [ 78.940913698744552, 9.183739553867508 ], [ 78.941084339122668, 9.183831820994643 ], [ 78.941256780622922, 9.183921489774223 ], [ 78.941604122312398, 9.184098543756772 ], [ 78.941835141155678, 9.184219314288857 ], [ 78.941966155049968, 9.18429080980018 ], [ 78.942128227296891, 9.184381262393632 ], [ 78.942286055004132, 9.184472122891354 ], [ 78.942388863595127, 9.184534660801827 ], [ 78.942522882354055, 9.184622555807319 ], [ 78.942597867425775, 9.184675955238252 ], [ 78.942682117721318, 9.184740543389323 ], [ 78.942776493826742, 9.184819849708958 ], [ 78.942825982914073, 9.184864881288991 ], [ 78.942878116641594, 9.18491523630802 ], [ 78.942932975857673, 9.184971797127002 ], [ 78.942990630630916, 9.185035625239049 ], [ 78.943051137555173, 9.1851079931938 ], [ 78.943114543342901, 9.185190433370716 ], [ 78.943153839246676, 9.185248460907234 ], [ 78.943186959232889, 9.185306919417295 ], [ 78.943205884040978, 9.18534610694789 ], [ 78.943227520862905, 9.185398602624476 ], [ 78.943250607565702, 9.185468981421717 ], [ 78.943261166363556, 9.185509368769225 ], [ 78.943271166409318, 9.185555658624857 ], [ 78.943280210647586, 9.185608706744084 ], [ 78.94328791370117, 9.185669487712108 ], [ 78.943293991702362, 9.185739097603969 ], [ 78.943298440159651, 9.185818758418177 ], [ 78.943301851961095, 9.185909813642114 ], [ 78.943301960657237, 9.185943659054187 ], [ 78.943300102042912, 9.185977547029156 ], [ 78.943291276993563, 9.186045419630004 ], [ 78.943282253416555, 9.186090719753009 ], [ 78.943267256042873, 9.186151152128206 ], [ 78.943194915611343, 9.186392530355606 ], [ 78.943177376903748, 9.186461164632547 ], [ 78.943162898756327, 9.186539297339502 ], [ 78.943158426044519, 9.186580804584857 ], [ 78.943156698584232, 9.186624939393285 ], [ 78.943159645058344, 9.186670761763255 ], [ 78.943168043407937, 9.186716258674315 ], [ 78.943176330366427, 9.186746420272092 ], [ 78.943190318033743, 9.186786443888964 ], [ 78.943213423601151, 9.186839490050332 ], [ 78.943250309325038, 9.186909730221709 ], [ 78.943305949177116, 9.187002676692961 ], [ 78.943381308846298, 9.187125743912867 ], [ 78.943419665112302, 9.187195829725718 ], [ 78.943437444568417, 9.187233187596393 ], [ 78.943453730126194, 9.187273042667899 ], [ 78.94346747524834, 9.187315585599562 ], [ 78.943477306410813, 9.187361025673207 ], [ 78.943481442254381, 9.187409597887294 ], [ 78.943480712822378, 9.187434720679208 ], [ 78.943473696081682, 9.18749249511273 ], [ 78.943460058757339, 9.187549983103425 ], [ 78.943446755606331, 9.187587941294039 ], [ 78.943423141592461, 9.187637848983599 ], [ 78.943406370944416, 9.187665905262264 ], [ 78.943384061284334, 9.187697468794847 ], [ 78.943354198589319, 9.187732786994875 ], [ 78.943313982810707, 9.187772015049489 ], [ 78.943289723806444, 9.187792381073233 ], [ 78.943236085400827, 9.187831910629891 ], [ 78.943182423639016, 9.187865239746516 ], [ 78.943146640148001, 9.187884233900885 ], [ 78.943098918945154, 9.187905812159968 ], [ 78.943035283188735, 9.187928418207141 ], [ 78.942998917589406, 9.18793843272462 ], [ 78.942957357931121, 9.187947511678541 ], [ 78.942909867595304, 9.187955054712392 ], [ 78.942855603962229, 9.187960354168034 ], [ 78.942793612122799, 9.187962642085566 ], [ 78.942722803318858, 9.187961185090018 ], [ 78.942641945960119, 9.187955468843231 ], [ 78.942549653946159, 9.187945537684492 ], [ 78.942444358818449, 9.187932573704284 ], [ 78.942324316048712, 9.187919865119095 ], [ 78.942176149722386, 9.1879068257608 ], [ 78.942028020226971, 9.187891151749183 ], [ 78.941929316038497, 9.187878316351524 ], [ 78.941797799087638, 9.187857130938729 ], [ 78.941722707116398, 9.18784248116742 ], [ 78.941636952142744, 9.187823082634544 ], [ 78.941539042963299, 9.187796995042486 ], [ 78.94142729523692, 9.187761391302399 ], [ 78.941367766577983, 9.187739609959529 ], [ 78.941241518246272, 9.187689607397751 ], [ 78.941117719620308, 9.187636330798162 ], [ 78.94103707965391, 9.187598454197465 ], [ 78.940932545399235, 9.187544366170565 ], [ 78.94087460406341, 9.187511349174098 ], [ 78.940810207433955, 9.187471509204858 ], [ 78.940739245018065, 9.187422959169034 ], [ 78.940661972835642, 9.187363137123183 ], [ 78.940622584405418, 9.187329182771375 ], [ 78.940582068589464, 9.187291288402051 ], [ 78.940540655356529, 9.187248861637119 ], [ 78.940498644743982, 9.187201208117141 ], [ 78.940456437400343, 9.187147502236877 ], [ 78.940325325589683, 9.186964510930251 ], [ 78.940199367413811, 9.186779742396524 ], [ 78.939954920553632, 9.186408032395548 ], [ 78.939791089405347, 9.186161156054386 ], [ 78.939694983144676, 9.186021280194774 ], [ 78.939629115074808, 9.185921205409068 ], [ 78.939566937284113, 9.185817301413776 ], [ 78.939447075075734, 9.185604676257867 ], [ 78.939365208908953, 9.185464715046175 ], [ 78.939315930027405, 9.185387196652009 ], [ 78.939256230688571, 9.185301968432981 ], [ 78.93922255823847, 9.185258340707369 ], [ 78.939184998778131, 9.185213449291201 ], [ 78.939142845333393, 9.185167658657418 ], [ 78.939095233725027, 9.18512146984596 ], [ 78.939041112025819, 9.185075553275137 ], [ 78.938979190254955, 9.185030785100565 ], [ 78.938731502273214, 9.184871275985749 ], [ 78.938481570299942, 9.184716910226809 ], [ 78.937978686217377, 9.184415263141478 ], [ 78.937644173368497, 9.184212726258151 ], [ 78.937090669219685, 9.183871469824364 ], [ 78.936536982712823, 9.183530246760412 ], [ 78.936381784374461, 9.183438655297158 ], [ 78.936223451814058, 9.183352454675303 ], [ 78.936116332207988, 9.183297786032103 ], [ 78.935971771719224, 9.183228143735811 ], [ 78.935776341432543, 9.183140618180813 ], [ 78.93566349596486, 9.183093107770276 ], [ 78.935533666948416, 9.183040846754682 ], [ 78.935384366049888, 9.182983553128906 ], [ 78.935339477235132, 9.18296788776752 ], [ 78.935294068295846, 9.182954222144572 ], [ 78.935201848147088, 9.182932303051855 ], [ 78.935139462845527, 9.182921233098094 ], [ 78.935055350890536, 9.182910195068857 ], [ 78.934941913433093, 9.182900788755747 ], [ 78.934483913673716, 9.182886704559451 ], [ 78.934355103346817, 9.182877933196286 ], [ 78.934287337136695, 9.182870406903589 ], [ 78.934215946224427, 9.182859561308955 ], [ 78.934140980017361, 9.182844194794509 ], [ 78.93407479394385, 9.182825609186015 ], [ 78.934009558287926, 9.182801919140415 ], [ 78.933966522697617, 9.182783720175657 ], [ 78.933909618915933, 9.182756975091676 ], [ 78.933834428130027, 9.182717880389081 ], [ 78.93373498372975, 9.1826619665766 ], [ 78.933602888263849, 9.182586175948792 ], [ 78.93352717196349, 9.182545060202621 ], [ 78.93344001741464, 9.182502435999083 ], [ 78.933393134339951, 9.182482351674777 ], [ 78.933342734360934, 9.182463458326461 ], [ 78.93328844737168, 9.182446642757867 ], [ 78.933229847570757, 9.182433064021593 ], [ 78.933166273798093, 9.182421838861597 ], [ 78.933101484604876, 9.182411950114345 ], [ 78.93296884026833, 9.182396470956446 ], [ 78.932878603599733, 9.182389560095293 ], [ 78.932756723775242, 9.182384924772368 ], [ 78.93268655726672, 9.182384761600472 ], [ 78.932606147268999, 9.182386909439062 ], [ 78.932514237937326, 9.182392545963324 ], [ 78.932409603071349, 9.182403349892514 ], [ 78.932291171879243, 9.182421698746598 ], [ 78.932228756933313, 9.182434222187057 ], [ 78.932162922101071, 9.182449761645957 ], [ 78.932093694332011, 9.182468894431938 ], [ 78.932021168847541, 9.1824923007227 ], [ 78.931945535192199, 9.182520789282039 ], [ 78.931867097894866, 9.182555319629934 ], [ 78.931786310604735, 9.182597027759426 ], [ 78.93110786607123, 9.182977609780439 ], [ 78.930429730558217, 9.183358254355673 ], [ 78.92956324887281, 9.183843605680833 ], [ 78.928695286763812, 9.18432790105067 ], [ 78.928581180061471, 9.184387415889859 ], [ 78.928464488906073, 9.184440979413953 ], [ 78.928385373380706, 9.184473594090024 ], [ 78.928278376843821, 9.184513489377874 ], [ 78.928133295332202, 9.184560777011676 ], [ 78.928049283090175, 9.184585019414973 ], [ 78.927952397990154, 9.184610461654495 ], [ 78.927840667331736, 9.184636833256587 ], [ 78.927711857903176, 9.184663804332169 ], [ 78.927563484066013, 9.184691042331872 ], [ 78.92739283829799, 9.184718305159851 ], [ 78.927197063956555, 9.18474564513712 ], [ 78.926973327755277, 9.184773730909157 ], [ 78.926719101834905, 9.184804435392456 ], [ 78.926467979593866, 9.184832676349417 ], [ 78.926215781171109, 9.184855585877447 ], [ 78.926047261715382, 9.18486757892699 ], [ 78.925822342432852, 9.184879114388631 ], [ 78.925693804295463, 9.184883260166774 ], [ 78.9255469809505, 9.184885689104986 ], [ 78.925379391251099, 9.184885295366934 ], [ 78.925188280064305, 9.184880471188754 ], [ 78.924970650610277, 9.18486890291566 ], [ 78.92485501497535, 9.184859955128855 ], [ 78.924732062562427, 9.184848189986004 ], [ 78.924601417875721, 9.184833028408068 ], [ 78.92445270357706, 9.184810818561903 ], [ 78.924304687269384, 9.18478270707568 ], [ 78.924206335220461, 9.184761190702227 ], [ 78.92407553332859, 9.184729651738412 ], [ 78.923901583556983, 9.184683676588145 ], [ 78.923670132624025, 9.184618118269567 ], [ 78.92336160803633, 9.184529580334155 ], [ 78.923184948945803, 9.184481728692415 ], [ 78.922982391425649, 9.184432311844679 ], [ 78.922873966567494, 9.184409128268531 ], [ 78.922757941063708, 9.184387415889859 ], [ 78.922633692381794, 9.184368229999517 ], [ 78.922413374270164, 9.184341501884331 ], [ 78.92219219287756, 9.184320515789798 ], [ 78.922044320300316, 9.18430924723644 ], [ 78.921846708005788, 9.184297051977854 ], [ 78.921582567379659, 9.184284760057732 ], [ 78.920522393647644, 9.184250744221806 ], [ 78.920219659600292, 9.184235994093068 ], [ 78.920058443447815, 9.184225600807762 ], [ 78.919886729582942, 9.184212057611616 ], [ 78.919703918829356, 9.18419434202481 ], [ 78.919509393146157, 9.184171141583885 ], [ 78.91931881555864, 9.184143420238595 ], [ 78.919129366255106, 9.184110261037315 ], [ 78.919003754828921, 9.18408482762986 ], [ 78.918837208073555, 9.184046407041391 ], [ 78.918742548998807, 9.18402198812811 ], [ 78.918634848182776, 9.183991755354429 ], [ 78.918512421284277, 9.183954016704922 ], [ 78.918373412383929, 9.183906501969416 ], [ 78.918215799374096, 9.183846136608187 ], [ 78.91816640999977, 9.183824949180726 ], [ 78.918118101298731, 9.183802075944861 ], [ 78.918024300115079, 9.183751933599728 ], [ 78.917963514713037, 9.183715776976554 ], [ 78.917884153049272, 9.183664943801611 ], [ 78.917574625941725, 9.183449358985913 ], [ 78.917484966889845, 9.183389721610638 ], [ 78.917379807407727, 9.183325808069183 ], [ 78.917322114905247, 9.183294245920804 ], [ 78.917259056765545, 9.18326296931966 ], [ 78.91707589656734, 9.183175961665501 ], [ 78.916891248759015, 9.183091363430862 ], [ 78.916766619191435, 9.183040163917084 ], [ 78.916694659645614, 9.183013838309911 ], [ 78.916611631957153, 9.182987048016395 ], [ 78.916515570612233, 9.182961533829353 ], [ 78.916463770159709, 9.182950465650087 ], [ 78.91640804137441, 9.182940820788213 ], [ 78.916348020438704, 9.182933185420163 ], [ 78.916081611566469, 9.182909927254526 ], [ 78.915815157778468, 9.182888259124162 ], [ 78.915334436032268, 9.18284302066794 ], [ 78.914854176918467, 9.182793811990358 ], [ 78.914790559128349, 9.182783956065171 ], [ 78.914728307675801, 9.182768666699303 ], [ 78.914687483737694, 9.182755790323174 ], [ 78.914633800416311, 9.182735674975127 ], [ 78.914563368904794, 9.18270437704143 ], [ 78.914471066111034, 9.182656479039505 ], [ 78.914349823192069, 9.182585902813404 ], [ 78.914188980738771, 9.182489940938741 ], [ 78.914096234177265, 9.182439342590943 ], [ 78.914046219575496, 9.182414865924706 ], [ 78.91399230179384, 9.182391291136108 ], [ 78.913934004725164, 9.182369596369924 ], [ 78.913870762430832, 9.182351068378768 ], [ 78.91380189578453, 9.182337389429984 ], [ 78.91374981775256, 9.182330767665755 ], [ 78.913697184561755, 9.182326040114415 ], [ 78.913590621012844, 9.18232175773856 ], [ 78.913518909402043, 9.182322319085431 ], [ 78.913422886684671, 9.182326719406177 ], [ 78.913294951316885, 9.18233791796507 ], [ 78.913126471387017, 9.182359602091562 ], [ 78.913032271351398, 9.182374049898309 ], [ 78.91298652015395, 9.182382549912006 ], [ 78.912940839923451, 9.182393242991029 ], [ 78.912849663617052, 9.182419882572805 ], [ 78.91278898601287, 9.182440473265473 ], [ 78.912546712177374, 9.182528509792087 ], [ 78.912477497883046, 9.182550618685715 ], [ 78.912398332052007, 9.18257153571439 ], [ 78.912356068114505, 9.182580221065216 ], [ 78.912310943941179, 9.182587209074539 ], [ 78.912262754716068, 9.18259171669518 ], [ 78.912167659060074, 9.182594310594501 ], [ 78.91207190224408, 9.182591037403926 ], [ 78.912007787685596, 9.182585724565946 ], [ 78.911922067746247, 9.182574910000701 ], [ 78.911807567581832, 9.182554155257211 ], [ 78.911742140584735, 9.182539200206289 ], [ 78.911667459143573, 9.182519486567921 ], [ 78.911582336583919, 9.182493684136064 ], [ 78.911485509874353, 9.182460153209744 ], [ 78.911375680949391, 9.182416893157793 ], [ 78.911251602947402, 9.182361515814087 ], [ 78.911185276736745, 9.182326986334127 ], [ 78.911122791722221, 9.182289504680487 ], [ 78.91100302563359, 9.182211397640634 ], [ 78.910921960764014, 9.182161576093611 ], [ 78.910873478688131, 9.182135470348616 ], [ 78.91068804844717, 9.182045013634779 ], [ 78.910500825168953, 9.181959209075682 ], [ 78.910375110436519, 9.181904499424574 ], [ 78.910206481386297, 9.181834549133161 ], [ 78.909980062815578, 9.181746398036314 ], [ 78.90984998137256, 9.181698546018758 ], [ 78.909700789170145, 9.181646011661474 ], [ 78.909529701431055, 9.181588678790757 ], [ 78.909420700752776, 9.181555987583913 ], [ 78.909308111304966, 9.18152847265984 ], [ 78.909231599995579, 9.181513606246233 ], [ 78.909128425790243, 9.18149883472025 ], [ 78.909069142371393, 9.181493284201913 ], [ 78.90900132675398, 9.181489767129559 ], [ 78.908924008757467, 9.181489735204538 ], [ 78.908836278388492, 9.181495348686166 ], [ 78.908789924421512, 9.181500980790602 ], [ 78.908740916831192, 9.181509129650085 ], [ 78.908689239447867, 9.181520364593847 ], [ 78.908634912034401, 9.1815353746697 ], [ 78.908578011845989, 9.181554987266997 ], [ 78.908518686206307, 9.181580198267753 ], [ 78.908469908584706, 9.181604084379043 ], [ 78.908422361655042, 9.181629277640203 ], [ 78.908330558324565, 9.181683305380387 ], [ 78.908271473433416, 9.181721787414592 ], [ 78.90819485702113, 9.181775823121926 ], [ 78.908095659657548, 9.181852072401215 ], [ 78.90796652503883, 9.181959672874573 ], [ 78.907794883039188, 9.182110059856385 ], [ 78.907725754084822, 9.182168074595214 ], [ 78.907653633740537, 9.182224336999644 ], [ 78.907505888724089, 9.182334635017289 ], [ 78.90740918508375, 9.182408953604813 ], [ 78.907356061412798, 9.182452530246596 ], [ 78.90729820901015, 9.182503853997723 ], [ 78.90723694300948, 9.182565112598446 ], [ 78.907206826091254, 9.182599166728682 ], [ 78.907176958904699, 9.182636713973018 ], [ 78.907147943321007, 9.182678305921758 ], [ 78.907120559077896, 9.182724612996468 ], [ 78.9070958095935, 9.182776440412118 ], [ 78.90707497856036, 9.182834760988762 ], [ 78.907066644889497, 9.182866185723693 ], [ 78.906976507933877, 9.183258490085191 ], [ 78.90688899765216, 9.183651065373411 ], [ 78.906716847206056, 9.184436661591706 ], [ 78.906626237736631, 9.184619758846068 ], [ 78.906535683962716, 9.1848032816687 ], [ 78.906471191213541, 9.184925531138621 ], [ 78.906454454701475, 9.184955966022407 ], [ 78.906435961983021, 9.184989052427165 ], [ 78.906394774227238, 9.185057889165725 ], [ 78.906365054364372, 9.185101515142438 ], [ 78.906347547996134, 9.185124191425496 ], [ 78.906327262240382, 9.185147170104839 ], [ 78.906303930297497, 9.18516852239746 ], [ 78.906291508393764, 9.185177343364542 ], [ 78.90627833100686, 9.185184495380021 ], [ 78.906264413408152, 9.185189292950165 ], [ 78.906249787937014, 9.185190868787863 ], [ 78.906234516577186, 9.185188130359709 ], [ 78.906208368415903, 9.185176552341867 ], [ 78.906182122338251, 9.185160074771593 ], [ 78.906164582732316, 9.185146662857067 ], [ 78.906141154669726, 9.185126112227477 ], [ 78.906109871738252, 9.185094633598339 ], [ 78.906068134213513, 9.18504700639253 ], [ 78.90601256981995, 9.1849772048165 ], [ 78.905938960967248, 9.184881865234383 ], [ 78.905897308782471, 9.184830811414106 ], [ 78.905852129811876, 9.184776308830136 ], [ 78.905808849879818, 9.184721414273168 ], [ 78.905726745659479, 9.184610786222633 ], [ 78.90557165781388, 9.184388530595829 ], [ 78.905467036422621, 9.184241783117409 ], [ 78.905404099555511, 9.184159170680749 ], [ 78.905327617890535, 9.184066337860729 ], [ 78.905219815564863, 9.183943175577427 ], [ 78.905107875598972, 9.183820722691376 ], [ 78.905030683366633, 9.18374100822 ], [ 78.904924243785246, 9.18363893394184 ], [ 78.904861485682858, 9.183583520430252 ], [ 78.904787925339207, 9.183523429922269 ], [ 78.904701325050851, 9.183459731897592 ], [ 78.904653982038752, 9.183428227403191 ], [ 78.904602561573554, 9.18339670960397 ], [ 78.904546635158937, 9.183365652938614 ], [ 78.904485708721424, 9.183335662205703 ], [ 78.904419233390385, 9.18330750980957 ], [ 78.904346569565377, 9.183282177439891 ], [ 78.904266998594139, 9.183260895090925 ], [ 78.90422507062658, 9.183252369381057 ], [ 78.903578318656301, 9.183135052612576 ], [ 78.902931567584346, 9.18301773314486 ], [ 78.902088990068677, 9.182898248066786 ], [ 78.901246411654654, 9.182778759401252 ], [ 78.901184789022793, 9.18276702434062 ], [ 78.901124682747138, 9.182749798196754 ], [ 78.901085463200161, 9.182735476331295 ], [ 78.901034235872757, 9.182713101408364 ], [ 78.900967850373249, 9.182677920162472 ], [ 78.900930908953839, 9.182655321761542 ], [ 78.900889581959177, 9.182627485013262 ], [ 78.900843525334565, 9.18259329431806 ], [ 78.900792439042689, 9.182551477111293 ], [ 78.900736096708073, 9.182500654410997 ], [ 78.900674404905899, 9.182439425063654 ], [ 78.90060747233241, 9.182366560840673 ], [ 78.900535713110898, 9.182281336329218 ], [ 78.900423121866424, 9.18213742841259 ], [ 78.900315511780221, 9.181992071398646 ], [ 78.900107330806406, 9.18169778957375 ], [ 78.900030193371279, 9.181583042253671 ], [ 78.899956671655161, 9.181466617059538 ], [ 78.899812748970234, 9.181231576144233 ], [ 78.899712903921341, 9.181075537168857 ], [ 78.899652342199815, 9.180987380562424 ], [ 78.899578648007207, 9.180888030650536 ], [ 78.899528371097361, 9.180828190652161 ], [ 78.899474379653839, 9.180772844985366 ], [ 78.89943648332526, 9.180738286086013 ], [ 78.899383774675954, 9.180694925614588 ], [ 78.89930998795684, 9.180641585000025 ], [ 78.899266210358121, 9.180613214235123 ], [ 78.899214902182337, 9.180582510275547 ], [ 78.899154780635328, 9.180549480215154 ], [ 78.899084409310902, 9.180514152431122 ], [ 78.899002226937142, 9.180476526922838 ], [ 78.89890662103808, 9.18043650702737 ], [ 78.898796077054172, 9.18039375220939 ], [ 78.898669440650252, 9.180347419112783 ], [ 78.898526363279998, 9.180295741212655 ], [ 78.898474735303992, 9.180280528005055 ], [ 78.898422074265412, 9.18027157212112 ], [ 78.898386465047537, 9.180268556083734 ], [ 78.898338444705729, 9.180267593895969 ], [ 78.898273619579882, 9.180270565592926 ], [ 78.898009805042165, 9.180297469603293 ], [ 78.89793454867926, 9.180299022405711 ], [ 78.897894681446942, 9.180296940178351 ], [ 78.897852439069027, 9.18029191197166 ], [ 78.897807778426369, 9.180282823953487 ], [ 78.897760679756004, 9.180268246587366 ], [ 78.897711162820897, 9.180246360140512 ], [ 78.897651176919481, 9.180212554977608 ], [ 78.897594010829764, 9.180174924116438 ], [ 78.897557619179295, 9.18014791811372 ], [ 78.897511419722548, 9.180109770235806 ], [ 78.897454295853635, 9.18005557376199 ], [ 78.897424128629737, 9.180023137814938 ], [ 78.897392009366797, 9.179984970413798 ], [ 78.897358557003898, 9.179940152821715 ], [ 78.897324842332978, 9.179887731715523 ], [ 78.897292601797417, 9.179826786582915 ], [ 78.897278307804626, 9.17979404377858 ], [ 78.897268571863592, 9.179762765981827 ], [ 78.89726351524682, 9.179729339440829 ], [ 78.897262648372603, 9.179706118310994 ], [ 78.897264492613871, 9.179674300438908 ], [ 78.897272074394863, 9.179630938950568 ], [ 78.897278921353987, 9.179605979665412 ], [ 78.897288892653634, 9.179577553835363 ], [ 78.897302979135588, 9.17954549207875 ], [ 78.897322430356439, 9.179509849376828 ], [ 78.897348788723505, 9.179471084209812 ], [ 78.897383943393848, 9.179430344110241 ], [ 78.897404739392655, 9.179410564674937 ], [ 78.897428394729062, 9.179391225983675 ], [ 78.897480198774829, 9.179354577622258 ], [ 78.897532145652789, 9.179322331388715 ], [ 78.897566894284608, 9.179303107091306 ], [ 78.89761341803316, 9.179280091673844 ], [ 78.897675882386437, 9.179253664690892 ], [ 78.897760141665145, 9.179225060583477 ], [ 78.897808898625513, 9.179211634255426 ], [ 78.897865254434848, 9.179198475743958 ], [ 78.897930595193699, 9.179185814733403 ], [ 78.898006649260594, 9.17917373458404 ], [ 78.89810330259526, 9.179163439586382 ], [ 78.898200349392013, 9.179158693369768 ], [ 78.898394750209391, 9.179156005443287 ], [ 78.89852388213319, 9.17915135322864 ], [ 78.898597268203716, 9.179144986806696 ], [ 78.898680622878913, 9.179132678745296 ], [ 78.898797108320096, 9.179108349061549 ], [ 78.898912513986346, 9.179079424803266 ], [ 78.898988877972016, 9.179057864629835 ], [ 78.899090013899951, 9.179026611598864 ], [ 78.899223705672114, 9.178981111040242 ], [ 78.899400047657352, 9.178915113581652 ], [ 78.899462875828306, 9.17888731023857 ], [ 78.899523193208083, 9.178854590404635 ], [ 78.899562222312213, 9.178830469989553 ], [ 78.899613041804471, 9.178795941052501 ], [ 78.89967911918184, 9.178746658207666 ], [ 78.899765375415399, 9.17867745842379 ], [ 78.899879807307855, 9.178584397144006 ], [ 78.899946298808587, 9.178533598705783 ], [ 78.900024463018056, 9.178480038723135 ], [ 78.900067467167332, 9.178454166825839 ], [ 78.900114590990512, 9.178429126757811 ], [ 78.900166512715657, 9.178405779615291 ], [ 78.900224055199459, 9.178385253425709 ], [ 78.900286206040704, 9.17836948144344 ], [ 78.900349789694829, 9.178359431183054 ], [ 78.900392755216572, 9.178355582411237 ], [ 78.900450498923021, 9.178353606590099 ], [ 78.900527800749856, 9.178355841360855 ], [ 78.900630238336674, 9.178365709824552 ], [ 78.900687839210988, 9.178373975815518 ], [ 78.90075231758712, 9.178384985607954 ], [ 78.900792487551698, 9.178393704760278 ], [ 78.900832409581241, 9.178404886593956 ], [ 78.900911672430325, 9.178433128947564 ], [ 78.900964213094667, 9.178455103300942 ], [ 78.901174050561906, 9.178548787157549 ], [ 78.901234485620947, 9.178571873567561 ], [ 78.90130414458136, 9.178593184576034 ], [ 78.901341623193318, 9.178601683793573 ], [ 78.901381900057373, 9.178608112302223 ], [ 78.901425243769836, 9.178611563778995 ], [ 78.901471965147763, 9.178610881819678 ], [ 78.901977372597983, 9.178573969107246 ], [ 78.902482912998821, 9.178533433758515 ], [ 78.902843326972302, 9.178502271136276 ], [ 78.903203622368153, 9.17847042123085 ], [ 78.903443762704825, 9.178451478893978 ], [ 78.903501856754247, 9.178450799594797 ], [ 78.903559039013658, 9.178456734151016 ], [ 78.903596689203866, 9.178464000701055 ], [ 78.903646343581201, 9.178477372074973 ], [ 78.903711666373709, 9.178500918745799 ], [ 78.903748579945372, 9.178516881387081 ], [ 78.903790435149389, 9.178536991653594 ], [ 78.903837876077873, 9.178561991807403 ], [ 78.903891643840879, 9.17859256824087 ], [ 78.903952592736275, 9.178629191850282 ], [ 78.904113347154706, 9.17872716517476 ], [ 78.904162849716712, 9.178760073024769 ], [ 78.904208466166864, 9.178797746603141 ], [ 78.904237132305909, 9.178824959336023 ], [ 78.904273674873323, 9.178863196920222 ], [ 78.904411948951761, 9.179023521058626 ], [ 78.904452676770092, 9.179066793940045 ], [ 78.904501909837578, 9.179112185409814 ], [ 78.904529770187807, 9.179134047982801 ], [ 78.904561003711905, 9.179155189576447 ], [ 78.904596312892451, 9.179174906062364 ], [ 78.904627705418392, 9.179189380603253 ], [ 78.904659736646465, 9.179201968008341 ], [ 78.904725573275329, 9.1792219310253 ], [ 78.904770655227878, 9.179231737388056 ], [ 78.904832068552281, 9.1792409726439 ], [ 78.904915929877262, 9.179247467651802 ], [ 78.904964688634294, 9.17924870918799 ], [ 78.905021011205974, 9.179248365105101 ], [ 78.905173278341564, 9.179241322047664 ], [ 78.905377246216716, 9.179229065424703 ], [ 78.905492090435899, 9.179227040833791 ], [ 78.905552301814453, 9.179228991819352 ], [ 78.905615475836811, 9.179234156610068 ], [ 78.905681421161816, 9.179243881385833 ], [ 78.905749835955547, 9.17925990074961 ], [ 78.905784265685426, 9.17927075177527 ], [ 78.905819115826887, 9.179283975021255 ], [ 78.905854303734856, 9.179299929645985 ], [ 78.905889733289683, 9.179319019148229 ], [ 78.906142886621595, 9.179472052607418 ], [ 78.906394827227842, 9.179628045287581 ], [ 78.906563955741333, 9.179730449727382 ], [ 78.90696691123172, 9.179975041692101 ], [ 78.907103375204812, 9.180051984843782 ], [ 78.907182609307839, 9.180093264938868 ], [ 78.90727461296261, 9.180137331384062 ], [ 78.907304188196704, 9.180149780413229 ], [ 78.907334127248504, 9.180160467351937 ], [ 78.907395020448348, 9.180176859134164 ], [ 78.907436305222149, 9.180184331388675 ], [ 78.907492122042342, 9.180190336860614 ], [ 78.907567743121277, 9.180191968589538 ], [ 78.907611482092463, 9.180189968834815 ], [ 78.907661864105179, 9.180185360974185 ], [ 78.907719871018031, 9.18017739742737 ], [ 78.907786596080697, 9.180165272084549 ], [ 78.907863223272741, 9.18014821076078 ], [ 78.907950988675992, 9.18012564235009 ], [ 78.908183458298495, 9.180059434930667 ], [ 78.908313339417205, 9.180025124268468 ], [ 78.908381174797583, 9.18001001037192 ], [ 78.90844697459552, 9.179995435655034 ], [ 78.908512723189475, 9.179978688253742 ], [ 78.908644098206523, 9.179940080103332 ], [ 78.908906586830824, 9.179852249560621 ], [ 78.909081590326267, 9.179794857870341 ], [ 78.909181665343894, 9.179765542584756 ], [ 78.909296146643683, 9.179737114993888 ], [ 78.909357265320665, 9.179724775914728 ], [ 78.909422515349647, 9.179714185625189 ], [ 78.909492187784792, 9.179706192803083 ], [ 78.909573697320397, 9.179702562201237 ], [ 78.90965521404253, 9.17970557913026 ], [ 78.909709564812161, 9.179710930144273 ], [ 78.909782038194351, 9.179721802439575 ], [ 78.909878686139137, 9.179742135227146 ], [ 78.90993392444426, 9.179756335720526 ], [ 78.909997061635693, 9.179774510896822 ], [ 78.910069235878879, 9.17979741720454 ], [ 78.910151740747835, 9.179825772072139 ], [ 78.910246063852668, 9.179860109357936 ], [ 78.910497785269996, 9.179953588877122 ], [ 78.91064177443026, 9.180002162106456 ], [ 78.910718617218009, 9.180024881282639 ], [ 78.910800625318601, 9.18004581176249 ], [ 78.910888151769996, 9.180063588746481 ], [ 78.910981572966264, 9.180076412011836 ], [ 78.911029507968152, 9.180080078082236 ], [ 78.911077766363533, 9.180081690301854 ], [ 78.91117513116393, 9.18007956107231 ], [ 78.911240578822259, 9.180074821962439 ], [ 78.91132837117496, 9.180065319798645 ], [ 78.911682476280191, 9.180012608724196 ], [ 78.911783528664799, 9.180000033763218 ], [ 78.91189838815535, 9.179990902283887 ], [ 78.911959254405744, 9.179989146400699 ], [ 78.912023795663984, 9.179990212345967 ], [ 78.912092132304267, 9.179995208631773 ], [ 78.912164355954772, 9.180005547945752 ], [ 78.912240527701002, 9.180023032284593 ], [ 78.912279452600558, 9.180034929722222 ], [ 78.912411231859508, 9.18008211064952 ], [ 78.912540668312133, 9.180134331308073 ], [ 78.912625849262326, 9.180171509014041 ], [ 78.912738277013389, 9.180223506183514 ], [ 78.912886578985336, 9.180296161560106 ], [ 78.913082514125207, 9.180396613054233 ], [ 78.913343037235705, 9.180531365381551 ], [ 78.913492812444701, 9.180605932653402 ], [ 78.913665875579156, 9.180686547939921 ], [ 78.913759338996257, 9.180726784188272 ], [ 78.913860148835766, 9.180767084282211 ], [ 78.914200434258646, 9.180897414846896 ], [ 78.914542005170688, 9.181026175715074 ], [ 78.914770791700519, 9.181109547101864 ], [ 78.915077603200984, 9.181215736004484 ], [ 78.915254005373299, 9.181273074256342 ], [ 78.915415038269458, 9.181320737441542 ], [ 78.915577467147571, 9.181363182652317 ], [ 78.915686369909466, 9.181389182037442 ], [ 78.915832155700286, 9.181421702106094 ], [ 78.916417647059774, 9.181543607774989 ], [ 78.916584273765181, 9.181581168433187 ], [ 78.916773576643322, 9.181628512326968 ], [ 78.916873883426248, 9.181656312794649 ], [ 78.916980264617123, 9.18168833977499 ], [ 78.917165981420652, 9.181750101335233 ], [ 78.917349674319851, 9.181817164205841 ], [ 78.91747117775023, 9.181864344009156 ], [ 78.917632181900288, 9.181929763608771 ], [ 78.917845449135271, 9.182020379976885 ], [ 78.918128187582738, 9.182144678037879 ], [ 78.918242031078691, 9.182198498187356 ], [ 78.918353209273207, 9.182256877388161 ], [ 78.918426176728772, 9.182297808712553 ], [ 78.918522426719917, 9.182354273287643 ], [ 78.918904514346224, 9.182587546059741 ], [ 78.919015644031717, 9.182651933287145 ], [ 78.919145326622754, 9.182721747736418 ], [ 78.919216000679413, 9.182756798617952 ], [ 78.919292774296835, 9.182792150122102 ], [ 78.919376455060529, 9.182827208091107 ], [ 78.919500810641921, 9.182873968302379 ], [ 78.919626024114436, 9.182916079002693 ], [ 78.919709947423215, 9.182941625117911 ], [ 78.91982236439452, 9.182972608215854 ], [ 78.919973111580632, 9.183008566271171 ], [ 78.920059657970071, 9.183026432673595 ], [ 78.920158897554444, 9.183044519002037 ], [ 78.920272712304325, 9.18306220626865 ], [ 78.92040325098985, 9.183078619199936 ], [ 78.920552972299916, 9.183092551745466 ], [ 78.920724660113635, 9.183102387265613 ], [ 78.920945768742754, 9.183108250799791 ], [ 78.921166958220198, 9.18310999070513 ], [ 78.921609400955518, 9.183108833428657 ], [ 78.921904274744165, 9.183110836714114 ], [ 78.922072695385211, 9.183115086268783 ], [ 78.922302178109348, 9.183124274422953 ], [ 78.922531529679503, 9.183136670139103 ], [ 78.922684333109345, 9.183147135287326 ], [ 78.922887920997127, 9.183164327713406 ], [ 78.922926178448449, 9.183169198028651 ], [ 78.922964019979773, 9.183176303084155 ], [ 78.923038722980507, 9.183195769268371 ], [ 78.923186052975296, 9.183245643878125 ], [ 78.923284431973627, 9.183277751413772 ], [ 78.923341281856366, 9.183292545922443 ], [ 78.923407187655528, 9.183304269437267 ], [ 78.92353871987774, 9.183318055651684 ], [ 78.92367115939841, 9.183326681568541 ], [ 78.923759752150019, 9.183329699353514 ], [ 78.923878006374025, 9.183330480625502 ], [ 78.924035446009029, 9.183326065241609 ], [ 78.924125053856955, 9.183320896963275 ], [ 78.92422694077645, 9.183312771202267 ], [ 78.924297208794599, 9.183305221861975 ], [ 78.92436733308233, 9.183295642633048 ], [ 78.924507251976038, 9.183271730031695 ], [ 78.924786505858521, 9.183214227158052 ], [ 78.924972917958101, 9.183177295415307 ], [ 78.925079757289751, 9.183159603720433 ], [ 78.925202286596218, 9.183144300181963 ], [ 78.925267869001843, 9.183138861426409 ], [ 78.925338031917107, 9.183135535032774 ], [ 78.925517269172474, 9.183133147762232 ], [ 78.925696574699828, 9.183134663306589 ], [ 78.926055284569188, 9.183141933307912 ], [ 78.926294408911289, 9.183143933046006 ], [ 78.926400584387991, 9.183144903207191 ], [ 78.926506777830966, 9.183147788860257 ], [ 78.926719158428781, 9.183153921094654 ], [ 78.926860676323685, 9.183153958340323 ], [ 78.926941500444741, 9.183151059385262 ], [ 78.927033814916598, 9.183144198199741 ], [ 78.927139236706765, 9.183130628358205 ], [ 78.927195418242931, 9.183120457627746 ], [ 78.927255308024627, 9.183107068692866 ], [ 78.927342528150504, 9.183082940585907 ], [ 78.927427510573025, 9.183054471581393 ], [ 78.927483025559255, 9.183033279672582 ], [ 78.927555749571397, 9.18300251029925 ], [ 78.927650644004757, 9.1829574651805 ], [ 78.927774042880387, 9.182891337215455 ], [ 78.927843238310103, 9.182850988588859 ], [ 78.927921386349922, 9.182803070210264 ], [ 78.928009764404194, 9.182746490422277 ], [ 78.928109966982561, 9.182680271963951 ], [ 78.928376780994995, 9.182502903344458 ], [ 78.928531804161906, 9.182406496271895 ], [ 78.928616051762489, 9.182358114921634 ], [ 78.928707513733144, 9.182309604091385 ], [ 78.928983718733548, 9.182170443249358 ], [ 78.929260339653936, 9.182033606667561 ], [ 78.929446033101271, 9.181944353321805 ], [ 78.929696465436166, 9.18182860487863 ], [ 78.92984154335457, 9.181764470241147 ], [ 78.930009548075631, 9.181693245582704 ], [ 78.930100886977073, 9.181657769816152 ], [ 78.930193949745586, 9.181626141008778 ], [ 78.930256826425591, 9.181607200614154 ], [ 78.930341547438346, 9.181584632296337 ], [ 78.930455804159337, 9.181559336162515 ], [ 78.930521611143774, 9.181547353642706 ], [ 78.930597155865911, 9.181535870394171 ], [ 78.930683787595257, 9.181525649070005 ], [ 78.930782966094213, 9.18151777423391 ], [ 78.930896211312202, 9.181513773852533 ], [ 78.931025021639101, 9.181515770939408 ], [ 78.931093263057974, 9.181519716338777 ], [ 78.931165574743389, 9.181526144794489 ], [ 78.931242044730283, 9.181535536955174 ], [ 78.931322714341093, 9.181548452395104 ], [ 78.931407563812982, 9.181565535821655 ], [ 78.931520144277613, 9.181594081211044 ], [ 78.931631875834327, 9.181628276436678 ], [ 78.931706013794738, 9.181653523791237 ], [ 78.931804577846052, 9.181689419904005 ], [ 78.932198922086087, 9.181839775962301 ], [ 78.932312673055563, 9.181878845044407 ], [ 78.932443865714603, 9.181918017878358 ], [ 78.9325144831774, 9.181935806296954 ], [ 78.93282876955935, 9.182009187615584 ], [ 78.933144351311896, 9.182079222118963 ], [ 78.9333559216293, 9.182121480123206 ], [ 78.933477372957412, 9.182143327434913 ], [ 78.933616748370369, 9.182165788413833 ], [ 78.933823192002436, 9.182196376064939 ], [ 78.934029756008769, 9.182224279357396 ], [ 78.934167614167208, 9.182240031658431 ], [ 78.934351711308267, 9.182255875299614 ], [ 78.934457097165819, 9.182261607600811 ], [ 78.934577740908509, 9.182264633376114 ], [ 78.935201656805944, 9.182268856336778 ], [ 78.935825576296622, 9.182272750293119 ], [ 78.936331088849698, 9.182276543153748 ], [ 78.93683659691122, 9.182281035702681 ], [ 78.93686480311284, 9.182282287869896 ], [ 78.936892852109253, 9.182285410306646 ], [ 78.936948341044356, 9.18229678356721 ], [ 78.936984765932493, 9.182307784369758 ], [ 78.937032458389268, 9.182326141210051 ], [ 78.937113743346075, 9.182362242993197 ], [ 78.937193527218014, 9.182399771639723 ] ] ], [ [ [ 78.969829801190443, 9.186194464045144 ], [ 78.969734385734213, 9.186202122399559 ], [ 78.969680592818392, 9.186210365151165 ], [ 78.969620185607099, 9.186225221612982 ], [ 78.969588564010792, 9.186236130953821 ], [ 78.969555378447538, 9.186250466866467 ], [ 78.969520675629809, 9.186269212805094 ], [ 78.969484551677297, 9.186293597865339 ], [ 78.969448813102019, 9.18632394217863 ], [ 78.96941816797441, 9.186356849323319 ], [ 78.969400275330599, 9.18638006203626 ], [ 78.96937922510854, 9.186412422910861 ], [ 78.969355484432228, 9.186457737175617 ], [ 78.96932994173541, 9.186521204095097 ], [ 78.969252779147467, 9.186787092134429 ], [ 78.969237166427817, 9.186836369427301 ], [ 78.969223503950658, 9.18688599522272 ], [ 78.969200623860388, 9.186986057320851 ], [ 78.969162837126291, 9.187187785638415 ], [ 78.969134550076319, 9.18732196074269 ], [ 78.969114219404773, 9.187398010187334 ], [ 78.969085304432426, 9.187484041334731 ], [ 78.969066796442632, 9.187529438820787 ], [ 78.969032655970238, 9.187599518346266 ], [ 78.968992951332993, 9.18766548403679 ], [ 78.968963304233682, 9.187707023074625 ], [ 78.96891972156935, 9.187759189402216 ], [ 78.968892698448983, 9.187787268727842 ], [ 78.968859886584909, 9.18781775657318 ], [ 78.968819834299651, 9.187850428579766 ], [ 78.968770662317638, 9.187884820955823 ], [ 78.968709934407784, 9.187920109873071 ], [ 78.968675533424005, 9.187937111407793 ], [ 78.968617345949781, 9.18796147329668 ], [ 78.96855913961096, 9.187980716633779 ], [ 78.968520327899085, 9.187990961715073 ], [ 78.968468580447151, 9.188001717586923 ], [ 78.968399595223232, 9.188011482027628 ], [ 78.968307666128624, 9.18801776581889 ], [ 78.968255177566576, 9.188018620684051 ], [ 78.968115430251089, 9.188014591998854 ], [ 78.968012270418811, 9.188008118434569 ], [ 78.96790916718038, 9.187997983315674 ], [ 78.967840474807232, 9.18798847693038 ], [ 78.967748947259565, 9.18797152328481 ], [ 78.96769668327633, 9.187959285586352 ], [ 78.967636990225714, 9.187942726560829 ], [ 78.967568820672042, 9.18792009302407 ], [ 78.967492624671337, 9.187890147016194 ], [ 78.967420215069538, 9.187856955354301 ], [ 78.967373790135682, 9.187832876344265 ], [ 78.967313887777593, 9.187798171813025 ], [ 78.967236985701035, 9.187746941054955 ], [ 78.967194266317705, 9.187714951867392 ], [ 78.967146278315226, 9.187675830221339 ], [ 78.967092232972803, 9.187627601231709 ], [ 78.967031064888488, 9.187567635560304 ], [ 78.966957331169965, 9.187489521702753 ], [ 78.966888153706549, 9.187410106905391 ], [ 78.966845169320209, 9.18735620064195 ], [ 78.966792475942256, 9.18728284082677 ], [ 78.966765034206958, 9.187240040721599 ], [ 78.966736300694294, 9.187190240277811 ], [ 78.966707192584138, 9.187132050776381 ], [ 78.96667923791081, 9.18706370927077 ], [ 78.966666819600334, 9.187026388627533 ], [ 78.966655601439044, 9.186985864886925 ], [ 78.966646046957692, 9.186941783331019 ], [ 78.966638734671278, 9.186893735147091 ], [ 78.966623846892077, 9.186743474346397 ], [ 78.966614473870408, 9.18659304676488 ], [ 78.966610964152608, 9.186492703442234 ], [ 78.96660931215078, 9.186358877420664 ], [ 78.966611753771716, 9.186180456244079 ], [ 78.966621531035258, 9.185942766051809 ], [ 78.966642044064784, 9.185626627996751 ], [ 78.966669707683977, 9.185268480338632 ], [ 78.96670177304803, 9.184910618754053 ], [ 78.966726577329652, 9.184672193441235 ], [ 78.966765085410927, 9.184354463335525 ], [ 78.96679036220641, 9.18417298701311 ], [ 78.966822580284088, 9.183965655065062 ], [ 78.966840357943539, 9.183873235443166 ], [ 78.966862875114444, 9.183782841248819 ], [ 78.96688049826372, 9.183723523177775 ], [ 78.966907217753516, 9.183645391623543 ], [ 78.966948530375092, 9.183542507668674 ], [ 78.966975029777672, 9.183484165925224 ], [ 78.967007870387832, 9.183417709942043 ], [ 78.967048714088847, 9.183341836116536 ], [ 78.96709968359977, 9.183254910954236 ], [ 78.967142017605852, 9.183190857273841 ], [ 78.967188153282208, 9.183130590225748 ], [ 78.967220806144482, 9.183092513612955 ], [ 78.96726644595077, 9.183044354056843 ], [ 78.967330546136196, 9.182984768047922 ], [ 78.967368590686803, 9.18295309235846 ], [ 78.967413112988908, 9.182918994808906 ], [ 78.967465111969133, 9.182882776911379 ], [ 78.967525625181622, 9.182844966312752 ], [ 78.967595642569805, 9.182806422324294 ], [ 78.967635884399584, 9.182788821951606 ], [ 78.967678520239588, 9.182775941142193 ], [ 78.967708064930989, 9.182769967638951 ], [ 78.967748599611568, 9.182765248961523 ], [ 78.967804199937731, 9.182764715106247 ], [ 78.967836520423333, 9.182767357778447 ], [ 78.967873737625581, 9.182772996070309 ], [ 78.967916391431913, 9.182782851108975 ], [ 78.967964932796605, 9.182798562592309 ], [ 78.968019596179943, 9.18282231205389 ], [ 78.968048180572282, 9.182837497661529 ], [ 78.968078087284724, 9.182855623905716 ], [ 78.968109193248068, 9.182877149262913 ], [ 78.968141304426226, 9.182902596059076 ], [ 78.968174144138047, 9.182932563771731 ], [ 78.968235900618907, 9.182994467890351 ], [ 78.96829563768695, 9.183058555304752 ], [ 78.968332830634679, 9.183102117677816 ], [ 78.968377345750284, 9.18316079292161 ], [ 78.968399432628146, 9.183194440839443 ], [ 78.968421055975341, 9.183232841123838 ], [ 78.968440303278626, 9.183276474419632 ], [ 78.968447893144472, 9.183299561408541 ], [ 78.968453739380337, 9.183323998107635 ], [ 78.96845723742004, 9.183349803139418 ], [ 78.968457629983845, 9.18337697739045 ], [ 78.968453987315343, 9.183405494256332 ], [ 78.968445152384561, 9.183435301415502 ], [ 78.968429706751536, 9.183466300432706 ], [ 78.968387303575213, 9.183533918115888 ], [ 78.968343048971036, 9.183601527804987 ], [ 78.968250280849972, 9.183736589294027 ], [ 78.968056800805769, 9.184005177954271 ], [ 78.967989232225023, 9.184095397392404 ], [ 78.967919772690607, 9.184184004606607 ], [ 78.967780336192206, 9.184359887883643 ], [ 78.967691130789575, 9.184478968088772 ], [ 78.967642908326781, 9.184548623441268 ], [ 78.967622017106564, 9.184585763438669 ], [ 78.967606610101114, 9.184625637430733 ], [ 78.967599216067995, 9.184653497965595 ], [ 78.967592735621537, 9.184691948639378 ], [ 78.967589716383898, 9.184744985359561 ], [ 78.967590676682931, 9.184775916865547 ], [ 78.967593996856195, 9.184811582981492 ], [ 78.96760049706559, 9.184852479425707 ], [ 78.967611168152871, 9.184898975104167 ], [ 78.967627160859877, 9.184951178203869 ], [ 78.967649748099362, 9.185008687003279 ], [ 78.967680213563924, 9.185070220964862 ], [ 78.967698105309438, 9.185100661156993 ], [ 78.967900431962576, 9.185424474901708 ], [ 78.968104071952624, 9.185747388253278 ], [ 78.968090399594004, 9.185738350922334 ], [ 78.968304612754963, 9.185903316982701 ], [ 78.968518826814233, 9.186068282079514 ], [ 78.9685643561278, 9.186100236830756 ], [ 78.968615393012357, 9.186129852215657 ], [ 78.968651576253677, 9.186147333591988 ], [ 78.968701432751956, 9.186166676348584 ], [ 78.968730306401795, 9.186175217063866 ], [ 78.968763263792951, 9.186182337134579 ], [ 78.968800440570988, 9.186186552067447 ], [ 78.968841631021704, 9.186185543782429 ], [ 78.96886277377024, 9.18618218726637 ], [ 78.968884519288324, 9.186176258160263 ], [ 78.968906632217369, 9.186167087821104 ], [ 78.968928793655394, 9.186153860397921 ], [ 78.968973643842617, 9.186119163683365 ], [ 78.969015192721145, 9.186081116655952 ], [ 78.969041204338481, 9.186054058782384 ], [ 78.969073963201978, 9.186016073823598 ], [ 78.969114555374716, 9.185962418310941 ], [ 78.969163980681614, 9.185886433294158 ], [ 78.969190221369402, 9.185841198767841 ], [ 78.969218777015669, 9.185788284589519 ], [ 78.969249938674551, 9.185726681582585 ], [ 78.969328974249876, 9.185560643303877 ], [ 78.969352283734864, 9.18550380855895 ], [ 78.969369759560394, 9.185445900781689 ], [ 78.969378812781841, 9.18540680460216 ], [ 78.969388419365472, 9.185354191869672 ], [ 78.969416227613422, 9.185141115943061 ], [ 78.969426565425707, 9.185080376563832 ], [ 78.969442825830669, 9.185011559339211 ], [ 78.969454109568957, 9.1849752263719 ], [ 78.969468595801217, 9.184936829823512 ], [ 78.969487250216403, 9.184896351957391 ], [ 78.969511293624976, 9.184853799867257 ], [ 78.96954226843431, 9.184809224099755 ], [ 78.969601303918154, 9.184737245388245 ], [ 78.969664227310531, 9.184670160013459 ], [ 78.969708097435756, 9.184628794431996 ], [ 78.969768689699976, 9.184578573278772 ], [ 78.96980427286671, 9.184552721336148 ], [ 78.969845694184443, 9.184525979932886 ], [ 78.969893896884287, 9.184499389283321 ], [ 78.969949943673157, 9.184474649380205 ], [ 78.96998018186396, 9.184464101798952 ], [ 78.970012655063172, 9.184455005906566 ], [ 78.970047499814712, 9.184447867178351 ], [ 78.970084851764227, 9.184443309920589 ], [ 78.970124836675822, 9.184442094119758 ], [ 78.970181482641024, 9.184446312620471 ], [ 78.970238645137499, 9.184456404387834 ], [ 78.970276960081009, 9.184466010189329 ], [ 78.970328212561199, 9.184481937090041 ], [ 78.970396666880816, 9.184507841358972 ], [ 78.970487723711273, 9.184548595950513 ], [ 78.97060774941302, 9.184609049871881 ], [ 78.970696170586436, 9.184655018824225 ], [ 78.970781585098578, 9.184701059601268 ], [ 78.970836688656433, 9.184732980777492 ], [ 78.970907674428503, 9.184778475276978 ], [ 78.970946878704126, 9.184806563706839 ], [ 78.970990403876272, 9.184841026435379 ], [ 78.971038394573696, 9.18488407513362 ], [ 78.971090829236843, 9.184938918231172 ], [ 78.971115332582841, 9.184971636616696 ], [ 78.971134346324135, 9.185007146636639 ], [ 78.971144148740521, 9.185032126824581 ], [ 78.971153855935455, 9.185066766890582 ], [ 78.971161224815759, 9.18511477275602 ], [ 78.971162783392785, 9.185142851404416 ], [ 78.971162379150897, 9.185175273581015 ], [ 78.971159269183374, 9.185212479135664 ], [ 78.971152564158118, 9.185254776672167 ], [ 78.971141242690592, 9.185302196339686 ], [ 78.971124209734455, 9.185354250398227 ], [ 78.971100415159242, 9.185409543915437 ], [ 78.97105368479815, 9.185503102669417 ], [ 78.97100340968494, 9.185596385605225 ], [ 78.97096712134072, 9.185657280971999 ], [ 78.970914330944765, 9.185735503422553 ], [ 78.97088150830092, 9.185778112161712 ], [ 78.970841291623955, 9.185824467605062 ], [ 78.970791407277915, 9.185873830164166 ], [ 78.970762934276678, 9.185898358912379 ], [ 78.970731028812693, 9.1859229958479 ], [ 78.970695151896891, 9.185947401328235 ], [ 78.970654668420281, 9.185971133729716 ], [ 78.970579592618733, 9.186008459804881 ], [ 78.97050410089723, 9.186040404806805 ], [ 78.970453556289442, 9.186059273134155 ], [ 78.970385913148533, 9.186082078827916 ], [ 78.970112906150547, 9.186161737791423 ], [ 78.970078614761206, 9.186170626130123 ], [ 78.970043861637805, 9.186177433162603 ], [ 78.969973265734566, 9.186186229274352 ], [ 78.969829801190443, 9.186194464045144 ] ] ], [ [ [ 79.075857779901909, 9.202338520945005 ], [ 79.0747457042077, 9.202916369995176 ], [ 79.073372001373542, 9.203622547771777 ], [ 79.071670030778378, 9.204716152431541 ], [ 79.071145722774602, 9.205167401235203 ], [ 79.070616490206447, 9.206526730672902 ], [ 79.070739917828135, 9.207824688935823 ], [ 79.071188800585745, 9.209254120634101 ], [ 79.070989939632952, 9.20983683985615 ], [ 79.070398631682039, 9.210612052824715 ], [ 79.069615498383655, 9.210672722203103 ], [ 79.068898652668381, 9.210539149178683 ], [ 79.067922290854071, 9.210144727388373 ], [ 79.067468135884084, 9.209688237239508 ], [ 79.067146912711536, 9.208778408411517 ], [ 79.066696639361879, 9.207608426291582 ], [ 79.06578622466921, 9.207084622961107 ], [ 79.064548952570505, 9.206688792714854 ], [ 79.064028871140138, 9.206361675796854 ], [ 79.062601210100127, 9.204991848412812 ], [ 79.061627698640194, 9.204078510157286 ], [ 79.060068888958597, 9.202837699097378 ], [ 79.058188897426916, 9.200687051768584 ], [ 79.05695767637998, 9.199188537748729 ], [ 79.056768359128824, 9.198019958684641 ], [ 79.056967939632116, 9.197307525114756 ], [ 79.057362850709083, 9.196661008013157 ], [ 79.057887156017927, 9.196209779394705 ], [ 79.058931876032105, 9.196020807963672 ], [ 79.059582748574599, 9.196283766966282 ], [ 79.060166983190982, 9.196805825172776 ], [ 79.060883088694453, 9.197069132978255 ], [ 79.061923222809099, 9.197723368626228 ], [ 79.062897425971784, 9.198506977425199 ], [ 79.064194256373824, 9.199940961284401 ], [ 79.065560554395105, 9.200596940308884 ], [ 79.066474123971076, 9.200536975060951 ], [ 79.068433835594291, 9.200028558061202 ], [ 79.071375151599838, 9.198941594057805 ], [ 79.074902818652589, 9.197987464082715 ], [ 79.07784445894994, 9.196835577111257 ], [ 79.079413467205001, 9.196195280719719 ], [ 79.081378038713893, 9.194778696123628 ], [ 79.083149352062506, 9.192907013779163 ], [ 79.08439288901198, 9.192135230198989 ], [ 79.08635219729166, 9.191691565369085 ], [ 79.087459697866109, 9.191956896176356 ], [ 79.088694528343851, 9.192806689981023 ], [ 79.089731589321929, 9.194044627599096 ], [ 79.091026101172204, 9.195932580588154 ], [ 79.091282849561892, 9.196712327931767 ], [ 79.091017409971855, 9.19755417731349 ], [ 79.090229082614485, 9.198587854666082 ], [ 79.088787400669503, 9.199812664861618 ], [ 79.088067079372408, 9.200327770993129 ], [ 79.087611509555856, 9.200130758854971 ], [ 79.087222913635316, 9.199609774100809 ], [ 79.087094892029228, 9.199155036779583 ], [ 79.086771876717663, 9.198569534139265 ], [ 79.086183757786003, 9.198761011087361 ], [ 79.085788889828123, 9.199407569576692 ], [ 79.085134144648464, 9.199858152989679 ], [ 79.084546374263127, 9.199984761892434 ], [ 79.084220920025558, 9.199853303299518 ], [ 79.083568615568524, 9.199849836954797 ], [ 79.083109209945718, 9.200366319281645 ], [ 79.083171297904897, 9.200950437380444 ], [ 79.083819414416055, 9.201732266407616 ], [ 79.083881851819882, 9.202251520638921 ], [ 79.083291980275092, 9.202767309565269 ], [ 79.08198491716368, 9.203214415292594 ], [ 79.081269124273916, 9.202886279828673 ], [ 79.08009741930951, 9.202425985888516 ], [ 79.078663394604021, 9.202223751051143 ], [ 79.07709786193081, 9.202215406695727 ], [ 79.075857779901909, 9.202338520945005 ] ] ], [ [ [ 79.140704167974263, 9.213282211207227 ], [ 79.140833175032228, 9.213407184613004 ], [ 79.141132498176489, 9.213587278610023 ], [ 79.141177731944296, 9.213637235835018 ], [ 79.141393104830286, 9.213776215824128 ], [ 79.141568898843204, 9.214089020356171 ], [ 79.141566056573609, 9.214197492430376 ], [ 79.141533916649408, 9.214253830433817 ], [ 79.141336015097366, 9.214267368046386 ], [ 79.14133503683199, 9.214267435437376 ], [ 79.141323524921617, 9.214268222848126 ], [ 79.141312014807923, 9.21426901025885 ], [ 79.14130050289755, 9.2142697976696 ], [ 79.141288990987178, 9.21427058508031 ], [ 79.141277479975145, 9.214271373377761 ], [ 79.141265968064772, 9.214272159901759 ], [ 79.141254457052682, 9.214272947312509 ], [ 79.141242946040649, 9.214273734723207 ], [ 79.141231434130276, 9.214274522133957 ], [ 79.141219923118243, 9.214275311318106 ], [ 79.14120841120787, 9.214276097842092 ], [ 79.141165276802866, 9.21427904885884 ], [ 79.140469616056961, 9.214200872622138 ], [ 79.140466221323507, 9.214200666015456 ], [ 79.140105774112371, 9.214178653092215 ], [ 79.140021824752452, 9.214150973113933 ], [ 79.140015338017776, 9.21414883522216 ], [ 79.140008852181424, 9.21414669555687 ], [ 79.140001317112819, 9.214144210955949 ], [ 79.139924249746286, 9.214091830385316 ], [ 79.139852145571695, 9.213960369944854 ], [ 79.139785490577609, 9.213657169421106 ], [ 79.139695555742961, 9.213455552850768 ], [ 79.139587235089351, 9.213290003757653 ], [ 79.139480668845508, 9.213223909836477 ], [ 79.139477689133713, 9.213223612783153 ], [ 79.139471438655974, 9.213222987641009 ], [ 79.139465189076532, 9.21322236427233 ], [ 79.139458938598793, 9.213221740016923 ], [ 79.139452688121054, 9.213221115761517 ], [ 79.139446439439908, 9.213220493279563 ], [ 79.139440188063887, 9.213219868137456 ], [ 79.13943963559997, 9.213219813160411 ], [ 79.139432925184778, 9.213219142795205 ], [ 79.139398697575842, 9.213239306953749 ], [ 79.139230506903516, 9.213647520962597 ], [ 79.139168771083931, 9.213708226175457 ], [ 79.139129652148256, 9.213793908648313 ], [ 79.13905906882141, 9.213818999417803 ], [ 79.139054446090981, 9.213820641632356 ], [ 79.138990920827339, 9.213788671650484 ], [ 79.138948057713563, 9.213720647421932 ], [ 79.138909990705059, 9.213605183371081 ], [ 79.138874944730901, 9.213347348340012 ], [ 79.138899171395792, 9.213064956995701 ], [ 79.138966495634762, 9.21280538979159 ], [ 79.139189875204892, 9.212718399155589 ], [ 79.139533775448484, 9.21263881090268 ], [ 79.139576158861914, 9.212639986703875 ], [ 79.139582410237978, 9.212640161389251 ], [ 79.139588661614013, 9.212640334301213 ], [ 79.139594913888416, 9.212640508099851 ], [ 79.139601164366141, 9.2126406810118 ], [ 79.139605764638716, 9.2126408087006 ], [ 79.139633847771151, 9.212641588134428 ], [ 79.139870069656553, 9.212708351643965 ], [ 79.140001906407647, 9.212727113915236 ], [ 79.140398779405231, 9.212957435145158 ], [ 79.140494031368078, 9.213012171030805 ], [ 79.140534773559452, 9.2130508030619 ], [ 79.140564274233412, 9.213064517179223 ], [ 79.140704167974263, 9.213282211207227 ] ] ], [ [ [ 79.125552135855003, 9.217420986283773 ], [ 79.125470081041996, 9.217452201341668 ], [ 79.125228809726366, 9.217480326192469 ], [ 79.124619591165313, 9.217402569194387 ], [ 79.124426589024836, 9.217336020270807 ], [ 79.124342390831558, 9.217342362064279 ], [ 79.124292514570371, 9.21731046067837 ], [ 79.124252131705077, 9.217204024574555 ], [ 79.124279868087797, 9.217120546419928 ], [ 79.124323386073414, 9.217064270057264 ], [ 79.124405404953805, 9.217039835688817 ], [ 79.12449005679629, 9.216947611804985 ], [ 79.124615688883736, 9.216848821755349 ], [ 79.124964797559329, 9.216644969817976 ], [ 79.125252527046499, 9.216434018695791 ], [ 79.125453687686402, 9.21624747615768 ], [ 79.125536267115507, 9.216116819887187 ], [ 79.125670532911144, 9.216039409296101 ], [ 79.125668626686107, 9.216036145282152 ], [ 79.126029680260046, 9.215723869186444 ], [ 79.126927042431646, 9.215079886319874 ], [ 79.127002677883638, 9.214971794033731 ], [ 79.126982373263274, 9.214940046723306 ], [ 79.126893744579007, 9.214923763844748 ], [ 79.126757098247879, 9.214954695372324 ], [ 79.126592822433579, 9.215048765931533 ], [ 79.126352956981336, 9.215241886801911 ], [ 79.12615956317542, 9.215249921384038 ], [ 79.125981901565027, 9.21529419892445 ], [ 79.125653576311834, 9.215439396834975 ], [ 79.125254912971897, 9.215550327370611 ], [ 79.125035663855442, 9.215716434037937 ], [ 79.124855488758911, 9.215805901431066 ], [ 79.12439780430816, 9.215893919901493 ], [ 79.12421149641321, 9.215852268013661 ], [ 79.123997604849109, 9.215864714012891 ], [ 79.122947982728419, 9.216049093158039 ], [ 79.122827497987558, 9.216034904761772 ], [ 79.122672724552302, 9.216052178054573 ], [ 79.122306050219635, 9.216136150364322 ], [ 79.122260687992735, 9.21611105266574 ], [ 79.122242754026431, 9.216061236779048 ], [ 79.122245696907271, 9.21593468595149 ], [ 79.122225667171406, 9.215850957441779 ], [ 79.122255811039068, 9.215742630410791 ], [ 79.122523581757264, 9.215434391295677 ], [ 79.122739817924256, 9.215408397959052 ], [ 79.122901568574321, 9.215361778602663 ], [ 79.123796071408364, 9.215260215331844 ], [ 79.124128529810179, 9.215194144834143 ], [ 79.124251610682208, 9.215147323276941 ], [ 79.124525404604412, 9.214990541110476 ], [ 79.124630206557015, 9.214959446429171 ], [ 79.124994271283782, 9.214938739694881 ], [ 79.125297229910004, 9.214858954203207 ], [ 79.125454670443332, 9.214767108380359 ], [ 79.125557232895943, 9.214729219610566 ], [ 79.125598402685412, 9.214686492877409 ], [ 79.125694082246326, 9.214659869025793 ], [ 79.12601788088881, 9.214510128111899 ], [ 79.126721584251428, 9.214355581092702 ], [ 79.127480462138848, 9.21409057389705 ], [ 79.128095596106064, 9.213908441576553 ], [ 79.128589647952765, 9.213825125800259 ], [ 79.129495188386713, 9.213786887559758 ], [ 79.130586751051382, 9.213844537981521 ], [ 79.131277488131218, 9.213992770859278 ], [ 79.131890340377637, 9.214244563282875 ], [ 79.132830579137718, 9.214529695432079 ], [ 79.133107459671223, 9.214650916672133 ], [ 79.133312484863467, 9.215027159179757 ], [ 79.133477753316171, 9.215177183625341 ], [ 79.133840394213252, 9.215427677045179 ], [ 79.133980688602733, 9.215568531743687 ], [ 79.13400544976524, 9.215618382281974 ], [ 79.133996185439699, 9.215649976128804 ], [ 79.133907200124284, 9.215701498123167 ], [ 79.133838911992996, 9.215710184434178 ], [ 79.133629759940362, 9.215686500137366 ], [ 79.133205108339254, 9.215548689597691 ], [ 79.133137200195335, 9.215485054975833 ], [ 79.133030492017681, 9.215446080050027 ], [ 79.132801700097971, 9.215264084096919 ], [ 79.132722275552126, 9.21522751038826 ], [ 79.13270429307677, 9.215186735389416 ], [ 79.132329851011832, 9.21501754356737 ], [ 79.132030664411531, 9.214812582169868 ], [ 79.131883202364364, 9.214737232036276 ], [ 79.131721795769081, 9.214718313808579 ], [ 79.131591984718952, 9.214747023227327 ], [ 79.131543991326552, 9.214789715370999 ], [ 79.131591331643719, 9.214871324866063 ], [ 79.13249332463063, 9.215508837712161 ], [ 79.13291972884484, 9.215746101033231 ], [ 79.133187654073282, 9.215840156307406 ], [ 79.133371749417705, 9.215870491879008 ], [ 79.134024521897004, 9.215885175071508 ], [ 79.134083532228047, 9.215910342837024 ], [ 79.134112723881529, 9.215982817975716 ], [ 79.134092085986168, 9.216014353266436 ], [ 79.133984939430675, 9.216058999586236 ], [ 79.133520429580386, 9.216146996712329 ], [ 79.1332131931768, 9.216174785600591 ], [ 79.13298577298454, 9.21616456616383 ], [ 79.13281330094155, 9.21608682838378 ], [ 79.132629705958735, 9.215961568629076 ], [ 79.132287868247047, 9.215647900316485 ], [ 79.132107093974213, 9.215418690128839 ], [ 79.131855924122476, 9.215166513705158 ], [ 79.13172437303561, 9.215093507252618 ], [ 79.131617618145555, 9.215063572412499 ], [ 79.131456175617672, 9.215051433190807 ], [ 79.13104859380357, 9.215128422805659 ], [ 79.130868859779838, 9.215134269848113 ], [ 79.130510033129482, 9.215023921758092 ], [ 79.130300941263968, 9.214988934370215 ], [ 79.129691319359324, 9.214988029027067 ], [ 79.129571070875386, 9.214928640816574 ], [ 79.129374412591716, 9.214692567814927 ], [ 79.129215768315902, 9.214580997682567 ], [ 79.129124758197833, 9.214585044686386 ], [ 79.128926421861223, 9.214667639377792 ], [ 79.128688975572018, 9.214833653354429 ], [ 79.12832559176826, 9.215157220863235 ], [ 79.127884082382522, 9.215629549638644 ], [ 79.127728725940671, 9.215757568983996 ], [ 79.127212018582483, 9.215822685265689 ], [ 79.127127714388024, 9.215849368439828 ], [ 79.127063713017279, 9.2159077970648 ], [ 79.12704754064724, 9.2159551762678 ], [ 79.127072324267587, 9.216000507142494 ], [ 79.127224584216691, 9.216028421069696 ], [ 79.127392968026797, 9.216017995909798 ], [ 79.128310398561837, 9.215882638166326 ], [ 79.12867949026095, 9.215771551672344 ], [ 79.128935002568795, 9.215630492222409 ], [ 79.129197529820715, 9.21545330682485 ], [ 79.129441549082784, 9.215334788586151 ], [ 79.129940272168966, 9.215228893673626 ], [ 79.13019291525778, 9.215200823620247 ], [ 79.130510643983868, 9.215340341233793 ], [ 79.130642407073125, 9.215372666650349 ], [ 79.130951774280561, 9.215372012250207 ], [ 79.131393322293846, 9.215324582425916 ], [ 79.13153654339456, 9.215341144603103 ], [ 79.131675072594518, 9.215384806747737 ], [ 79.131740801425536, 9.21543035139536 ], [ 79.131831633677194, 9.215460202852634 ], [ 79.132252169197656, 9.215948310398124 ], [ 79.132612690070616, 9.216169412083316 ], [ 79.133207837421068, 9.216328445991749 ], [ 79.133237086566723, 9.216389620704579 ], [ 79.133207196023974, 9.216450490375701 ], [ 79.133091092366755, 9.216467969366821 ], [ 79.132782056637666, 9.216405343109495 ], [ 79.132543322164381, 9.216383763928992 ], [ 79.131741061038639, 9.216246254259115 ], [ 79.13133633496885, 9.216212511945741 ], [ 79.131111070733269, 9.216224903842413 ], [ 79.130708049665898, 9.216299655123448 ], [ 79.129605477249086, 9.21660356629976 ], [ 79.127817618729608, 9.217019174299084 ], [ 79.127418896100863, 9.217141407314966 ], [ 79.126462376274532, 9.217355661031828 ], [ 79.126221118433619, 9.217381527424727 ], [ 79.126061973796197, 9.217364877558314 ], [ 79.125964352975956, 9.217328208301899 ], [ 79.125692285615727, 9.217157283975078 ], [ 79.1256036686096, 9.217138740958168 ], [ 79.125555770438666, 9.217163352663073 ], [ 79.125541942671475, 9.217197181783824 ], [ 79.125573144754568, 9.217319390796733 ], [ 79.125552135855003, 9.217420986283773 ] ] ], [ [ [ 79.235730863880079, 9.243476528427484 ], [ 79.235612588994826, 9.243585060620953 ], [ 79.235389644209292, 9.243652936338185 ], [ 79.235066537269574, 9.243544528296701 ], [ 79.234843534991882, 9.243431570818336 ], [ 79.234461274889014, 9.243323177781742 ], [ 79.234388455655463, 9.243277989623728 ], [ 79.234288356383374, 9.243300622272768 ], [ 79.23411543697938, 9.243282586908402 ], [ 79.233801480279141, 9.243332404269267 ], [ 79.233387442273099, 9.243472665291876 ], [ 79.233159942130783, 9.243526977055859 ], [ 79.232896030575034, 9.243558696079717 ], [ 79.232795915133252, 9.243527077247315 ], [ 79.232745840344393, 9.243454757613994 ], [ 79.232745728953276, 9.243084050655249 ], [ 79.232854874260298, 9.242871543316728 ], [ 79.233064112551219, 9.24261831988208 ], [ 79.233587257236721, 9.242143489652548 ], [ 79.234287792241346, 9.241438046858663 ], [ 79.23447886120735, 9.241293327806599 ], [ 79.234774583903913, 9.241139537315146 ], [ 79.234911063148402, 9.241040040284334 ], [ 79.235375014246557, 9.240452203386273 ], [ 79.235593373132588, 9.240271309153771 ], [ 79.235661616348082, 9.240235122848198 ], [ 79.235825415156981, 9.240198910825779 ], [ 79.236021079005667, 9.240203375151856 ], [ 79.236221301804392, 9.240234964136306 ], [ 79.237267951399787, 9.240496872325402 ], [ 79.237727580703122, 9.240659488885854 ], [ 79.238137166658603, 9.240849244168864 ], [ 79.2384602969545, 9.241034503114518 ], [ 79.238633261274245, 9.241206244004479 ], [ 79.238660593415091, 9.241301172937485 ], [ 79.238637892089542, 9.241459408162086 ], [ 79.238537884445577, 9.241771374192325 ], [ 79.23846056465247, 9.241888936599395 ], [ 79.238355927989858, 9.241952259674383 ], [ 79.238228526221306, 9.241974900388509 ], [ 79.237700677956965, 9.241938887155554 ], [ 79.237500470429623, 9.241957028100595 ], [ 79.237181975440592, 9.242043014926098 ], [ 79.236999991137068, 9.242133483765265 ], [ 79.236749783380972, 9.242327949929384 ], [ 79.23644500386969, 9.242626412359499 ], [ 79.235730863880079, 9.243476528427484 ] ] ], [ [ [ 79.20045363010891, 9.250681944697568 ], [ 79.199398123124809, 9.251617947769256 ], [ 79.198747500313971, 9.252061106365003 ], [ 79.198256120056939, 9.252400255875429 ], [ 79.19769191427811, 9.252644480984337 ], [ 79.197000275289753, 9.252793789869163 ], [ 79.195694309919574, 9.252866351405499 ], [ 79.195232135689054, 9.252896705955775 ], [ 79.193464553043853, 9.252685896227668 ], [ 79.192663653764058, 9.252573007294112 ], [ 79.191817233255605, 9.252374229799905 ], [ 79.190888897172982, 9.252121211807868 ], [ 79.189960540429126, 9.251746131368884 ], [ 79.189155037283555, 9.251316778101708 ], [ 79.189023063090218, 9.251253507249571 ], [ 79.188249437560813, 9.250955251627797 ], [ 79.187703352597907, 9.250760938298184 ], [ 79.1871436267174, 9.250616356074257 ], [ 79.186561157290555, 9.25052602507037 ], [ 79.185914987428589, 9.250467348606934 ], [ 79.185350736734009, 9.250476472057743 ], [ 79.184895685245351, 9.25042228726813 ], [ 79.184363277132661, 9.25037263316473 ], [ 79.183730758069757, 9.250304910357753 ], [ 79.183353066798446, 9.25025975412836 ], [ 79.181937863594783, 9.250115279867764 ], [ 79.181064154962911, 9.249930043434201 ], [ 79.180422500931897, 9.24962723116046 ], [ 79.180058429018615, 9.249369591821619 ], [ 79.179726191602342, 9.248980843607521 ], [ 79.179494067831257, 9.248619208336683 ], [ 79.1793893521169, 9.248234951003532 ], [ 79.179261873093239, 9.247773843777768 ], [ 79.179211749795329, 9.247303685119512 ], [ 79.179193467282673, 9.246752148056796 ], [ 79.179129721931787, 9.24648542739097 ], [ 79.179056859579092, 9.246101166841262 ], [ 79.179002197992375, 9.245707862095816 ], [ 79.178852007761719, 9.245513484689948 ], [ 79.178674464728942, 9.244966488885785 ], [ 79.17842865242956, 9.244324563252681 ], [ 79.178282969046677, 9.24383181081927 ], [ 79.178105399962789, 9.243094938733583 ], [ 79.178050743765951, 9.242733279682104 ], [ 79.17807343700666, 9.2423264036061 ], [ 79.178164405802207, 9.242059663627234 ], [ 79.178250829122419, 9.241838133074573 ], [ 79.178455537209402, 9.241444796080186 ], [ 79.178596540369625, 9.241060508748847 ], [ 79.178814909137088, 9.240753064927333 ], [ 79.178978662131925, 9.240355212744047 ], [ 79.1790559828234, 9.24012012055964 ], [ 79.179142382787433, 9.239749402110414 ], [ 79.179165108367457, 9.239568566036505 ], [ 79.179187798014908, 9.239152647679482 ], [ 79.179201367965604, 9.238596584735175 ], [ 79.179310515069233, 9.238198738982653 ], [ 79.17956982635242, 9.237827998117961 ], [ 79.179829136737283, 9.237466299077852 ], [ 79.180356928407733, 9.237213066436858 ], [ 79.180962092871923, 9.237086404384769 ], [ 79.181175961079816, 9.23713610558211 ], [ 79.181439869940604, 9.23709538276908 ], [ 79.181635531094344, 9.237095357055747 ], [ 79.181849376844355, 9.236991349295826 ], [ 79.182035917402985, 9.236860221022329 ], [ 79.182290686804095, 9.236579894927944 ], [ 79.182536348186517, 9.236245321345457 ], [ 79.182995864302143, 9.235874550938398 ], [ 79.183378057929659, 9.235716269758203 ], [ 79.183819420889975, 9.235657439205976 ], [ 79.184301753315481, 9.235702578688159 ], [ 79.184770420568896, 9.23567086782348 ], [ 79.185129881429845, 9.235612046130358 ], [ 79.185507532276944, 9.235508012219128 ], [ 79.186035342812048, 9.235408478130859 ], [ 79.186508535777833, 9.235223055738969 ], [ 79.186845213566542, 9.234996965167582 ], [ 79.187086342050051, 9.234798013714947 ], [ 79.187245569332475, 9.234612636222158 ], [ 79.187518517939992, 9.234237366888671 ], [ 79.187755066812173, 9.233875665936068 ], [ 79.187891528090361, 9.233613438055045 ], [ 79.188310031621668, 9.232944292919683 ], [ 79.188705789809958, 9.232320359136974 ], [ 79.188937785121993, 9.231949615634406 ], [ 79.189247126278289, 9.231538174000448 ], [ 79.189497331339396, 9.231230719209965 ], [ 79.189720256362023, 9.231040809784426 ], [ 79.18988859615466, 9.230945846166492 ], [ 79.190061494897407, 9.230900611200139 ], [ 79.190161598661092, 9.230900595239861 ], [ 79.19055291557865, 9.230918617051172 ], [ 79.190798638046516, 9.230986390580389 ], [ 79.19121272006997, 9.231076741669963 ], [ 79.191499391341779, 9.231135466585027 ], [ 79.19190438510951, 9.231289109820628 ], [ 79.192204732333195, 9.231483456948519 ], [ 79.192668892738808, 9.231713943272982 ], [ 79.192896432406997, 9.231876655215064 ], [ 79.193269570118161, 9.231998656093481 ], [ 79.193742804406455, 9.232075430980906 ], [ 79.193952112765956, 9.232079917576884 ], [ 79.194288820199091, 9.2320436940762 ], [ 79.194598212559342, 9.231939662658359 ], [ 79.194793856645063, 9.231867297198919 ], [ 79.194930345771027, 9.231781377937621 ], [ 79.195417162586438, 9.231505524653137 ], [ 79.196049575648146, 9.231188959184138 ], [ 79.196527293428034, 9.230926668123292 ], [ 79.196973156947934, 9.230664382187463 ], [ 79.197105097005291, 9.230582983828622 ], [ 79.197305284769726, 9.230488012107195 ], [ 79.197596468279173, 9.230352335388387 ], [ 79.197983211873606, 9.230248288397839 ], [ 79.198178864044166, 9.230225648703538 ], [ 79.198410916848374, 9.230198483373862 ], [ 79.198811328309844, 9.230184847950522 ], [ 79.1991161940594, 9.230207397205712 ], [ 79.199330050589197, 9.230202836991165 ], [ 79.199803299250561, 9.230356459352773 ], [ 79.200235635938924, 9.230699962098379 ], [ 79.200536007417099, 9.230989238602302 ], [ 79.200763563254966, 9.231219758943752 ], [ 79.200863686781602, 9.231319197566728 ], [ 79.20096383905431, 9.231549740746138 ], [ 79.201136797984176, 9.231798354308495 ], [ 79.201309758710664, 9.232056009162413 ], [ 79.201469067739794, 9.23230462414111 ], [ 79.201787663340141, 9.232693354410452 ], [ 79.202106244567446, 9.23301427211104 ], [ 79.20263874790156, 9.233624481594262 ], [ 79.202811710424683, 9.233882135113339 ], [ 79.202839038972243, 9.234013234348168 ], [ 79.202839070413276, 9.234157899643808 ], [ 79.202807259272461, 9.234347780789712 ], [ 79.20279364260935, 9.234506012930918 ], [ 79.202602667966474, 9.235138963838672 ], [ 79.202439076668426, 9.236160701234541 ], [ 79.202480130575211, 9.236639900160664 ], [ 79.202493831679945, 9.236874979594447 ], [ 79.202689660818592, 9.237666086035587 ], [ 79.202862697901907, 9.238258280214671 ], [ 79.203035705340753, 9.238714850438633 ], [ 79.203231452732751, 9.239112644181898 ], [ 79.203399864390661, 9.239347693592437 ], [ 79.203568261675485, 9.239523974119113 ], [ 79.203836771707159, 9.239722836896929 ], [ 79.20420082834913, 9.239876473728268 ], [ 79.20446931322796, 9.239962317422957 ], [ 79.204883408726175, 9.240048130950354 ], [ 79.205215586853598, 9.240079711082149 ], [ 79.205506820668745, 9.240151986189078 ], [ 79.205952756053875, 9.240183543258404 ], [ 79.2064714962995, 9.240215084365099 ], [ 79.206962944828518, 9.240291837955732 ], [ 79.207390680345995, 9.240323396785852 ], [ 79.207554485443126, 9.240300758625521 ], [ 79.207754695665429, 9.240291675697243 ], [ 79.207986746673015, 9.24023285832231 ], [ 79.208273396385209, 9.240146902974553 ], [ 79.208655608877351, 9.240097094916301 ], [ 79.208983235241263, 9.240119630237315 ], [ 79.209397339722599, 9.240241606095198 ], [ 79.209761408042638, 9.240435924345549 ], [ 79.210084514084045, 9.240585043345179 ], [ 79.210457662574967, 9.240688941871788 ], [ 79.210712476891828, 9.240679845653638 ], [ 79.210894480059963, 9.240643639883565 ], [ 79.211340387597332, 9.240553128102077 ], [ 79.211772636250785, 9.240430973247156 ], [ 79.212004689953289, 9.240381193602122 ], [ 79.212514323078622, 9.240385602953101 ], [ 79.212855607428097, 9.240435257578696 ], [ 79.213178707181257, 9.24055724840048 ], [ 79.213574627964633, 9.240742513706341 ], [ 79.213966028425517, 9.241045322097019 ], [ 79.21417995682053, 9.241307480607066 ], [ 79.214321081253374, 9.241569658428322 ], [ 79.214430343341363, 9.24179115279702 ], [ 79.214489630353469, 9.242329116765053 ], [ 79.214576218065403, 9.242862554439869 ], [ 79.214676417948837, 9.243242279758695 ], [ 79.214909528070109, 9.243696781173599 ], [ 79.21507700368349, 9.243870583111439 ], [ 79.215204457554293, 9.244051387716636 ], [ 79.215486616588407, 9.244205030639183 ], [ 79.215741455159801, 9.244281826805867 ], [ 79.216110036615817, 9.244295304746853 ], [ 79.216847203121119, 9.244335822798238 ], [ 79.21742510730968, 9.244376376310926 ], [ 79.217743645417855, 9.244430552278329 ], [ 79.218112249331753, 9.244534444350295 ], [ 79.21839439758611, 9.244638356784501 ], [ 79.218749383938615, 9.244868835388624 ], [ 79.219131691652166, 9.245171639343843 ], [ 79.219559529577595, 9.245569368160803 ], [ 79.219714275165046, 9.245695914557796 ], [ 79.219955474615475, 9.245813397629657 ], [ 79.220251264685714, 9.245876618034636 ], [ 79.220619844345094, 9.245876530256849 ], [ 79.220888305867774, 9.245840298421825 ], [ 79.221234127607758, 9.245817609190844 ], [ 79.221757425905153, 9.245844606626953 ], [ 79.222253442367375, 9.245939421705492 ], [ 79.222776788275496, 9.246142730037649 ], [ 79.223186406570321, 9.246459086119717 ], [ 79.223518691597263, 9.24685683387459 ], [ 79.22364618319736, 9.247150655331906 ], [ 79.22357810437353, 9.247797149097076 ], [ 79.22334617463855, 9.248317100698749 ], [ 79.222800222626304, 9.248669860154489 ], [ 79.222167761055559, 9.248832766416223 ], [ 79.221539810824197, 9.248851002762715 ], [ 79.220939299633173, 9.249384605220401 ], [ 79.220602639810792, 9.249651415012112 ], [ 79.22015677629085, 9.249945375110658 ], [ 79.21990653799206, 9.250076539295772 ], [ 79.219565303948229, 9.250257453315013 ], [ 79.219160349706371, 9.250384131907655 ], [ 79.218796337081869, 9.250465593960728 ], [ 79.218195683957049, 9.250474776815992 ], [ 79.218077142272165, 9.250461215768194 ], [ 79.217854392421017, 9.250435733941757 ], [ 79.217854339420427, 9.250226102847726 ], [ 79.217876237652106, 9.250228325637536 ], [ 79.217888040616643, 9.250229524365837 ], [ 79.217899843581165, 9.250230722207473 ], [ 79.217907131613046, 9.250230190227477 ], [ 79.217914418746645, 9.250229659134106 ], [ 79.217921706778512, 9.250229128040722 ], [ 79.217928993912111, 9.250228596060726 ], [ 79.217936281045695, 9.250228064080691 ], [ 79.217943569975915, 9.250227532987319 ], [ 79.2179508571095, 9.250227001893974 ], [ 79.217958145141424, 9.250226469913938 ], [ 79.217965432275008, 9.250225938820554 ], [ 79.217972720306889, 9.250225407727196 ], [ 79.21798000833877, 9.250224874860564 ], [ 79.217987294574073, 9.250224343767167 ], [ 79.217994582605954, 9.250223812673781 ], [ 79.218001870637863, 9.250223281580384 ], [ 79.218009157771462, 9.250222749600388 ], [ 79.218016445803343, 9.250222217620379 ], [ 79.218023732936928, 9.250221687413607 ], [ 79.218031020968823, 9.250221155433611 ], [ 79.218038309000733, 9.250220624340214 ], [ 79.218045596134331, 9.250220092360205 ], [ 79.218052884166198, 9.250219561266821 ], [ 79.218060172198122, 9.2502190292868 ], [ 79.218067459331706, 9.250218498193416 ], [ 79.218074747363602, 9.250217966213368 ], [ 79.218082033598847, 9.250217435119996 ], [ 79.218089323427407, 9.250216904026599 ], [ 79.218096609662666, 9.250216371159942 ], [ 79.218103896796251, 9.250215840066545 ], [ 79.218111185726457, 9.250215308973146 ], [ 79.218118472860041, 9.250214776993126 ], [ 79.218125760891965, 9.250214245899729 ], [ 79.21813304802555, 9.250213714806319 ], [ 79.218140335159106, 9.250213182826311 ], [ 79.218147624089326, 9.250212650846288 ], [ 79.218154911222911, 9.250212119752879 ], [ 79.218162199254834, 9.250211588659482 ], [ 79.218169486388419, 9.250211056679461 ], [ 79.2181767744203, 9.25021052558605 ], [ 79.218184061553885, 9.250209993605992 ], [ 79.218191349585808, 9.250209463399232 ], [ 79.218198636719364, 9.250208931419209 ], [ 79.218205924751288, 9.250208399439151 ], [ 79.218213211884873, 9.250207868345779 ], [ 79.218220499916754, 9.250207336365706 ], [ 79.218227787050353, 9.250206805272297 ], [ 79.218235075082262, 9.250206273292275 ], [ 79.218242363114143, 9.250205742198853 ], [ 79.218249650247742, 9.250205211105444 ], [ 79.218256938279623, 9.250204679125408 ], [ 79.218264226311547, 9.250204147145388 ], [ 79.218271513445131, 9.250203616051964 ], [ 79.218278800578716, 9.250203084071931 ], [ 79.218286088610597, 9.250202552978509 ], [ 79.218293376642521, 9.250202021885086 ], [ 79.218300663776077, 9.250201489905052 ], [ 79.218307950909661, 9.250200957924992 ], [ 79.218315238941585, 9.250200426831556 ], [ 79.218322526973466, 9.250199895738172 ], [ 79.21832981500539, 9.250199363758099 ], [ 79.218337102138975, 9.250198832664678 ], [ 79.218344389272559, 9.250198301571281 ], [ 79.218351678202779, 9.250197768704597 ], [ 79.218358965336321, 9.250197237611161 ], [ 79.218366253368245, 9.250196707404388 ], [ 79.21837354140014, 9.250196175424303 ], [ 79.218380827635428, 9.250195644330882 ], [ 79.21838811566731, 9.250195112350834 ], [ 79.218395402800894, 9.250194580370788 ], [ 79.218402691731114, 9.250194049277365 ], [ 79.218409978864699, 9.250193517297305 ], [ 79.218417265998283, 9.250192986203883 ], [ 79.218424554030165, 9.250192455110447 ], [ 79.218431841163763, 9.250191923130387 ], [ 79.218439130093984, 9.250191391150302 ], [ 79.218446417227568, 9.250190860056868 ], [ 79.218453704361153, 9.250190328076808 ], [ 79.218460992393076, 9.250189796983372 ], [ 79.218468280424958, 9.250189265889938 ], [ 79.218475566660217, 9.250188733909891 ], [ 79.218482854692127, 9.250188201929831 ], [ 79.218490142724008, 9.250187670836384 ], [ 79.218497430755932, 9.250187139742948 ], [ 79.218504717889516, 9.250186607762888 ], [ 79.218512005023115, 9.25018607666944 ], [ 79.218519293054982, 9.250185545576006 ], [ 79.218526581086877, 9.250185012709297 ], [ 79.218533869118801, 9.250184481615836 ], [ 79.218541156252385, 9.250183951409049 ], [ 79.21854844338597, 9.250183419428977 ], [ 79.218555732316176, 9.25018288833553 ], [ 79.21856301855145, 9.25018235635547 ], [ 79.218570306583359, 9.250181824375373 ], [ 79.218577594615255, 9.250181293281912 ], [ 79.218584881748825, 9.250180761301852 ], [ 79.21859216978072, 9.250180230208404 ], [ 79.218599456914319, 9.250179699114943 ], [ 79.218606744946229, 9.250179167134871 ], [ 79.21861403297811, 9.250178635154812 ], [ 79.218621320111694, 9.250178104061352 ], [ 79.21862860814359, 9.25017757208124 ], [ 79.218635895277174, 9.250177040987818 ], [ 79.218643183309098, 9.250176509894358 ], [ 79.218650471340979, 9.25017597791426 ], [ 79.218657757576267, 9.250175445934175 ], [ 79.21866504740477, 9.250174914840715 ], [ 79.218672333640072, 9.250174382860642 ], [ 79.218679621671953, 9.250173851767181 ], [ 79.218686908805537, 9.250173320673708 ], [ 79.218694195939136, 9.250172788693636 ], [ 79.218701484869356, 9.250172257600175 ], [ 79.218708772002941, 9.25017172562009 ], [ 79.218716060034822, 9.250171193639979 ], [ 79.218723347168407, 9.250170663433156 ], [ 79.218730634302005, 9.250170130566421 ], [ 79.218737923232212, 9.250169600359611 ], [ 79.218745210365796, 9.250169069266136 ], [ 79.218752498397691, 9.250168536399402 ], [ 79.218759786429601, 9.250168005305929 ], [ 79.218767072664861, 9.250167474212493 ], [ 79.21877436069677, 9.25016694223237 ], [ 79.218781647830355, 9.250166411138895 ], [ 79.218788936760575, 9.250165879158811 ], [ 79.218796223894131, 9.250165348065337 ], [ 79.218803511027716, 9.25016481608524 ], [ 79.218810799059639, 9.250164284105155 ], [ 79.218818086193224, 9.25016375301167 ], [ 79.218825375123444, 9.250163221918196 ], [ 79.218832662257043, 9.250162689938097 ], [ 79.218844748190847, 9.250160709198816 ], [ 79.218856834124708, 9.250158727572899 ], [ 79.218868921855147, 9.250156747720242 ], [ 79.21888100778898, 9.250154766980936 ], [ 79.218893093722812, 9.250152787128265 ], [ 79.218905180554955, 9.250150806388934 ], [ 79.218917268285423, 9.250148824762952 ], [ 79.218929354219256, 9.250146844910232 ], [ 79.218941441051385, 9.250144864170874 ], [ 79.218953526985246, 9.250142883431502 ], [ 79.218965613817389, 9.250140902692145 ], [ 79.218977699751193, 9.2501389210661 ], [ 79.218989786583379, 9.250136941213341 ], [ 79.219001873415536, 9.250134959587283 ], [ 79.21901395934934, 9.250132978847875 ], [ 79.219026047079822, 9.250130998995052 ], [ 79.21903813301364, 9.250129018255594 ], [ 79.219050218947473, 9.250127038402784 ], [ 79.219062306677927, 9.250125056776687 ], [ 79.219074392611773, 9.250123075150553 ], [ 79.219086479443916, 9.250121095297706 ], [ 79.219098566276074, 9.250119114558196 ], [ 79.219110652209892, 9.250117132932061 ], [ 79.219122738143739, 9.250115153079149 ], [ 79.219134824975882, 9.250113172339613 ], [ 79.219146911808039, 9.250111191600052 ], [ 79.219158997741843, 9.250109210860529 ], [ 79.219171084574029, 9.250107229234294 ], [ 79.219183172304469, 9.250105249381368 ], [ 79.219195258238315, 9.25010326775512 ], [ 79.219207344172133, 9.250101287902158 ], [ 79.219219431004277, 9.250099307162532 ], [ 79.219229242403813, 9.250096337826363 ], [ 79.219239052905039, 9.250093367603519 ], [ 79.219248864304575, 9.250090400040559 ], [ 79.219258674805786, 9.250087429817663 ], [ 79.219268486205308, 9.250084461368042 ], [ 79.219278296706548, 9.250081492918369 ], [ 79.21928810810607, 9.250078522695397 ], [ 79.219297920403903, 9.250075554245699 ], [ 79.219307730006804, 9.250072584909301 ], [ 79.21931754140634, 9.250069615572901 ], [ 79.219327352805877, 9.250066647123127 ], [ 79.219337163307102, 9.250063676900041 ], [ 79.219346974706639, 9.250060709336839 ], [ 79.219356786106161, 9.250057739113689 ], [ 79.219366596607401, 9.250054769777163 ], [ 79.219376408006937, 9.250051801327237 ], [ 79.219386219406459, 9.250048831990659 ], [ 79.219396029907671, 9.250045862654069 ], [ 79.219405841307207, 9.250042893317417 ], [ 79.219415652706743, 9.250039924867414 ], [ 79.219425463207969, 9.250036956417359 ], [ 79.219435274607505, 9.250033986194017 ], [ 79.219445086007028, 9.250031016857289 ], [ 79.219454897406564, 9.250028048407158 ], [ 79.219464707009465, 9.25002507907039 ], [ 79.219474519307298, 9.250022109733598 ], [ 79.219484328910198, 9.250019140396779 ], [ 79.21949414120806, 9.250016171946534 ], [ 79.219503951709257, 9.250013201723027 ], [ 79.219513762210497, 9.25001023327277 ], [ 79.219523573610019, 9.250007264822459 ], [ 79.219533385009555, 9.250004294598865 ], [ 79.219541772579362, 9.249999913740682 ], [ 79.219550162844115, 9.249995531995825 ], [ 79.219558551312247, 9.249991150250917 ], [ 79.219566938882039, 9.249986769392569 ], [ 79.21957532824851, 9.249982387647545 ], [ 79.219583716716599, 9.249978005015823 ], [ 79.219592106083056, 9.24997362415731 ], [ 79.219600493652862, 9.249969243298745 ], [ 79.219608883019291, 9.249964862440118 ], [ 79.219617270589112, 9.249960478921555 ], [ 79.219625660853865, 9.249956098062837 ], [ 79.219634049321968, 9.249951717204045 ], [ 79.2196424377901, 9.249947334571939 ], [ 79.219650826258231, 9.249942952826421 ], [ 79.21965921562466, 9.249938571967474 ], [ 79.219667604092791, 9.249934191108466 ], [ 79.219675992560909, 9.249929807589533 ], [ 79.21968438102904, 9.249925427617072 ], [ 79.219692770395469, 9.249921045871247 ], [ 79.2197011588636, 9.24991666412541 ], [ 79.219709548230028, 9.249912282379483 ], [ 79.219717935799849, 9.249907902406806 ], [ 79.219726324267953, 9.249903519774142 ], [ 79.219734713634409, 9.249899138028102 ], [ 79.219743101204216, 9.249894756281984 ], [ 79.219751490570644, 9.24989037542244 ], [ 79.219759879038776, 9.249885992789572 ], [ 79.219768268405232, 9.249881611929901 ], [ 79.219776655975025, 9.24987723018358 ], [ 79.219785045341453, 9.249872849323808 ], [ 79.219793433809585, 9.24986846669071 ], [ 79.219801823176013, 9.249864085830836 ], [ 79.219808433878171, 9.249859139298243 ], [ 79.219815044580386, 9.249854193652224 ], [ 79.219821656180855, 9.249849247119492 ], [ 79.219828266883027, 9.249844300586682 ], [ 79.219834877585214, 9.249839354940459 ], [ 79.219841489185711, 9.24983440840751 ], [ 79.219848099887884, 9.249829461874498 ], [ 79.21985471059007, 9.249824515341421 ], [ 79.219861322190567, 9.249819569694917 ], [ 79.21986793289274, 9.249814623161688 ], [ 79.219874543594898, 9.249809676628397 ], [ 79.219881155195381, 9.24980473098169 ], [ 79.219887766795893, 9.249799785334869 ], [ 79.219894376599754, 9.249794837914749 ], [ 79.219900988200223, 9.249789892267801 ], [ 79.219907598902395, 9.24978494573419 ], [ 79.219914211401203, 9.24977999920049 ], [ 79.219920821205079, 9.249775054439974 ], [ 79.219927431907252, 9.249770107019472 ], [ 79.21993404440606, 9.249765161372206 ], [ 79.219940654209935, 9.249760214838215 ], [ 79.219947264912108, 9.249755269190809 ], [ 79.219953877410902, 9.249750321770039 ], [ 79.219960487214749, 9.249745376122492 ], [ 79.219967097916935, 9.24974042958822 ], [ 79.219973708619122, 9.249735483053884 ], [ 79.21998032111793, 9.249730538292747 ], [ 79.219986930921763, 9.249725590871659 ], [ 79.21999354162395, 9.249720645223757 ], [ 79.220000154122758, 9.24971569868914 ], [ 79.220006764824959, 9.249710753041086 ], [ 79.220013376425428, 9.24970580739298 ], [ 79.220019986229303, 9.249700860858161 ], [ 79.220026597829772, 9.249695914323265 ], [ 79.220033209430269, 9.249690967788293 ], [ 79.220039819234117, 9.24968602125327 ], [ 79.220046430834628, 9.249681075604821 ], [ 79.220053042435126, 9.249676129069657 ], [ 79.220059652238973, 9.249671183421068 ], [ 79.220066263839485, 9.249666236885753 ], [ 79.220072875439939, 9.249661290350375 ], [ 79.220079485243815, 9.249656343814932 ], [ 79.220086095945987, 9.249651398166062 ], [ 79.220092708444795, 9.249646451630467 ], [ 79.220099319146982, 9.249641505094807 ], [ 79.220105928950844, 9.249636558559098 ], [ 79.220112540551312, 9.249631612909935 ], [ 79.220119152151824, 9.249626666374073 ], [ 79.220125762853996, 9.249621720724759 ], [ 79.220132373556169, 9.249616774188757 ], [ 79.220138985156666, 9.249611827652677 ], [ 79.220145595858853, 9.249606882003185 ], [ 79.220152206561025, 9.249601934580355 ], [ 79.220158818161522, 9.249596988930696 ], [ 79.220165428863695, 9.249592043280987 ], [ 79.220172039565867, 9.249587096744566 ], [ 79.22017865116635, 9.249582150208067 ], [ 79.220185261868508, 9.249577204558166 ], [ 79.22019187257068, 9.249572258021528 ], [ 79.220198484171192, 9.249567312371488 ], [ 79.220205094873364, 9.249562365834723 ], [ 79.220211705575537, 9.249557419297881 ], [ 79.220218317176034, 9.249552472760962 ], [ 79.22022492787822, 9.249547527110604 ], [ 79.22182633656891, 9.248290350824409 ], [ 79.22183244960442, 9.248284840367754 ], [ 79.221838562639931, 9.248279329024385 ], [ 79.221844675675442, 9.248273816794292 ], [ 79.221850788710924, 9.248268306337382 ], [ 79.221856901746435, 9.248262794993773 ], [ 79.22186301478196, 9.248257285423321 ], [ 79.221869127817484, 9.24825177230626 ], [ 79.221875240852995, 9.248246260962357 ], [ 79.221881353888463, 9.248240751391689 ], [ 79.221887466923988, 9.248235239160985 ], [ 79.221893579959499, 9.248229727816854 ], [ 79.22189969389332, 9.248224217359256 ], [ 79.221905806928831, 9.248218706014935 ], [ 79.221911919964342, 9.248213193783899 ], [ 79.221918032999852, 9.248207683326035 ], [ 79.221924146035363, 9.248202171981484 ], [ 79.221930259070859, 9.248196659750182 ], [ 79.22193637210637, 9.248191149292063 ], [ 79.221942485141881, 9.248185637947257 ], [ 79.221948598177406, 9.24818012660231 ], [ 79.221954711212916, 9.248174615257327 ], [ 79.221960824248384, 9.248169103912216 ], [ 79.221966938182248, 9.248163592567055 ], [ 79.221973051217759, 9.248158081221765 ], [ 79.221979164253241, 9.248152569876437 ], [ 79.221985277288752, 9.248147059417633 ], [ 79.221991390324263, 9.248141548072127 ], [ 79.221997503359773, 9.24813603583987 ], [ 79.222003616395284, 9.248130525380811 ], [ 79.222009729430781, 9.248125014035011 ], [ 79.222015841567995, 9.24811950268915 ], [ 79.222021956400141, 9.248113991343187 ], [ 79.22202764183757, 9.248105231352985 ], [ 79.222033327275, 9.248096471362542 ], [ 79.222039011814104, 9.248087709598646 ], [ 79.222044698149858, 9.248078949607772 ], [ 79.222050383587288, 9.248070189616705 ], [ 79.222056069024717, 9.248061427852111 ], [ 79.222061755360485, 9.248052667860586 ], [ 79.2220674407979, 9.248043907868858 ], [ 79.222073127133669, 9.248035147876887 ], [ 79.222078812571098, 9.248026386111466 ], [ 79.222084498008513, 9.248017626119065 ], [ 79.222090184344253, 9.248008866126458 ], [ 79.222095868883386, 9.248000105247012 ], [ 79.222101554320815, 9.247991345253949 ], [ 79.22210724065657, 9.247982584374045 ], [ 79.222112926093999, 9.247973824380548 ], [ 79.222112354765486, 9.247963087181773 ], [ 79.222111783436958, 9.247952350869317 ], [ 79.222111211210105, 9.247941613669857 ], [ 79.222110638983295, 9.247930877356739 ], [ 79.222110067654782, 9.247920139270006 ], [ 79.222109496326254, 9.247909402956214 ], [ 79.222108924099402, 9.24789866575548 ], [ 79.222108352770874, 9.247887929441015 ], [ 79.222105506908079, 9.247882278889081 ], [ 79.222102661045241, 9.247876628337046 ], [ 79.222099816080728, 9.24787097778492 ], [ 79.222096970217919, 9.247865328119369 ], [ 79.22209412525342, 9.247859677567028 ], [ 79.222091280288907, 9.247854027014636 ], [ 79.222088434426112, 9.247848377348793 ], [ 79.22208558856326, 9.247842726796222 ], [ 79.222082743598762, 9.247837076243551 ], [ 79.222079897735952, 9.247831425690764 ], [ 79.222077051873114, 9.247825776024564 ], [ 79.222074206010319, 9.247820124584976 ], [ 79.222071361045806, 9.247814474918597 ], [ 79.222068515182968, 9.247808825252092 ], [ 79.222065669320159, 9.247803174698886 ], [ 79.222062825253985, 9.247797524145579 ], [ 79.222055712393569, 9.247789897272778 ], [ 79.222048600431449, 9.24778227039976 ], [ 79.222041487571033, 9.247774642640003 ], [ 79.222034375608914, 9.247767015766668 ], [ 79.222027265443458, 9.247759388893206 ], [ 79.222020152583028, 9.247751761132914 ], [ 79.222013039722611, 9.247744135145759 ], [ 79.222005928658817, 9.247736507385151 ], [ 79.221998815798401, 9.247728881397636 ], [ 79.22199170473462, 9.247721252750061 ], [ 79.22198459187419, 9.247713625875567 ], [ 79.22197747991207, 9.247705998114323 ], [ 79.221970367949979, 9.247698372126148 ], [ 79.221963255987873, 9.247690744364535 ], [ 79.221956144025782, 9.247683118376042 ], [ 79.221949032063662, 9.247675489727474 ], [ 79.221940782834423, 9.247670123783493 ], [ 79.221932535401805, 9.247664757839425 ], [ 79.221924285274227, 9.247659391008655 ], [ 79.221916036044973, 9.247654025064421 ], [ 79.221907786815734, 9.247648658233446 ], [ 79.221899537586452, 9.247643292289059 ], [ 79.221891289255538, 9.247637924571309 ], [ 79.221883040026256, 9.247632558626757 ], [ 79.221874790797003, 9.247627191795491 ], [ 79.221866541567763, 9.247621825850773 ], [ 79.221858293236807, 9.247616459019316 ], [ 79.221850044007567, 9.247611093074433 ], [ 79.221841794778328, 9.247605727129461 ], [ 79.221833546447371, 9.247600360297799 ], [ 79.221825297218132, 9.247594994352662 ], [ 79.221817047988893, 9.247589628407448 ], [ 79.2218086568258, 9.247585955944565 ], [ 79.221800265662736, 9.24758228525492 ], [ 79.22179187629628, 9.247578613678611 ], [ 79.22178348513323, 9.247574942988901 ], [ 79.221775093970138, 9.247571271412518 ], [ 79.221766702807088, 9.247567600722718 ], [ 79.22175831344066, 9.247563929146258 ], [ 79.221749922277567, 9.24756025756972 ], [ 79.221741531114517, 9.247556586879819 ], [ 79.221733139951425, 9.247552916189894 ], [ 79.221724749686672, 9.247549244613255 ], [ 79.221716359421919, 9.247545573923253 ], [ 79.221707968258855, 9.247541903233186 ], [ 79.221699577994102, 9.247538231656433 ], [ 79.221691186831052, 9.247534560079666 ], [ 79.221682795667974, 9.247530890276135 ], [ 79.221674405403206, 9.247527217812644 ], [ 79.221666014240142, 9.247523547122388 ], [ 79.221657623975403, 9.247519876432092 ], [ 79.221649232812297, 9.247516204855122 ], [ 79.221640841649261, 9.247512534164763 ], [ 79.221632451384494, 9.247508862587717 ], [ 79.221624060221444, 9.24750519189727 ], [ 79.221615669058366, 9.247501521206784 ], [ 79.221607279691938, 9.247497849629635 ], [ 79.22159888942717, 9.247494178939075 ], [ 79.221590498264121, 9.247490507361849 ], [ 79.221582107101028, 9.247486836671211 ], [ 79.221573715937978, 9.247483165093911 ], [ 79.221565324774886, 9.247479494403196 ], [ 79.221556935408458, 9.24747582282582 ], [ 79.22154854424538, 9.247472152135016 ], [ 79.221540863649693, 9.247470104882575 ], [ 79.221533184850671, 9.247468059403396 ], [ 79.221525506051606, 9.247466012150955 ], [ 79.221517827252569, 9.247463964898477 ], [ 79.221510146656883, 9.24746191941926 ], [ 79.221502467857817, 9.247459872166756 ], [ 79.221494789058795, 9.24745782580089 ], [ 79.221487110259744, 9.247455779435022 ], [ 79.221479429664058, 9.24745373218248 ], [ 79.221471750865007, 9.247451685816575 ], [ 79.221464071167659, 9.247449638564021 ], [ 79.221456390571959, 9.247447592198103 ], [ 79.221448712671247, 9.247445545832159 ], [ 79.221441032973857, 9.247443498579567 ], [ 79.221433354174835, 9.247441452213611 ], [ 79.221425673579148, 9.247439405847604 ], [ 79.221417995678436, 9.247437358594974 ], [ 79.221410315981046, 9.24743531222898 ], [ 79.221402636283685, 9.247433265862972 ], [ 79.221394956586337, 9.247431218610304 ], [ 79.221387277787272, 9.247429172244271 ], [ 79.221379598988236, 9.247427125878239 ], [ 79.221371919290874, 9.247425080398806 ], [ 79.221364239593484, 9.247423033146084 ], [ 79.221356560794433, 9.247420985893353 ], [ 79.221348881995397, 9.247418940413919 ], [ 79.221341202298021, 9.247416893161173 ], [ 79.221333522600659, 9.247414845908402 ], [ 79.221325843801608, 9.247412800428892 ], [ 79.221318164104261, 9.247410753176133 ], [ 79.221310485305196, 9.247408705923338 ], [ 79.221302805607849, 9.247406659557178 ], [ 79.221295126808798, 9.247404613190968 ], [ 79.221287447111436, 9.247402565938172 ], [ 79.221279768312385, 9.247400519571936 ], [ 79.221272088615038, 9.247398473205738 ], [ 79.221264408917648, 9.247396426839515 ], [ 79.221256730118597, 9.247394379586629 ], [ 79.221249050421235, 9.247392334107005 ], [ 79.221241371622185, 9.247390286854133 ], [ 79.221233691026498, 9.247388239601209 ], [ 79.221226012227476, 9.247386194121558 ], [ 79.221218333428425, 9.24738414686861 ], [ 79.221210653731035, 9.247382099615674 ], [ 79.221202974033673, 9.247380054135999 ], [ 79.221195295234637, 9.247378006883011 ], [ 79.221187616435614, 9.247375959630023 ], [ 79.221179935839928, 9.247373914150323 ], [ 79.221172257040863, 9.247371866897311 ], [ 79.221164578241812, 9.247369821417559 ], [ 79.221156899442761, 9.247367774164521 ], [ 79.221149218847074, 9.24736572691147 ], [ 79.221141540048052, 9.247363681431706 ], [ 79.221133861248987, 9.247361634178629 ], [ 79.221126180653314, 9.247359587812202 ], [ 79.221118501854249, 9.247357540559101 ], [ 79.221110823055199, 9.247355494192648 ], [ 79.221103143357851, 9.247353447826146 ], [ 79.22109546366049, 9.247351400573045 ], [ 79.221087784861439, 9.247349355093165 ], [ 79.221080106062374, 9.247347307840013 ], [ 79.221072426365026, 9.247345260586835 ], [ 79.221064746667651, 9.247343215106969 ], [ 79.221057067868628, 9.247341167853765 ], [ 79.221045976369794, 9.24734060483695 ], [ 79.221034883972663, 9.247340043593459 ], [ 79.221023791575533, 9.247339480576668 ], [ 79.221012700975038, 9.24733891933314 ], [ 79.221001608577907, 9.24733835631635 ], [ 79.220990517079088, 9.247337793299534 ], [ 79.220979425580282, 9.24733723116937 ], [ 79.220968334081462, 9.247336668152592 ], [ 79.220957242582656, 9.247336106022427 ], [ 79.22094615018554, 9.247335543892248 ], [ 79.220935058686706, 9.24733498087547 ], [ 79.220923967187915, 9.247334418745305 ], [ 79.220912875689095, 9.247333855728478 ], [ 79.220901784190289, 9.247333293598299 ], [ 79.220890691793159, 9.247332730581521 ], [ 79.220879600294339, 9.247332170224617 ], [ 79.220868508795533, 9.247333867254808 ], [ 79.220857418195038, 9.247335565171621 ], [ 79.220846326696218, 9.247337263088449 ], [ 79.220835235197413, 9.247338961005264 ], [ 79.220824144596918, 9.247340658922052 ], [ 79.220813053996423, 9.247342356838855 ], [ 79.220801963395928, 9.247344055642255 ], [ 79.220790871897094, 9.247345752672382 ], [ 79.220779780398303, 9.247347450589146 ], [ 79.220768688899469, 9.247349149392534 ], [ 79.220757598298974, 9.247350847309285 ], [ 79.220746506800168, 9.247352545226036 ], [ 79.220735415301348, 9.247354243142775 ], [ 79.220724324700853, 9.247355941059499 ], [ 79.220713234100359, 9.24735763986285 ], [ 79.220702142601553, 9.247359336892901 ], [ 79.220694357801278, 9.247362199855305 ], [ 79.220686573899357, 9.247365062817709 ], [ 79.220678788200772, 9.247367924893412 ], [ 79.220671004298822, 9.247370787855765 ], [ 79.220663218600279, 9.247373650818053 ], [ 79.220655434698344, 9.247376512893732 ], [ 79.220647649898083, 9.247379375855971 ], [ 79.220639865097851, 9.247382238818222 ], [ 79.220632081195902, 9.247385101780447 ], [ 79.220624296395656, 9.24738796385601 ], [ 79.220616511595395, 9.247390826818185 ], [ 79.220608726795163, 9.247393689780347 ], [ 79.220600941994874, 9.247396551855822 ], [ 79.220593157194628, 9.247399414817933 ], [ 79.220585372394382, 9.247402277779994 ], [ 79.220577587594136, 9.247405140742053 ], [ 79.220569802793889, 9.247408002817439 ], [ 79.220562017993643, 9.247410865779475 ], [ 79.220554234091694, 9.247413728741458 ], [ 79.220546449291447, 9.24741659081678 ], [ 79.220538665389498, 9.247419453778726 ], [ 79.220530879690955, 9.247422316740622 ], [ 79.220523095789005, 9.247425178815904 ], [ 79.220515310988759, 9.247428041777749 ], [ 79.220507526188513, 9.247430904739605 ], [ 79.220499741388238, 9.247433767701438 ], [ 79.220491956587992, 9.247436629776592 ], [ 79.220484171787731, 9.247439492738387 ], [ 79.220476386987499, 9.247442355700116 ], [ 79.220468602187239, 9.247445217775221 ], [ 79.220460818285289, 9.247448080736913 ], [ 79.220453032586718, 9.247450943698604 ], [ 79.220445248684811, 9.247453806660282 ], [ 79.220437463884551, 9.247456668735261 ], [ 79.220429679084276, 9.247459531696888 ], [ 79.220421895182355, 9.247462394658491 ], [ 79.220414110382123, 9.247465256733419 ], [ 79.220406324683537, 9.24746811969497 ], [ 79.220398539883291, 9.247470982656457 ], [ 79.220390755981342, 9.247473845617959 ], [ 79.220382971181095, 9.247476707692796 ], [ 79.220375186380849, 9.247479570654246 ], [ 79.220367401580603, 9.247482433615696 ], [ 79.220359616780328, 9.247485295690458 ], [ 79.220351832878407, 9.247488158651844 ], [ 79.220344048078161, 9.247491021613179 ], [ 79.220336263277886, 9.247493884574514 ], [ 79.220328479375965, 9.247496746649187 ], [ 79.220320694575719, 9.247499609610484 ], [ 79.22031290977543, 9.247502472571755 ], [ 79.220305124076887, 9.247505334646352 ], [ 79.220297340174938, 9.247508197607585 ], [ 79.220289555374691, 9.247511060568755 ], [ 79.220281770574459, 9.247513924416587 ], [ 79.220273985774199, 9.247516785604432 ], [ 79.220266200973924, 9.247519648565577 ], [ 79.220258417072003, 9.247522512413308 ], [ 79.220250632271771, 9.247525373601114 ], [ 79.220242846573186, 9.247528236562182 ], [ 79.220235062671236, 9.24753110040985 ], [ 79.22022727787099, 9.247533963370866 ], [ 79.220219493969068, 9.247536824558571 ], [ 79.220211709168794, 9.247539688406162 ], [ 79.220203922571912, 9.247542551367129 ], [ 79.220196138669962, 9.247545413441394 ], [ 79.220188353869716, 9.247548276402259 ], [ 79.220180569967809, 9.247551139363136 ], [ 79.220172785167549, 9.247554001437338 ], [ 79.220165000367274, 9.247556864398165 ], [ 79.220157215567028, 9.247559725585704 ], [ 79.220149430766796, 9.247562589433103 ], [ 79.220141646864846, 9.247565452393866 ], [ 79.220133862064586, 9.247568313581329 ], [ 79.220126077264339, 9.247571177428666 ], [ 79.22011829336239, 9.247574040389352 ], [ 79.220110508562158, 9.247576901576714 ], [ 79.220102722863615, 9.247579765423986 ], [ 79.220094938063326, 9.247582628384595 ], [ 79.22008715326308, 9.247585489571932 ], [ 79.220079369361159, 9.247588353419129 ], [ 79.220071584560884, 9.247591216379675 ], [ 79.220063799760638, 9.247594079340196 ], [ 79.220056014960392, 9.247596941414054 ], [ 79.220048230160145, 9.247599804374538 ], [ 79.220040446258196, 9.247602667334956 ], [ 79.220032660559653, 9.247605530295401 ], [ 79.220024876657703, 9.247608392369157 ], [ 79.220017091857457, 9.247611255329552 ], [ 79.220009307057197, 9.247614118289908 ], [ 79.220001523155247, 9.247616980363601 ], [ 79.219993736558379, 9.247619843323918 ], [ 79.219985952656444, 9.247622706284185 ], [ 79.219978167856183, 9.247625569244452 ], [ 79.219970383055951, 9.247628431318043 ], [ 79.219962599153988, 9.247631294278271 ], [ 79.219954814353741, 9.247634157238474 ], [ 79.219947029553495, 9.247637019312002 ], [ 79.219939244753263, 9.247639882272153 ], [ 79.219931459952974, 9.247642745232293 ], [ 79.219923676051053, 9.247645608192368 ], [ 79.219915891250807, 9.247648470265794 ], [ 79.219908105552221, 9.247651333225857 ], [ 79.219900321650286, 9.247654196185895 ], [ 79.21989253685004, 9.24765705914592 ], [ 79.219884752948118, 9.247659921219258 ], [ 79.219876967249533, 9.247662784179232 ], [ 79.219869183347598, 9.247665646252518 ], [ 79.219861397649012, 9.24766850921244 ], [ 79.21985361284878, 9.247671371285689 ], [ 79.219845828946859, 9.24767423424556 ], [ 79.219838044146613, 9.247677097205381 ], [ 79.219830259346324, 9.247679959278553 ], [ 79.219822475444417, 9.247682822238362 ], [ 79.219814689745832, 9.247685685198144 ], [ 79.219806905843882, 9.247688548157916 ], [ 79.21979912104365, 9.247691410230985 ], [ 79.219791336243389, 9.247694273190705 ], [ 79.219783552341454, 9.247697136150361 ], [ 79.219775766642911, 9.247699999110029 ], [ 79.219767982740962, 9.247702861183022 ], [ 79.219760197042376, 9.247705724142641 ], [ 79.21975241224213, 9.247708587102233 ], [ 79.219744628340223, 9.247711449175149 ], [ 79.219736842641638, 9.247714312134704 ], [ 79.219729058739688, 9.247717175094195 ], [ 79.219721273939442, 9.247720038053698 ], [ 79.219713489139195, 9.247722900126526 ], [ 79.219705705237232, 9.24772576308599 ], [ 79.21969845313798, 9.247727460114273 ], [ 79.219691201038671, 9.247729157142581 ], [ 79.219683949837702, 9.247730854170838 ], [ 79.219676697738407, 9.247732551199094 ], [ 79.219669445639141, 9.247734248227376 ], [ 79.219662194438172, 9.24773594525562 ], [ 79.219654942338863, 9.247737642283852 ], [ 79.219647691137894, 9.247739339312069 ], [ 79.219640439038585, 9.247741036340313 ], [ 79.219633186939319, 9.247742733368533 ], [ 79.21962593573835, 9.247744430396725 ], [ 79.219618685435677, 9.247746127424918 ], [ 79.219611432438086, 9.247747823566476 ], [ 79.219604180338777, 9.247749522367966 ], [ 79.219596929137808, 9.247751219396134 ], [ 79.219589677038499, 9.24775291642429 ], [ 79.219582424939233, 9.247754612565821 ], [ 79.219575172839939, 9.247756309593964 ], [ 79.219567921638969, 9.247758006622092 ], [ 79.219560670438, 9.24775970365026 ], [ 79.219553418338691, 9.247761400678376 ], [ 79.219546166239425, 9.247763096819856 ], [ 79.219538915038456, 9.247764794734611 ], [ 79.219531662939161, 9.247766491762714 ], [ 79.219524410839853, 9.247768188790793 ], [ 79.219517159638883, 9.247769885818872 ], [ 79.219509908437914, 9.247771582846976 ], [ 79.219502656338648, 9.247773279875029 ], [ 79.219495404239353, 9.247774976903083 ], [ 79.219488152140045, 9.247776673931162 ], [ 79.219480900939075, 9.247778370959201 ], [ 79.219473648839809, 9.247780068873878 ], [ 79.219462415407179, 9.247780493574197 ], [ 79.219451181974534, 9.24778092093444 ], [ 79.219439947643593, 9.247781347408033 ], [ 79.219428714210963, 9.247781773881664 ], [ 79.219417480778318, 9.247782201241906 ], [ 79.219406247345717, 9.247782627715486 ], [ 79.219395013014761, 9.247783054189117 ], [ 79.219383779582159, 9.247783479776086 ], [ 79.21937254704784, 9.247783906249666 ], [ 79.219361311818574, 9.247784332723258 ], [ 79.219350079284283, 9.247784760083501 ], [ 79.219338845851638, 9.247785186557119 ], [ 79.219327612419008, 9.247785613030699 ], [ 79.219316378088067, 9.247786040390942 ], [ 79.219305144655422, 9.247786465091286 ], [ 79.219293910324495, 9.247786891564878 ], [ 79.219282676891865, 9.247787318038458 ], [ 79.219271442560924, 9.2477877453987 ], [ 79.219260209128279, 9.247788171872307 ], [ 79.219248975695649, 9.247788598345899 ], [ 79.219237742263047, 9.247789024819504 ], [ 79.219226507932078, 9.247789451293096 ], [ 79.219215275397772, 9.247789876880052 ], [ 79.219204041066845, 9.247790304240283 ], [ 79.219192807634201, 9.247790730713863 ], [ 79.219181574201571, 9.247791157187468 ], [ 79.219170340768969, 9.247791583661048 ], [ 79.219159107336324, 9.247792010134667 ], [ 79.219147873005383, 9.247792436608247 ], [ 79.219136639572753, 9.247792863081852 ], [ 79.219125406140108, 9.247793290442093 ], [ 79.219114171809181, 9.247793716029012 ], [ 79.21910229787774, 9.247792800130442 ], [ 79.219090423946341, 9.247791885118499 ], [ 79.21907855091321, 9.247790969219892 ], [ 79.219066676981811, 9.247790054207949 ], [ 79.219054803050369, 9.247789138309367 ], [ 79.219042929118942, 9.247788223297384 ], [ 79.2190310551875, 9.24778730739879 ], [ 79.219019181256101, 9.247786393273458 ], [ 79.219007307324674, 9.247785477374876 ], [ 79.218995433393232, 9.247784562362906 ], [ 79.218983558563508, 9.247783645577663 ], [ 79.218971686428688, 9.247782730565667 ], [ 79.218959811598964, 9.247781816440348 ], [ 79.218947936769226, 9.247780899655092 ], [ 79.218936062837798, 9.247779983756459 ], [ 79.218924188906357, 9.247779068744489 ], [ 79.218912314974929, 9.247778152845884 ], [ 79.21890044104353, 9.247777237833901 ], [ 79.218888567112103, 9.247776321935255 ], [ 79.218876693180661, 9.247775406923273 ], [ 79.218864820147559, 9.247774491024629 ], [ 79.218852946216117, 9.24777357512601 ], [ 79.218841073183029, 9.247772660114002 ], [ 79.218829199251587, 9.247771744215356 ], [ 79.218817325320188, 9.247770829203361 ], [ 79.218805451388747, 9.24776991330469 ], [ 79.218793576559023, 9.247768998292695 ], [ 79.218781702627595, 9.247768082394064 ], [ 79.218769828696153, 9.247767167382056 ], [ 79.218757954764726, 9.247766250596737 ], [ 79.218746080833327, 9.247765337358002 ], [ 79.218734206901885, 9.247764420572707 ], [ 79.218722332970458, 9.247763505560673 ], [ 79.218710459039016, 9.247762589662029 ], [ 79.218698585107617, 9.247761674650009 ], [ 79.218686711176176, 9.247760758751326 ], [ 79.218674837244748, 9.247759843739292 ], [ 79.218662963313321, 9.247758927840609 ], [ 79.218651089381908, 9.247758011941965 ], [ 79.218639214552141, 9.247757096929918 ], [ 79.218627342417363, 9.247756181031235 ], [ 79.218615467587611, 9.247755266019189 ], [ 79.218603594554494, 9.247754350120493 ], [ 79.21859172062311, 9.247753435108434 ], [ 79.218579846691668, 9.247752519209778 ], [ 79.218567972760241, 9.247751604197719 ], [ 79.218556098828799, 9.247750688299011 ], [ 79.2185442248974, 9.247749773286952 ], [ 79.218532350965972, 9.247748858274905 ], [ 79.218520477034531, 9.247747942376185 ], [ 79.218508603103103, 9.247747027364126 ], [ 79.218496729171704, 9.247746110578779 ], [ 79.218484855240263, 9.247745195566708 ], [ 79.218472981308835, 9.247744279667987 ], [ 79.218461107377394, 9.247743364655916 ], [ 79.218449233446009, 9.24774244875722 ], [ 79.218437360412864, 9.247741533745149 ], [ 79.21842548558314, 9.247740617846414 ], [ 79.218413611651698, 9.247739701947706 ], [ 79.218401737720285, 9.247738786935583 ], [ 79.218389863788857, 9.247737871036875 ], [ 79.218377990755755, 9.247736956911416 ], [ 79.218366116824328, 9.247736041012708 ], [ 79.218354242892886, 9.247735125113948 ], [ 79.218346989895281, 9.247734138284061 ], [ 79.21833973689769, 9.2477331505675 ], [ 79.218332484798395, 9.247732162850937 ], [ 79.21832523180079, 9.247731176907674 ], [ 79.218317980599821, 9.247730189191113 ], [ 79.21831072760223, 9.247729202361201 ], [ 79.21830347640126, 9.247728214644626 ], [ 79.218296223403655, 9.247727226928051 ], [ 79.218288970406022, 9.247726240098139 ], [ 79.218281718306756, 9.247725253268175 ], [ 79.218274466207447, 9.247724266438251 ], [ 79.218267213209856, 9.247723277835039 ], [ 79.218259960212265, 9.247722291891726 ], [ 79.218252708112956, 9.247721304175139 ], [ 79.218245456013676, 9.247720317345202 ], [ 79.218238203016057, 9.247719329628614 ], [ 79.218230950916791, 9.247718342798663 ], [ 79.2182236979192, 9.247717355082063 ], [ 79.218216445819891, 9.247716368252114 ], [ 79.218209193720583, 9.247715381422163 ], [ 79.218201941621317, 9.24771439370555 ], [ 79.218194688623726, 9.247713405988938 ], [ 79.218187435626092, 9.247712419158974 ], [ 79.218180184425123, 9.247711432329011 ], [ 79.218172932325857, 9.247710443725737 ], [ 79.218165679328223, 9.247709457782422 ], [ 79.218158426330618, 9.247708470065797 ], [ 79.218151174231352, 9.247707483235821 ], [ 79.218143921233718, 9.247706496405808 ], [ 79.218136669134466, 9.247705508689181 ], [ 79.218129417035158, 9.247704520972581 ], [ 79.218122164037553, 9.247703534142556 ], [ 79.218114911938258, 9.247702546425943 ], [ 79.218107658940653, 9.247701559595916 ], [ 79.218100407739698, 9.247700572765927 ], [ 79.218093154742093, 9.247699585049276 ], [ 79.218085901744487, 9.247698598219275 ], [ 79.218078649645193, 9.247697611389274 ], [ 79.218071396647602, 9.24769662367261 ], [ 79.218064145446618, 9.247695635955946 ], [ 79.218056893347324, 9.247694649125933 ], [ 79.218049640349733, 9.247693661409269 ], [ 79.218042387352128, 9.247692674579255 ], [ 79.218035135252819, 9.247691686862579 ], [ 79.218027883153553, 9.247690700032564 ], [ 79.21802063015592, 9.247689712315875 ], [ 79.218013378056654, 9.247688726372473 ], [ 79.218006125059048, 9.247687738655822 ], [ 79.217998872959768, 9.247686750939133 ], [ 79.217991619962149, 9.247685763222444 ], [ 79.217984367862854, 9.247684777279028 ], [ 79.217977115763588, 9.247683789562339 ], [ 79.217969862765955, 9.247682801845675 ], [ 79.217962610666689, 9.247681815015586 ], [ 79.217955357669098, 9.247680828185546 ], [ 79.217948105569789, 9.247679841355493 ], [ 79.21794085436882, 9.247678852752156 ], [ 79.217933601371229, 9.247677865922064 ], [ 79.217926348373624, 9.247676879091999 ], [ 79.217919096274315, 9.247675892261947 ], [ 79.217911844175021, 9.247674905431882 ], [ 79.21790459117743, 9.247673916828493 ], [ 79.217897339078164, 9.247672929998428 ], [ 79.21789008608053, 9.247671943168351 ], [ 79.217882833981264, 9.247670954564974 ], [ 79.217875581881955, 9.247669967734884 ], [ 79.21786832888435, 9.247668980904805 ], [ 79.217861076785056, 9.247667994074716 ], [ 79.217853823787451, 9.247667006357975 ], [ 79.217846571688156, 9.247666018641235 ], [ 79.21783931958889, 9.247665032697757 ], [ 79.217832066591299, 9.247664044981004 ], [ 79.217824815390316, 9.247663058150914 ], [ 79.217817562392696, 9.247662070434147 ], [ 79.217810309395091, 9.247661083604045 ], [ 79.217803058194121, 9.24766009588728 ], [ 79.217795805196516, 9.247659109057176 ], [ 79.217788552198925, 9.247658121340411 ], [ 79.217781300099617, 9.247657135396945 ], [ 79.217774047102026, 9.247656146793517 ], [ 79.217766795901056, 9.247655159963402 ], [ 79.217759542903465, 9.247654172246623 ], [ 79.21775228990586, 9.247653186303145 ], [ 79.217745037806566, 9.247652198586367 ], [ 79.217737784808961, 9.247651210869575 ], [ 79.217730532709652, 9.247650223152785 ], [ 79.217723280610386, 9.247649237209268 ], [ 79.217716029409388, 9.247648248605852 ], [ 79.217708776411783, 9.247647261775711 ], [ 79.217701523414192, 9.247646274058908 ], [ 79.217694270416601, 9.247645288115379 ], [ 79.217687019215617, 9.247644300398612 ], [ 79.217679766218012, 9.247643312681797 ], [ 79.217672513220379, 9.24764232496498 ], [ 79.217665261121127, 9.247641339021451 ], [ 79.217658008123522, 9.247640351304621 ], [ 79.217650756922552, 9.247639363587844 ], [ 79.217643503924918, 9.247638376757639 ], [ 79.217636250927328, 9.247637389927473 ], [ 79.217628998828062, 9.247636402210643 ], [ 79.217621745830428, 9.247635415380463 ], [ 79.217614494629458, 9.247634427663622 ], [ 79.217607241631853, 9.247633440833443 ], [ 79.217599990430884, 9.247632453116601 ], [ 79.217592737433279, 9.247631466286409 ], [ 79.217585484435688, 9.247630478569567 ], [ 79.217578232336393, 9.247629491739374 ], [ 79.217570980237127, 9.247628504909182 ], [ 79.217563727239494, 9.247627517192328 ], [ 79.217556475140228, 9.247626530362137 ], [ 79.217549222142623, 9.247625542645268 ], [ 79.217541970043314, 9.247624555815063 ], [ 79.217534717944034, 9.247623568098197 ], [ 79.217527464946428, 9.247622581267954 ], [ 79.21752021284712, 9.247621594437737 ], [ 79.217512959849529, 9.247620606720869 ], [ 79.217505706851938, 9.247619619004015 ], [ 79.217498455650954, 9.247618632173772 ], [ 79.217491202653349, 9.247617645343528 ], [ 79.217483950554055, 9.247616657626649 ], [ 79.217476697556449, 9.247615669909795 ], [ 79.217469444558859, 9.247614683079526 ], [ 79.217462193357889, 9.247613696249296 ], [ 79.21745494125858, 9.247612709419052 ], [ 79.217447688260989, 9.247611720815497 ], [ 79.217440436161695, 9.247610733985255 ], [ 79.21743318316409, 9.247609747155012 ], [ 79.217425931064824, 9.247608760324756 ], [ 79.217418572066009, 9.247607313328338 ], [ 79.21741121306718, 9.247605867218569 ], [ 79.217403853170055, 9.247604420222176 ], [ 79.217396494171268, 9.247602974112395 ], [ 79.217389135172439, 9.247601528002612 ], [ 79.217381776173653, 9.247600081892818 ], [ 79.217374416276542, 9.2475986348964 ], [ 79.217367057277727, 9.247597188786605 ], [ 79.217359699177223, 9.247595742676799 ], [ 79.217352339280112, 9.247594296566978 ], [ 79.217344980281283, 9.247592849570536 ], [ 79.217337620384157, 9.247591402574054 ], [ 79.217330262283681, 9.24758995735087 ], [ 79.217322902386556, 9.247588511241037 ], [ 79.21731554338777, 9.247587064244568 ], [ 79.217308182592305, 9.247585617248061 ], [ 79.217300825390112, 9.247584171138241 ], [ 79.217293464594704, 9.247582725028384 ], [ 79.217286105595875, 9.247581278918513 ], [ 79.217278746597088, 9.247579832808643 ], [ 79.217271387598259, 9.247578385812135 ], [ 79.217264028599473, 9.247576939702252 ], [ 79.217256669600658, 9.247575493592356 ], [ 79.217249310601872, 9.24757404659581 ], [ 79.217241950704718, 9.247572599599277 ], [ 79.217234591705932, 9.247571154376031 ], [ 79.217227232707103, 9.247569708266109 ], [ 79.217219873708316, 9.247568262156188 ], [ 79.217212514709502, 9.247566815159605 ], [ 79.217205154812376, 9.247565368163047 ], [ 79.21719779581359, 9.247563922053125 ], [ 79.217190436814761, 9.247562475943164 ], [ 79.217183077815932, 9.247561029833218 ], [ 79.217175717918821, 9.247559583723296 ], [ 79.217168358920034, 9.247558136726674 ], [ 79.217160999921219, 9.247556690616715 ], [ 79.217153640922419, 9.247555245393393 ], [ 79.217146281025293, 9.247553798396757 ], [ 79.217138922026479, 9.247552351400149 ], [ 79.217131563925989, 9.247550905290151 ], [ 79.217124204028863, 9.247549459180153 ], [ 79.217116845030048, 9.247548012183518 ], [ 79.217109485132923, 9.24754656607352 ], [ 79.217102127032433, 9.247545119076886 ], [ 79.217094767135322, 9.247543672966849 ], [ 79.217087408136521, 9.247542226856826 ], [ 79.217080048239367, 9.247540780746791 ], [ 79.217072690138892, 9.247539334636754 ], [ 79.217065330241752, 9.247537887640082 ], [ 79.217057971242966, 9.247536442416656 ], [ 79.217050612244151, 9.247534995419972 ], [ 79.217043253245365, 9.24753354930991 ], [ 79.217035894246536, 9.247532102313224 ], [ 79.217028534349424, 9.24753065620315 ], [ 79.217021175350595, 9.247529209206402 ], [ 79.217013816351809, 9.247527763096315 ], [ 79.217006457352994, 9.247526316986253 ], [ 79.216999096557572, 9.247524869989503 ], [ 79.216991739355379, 9.247523423879404 ], [ 79.216984378559957, 9.24752197776928 ], [ 79.216977019561142, 9.247520531659205 ], [ 79.216969660562341, 9.247519086435704 ], [ 79.216962301563527, 9.247517639438955 ], [ 79.216954942564712, 9.247516192442156 ], [ 79.216947583565911, 9.247514746332055 ], [ 79.216940224567097, 9.247513300221906 ], [ 79.216932864669971, 9.247511853225092 ], [ 79.216925505671185, 9.247510406228317 ], [ 79.216918145774059, 9.247508960118141 ], [ 79.216910787673569, 9.247507514007978 ], [ 79.216903427776415, 9.247506067897802 ], [ 79.216896068777629, 9.247504621787614 ], [ 79.216888709778814, 9.247503174790801 ], [ 79.216881350780014, 9.247501728680612 ], [ 79.216873991781199, 9.24750028257041 ], [ 79.216866631884074, 9.247498835573586 ], [ 79.216859272885287, 9.247497390349995 ], [ 79.216851913886458, 9.247495943353144 ], [ 79.216844554887643, 9.247494496356294 ], [ 79.216837194990532, 9.247493050246067 ], [ 79.216829835991732, 9.24749160413584 ], [ 79.216822476992917, 9.247490157138939 ], [ 79.216815117994116, 9.247488711028724 ], [ 79.216807758995301, 9.247487264918473 ], [ 79.216800399098176, 9.247485818808206 ], [ 79.216793040997686, 9.247484371811293 ], [ 79.216785681100575, 9.24748292481439 ], [ 79.216778322101746, 9.247481478704113 ], [ 79.21677096310296, 9.247480032593835 ], [ 79.216763604104131, 9.247478587370194 ], [ 79.216756244207019, 9.247477140373242 ], [ 79.216748885208219, 9.247475693376314 ], [ 79.216741526209404, 9.247474247266011 ], [ 79.216734167210589, 9.247472801155695 ], [ 79.216726808211789, 9.247471355045379 ], [ 79.216719448314677, 9.24746990893509 ], [ 79.216712090214173, 9.247468461051486 ], [ 79.216704730317062, 9.247467014941133 ], [ 79.216697371318247, 9.247465568830792 ], [ 79.216690011421122, 9.24746412272045 ], [ 79.216682653320632, 9.247462676610096 ], [ 79.216675293423506, 9.247461229613105 ], [ 79.216667934424692, 9.247459784389363 ], [ 79.216660575425891, 9.247458337392372 ], [ 79.216653216427076, 9.247456891281992 ], [ 79.21664585742829, 9.2474554451716 ], [ 79.216638498429461, 9.247453998174583 ], [ 79.216631139430675, 9.247452551177542 ], [ 79.216623778635224, 9.247451105067137 ], [ 79.216616419636409, 9.247449658956757 ], [ 79.216609060637609, 9.247448212846352 ], [ 79.216601701638794, 9.247446766735923 ], [ 79.216594341741668, 9.247445319738842 ], [ 79.216586982742882, 9.24744387362845 ], [ 79.216579623744067, 9.247442428404632 ], [ 79.216572264745281, 9.247440981407564 ], [ 79.216564904848127, 9.247439535297108 ], [ 79.216557545849327, 9.247438088300029 ], [ 79.216550187748837, 9.24743664130291 ], [ 79.216542827851711, 9.247435195192441 ], [ 79.216535468852896, 9.247433749081974 ], [ 79.216528108955771, 9.247432302971491 ], [ 79.216520750855281, 9.247430855974386 ], [ 79.21651339095817, 9.247429409863893 ], [ 79.216506031959341, 9.247427962866762 ], [ 79.21649867206223, 9.247426516756269 ], [ 79.21649131396174, 9.247425070645761 ], [ 79.216483954064614, 9.247423623648618 ], [ 79.21647215110012, 9.247420094819738 ], [ 79.216460348135584, 9.247416565990859 ], [ 79.216448544272765, 9.247413037161904 ], [ 79.216436741308229, 9.247409506559674 ], [ 79.21642493744541, 9.247405978617303 ], [ 79.216413133582563, 9.247402448901635 ], [ 79.216401329719744, 9.247398920072538 ], [ 79.216389526755208, 9.24739539124343 ], [ 79.216377722892389, 9.247391862414283 ], [ 79.216365919927853, 9.247388331811838 ], [ 79.216354116963331, 9.247384802982602 ], [ 79.216342313100498, 9.247381274153366 ], [ 79.216330510136004, 9.247377745324053 ], [ 79.216318706273142, 9.247374215608092 ], [ 79.216306903308649, 9.247370686778755 ], [ 79.216295099445816, 9.247367157062717 ], [ 79.216283295582954, 9.247363628233265 ], [ 79.216271491720136, 9.247360099403826 ], [ 79.216259688755642, 9.247356570574309 ], [ 79.216247885791105, 9.247353040858119 ], [ 79.216236081928272, 9.247349511141916 ], [ 79.21622427896375, 9.247345982312298 ], [ 79.216212475100917, 9.247342452596019 ], [ 79.216200672136381, 9.24733892376635 ], [ 79.216188868273562, 9.247335394936618 ], [ 79.216177065309068, 9.247331866106887 ], [ 79.216165261446207, 9.247328336390467 ], [ 79.216153457583388, 9.24732480756062 ], [ 79.21614165461888, 9.247321277844124 ], [ 79.216129851654344, 9.247317749014252 ], [ 79.216118047791525, 9.247314220184316 ], [ 79.216106243928706, 9.247310691354368 ], [ 79.216100094062242, 9.247308395841582 ], [ 79.216093943297508, 9.247306102102083 ], [ 79.216087791634422, 9.247303808362545 ], [ 79.216081641767985, 9.247301513736371 ], [ 79.216075491003224, 9.247299218223548 ], [ 79.216069340238505, 9.247296923597334 ], [ 79.216063188575419, 9.247294629857747 ], [ 79.216057038708982, 9.247292336118157 ], [ 79.216050887944263, 9.24729004237853 ], [ 79.216044737179502, 9.247287746865643 ], [ 79.21603858641474, 9.247285453125979 ], [ 79.216032435649979, 9.24728315938634 ], [ 79.21602628488526, 9.247280864760013 ], [ 79.216020134120498, 9.247278570133698 ], [ 79.216013984254062, 9.247276276394008 ], [ 79.216007832590975, 9.247273980880992 ], [ 79.216001681826256, 9.247271687141239 ], [ 79.215995531061495, 9.24726939340151 ], [ 79.215989381195058, 9.247267098775108 ], [ 79.215983230430297, 9.24726480414869 ], [ 79.215977078767239, 9.247262510408913 ], [ 79.215970928900816, 9.247260215782457 ], [ 79.215964778136055, 9.247257921155965 ], [ 79.215958628269632, 9.247255627416147 ], [ 79.215952476606574, 9.247253331902993 ], [ 79.215946325841799, 9.247251038163149 ], [ 79.215940175077051, 9.247248744423281 ], [ 79.215934025210629, 9.247246449796737 ], [ 79.215927874445867, 9.247244155170183 ], [ 79.215921722782809, 9.247241861430238 ], [ 79.215915572916387, 9.247239566803655 ], [ 79.215909422151611, 9.247237272177061 ], [ 79.215903271386864, 9.247234978437104 ], [ 79.215897120622131, 9.247232682923823 ], [ 79.215890969857369, 9.247230389183839 ], [ 79.215884819092622, 9.247228094557181 ], [ 79.215878668327846, 9.247225800817121 ], [ 79.215872517563128, 9.2472235070771 ], [ 79.215866366798366, 9.247221211563742 ], [ 79.215860216931929, 9.247218917823684 ], [ 79.215854065268871, 9.24721662319695 ], [ 79.215847915402406, 9.247214328570202 ], [ 79.215841764637688, 9.247212034830055 ], [ 79.215835612974601, 9.247209740203282 ], [ 79.215829463108165, 9.247207445576496 ], [ 79.215823312343417, 9.247205151836349 ], [ 79.215817161578684, 9.247202858096149 ], [ 79.215811009915598, 9.247200562582677 ], [ 79.215804860049161, 9.247198268842451 ], [ 79.215798709284442, 9.24719597421559 ], [ 79.215792559417977, 9.247193679588703 ], [ 79.215786407754919, 9.247191385848467 ], [ 79.215780256990172, 9.247189092108178 ], [ 79.215774107123735, 9.247186796594629 ], [ 79.215767956358974, 9.247184502854315 ], [ 79.215761804695916, 9.247182209114014 ], [ 79.215755653931154, 9.247179913600377 ], [ 79.215749504064732, 9.24717761986005 ], [ 79.215743353299999, 9.247175325233048 ], [ 79.215737201636912, 9.247173030606021 ], [ 79.21573105177049, 9.247170736865618 ], [ 79.215724901005714, 9.247168443125229 ], [ 79.215718750240995, 9.247166149384801 ], [ 79.215712598577909, 9.247163853871099 ], [ 79.215706448711472, 9.247161559244008 ], [ 79.215700297946753, 9.247159266390179 ], [ 79.215694147181992, 9.2471569708764 ], [ 79.215687996417245, 9.247154677135923 ], [ 79.215681845652469, 9.247152381622119 ], [ 79.215675695786047, 9.2471500878816 ], [ 79.215669544122989, 9.247147794141046 ], [ 79.215663394256552, 9.247145500400503 ], [ 79.215657242593466, 9.247143205773286 ], [ 79.215651092727029, 9.247140910259418 ], [ 79.215644941063985, 9.247138617405449 ], [ 79.215638791197549, 9.247136321891569 ], [ 79.215632641331112, 9.247134028150924 ], [ 79.215626490566365, 9.247131734410292 ], [ 79.215620338903307, 9.247129438896337 ], [ 79.215614188138545, 9.247127145155678 ], [ 79.215608038272123, 9.247124851414972 ], [ 79.215601886609022, 9.247122555901003 ], [ 79.215595735844289, 9.247120262160269 ], [ 79.215589585977867, 9.247117966646261 ], [ 79.215583435213119, 9.247115672905503 ], [ 79.215577284448358, 9.247113379164757 ], [ 79.215571133683596, 9.247111085423947 ], [ 79.215564982918877, 9.247108790796513 ], [ 79.215558832154102, 9.247106495282441 ], [ 79.215552681389354, 9.247104202428256 ], [ 79.215546530624621, 9.247101906914121 ], [ 79.21554037985986, 9.247099613173287 ], [ 79.215534229993438, 9.247097319432401 ], [ 79.215528078330337, 9.247095023918254 ], [ 79.215521927565618, 9.247092730177329 ], [ 79.215515777699153, 9.24709043643643 ], [ 79.215509626036095, 9.247088140922207 ], [ 79.215503476169673, 9.247085847181282 ], [ 79.215497325404897, 9.247083553440307 ], [ 79.215491174640192, 9.247081257926059 ], [ 79.215485022977091, 9.247078964185057 ], [ 79.215478873110655, 9.247076669557421 ], [ 79.215472722345908, 9.247074375816407 ], [ 79.215466571581175, 9.247072080302082 ], [ 79.215460420816427, 9.247069786561044 ], [ 79.215454270051652, 9.247067491933342 ], [ 79.215448120185229, 9.247065198192253 ], [ 79.215441969420468, 9.247062903564499 ], [ 79.21543581775741, 9.24706060893676 ], [ 79.215429667890987, 9.247058315195646 ], [ 79.215423517126226, 9.247056020567868 ], [ 79.215417366361464, 9.247053725940079 ], [ 79.215411215596745, 9.247051432198887 ], [ 79.21540506483197, 9.247049136684447 ], [ 79.215398914067222, 9.247046842943231 ], [ 79.215392763302489, 9.247044549202039 ], [ 79.215386613436024, 9.24704225457416 ], [ 79.21538046177298, 9.247039960832904 ], [ 79.215374311906544, 9.247037666204999 ], [ 79.215368160243486, 9.247035371577095 ], [ 79.215362010377035, 9.247033076949153 ], [ 79.215355859612302, 9.247030783207872 ], [ 79.215349707949215, 9.247028488579916 ], [ 79.215343558082779, 9.247026194838559 ], [ 79.21533740731806, 9.247023900210579 ], [ 79.215331256553299, 9.247021605582571 ], [ 79.215325105788537, 9.247019310954553 ], [ 79.215318955023776, 9.247017017213171 ], [ 79.215309605358314, 9.247014511564457 ], [ 79.215300254794528, 9.247012005915732 ], [ 79.215290904230741, 9.247009500266968 ], [ 79.215281553666927, 9.247006994618204 ], [ 79.215272204001465, 9.247004488969413 ], [ 79.215262854335975, 9.247001984207261 ], [ 79.21525350287385, 9.246999478558433 ], [ 79.215244153208403, 9.246996972909592 ], [ 79.215234802644616, 9.246994467260766 ], [ 79.215225452979126, 9.246991961611899 ], [ 79.21521610241534, 9.246989455962995 ], [ 79.215206751851539, 9.24698695031408 ], [ 79.215197402186064, 9.246984446438436 ], [ 79.215188053418885, 9.246981939902856 ], [ 79.215178701058491, 9.246979434253889 ], [ 79.215169351392987, 9.246976928604909 ], [ 79.215160000829201, 9.246974422955903 ], [ 79.215150651163754, 9.246971917306885 ], [ 79.215141300599925, 9.24696941165784 ], [ 79.215131950036138, 9.246966906895446 ], [ 79.215122600370677, 9.246964401246377 ], [ 79.215113249806862, 9.246961895597282 ], [ 79.215103900141415, 9.2469593899482 ], [ 79.215094549577614, 9.246956884299079 ], [ 79.215085199013828, 9.246954378649933 ], [ 79.215075849348338, 9.246951873000762 ], [ 79.215066499682848, 9.246949368238241 ], [ 79.215057148220765, 9.246946862589045 ], [ 79.215047798555275, 9.246944356939823 ], [ 79.215038447991489, 9.246941851290588 ], [ 79.215029098325999, 9.246939345641341 ], [ 79.215019747762213, 9.246936839992067 ], [ 79.215010397198427, 9.246934335229444 ], [ 79.215001048431262, 9.246931829580133 ], [ 79.214991697867475, 9.246929323930809 ], [ 79.214982347303689, 9.246926818281473 ], [ 79.214972996739874, 9.24692431263211 ], [ 79.214963647074413, 9.246921806982774 ], [ 79.214954297408923, 9.246919301333374 ], [ 79.21494494594684, 9.246916796570584 ], [ 79.21493559628135, 9.246914290921184 ], [ 79.214926245717564, 9.246911785271733 ], [ 79.21491689605206, 9.246909279622271 ], [ 79.214907544589991, 9.24690677397278 ], [ 79.214898194924487, 9.246904268323279 ], [ 79.214888845259011, 9.246901762673764 ], [ 79.214879494695225, 9.246899257910886 ], [ 79.214870144131424, 9.246896752261321 ], [ 79.214860793567638, 9.246894246611756 ], [ 79.214851443902148, 9.246891740962152 ], [ 79.214842094236701, 9.246889235312548 ], [ 79.214832742774576, 9.246886729662958 ], [ 79.214823393109086, 9.246884224899938 ], [ 79.214814043443624, 9.246881719250272 ], [ 79.214804692879838, 9.246879212713967 ], [ 79.214795342316023, 9.246876707064274 ], [ 79.214785991752237, 9.246874202301207 ], [ 79.214776642086775, 9.246871695764813 ], [ 79.214767292421286, 9.24686919100172 ], [ 79.21475794095916, 9.246866686238612 ], [ 79.214748591293699, 9.246864179702168 ], [ 79.214739241628223, 9.24686167405236 ], [ 79.214729891064437, 9.246859169289204 ], [ 79.214720541398947, 9.246856662752734 ], [ 79.21471119083516, 9.246854157102876 ], [ 79.214701840271374, 9.246851652339654 ], [ 79.214692490605913, 9.246849146689758 ], [ 79.214683140042084, 9.246846641039848 ], [ 79.214673790376622, 9.246844135389926 ], [ 79.214664439812836, 9.246841629739967 ], [ 79.21465509014736, 9.246839124090007 ], [ 79.214645738685235, 9.246836619326684 ], [ 79.214636389019788, 9.246834113676673 ], [ 79.214627039354298, 9.246831608026662 ], [ 79.214617687892172, 9.246829102376614 ], [ 79.214608338226725, 9.246826596726564 ], [ 79.214598987662939, 9.246824091076528 ], [ 79.214589637997435, 9.246821586313052 ], [ 79.214580287433648, 9.24681908066294 ], [ 79.214570936869862, 9.246816575012852 ], [ 79.214561587204372, 9.246814069362713 ], [ 79.214552236640586, 9.246811563712551 ], [ 79.214542886076799, 9.246809058062361 ], [ 79.214533536411309, 9.246806553298823 ], [ 79.214524185847509, 9.246804046761959 ], [ 79.214514836182033, 9.246801541111719 ], [ 79.214505485618247, 9.246799036348129 ], [ 79.214496135054461, 9.246796529811238 ], [ 79.214486785388999, 9.246794024160948 ], [ 79.214477435723509, 9.246791520283919 ], [ 79.214468084261398, 9.246789013746978 ], [ 79.214458734595937, 9.246786508096637 ], [ 79.21444938403215, 9.24678400155962 ], [ 79.214440034366646, 9.246781496795903 ], [ 79.21443068380286, 9.24677899114551 ], [ 79.214421334137384, 9.246776486381755 ], [ 79.214411983573598, 9.246773980731323 ], [ 79.214402633908108, 9.24677147508088 ], [ 79.214393283344322, 9.246768969430411 ], [ 79.214383932780535, 9.246766463779929 ], [ 79.214374583115031, 9.246763959016086 ], [ 79.214365231652948, 9.246761453365565 ], [ 79.214355881987458, 9.246758947715021 ], [ 79.214346532321997, 9.246756442064475 ], [ 79.214337181758182, 9.24675393641393 ], [ 79.214327831194396, 9.246751429876685 ], [ 79.214318482427245, 9.246748925112739 ], [ 79.214309130965148, 9.246746420348741 ], [ 79.214299781299673, 9.24674391381147 ], [ 79.214290430735872, 9.246741408160798 ], [ 79.214281080172086, 9.246738903396787 ], [ 79.214271731404921, 9.246736396859427 ], [ 79.214262379942809, 9.246733892095365 ], [ 79.21425303027732, 9.246731385558018 ], [ 79.214243679713533, 9.246728880793894 ], [ 79.214234330048072, 9.246726375143158 ], [ 79.214224980382596, 9.246723868605709 ], [ 79.214215628920456, 9.246721364728183 ], [ 79.214206279255009, 9.246718859077395 ], [ 79.214196928691194, 9.246716353426558 ], [ 79.214187578127394, 9.246713846889033 ], [ 79.214178227563607, 9.246711342124819 ], [ 79.21416887789816, 9.246708835587306 ], [ 79.21415952823267, 9.246706330823017 ], [ 79.214150176770559, 9.246703825172089 ], [ 79.214140827105098, 9.2467013204078 ], [ 79.214131477439594, 9.246698813870211 ], [ 79.214122126875807, 9.246696308219219 ], [ 79.214113238944392, 9.246694756595288 ], [ 79.214104351012992, 9.246693204971342 ], [ 79.214095463081534, 9.246691653347384 ], [ 79.21408657515012, 9.246690100836803 ], [ 79.21407768811703, 9.246688548326208 ], [ 79.214068800185586, 9.246686995815574 ], [ 79.214059912254157, 9.246685444191591 ], [ 79.214051024322757, 9.246683891680972 ], [ 79.214042137289638, 9.246682340056987 ], [ 79.214033249358224, 9.246680788433016 ], [ 79.214024361426794, 9.246679236809008 ], [ 79.214015472597055, 9.246677684298337 ], [ 79.21400658466564, 9.246676131787678 ], [ 79.213997696734225, 9.246674580163656 ], [ 79.213988808802824, 9.246673027652999 ], [ 79.213979920871395, 9.246671476028952 ], [ 79.21397103293998, 9.246669924404905 ], [ 79.213962145906862, 9.246668371007571 ], [ 79.213953257975447, 9.246666819383536 ], [ 79.213944370044032, 9.246665266872816 ], [ 79.213935482112589, 9.246663716135393 ], [ 79.213926595079499, 9.246662163624682 ], [ 79.213917707148084, 9.246660612000586 ], [ 79.21390881921667, 9.246659058603214 ], [ 79.213899931285226, 9.246657506979103 ], [ 79.213891043353797, 9.246655955354992 ], [ 79.213882156320722, 9.246654402844245 ], [ 79.213873268389264, 9.246652851220121 ], [ 79.213864379559553, 9.246651298709374 ], [ 79.213855491628138, 9.246649747085225 ], [ 79.213846603696695, 9.246648194574465 ], [ 79.213837715765266, 9.246646642950305 ], [ 79.213828827833865, 9.246645091326142 ], [ 79.213819939902436, 9.246643538815357 ], [ 79.213811052869332, 9.246641987191182 ], [ 79.213802165836242, 9.246640434680383 ], [ 79.213793277904784, 9.246638882169535 ], [ 79.213784389973384, 9.246637331431998 ], [ 79.213775502041955, 9.246635778921174 ], [ 79.21376661411054, 9.246634227296974 ], [ 79.213757726179139, 9.246632674786126 ], [ 79.21374883824771, 9.246631123161899 ], [ 79.213739950316267, 9.246629570651026 ], [ 79.213731062384852, 9.246628018140163 ], [ 79.213722175351762, 9.246626467402574 ], [ 79.213713287420347, 9.24662491400505 ], [ 79.213704398590608, 9.246623363267449 ], [ 79.213695511557489, 9.246621810756524 ], [ 79.21368662362606, 9.246620258245636 ], [ 79.21367773569466, 9.246618705734736 ], [ 79.21366884776323, 9.246617154110462 ], [ 79.213659959831816, 9.24661560159951 ], [ 79.213651071900372, 9.246614049975246 ], [ 79.213642183968958, 9.246612498350945 ], [ 79.213633296935868, 9.246610944953344 ], [ 79.213624409004424, 9.246609394215692 ], [ 79.21361552107301, 9.246607841704716 ], [ 79.21360663314158, 9.246606290080415 ], [ 79.21359774521018, 9.246604737569413 ], [ 79.213588857278765, 9.246603185058449 ], [ 79.21357996934735, 9.246601633434096 ], [ 79.213571081415893, 9.246600080923121 ], [ 79.213562192586181, 9.246598529298742 ], [ 79.213553305553063, 9.246596977674377 ], [ 79.213546444220938, 9.246596237327912 ], [ 79.213539582888771, 9.246595496981408 ], [ 79.213532721556646, 9.246594756634916 ], [ 79.213525861122804, 9.246594016288437 ], [ 79.213518999790679, 9.246593275941933 ], [ 79.213512137560215, 9.246592535595454 ], [ 79.21350527712643, 9.246591796135613 ], [ 79.213498415794248, 9.246591055789095 ], [ 79.213491553563799, 9.246590316329241 ], [ 79.213484693129999, 9.246589575982723 ], [ 79.213477830899535, 9.246588835636246 ], [ 79.213470969567396, 9.246588095289727 ], [ 79.213464109133568, 9.24658735494325 ], [ 79.213457247801443, 9.246586614596731 ], [ 79.213450387367601, 9.24658587425024 ], [ 79.213443525137137, 9.246585133903723 ], [ 79.213436663805012, 9.246584393557194 ], [ 79.213429803371184, 9.246583654097327 ], [ 79.21342294114072, 9.246582913750823 ], [ 79.213416080706878, 9.246582174290955 ], [ 79.213409219374753, 9.246581433944439 ], [ 79.21340235714429, 9.246580693597933 ], [ 79.213395495812165, 9.246579953251391 ], [ 79.213388635378337, 9.2465792129049 ], [ 79.213381774046198, 9.246578472558356 ], [ 79.213374912714073, 9.246577733098476 ], [ 79.213368051381906, 9.246576992751935 ], [ 79.213361190049767, 9.246576252405431 ], [ 79.213354328717642, 9.246575512058888 ], [ 79.213347467385489, 9.246574771712371 ], [ 79.21334060605335, 9.246574032252491 ], [ 79.213333743822901, 9.246573291905936 ], [ 79.213326883389058, 9.246572551559392 ], [ 79.213320022056919, 9.246571811212876 ], [ 79.213313160724795, 9.24657107086632 ], [ 79.213306300290967, 9.246570331406428 ], [ 79.213299438958828, 9.246569591059899 ], [ 79.213292576728378, 9.246568850713343 ], [ 79.213285715396239, 9.246568110366827 ], [ 79.213278854064072, 9.246567370020271 ], [ 79.213271993630286, 9.246566630560354 ], [ 79.213265132298119, 9.246565890213798 ], [ 79.213258270067698, 9.246565149867267 ], [ 79.21325140873553, 9.24656441040735 ], [ 79.213244548301716, 9.246563669174158 ], [ 79.213237686969563, 9.24656292882759 ], [ 79.213230825637439, 9.246562189367685 ], [ 79.2132239643053, 9.246561449021105 ], [ 79.213217102973132, 9.246560708674561 ], [ 79.213210241641008, 9.246559968327993 ], [ 79.213203380308869, 9.246559227981452 ], [ 79.213196518976716, 9.246558489408157 ], [ 79.21318965674628, 9.246557748174952 ], [ 79.213182796312452, 9.246557007828397 ], [ 79.213175934980327, 9.24655626836844 ], [ 79.21316907364816, 9.246555528021885 ], [ 79.213162213214346, 9.246554786788668 ], [ 79.213155351882193, 9.24655404732875 ], [ 79.213148489651743, 9.246553306982156 ], [ 79.213141628319605, 9.246552566635602 ], [ 79.21313476698748, 9.246551826289007 ], [ 79.213127906553638, 9.246551085942414 ], [ 79.213121045221499, 9.246550345595846 ], [ 79.213114182991049, 9.246549606135916 ], [ 79.21310732165891, 9.246548865789309 ], [ 79.213100461225082, 9.24654812632938 ], [ 79.213093599892957, 9.246547385982797 ], [ 79.21308673856079, 9.246546644749568 ], [ 79.213079877228665, 9.246545905289624 ], [ 79.213073015896541, 9.246545164943019 ], [ 79.213066154564373, 9.246544424596411 ], [ 79.213059293232234, 9.246543684249831 ], [ 79.21305243190011, 9.246542943903226 ], [ 79.213045570567971, 9.246542204443269 ], [ 79.213038709235818, 9.246541464096689 ], [ 79.213031847903693, 9.246540723750069 ], [ 79.213024986571554, 9.246539983403451 ], [ 79.213018126137712, 9.246539243056858 ], [ 79.213011263907262, 9.246538503596902 ], [ 79.213004402575123, 9.246537763250283 ], [ 79.212997541242999, 9.24653702290369 ], [ 79.212990679910831, 9.24653628255707 ], [ 79.212983818578707, 9.246535543097089 ], [ 79.212976958144864, 9.246534801863845 ], [ 79.2129700959144, 9.246534062403876 ], [ 79.212963234582276, 9.246533322057232 ], [ 79.212956374148447, 9.246532581710639 ], [ 79.212949512816323, 9.246531841364007 ], [ 79.21294265238248, 9.246531101017402 ], [ 79.212935790152017, 9.24653036155742 ], [ 79.212928928819892, 9.246529621210788 ], [ 79.212922066589428, 9.246528880864144 ], [ 79.212915206155643, 9.246528141404163 ], [ 79.212908344823461, 9.246527401057543 ], [ 79.212901482593011, 9.246526660710899 ], [ 79.212894622159212, 9.246525920364293 ], [ 79.21288776082703, 9.246525180017649 ], [ 79.212880900393245, 9.246524439671017 ], [ 79.212874039061077, 9.246523700210997 ], [ 79.212867176830656, 9.246522958977716 ], [ 79.212860316396814, 9.246522218631098 ], [ 79.21285345416635, 9.246521479171102 ], [ 79.212846593732522, 9.246520738824433 ], [ 79.212839732400397, 9.246519997591152 ], [ 79.212832870169933, 9.246519258131158 ], [ 79.212826008837808, 9.24651851867115 ], [ 79.212819148403966, 9.246517778324481 ], [ 79.212812287071841, 9.246517037091186 ], [ 79.212805425739674, 9.24651629763118 ], [ 79.212798565305874, 9.246515558171172 ], [ 79.212791703075411, 9.246514817824528 ], [ 79.212784841743286, 9.246514076591234 ], [ 79.212777980411119, 9.246513337131226 ], [ 79.21277111907898, 9.246512596784545 ], [ 79.212764258645151, 9.246511857324524 ], [ 79.212757396414702, 9.246511116091231 ], [ 79.212750535082563, 9.246510375744549 ], [ 79.212743673750438, 9.246509636284529 ], [ 79.212736813316596, 9.246508895937872 ], [ 79.212729951984471, 9.246508155591188 ], [ 79.212723089754007, 9.246507415244507 ], [ 79.212716229320179, 9.24650667489785 ], [ 79.21270936798804, 9.246505935437817 ], [ 79.212702506655916, 9.246505194204497 ], [ 79.212695645323748, 9.246504454744464 ], [ 79.212688783093284, 9.24650371439777 ], [ 79.21268192176116, 9.246502974937737 ], [ 79.212675061327332, 9.246502233704417 ], [ 79.212668803663078, 9.246500610261563 ], [ 79.212662546897121, 9.246498986818695 ], [ 79.212656289232854, 9.246497365149114 ], [ 79.212650033365193, 9.246495740819611 ], [ 79.212643775700954, 9.246494118263367 ], [ 79.212637518036658, 9.246492494820474 ], [ 79.212631261270715, 9.246490871377583 ], [ 79.212625003606433, 9.246489247934678 ], [ 79.212618746840491, 9.246487623605134 ], [ 79.212612489176237, 9.24648600104884 ], [ 79.212606233308591, 9.24648437760591 ], [ 79.212599975644295, 9.246482754162979 ], [ 79.212593717980056, 9.246481130720035 ], [ 79.212587461214113, 9.246479508163741 ], [ 79.212581204448156, 9.246477884720797 ], [ 79.212574946783874, 9.246476261277829 ], [ 79.212568690017932, 9.24647463783486 ], [ 79.21256243235365, 9.246473014391878 ], [ 79.212556175587693, 9.246471390948896 ], [ 79.212549917923411, 9.246469768392526 ], [ 79.212543661157454, 9.246468144949517 ], [ 79.212537404391512, 9.246466522393174 ], [ 79.212531145828933, 9.246464898063492 ], [ 79.212524889961287, 9.246463276393758 ], [ 79.212518632297034, 9.246461652064101 ], [ 79.212512376429373, 9.246460028621055 ], [ 79.212506117866809, 9.246458405178023 ], [ 79.212499860202513, 9.246456781734953 ], [ 79.212493604334895, 9.246455158291894 ], [ 79.212487346670613, 9.246453534848822 ], [ 79.212481089904671, 9.246451912292375 ], [ 79.212474832240389, 9.246450287962681 ], [ 79.212468576372771, 9.246448665406197 ], [ 79.212462317810193, 9.2464470419631 ], [ 79.212456060145911, 9.246445419406665 ], [ 79.212449804278265, 9.246443795076882 ], [ 79.212443546614011, 9.24644217163376 ], [ 79.212437289848054, 9.246440549077301 ], [ 79.212431032183787, 9.246438925634154 ], [ 79.21242477541783, 9.246437302191007 ], [ 79.212418517753548, 9.24643567874786 ], [ 79.212412260987591, 9.246434056191362 ], [ 79.212406004221648, 9.24643243274819 ], [ 79.212399746557367, 9.246430809305016 ], [ 79.212393488893113, 9.246429185861844 ], [ 79.21238723212717, 9.246427562418658 ], [ 79.212380975361214, 9.246425938975461 ], [ 79.212374718595228, 9.246424316418874 ], [ 79.212368460930975, 9.246422692089039 ], [ 79.212362203266707, 9.246421068645828 ], [ 79.212355947399075, 9.246419445202593 ], [ 79.212349688836483, 9.246417821759369 ], [ 79.212343432070526, 9.246416199202743 ], [ 79.212337175304583, 9.246414576646156 ], [ 79.21233091764033, 9.246412953202896 ], [ 79.212324660874344, 9.246411329759633 ], [ 79.212318403210091, 9.246409706316372 ], [ 79.212312147342445, 9.246408082873085 ], [ 79.212305888779866, 9.246406460316434 ], [ 79.212299632013909, 9.24640483598651 ], [ 79.212293375247967, 9.246403213429835 ], [ 79.212287117583671, 9.246401589099898 ], [ 79.212280860817728, 9.246399965656586 ], [ 79.212274603153446, 9.246398343099884 ], [ 79.212264222222061, 9.246393824767162 ], [ 79.212253840392293, 9.246389306434377 ], [ 79.212243458562568, 9.246384788101489 ], [ 79.212233076732829, 9.246380268881939 ], [ 79.212222695801401, 9.246375751435599 ], [ 79.212212313971676, 9.24637123221596 ], [ 79.212201932141923, 9.246366713882843 ], [ 79.212191551210495, 9.246362194663064 ], [ 79.21218116938077, 9.246357676329872 ], [ 79.212170787551031, 9.246353157109965 ], [ 79.212160405721306, 9.246348638776658 ], [ 79.212150023891553, 9.246344120443261 ], [ 79.212139642061828, 9.246339601223177 ], [ 79.2121292611304, 9.246335082889692 ], [ 79.212118880198972, 9.246330565442779 ], [ 79.212108496572597, 9.24632604622253 ], [ 79.21209811743779, 9.246321527002204 ], [ 79.212087733811444, 9.246317008668489 ], [ 79.212077352880016, 9.246312490334697 ], [ 79.212066971050263, 9.246307972000857 ], [ 79.212056589220538, 9.246303452780314 ], [ 79.212046208289109, 9.246298935332995 ], [ 79.21203582556106, 9.246294416112338 ], [ 79.212025444629631, 9.246289897778267 ], [ 79.212015062799878, 9.246285378557495 ], [ 79.212004681868464, 9.246280861109934 ], [ 79.211994299140414, 9.246276341889049 ], [ 79.211983918208986, 9.246271824441411 ], [ 79.211973536379261, 9.246267305220398 ], [ 79.211963155447833, 9.246262786885959 ], [ 79.21195277361808, 9.24625826766483 ], [ 79.211942391788355, 9.246253749330302 ], [ 79.211932435760062, 9.24624817057023 ], [ 79.211922482426729, 9.246242592696731 ], [ 79.211912526398422, 9.246237013936481 ], [ 79.211902571268453, 9.246231436062766 ], [ 79.21189261524016, 9.246225858189 ], [ 79.211882660110163, 9.246220280315132 ], [ 79.211872704980195, 9.246214702441151 ], [ 79.211862749850226, 9.246209123680469 ], [ 79.211852793821919, 9.246203544919684 ], [ 79.211842839590261, 9.246197967045473 ], [ 79.211832883561954, 9.246192389171172 ], [ 79.211822928431985, 9.246186811296758 ], [ 79.211812973301988, 9.246181233422281 ], [ 79.21180301817202, 9.246175653774401 ], [ 79.211793063042052, 9.246170075899744 ], [ 79.211783107013758, 9.246164498024999 ], [ 79.211773151883762, 9.246158920150139 ], [ 79.211763197652118, 9.246153341388567 ], [ 79.211753241623825, 9.246147762626929 ], [ 79.211743285595517, 9.246142184751802 ], [ 79.21173333136386, 9.246136605989962 ], [ 79.211723376233877, 9.246131029001319 ], [ 79.211713421103894, 9.246125450239326 ], [ 79.211703465075615, 9.246119872363844 ], [ 79.211693509945619, 9.246114293601646 ], [ 79.211683555713947, 9.246108714839373 ], [ 79.211673599685682, 9.24610313785031 ], [ 79.211663644555685, 9.246097559087847 ], [ 79.211653689425717, 9.246091981211931 ], [ 79.211643733397409, 9.246086401562666 ], [ 79.211633779165751, 9.246080823686558 ], [ 79.211623823137444, 9.246075245810401 ], [ 79.211613868007476, 9.246069667934155 ], [ 79.211603912877521, 9.246064090057793 ], [ 79.21159395774751, 9.24605851129472 ], [ 79.211584002617542, 9.246052933418206 ], [ 79.211574046589249, 9.246047354654953 ], [ 79.211564092357577, 9.246041776778261 ], [ 79.211554137227608, 9.246036198901455 ], [ 79.211544182097654, 9.246030620137935 ], [ 79.211534226069347, 9.246025042260989 ], [ 79.21152427093935, 9.246019462610654 ], [ 79.211514315809382, 9.246013885620155 ], [ 79.211504360679413, 9.246008307742903 ], [ 79.211494406447741, 9.246002728978937 ], [ 79.211484450419434, 9.245997151101546 ], [ 79.211474494391155, 9.245991572337402 ], [ 79.211464540159469, 9.245985993573171 ], [ 79.211454584131175, 9.24598041658215 ], [ 79.211444629001221, 9.245974837817764 ], [ 79.211434672972914, 9.245969259939901 ], [ 79.211424718741242, 9.245963681175313 ], [ 79.211414763611288, 9.245958103297312 ], [ 79.21140480758298, 9.245952525419208 ], [ 79.211394851554687, 9.245946946654351 ], [ 79.211384897323043, 9.245941368776045 ], [ 79.211374942193046, 9.245935790011023 ], [ 79.211364987063078, 9.245930212132563 ], [ 79.211355031933067, 9.245924634254026 ], [ 79.211345075904816, 9.245919056375362 ], [ 79.211335121673144, 9.245913477609985 ], [ 79.211325165644851, 9.24590789884452 ], [ 79.211315211413179, 9.245902320965614 ], [ 79.211305255384886, 9.245896743086632 ], [ 79.211296295588227, 9.245892294792332 ], [ 79.21128733579161, 9.245887845611369 ], [ 79.211278375994951, 9.245883398203617 ], [ 79.211269417096645, 9.245878949022515 ], [ 79.211260457299986, 9.245874501614647 ], [ 79.211251498401637, 9.245870053320081 ], [ 79.211242537706696, 9.245865604138812 ], [ 79.211233577910036, 9.245861156730768 ], [ 79.211224619011716, 9.245856708436047 ], [ 79.211215660113396, 9.245852260141277 ], [ 79.211206700316751, 9.245847811846442 ], [ 79.211197741418431, 9.245843364438182 ], [ 79.211188780723447, 9.24583891525657 ], [ 79.211179821825127, 9.24583446696157 ], [ 79.211170862028482, 9.245830018666506 ], [ 79.211161902231837, 9.245825570371354 ], [ 79.211152943333502, 9.245821122962839 ], [ 79.211143982638561, 9.245816673780947 ], [ 79.211135023740212, 9.245812226372292 ], [ 79.211126063943595, 9.245807778076962 ], [ 79.211117104146936, 9.245803328894905 ], [ 79.21110814524863, 9.245798880599446 ], [ 79.211099184553646, 9.245794433190563 ], [ 79.211090225655326, 9.245789984895003 ], [ 79.211081265858681, 9.245785536599341 ], [ 79.211072306062022, 9.245781089190329 ], [ 79.211063347163702, 9.245776640007929 ], [ 79.211054387367057, 9.245772190825479 ], [ 79.211045427570411, 9.245767744302913 ], [ 79.211036467773795, 9.245763295120348 ], [ 79.211027507977136, 9.245758846824394 ], [ 79.21101854907883, 9.245754399415013 ], [ 79.21100958928217, 9.245749950232282 ], [ 79.211000628587186, 9.245745501936149 ], [ 79.21099166968888, 9.245741053639966 ], [ 79.210982709892221, 9.245736606230357 ], [ 79.210973750993901, 9.245732157047398 ], [ 79.210964791197256, 9.245727709637674 ], [ 79.210955831400597, 9.245723261341261 ], [ 79.21094687160398, 9.245718812158136 ], [ 79.210937912705631, 9.245714364748233 ], [ 79.210928952908972, 9.245709915565032 ], [ 79.21091999311237, 9.245705468155027 ], [ 79.21091103331571, 9.245701018971687 ], [ 79.21090207441739, 9.245696571561568 ], [ 79.210893114620745, 9.245692123264762 ], [ 79.210884154824086, 9.245687674081241 ], [ 79.210875195027441, 9.245683226670984 ], [ 79.210866236129121, 9.245678778373986 ], [ 79.210857276332476, 9.24567433007695 ], [ 79.210848317434156, 9.245669881779865 ], [ 79.210839356739172, 9.245665434369352 ], [ 79.210830396942555, 9.2456609851855 ], [ 79.210821438044206, 9.245656537774874 ], [ 79.210812479145886, 9.245652088590933 ], [ 79.210803519349241, 9.245647640293543 ], [ 79.210794559552582, 9.245643191996125 ], [ 79.210785599755965, 9.245638743698644 ], [ 79.210776640857617, 9.245634296287736 ], [ 79.210767681061, 9.245629847103492 ], [ 79.210758721264355, 9.245625399692457 ], [ 79.210749762365992, 9.245620951394773 ], [ 79.210740802569376, 9.24561650221035 ], [ 79.210731842772731, 9.245612054799189 ], [ 79.208643028870128, 9.244753540246627 ], [ 79.208636559203441, 9.244750504366815 ], [ 79.208630087740147, 9.244747467600343 ], [ 79.208623618073446, 9.244744431720481 ], [ 79.208617146610152, 9.244741395840554 ], [ 79.208610676045168, 9.244738359074004 ], [ 79.208604204581846, 9.244735324080692 ], [ 79.208597734915173, 9.244732287314052 ], [ 79.20859126435019, 9.244729252320713 ], [ 79.208584792886867, 9.244726216440686 ], [ 79.208578322321912, 9.24472317967397 ], [ 79.208571851756915, 9.244720142907243 ], [ 79.208565381191917, 9.2447171079138 ], [ 79.208558909728595, 9.244714071146996 ], [ 79.208552439163611, 9.244711035266842 ], [ 79.208545968598614, 9.244707999386662 ], [ 79.208539498033616, 9.244704962619794 ], [ 79.208533028366958, 9.244701926739564 ], [ 79.208526556005339, 9.244698889972632 ], [ 79.208520086338638, 9.244695854979012 ], [ 79.208513614875343, 9.244692818212043 ], [ 79.208507145208657, 9.244689783218321 ], [ 79.208500672847038, 9.244686745564664 ], [ 79.208494203180365, 9.244683710570943 ], [ 79.208487732615367, 9.24468067380386 ], [ 79.208481262050384, 9.244677638810037 ], [ 79.208474790587104, 9.24467460204294 ], [ 79.208468320022106, 9.244671566162442 ], [ 79.20846184855877, 9.244668530281892 ], [ 79.208455378892126, 9.244665494401344 ], [ 79.208448908327128, 9.244662457634133 ], [ 79.208442436863791, 9.244659420866871 ], [ 79.208435966298794, 9.244656385872881 ], [ 79.20842949573381, 9.244653349105594 ], [ 79.208423025168813, 9.244650314111542 ], [ 79.208416553705533, 9.244647277344178 ], [ 79.208410083140535, 9.244644240576815 ], [ 79.208403612575552, 9.24464120469605 ], [ 79.208397142010554, 9.244638169701895 ], [ 79.208390671445557, 9.24463513293443 ], [ 79.208384199982262, 9.244632097053588 ], [ 79.208377730315576, 9.244629061172722 ], [ 79.208371259750578, 9.244626025291829 ], [ 79.208364788287284, 9.244622989410923 ], [ 79.208358317722286, 9.244619951756693 ], [ 79.208351847157303, 9.244616916762348 ], [ 79.208345376592305, 9.244613879994693 ], [ 79.208338906027308, 9.244610844113673 ], [ 79.208332434563999, 9.244607808232628 ], [ 79.208325963999002, 9.244604772351558 ], [ 79.208319494332329, 9.244601735583787 ], [ 79.208313022869021, 9.244598700589327 ], [ 79.208306552304066, 9.244595663821517 ], [ 79.208300080840729, 9.244592627940346 ], [ 79.208293611174071, 9.244589592059135 ], [ 79.208287139710734, 9.244586556177913 ], [ 79.208280669145751, 9.244583520296612 ], [ 79.208274198580753, 9.244580484415339 ], [ 79.208267728015755, 9.244577447647389 ], [ 79.208261256552476, 9.244574410879402 ], [ 79.208254785987492, 9.244571374998038 ], [ 79.208248315422495, 9.24456833911665 ], [ 79.208241844857497, 9.244565303235211 ], [ 79.208235374292514, 9.244562267353771 ], [ 79.208228902829191, 9.244559230585669 ], [ 79.208222432264193, 9.244556194704179 ], [ 79.208215961699196, 9.244553158822624 ], [ 79.208209491134227, 9.244550122054459 ], [ 79.208203019670918, 9.244547087059516 ], [ 79.208196549105921, 9.244544050291262 ], [ 79.208190079439248, 9.244541015296294 ], [ 79.208183608874265, 9.244537979414652 ], [ 79.208177138309267, 9.244534942646307 ], [ 79.208170666845945, 9.244531905877951 ], [ 79.208164196280961, 9.244528870882881 ], [ 79.208157725715964, 9.244525834114462 ], [ 79.208151255150966, 9.244522797346029 ], [ 79.208144783687672, 9.244519762350883 ], [ 79.208138313122674, 9.244516725582386 ], [ 79.208131842557691, 9.244513689700527 ], [ 79.208125371992693, 9.24451065293198 ], [ 79.208118901427696, 9.244507617936732 ], [ 79.208112429964416, 9.244504581168135 ], [ 79.208105960297715, 9.244501546172797 ], [ 79.208099488834435, 9.244498509404186 ], [ 79.208093018269437, 9.244495474408799 ], [ 79.20808654770444, 9.244492436753463 ], [ 79.208080077139456, 9.244489400871387 ], [ 79.208073606574459, 9.244486364989298 ], [ 79.208067135111136, 9.244483329107185 ], [ 79.208060665444478, 9.244480293225006 ], [ 79.208054193981155, 9.24447725734283 ], [ 79.208047724314483, 9.244474220574002 ], [ 79.208041251952864, 9.244471184691774 ], [ 79.208034782286205, 9.244468147922872 ], [ 79.208028310822883, 9.244465112040579 ], [ 79.20802184115621, 9.244462076158287 ], [ 79.208015369692887, 9.244459040275919 ], [ 79.208008899127904, 9.244456004393564 ], [ 79.208002428562907, 9.244452967624559 ], [ 79.207995957997909, 9.244449931742114 ], [ 79.207989487432926, 9.244446895859681 ], [ 79.207983015969631, 9.244443859977224 ], [ 79.207976545404634, 9.244440823208093 ], [ 79.20797007483965, 9.244437788212222 ], [ 79.207963604274653, 9.244434751443013 ], [ 79.20795713281133, 9.244431715560454 ], [ 79.207950663144672, 9.244428678791195 ], [ 79.207944191681335, 9.244425643795246 ], [ 79.20793772111638, 9.244422607025935 ], [ 79.207931250551397, 9.244419571143276 ], [ 79.207924779986399, 9.244416535260564 ], [ 79.207918309421402, 9.244413499377853 ], [ 79.207911837958093, 9.244410462608439 ], [ 79.207905367393096, 9.244407426725664 ], [ 79.207898896828098, 9.244404390842863 ], [ 79.207892426263115, 9.244401354073375 ], [ 79.207885954799806, 9.244398318190523 ], [ 79.207879484234823, 9.244395282307634 ], [ 79.207873013669825, 9.244392246424731 ], [ 79.207866543104828, 9.244389209655141 ], [ 79.207860073438141, 9.244386173772186 ], [ 79.207853601974847, 9.244383137889196 ], [ 79.207847131409849, 9.244380102006192 ], [ 79.207840660844866, 9.244377065236487 ], [ 79.207834189381586, 9.244374030240055 ], [ 79.207827718816588, 9.244370992583676 ], [ 79.207821248251591, 9.244367957587219 ], [ 79.207814777686593, 9.244364920817425 ], [ 79.207805249256381, 9.244359413845894 ], [ 79.207795720826127, 9.244353905987664 ], [ 79.207786192395915, 9.244348398129343 ], [ 79.207776663067378, 9.244342890270909 ], [ 79.207767134637166, 9.244337383299074 ], [ 79.207757606206954, 9.244331875440473 ], [ 79.207748077776742, 9.244326366695173 ], [ 79.20773854934653, 9.244320858836382 ], [ 79.207729020916318, 9.244315350977553 ], [ 79.207719491587781, 9.24430984400526 ], [ 79.207709964055866, 9.244304335259615 ], [ 79.207700434727315, 9.244298828287157 ], [ 79.207690906297103, 9.244293320427971 ], [ 79.207681377866891, 9.244287811682035 ], [ 79.207671850334961, 9.244282304709309 ], [ 79.207662321006467, 9.244276796849869 ], [ 79.207652792576255, 9.244271288990316 ], [ 79.207643264146014, 9.244265781130698 ], [ 79.207633735715788, 9.244260274157629 ], [ 79.207624207285576, 9.244254765411208 ], [ 79.207614677957039, 9.244249258437973 ], [ 79.207605150425152, 9.244243750578011 ], [ 79.207595621994912, 9.244238241831312 ], [ 79.207586092666389, 9.244232733971186 ], [ 79.207576564236177, 9.244227226997594 ], [ 79.207567035805937, 9.244221718250627 ], [ 79.207557507375725, 9.24421621127687 ], [ 79.207547978047216, 9.2442107034164 ], [ 79.207538449616962, 9.244205194669165 ], [ 79.20752892118675, 9.244199687695181 ], [ 79.207519392756552, 9.244194179834418 ], [ 79.207509865224623, 9.244188671973603 ], [ 79.207500335896128, 9.244183164112689 ], [ 79.207490808364199, 9.244177657138334 ], [ 79.207481279035662, 9.244172148390591 ], [ 79.20747175060545, 9.244166641416058 ], [ 79.207462222175238, 9.244161134441475 ], [ 79.207452692846701, 9.244155624806801 ], [ 79.207443164416489, 9.244150117832053 ], [ 79.207433636884559, 9.244144609970514 ], [ 79.207424107556051, 9.244139102108912 ], [ 79.20741457912581, 9.244133594247232 ], [ 79.207405050695598, 9.244128086385466 ], [ 79.207395522265386, 9.244122579410245 ], [ 79.207385993835175, 9.244117070661638 ], [ 79.207376465404963, 9.244111562799615 ], [ 79.207366936076411, 9.244106054937504 ], [ 79.207357407646199, 9.244100547075265 ], [ 79.207347879215988, 9.244095040099651 ], [ 79.207338351684072, 9.244089531350623 ], [ 79.20732882325386, 9.244084024374793 ], [ 79.207319293925323, 9.244078517398874 ], [ 79.207309764596772, 9.244073008649577 ], [ 79.207300237064885, 9.244067500786869 ], [ 79.207290708634687, 9.24406199292407 ], [ 79.207281180204433, 9.24405648506117 ], [ 79.207271650875924, 9.244050977198169 ], [ 79.20726212244567, 9.244045469335116 ], [ 79.207252594913797, 9.244039962358599 ], [ 79.207243065585246, 9.24403445360873 ], [ 79.207233537155048, 9.244028945745386 ], [ 79.207224008724836, 9.24402343876864 ], [ 79.207214480294624, 9.244017930018492 ], [ 79.207204951864369, 9.244012423041541 ], [ 79.205489234350424, 9.242927773001163 ], [ 79.205480167654244, 9.24292229969994 ], [ 79.205471100958079, 9.242916827285288 ], [ 79.205462034261913, 9.242911354870536 ], [ 79.205452969362398, 9.242905881569056 ], [ 79.205443901767921, 9.242900409154164 ], [ 79.205434835970053, 9.242894936739143 ], [ 79.205425770172212, 9.242889464324085 ], [ 79.20541670257775, 9.242883991908899 ], [ 79.20540763677991, 9.242878518606988 ], [ 79.20539857008373, 9.242873047078337 ], [ 79.205389505184201, 9.242867573776273 ], [ 79.205380437589724, 9.242862101360744 ], [ 79.205371370893545, 9.242856628058503 ], [ 79.205362305994043, 9.242851155642834 ], [ 79.205353239297878, 9.242845683227051 ], [ 79.205344172601698, 9.242840209924553 ], [ 79.205335106803858, 9.242834738395267 ], [ 79.205326040107678, 9.242829265092604 ], [ 79.205316974309852, 9.242823792676516 ], [ 79.205307907613687, 9.242818320260312 ], [ 79.205298841815832, 9.242812847844059 ], [ 79.205289775119667, 9.242807375427716 ], [ 79.20528070842353, 9.242801902124608 ], [ 79.205271642625647, 9.242796428821437 ], [ 79.20526257592951, 9.242790957291477 ], [ 79.205253510131641, 9.242785483988127 ], [ 79.205244443435504, 9.242780011571327 ], [ 79.205235376739338, 9.242774539154475 ], [ 79.205226310941498, 9.242769066737495 ], [ 79.205217244245318, 9.242763594320477 ], [ 79.205208179345775, 9.242758121016708 ], [ 79.205199111751298, 9.242752648599474 ], [ 79.205190045055133, 9.242747176182203 ], [ 79.205180980155632, 9.242741702878167 ], [ 79.205171912561127, 9.242736231347354 ], [ 79.205162846763287, 9.242730758043152 ], [ 79.205153780067121, 9.242725284738874 ], [ 79.205144714269267, 9.24271981232117 ], [ 79.20513564757313, 9.242714339903351 ], [ 79.205126581775247, 9.242708866598806 ], [ 79.20511751597742, 9.242703395067483 ], [ 79.205108449281255, 9.242697922649436 ], [ 79.205099382585118, 9.242692450231299 ], [ 79.205090316787235, 9.242686976926423 ], [ 79.205081250091098, 9.242681503621458 ], [ 79.205072183394932, 9.242676032089717 ], [ 79.205063117597078, 9.242670558784575 ], [ 79.205054050900912, 9.242665086365992 ], [ 79.205044985103072, 9.242659613947346 ], [ 79.205035919305232, 9.24265414241526 ], [ 79.205026851710741, 9.242648668223111 ], [ 79.205017785912887, 9.242643195804224 ], [ 79.205008719216721, 9.24263772338521 ], [ 79.204999654317206, 9.242632250966142 ], [ 79.204990586722744, 9.242626777660339 ], [ 79.204981520026564, 9.242621306127731 ], [ 79.20497245512702, 9.242615832821736 ], [ 79.204963388430855, 9.24261036040234 ], [ 79.204954321734718, 9.24260488709618 ], [ 79.204945255936835, 9.24259941467658 ], [ 79.204936189240698, 9.242593942256915 ], [ 79.204927123442829, 9.242588468950501 ], [ 79.204918056746692, 9.242582997417308 ], [ 79.204908990050512, 9.242577524110727 ], [ 79.204899924252686, 9.24257205169072 ], [ 79.204890857556506, 9.2425665792706 ], [ 79.204881790860341, 9.242561106850438 ], [ 79.204872725062501, 9.242555634430152 ], [ 79.204863659264646, 9.242550161123139 ], [ 79.204854592568481, 9.242544688702711 ], [ 79.204845526770654, 9.24253921628217 ], [ 79.204836460074475, 9.242533742974903 ], [ 79.204827394276634, 9.242528271440857 ], [ 79.204818327580455, 9.242522798133425 ], [ 79.204809260884332, 9.242517324825917 ], [ 79.204800195086449, 9.242511852404981 ], [ 79.204791128390312, 9.242506379983954 ], [ 79.204782062592443, 9.242500907562816 ], [ 79.204772995896292, 9.242495434254963 ], [ 79.204763929200126, 9.24248996272032 ], [ 79.204754864300583, 9.24248448941229 ], [ 79.204745796706121, 9.242479016990846 ], [ 79.204736730009941, 9.242473543682635 ], [ 79.204727665110426, 9.242468072147663 ], [ 79.20471859841426, 9.242462598839287 ], [ 79.20470953261642, 9.242457126417474 ], [ 79.204700465920254, 9.242451653995596 ], [ 79.204691399224089, 9.242446180686969 ], [ 79.204682333426234, 9.242440708264938 ], [ 79.204673266730069, 9.24243523584278 ], [ 79.204664200033932, 9.24242976342056 ], [ 79.204655134236049, 9.2424242901116 ], [ 79.204646068438223, 9.242418817689188 ], [ 79.204637000843746, 9.242413345266726 ], [ 79.204627935944202, 9.2424078719575 ], [ 79.204618869248023, 9.242402400421495 ], [ 79.2046098025519, 9.242396927112116 ], [ 79.204600736754045, 9.242391454689297 ], [ 79.20459167005788, 9.242385982266377 ], [ 79.20458260426004, 9.242380509843406 ], [ 79.20457353756386, 9.242375037420306 ], [ 79.204564470867695, 9.242369564110495 ], [ 79.204555405069854, 9.242364090800594 ], [ 79.204546339272014, 9.242358619263904 ], [ 79.204537272575848, 9.242353145953837 ], [ 79.204528206777994, 9.242347672643682 ], [ 79.204519140081828, 9.242342201106748 ], [ 79.204510073385649, 9.242336727796415 ], [ 79.204501007587822, 9.24233125537268 ], [ 79.204491940891657, 9.242325782948857 ], [ 79.204482875093802, 9.24232031141158 ], [ 79.204473809295962, 9.242314837214241 ], [ 79.2044647417015, 9.242309364790151 ], [ 79.204455676801956, 9.242303892365944 ], [ 79.204446610105791, 9.242298419055025 ], [ 79.204437543409639, 9.242292946630693 ], [ 79.204428477611771, 9.242287474206233 ], [ 79.204419410915634, 9.242282001781735 ], [ 79.204410344219468, 9.24227652935711 ], [ 79.204401279319924, 9.24227105693242 ], [ 79.204392211725448, 9.242265583620993 ], [ 79.204383145029283, 9.242260111196151 ], [ 79.204374080129767, 9.242254638771183 ], [ 79.204365013433602, 9.242249166346163 ], [ 79.204355946737422, 9.242243693034391 ], [ 79.204346880939582, 9.242238219722543 ], [ 79.204337814243416, 9.242232748183893 ], [ 79.204328749343915, 9.242227274871867 ], [ 79.204321068748214, 9.242223214885472 ], [ 79.204313389050839, 9.242219154898986 ], [ 79.204305710251816, 9.242215094025825 ], [ 79.20429802965613, 9.242211034925951 ], [ 79.20429034995874, 9.242206974052701 ], [ 79.204282671159717, 9.242202914066038 ], [ 79.204274992360666, 9.242198854079348 ], [ 79.20426731176498, 9.242194794092633 ], [ 79.204259632067632, 9.242190734105842 ], [ 79.204251953268567, 9.242186673232363 ], [ 79.204244272672895, 9.242182613245458 ], [ 79.204236592975533, 9.242178553258539 ], [ 79.204228914176483, 9.242174493271582 ], [ 79.204221233580796, 9.242170433284576 ], [ 79.204213555680084, 9.242166373297479 ], [ 79.204205875982694, 9.242162312423721 ], [ 79.204198196285333, 9.24215825243656 ], [ 79.204190516587985, 9.242154191562699 ], [ 79.204182836890595, 9.242150131575464 ], [ 79.204175157193248, 9.242146071588163 ], [ 79.204167476597547, 9.2421420116008 ], [ 79.204159798696836, 9.242137951613424 ], [ 79.204152118999446, 9.242133890739321 ], [ 79.204144439302084, 9.242129831638481 ], [ 79.204136759604737, 9.242125770764314 ], [ 79.204129079907347, 9.24212171077671 ], [ 79.204121400209999, 9.242117650789091 ], [ 79.204113721410948, 9.24211358991476 ], [ 79.204106041713601, 9.242109530813689 ], [ 79.204098362016239, 9.242105469939295 ], [ 79.204090682318864, 9.242101409951461 ], [ 79.204083002621502, 9.242097349963615 ], [ 79.204075322924155, 9.242093289089041 ], [ 79.204067644125089, 9.242089229987728 ], [ 79.204059964427742, 9.242085169113068 ], [ 79.20405228383207, 9.24208110912503 ], [ 79.204044605033005, 9.24207704913694 ], [ 79.20403692623394, 9.242072988262139 ], [ 79.204029247434889, 9.242068929160597 ], [ 79.204021566839216, 9.242064868285707 ], [ 79.204013887141855, 9.24206080829744 ], [ 79.204006207444493, 9.242056748309123 ], [ 79.203998527747117, 9.242052688320715 ], [ 79.203990848948095, 9.242048628332309 ], [ 79.203983169250705, 9.24204456657054 ], [ 79.203975489553358, 9.242040506581992 ], [ 79.20396780985601, 9.242036446593445 ], [ 79.20396013015862, 9.242032386604835 ], [ 79.203952449562934, 9.242028328389498 ], [ 79.203944770763911, 9.242024266627475 ], [ 79.203937091066521, 9.24202020575205 ], [ 79.20392941226747, 9.242016146649949 ], [ 79.203921732570109, 9.242012085774434 ], [ 79.203914052872761, 9.242008025785557 ], [ 79.203906373175386, 9.24200396579659 ], [ 79.203898694376363, 9.241999904920949 ], [ 79.203891013780662, 9.241995845818606 ], [ 79.203883334981612, 9.241991784942863 ], [ 79.203875655284264, 9.241987724953706 ], [ 79.203867975586874, 9.241983664964549 ], [ 79.203860296787852, 9.241979604088678 ], [ 79.203852617090462, 9.241975544986094 ], [ 79.203844937393114, 9.241971484110108 ], [ 79.203837257695753, 9.241967424120734 ], [ 79.203829577998377, 9.241963364131335 ], [ 79.203821898301015, 9.241959303255223 ], [ 79.203814218603668, 9.241955244152372 ], [ 79.203806539804617, 9.241951183276196 ], [ 79.203798860107227, 9.241947123286581 ], [ 79.203791181308205, 9.241943063296953 ], [ 79.203783500712532, 9.241939002420599 ], [ 79.203775821015142, 9.241934943317519 ], [ 79.20376814221612, 9.241930882441114 ], [ 79.203760461620433, 9.241926823337931 ], [ 79.203752782821368, 9.241922761574724 ], [ 79.203745104022332, 9.241918701584817 ], [ 79.20373742432497, 9.241914641594857 ], [ 79.203729744627609, 9.241910581604847 ], [ 79.203722064930233, 9.241906521614775 ], [ 79.203714385232885, 9.241902460738 ], [ 79.20370670643382, 9.241898401634526 ], [ 79.203699025838134, 9.241894340757662 ], [ 79.203691346140786, 9.241890280767398 ], [ 79.203683667341721, 9.241886220777095 ], [ 79.203675987644374, 9.241882159900106 ], [ 79.203668307946984, 9.24187810079639 ], [ 79.203660629147961, 9.241874039919297 ], [ 79.203652948552289, 9.241869979042155 ], [ 79.203645268854899, 9.241865919938274 ], [ 79.203637590055862, 9.241861859061041 ], [ 79.203629910358501, 9.241857799957096 ], [ 79.203622230661139, 9.241853739079762 ], [ 79.203614551862074, 9.24184967820239 ], [ 79.203606872164727, 9.24184561909828 ], [ 79.203599191569054, 9.241841558220793 ], [ 79.203591512769989, 9.241837499116581 ], [ 79.203583833072642, 9.241833438239055 ], [ 79.203576153375252, 9.241829378248079 ], [ 79.20356847367789, 9.241825318257103 ], [ 79.203560793980543, 9.241821257379387 ], [ 79.203553116079817, 9.241817198274946 ], [ 79.203545436382441, 9.24181313739718 ], [ 79.20353775668508, 9.241809077405973 ], [ 79.203530076987732, 9.241805017414755 ], [ 79.203522397290342, 9.241800957423486 ], [ 79.203514717592995, 9.241796897432128 ], [ 79.203507037895633, 9.24179283566747 ], [ 79.203499358198243, 9.241788776562686 ], [ 79.203491679399193, 9.241784715684563 ], [ 79.203483999701831, 9.241780655693065 ], [ 79.203476320004484, 9.241776595701516 ], [ 79.203468641205433, 9.241772534823253 ], [ 79.203460960609746, 9.241768475718239 ], [ 79.203453280912399, 9.241764414839874 ], [ 79.203445602113348, 9.241760354848148 ], [ 79.203437922416001, 9.241756294856357 ], [ 79.203430242718611, 9.241752233977852 ], [ 79.203422563021249, 9.241748173985986 ], [ 79.203414884222184, 9.241744113994029 ], [ 79.203407205423147, 9.241740054002047 ], [ 79.203399524827489, 9.241735994010041 ], [ 79.203391845130099, 9.241731933131307 ], [ 79.203384166331048, 9.24172787313916 ], [ 79.20337648573539, 9.241723813147001 ], [ 79.203368806038, 9.241719753154802 ], [ 79.203361127238963, 9.24171569316254 ], [ 79.203353448439941, 9.241711633170215 ], [ 79.203345767844255, 9.24170757229119 ], [ 79.203336382246135, 9.241703476832601 ], [ 79.203326995749734, 9.241699382260636 ], [ 79.203317611049954, 9.241695286801946 ], [ 79.203308224553552, 9.241691192229855 ], [ 79.203298838057151, 9.241687096771075 ], [ 79.203289453357414, 9.241683001312245 ], [ 79.203280066860998, 9.241678906740001 ], [ 79.203270681262893, 9.241674811281081 ], [ 79.203261294766492, 9.241670715822098 ], [ 79.203251909168415, 9.241666621249726 ], [ 79.20324252357031, 9.241662525790666 ], [ 79.203233137073894, 9.241658431218218 ], [ 79.203223750577507, 9.241654335759019 ], [ 79.203214365877741, 9.241650240299807 ], [ 79.203204979381354, 9.241646144840557 ], [ 79.203195593783249, 9.241642050267918 ], [ 79.203186208185159, 9.241637954808565 ], [ 79.203176821688771, 9.241633860235799 ], [ 79.203167436090666, 9.241629763889684 ], [ 79.203158049594251, 9.24162566843018 ], [ 79.203148663996188, 9.241621572970637 ], [ 79.203139278398069, 9.241617478397693 ], [ 79.203129891901668, 9.241613382938047 ], [ 79.20312050720193, 9.241609288365026 ], [ 79.203111120705515, 9.241605192905293 ], [ 79.203101734209113, 9.241601096558846 ], [ 79.20309235040763, 9.241597001985648 ], [ 79.203082963012932, 9.24159290741245 ], [ 79.203073577414827, 9.241588811952525 ], [ 79.203064190918411, 9.241584717379187 ], [ 79.203054805320349, 9.241580621919173 ], [ 79.203045419722272, 9.24157652557242 ], [ 79.203037882857032, 9.241574409126619 ], [ 79.203030345991777, 9.241572290907442 ], [ 79.203022809126551, 9.241570173574965 ], [ 79.203015272261311, 9.241568056242437 ], [ 79.203007735396099, 9.241565938023234 ], [ 79.20300019763252, 9.241563820690681 ], [ 79.202992660767308, 9.241561701584816 ], [ 79.202985123902067, 9.241559585138914 ], [ 79.202977587036841, 9.241557466919685 ], [ 79.202970050171587, 9.241555349587081 ], [ 79.202962513306375, 9.241553232254477 ], [ 79.202954976441134, 9.241551114035174 ], [ 79.20294743957588, 9.241548996702532 ], [ 79.202939903608964, 9.241546879369915 ], [ 79.202932365845427, 9.241544762037247 ], [ 79.202924828980215, 9.241542643817905 ], [ 79.202917292114975, 9.241540525598575 ], [ 79.202909755249721, 9.241538408265882 ], [ 79.202902218384494, 9.241536290046488 ], [ 79.202894682417593, 9.241534172713795 ], [ 79.202887144654042, 9.241532055381052 ], [ 79.202879607788788, 9.241529938048307 ], [ 79.202872070923576, 9.241527819828864 ], [ 79.202864534058335, 9.241525701609444 ], [ 79.202856997193081, 9.241523585163325 ], [ 79.202849460327869, 9.241521466943855 ], [ 79.202841922564318, 9.241519349611035 ], [ 79.202834385699077, 9.241517231391565 ], [ 79.202826849732148, 9.241515113172058 ], [ 79.202819312866907, 9.2415129958392 ], [ 79.202811776001695, 9.241510879393003 ], [ 79.202804239136441, 9.241508761173483 ], [ 79.202794000138866, 9.24150777432609 ], [ 79.202783762039545, 9.241506786592099 ], [ 79.202773523041955, 9.241505799744706 ], [ 79.202763284942648, 9.24150481289734 ], [ 79.202753046843355, 9.241503826049971 ], [ 79.202742807845738, 9.241502839202605 ], [ 79.202732569746459, 9.241501852355199 ], [ 79.202722331647166, 9.241500864621194 ], [ 79.202712094446184, 9.241499878660452 ], [ 79.202701855448595, 9.241498890926398 ], [ 79.202691615552652, 9.241497904079017 ], [ 79.202681376555063, 9.241496917231638 ], [ 79.202671139354081, 9.24149593038422 ], [ 79.202660901254788, 9.24149494442349 ], [ 79.202650663155495, 9.241493956689434 ], [ 79.202640425056188, 9.241492968955367 ], [ 79.202630186058599, 9.241491982107961 ], [ 79.202619947959278, 9.24149099526057 ], [ 79.202609708961702, 9.241490009299801 ], [ 79.202599470862367, 9.241489021565719 ], [ 79.202589231864792, 9.241488034718301 ], [ 79.202578993765471, 9.241487046984222 ], [ 79.202568754767881, 9.241486060136817 ], [ 79.202558516668603, 9.241485073289361 ], [ 79.202548278569282, 9.241484087328617 ], [ 79.202538039571706, 9.241483099594511 ], [ 79.20252780237071, 9.241482112747093 ], [ 79.202517563373092, 9.241481125012989 ], [ 79.202507325273814, 9.241480138165556 ], [ 79.202497086276196, 9.241479152204763 ], [ 79.202486848176903, 9.24147816535732 ], [ 79.202476609179286, 9.241477177623214 ], [ 79.202470069444018, 9.241477603217803 ], [ 79.202463527912116, 9.241478027039081 ], [ 79.202456987278552, 9.241478454406982 ], [ 79.202450445746663, 9.241478878228234 ], [ 79.202443905113057, 9.241479302936186 ], [ 79.202437363581168, 9.2414797276441 ], [ 79.202430822947591, 9.241480154125327 ], [ 79.202424282313999, 9.241480578833279 ], [ 79.202417740782096, 9.241481004427856 ], [ 79.202411200148504, 9.241481428249108 ], [ 79.202404660413265, 9.24148185295706 ], [ 79.202398117983037, 9.241482279438285 ], [ 79.202391577349431, 9.241482704146225 ], [ 79.202385036715867, 9.241483128854139 ], [ 79.202378495183964, 9.241483553562054 ], [ 79.202371953652076, 9.24148397915663 ], [ 79.20236541301847, 9.241484403864582 ], [ 79.202358873283202, 9.241484828572496 ], [ 79.2023523317513, 9.241485254167072 ], [ 79.202345790219411, 9.241485679761661 ], [ 79.202339248687508, 9.241486103582901 ], [ 79.202332708952241, 9.241486529177489 ], [ 79.202326168318677, 9.241486953885429 ], [ 79.20231962588845, 9.241487378593332 ], [ 79.202313085254886, 9.241487805074545 ], [ 79.20230654462128, 9.241488229782485 ], [ 79.202300003987688, 9.241488655377074 ], [ 79.202293461557488, 9.241489079198299 ], [ 79.202286920923882, 9.24148950479289 ], [ 79.202280380290333, 9.241489930387452 ], [ 79.202273839656712, 9.241490355095392 ], [ 79.202267299023163, 9.241490779803295 ], [ 79.202260046923854, 9.241493041661117 ], [ 79.202252795722885, 9.24149530440555 ], [ 79.202245543623576, 9.24149756537666 ], [ 79.202238292422621, 9.241499827234433 ], [ 79.20223104032334, 9.241502089092192 ], [ 79.202223789122385, 9.241504350949926 ], [ 79.202216537921402, 9.24150661280766 ], [ 79.202209285822107, 9.241508874665367 ], [ 79.202202033722799, 9.241511137409701 ], [ 79.202194783420168, 9.24151339838072 ], [ 79.20218753132086, 9.241515660238392 ], [ 79.202180279221594, 9.241517922096035 ], [ 79.202173028918921, 9.241520183067005 ], [ 79.202165776819626, 9.241522444924625 ], [ 79.202158524720346, 9.241524706782231 ], [ 79.202151272621037, 9.241526968639837 ], [ 79.202144022318407, 9.241529231384055 ], [ 79.202136770219113, 9.241531492354948 ], [ 79.202129518119804, 9.241533754212504 ], [ 79.202122267817174, 9.241536015183373 ], [ 79.202115015717865, 9.241538277927566 ], [ 79.202107763618599, 9.241540539785071 ], [ 79.202100512417587, 9.241542800755887 ], [ 79.202093261216618, 9.241545064386678 ], [ 79.202086009117352, 9.24154732358417 ], [ 79.202078757018043, 9.241549587214923 ], [ 79.202071506715413, 9.241551849072366 ], [ 79.202064254616118, 9.241554110043118 ], [ 79.202057003415135, 9.24155637190052 ], [ 79.20204975131584, 9.241558632871236 ], [ 79.202042500114871, 9.241560895615264 ], [ 79.202035248015591, 9.241563158359291 ], [ 79.202028139646742, 9.241568245099982 ], [ 79.202021031277908, 9.241573331840611 ], [ 79.20201392201075, 9.241578418581151 ], [ 79.202006812743576, 9.241583506208302 ], [ 79.201999704374742, 9.241588593835338 ], [ 79.201992595107598, 9.241593680575701 ], [ 79.201985486738749, 9.241598768202596 ], [ 79.201978378369887, 9.241603855829442 ], [ 79.201971270001053, 9.241608942569549 ], [ 79.201964160733894, 9.241614030196255 ], [ 79.20195705236506, 9.241619116936223 ], [ 79.201949943097901, 9.241624204562738 ], [ 79.201942833830728, 9.241629292189227 ], [ 79.201935724563569, 9.241634378928964 ], [ 79.201928616194749, 9.241639467441939 ], [ 79.201921507825887, 9.241644554181537 ], [ 79.201917242624916, 9.241650063855483 ], [ 79.20191297832227, 9.241655575302639 ], [ 79.201908713121284, 9.241661084976419 ], [ 79.201904448818624, 9.241666596423398 ], [ 79.201900183617667, 9.241672106096974 ], [ 79.201895919315021, 9.241677616657137 ], [ 79.201891654114036, 9.241683128103887 ], [ 79.201887388913093, 9.241688637777209 ], [ 79.201883124610433, 9.241694149223779 ], [ 79.201878860307772, 9.241699658896938 ], [ 79.201874595106815, 9.241705170343304 ], [ 79.20187032990583, 9.241710680016322 ], [ 79.201866065603184, 9.241716190575886 ], [ 79.201861802198849, 9.241721701135351 ], [ 79.201857536997878, 9.241727211694711 ], [ 79.201853271796921, 9.241732723140672 ], [ 79.201849006595936, 9.241738232813232 ], [ 79.201844743191614, 9.241743744259026 ], [ 79.201840477990615, 9.241749253931394 ], [ 79.201836212789672, 9.241754765377024 ], [ 79.201831947588687, 9.241760275049227 ], [ 79.201827683286041, 9.241765785608015 ], [ 79.201823418983381, 9.241771296166716 ], [ 79.201819153782424, 9.241776806725326 ], [ 79.201814888581438, 9.241782318170486 ], [ 79.201810624278778, 9.241787827842256 ], [ 79.201806359976132, 9.241793339287275 ], [ 79.201802094775189, 9.241798848958879 ], [ 79.20179782957419, 9.241804360403734 ], [ 79.201793565271529, 9.241809870075148 ], [ 79.201789300070587, 9.24181538063316 ], [ 79.201785035767927, 9.241820891191084 ], [ 79.201782762131955, 9.241827532233392 ], [ 79.201780487597631, 9.24183417238895 ], [ 79.201778213961674, 9.241840813431054 ], [ 79.201775940325689, 9.241847452699682 ], [ 79.201773666689704, 9.241854092854856 ], [ 79.201771393053718, 9.241860733896592 ], [ 79.20176912031603, 9.241867374051512 ], [ 79.201766845781734, 9.241874015092943 ], [ 79.201764572145763, 9.241880655247623 ], [ 79.201762299408102, 9.241887295402186 ], [ 79.201760023975481, 9.241893936443274 ], [ 79.201757750339496, 9.241900575710909 ], [ 79.201755476703511, 9.24190721586508 ], [ 79.201753203067526, 9.241913856905798 ], [ 79.201750929431526, 9.241920497946401 ], [ 79.201748655795541, 9.241927137213526 ], [ 79.201746382159556, 9.241933778253877 ], [ 79.201744109421909, 9.24194041929406 ], [ 79.201741833989288, 9.241947058560855 ], [ 79.201739560353303, 9.241953698714148 ], [ 79.201737286717318, 9.241960339753962 ], [ 79.201735013081333, 9.241966979020376 ], [ 79.201732739445333, 9.241973620059936 ], [ 79.201730465809348, 9.241980261099394 ], [ 79.201728192173363, 9.241986901252076 ], [ 79.201725919435717, 9.241993541404618 ], [ 79.201723644003096, 9.242000181557046 ], [ 79.201721370367096, 9.242006822595982 ], [ 79.201719096731125, 9.242013461861518 ], [ 79.20171682309514, 9.2420201029002 ], [ 79.201714548560844, 9.242026743052133 ], [ 79.201712275823155, 9.242033384090586 ], [ 79.201712562385737, 9.242044403426188 ], [ 79.201712848948333, 9.242055422761473 ], [ 79.201713136409211, 9.242066442096412 ], [ 79.201713422073482, 9.242077462317647 ], [ 79.201713708636063, 9.242088480765226 ], [ 79.201713995198645, 9.242099500099123 ], [ 79.201714282659509, 9.242110519432689 ], [ 79.201714569222077, 9.242121539652549 ], [ 79.201714855784658, 9.242132558098742 ], [ 79.201715143245565, 9.242143578317915 ], [ 79.201715429808132, 9.242154597650094 ], [ 79.2017157163707, 9.242165616981932 ], [ 79.201716002933281, 9.24217663720006 ], [ 79.201716290394188, 9.242187655644535 ], [ 79.20171657695677, 9.242198675862005 ], [ 79.201716862621012, 9.242209695192429 ], [ 79.201718145415228, 9.242216476318692 ], [ 79.201719424616201, 9.242223256558168 ], [ 79.201720707410416, 9.242230037684164 ], [ 79.201721988408011, 9.242236818810047 ], [ 79.201723269405605, 9.242243599935751 ], [ 79.201724550403199, 9.242250381061368 ], [ 79.201725831400822, 9.242257161300181 ], [ 79.201727112398416, 9.242263942425542 ], [ 79.201728394294321, 9.242270724437398 ], [ 79.201729675291915, 9.242277504675844 ], [ 79.201730956289509, 9.242284284914135 ], [ 79.201732237287104, 9.242291066038975 ], [ 79.201733519183023, 9.242297848050297 ], [ 79.201734800180603, 9.242304629174869 ], [ 79.201736081178197, 9.24231140941264 ], [ 79.201737362175805, 9.242318191423582 ], [ 79.201738644071696, 9.242324971661098 ], [ 79.201739924170994, 9.242331752785148 ], [ 79.201741206066885, 9.242338533022384 ], [ 79.201742487064465, 9.242345314146167 ], [ 79.201743768960412, 9.242352096156461 ], [ 79.201745049059696, 9.242358877279989 ], [ 79.20174633005729, 9.242365658403378 ], [ 79.201747611953181, 9.242372438639977 ], [ 79.201748892950775, 9.242379219763112 ], [ 79.201750173948369, 9.242386000886107 ], [ 79.201751454945963, 9.242392781122312 ], [ 79.201752736841897, 9.242399562245014 ], [ 79.201754017839491, 9.242406344254302 ], [ 79.201755298837085, 9.242413125376775 ], [ 79.201756579834679, 9.242419904725784 ], [ 79.20175786173057, 9.242426685848002 ], [ 79.201760209028421, 9.242434880294921 ], [ 79.201762557224555, 9.242443073855013 ], [ 79.201764906319042, 9.242451267414912 ], [ 79.201767253616879, 9.242459460974622 ], [ 79.201769600914702, 9.242467653647479 ], [ 79.201771950009174, 9.242475847206807 ], [ 79.201774297307026, 9.242484040765943 ], [ 79.201776644604848, 9.242492234324889 ], [ 79.201778993699321, 9.242500427883657 ], [ 79.201781340997172, 9.242508622328845 ], [ 79.201783689193306, 9.242516815000583 ], [ 79.201786038287793, 9.242525008558765 ], [ 79.201788385585601, 9.242533203003408 ], [ 79.201790732883467, 9.242541395674547 ], [ 79.201793081977925, 9.242549589232143 ], [ 79.201795429275748, 9.242557782789575 ], [ 79.201797776573599, 9.242565976346803 ], [ 79.201800125668072, 9.242574169903842 ], [ 79.201802472965895, 9.242582364347326 ], [ 79.201804821162071, 9.242590557017358 ], [ 79.201807170256501, 9.24259875057381 ], [ 79.201809517554366, 9.242606945016734 ], [ 79.201811864852218, 9.242615137686155 ], [ 79.201814213946662, 9.242623331242049 ], [ 79.201816561244499, 9.24263152479775 ], [ 79.201818909440647, 9.242639718353274 ], [ 79.201821256738498, 9.242647911908595 ], [ 79.201823604934646, 9.24265610635036 ], [ 79.201825953130793, 9.242664299018674 ], [ 79.201828301326969, 9.242672492573423 ], [ 79.201830650421414, 9.242680686127992 ], [ 79.201832996820926, 9.242688878795697 ], [ 79.201835345017102, 9.242697073236508 ], [ 79.201837693213264, 9.242705266790493 ], [ 79.201840041409397, 9.2427134603443 ], [ 79.201842388707249, 9.242721653897902 ], [ 79.201844736903396, 9.242729846564652 ], [ 79.201847085099544, 9.242738041004548 ], [ 79.201849433295678, 9.242746234557577 ], [ 79.201851780593529, 9.242754427223767 ], [ 79.201854128789691, 9.242762620776416 ], [ 79.201856476985839, 9.242770815215511 ], [ 79.201858825182015, 9.242779008767791 ], [ 79.201861173378163, 9.242787202319867 ], [ 79.201863520675971, 9.242795395871765 ], [ 79.201865868872147, 9.24280358942346 ], [ 79.201868217068295, 9.242811782974975 ], [ 79.201870565264443, 9.242819975639639 ], [ 79.201872912562294, 9.24282816919076 ], [ 79.201875260758442, 9.242836362741691 ], [ 79.20187760895459, 9.242844557179081 ], [ 79.201879956252441, 9.242852750729643 ], [ 79.201882305346885, 9.242860944280002 ], [ 79.201884652644722, 9.242869137830183 ], [ 79.20188700084087, 9.242877331380173 ], [ 79.201889349037017, 9.242885524043297 ], [ 79.201891697233194, 9.242893717592905 ], [ 79.201894045429341, 9.242901911142308 ], [ 79.20189639272715, 9.242910104691536 ], [ 79.20189874092334, 9.242918299127195 ], [ 79.201901088221149, 9.242926492676039 ], [ 79.201903437315636, 9.242934686224693 ], [ 79.201905784613473, 9.242942879773157 ], [ 79.201908132809635, 9.242951072434753 ], [ 79.201910835840323, 9.242958630253604 ], [ 79.201913538870983, 9.242966188958924 ], [ 79.201916242800024, 9.242973745890769 ], [ 79.201918946729023, 9.242981303709135 ], [ 79.201921648861386, 9.242988862413959 ], [ 79.201924352790371, 9.242996419345333 ], [ 79.201927056719413, 9.243003977163204 ], [ 79.20192975885179, 9.243011534094245 ], [ 79.201932462780789, 9.243019092798461 ], [ 79.201935166709774, 9.243026650615809 ], [ 79.201937869740476, 9.243034208433043 ], [ 79.201940572771178, 9.243041766250098 ], [ 79.201943276700177, 9.243049323180326 ], [ 79.201945979730866, 9.24305688099704 ], [ 79.201948682761525, 9.243064438813612 ], [ 79.201951385792242, 9.243071996630018 ], [ 79.201954089721227, 9.243079553559598 ], [ 79.201956793650268, 9.243087112262311 ], [ 79.201959495782631, 9.243094670078248 ], [ 79.20196219971163, 9.243102227894006 ], [ 79.201964903640629, 9.243109784822936 ], [ 79.201967605772992, 9.24311734263839 ], [ 79.20197030970202, 9.243124901340288 ], [ 79.201973013631019, 9.243132458268736 ], [ 79.201975716661721, 9.243140016083693 ], [ 79.201978419692395, 9.243147573898446 ], [ 79.201981123621422, 9.243155131713072 ], [ 79.201983826652082, 9.243162690414168 ], [ 79.201986529682785, 9.243170247341814 ], [ 79.201989232713487, 9.243177805155957 ], [ 79.201991936642486, 9.24318536208326 ], [ 79.201994640571485, 9.243192919897071 ], [ 79.201997342703848, 9.243200478597368 ], [ 79.202000046632875, 9.243208036410849 ], [ 79.202002750561874, 9.243215594224177 ], [ 79.202005452694237, 9.243223151150676 ], [ 79.202008156623251, 9.243230708963662 ], [ 79.202010860552264, 9.243238266776494 ], [ 79.202013563582938, 9.243245824589174 ], [ 79.20201626661364, 9.243253382401662 ], [ 79.202018971440964, 9.243260939327387 ], [ 79.202021673573327, 9.243268498026207 ], [ 79.202024378400665, 9.243276055838249 ], [ 79.202027079634703, 9.243283612763452 ], [ 79.202029783563731, 9.243291170575128 ], [ 79.202032486594391, 9.243298728386662 ], [ 79.202035189625093, 9.243306286198044 ], [ 79.202037893554092, 9.243313844009235 ], [ 79.202040596584794, 9.243321401820298 ], [ 79.202043301412118, 9.243328959631198 ], [ 79.202046004442806, 9.24333651744193 ], [ 79.202048708371819, 9.243344075252459 ], [ 79.202051411402508, 9.243351633062861 ], [ 79.202054114433182, 9.24335918998645 ], [ 79.202056816565545, 9.243366747796532 ], [ 79.202059519596247, 9.243374305606427 ], [ 79.202062224423571, 9.243381863416181 ], [ 79.202064926555948, 9.243389422112404 ], [ 79.202067631383272, 9.243396979035216 ], [ 79.20207033441396, 9.24340453684446 ], [ 79.202073037444634, 9.243412093766903 ], [ 79.202075741373662, 9.243419651575854 ], [ 79.202078444404336, 9.243427210271266 ], [ 79.202081147435024, 9.243434767193223 ], [ 79.202083849567401, 9.243440417816606 ], [ 79.202086552598089, 9.243446069326485 ], [ 79.202089255628806, 9.24345171994965 ], [ 79.202091959557791, 9.243457369686089 ], [ 79.202094662588493, 9.243463020309065 ], [ 79.202097365619167, 9.24346867093195 ], [ 79.202100068649855, 9.243474322441422 ], [ 79.202102770782233, 9.243479971290817 ], [ 79.202105473812935, 9.243485621913448 ], [ 79.202108176843637, 9.24349127342264 ], [ 79.202110879874297, 9.243496923158405 ], [ 79.202113582905, 9.243502573780743 ], [ 79.202116285935702, 9.243508224402992 ], [ 79.202118988068065, 9.243513875025155 ], [ 79.202121691997064, 9.243519525647264 ], [ 79.202124395027766, 9.243525176269246 ], [ 79.202127098058426, 9.243530826004477 ], [ 79.202129801089129, 9.243536476626268 ], [ 79.202132504119831, 9.243542127247984 ], [ 79.202135207150519, 9.243547777869622 ], [ 79.202137910181193, 9.243553427604496 ], [ 79.202140612313571, 9.243559079112595 ], [ 79.202143315344259, 9.24356472973394 ], [ 79.202146018374961, 9.243570380355198 ], [ 79.202148721405649, 9.243576030976365 ], [ 79.202151424436323, 9.243581680710808 ], [ 79.202154128365351, 9.243587331331785 ], [ 79.202156831396024, 9.243592981952673 ], [ 79.202159534426713, 9.243598632573486 ], [ 79.20216223655909, 9.243604283194196 ], [ 79.202164939589778, 9.24360993292818 ], [ 79.202167641722156, 9.243615584435348 ], [ 79.202172051551884, 9.243623000375939 ], [ 79.202176461381626, 9.243630416316339 ], [ 79.20218087121134, 9.243637833143261 ], [ 79.202185281041054, 9.243645248196705 ], [ 79.20218969087081, 9.243652664136647 ], [ 79.202194100700524, 9.243660080963085 ], [ 79.202198509631955, 9.243667496902747 ], [ 79.202202918563373, 9.243674912842216 ], [ 79.202207330189722, 9.243682328781523 ], [ 79.202211739121154, 9.243689745607337 ], [ 79.202216148950868, 9.243697162433 ], [ 79.202220558780624, 9.243704576598573 ], [ 79.202224967712027, 9.243711993423929 ], [ 79.202229378440052, 9.24371941024912 ], [ 79.202233788269794, 9.243726826187485 ], [ 79.202238198099522, 9.243734242125708 ], [ 79.202242607030939, 9.24374165895043 ], [ 79.202247016860653, 9.243749074888362 ], [ 79.20225142669041, 9.243756489939477 ], [ 79.202255835621798, 9.243763905877078 ], [ 79.202260246349837, 9.243771322701175 ], [ 79.202264656179594, 9.243778738638445 ], [ 79.202269066009322, 9.243786154575613 ], [ 79.202273474940725, 9.243793571399239 ], [ 79.202277884770453, 9.243800988222713 ], [ 79.202282294600195, 9.243808403272697 ], [ 79.20228670532822, 9.243815819209228 ], [ 79.202291114259637, 9.24382323514557 ], [ 79.202295524089394, 9.243830651968421 ], [ 79.202299933020782, 9.243838067904482 ], [ 79.202304342850539, 9.243845483840351 ], [ 79.202308752680253, 9.243852900662745 ], [ 79.202313163408292, 9.243860316598298 ], [ 79.20231757323802, 9.243867733420371 ], [ 79.202321982169437, 9.243875147582358 ], [ 79.202326391999151, 9.243882565290738 ], [ 79.202330800930568, 9.243889981225667 ], [ 79.202335210760324, 9.243897397160481 ], [ 79.202339620590038, 9.243904813095105 ], [ 79.202344031318091, 9.243912229029601 ], [ 79.202348440249509, 9.243919644963919 ], [ 79.202352850079237, 9.243927060898072 ], [ 79.20235725990895, 9.243934476832097 ], [ 79.202361668840382, 9.243941893652607 ], [ 79.20236607867011, 9.24394930958629 ], [ 79.202370489398135, 9.243956726406493 ], [ 79.202374899227891, 9.243964142339895 ], [ 79.202379308159308, 9.243971558273106 ], [ 79.202383717989022, 9.243978974206177 ], [ 79.202388127818736, 9.24398639013911 ], [ 79.202392536750168, 9.243993806071851 ], [ 79.202396948376546, 9.244001222891113 ], [ 79.202401357307934, 9.244008638823548 ], [ 79.202405767137677, 9.244016054755857 ], [ 79.202410176069108, 9.244023471574648 ], [ 79.202414585898822, 9.244030888393276 ], [ 79.20241899572855, 9.244038303438463 ], [ 79.202423405558307, 9.24404571937011 ], [ 79.20242781538802, 9.244053136188279 ], [ 79.202432225217734, 9.24406055211962 ], [ 79.202436635047476, 9.244067968050834 ], [ 79.202441043978865, 9.244075383981869 ], [ 79.202445453808622, 9.244082800799402 ], [ 79.202449863638336, 9.244090215843483 ], [ 79.202458396735238, 9.244097560842171 ], [ 79.202466930730424, 9.24410490495403 ], [ 79.202475463827327, 9.244112250839034 ], [ 79.202483997822512, 9.24411959495059 ], [ 79.202492530919372, 9.244126939062028 ], [ 79.202501064016275, 9.244134284946563 ], [ 79.20250959801146, 9.24414162905766 ], [ 79.202518132006688, 9.244148973168603 ], [ 79.202526948072872, 9.244150666667551 ], [ 79.202535765037382, 9.244152361053136 ], [ 79.202544581103595, 9.24415405543872 ], [ 79.202553398068105, 9.244155748937642 ], [ 79.202562214134289, 9.24415744243654 ], [ 79.202571031098799, 9.244159135935437 ], [ 79.202579848063309, 9.244160829434334 ], [ 79.202588665027832, 9.244162522933205 ], [ 79.202597481094045, 9.24416421643209 ], [ 79.202606298058555, 9.244165909930947 ], [ 79.202615115023065, 9.244167603429819 ], [ 79.202623931987574, 9.244169296928691 ], [ 79.202632747155462, 9.244170991314162 ], [ 79.202641564119972, 9.244172684812995 ], [ 79.202650381084482, 9.244174378311815 ], [ 79.202659198048991, 9.244176071810635 ], [ 79.202670290446122, 9.244175222401308 ], [ 79.20268138014832, 9.244174372105306 ], [ 79.202692471647111, 9.244173522695942 ], [ 79.202703563145946, 9.244172673286563 ], [ 79.202714654644737, 9.244171822990561 ], [ 79.202725745245246, 9.244170972694558 ], [ 79.202736836744066, 9.244170124171843 ], [ 79.202747928242871, 9.244169272989177 ], [ 79.202759018843366, 9.244168423579787 ], [ 79.202770111240497, 9.244167574170396 ], [ 79.202781200942681, 9.244166723874393 ], [ 79.202792293339812, 9.244165873578366 ], [ 79.202803383940307, 9.244165025055651 ], [ 79.202814476337437, 9.244164174759621 ], [ 79.202825566937932, 9.244163325350231 ], [ 79.202836658436723, 9.244162475940827 ], [ 79.202847322337476, 9.244160072236397 ], [ 79.202857987136554, 9.244157667645281 ], [ 79.202868651037264, 9.244155263940813 ], [ 79.202879314938002, 9.244152861122982 ], [ 79.20288997973708, 9.24415045741849 ], [ 79.202900645434454, 9.244148052827308 ], [ 79.202911308436867, 9.244145649122764 ], [ 79.202921973235917, 9.244143246304857 ], [ 79.20293263803498, 9.244140841713651 ], [ 79.202943301037394, 9.244138438009031 ], [ 79.202953965836443, 9.244136034304436 ], [ 79.202964630635506, 9.244133630599816 ], [ 79.202975295434555, 9.244131226895183 ], [ 79.202985959335294, 9.244128823190524 ], [ 79.202996624134343, 9.244126418599203 ], [ 79.203007288035082, 9.244124015781182 ], [ 79.20301795193582, 9.244121612076485 ], [ 79.203028615836558, 9.244119208371737 ], [ 79.203039280635608, 9.244116803780377 ], [ 79.203049945434657, 9.244114400075631 ], [ 79.203060609335395, 9.244111997257482 ], [ 79.20307127413443, 9.244109592666046 ], [ 79.203081938035183, 9.244107188961248 ], [ 79.203092601935921, 9.244104785256436 ], [ 79.203103266734956, 9.244102382438275 ], [ 79.203113932432331, 9.244099977846764 ], [ 79.203124595434772, 9.244097574141902 ], [ 79.203135260233822, 9.244095170437014 ], [ 79.20314592413456, 9.244092766732113 ], [ 79.203156588035313, 9.244090363027174 ], [ 79.203167252834348, 9.244087959322249 ], [ 79.203177917633383, 9.244085555617298 ], [ 79.203184743032935, 9.244086120412616 ], [ 79.203191569330784, 9.244086683434597 ], [ 79.203198393831997, 9.244087247343252 ], [ 79.203205220129831, 9.244087811251894 ], [ 79.203212046427694, 9.244088375160551 ], [ 79.203218870928893, 9.244088938182557 ], [ 79.203225697226742, 9.244089502091212 ], [ 79.203232521727969, 9.244090065999842 ], [ 79.203239348025804, 9.244090629021823 ], [ 79.203246174323652, 9.244091193817141 ], [ 79.203252998824851, 9.244091756839108 ], [ 79.203259825122714, 9.244092320747752 ], [ 79.203266651420549, 9.244092884656395 ], [ 79.203273475921762, 9.244093448565025 ], [ 79.203280301321271, 9.24409401336033 ], [ 79.20328712761912, 9.244094576382297 ], [ 79.203297081850792, 9.244098812790245 ], [ 79.20330703698076, 9.244103049198143 ], [ 79.203316992110757, 9.24410728560599 ], [ 79.203326946342401, 9.24411152112711 ], [ 79.203336900574058, 9.244115758421504 ], [ 79.203346856602366, 9.244119993942535 ], [ 79.203356810834023, 9.244124231236803 ], [ 79.203366765065709, 9.244128466757758 ], [ 79.203376720195664, 9.244132704051923 ], [ 79.203386675325632, 9.244136939572751 ], [ 79.203396629557304, 9.244141175980177 ], [ 79.203406584687272, 9.244145412387565 ], [ 79.203416538918958, 9.24414964879489 ], [ 79.203426494947237, 9.244153885202177 ], [ 79.203436449178923, 9.244158120722737 ], [ 79.203446404308892, 9.244162358016585 ], [ 79.203453373438862, 9.244168573423401 ], [ 79.203460341670521, 9.244174787056844 ], [ 79.203467310800505, 9.244181001576795 ], [ 79.203474279930475, 9.244187216096657 ], [ 79.203481249060431, 9.244193432389691 ], [ 79.203488218190415, 9.244199646022688 ], [ 79.203495187320399, 9.244205861428881 ], [ 79.203502157348666, 9.244212075948285 ], [ 79.203509125580368, 9.244218291354224 ], [ 79.203516093811999, 9.244224504986789 ], [ 79.203523062941983, 9.244230720392537 ], [ 79.203530032071939, 9.244236934911521 ], [ 79.203537001201923, 9.244243150317015 ], [ 79.203543970331907, 9.24424936483577 ], [ 79.203550938563552, 9.24425557935445 ], [ 79.203557908591833, 9.244261793872989 ], [ 79.203564877721817, 9.244268008391414 ], [ 79.203571846851801, 9.244274222909723 ], [ 79.203578815981786, 9.244280438314556 ], [ 79.203585785111727, 9.244286652832688 ], [ 79.203592754241711, 9.244292868237304 ], [ 79.203599723371696, 9.244299082755195 ], [ 79.203606691603341, 9.244305297272957 ], [ 79.203613660733325, 9.244311511790645 ], [ 79.203620629863309, 9.244317727194828 ], [ 79.203627598993251, 9.24432394171226 ], [ 79.203634568123235, 9.244330157116266 ], [ 79.203641537253219, 9.244336371633482 ], [ 79.203648506383203, 9.244342586150584 ], [ 79.203655476411484, 9.244348800667582 ], [ 79.203662444643129, 9.244355015184482 ], [ 79.203669413773113, 9.244361230587915 ], [ 79.203678516401908, 9.244365184151908 ], [ 79.203687617234038, 9.24436913771585 ], [ 79.203696718066183, 9.244373092166379 ], [ 79.203705819796653, 9.244377046616895 ], [ 79.203714922425405, 9.244381000180661 ], [ 79.203724023257564, 9.244384953744438 ], [ 79.20373312498802, 9.244388908194814 ], [ 79.20374222582015, 9.244392861758465 ], [ 79.203749053016324, 9.244399077161237 ], [ 79.203755879314173, 9.244405291677243 ], [ 79.203762707408643, 9.244411507079798 ], [ 79.203769533706492, 9.244417720708915 ], [ 79.203776360004326, 9.244423936111254 ], [ 79.203783187200472, 9.244430150626815 ], [ 79.203790014396645, 9.244436366028939 ], [ 79.20379684069448, 9.244442579657608 ], [ 79.203799898559708, 9.244449926422242 ], [ 79.203802959119884, 9.24445727141341 ], [ 79.203806017883437, 9.244464617291062 ], [ 79.203809075748651, 9.244471963168587 ], [ 79.203812135410502, 9.244479309045934 ], [ 79.203815194174055, 9.244486654036493 ], [ 79.20381825203927, 9.244493999913534 ], [ 79.203821311701148, 9.244501345790409 ], [ 79.203824371362998, 9.244508691667146 ], [ 79.203827429228227, 9.244516038430392 ], [ 79.203830487991766, 9.244523383420187 ], [ 79.203833547653616, 9.244530729296452 ], [ 79.203836606417156, 9.244538075172603 ], [ 79.203839665180723, 9.244545421048564 ], [ 79.203842723944263, 9.244552766037748 ], [ 79.203845781809477, 9.244560111913401 ], [ 79.203848840573045, 9.244567457788904 ], [ 79.203851900234881, 9.244574803664293 ], [ 79.203854958998434, 9.244582150426126 ], [ 79.203858017761959, 9.244589495414534 ], [ 79.203861077423838, 9.244596840402789 ], [ 79.203864136187349, 9.244604186277527 ], [ 79.203867194052606, 9.244611532152151 ], [ 79.203870253714442, 9.244618878026586 ], [ 79.203873313376292, 9.24462622301423 ], [ 79.203876371241549, 9.244633568888357 ], [ 79.203879430005074, 9.24464091476232 ], [ 79.203882488768613, 9.244648260636144 ], [ 79.203885548430463, 9.244655607396476 ], [ 79.20388860629572, 9.244662952383356 ], [ 79.20389166595757, 9.244670298256709 ], [ 79.203894723822785, 9.244677644129947 ], [ 79.203897782586324, 9.244684989116344 ], [ 79.203900842248174, 9.244692334989276 ], [ 79.203903900113389, 9.244699680862018 ], [ 79.203906959775281, 9.244707026734607 ], [ 79.203910019437131, 9.244714372607081 ], [ 79.203913077302346, 9.244721717592702 ], [ 79.203916136065899, 9.244729064351496 ], [ 79.20391919572775, 9.244736410223474 ], [ 79.203922253592992, 9.244743756095337 ], [ 79.203925313254842, 9.244751101080373 ], [ 79.203928372018396, 9.244758446065232 ], [ 79.20393142988361, 9.244765791936638 ], [ 79.203934490443785, 9.24477313780784 ], [ 79.203937548309014, 9.244780483678902 ], [ 79.203940607072568, 9.244787830436474 ], [ 79.203943665836107, 9.244795175420593 ], [ 79.203946724599632, 9.244802521291199 ], [ 79.203949783363171, 9.244809867161637 ], [ 79.203952842126739, 9.244817213031961 ], [ 79.203955901788589, 9.244824558015445 ], [ 79.203958959653804, 9.244831903885464 ], [ 79.203962019315668, 9.244839249755293 ], [ 79.203965078079193, 9.244846595624981 ], [ 79.203968136842747, 9.244853942381166 ], [ 79.2039711956063, 9.244861287363898 ], [ 79.20397425526815, 9.244868633233116 ], [ 79.203977313133393, 9.244875979102193 ], [ 79.203980371896904, 9.244883324971132 ], [ 79.203983431558797, 9.244890669953268 ], [ 79.203986490322308, 9.244898014935211 ], [ 79.203989549085861, 9.244905360803692 ], [ 79.203992607849415, 9.244912706671993 ], [ 79.203993746913198, 9.24491969965475 ], [ 79.203994885976982, 9.244926692637367 ], [ 79.203996025040738, 9.244933685619845 ], [ 79.203997164104521, 9.244940678602182 ], [ 79.203998304066644, 9.244947671584431 ], [ 79.203999442232089, 9.244954664566475 ], [ 79.204000582194169, 9.244961658435029 ], [ 79.204001720359628, 9.244968651416844 ], [ 79.204002860321751, 9.244975642625208 ], [ 79.204003999385534, 9.24498263560672 ], [ 79.204005137550993, 9.244989628588076 ], [ 79.204006278411399, 9.244996621569307 ], [ 79.204007415678561, 9.24500361543706 ], [ 79.204008555640641, 9.245010608417997 ], [ 79.2040096938061, 9.245017601398821 ], [ 79.204010833768223, 9.245024594379492 ], [ 79.204011972831978, 9.245031587360023 ], [ 79.204013111895748, 9.245038580340413 ], [ 79.204014250959546, 9.245045573320702 ], [ 79.204015390023329, 9.245052565414165 ], [ 79.204016529087113, 9.245059558394148 ], [ 79.204017668150911, 9.245066551374004 ], [ 79.204018807214652, 9.245073544353708 ], [ 79.204019947176775, 9.245080537333273 ], [ 79.20402108534222, 9.245087530312697 ], [ 79.2040222253043, 9.24509452329198 ], [ 79.204023362571462, 9.245101516271124 ], [ 79.204024503431881, 9.245108509250128 ], [ 79.20402564159734, 9.24511550222903 ], [ 79.204026780661124, 9.245122494321093 ], [ 79.204027920623204, 9.245129487299677 ], [ 79.204029058788691, 9.245136480278134 ], [ 79.204030198750772, 9.245143473256476 ], [ 79.204031336916245, 9.245150466234641 ], [ 79.204032476878353, 9.245157459212678 ], [ 79.204033615043812, 9.245164452190576 ], [ 79.204034755005893, 9.245171445168333 ], [ 79.204035894069676, 9.245178438145937 ], [ 79.204037033133474, 9.245185431123428 ], [ 79.204038172197244, 9.245192424100789 ], [ 79.204039311261042, 9.245199416191339 ], [ 79.204040450324797, 9.245206409168397 ], [ 79.204041589388581, 9.245213402145351 ], [ 79.204042727554068, 9.245220395122129 ], [ 79.204043868414459, 9.245227388098767 ], [ 79.204045006579946, 9.245234381075278 ], [ 79.204046145643716, 9.245241374051648 ], [ 79.204047284707471, 9.245248367027866 ], [ 79.204048423771269, 9.245255360890619 ], [ 79.204049562835053, 9.24526235386657 ], [ 79.204050701898836, 9.245269345955757 ], [ 79.204051841860917, 9.245276338931415 ], [ 79.204052980026418, 9.245283331906945 ], [ 79.204054119988498, 9.245290324882349 ], [ 79.204055258153943, 9.245297317857601 ], [ 79.204056398116066, 9.245304310832712 ], [ 79.204057536281525, 9.245311303807721 ], [ 79.204058676243605, 9.245318296782566 ], [ 79.204059815307389, 9.245325289757256 ], [ 79.204060954371172, 9.245332281845158 ], [ 79.20406209343497, 9.245339274819608 ], [ 79.204063231600415, 9.245346267793892 ], [ 79.204064371562495, 9.245353260768036 ], [ 79.204065509727997, 9.245360253742041 ], [ 79.20407347419129, 9.245365338654588 ], [ 79.204081438654583, 9.245370421793773 ], [ 79.204089403117877, 9.245375506706168 ], [ 79.204097367581227, 9.245380591618499 ], [ 79.20410533204452, 9.245385677417417 ], [ 79.204113297406153, 9.245390759669647 ], [ 79.20412126007281, 9.245395844581749 ], [ 79.204129225434443, 9.245400928607111 ], [ 79.204129794068024, 9.245407144878747 ], [ 79.204130365396537, 9.245413361150243 ], [ 79.204130934030118, 9.245419577421636 ], [ 79.204131505358646, 9.245425792806278 ], [ 79.204132075788834, 9.245432009077444 ], [ 79.20413264532074, 9.245438225348494 ], [ 79.204133215750915, 9.245444440732818 ], [ 79.204133786181146, 9.245450657003651 ], [ 79.204141750644453, 9.245459979193088 ], [ 79.204149716006071, 9.245469302268932 ], [ 79.204157681367704, 9.245478625344521 ], [ 79.204165646729336, 9.24548794841987 ], [ 79.20417361119263, 9.245497269721689 ], [ 79.204181576554262, 9.245506592796527 ], [ 79.204189541915895, 9.245515915871138 ], [ 79.204197506379188, 9.245525238058882 ], [ 79.204205471740821, 9.245534561132995 ], [ 79.204213437102453, 9.245543884206867 ], [ 79.204221401565761, 9.245553206393822 ], [ 79.204229366927393, 9.245562527693899 ], [ 79.204237333187308, 9.245571850767034 ], [ 79.204245299447237, 9.245581173839913 ], [ 79.204253263012234, 9.245590496025875 ], [ 79.20426122837388, 9.245599819098272 ], [ 79.204268196605526, 9.245600523981057 ], [ 79.204275163938874, 9.245601229750466 ], [ 79.204282132170519, 9.245601933746627 ], [ 79.204289100402178, 9.245602638629387 ], [ 79.204296066837244, 9.245603344398834 ], [ 79.204303035068889, 9.245604049281569 ], [ 79.204310004198831, 9.245604754164354 ], [ 79.204316970633897, 9.245605459047127 ], [ 79.204323938865542, 9.245606163929912 ], [ 79.204330907097201, 9.24560686881266 ], [ 79.20433787443055, 9.245607573695432 ], [ 79.204344842662209, 9.245608278578205 ], [ 79.204351810893854, 9.245608984347601 ], [ 79.204358778227203, 9.245609689230372 ], [ 79.204365745560565, 9.245610394113145 ], [ 79.204372714690521, 9.245611098995905 ], [ 79.20437968202387, 9.24561180387864 ], [ 79.204386650255529, 9.245612508761413 ], [ 79.204393617588877, 9.245613215417459 ], [ 79.204400585820522, 9.245613919413568 ], [ 79.204407554052167, 9.245614624296316 ], [ 79.204414522283827, 9.245615329179088 ], [ 79.204421489617175, 9.245616034061809 ], [ 79.204428456950538, 9.245616739831219 ], [ 79.204435426080508, 9.245617443827317 ], [ 79.204442394312167, 9.245618148710076 ], [ 79.204449360747191, 9.245618853592786 ], [ 79.20445632897885, 9.245619560248832 ], [ 79.204463297210509, 9.245620264244929 ], [ 79.204470265442183, 9.245620969127664 ], [ 79.204477232775503, 9.24562167401041 ], [ 79.20448420100719, 9.245622378893158 ], [ 79.204495149673846, 9.245622518096393 ], [ 79.20450609923887, 9.24562265818629 ], [ 79.204517048803851, 9.245622797389563 ], [ 79.204527998368846, 9.245622935706173 ], [ 79.204538947035545, 9.245623074909433 ], [ 79.204549896600525, 9.245623214112708 ], [ 79.204560846165535, 9.245623353315942 ], [ 79.204571794832191, 9.245623493405839 ], [ 79.204582745295525, 9.245623631722475 ], [ 79.204593693962209, 9.245623770925711 ], [ 79.20460464442553, 9.245623910128984 ], [ 79.204615593092214, 9.245624049332244 ], [ 79.204626542657195, 9.245624187648856 ], [ 79.204637491323894, 9.24562432685209 ], [ 79.204648440888874, 9.245624466055363 ], [ 79.204659389555573, 9.245624605258623 ], [ 79.204670339120568, 9.245624743575235 ], [ 79.204681288685578, 9.245624883665132 ], [ 79.204692238250573, 9.245625022868392 ], [ 79.204703186917257, 9.245625162071628 ], [ 79.204714135583913, 9.245625301274901 ], [ 79.204725086047233, 9.245625439591498 ], [ 79.204736035612257, 9.245625578794771 ], [ 79.204746984278913, 9.245625717998006 ], [ 79.204757933843936, 9.245625857201267 ], [ 79.204768884307242, 9.24562599640454 ], [ 79.204779832075616, 9.245626135607775 ], [ 79.204790781640597, 9.245626274811036 ], [ 79.204801732103917, 9.245626413127646 ], [ 79.204812679872276, 9.245626553217543 ], [ 79.204823630335596, 9.245626692420803 ], [ 79.204834579900577, 9.245626830737415 ], [ 79.204841477165331, 9.245628666092422 ], [ 79.2048483744301, 9.245630500560805 ], [ 79.204855270796529, 9.24563233680245 ], [ 79.204862168061268, 9.245634172157455 ], [ 79.204869065326022, 9.245636008399087 ], [ 79.204875961692466, 9.245637841980757 ], [ 79.20488285895722, 9.245639677335713 ], [ 79.204889756221959, 9.245641512690682 ], [ 79.204896652588417, 9.245643348045625 ], [ 79.204903549853171, 9.245645183400544 ], [ 79.204910447117911, 9.245647018755488 ], [ 79.204917344382665, 9.245648854110392 ], [ 79.204924240749108, 9.24565068857865 ], [ 79.204931138013862, 9.245652523933542 ], [ 79.204938035278602, 9.245654359288446 ], [ 79.204944933441681, 9.245656194643313 ], [ 79.204951829808095, 9.245658029998207 ], [ 79.204958726174539, 9.245659865353048 ], [ 79.204965623439293, 9.245661699821254 ], [ 79.204972520704047, 9.245663536062745 ], [ 79.204979417968786, 9.245665371417561 ], [ 79.20498631523354, 9.245667204999116 ], [ 79.204993211599998, 9.245669041240545 ], [ 79.205000108864738, 9.245670875708711 ], [ 79.205007006129492, 9.245672711063515 ], [ 79.20501390159761, 9.245674547304942 ], [ 79.205020798862364, 9.245676381773045 ], [ 79.205027696127104, 9.245678217127823 ], [ 79.205034593391858, 9.245680053369226 ], [ 79.205041490656598, 9.245681886950667 ], [ 79.205048387023041, 9.245683722305431 ], [ 79.205055284287795, 9.245685557660133 ], [ 79.205062181552549, 9.245687393014835 ], [ 79.205069078817289, 9.245689228369564 ], [ 79.205075976082071, 9.245691063724239 ], [ 79.205082873346825, 9.245692899078916 ], [ 79.205089769713226, 9.245694734433618 ], [ 79.20509666697798, 9.245696568901645 ], [ 79.205103564242734, 9.245698404256295 ], [ 79.205110460609191, 9.245700239610921 ], [ 79.205117357873931, 9.245702074965584 ], [ 79.205124255138685, 9.245703910320209 ], [ 79.205131152403425, 9.245705745674835 ], [ 79.205138048769868, 9.245707581029436 ], [ 79.205144946034622, 9.245709416384022 ], [ 79.205151843299376, 9.245711251738635 ], [ 79.205158740564116, 9.245713086206573 ], [ 79.205165636930559, 9.24571492067451 ], [ 79.205172534195313, 9.24571675602906 ], [ 79.20517943056177, 9.24571859227026 ], [ 79.205186328724807, 9.245720426738158 ], [ 79.205193225989561, 9.245722262092682 ], [ 79.205200123254301, 9.245724098333856 ], [ 79.205207019620758, 9.245725932801729 ], [ 79.205213916885512, 9.245727767269591 ], [ 79.205220814150252, 9.245729602624076 ], [ 79.205227711414992, 9.245731437978588 ], [ 79.205234607781449, 9.245733273333048 ], [ 79.205241505046203, 9.245735108687494 ], [ 79.205248402310943, 9.245736944041967 ], [ 79.205255298677386, 9.245738779396403 ], [ 79.20526219594214, 9.245740614750824 ], [ 79.205269093206894, 9.245742449218621 ], [ 79.205275989573352, 9.245744284573057 ], [ 79.205285518003564, 9.245745978064321 ], [ 79.205295046433761, 9.245747672442208 ], [ 79.205304573067352, 9.245749365046823 ], [ 79.205314100599267, 9.245751059424723 ], [ 79.205323629029479, 9.245752751142662 ], [ 79.205333156561352, 9.245754446407174 ], [ 79.205342684093281, 9.245756138125101 ], [ 79.205352213421818, 9.245757831616313 ], [ 79.20536173915707, 9.245759525994162 ], [ 79.205371266688985, 9.2457612185987 ], [ 79.205380795119197, 9.245762912089875 ], [ 79.205390322651112, 9.24576460558105 ], [ 79.205399850182999, 9.245766299072224 ], [ 79.205409378613254, 9.245767992563412 ], [ 79.20541890524683, 9.24576968605456 ], [ 79.205428432778717, 9.245771380432334 ], [ 79.205437961208915, 9.24577307215017 ], [ 79.205447488740845, 9.245774767414581 ], [ 79.205457017171057, 9.245776460019067 ], [ 79.205466544702972, 9.245778152623554 ], [ 79.205476071336548, 9.245779847001289 ], [ 79.205485598868478, 9.245781539605751 ], [ 79.205495127298676, 9.245783233096825 ], [ 79.205504654830563, 9.24578492570126 ], [ 79.205514183260817, 9.245786620078983 ], [ 79.20552371079269, 9.245788313570042 ], [ 79.20553323742628, 9.245790007061089 ], [ 79.205542764958196, 9.245791701438799 ], [ 79.205552293388408, 9.245793393156548 ], [ 79.205561820920323, 9.24579508664757 ], [ 79.205571349350535, 9.245796781025241 ], [ 79.205580876882451, 9.2457984736296 ], [ 79.205588840447419, 9.245798400924741 ], [ 79.205596803114119, 9.245798329993207 ], [ 79.205604765780791, 9.245798257288335 ], [ 79.205612729345802, 9.245798184583476 ], [ 79.205620692012474, 9.245798112765279 ], [ 79.205628655577442, 9.24579804006042 ], [ 79.205636619142439, 9.245797968242234 ], [ 79.205644581809125, 9.245797896424026 ], [ 79.205652545374122, 9.24579782371918 ], [ 79.205660508040779, 9.24579775190097 ], [ 79.205668470707494, 9.245797679196111 ], [ 79.205676434272462, 9.245797607377913 ], [ 79.205684396939134, 9.245797534673054 ], [ 79.20569236140247, 9.245797461968232 ], [ 79.205700323170802, 9.24579739103666 ], [ 79.205708286735813, 9.245797318331801 ], [ 79.20571625030081, 9.24579724562698 ], [ 79.205724212967482, 9.245797173808745 ], [ 79.205732175634168, 9.245797101103911 ], [ 79.205740139199165, 9.245797029285688 ], [ 79.205748101865822, 9.245796956580854 ], [ 79.205756065430833, 9.245796884762633 ], [ 79.205764028097505, 9.245796812057799 ], [ 79.205771991662516, 9.245796740239602 ], [ 79.205779955227513, 9.245796668421367 ], [ 79.205787917894185, 9.245796595716545 ], [ 79.205795880560856, 9.24579652389831 ], [ 79.205803844125853, 9.24579645119349 ], [ 79.205811806792525, 9.245796379375255 ], [ 79.205819770357536, 9.245796306670433 ], [ 79.205827733024208, 9.245796233965574 ], [ 79.205835696589205, 9.245796163034001 ], [ 79.205843660154173, 9.245796090329167 ], [ 79.205851622820873, 9.245796017624308 ], [ 79.205859586385841, 9.245795945806124 ], [ 79.205867549052556, 9.245795873101253 ], [ 79.205875511719228, 9.245795801283055 ], [ 79.205883475284224, 9.245795728578196 ], [ 79.205891437950896, 9.245795656759999 ], [ 79.205899402414204, 9.245795584941803 ], [ 79.205907365080861, 9.245795512236942 ], [ 79.205915327747547, 9.245795440418746 ], [ 79.205923291312544, 9.245795367713887 ], [ 79.205931253979216, 9.245795295895689 ], [ 79.205939216645916, 9.24579522319083 ], [ 79.205947180210885, 9.24579515137262 ], [ 79.205955142877599, 9.245795078667761 ], [ 79.205963106442567, 9.245795005962902 ], [ 79.205971070007564, 9.245794934144705 ], [ 79.20597903267425, 9.245794862326509 ], [ 79.205986996239247, 9.24579478962165 ], [ 79.205994958905904, 9.245794717803452 ], [ 79.20600292157259, 9.245794645098593 ], [ 79.206010885137587, 9.245794573280396 ], [ 79.206018847804259, 9.245794500575524 ], [ 79.20602681136927, 9.245794428757327 ], [ 79.206034774035928, 9.245794356939131 ], [ 79.206042737600924, 9.245794284234272 ], [ 79.206050701165935, 9.245794212416074 ], [ 79.206058663832607, 9.245794139711215 ], [ 79.206066627397618, 9.245794067893005 ], [ 79.20607459006429, 9.245793995188158 ], [ 79.206082553629287, 9.245793923369961 ], [ 79.206090516295959, 9.245793850665089 ], [ 79.206098905662387, 9.245794697410613 ], [ 79.20610729592714, 9.2457955432695 ], [ 79.206115685293554, 9.245796388241725 ], [ 79.206124075558321, 9.245797234100561 ], [ 79.206132465823075, 9.245798080846072 ], [ 79.206140855189545, 9.245798926704946 ], [ 79.206149244555959, 9.245799771677158 ], [ 79.206157635719023, 9.245800618422669 ], [ 79.20616602508548, 9.245801464281504 ], [ 79.206174415350233, 9.245802311027028 ], [ 79.206182805615001, 9.245803156885865 ], [ 79.206191194981415, 9.245804001858064 ], [ 79.206199585246168, 9.24580484860356 ], [ 79.206207974612596, 9.245805693575761 ], [ 79.206216364877363, 9.245806541207909 ], [ 79.206224755142117, 9.245807386180095 ], [ 79.206233145406884, 9.245808232038918 ], [ 79.206241534773298, 9.245809077897766 ], [ 79.206249925038051, 9.245809924643252 ], [ 79.206258314404479, 9.245810769615439 ], [ 79.206266704669247, 9.245811616360911 ], [ 79.206275094934, 9.245812462219721 ], [ 79.206283484300457, 9.245813308078558 ], [ 79.20629187456521, 9.245814153050743 ], [ 79.206300263931652, 9.245814999796217 ], [ 79.206308654196405, 9.245815845655015 ], [ 79.206317043562819, 9.245816692400474 ], [ 79.20632543292929, 9.245817538259297 ], [ 79.20633382409234, 9.245818383231471 ], [ 79.206342214357093, 9.245819229976931 ], [ 79.206350602825225, 9.245820075835729 ], [ 79.206354488937137, 9.245820466845933 ], [ 79.206365250754232, 9.24582317997794 ], [ 79.206376058385402, 9.245825439147966 ], [ 79.20638686511829, 9.245827697431366 ], [ 79.2063976736478, 9.245829955714742 ], [ 79.206408481278984, 9.24583221399808 ], [ 79.206419288910155, 9.24583447228143 ], [ 79.206430097439636, 9.245836729678105 ], [ 79.20644090417251, 9.245838987961417 ], [ 79.206451711803695, 9.245841247131352 ], [ 79.206462519434865, 9.245843505414639 ], [ 79.206473326167753, 9.245845762811264 ], [ 79.206484134697263, 9.245848021094487 ], [ 79.206494942328447, 9.245850279377734 ], [ 79.206505749959632, 9.245852537660969 ], [ 79.206516557590817, 9.24585479505753 ], [ 79.206527365221987, 9.245857054227365 ], [ 79.206538172853172, 9.245862138246062 ], [ 79.206548981382682, 9.245867221378084 ], [ 79.206559789912163, 9.245872306283305 ], [ 79.206570598441658, 9.245877389415174 ], [ 79.206581406072843, 9.245882473433616 ], [ 79.206592214602352, 9.245887556565334 ], [ 79.206603023131834, 9.245892640583598 ], [ 79.206613830763047, 9.245897723715174 ], [ 79.206624639292514, 9.245902806846663 ], [ 79.206635446923698, 9.245907891751374 ], [ 79.206646256351533, 9.245912974882721 ], [ 79.206657063982718, 9.245918058013993 ], [ 79.206667873410524, 9.245923142918487 ], [ 79.206678681041709, 9.245928226049607 ], [ 79.206689488672879, 9.245933310067299 ], [ 79.206700297202389, 9.24593839408494 ], [ 79.206707125296859, 9.245947150582484 ], [ 79.206713951594708, 9.245955909739775 ], [ 79.206720778790853, 9.245964666236901 ], [ 79.206727607783648, 9.245973425393746 ], [ 79.206734434979822, 9.245982181890465 ], [ 79.206741262175967, 9.245990940160215 ], [ 79.206748089372141, 9.245999698429786 ], [ 79.206754916568272, 9.246008454925818 ], [ 79.206761744662742, 9.24601721319492 ], [ 79.20676857185893, 9.246025970577181 ], [ 79.206775399055104, 9.246034728845862 ], [ 79.206782227149574, 9.246043486227691 ], [ 79.206789055244045, 9.24605224360929 ], [ 79.20679588244019, 9.246061001877298 ], [ 79.206802709636349, 9.246069759258464 ], [ 79.206809536832495, 9.246078518412702 ], [ 79.206813520860791, 9.246086992067411 ], [ 79.206817503990749, 9.246095468381855 ], [ 79.206821487120749, 9.246103943809445 ], [ 79.206825471149017, 9.246112420123467 ], [ 79.206829455177299, 9.246120896437313 ], [ 79.206833438307271, 9.246129370977656 ], [ 79.206837421437228, 9.246137847291079 ], [ 79.206841404567228, 9.246146321831015 ], [ 79.206843114061215, 9.246157624763841 ], [ 79.206844823555187, 9.246168926809675 ], [ 79.206846532150863, 9.246180227968489 ], [ 79.206848240746538, 9.246191530013599 ], [ 79.206849949342185, 9.246202831171688 ], [ 79.206851658836186, 9.246214133216071 ], [ 79.206853367431847, 9.246225434373436 ], [ 79.206855076925848, 9.246236737303743 ], [ 79.206858206656307, 9.246243234626544 ], [ 79.206861336386723, 9.246249731949229 ], [ 79.206864466117182, 9.246256230158437 ], [ 79.206867595847626, 9.246262729254154 ], [ 79.206870725578099, 9.246269226576471 ], [ 79.206873855308544, 9.246275724785336 ], [ 79.206876985937285, 9.246282222107411 ], [ 79.206880115667758, 9.246288720315995 ], [ 79.206883245398203, 9.246295219411154 ], [ 79.206886375128661, 9.246301716732859 ], [ 79.206889504859106, 9.246308214941125 ], [ 79.206892634589565, 9.24631471226259 ], [ 79.206895764320024, 9.246321211357239 ], [ 79.20689889405044, 9.246327708678475 ], [ 79.206902023780884, 9.246334206886258 ], [ 79.206905154409682, 9.246340705093914 ], [ 79.206907004040829, 9.246349322378478 ], [ 79.206908854570315, 9.246357939662866 ], [ 79.206910705998112, 9.246366556947049 ], [ 79.206912557425923, 9.24637517511764 ], [ 79.20691440705707, 9.246383792401391 ], [ 79.206916256688274, 9.246392409684914 ], [ 79.20691810721776, 9.246401026968243 ], [ 79.206919957747246, 9.246409644251372 ], [ 79.206921809175029, 9.246418262420907 ], [ 79.206923659704529, 9.246426879703602 ], [ 79.206925510234015, 9.246435496099442 ], [ 79.206927359865162, 9.246444114268343 ], [ 79.206929211292973, 9.246452732437039 ], [ 79.206931060924134, 9.246461348832231 ], [ 79.206932912351959, 9.246469966113883 ], [ 79.206934762881446, 9.246478584281942 ], [ 79.206936613410932, 9.246487200676512 ], [ 79.206938463940418, 9.246495818844176 ], [ 79.206940313571579, 9.246504436124951 ], [ 79.206942164101065, 9.246513053405547 ], [ 79.206944014630551, 9.246521670685926 ], [ 79.206945865160037, 9.246530287966051 ], [ 79.20694771658782, 9.246538906132672 ], [ 79.206949567117306, 9.24654752341239 ], [ 79.206951417646806, 9.246556140691931 ], [ 79.206953268176292, 9.246564757971253 ], [ 79.206955117807439, 9.246573376136984 ], [ 79.20695696923525, 9.246581993415889 ], [ 79.206958818866411, 9.24659061069455 ], [ 79.206960670294237, 9.246599227973034 ], [ 79.206962520823723, 9.246607845251303 ], [ 79.206964371353209, 9.24661646341599 ], [ 79.206970061282192, 9.246627198882571 ], [ 79.206975752109543, 9.24663793434882 ], [ 79.206981442038554, 9.246648669814752 ], [ 79.206987132865862, 9.246659406167003 ], [ 79.206992822794874, 9.246670141632286 ], [ 79.206998513622196, 9.246680877983888 ], [ 79.207004203551207, 9.24669161433512 ], [ 79.207009894378515, 9.246702348912788 ], [ 79.20700989617518, 9.246711390890139 ], [ 79.207009899768437, 9.246727878001604 ], [ 79.20703777359337, 9.246744161184619 ], [ 79.207047445754043, 9.246749809981548 ], [ 79.207057116118065, 9.2467554587784 ], [ 79.207066787380427, 9.246761107575152 ], [ 79.207076457744449, 9.246766757258463 ], [ 79.207086129006797, 9.246772406055037 ], [ 79.207095800269144, 9.24677805485152 ], [ 79.20710546973487, 9.246783705421189 ], [ 79.207113541097698, 9.246785291623768 ], [ 79.20712161066389, 9.246786879599622 ], [ 79.207129681128407, 9.246788467575474 ], [ 79.207137750694599, 9.246790054664679 ], [ 79.207145821159116, 9.246791642640506 ], [ 79.207153890725309, 9.246793229729709 ], [ 79.207161962088136, 9.246794818592187 ], [ 79.207170031654329, 9.246796405681339 ], [ 79.207178102118846, 9.246797993657141 ], [ 79.207186171685038, 9.246799580746307 ], [ 79.207194242149583, 9.246801169608759 ], [ 79.207202311715776, 9.246802756697873 ], [ 79.207210383078575, 9.246804344673675 ], [ 79.207218452644781, 9.24680593176279 ], [ 79.207226523109313, 9.246807519738542 ], [ 79.207234592675505, 9.246809107714332 ], [ 79.207242663140022, 9.24681069480342 ], [ 79.207250732706214, 9.246812282779159 ], [ 79.207258804069042, 9.24681386986826 ], [ 79.207266873635234, 9.246815458730637 ], [ 79.207274944099751, 9.2468170458197 ], [ 79.207283013665943, 9.246818633795414 ], [ 79.20729108413046, 9.246820220884491 ], [ 79.207299153696653, 9.246821809746841 ], [ 79.207307225059481, 9.246823396835866 ], [ 79.207315294625673, 9.246824984811578 ], [ 79.20732336509019, 9.246826571900604 ], [ 79.207331434656382, 9.246828159876268 ], [ 79.207339505120913, 9.246829747851955 ], [ 79.207347574687105, 9.246831334940955 ], [ 79.207355646049919, 9.246832922916592 ], [ 79.207363715616125, 9.246834510005604 ], [ 79.207371786080643, 9.246836098867892 ], [ 79.207379855646835, 9.246837685956853 ], [ 79.207387926111323, 9.246839273932476 ], [ 79.207395996575855, 9.246840861021452 ], [ 79.207404067040372, 9.246842448997063 ], [ 79.207412136606564, 9.246844036972663 ], [ 79.207420207071095, 9.246845624948273 ], [ 79.207428276637287, 9.246847212037197 ], [ 79.207436347101776, 9.246848800012771 ], [ 79.207444417566293, 9.246850387988369 ], [ 79.207452488030825, 9.24685197596393 ], [ 79.207460557597017, 9.246853563052815 ], [ 79.207468628061534, 9.2468551510284 ], [ 79.207476697627726, 9.246856738117273 ], [ 79.207484768990554, 9.246858326092809 ], [ 79.207492838556746, 9.246859914068331 ], [ 79.207500908122938, 9.246861501157218 ], [ 79.20750897858747, 9.246863089132727 ], [ 79.207517048153662, 9.246864677108224 ], [ 79.207525118618179, 9.246866265083758 ], [ 79.207533189082667, 9.246867852172594 ], [ 79.207541260445524, 9.246869440148066 ], [ 79.207549329113391, 9.246871027236912 ], [ 79.207557399577908, 9.246872616099033 ], [ 79.2075654691441, 9.246874203187831 ], [ 79.207573541405253, 9.246875791163328 ], [ 79.20758161007312, 9.246877378252112 ], [ 79.207589681435934, 9.246878966227545 ], [ 79.20759775010383, 9.246880554202965 ], [ 79.207605820568347, 9.246882142178423 ], [ 79.20761389103285, 9.246883729267182 ], [ 79.207621960599042, 9.24688531724259 ], [ 79.207630031063559, 9.246886905218023 ], [ 79.207638102426387, 9.246888493193419 ], [ 79.207646171094268, 9.246890080282151 ], [ 79.207654241558814, 9.246891667370898 ], [ 79.207662312023288, 9.246893255346279 ], [ 79.20767038158948, 9.246894843321636 ], [ 79.207678452054012, 9.246896431297031 ], [ 79.207686523416825, 9.246898018385727 ], [ 79.207694592084735, 9.246899606361071 ], [ 79.207702663447549, 9.246901192563129 ], [ 79.207710733013741, 9.246902782311759 ], [ 79.207718802579933, 9.246904369400429 ], [ 79.207726873044464, 9.246905957375748 ], [ 79.207734944407278, 9.246907543577805 ], [ 79.207743013075174, 9.246909132439736 ], [ 79.207751084438001, 9.246910720415029 ], [ 79.207759154004194, 9.246912308390336 ], [ 79.207767223570386, 9.246913894592343 ], [ 79.207775294034903, 9.24691548256761 ], [ 79.207783363601095, 9.246917071429541 ], [ 79.207791434963923, 9.246918659404797 ], [ 79.20779950542844, 9.246920245606765 ], [ 79.207807574994632, 9.246921833582007 ], [ 79.207815644560824, 9.246923421557238 ], [ 79.207823715025341, 9.246925010419117 ], [ 79.207831784591534, 9.24692659662106 ], [ 79.207839855954361, 9.246928184596277 ], [ 79.207847926418879, 9.246929771684856 ], [ 79.207855995985071, 9.246931361433347 ], [ 79.207864065551277, 9.246932947635253 ], [ 79.207872136015794, 9.246934535610444 ], [ 79.207880205581986, 9.246936122698999 ], [ 79.207888276944814, 9.246937710674166 ], [ 79.207896347409331, 9.246939298649332 ], [ 79.207904416975524, 9.24694088573786 ], [ 79.207912487440055, 9.246942473713014 ], [ 79.207920557904544, 9.246944060801532 ], [ 79.207928626572439, 9.246945648776672 ], [ 79.207936697935253, 9.246947235865138 ], [ 79.207944768399784, 9.246948824726916 ], [ 79.207952837965976, 9.246950411815407 ], [ 79.207960908430493, 9.246951999790522 ], [ 79.207968978894982, 9.246953586878988 ], [ 79.207977047562878, 9.246955174854078 ], [ 79.207985118027381, 9.246956762829168 ], [ 79.207993189390223, 9.246958350804244 ], [ 79.208001258956415, 9.246959937892697 ], [ 79.208009329420918, 9.246961525867762 ], [ 79.208017398987138, 9.246963112956164 ], [ 79.208025470349952, 9.24696470093124 ], [ 79.208033539017819, 9.246966288906281 ], [ 79.208041610380675, 9.246967876881319 ], [ 79.208049679946868, 9.246969463969721 ], [ 79.208057750411356, 9.246971051944735 ], [ 79.208065819977577, 9.246972639033098 ], [ 79.208073891340405, 9.246974227008138 ], [ 79.208081960906597, 9.246975814983138 ], [ 79.208090031371128, 9.246977402958127 ], [ 79.20809810093732, 9.246978990046504 ], [ 79.208106172300134, 9.246980578021466 ], [ 79.208114240968001, 9.246982165109792 ], [ 79.208122312330858, 9.246983753971405 ], [ 79.20813038189705, 9.246985341059743 ], [ 79.208138452361538, 9.246986929034692 ], [ 79.20814812182725, 9.246989187310588 ], [ 79.208157792191315, 9.24699144558652 ], [ 79.208167462555338, 9.246993703862428 ], [ 79.208177132021063, 9.246995962138296 ], [ 79.208186802385072, 9.24699822130083 ], [ 79.208196472749137, 9.247000478690049 ], [ 79.208206142214848, 9.247002737852517 ], [ 79.208215812578871, 9.247004996128361 ], [ 79.208225482942908, 9.247007254404155 ], [ 79.208235152408619, 9.247009512679959 ], [ 79.20824482277267, 9.247011770955728 ], [ 79.208254493136693, 9.247014030118157 ], [ 79.208264162602418, 9.247016288393887 ], [ 79.208273832966441, 9.247018545782993 ], [ 79.208283503330506, 9.247020804945384 ], [ 79.208293172796189, 9.247023064107738 ], [ 79.20830284316024, 9.247025320610129 ], [ 79.208312514422602, 9.247027580659095 ], [ 79.208322182989988, 9.247029838048125 ], [ 79.208331853353997, 9.247032097210413 ], [ 79.208341523718062, 9.247034356372717 ], [ 79.208351193183773, 9.247036613761695 ], [ 79.208360864446092, 9.247038872037285 ], [ 79.208370533013522, 9.247041130312887 ], [ 79.208380204275869, 9.247043388588489 ], [ 79.208389873741595, 9.247045647750676 ], [ 79.208399543207292, 9.247047905139592 ], [ 79.208409213571343, 9.247050164301767 ], [ 79.208418883935366, 9.247052422577305 ], [ 79.208428554299431, 9.247054680852781 ], [ 79.208438223765114, 9.247056939128294 ], [ 79.208447894129165, 9.247059197403782 ], [ 79.208455430994377, 9.247062022243052 ], [ 79.208462967859631, 9.247064846195659 ], [ 79.208470507419804, 9.247067669261593 ], [ 79.208478043386719, 9.247070494100788 ], [ 79.20848558025196, 9.247073318053344 ], [ 79.208493118015497, 9.247076141119214 ], [ 79.208500654880723, 9.24707896507172 ], [ 79.208508191745977, 9.247081789910812 ], [ 79.208515728611218, 9.247084612976618 ], [ 79.208523267273065, 9.247087436929048 ], [ 79.208530803239967, 9.247090260881466 ], [ 79.208538340105221, 9.24709308483382 ], [ 79.208545877868772, 9.247095908786198 ], [ 79.208553415632309, 9.247098732738539 ], [ 79.208560951599225, 9.247101557577478 ], [ 79.208568490261115, 9.247104380643119 ], [ 79.208576027126355, 9.247107204595396 ], [ 79.208583563991567, 9.247110029434273 ], [ 79.208591100856808, 9.247112853386511 ], [ 79.208598638620359, 9.247115677338712 ], [ 79.20860617638391, 9.247118500404238 ], [ 79.20861371324915, 9.247121325243025 ], [ 79.208621250114362, 9.247124148308551 ], [ 79.208628786979602, 9.247126972260638 ], [ 79.208636324743168, 9.247129796212723 ], [ 79.208643863405001, 9.247132620164798 ], [ 79.208651399371945, 9.247135444116822 ], [ 79.208658936237171, 9.247138268068843 ], [ 79.208666473102426, 9.247141092020854 ], [ 79.208674010865963, 9.247143915972826 ], [ 79.20868154773116, 9.247146739924746 ], [ 79.208689084596415, 9.247149563876693 ], [ 79.208695059291372, 9.247153518296015 ], [ 79.208701031291383, 9.247157473601884 ], [ 79.208707005088016, 9.247161428021116 ], [ 79.208712977986352, 9.247165382440272 ], [ 79.208718951782984, 9.247169335972766 ], [ 79.20872492468132, 9.247173291278482 ], [ 79.208730897579613, 9.247177244810887 ], [ 79.208736871376288, 9.247181200116513 ], [ 79.208742844274582, 9.247185153648829 ], [ 79.208748818071257, 9.247189108067719 ], [ 79.208798310751831, 9.247221873884524 ], [ 79.208834155328276, 9.247267639626001 ], [ 79.208838137559951, 9.247272725397616 ], [ 79.208842120689908, 9.247277810282531 ], [ 79.20884610381988, 9.24728289516737 ], [ 79.208850086949838, 9.247287980938795 ], [ 79.208854069181513, 9.24729306493683 ], [ 79.20885805231147, 9.247298150708115 ], [ 79.208862035441427, 9.247303234705999 ], [ 79.208864311772373, 9.2473100166208 ], [ 79.208866588103291, 9.24731679676216 ], [ 79.208868865332533, 9.247323577790043 ], [ 79.208871142561804, 9.247330357931149 ], [ 79.208873418892722, 9.247337138958779 ], [ 79.208875696121964, 9.24734391998623 ], [ 79.208877973351193, 9.247350701013591 ], [ 79.208880248783814, 9.247357482040826 ], [ 79.208882526013056, 9.247364262181271 ], [ 79.208884803242341, 9.247371043208238 ], [ 79.208887079573245, 9.247377823348415 ], [ 79.208889355904191, 9.247384605261754 ], [ 79.208891632235094, 9.247391385401714 ], [ 79.208893908566054, 9.247398166428123 ], [ 79.208896186693593, 9.247404946567817 ], [ 79.208898463024525, 9.24741172759397 ], [ 79.208900740253767, 9.247418507733371 ], [ 79.208903016584713, 9.247425289645946 ], [ 79.208905292915631, 9.247432069785081 ], [ 79.208907570144873, 9.247438850810751 ], [ 79.208909847374116, 9.247445630949629 ], [ 79.208912123705062, 9.247452411975033 ], [ 79.208914400934304, 9.247459192113645 ], [ 79.208916677265208, 9.247465974025404 ], [ 79.208918953596154, 9.247472754163763 ], [ 79.208921230825396, 9.247479535188631 ], [ 79.208923507156356, 9.247486316213399 ], [ 79.208925784385585, 9.247493096351349 ], [ 79.208928061614827, 9.247499877375835 ], [ 79.208930337047434, 9.247506658400196 ], [ 79.208932615175016, 9.24751343942439 ], [ 79.208934892404258, 9.247520219561856 ], [ 79.20893546193615, 9.247530109146167 ], [ 79.208936034162974, 9.24753999784356 ], [ 79.208936604593191, 9.247549887427336 ], [ 79.208937175921704, 9.247559776124184 ], [ 79.208937746351907, 9.247569665707401 ], [ 79.20893831768042, 9.247579555290312 ], [ 79.208938889008948, 9.247589443099693 ], [ 79.208939460337461, 9.247599332682045 ], [ 79.208940030767664, 9.247609222264154 ], [ 79.208940602096177, 9.247619111845983 ], [ 79.208941173424705, 9.247628999654234 ], [ 79.208941743854922, 9.247638889235503 ], [ 79.208942316081746, 9.247648778816467 ], [ 79.208942887410259, 9.247658668397191 ], [ 79.208943457840476, 9.247668557090972 ], [ 79.208944028270665, 9.247678445784484 ], [ 79.208941896568518, 9.247685227692021 ], [ 79.20893976576464, 9.247692009599454 ], [ 79.208937634062494, 9.247698790620086 ], [ 79.208935502360319, 9.247705573413876 ], [ 79.208933371556469, 9.247712355320928 ], [ 79.208931239854294, 9.247719137227817 ], [ 79.20892910815212, 9.247725918247939 ], [ 79.20892697734827, 9.247732700154558 ], [ 79.208924845646123, 9.24773948117444 ], [ 79.208922713943934, 9.247746262194143 ], [ 79.208920583140099, 9.247753044100406 ], [ 79.20891845143791, 9.247759826006504 ], [ 79.208916319735735, 9.247766607912475 ], [ 79.208914188931885, 9.247773388931694 ], [ 79.208912057229711, 9.247780170837398 ], [ 79.208909926425861, 9.247786952743013 ], [ 79.208907794723714, 9.247793734648463 ], [ 79.20890566302154, 9.247800515667148 ], [ 79.208903531319351, 9.247807297572329 ], [ 79.20890140141384, 9.247814080364034 ], [ 79.208899268813326, 9.247820861382337 ], [ 79.20889713711118, 9.247827643287138 ], [ 79.208895006307301, 9.247834425191799 ], [ 79.208892874605155, 9.247841207096332 ], [ 79.20889074290298, 9.247847988114101 ], [ 79.208888612099116, 9.24785477001838 ], [ 79.208886480396956, 9.247861551922544 ], [ 79.20888434779647, 9.247868333826556 ], [ 79.20888221699262, 9.247875114843817 ], [ 79.208880086188771, 9.247881896747561 ], [ 79.208877953588257, 9.247888678651178 ], [ 79.208875822784421, 9.247895459668044 ], [ 79.20887170131391, 9.247902666271598 ], [ 79.208867578046764, 9.24790987198835 ], [ 79.208863456576211, 9.247917077704964 ], [ 79.2088593351057, 9.247924283421423 ], [ 79.208855211838554, 9.247931490024392 ], [ 79.208851090368029, 9.247938694853909 ], [ 79.208846967999179, 9.247945900569912 ], [ 79.208842845630343, 9.247953107172435 ], [ 79.208838724159818, 9.247960312888157 ], [ 79.208834600892672, 9.247967518603739 ], [ 79.208830480320458, 9.247974725205818 ], [ 79.208826357053312, 9.247981930034445 ], [ 79.208822234684462, 9.247989136636232 ], [ 79.208818113213951, 9.247996343237865 ], [ 79.208813990845101, 9.248003548066059 ], [ 79.208809869374591, 9.248010753780738 ], [ 79.208805746107402, 9.248017961268564 ], [ 79.208801624636891, 9.248025166096339 ], [ 79.20879750316638, 9.248032371810584 ], [ 79.208793379899234, 9.24803957841134 ], [ 79.208789258428681, 9.248046783238632 ], [ 79.208785136059873, 9.248053989839095 ], [ 79.208781013691024, 9.248061196439405 ], [ 79.208776892220499, 9.24806840126625 ], [ 79.208772768953324, 9.248075606979619 ], [ 79.208768648381138, 9.248082813579483 ], [ 79.208764525113963, 9.248090019292547 ], [ 79.208760402745156, 9.24809722500547 ], [ 79.208756281274631, 9.248104430718239 ], [ 79.208752158905781, 9.248111637317519 ], [ 79.208748037435271, 9.248118843029998 ], [ 79.208743915066421, 9.248126048742323 ], [ 79.208739792697571, 9.248133253567845 ], [ 79.20873567122706, 9.24814046105319 ], [ 79.208731547959914, 9.248147666765069 ], [ 79.208727425591064, 9.24815487159016 ], [ 79.208723304120554, 9.248162078188397 ], [ 79.208719181751704, 9.248169284786494 ], [ 79.208715060281193, 9.248176489611138 ], [ 79.208710937014018, 9.248183696208942 ], [ 79.208706816441833, 9.248190901919944 ], [ 79.208702693174644, 9.248198109404067 ], [ 79.208698570805836, 9.248205314228153 ], [ 79.208694450233622, 9.24821251993871 ], [ 79.208690326966476, 9.248219725649125 ], [ 79.208686204597626, 9.248226931359378 ], [ 79.208682082228776, 9.248234137956125 ], [ 79.208677960758266, 9.248241343666121 ], [ 79.208673839287755, 9.248248549375941 ], [ 79.208669716020566, 9.248255755085619 ], [ 79.20866559544838, 9.248262961681757 ], [ 79.208661472181205, 9.24827016739113 ], [ 79.208657349812398, 9.248277373100402 ], [ 79.208653228341845, 9.248284578809484 ], [ 79.208649105973024, 9.248291785405035 ], [ 79.208644983604188, 9.248298991113824 ], [ 79.208640861235338, 9.24830619682246 ], [ 79.208636738866488, 9.248313403417605 ], [ 79.208632617395978, 9.248320609125948 ], [ 79.208628495027128, 9.248327814834138 ], [ 79.208624372658321, 9.248335021428838 ], [ 79.208620251187767, 9.248342226250099 ], [ 79.208616128818946, 9.248349431957882 ], [ 79.208612005551771, 9.248356639438761 ], [ 79.208608880312909, 9.248364832861007 ], [ 79.208605753277411, 9.248373027169686 ], [ 79.208602627140209, 9.248381222364811 ], [ 79.208599501003036, 9.248389416673122 ], [ 79.208596373967509, 9.248397610981254 ], [ 79.208593246932011, 9.248405806175807 ], [ 79.20859012079481, 9.248413999596908 ], [ 79.208586994657651, 9.248422194791091 ], [ 79.208583869418788, 9.248430389985083 ], [ 79.208580740586626, 9.248438584292236 ], [ 79.208577615347764, 9.248446778599224 ], [ 79.208574488312252, 9.248454972905995 ], [ 79.208571361276753, 9.248463168985873 ], [ 79.208568236037891, 9.248471363292262 ], [ 79.208565109002365, 9.248479557598461 ], [ 79.208561981966881, 9.248487751904493 ], [ 79.208561699895881, 9.248495239560039 ], [ 79.208561416926571, 9.248502728102121 ], [ 79.208561134855572, 9.248510214870739 ], [ 79.208560850987922, 9.248517703412451 ], [ 79.208560568916937, 9.24852519018075 ], [ 79.208560286845952, 9.248532678722157 ], [ 79.208560002978302, 9.248540164603476 ], [ 79.208559720907303, 9.248547653144602 ], [ 79.208559437937993, 9.248555140798876 ], [ 79.208559155866993, 9.248562629339634 ], [ 79.208558872897683, 9.248570116106979 ], [ 79.208558589928359, 9.248577603760809 ], [ 79.208558307857373, 9.248585092301097 ], [ 79.208558024888049, 9.248592579954607 ], [ 79.208557741918725, 9.248600066721316 ], [ 79.208557459847754, 9.24860755526112 ], [ 79.208557176878429, 9.24861504202751 ], [ 79.208556893909119, 9.248622530566996 ], [ 79.208556611838091, 9.248630017333069 ], [ 79.208556328868809, 9.248637504985613 ], [ 79.208556045899485, 9.248644992637978 ], [ 79.20855576293016, 9.24865248117684 ], [ 79.208555480859175, 9.248659967942302 ], [ 79.208555198788147, 9.248667455594186 ], [ 79.208554914920541, 9.248674944132564 ], [ 79.208554632849513, 9.248682431784166 ], [ 79.208554349880231, 9.248689919435565 ], [ 79.208554066910906, 9.24869740708685 ], [ 79.208553784839893, 9.248704894737969 ], [ 79.208553501870597, 9.248712382388909 ], [ 79.208553219799583, 9.248719869153048 ], [ 79.208552936830259, 9.248727356803697 ], [ 79.208556352224988, 9.248736397842366 ], [ 79.208559766721393, 9.248745438880832 ], [ 79.208563182116094, 9.248754479919029 ], [ 79.208566596612485, 9.248763520957038 ], [ 79.20857001110889, 9.248772561994777 ], [ 79.208573425605266, 9.248781603032313 ], [ 79.208576841, 9.248790643182971 ], [ 79.208580256394697, 9.248799684220012 ], [ 79.208585660659466, 9.248804487132331 ], [ 79.208591064924207, 9.248809289157936 ], [ 79.208596469188947, 9.248814091183476 ], [ 79.208601875250338, 9.248818893208941 ], [ 79.208607280413375, 9.248823696120967 ], [ 79.208612683779805, 9.248828498146318 ], [ 79.20861808894287, 9.248833300171592 ], [ 79.208623493207611, 9.248838102196801 ], [ 79.208628898370691, 9.248842905108599 ], [ 79.20863430263546, 9.248847707133644 ], [ 79.20863970779854, 9.248852509158663 ], [ 79.208645112063266, 9.248857312070269 ], [ 79.208650517226332, 9.248862114095136 ], [ 79.208655922389397, 9.248866916119965 ], [ 79.208661325755813, 9.248871718144716 ], [ 79.208666730918878, 9.248876521056017 ], [ 79.208673699150566, 9.248878921181712 ], [ 79.208680668280508, 9.248881321307369 ], [ 79.20868763561387, 9.248883721433025 ], [ 79.208694604743854, 9.248886121558657 ], [ 79.2087015729755, 9.248888521684275 ], [ 79.208708541207159, 9.248890921809881 ], [ 79.208715510337143, 9.248893321935462 ], [ 79.208722477670491, 9.248895722061029 ], [ 79.208729445902151, 9.248898123073195 ], [ 79.208736415032135, 9.248900523198737 ], [ 79.208743383263766, 9.248902923324254 ], [ 79.2087503505971, 9.248905322563134 ], [ 79.208757319727084, 9.248907723575249 ], [ 79.208764287958729, 9.248910123700716 ], [ 79.208771256190417, 9.248912523826169 ], [ 79.208778225320359, 9.24891492395161 ], [ 79.208785192653721, 9.248917324077036 ], [ 79.208792161783705, 9.248919725089051 ], [ 79.20879913001535, 9.24892212521444 ], [ 79.20880609824701, 9.248924525339817 ], [ 79.20881306737698, 9.248926926351817 ], [ 79.208820034710342, 9.248929325590506 ], [ 79.208827002941987, 9.248931725715833 ], [ 79.208833972071972, 9.248934125841146 ], [ 79.208840940303631, 9.248936525966434 ], [ 79.208847909433615, 9.248938926091695 ], [ 79.208854876766921, 9.248941327103582 ], [ 79.208861844998623, 9.248943727228818 ], [ 79.208868813230254, 9.248946127354055 ], [ 79.208875782360238, 9.248948528365904 ], [ 79.208882749693572, 9.24895092760444 ], [ 79.208889718823556, 9.248953327729627 ], [ 79.20890052555643, 9.248955162180655 ], [ 79.208911334085911, 9.248956996631698 ], [ 79.2089221408188, 9.248958831082716 ], [ 79.208932949348267, 9.248960666420345 ], [ 79.20894375697948, 9.2489624999847 ], [ 79.208954563712339, 9.248964334435691 ], [ 79.208965372241835, 9.24896616800002 ], [ 79.208976178974694, 9.24896800333765 ], [ 79.208986988402529, 9.248969836901965 ], [ 79.208997795135375, 9.248971671352919 ], [ 79.209008601868263, 9.24897350491721 ], [ 79.209019410397744, 9.2489753402548 ], [ 79.209030217130618, 9.248977174705729 ], [ 79.209041025660127, 9.248979008269995 ], [ 79.209051833291312, 9.248980842720897 ], [ 79.209062640024172, 9.248982677171799 ], [ 79.209073448553667, 9.248984510736028 ], [ 79.209084256184852, 9.248986346073529 ], [ 79.209095063816022, 9.248988181411043 ], [ 79.209105871447207, 9.248990014088609 ], [ 79.209116679078377, 9.24899184942611 ], [ 79.209127486709605, 9.248993682103675 ], [ 79.209138294340775, 9.248995517441125 ], [ 79.20914910197196, 9.248997351891953 ], [ 79.209159908704805, 9.248999184569492 ], [ 79.209170717234315, 9.249001019906917 ], [ 79.209181524865485, 9.249002855244317 ], [ 79.209192331598373, 9.249004688808494 ], [ 79.209203140127855, 9.249006523259231 ], [ 79.209213946860729, 9.249008357709993 ], [ 79.209224755390252, 9.249010191274133 ], [ 79.209235563021437, 9.249012025724831 ], [ 79.211033017344775, 9.249201519380895 ], [ 79.211039345077623, 9.24920151672101 ], [ 79.211045672810485, 9.249201515834361 ], [ 79.211052001441658, 9.249201514061101 ], [ 79.211058328276224, 9.249201513174437 ], [ 79.211064656009071, 9.249201512287826 ], [ 79.211070983741934, 9.249201511401177 ], [ 79.211077312373121, 9.249201508741292 ], [ 79.211083640105969, 9.249201506968017 ], [ 79.211089967838817, 9.249201506081368 ], [ 79.211096295571707, 9.249201504308095 ], [ 79.211102624202866, 9.249201503421444 ], [ 79.211108951935756, 9.249201501648184 ], [ 79.211115279668604, 9.249201499874911 ], [ 79.211121607401452, 9.249201499874911 ], [ 79.211127935134314, 9.249201498101636 ], [ 79.211134262867176, 9.249201497215024 ], [ 79.211140590600067, 9.249201495441726 ], [ 79.211146919231211, 9.249201493668451 ], [ 79.211153246964088, 9.249201492781827 ], [ 79.21115957469695, 9.249201491008566 ], [ 79.211165903328109, 9.249201490121905 ], [ 79.211172231060985, 9.249201488348643 ], [ 79.211178558793847, 9.249201486575382 ], [ 79.211184887425034, 9.249201485688721 ], [ 79.211191214259557, 9.24920148391546 ], [ 79.211197541992448, 9.249201483028834 ], [ 79.211203869725296, 9.249201481255573 ], [ 79.21121019835644, 9.249201480368924 ], [ 79.211216526089331, 9.249201478595651 ], [ 79.211222853822193, 9.249201476822376 ], [ 79.211229181555055, 9.249201476822376 ], [ 79.211235510186228, 9.249201475049116 ], [ 79.211241837919076, 9.249201474162467 ], [ 79.211248165651938, 9.249201472389192 ], [ 79.2112544933848, 9.249201470615919 ], [ 79.211260821117691, 9.249201469729307 ], [ 79.211267148850538, 9.249201467956034 ], [ 79.211273476583386, 9.249201467069383 ], [ 79.211279805214573, 9.24920146529611 ], [ 79.211286133845761, 9.249201464409461 ], [ 79.211292461578608, 9.249201462636199 ], [ 79.21129879020981, 9.249201460862926 ], [ 79.211305117044333, 9.249201459976302 ], [ 79.211311445675506, 9.249201458203041 ], [ 79.211317773408354, 9.24920145731639 ], [ 79.211324101141216, 9.249201456429729 ], [ 79.211330428874106, 9.249201454656481 ], [ 79.211336756606954, 9.249201452883208 ], [ 79.211343085238141, 9.249201451996584 ], [ 79.211349412971003, 9.249201450223321 ], [ 79.211355740703851, 9.249201449336672 ], [ 79.211362069335038, 9.249201447563399 ], [ 79.211368396169561, 9.249201445790124 ], [ 79.211374724800748, 9.249201444903475 ], [ 79.211381053431936, 9.249201443130202 ], [ 79.211387380266487, 9.24920144224359 ], [ 79.211393707999335, 9.249201439583667 ], [ 79.211400035732197, 9.249201438697055 ], [ 79.211406364363384, 9.249201437810394 ], [ 79.211412692096232, 9.249201436037131 ], [ 79.211419019829094, 9.249201435150482 ], [ 79.211425347561956, 9.249201433377209 ], [ 79.211431675294833, 9.249201433377209 ], [ 79.211438003027695, 9.249201431603948 ], [ 79.211448312992218, 9.249200086577218 ], [ 79.211458621160077, 9.249198742437141 ], [ 79.211468930226289, 9.249197398297049 ], [ 79.211479240190812, 9.24919605415697 ], [ 79.21148954925701, 9.249194709130215 ], [ 79.211499858323194, 9.249193364990123 ], [ 79.211510167389392, 9.249192020850007 ], [ 79.211520477353901, 9.249190676709903 ], [ 79.211530786420127, 9.249189331683136 ], [ 79.211541094587986, 9.249187988429668 ], [ 79.211551404552509, 9.249186644289539 ], [ 79.21156171272041, 9.249185299262759 ], [ 79.211572021786594, 9.249183954235979 ], [ 79.211582331751117, 9.249182610095838 ], [ 79.211592640817315, 9.249181265955682 ], [ 79.211602949883527, 9.24917992092889 ], [ 79.211613258949711, 9.249178577675385 ], [ 79.211623568914234, 9.249177232648567 ], [ 79.211633877980432, 9.249175889395049 ], [ 79.211644187046616, 9.249174544368232 ], [ 79.211654496112843, 9.249173199341401 ], [ 79.211664806077366, 9.24917185608787 ], [ 79.211675114245224, 9.249170511061028 ], [ 79.211685423311451, 9.249169166034196 ], [ 79.211695733275974, 9.24916782278064 ], [ 79.211706042342158, 9.249166477753784 ], [ 79.211716351408356, 9.249165133613579 ], [ 79.211726659576243, 9.249163788586722 ], [ 79.211736970439063, 9.249162445333154 ], [ 79.21174727860695, 9.249161101192897 ], [ 79.211757588571473, 9.249159756166053 ], [ 79.211767897637671, 9.249158411139172 ], [ 79.211778206703897, 9.249157067885578 ], [ 79.211788514871742, 9.249155722858685 ], [ 79.211798824836265, 9.24915437871844 ], [ 79.211809133902463, 9.249153034578184 ], [ 79.211819442968689, 9.249151690437888 ], [ 79.211829752034873, 9.249150346297631 ], [ 79.211840061999396, 9.249149001270737 ], [ 79.211850371065594, 9.249147657130454 ], [ 79.211860680131807, 9.24914631299016 ], [ 79.211870989198005, 9.249144967963252 ], [ 79.211881299162513, 9.24914362470957 ], [ 79.211891608228711, 9.249142279682625 ], [ 79.211901916396599, 9.249140934655705 ], [ 79.211912226361136, 9.249139591402022 ], [ 79.211922535427306, 9.249138246375102 ], [ 79.211932843595207, 9.249136902234744 ], [ 79.21194315355973, 9.249135558094423 ], [ 79.211953462625928, 9.249134213067478 ], [ 79.211963771692112, 9.249132869813769 ], [ 79.21197408075831, 9.249131524786772 ], [ 79.211984390722819, 9.249130179759815 ], [ 79.211994699789045, 9.249128837392742 ], [ 79.212005008855229, 9.249127490592473 ], [ 79.21201531702313, 9.24912614822539 ], [ 79.212025626987653, 9.249124803198368 ], [ 79.212035936053837, 9.24912345817136 ], [ 79.212046245120021, 9.249122114030987 ], [ 79.212056554186219, 9.249120769890604 ], [ 79.212066864150742, 9.249119424863608 ], [ 79.212077173216969, 9.249118080723186 ], [ 79.212087482283152, 9.249116736582788 ], [ 79.21209779134935, 9.249115393329042 ], [ 79.212105185382455, 9.249115531644279 ], [ 79.212112580313857, 9.249115670846139 ], [ 79.212119974346976, 9.2491158118213 ], [ 79.212127369278406, 9.249115951023173 ], [ 79.212134763311482, 9.249116091111684 ], [ 79.212142157344587, 9.24911623031357 ], [ 79.212149552276031, 9.249116370402081 ], [ 79.21215694630915, 9.249116509603954 ], [ 79.212164341240538, 9.249116648805815 ], [ 79.212171735273671, 9.249116788894312 ], [ 79.212179130205058, 9.249116928982861 ], [ 79.212186524238163, 9.249117068184709 ], [ 79.212193919169579, 9.249117208273246 ], [ 79.212201313202684, 9.249117346588482 ], [ 79.212208708134128, 9.249117487563606 ], [ 79.212216102167204, 9.249117626765491 ], [ 79.212223496200309, 9.249117765967378 ], [ 79.212230891131753, 9.249117906055876 ], [ 79.21223828516483, 9.249118046144385 ], [ 79.212245680096274, 9.249118186232897 ], [ 79.212253074129379, 9.24911832543477 ], [ 79.212260469060794, 9.249118464636657 ], [ 79.212267863093899, 9.249118604725167 ], [ 79.212275258025301, 9.249118743927015 ], [ 79.21228265205842, 9.249118884015552 ], [ 79.212290046091525, 9.249119023217412 ], [ 79.212297441022926, 9.249119163305936 ], [ 79.212304835056031, 9.249119303394446 ], [ 79.212312229987432, 9.249119442596307 ], [ 79.212319624020552, 9.24911958268483 ], [ 79.212327018951996, 9.249119721886691 ], [ 79.212334412985101, 9.249119861088579 ], [ 79.212345505382217, 9.249121130751517 ], [ 79.212356596881023, 9.24912240041448 ], [ 79.212367689278153, 9.249123669190755 ], [ 79.212378780776973, 9.249124937967057 ], [ 79.212389873174104, 9.249126206743371 ], [ 79.212400965571234, 9.249127476406285 ], [ 79.212412057070026, 9.249128744295936 ], [ 79.212423148568845, 9.249130013958874 ], [ 79.212434240965976, 9.249131282735124 ], [ 79.212445333363107, 9.24913255239805 ], [ 79.212456423963602, 9.249133821174301 ], [ 79.212467516360732, 9.249135089950563 ], [ 79.212478607859552, 9.24913635872684 ], [ 79.212489700256683, 9.249137629276364 ], [ 79.212500791755474, 9.249138897165977 ], [ 79.212511884152605, 9.249140166828839 ], [ 79.21252297744806, 9.24914143560509 ], [ 79.212534068048555, 9.249142704381327 ], [ 79.212545160445686, 9.249143973157565 ], [ 79.212556251944477, 9.249145241933778 ], [ 79.212567344341636, 9.249146511596653 ], [ 79.212578435840442, 9.249147781259488 ], [ 79.212589527339262, 9.249149050035713 ], [ 79.212600618838067, 9.2491503188119 ], [ 79.212611711235184, 9.249151587588113 ], [ 79.212622802734018, 9.249152856364326 ], [ 79.212633896029445, 9.249154126027136 ], [ 79.212644988426561, 9.249155394803349 ], [ 79.21265607902707, 9.249156663579535 ], [ 79.212667171424201, 9.249157933242346 ], [ 79.212678262923021, 9.24915920201852 ], [ 79.212689355320151, 9.249160470794708 ], [ 79.21269803035085, 9.249163152868688 ], [ 79.212706705381549, 9.249165835829304 ], [ 79.212715380412263, 9.249168517903257 ], [ 79.212724053646298, 9.249171200863836 ], [ 79.212732728676997, 9.249173882937777 ], [ 79.212741403707696, 9.249176565011656 ], [ 79.212750078738395, 9.249179247085559 ], [ 79.212758753769108, 9.249181929159398 ], [ 79.212767428799808, 9.249184612119874 ], [ 79.212776103830478, 9.249187294193714 ], [ 79.212784777962881, 9.249189977154153 ], [ 79.212793452993594, 9.249192659227916 ], [ 79.212802128024293, 9.249195341301654 ], [ 79.212810803054964, 9.249198023375405 ], [ 79.212819478085677, 9.249200706335753 ], [ 79.212828153116376, 9.249203388409439 ], [ 79.212836828147076, 9.249206071369752 ], [ 79.212845503177775, 9.249208752556775 ], [ 79.212854177310149, 9.249211434630425 ], [ 79.212862852340862, 9.249214117590672 ], [ 79.212871527371561, 9.249216799664257 ], [ 79.21288020240226, 9.249219481737818 ], [ 79.212888877432974, 9.249222164698001 ], [ 79.212897551565348, 9.249224846771549 ], [ 79.212906226596047, 9.249227529731694 ], [ 79.212914900728421, 9.249230210918553 ], [ 79.21292357575912, 9.249232893878661 ], [ 79.212932250789819, 9.249235575952094 ], [ 79.212940925820533, 9.249238258912163 ], [ 79.212949600851189, 9.249240940985596 ], [ 79.212958275881903, 9.249243623058977 ], [ 79.212966950912602, 9.24924630601897 ], [ 79.212975341177369, 9.249250329572304 ], [ 79.212983732340447, 9.249254354898859 ], [ 79.212992122605172, 9.249258379338729 ], [ 79.213000512869925, 9.249262403778571 ], [ 79.213008904931314, 9.249266428218339 ], [ 79.213017295196082, 9.249270451771443 ], [ 79.21302568635916, 9.249274477097771 ], [ 79.213034076623913, 9.249278502424048 ], [ 79.213042466888666, 9.249282525977012 ], [ 79.213050858950055, 9.249286550416588 ], [ 79.21305924921478, 9.249290575742725 ], [ 79.213067640377858, 9.249294599295562 ], [ 79.213076030642611, 9.24929862373496 ], [ 79.213084420907379, 9.249302649060956 ], [ 79.213092812070443, 9.249306672613642 ], [ 79.213101203233521, 9.249310697939562 ], [ 79.21310959439657, 9.249314722378807 ], [ 79.213117984661324, 9.249318745931365 ], [ 79.213126374926091, 9.249322771257132 ], [ 79.213134766089141, 9.249326794809589 ], [ 79.213143157252233, 9.249330820135279 ], [ 79.213151548415283, 9.249334844574259 ], [ 79.213159937781739, 9.249338869013236 ], [ 79.213168329843128, 9.249342892565513 ], [ 79.213176720107853, 9.249346917891001 ], [ 79.213185111270931, 9.249350942329814 ], [ 79.213193502433995, 9.249354966768601 ], [ 79.213201891800452, 9.249358992093962 ], [ 79.213210283861841, 9.249363015645972 ], [ 79.213218674126594, 9.249367040971244 ], [ 79.213227065289644, 9.249371065409841 ], [ 79.213235455554411, 9.249375088961749 ], [ 79.213243845819164, 9.249379114286882 ], [ 79.213252237880539, 9.2493831378387 ], [ 79.213260628145292, 9.24938716316373 ], [ 79.213269019308356, 9.249391187602072 ], [ 79.213277409573124, 9.249395212040401 ], [ 79.213285799837877, 9.24939923559203 ], [ 79.213294191899251, 9.249403260916882 ], [ 79.213302582164005, 9.249407285355046 ], [ 79.213310973327069, 9.249411309793185 ], [ 79.213319363591822, 9.249415335117897 ], [ 79.213327753856575, 9.249419358669297 ], [ 79.213336145917964, 9.249423383107269 ], [ 79.213344536182717, 9.249427408431842 ], [ 79.213352927345809, 9.249431431983114 ], [ 79.213361317610534, 9.249435457307596 ], [ 79.213369707875287, 9.249439481745418 ], [ 79.213378099936676, 9.249443506183161 ], [ 79.21338649020143, 9.249447530620893 ], [ 79.213394881364522, 9.249451555058535 ], [ 79.213403271629275, 9.249455578609528 ], [ 79.213411661894, 9.249459603933744 ], [ 79.213420053057092, 9.249463629257896 ], [ 79.213428444220128, 9.249467652808748 ], [ 79.213436835383234, 9.249471677246174 ], [ 79.213445225647973, 9.249475701683574 ], [ 79.213453615912741, 9.249479726120912 ], [ 79.213462007075805, 9.249483750558223 ], [ 79.213470398238883, 9.249487774995458 ], [ 79.213478789401933, 9.249491800319293 ], [ 79.213487179666686, 9.249495824756476 ], [ 79.213495569931453, 9.249499848306948 ], [ 79.213503961094503, 9.249503872744004 ], [ 79.213515409224485, 9.249507402438606 ], [ 79.213526857354481, 9.249510931246558 ], [ 79.213538304586137, 9.249514461827706 ], [ 79.213549753614444, 9.249517990635582 ], [ 79.213561200846087, 9.249521520330029 ], [ 79.213572648976054, 9.249525049137803 ], [ 79.213584097106079, 9.249528577945577 ], [ 79.213595545236046, 9.249532109413197 ], [ 79.213606993366028, 9.249535637334244 ], [ 79.213618440597671, 9.249539167028527 ], [ 79.213629889625977, 9.249542695836123 ], [ 79.213641336857663, 9.249546224643717 ], [ 79.21365278498763, 9.249549755224535 ], [ 79.213664233117612, 9.249553284032029 ], [ 79.213675681247594, 9.249556813726134 ], [ 79.213687129377561, 9.249560343420201 ], [ 79.213698578405882, 9.249563872227618 ], [ 79.213710024739228, 9.249567401921622 ], [ 79.213721472869196, 9.249570930728936 ], [ 79.213732920999178, 9.249574460422851 ], [ 79.213744369129145, 9.249577989230128 ], [ 79.213755817259127, 9.249581518037342 ], [ 79.213767263592487, 9.249585048617803 ], [ 79.213778714417415, 9.24958857831159 ], [ 79.213790160750762, 9.249592107118689 ], [ 79.213801608880743, 9.249595635925802 ], [ 79.213813057010711, 9.249599164732825 ], [ 79.213824505140721, 9.24960269531312 ], [ 79.213835953270703, 9.249606224120079 ], [ 79.213847401400685, 9.249609752927025 ], [ 79.213858848632327, 9.249613282620571 ], [ 79.213870296762337, 9.249616813200689 ], [ 79.213881744892319, 9.249620342007534 ], [ 79.213893193022287, 9.249623870814327 ], [ 79.213904641152268, 9.249627399621108 ], [ 79.213916088383954, 9.249630929314463 ], [ 79.213927537412218, 9.249634459007792 ], [ 79.213938984643903, 9.249637988701084 ], [ 79.213950432773885, 9.249641518394322 ], [ 79.213961880903852, 9.2496450472009 ], [ 79.213973329033834, 9.249648576007464 ], [ 79.213984777163802, 9.249652105700616 ], [ 79.213996224395487, 9.249655635393728 ], [ 79.214007673423794, 9.249659164200191 ], [ 79.214019120655436, 9.24966269300659 ], [ 79.214030568785418, 9.249666223586239 ], [ 79.2140420169154, 9.249669752392562 ], [ 79.21405346504541, 9.249673281198872 ], [ 79.214064913175378, 9.249676810891781 ], [ 79.214076361305359, 9.249680339697989 ], [ 79.214087809435327, 9.249683870277471 ], [ 79.214099256666984, 9.249687399083616 ], [ 79.21411070479698, 9.249690927889761 ], [ 79.214122152926961, 9.249694456695829 ], [ 79.214133601056943, 9.249697987275171 ], [ 79.214145048288586, 9.249701516081178 ], [ 79.214156497316893, 9.249705045773794 ], [ 79.214167945446874, 9.24970857457976 ], [ 79.214179392678545, 9.2497121042723 ], [ 79.214190839910188, 9.249715633964803 ], [ 79.214202288938509, 9.249719162770642 ], [ 79.214213737068491, 9.249722691576455 ], [ 79.214225184300162, 9.249726221268869 ], [ 79.21423663332844, 9.249729750961231 ], [ 79.214243673425315, 9.249732433030884 ], [ 79.214250712623908, 9.249735115987162 ], [ 79.214257751822458, 9.249737798943416 ], [ 79.214264791021023, 9.249740481013044 ], [ 79.214271831117912, 9.249743163969246 ], [ 79.214278871214788, 9.249745846038799 ], [ 79.214285910413352, 9.249748529881623 ], [ 79.214292949611931, 9.249751211951125 ], [ 79.214299988810495, 9.249753894907263 ], [ 79.214307028907371, 9.249756576976727 ], [ 79.214314068105935, 9.249759259932814 ], [ 79.214321108202824, 9.249761942888888 ], [ 79.214328147401375, 9.249764624958326 ], [ 79.214335186599968, 9.249767307914363 ], [ 79.214342226696843, 9.249769989983724 ], [ 79.21434926679369, 9.249772672939709 ], [ 79.214356305992297, 9.249775355895682 ], [ 79.214363346089172, 9.24977803885163 ], [ 79.214370385287737, 9.24978072092094 ], [ 79.214377425384626, 9.249783403876849 ], [ 79.21438446368488, 9.249786085946084 ], [ 79.214391503781727, 9.249788769788605 ], [ 79.214398542980319, 9.249791451857813 ], [ 79.214405583077209, 9.249794134813634 ], [ 79.214412622275759, 9.249796816882817 ], [ 79.214419662372649, 9.249799498951962 ], [ 79.214426701571213, 9.249802182794369 ], [ 79.214433741668088, 9.249804864863474 ], [ 79.214440780866639, 9.249807547819193 ], [ 79.214447820065232, 9.249810229888249 ], [ 79.214454860162078, 9.249812912843931 ], [ 79.214461899360671, 9.249815595799598 ], [ 79.214468938559236, 9.249818278755239 ], [ 79.214475977757786, 9.249820960824245 ], [ 79.214483017854661, 9.249823643779848 ], [ 79.214490057053268, 9.249826325848778 ], [ 79.214497097150144, 9.249829009690993 ], [ 79.214504136348708, 9.249831691759884 ], [ 79.21451117734388, 9.249834373828786 ], [ 79.214518215644148, 9.249837056784289 ], [ 79.214525255741037, 9.249839738853115 ], [ 79.214532294939573, 9.249842422695217 ], [ 79.214539335036463, 9.249845104764006 ], [ 79.214546374235027, 9.249847787719432 ], [ 79.214553414331917, 9.249850469788182 ], [ 79.214560454428792, 9.249853152743556 ], [ 79.214567493627356, 9.249855834812294 ], [ 79.214574532825949, 9.249858518654243 ], [ 79.2145815720245, 9.249861200722943 ], [ 79.214588612121375, 9.249863883678241 ], [ 79.214595652218264, 9.249866565746865 ], [ 79.214602691416829, 9.249869248702126 ], [ 79.214609730615379, 9.249871931657347 ], [ 79.214616769813972, 9.249874613725945 ], [ 79.214623809910861, 9.249877296681142 ], [ 79.214630849109412, 9.249879978749664 ], [ 79.214637889206301, 9.249882661704822 ], [ 79.214644928404851, 9.249885344659956 ], [ 79.214651969400066, 9.249888027615064 ], [ 79.214659007700291, 9.249890709683497 ], [ 79.214666047797181, 9.249893392638578 ], [ 79.214673086995774, 9.249896074707012 ], [ 79.21468012709262, 9.249898759435291 ], [ 79.214687166291213, 9.249901440617048 ], [ 79.214694845988575, 9.249906100766212 ], [ 79.214702526584247, 9.249910761801951 ], [ 79.214710206281595, 9.249915421950975 ], [ 79.214717885978985, 9.249920082099962 ], [ 79.214725566574671, 9.249924742248885 ], [ 79.214733246272019, 9.249929402397719 ], [ 79.214740925969366, 9.249934063433189 ], [ 79.214748605666756, 9.249938723581895 ], [ 79.214756286262414, 9.249943383730576 ], [ 79.214763965959804, 9.249948043879195 ], [ 79.214771645657152, 9.249952704027724 ], [ 79.214779326252838, 9.249957365062876 ], [ 79.214787005950186, 9.249962025211277 ], [ 79.214794685647576, 9.24996668535964 ], [ 79.214802365344923, 9.249971346394576 ], [ 79.214810045940609, 9.249976005656174 ], [ 79.214817725637957, 9.249980666691009 ], [ 79.214825405335304, 9.249985326839106 ], [ 79.214833085931005, 9.249989986987176 ], [ 79.214840765628395, 9.24999464713517 ], [ 79.214848446224067, 9.249999308169738 ], [ 79.21485612502309, 9.250003969204229 ], [ 79.214863805618776, 9.250008629352058 ], [ 79.214871486214449, 9.250013288613159 ], [ 79.214879165013514, 9.250017948760823 ], [ 79.214886844710861, 9.250022609795097 ], [ 79.214894526204887, 9.250027269942647 ], [ 79.214902205902234, 9.250031930976807 ], [ 79.214909885599596, 9.250036591124216 ], [ 79.214917566195268, 9.2500412512716 ], [ 79.214925245892658, 9.250045912305543 ], [ 79.214932925590006, 9.250050571566151 ], [ 79.214937548320478, 9.250054879719727 ], [ 79.214942170152611, 9.250059187873255 ], [ 79.214946792883026, 9.250063495140106 ], [ 79.21495141741012, 9.25006780418018 ], [ 79.214956038343971, 9.25007211056028 ], [ 79.214960661074386, 9.250076418713592 ], [ 79.214965283804858, 9.25008072686685 ], [ 79.214969905636991, 9.25008503502006 ], [ 79.21497452926576, 9.250089343173205 ], [ 79.214979151097893, 9.250093650439661 ], [ 79.214983773828351, 9.250097958592718 ], [ 79.214988396558809, 9.250102265859086 ], [ 79.214993019289238, 9.250106574012028 ], [ 79.214997642019696, 9.250110882164931 ], [ 79.215002264750169, 9.25011519031777 ], [ 79.215006886582302, 9.250119497583935 ], [ 79.215011510211056, 9.25012380573666 ], [ 79.215016132043189, 9.250128113889348 ], [ 79.215020754773647, 9.250132421155321 ], [ 79.215025378402416, 9.250136729307906 ], [ 79.215029999336252, 9.250141036573803 ], [ 79.215034622066682, 9.250145344726274 ], [ 79.215039245695436, 9.250149652878694 ], [ 79.215043868425894, 9.25015396014444 ], [ 79.215048490258042, 9.250158269183368 ], [ 79.2150531129885, 9.250162575562349 ], [ 79.215057734820633, 9.250166883714565 ], [ 79.215062357551105, 9.250171191866718 ], [ 79.215066980281534, 9.25017550001882 ], [ 79.215071603011992, 9.250179808170857 ], [ 79.21507622574245, 9.250184115436234 ], [ 79.215080847574583, 9.25018842358817 ], [ 79.215085471203352, 9.25019273174007 ], [ 79.21509009393381, 9.250197039005279 ], [ 79.215094715765957, 9.250201347157063 ], [ 79.215099339394698, 9.250205655308795 ], [ 79.215103961226831, 9.250209962573829 ], [ 79.215108583957303, 9.250214270725447 ], [ 79.215113206687732, 9.250218577990402 ], [ 79.215117829418205, 9.250222886141932 ], [ 79.215122452148663, 9.250227194293398 ], [ 79.215127074879092, 9.250231501558188 ], [ 79.215131696711225, 9.250235809709553 ], [ 79.215136319441697, 9.250240117860866 ], [ 79.215140942172155, 9.250244425125466 ], [ 79.215145564004288, 9.250248733276676 ], [ 79.215150187633043, 9.250253041427811 ], [ 79.215154808566879, 9.250257348692296 ], [ 79.215159432195634, 9.250261656843342 ], [ 79.215164054926078, 9.250265964994338 ], [ 79.215168677656536, 9.250270273145281 ], [ 79.215173300386994, 9.250274580409551 ], [ 79.215177923117423, 9.25027888767373 ], [ 79.215182544949599, 9.250283196711159 ], [ 79.215187167680028, 9.250287503975237 ], [ 79.215191790410501, 9.250291812125914 ], [ 79.215196413140916, 9.250296120276527 ], [ 79.215201035871374, 9.25030042842714 ], [ 79.215205657703521, 9.250304735691003 ], [ 79.215210281332276, 9.250309042954852 ], [ 79.215214904062748, 9.250313351105273 ], [ 79.215219525894881, 9.25031765925562 ], [ 79.215224148625339, 9.250321967405927 ], [ 79.215228771355797, 9.250326274669536 ], [ 79.215236166287212, 9.250329098595948 ], [ 79.215243561218614, 9.250331923408961 ], [ 79.21525095704834, 9.250334745562075 ], [ 79.215258351979784, 9.250337570375034 ], [ 79.2152657469112, 9.250340394301359 ], [ 79.215273142740926, 9.25034321822767 ], [ 79.215280537672342, 9.250346042153918 ], [ 79.215287931705447, 9.250348865193567 ], [ 79.215295328433527, 9.250351689119764 ], [ 79.215302721568293, 9.250354513045986 ], [ 79.21531011829633, 9.25035733697217 ], [ 79.21531751322776, 9.250360160898341 ], [ 79.215324908159175, 9.250362983937837 ], [ 79.215332303090577, 9.250365808750582 ], [ 79.215339698920317, 9.250368631790041 ], [ 79.215347093851747, 9.25037145571611 ], [ 79.215357616716986, 9.250371453942849 ], [ 79.215368138683928, 9.250371452169588 ], [ 79.215378662447463, 9.250371448623053 ], [ 79.215389185312688, 9.250371446849792 ], [ 79.215399707279616, 9.250371444189881 ], [ 79.215410230144855, 9.25037144241662 ], [ 79.215420753010093, 9.250371438870099 ], [ 79.215431275875346, 9.250371437096836 ], [ 79.215441798740599, 9.250371435323538 ], [ 79.215452323402445, 9.250371432663652 ], [ 79.215462845369387, 9.250371430003742 ], [ 79.215473368234612, 9.25037142734387 ], [ 79.215483891099836, 9.250371424683959 ], [ 79.21549441306675, 9.250371422024049 ], [ 79.215504935932017, 9.250371420250788 ], [ 79.215515458797242, 9.250371417590902 ], [ 79.215527189896548, 9.250368872067575 ], [ 79.215538920097515, 9.250366327430871 ], [ 79.215550651196807, 9.250363781020896 ], [ 79.215562383194438, 9.250361234610892 ], [ 79.21557411429373, 9.250358689974139 ], [ 79.215585845393036, 9.250356143564112 ], [ 79.215597575593989, 9.250353598040695 ], [ 79.215609306693295, 9.25035105340389 ], [ 79.215621036894291, 9.250348507880448 ], [ 79.215632767993583, 9.250345960583696 ], [ 79.215644499092875, 9.250343415946826 ], [ 79.215656230192167, 9.250340871309971 ], [ 79.215667961291473, 9.250338324013153 ], [ 79.215679692390751, 9.250335779376234 ], [ 79.215691422591732, 9.250333233852677 ], [ 79.215703153691024, 9.25033068832907 ], [ 79.215714883891991, 9.250328141918839 ], [ 79.215726615889608, 9.250325597281844 ], [ 79.215738346988914, 9.2503230508716 ], [ 79.215750078088206, 9.250320505347917 ], [ 79.215761808289173, 9.250317959824258 ], [ 79.215773539388479, 9.250315414300537 ], [ 79.215785269589475, 9.250312868776842 ], [ 79.215797000688752, 9.250310323253082 ], [ 79.215808731788059, 9.250307776842698 ], [ 79.215820462887351, 9.250305231318938 ], [ 79.215832193986657, 9.250302685795164 ], [ 79.21584392418761, 9.250300140271342 ], [ 79.215855655286916, 9.250297594747531 ], [ 79.215867386386194, 9.250295049223658 ], [ 79.215879118383825, 9.250292502813158 ], [ 79.215890848584792, 9.250289958175946 ], [ 79.215902579684098, 9.250287411765409 ], [ 79.215914309885093, 9.250284866241472 ], [ 79.215926040984385, 9.250282320717547 ], [ 79.215937772083677, 9.250279775193571 ], [ 79.215949503182983, 9.25027722878297 ], [ 79.215961234282275, 9.250274684145605 ], [ 79.215972965381567, 9.250272138621616 ], [ 79.215984695582534, 9.250269592210953 ], [ 79.215996425783501, 9.250267046686913 ], [ 79.216008156882793, 9.250264501162823 ], [ 79.2160198879821, 9.250261954752109 ], [ 79.216031619979717, 9.25025941011463 ], [ 79.216043350180684, 9.250256864590526 ], [ 79.216055081279976, 9.250254319066398 ], [ 79.216066812379268, 9.250251772655618 ], [ 79.216078542580277, 9.250249227131414 ], [ 79.216090273679569, 9.250246681607234 ], [ 79.216102004778861, 9.250244136083005 ], [ 79.216113735878167, 9.250241590558787 ], [ 79.21612546607912, 9.250239045034556 ], [ 79.216137197178426, 9.25023649862365 ], [ 79.216148928277718, 9.250233953099343 ], [ 79.21616065937701, 9.250231407575049 ], [ 79.216172391374627, 9.250228862050717 ], [ 79.216184121575608, 9.250226317412997 ], [ 79.216195851776604, 9.250223771002027 ], [ 79.216207582875896, 9.250221226364294 ], [ 79.216219313975188, 9.250218679066599 ], [ 79.216231045074494, 9.250216134428815 ], [ 79.216242776173786, 9.250213588904392 ], [ 79.216254506374753, 9.25021104160666 ], [ 79.216266236575748, 9.250208496968824 ], [ 79.216273417708109, 9.250207719391344 ], [ 79.216280598840498, 9.250206939153967 ], [ 79.216287780871212, 9.250206160689839 ], [ 79.216294961105262, 9.25020538222571 ], [ 79.216302142237623, 9.250204603761579 ], [ 79.216309323370027, 9.250203825297451 ], [ 79.216316503604105, 9.250203045946673 ], [ 79.216323684736466, 9.250202268369181 ], [ 79.216330865868855, 9.250201489018414 ], [ 79.21633804700123, 9.250200711440909 ], [ 79.216345228133619, 9.250199931203481 ], [ 79.21635240926598, 9.25019915273934 ], [ 79.216359590398369, 9.250198374275199 ], [ 79.216366770632447, 9.250197594924446 ], [ 79.216373950866512, 9.250196817346914 ], [ 79.216381131998872, 9.250196037996149 ], [ 79.216388313131276, 9.250195260418618 ], [ 79.216395495161962, 9.25019448106784 ], [ 79.216402675396026, 9.250193701717048 ], [ 79.216409857426726, 9.250192924139544 ], [ 79.216417036762465, 9.250192144788739 ], [ 79.216424217894854, 9.250191366324586 ], [ 79.216431399027215, 9.250190587860418 ], [ 79.216438579261293, 9.250189809396264 ], [ 79.216445760393682, 9.250189030045448 ], [ 79.216452942424382, 9.25018825158128 ], [ 79.216460122658447, 9.250187473117112 ], [ 79.216467303790836, 9.250186694652946 ], [ 79.216474484923197, 9.250185915302167 ], [ 79.216481665157275, 9.250185136837986 ], [ 79.216488846289678, 9.250184358373781 ], [ 79.216496027422039, 9.250183579909615 ], [ 79.216503207656089, 9.250182800558823 ], [ 79.216510389686803, 9.250182022094643 ], [ 79.216517569920853, 9.250181243630463 ], [ 79.216524751053257, 9.250180465166283 ], [ 79.216531932185617, 9.250179685815453 ], [ 79.216539113318021, 9.250178907351261 ], [ 79.216546293552085, 9.250178128887082 ], [ 79.21655347468446, 9.25017735042289 ], [ 79.216560655816849, 9.250176571072046 ], [ 79.21656783694921, 9.250175792607854 ], [ 79.216575018081613, 9.250175014143661 ], [ 79.216582199213974, 9.250174235679468 ], [ 79.216589379448038, 9.250173457215276 ], [ 79.216596560580442, 9.250172677864459 ], [ 79.216603740814506, 9.250171900286878 ], [ 79.216610921946867, 9.250171120049412 ], [ 79.21661810307927, 9.250170341585207 ], [ 79.216625284211631, 9.250169564007651 ], [ 79.21663246534402, 9.250168784656783 ], [ 79.216639645578084, 9.250168006192578 ], [ 79.216646826710445, 9.250167226841723 ], [ 79.216654007842848, 9.250166449264155 ], [ 79.216661188076927, 9.25016567079995 ], [ 79.216668369209287, 9.250164890562457 ], [ 79.216675551240016, 9.250164112984852 ], [ 79.216682732372377, 9.250163333634021 ], [ 79.216689912606441, 9.250162555169803 ], [ 79.21669709373883, 9.250161776705585 ], [ 79.216704273972908, 9.250160998241354 ], [ 79.216711455105269, 9.250160219777136 ], [ 79.216718636237673, 9.250159440426255 ], [ 79.216725817370033, 9.250158661962026 ], [ 79.216732358003625, 9.250158590144718 ], [ 79.216738900433825, 9.2501585183274 ], [ 79.216745441067431, 9.250158445623443 ], [ 79.21675198170098, 9.250158372919488 ], [ 79.216758523232883, 9.25015830110218 ], [ 79.216765063866475, 9.250158230171486 ], [ 79.216771605398378, 9.25015815658092 ], [ 79.216778146930281, 9.250158084763612 ], [ 79.216784687563845, 9.250158012946294 ], [ 79.216791229095776, 9.250157941128949 ], [ 79.216797770627679, 9.250157868425031 ], [ 79.216804311261228, 9.250157795721075 ], [ 79.216810852793131, 9.250157723903769 ], [ 79.216817394325034, 9.250157652086424 ], [ 79.216823934958626, 9.250157579382494 ], [ 79.216830477388839, 9.250157507565188 ], [ 79.216837017124107, 9.250157435747843 ], [ 79.216843558655995, 9.250157363930537 ], [ 79.216850100187884, 9.25015729122658 ], [ 79.216856641719787, 9.250157219409262 ], [ 79.216863183251718, 9.250157146705318 ], [ 79.216869723885281, 9.250157074888 ], [ 79.216876265417184, 9.250157002184082 ], [ 79.216882806050776, 9.250156930366737 ], [ 79.216889347582679, 9.250156859436068 ], [ 79.216895889114582, 9.250156786732111 ], [ 79.216902429748131, 9.250156714028154 ], [ 79.216908971280034, 9.250156642210849 ], [ 79.216915511913641, 9.250156570393543 ], [ 79.216922053445529, 9.250156497689586 ], [ 79.216928594977432, 9.250156424985631 ], [ 79.216935135610996, 9.250156353168324 ], [ 79.216941677142927, 9.250156281351005 ], [ 79.216948217776505, 9.250156210420311 ], [ 79.216954759308393, 9.250156135943094 ], [ 79.216961300840282, 9.250156064125774 ], [ 79.216967842372185, 9.250155993195131 ], [ 79.216974383005791, 9.250155921377774 ], [ 79.216980925435976, 9.250155847787205 ], [ 79.216987465171258, 9.250155775969899 ], [ 79.216994006703146, 9.250155704152579 ], [ 79.217000548235049, 9.250155632335273 ], [ 79.217007088868641, 9.250155558744668 ], [ 79.217013631298869, 9.250155486927362 ], [ 79.217020171034136, 9.250155415110056 ], [ 79.217026712566039, 9.250155343292736 ], [ 79.217033254097942, 9.250155270588781 ], [ 79.217039794731505, 9.250155198771473 ], [ 79.217046337161733, 9.250155126954168 ], [ 79.217052877795297, 9.250155055136823 ], [ 79.217059418428889, 9.250154983319517 ], [ 79.217065959960792, 9.250154909728936 ], [ 79.217072500594355, 9.25015483791163 ], [ 79.217079042126258, 9.250154766094312 ], [ 79.217085583658147, 9.250154694276979 ], [ 79.217092124291753, 9.250154621573049 ], [ 79.217098665823642, 9.250154548869093 ], [ 79.217105207355544, 9.250154477051787 ], [ 79.217111747989151, 9.250154405234442 ], [ 79.21711829041935, 9.250154333417123 ], [ 79.217124831052942, 9.250154260713204 ], [ 79.217131371686506, 9.250154188895861 ], [ 79.217137913218394, 9.250154117078553 ], [ 79.217144454750297, 9.250154044374598 ], [ 79.217156257714834, 9.250155242216527 ], [ 79.217168059781031, 9.250156440945043 ], [ 79.217179863643864, 9.250157638786922 ], [ 79.217191665710061, 9.250158836628813 ], [ 79.217203469572922, 9.250160035357341 ], [ 79.21721527163912, 9.25016123319922 ], [ 79.217227076400235, 9.250162431041087 ], [ 79.217238877568136, 9.250163628882966 ], [ 79.217250681430983, 9.250164827611481 ], [ 79.217262484395505, 9.250166026339985 ], [ 79.217274287359999, 9.2501672232952 ], [ 79.217286090324535, 9.250168421137042 ], [ 79.217297893289057, 9.250169619865545 ], [ 79.217309696253565, 9.250170816820773 ], [ 79.217321498319748, 9.250172016435876 ], [ 79.21733330218261, 9.250173214277716 ], [ 79.217345104248821, 9.250174412119543 ], [ 79.217356907213315, 9.250175609961373 ], [ 79.217368711076134, 9.2501768078032 ], [ 79.217380513142373, 9.250178007418276 ], [ 79.217392317005192, 9.250179205260091 ], [ 79.217404119071404, 9.250180402215294 ], [ 79.217415922035897, 9.25018160094376 ], [ 79.217427725000434, 9.250182798785563 ], [ 79.217439527964956, 9.250183996627365 ], [ 79.21745133092945, 9.250185195355805 ], [ 79.217463133893986, 9.250186393197593 ], [ 79.217474937756805, 9.250187591039383 ], [ 79.217486739823016, 9.250188788881161 ], [ 79.217498543685878, 9.250189986722949 ], [ 79.217510345752061, 9.250191184564715 ], [ 79.217522148716569, 9.250192384179753 ], [ 79.217533951681091, 9.250193581134905 ], [ 79.217545754645627, 9.250194779863282 ], [ 79.217557557610135, 9.25019597770507 ], [ 79.217569360574643, 9.250197176433447 ], [ 79.21758116443749, 9.250198374275199 ], [ 79.217592967402013, 9.25019957211695 ], [ 79.217604770366506, 9.250200769958727 ], [ 79.217616572432703, 9.250201967800466 ], [ 79.217628376295565, 9.250203165642192 ], [ 79.217640178361762, 9.250204364370543 ], [ 79.217651982224595, 9.250205563098918 ], [ 79.217663784290792, 9.250206760054033 ], [ 79.217675587255329, 9.250207957895734 ], [ 79.217687390219822, 9.25020915662407 ], [ 79.217699193184359, 9.25021035535242 ], [ 79.217740574976219, 9.2502145553348 ], [ 79.217740627976838, 9.250422893725 ], [ 79.217726977177776, 9.250425157298668 ], [ 79.217645068790162, 9.25042065586366 ], [ 79.217540407873031, 9.250416158861773 ], [ 79.217358387636907, 9.250402638596828 ], [ 79.217149064904333, 9.250389126311068 ], [ 79.216753179155276, 9.250393738575596 ], [ 79.216070643693968, 9.250502395424265 ], [ 79.215542816989228, 9.250592931246333 ], [ 79.215169676583145, 9.25057041166858 ], [ 79.214455256319141, 9.250552490165743 ], [ 79.212862643033404, 9.250702031349569 ], [ 79.211320027281403, 9.250607431232726 ], [ 79.209736488776684, 9.250648455711048 ], [ 79.208935627226154, 9.250702875423363 ], [ 79.208216630045769, 9.250571919830437 ], [ 79.207611400902891, 9.250472586833133 ], [ 79.20690603296201, 9.250237648587049 ], [ 79.206127834109481, 9.249894224301441 ], [ 79.205458846140971, 9.249546255675945 ], [ 79.204539546211819, 9.249008460559844 ], [ 79.20377044908976, 9.248646945900028 ], [ 79.203160670878248, 9.248529523178849 ], [ 79.202732943445611, 9.248574814399213 ], [ 79.202441745563135, 9.248705973775419 ], [ 79.202077764379652, 9.248945645910389 ], [ 79.20165011599876, 9.249370683269936 ], [ 79.201277071712425, 9.249800231312005 ], [ 79.20045363010891, 9.250681944697568 ] ] ] ] } }
]
}
