{
"type": "FeatureCollection",
"name": "theni_boundary",
"crs": { "type": "name", "properties": { "name": "urn:ogc:def:crs:OGC:1.3:CRS84" } },
"features": [
{ "type": "Feature", "properties": { "dtname": "Theni", "stname": "TAMIL NADU", "stcode11": "33", "dtcode11": "624", "year_stat": "2011_c", "objectid": 687, "test": -1, "dist_lgd": 588, "state_lgd": 33, "remarks": " ", "dist": "Theni", "st_area(shape)": 2973189961.7268276, "st_length(shape)": 349811.98272575554 }, "geometry": { "type": "Polygon", "coordinates": [ [ [ 77.712553720401374, 10.025860401255613 ], [ 77.712552598405608, 10.025962310393854 ], [ 77.712551319204636, 10.026078478315616 ], [ 77.712549342012693, 10.026258149599323 ], [ 77.712494928360968, 10.027523927435944 ], [ 77.712494926564347, 10.027523956627494 ], [ 77.712481824635944, 10.027958573595203 ], [ 77.712463164830837, 10.028577228085359 ], [ 77.712445203915081, 10.029436120437017 ], [ 77.712420636788693, 10.029477243142686 ], [ 77.712372267002209, 10.029558211194347 ], [ 77.712157469037962, 10.029775312720266 ], [ 77.712155034603583, 10.029777772755779 ], [ 77.712139659937492, 10.029793307866429 ], [ 77.712062620418706, 10.029808957088003 ], [ 77.71193906882948, 10.029834050154541 ], [ 77.711879759359476, 10.029915449795157 ], [ 77.711884356937091, 10.030073709320368 ], [ 77.711861703222255, 10.030810552578931 ], [ 77.711793447430338, 10.031506667126637 ], [ 77.711707008838758, 10.032442449975587 ], [ 77.711683083109492, 10.032869421127049 ], [ 77.711657105628106, 10.033332991973754 ], [ 77.711671133719562, 10.033499504697128 ], [ 77.711671289128134, 10.033501346385394 ], [ 77.711684524007197, 10.03365845244044 ], [ 77.711679548238848, 10.033743789251517 ], [ 77.711671897287573, 10.033875021357327 ], [ 77.711666331326057, 10.033970364426324 ], [ 77.711392729643364, 10.033979479089211 ], [ 77.711344949151709, 10.033983653399488 ], [ 77.711132740132143, 10.034002185248974 ], [ 77.711132714979328, 10.03400217198031 ], [ 77.710941137566863, 10.033902756335607 ], [ 77.71088015004392, 10.033835187152054 ], [ 77.710516927038569, 10.033432751893733 ], [ 77.709960382092518, 10.032885855705395 ], [ 77.709759702949597, 10.033152696563823 ], [ 77.709536243429426, 10.033384682224039 ], [ 77.709534118015455, 10.033386889243209 ], [ 77.70937214727816, 10.03355503928967 ], [ 77.709352129220377, 10.033615229397194 ], [ 77.709226309385059, 10.033993553564754 ], [ 77.709104434052136, 10.034275466658229 ], [ 77.709103150359581, 10.034278437058981 ], [ 77.708993729269764, 10.03453153757177 ], [ 77.708875783167898, 10.034968090311786 ], [ 77.708825142440389, 10.035155486054823 ], [ 77.708391781672617, 10.034970218593182 ], [ 77.707976737553466, 10.034793980746485 ], [ 77.707910828161062, 10.034888525660325 ], [ 77.707762421086244, 10.035101410396186 ], [ 77.707563120857301, 10.035578105078867 ], [ 77.707507233968556, 10.035711774317397 ], [ 77.70717893656311, 10.036299549623125 ], [ 77.707101526040134, 10.036548201831767 ], [ 77.706855820640257, 10.036947528387369 ], [ 77.7068533844092, 10.036951487709592 ], [ 77.706709307214027, 10.037185644027719 ], [ 77.706575195030339, 10.037430248667421 ], [ 77.706568029169318, 10.037443316357157 ], [ 77.70644488002533, 10.037610695609727 ], [ 77.706340084360932, 10.037981347705532 ], [ 77.706322072241164, 10.038116793040629 ], [ 77.706308230999255, 10.038220878771746 ], [ 77.706363019248414, 10.038578034397176 ], [ 77.706380997232202, 10.038686213734465 ], [ 77.706413345565593, 10.038880874000407 ], [ 77.706632317102631, 10.039319401406372 ], [ 77.707481015738665, 10.040960089976585 ], [ 77.70775940544182, 10.041457319815787 ], [ 77.707759435086231, 10.041457366697163 ], [ 77.708030365179297, 10.041829685309427 ], [ 77.70846649006323, 10.042429024753593 ], [ 77.70915094522428, 10.043491216168306 ], [ 77.709817046007444, 10.044494617143643 ], [ 77.709999578283302, 10.044924113694922 ], [ 77.710314496180871, 10.04550708777114 ], [ 77.710488072253327, 10.045770392435413 ], [ 77.710606505242055, 10.045950059867353 ], [ 77.710689774577347, 10.045953537003797 ], [ 77.710820898066103, 10.045959037973315 ], [ 77.710989601676431, 10.045882149112074 ], [ 77.711016866443643, 10.045866812026603 ], [ 77.711600725564224, 10.04553838027147 ], [ 77.711793649551282, 10.045410008202934 ], [ 77.711920044308386, 10.045325908407113 ], [ 77.711942707006401, 10.04532525561352 ], [ 77.712079545576984, 10.045321347697305 ], [ 77.71212316058066, 10.045375305772922 ], [ 77.712152617237152, 10.045411744562694 ], [ 77.71221326879018, 10.045544720679912 ], [ 77.712344355448025, 10.045832122029212 ], [ 77.712526767349601, 10.04708770243491 ], [ 77.712536113421805, 10.047152025246145 ], [ 77.712595584588584, 10.047884354750916 ], [ 77.712291548882348, 10.047900461288023 ], [ 77.712080230991546, 10.047911655105306 ], [ 77.711969648380077, 10.047936740576615 ], [ 77.711861324133224, 10.047961315668159 ], [ 77.711637857426496, 10.048083445433516 ], [ 77.711613133993254, 10.048169312700518 ], [ 77.711583179670086, 10.04827335539335 ], [ 77.71144099342861, 10.048426952399716 ], [ 77.711277607844764, 10.048603451719712 ], [ 77.710817047886778, 10.048933543286401 ], [ 77.710795431726126, 10.048953347124471 ], [ 77.710338258416755, 10.049372180014887 ], [ 77.710247270756582, 10.049499765045459 ], [ 77.710151275887029, 10.049634372328416 ], [ 77.710046436205133, 10.04987399206469 ], [ 77.710034044844107, 10.049984791144617 ], [ 77.710014578351903, 10.050158856269515 ], [ 77.709973679853647, 10.050760056365155 ], [ 77.709984726436687, 10.051098561133088 ], [ 77.709984736318148, 10.051098856565563 ], [ 77.710010400287544, 10.051885709061699 ], [ 77.70984195629029, 10.053169517615144 ], [ 77.709797784331116, 10.053845414329558 ], [ 77.70976011707296, 10.054421770267279 ], [ 77.709726808440507, 10.054637403615278 ], [ 77.709726500318368, 10.054639397320395 ], [ 77.709664459071618, 10.055041029590349 ], [ 77.709514089177873, 10.05548411333954 ], [ 77.709508958000981, 10.055551863749342 ], [ 77.709505298264503, 10.055600174251424 ], [ 77.709468548186251, 10.056085258418898 ], [ 77.709353852189082, 10.056971913349956 ], [ 77.709281998644443, 10.057527370681933 ], [ 77.709108877119519, 10.058291429657311 ], [ 77.70890383755426, 10.059525612357806 ], [ 77.708903830367703, 10.059525655698563 ], [ 77.708815578077562, 10.06009499357938 ], [ 77.708758081407808, 10.060465899403262 ], [ 77.708357049210477, 10.062238012590472 ], [ 77.708106517162577, 10.063661964369759 ], [ 77.708048324298474, 10.0639846886451 ], [ 77.707974436069705, 10.064394461656805 ], [ 77.707839729201297, 10.064457962867817 ], [ 77.707782896386519, 10.064484754123514 ], [ 77.707782870335379, 10.064484788618717 ], [ 77.70771450135571, 10.064579796284203 ], [ 77.708312384076237, 10.066057888712246 ], [ 77.708319832906568, 10.066093752906253 ], [ 77.70841281662328, 10.066541570296758 ], [ 77.708561565956273, 10.067458430820428 ], [ 77.708591020816101, 10.067640009057765 ], [ 77.708610221406985, 10.067866715260458 ], [ 77.708659538916095, 10.068449180048411 ], [ 77.708682499854746, 10.069158838955074 ], [ 77.708679431209731, 10.070002855401739 ], [ 77.708678270586375, 10.070320562781431 ], [ 77.708678270586375, 10.070320604351778 ], [ 77.708619474952727, 10.071174400919599 ], [ 77.708610093846232, 10.071310611563083 ], [ 77.708564542973107, 10.071803402407966 ], [ 77.70863945258634, 10.072814481963182 ], [ 77.708646931061082, 10.072915422845149 ], [ 77.708692870904699, 10.074000340306577 ], [ 77.708775421587745, 10.075966727871833 ], [ 77.708844167859809, 10.077318275831152 ], [ 77.708962897292594, 10.077901473568936 ], [ 77.709004225185552, 10.079285088924294 ], [ 77.709008804796852, 10.079438450064137 ], [ 77.708899575946518, 10.080243153290295 ], [ 77.708639273821589, 10.081143327819465 ], [ 77.708543999400888, 10.081472803263349 ], [ 77.708441633679314, 10.081712768178225 ], [ 77.708193009653073, 10.082295584729762 ], [ 77.707726916971268, 10.082465741767994 ], [ 77.707189496259289, 10.082661937570903 ], [ 77.707189457631728, 10.082661955259749 ], [ 77.706482478113244, 10.082992142010337 ], [ 77.705401585637517, 10.083647804857836 ], [ 77.704986470551461, 10.083896512596482 ], [ 77.704986430127263, 10.083896535591879 ], [ 77.704748841904291, 10.084012940058999 ], [ 77.70383249743243, 10.084461871719851 ], [ 77.703079944582939, 10.084832632779756 ], [ 77.702053347181305, 10.085253897295585 ], [ 77.701492590933157, 10.085483971420885 ], [ 77.701231854921957, 10.085552793655925 ], [ 77.700926967612858, 10.085633227606872 ], [ 77.700028416970127, 10.086076478953103 ], [ 77.699216493565203, 10.086397599433351 ], [ 77.698609893593201, 10.086583060270311 ], [ 77.698459325171754, 10.086687097654949 ], [ 77.698253550784571, 10.086723521167931 ], [ 77.698076240415475, 10.08675489280896 ], [ 77.697895612568033, 10.086754955603505 ], [ 77.697597165281209, 10.086755030780138 ], [ 77.696935772568438, 10.086669292292916 ], [ 77.696935771670113, 10.086669331207869 ], [ 77.696944932689377, 10.086832011614471 ], [ 77.697142693205919, 10.087300422436853 ], [ 77.697154848310021, 10.087329215026532 ], [ 77.697268903808393, 10.087591418068619 ], [ 77.697524438574135, 10.087839960912182 ], [ 77.697770726980622, 10.088011745905574 ], [ 77.698017221999635, 10.088413987565325 ], [ 77.698158640181575, 10.088680670223116 ], [ 77.69815866802935, 10.088680711791095 ], [ 77.698290962022909, 10.08882535156623 ], [ 77.698482598724155, 10.088852375169806 ], [ 77.698847513257192, 10.088915621271745 ], [ 77.698970756724279, 10.089037619678058 ], [ 77.699093986716633, 10.089412789627671 ], [ 77.699112285398968, 10.089995961935788 ], [ 77.699171738599404, 10.090447985150981 ], [ 77.699171766447179, 10.090448022296641 ], [ 77.699368004319325, 10.090750802629637 ], [ 77.699368032167101, 10.090750844197375 ], [ 77.699421511570904, 10.09083801877946 ], [ 77.699650841581473, 10.0912118732699 ], [ 77.699678031788494, 10.091330125295624 ], [ 77.699696529896826, 10.091410725842982 ], [ 77.699724035412515, 10.091826664640628 ], [ 77.699669366639256, 10.092120420866053 ], [ 77.69966935765612, 10.092120450051777 ], [ 77.69952338771067, 10.092482129966269 ], [ 77.699446105646771, 10.092797327328489 ], [ 77.699400304143694, 10.092984009392154 ], [ 77.699386850075669, 10.093856385763766 ], [ 77.699386848279033, 10.093856429984315 ], [ 77.699416244748377, 10.093946944145355 ], [ 77.699469016279764, 10.094109517398842 ], [ 77.699563663676429, 10.094191101598827 ], [ 77.699715426857139, 10.094321966868161 ], [ 77.700025656447252, 10.094688076081663 ], [ 77.700386144980882, 10.095117381119774 ], [ 77.700354282636056, 10.095370599319319 ], [ 77.700358926926086, 10.095659899325137 ], [ 77.701006784722466, 10.096414708164049 ], [ 77.701006808976985, 10.096414744424612 ], [ 77.701458490884974, 10.096767121783131 ], [ 77.701458532207482, 10.096767155390461 ], [ 77.701759600778331, 10.097020289157946 ], [ 77.701808500570834, 10.097136444785351 ], [ 77.701828065877706, 10.097182962565 ], [ 77.701841953832002, 10.098006772243217 ], [ 77.701851211869339, 10.09855721243818 ], [ 77.701915220426571, 10.099190108407742 ], [ 77.701997454902639, 10.099990167844975 ], [ 77.701997461190842, 10.099990215602251 ], [ 77.702198434981142, 10.101097692896122 ], [ 77.70231204042355, 10.101524657244619 ], [ 77.702445004560332, 10.102024377038672 ], [ 77.702536349750019, 10.10273855990811 ], [ 77.702376730802129, 10.102847116591265 ], [ 77.702376681394796, 10.102847154619873 ], [ 77.701437154998686, 10.10363836996112 ], [ 77.700082479380555, 10.104890826303569 ], [ 77.699966788948345, 10.105005506595036 ], [ 77.699589848668623, 10.105379065158539 ], [ 77.698864670180782, 10.106061892045851 ], [ 77.698802088148213, 10.106369166236615 ], [ 77.698778121096424, 10.106486803355436 ], [ 77.698778110316667, 10.106486834308607 ], [ 77.698572933309109, 10.10691631816081 ], [ 77.698144306662883, 10.107770786223238 ], [ 77.697250385038828, 10.10885132799463 ], [ 77.69725035269947, 10.10885136160069 ], [ 77.696538835790491, 10.109543135337494 ], [ 77.696087701854779, 10.109870774059356 ], [ 77.6956858611737, 10.110162607110867 ], [ 77.69568582344445, 10.110162631873152 ], [ 77.695019889747925, 10.110610252678635 ], [ 77.694198855629352, 10.111094067217087 ], [ 77.694198810713601, 10.111094091094923 ], [ 77.693263636655075, 10.111541838835313 ], [ 77.692214487946515, 10.11188555055953 ], [ 77.691461778790199, 10.112107248428309 ], [ 77.690954268383919, 10.112268758342763 ], [ 77.690722771636871, 10.112342419373519 ], [ 77.690293971615773, 10.112514270873719 ], [ 77.689185467623162, 10.112880652096578 ], [ 77.688245665444285, 10.113147509911611 ], [ 77.687219328554079, 10.11352740604112 ], [ 77.686293198733807, 10.113816791410457 ], [ 77.685552197320547, 10.114178582228371 ], [ 77.685079829906513, 10.114409200768391 ], [ 77.685079793075573, 10.114409221992894 ], [ 77.684473153577684, 10.114752852825935 ], [ 77.684068728443521, 10.114969139128108 ], [ 77.683779705382321, 10.115123680673557 ], [ 77.683316082169227, 10.115379337192298 ], [ 77.683090900578662, 10.115503501064545 ], [ 77.68208735394721, 10.115919507744374 ], [ 77.681412146043684, 10.116150102925536 ], [ 77.679979717644457, 10.116620473213167 ], [ 77.679012648003422, 10.116909967223318 ], [ 77.67882249621735, 10.116971036733768 ], [ 77.678714832232245, 10.117005606762097 ], [ 77.678364835122807, 10.11711798608002 ], [ 77.678364790207056, 10.117118004651292 ], [ 77.678040931377438, 10.117271718298458 ], [ 77.677612681125325, 10.117398903250582 ], [ 77.677005399331989, 10.117579229384887 ], [ 77.676334753971801, 10.117791804839323 ], [ 77.676270966400111, 10.118393097171136 ], [ 77.676170559005868, 10.119259987115592 ], [ 77.676147928647225, 10.119455332731937 ], [ 77.676147923257346, 10.11945537518028 ], [ 77.676061330155505, 10.120210366024464 ], [ 77.675349710838589, 10.120214912409335 ], [ 77.674446318276466, 10.120364252405659 ], [ 77.673971960195729, 10.12040947480536 ], [ 77.672954529203267, 10.1204909276384 ], [ 77.672559397140702, 10.120524623562012 ], [ 77.672475557375265, 10.120531770779738 ], [ 77.672386505584498, 10.120540427561805 ], [ 77.672010231854713, 10.120576997577496 ], [ 77.670947297599824, 10.120794068785109 ], [ 77.670413524047902, 10.121020157424258 ], [ 77.669898029415336, 10.121413523278745 ], [ 77.668629852575947, 10.122367464978064 ], [ 77.668760306819806, 10.123393286602658 ], [ 77.668772364905891, 10.123488104436268 ], [ 77.669109292426228, 10.12613759007696 ], [ 77.669720898709301, 10.126396352404139 ], [ 77.670049168266971, 10.126535263377008 ], [ 77.670628603184781, 10.126815466617201 ], [ 77.671499995061538, 10.127077508339365 ], [ 77.671753620907268, 10.127136139614816 ], [ 77.672047491277752, 10.127204114597999 ], [ 77.672841304646525, 10.127095486558476 ], [ 77.673081285981425, 10.12705765359275 ], [ 77.673530224434558, 10.126986908888432 ], [ 77.67390661943692, 10.126897569568186 ], [ 77.67438798707181, 10.126783355172206 ], [ 77.674644694138991, 10.126739430084845 ], [ 77.674917126215206, 10.126692853797822 ], [ 77.675268479780669, 10.126641863858378 ], [ 77.675478269637196, 10.126611430837265 ], [ 77.67549199499642, 10.126765095721682 ], [ 77.675494850740719, 10.12724778935941 ], [ 77.675501258423651, 10.12833380936293 ], [ 77.675451391145572, 10.130404178899356 ], [ 77.675460718353179, 10.131678955098714 ], [ 77.675337658142425, 10.132592040587847 ], [ 77.675298360442, 10.13309899957604 ], [ 77.675251070430491, 10.133708626942337 ], [ 77.675223843392544, 10.134003956066907 ], [ 77.67519644297974, 10.134300815642318 ], [ 77.675135710578331, 10.135328403064817 ], [ 77.675096243096334, 10.135996017385217 ], [ 77.675075147958523, 10.136493415311772 ], [ 77.675050791936215, 10.137067439927643 ], [ 77.674923127859614, 10.138039364842152 ], [ 77.674923123368032, 10.138039402866625 ], [ 77.674859376220539, 10.138590857685426 ], [ 77.674749885062113, 10.13907006357741 ], [ 77.674581194028178, 10.139264391694363 ], [ 77.674581161688835, 10.139264419991528 ], [ 77.674581204807964, 10.139983240313807 ], [ 77.674530246076813, 10.140092167295574 ], [ 77.674494485043695, 10.140168514581543 ], [ 77.674448815592967, 10.140313201030402 ], [ 77.674398812669295, 10.140471478840176 ], [ 77.674649795671471, 10.141208216403399 ], [ 77.675014888969258, 10.142003832847516 ], [ 77.675530594705862, 10.143011856609291 ], [ 77.676201427813965, 10.144300033319388 ], [ 77.676282781941026, 10.1444508963088 ], [ 77.676379394851537, 10.144630067404712 ], [ 77.67675036941948, 10.144604101661917 ], [ 77.677027322716512, 10.144584718433437 ], [ 77.677652353423213, 10.14446263590059 ], [ 77.677962524622828, 10.144372148360906 ], [ 77.677962558758807, 10.144372136865364 ], [ 77.678332140039757, 10.144209381259063 ], [ 77.678710746694335, 10.144155053324464 ], [ 77.679449934409007, 10.143992230403084 ], [ 77.679869648869342, 10.143937883861909 ], [ 77.68011180682214, 10.143909342175006 ], [ 77.680252915085305, 10.143892711647279 ], [ 77.680864208754684, 10.143784131708937 ], [ 77.681091715185218, 10.143753105199249 ], [ 77.681329588174123, 10.143720663848459 ], [ 77.682169035959348, 10.143734126916586 ], [ 77.682169074586938, 10.143734128685139 ], [ 77.682493036722775, 10.143752210314274 ], [ 77.682675895087073, 10.143778059402006 ], [ 77.682876283175801, 10.143806357925392 ], [ 77.683140966384371, 10.143874141907183 ], [ 77.683515083259167, 10.143982613933678 ], [ 77.683953121554666, 10.144122675682056 ], [ 77.684579968654845, 10.144411422414535 ], [ 77.684934066573561, 10.144574530742467 ], [ 77.685376730294436, 10.144823181581751 ], [ 77.685737202658387, 10.145094273232631 ], [ 77.685737231404445, 10.145094296223652 ], [ 77.686157003356968, 10.145406201973652 ], [ 77.686284763553303, 10.14550555932216 ], [ 77.686284807570743, 10.14550558585025 ], [ 77.68639886306913, 10.145550781712624 ], [ 77.686782069097944, 10.145546164945525 ], [ 77.687147139937835, 10.145537029565002 ], [ 77.687147184853629, 10.145537029565002 ], [ 77.68728389676177, 10.145537056977313 ], [ 77.687749342656559, 10.14564543293948 ], [ 77.688538719246168, 10.145821624268185 ], [ 77.68888090101261, 10.145889386600908 ], [ 77.688880944131739, 10.145889393675073 ], [ 77.689277904265921, 10.14594350909114 ], [ 77.689802568900831, 10.145929937351029 ], [ 77.690222279767909, 10.145902744349993 ], [ 77.690993338810543, 10.145690098221136 ], [ 77.691887484115142, 10.145473001425453 ], [ 77.691887531725854, 10.145472972244576 ], [ 77.692111076585988, 10.145364458278026 ], [ 77.692302519251115, 10.144668257310286 ], [ 77.692453720984801, 10.144147506942113 ], [ 77.692571611391116, 10.143741484958371 ], [ 77.692693726574177, 10.143236439578281 ], [ 77.69281318993059, 10.14274237257877 ], [ 77.69286453942884, 10.142600319719438 ], [ 77.692922663122658, 10.142439518349875 ], [ 77.693132539217444, 10.142068863568051 ], [ 77.693492842698134, 10.141711645866311 ], [ 77.69423179056264, 10.141074147037758 ], [ 77.69423182559693, 10.14107410989795 ], [ 77.694605833775583, 10.140585857257234 ], [ 77.69460586341998, 10.140585821885967 ], [ 77.695048289087296, 10.140074876009583 ], [ 77.6955089748094, 10.139437363312375 ], [ 77.695618431831832, 10.139197807597805 ], [ 77.695718731428258, 10.138686982423788 ], [ 77.695718740411394, 10.138686946167997 ], [ 77.695896603244407, 10.138103789745006 ], [ 77.696083630689927, 10.137800900180682 ], [ 77.696256792639034, 10.137321692390582 ], [ 77.696644450718424, 10.136277443295601 ], [ 77.696804059784853, 10.135875030758552 ], [ 77.697013786759271, 10.135526857809273 ], [ 77.69716028760908, 10.135336160117582 ], [ 77.697246470180815, 10.135223971999466 ], [ 77.697319494230271, 10.135172265367162 ], [ 77.697661525079738, 10.134930060644434 ], [ 77.698081232353502, 10.13464521219881 ], [ 77.698491808252427, 10.134360381186024 ], [ 77.698772626101857, 10.134342399837031 ], [ 77.699130476283472, 10.13431948497885 ], [ 77.700020179418985, 10.134328340356253 ], [ 77.700334970654097, 10.134322395209246 ], [ 77.700741048688386, 10.134314725677623 ], [ 77.701512061018619, 10.13421058786963 ], [ 77.70195603088996, 10.134132240645624 ], [ 77.702127910044823, 10.134101909145564 ], [ 77.702127935197637, 10.134101917104278 ], [ 77.702616091401126, 10.134160547095357 ], [ 77.702616123740484, 10.134160554169789 ], [ 77.703013079383084, 10.134269011798946 ], [ 77.703133794092651, 10.134250411434879 ], [ 77.703277709591049, 10.134228234076312 ], [ 77.703551414580005, 10.134119649094096 ], [ 77.704112452000842, 10.133658490585184 ], [ 77.704487203984542, 10.133408177435737 ], [ 77.704755634964485, 10.13322886741882 ], [ 77.705280249293764, 10.132880690710953 ], [ 77.70528026995504, 10.13288067390919 ], [ 77.705713566044111, 10.132437610034495 ], [ 77.705713589400304, 10.132437581736719 ], [ 77.706023725565615, 10.132017116576773 ], [ 77.70602375071843, 10.132017079435922 ], [ 77.706370299195498, 10.13138869622207 ], [ 77.706707765705005, 10.130882314636406 ], [ 77.706995055017714, 10.130262945633014 ], [ 77.706995071187407, 10.130262910260564 ], [ 77.70720028682247, 10.12980189034722 ], [ 77.70720030478877, 10.129801857627685 ], [ 77.707496736256147, 10.129367788271926 ], [ 77.707866129789153, 10.128902092584461 ], [ 77.707866164823443, 10.128902089047214 ], [ 77.708655442598399, 10.128852209274068 ], [ 77.708847368557173, 10.128867970416575 ], [ 77.709038724984055, 10.128883682921034 ], [ 77.709691010576449, 10.128838383011686 ], [ 77.710357102376463, 10.128815618093656 ], [ 77.710357141004053, 10.128815615440729 ], [ 77.710950198873149, 10.12873856684169 ], [ 77.711447472976772, 10.1286885225605 ], [ 77.711985870157463, 10.128634339675363 ], [ 77.712674706402169, 10.128607099222206 ], [ 77.713135557414276, 10.12856629336571 ], [ 77.713348017962119, 10.128551203403941 ], [ 77.713774256886339, 10.128520926203546 ], [ 77.71439013555694, 10.128489168655614 ], [ 77.714937617400111, 10.12852064499114 ], [ 77.714937652434386, 10.128520650297055 ], [ 77.715699569322396, 10.128692270288548 ], [ 77.716420484405916, 10.129022042773174 ], [ 77.716936079649741, 10.129279599222549 ], [ 77.717661641718209, 10.129681752975932 ], [ 77.718177250436796, 10.129912127802067 ], [ 77.718477112570213, 10.130076843229663 ], [ 77.718679085287107, 10.130187786270261 ], [ 77.718891120033504, 10.130392845575351 ], [ 77.719071589777457, 10.130567376598076 ], [ 77.719614633943124, 10.1311549125633 ], [ 77.720162306229099, 10.131724386368507 ], [ 77.720162338568471, 10.131724426162334 ], [ 77.720563942992641, 10.132311898106019 ], [ 77.721065953912756, 10.133053139613951 ], [ 77.72106597277741, 10.133053167911676 ], [ 77.721704965998541, 10.13398418841061 ], [ 77.721704994744627, 10.13398422820412 ], [ 77.721741419632764, 10.134029342567656 ], [ 77.722398299209559, 10.133852473569016 ], [ 77.723488733590216, 10.133558866040552 ], [ 77.72470226501261, 10.133300770066715 ], [ 77.72582907577241, 10.133042824216661 ], [ 77.725829106315103, 10.133042816257934 ], [ 77.726910338354003, 10.132789366885943 ], [ 77.727461879683943, 10.132667729085309 ], [ 77.727690340125335, 10.132617343191503 ], [ 77.727945741042078, 10.132418411773997 ], [ 77.728064569289529, 10.132138845707772 ], [ 77.728251335325311, 10.131699466599324 ], [ 77.728529364804061, 10.130958116728992 ], [ 77.728674938592476, 10.130584129852149 ], [ 77.728884876671003, 10.130044783401267 ], [ 77.728884902722157, 10.130044846187364 ], [ 77.729154335323628, 10.130704716999048 ], [ 77.7294510497603, 10.131382712111016 ], [ 77.729715895563928, 10.132101443109629 ], [ 77.729715901852146, 10.132101469638789 ], [ 77.729706894444774, 10.132630300904021 ], [ 77.729410596826412, 10.133267798844688 ], [ 77.729289982728162, 10.133393163751837 ], [ 77.729127799090136, 10.133561723219755 ], [ 77.728797145403732, 10.133758925118837 ], [ 77.728543975003859, 10.133909908030949 ], [ 77.727916720966817, 10.134240098728988 ], [ 77.727834966191139, 10.134283132299009 ], [ 77.727289448963489, 10.134570272285261 ], [ 77.726826689929709, 10.134819050269584 ], [ 77.726422780428507, 10.135036178161386 ], [ 77.725300557364875, 10.135574412613408 ], [ 77.724652821739369, 10.135931707017011 ], [ 77.724265091794763, 10.136103654652022 ], [ 77.724226972683994, 10.136570320560173 ], [ 77.724210448174318, 10.136772688416292 ], [ 77.724210444581061, 10.13677272644088 ], [ 77.724146868113451, 10.137816924401688 ], [ 77.724156292339103, 10.13888827011284 ], [ 77.724156294135739, 10.138888311674357 ], [ 77.724152192428136, 10.13914411196226 ], [ 77.724142873305397, 10.139724586224478 ], [ 77.72416961794805, 10.140405987083941 ], [ 77.724202663374072, 10.141247914415425 ], [ 77.724134619584561, 10.142793985140356 ], [ 77.724113361851678, 10.143518746939868 ], [ 77.724089434325791, 10.144335497053468 ], [ 77.724012142380431, 10.145284808599969 ], [ 77.723989486868959, 10.145863438645621 ], [ 77.723925658873071, 10.146170871023818 ], [ 77.723957888628831, 10.147183409985074 ], [ 77.723957888628831, 10.147183440050068 ], [ 77.723981075044648, 10.148182419196488 ], [ 77.724082540654308, 10.148655902836875 ], [ 77.724140938334273, 10.148928296409125 ], [ 77.724323774240688, 10.150225663259278 ], [ 77.72434771074974, 10.150391210053854 ], [ 77.724396995919491, 10.150731923189971 ], [ 77.724502142825187, 10.151568118173861 ], [ 77.724570901673658, 10.152576253299692 ], [ 77.72461213793845, 10.153557120390214 ], [ 77.724635160860899, 10.153900743744678 ], [ 77.724635163555817, 10.153900772924791 ], [ 77.724700491738233, 10.153902453875777 ], [ 77.725502018940389, 10.153923072715363 ], [ 77.726163743131494, 10.153940733752272 ], [ 77.726172679571945, 10.153940970730083 ], [ 77.726172707419693, 10.153940970730083 ], [ 77.7262819865757, 10.153940933591764 ], [ 77.727322506965947, 10.153940566629872 ], [ 77.727386402335455, 10.153940543639463 ], [ 77.727386411318619, 10.153940583430517 ], [ 77.727615758397192, 10.154577065398742 ], [ 77.727642141018734, 10.154650281660668 ], [ 77.727820216752463, 10.155242345862263 ], [ 77.72782023112552, 10.15524239007439 ], [ 77.728094121167445, 10.155960975565032 ], [ 77.728094140032056, 10.155961020661278 ], [ 77.728281374988413, 10.156503502305426 ], [ 77.728514285683687, 10.157190531866602 ], [ 77.728769985739433, 10.157868572590536 ], [ 77.728930133795032, 10.158284283766328 ], [ 77.729085148877061, 10.158686639839564 ], [ 77.729281431664987, 10.159066316640834 ], [ 77.729281448732976, 10.159066347588929 ], [ 77.729066959789208, 10.159129675349931 ], [ 77.728888996344892, 10.159170434869015 ], [ 77.728802306225035, 10.15926077763126 ], [ 77.728676216895138, 10.159585948937449 ], [ 77.728483203974875, 10.16008370722823 ], [ 77.728218580953396, 10.160653613253565 ], [ 77.728086493572349, 10.160938106087654 ], [ 77.727866940825365, 10.16139423827093 ], [ 77.727703486071192, 10.161733838827455 ], [ 77.727649455101812, 10.161849403346928 ], [ 77.727530173205125, 10.162104527420368 ], [ 77.727379717073134, 10.162371285886641 ], [ 77.727379702700077, 10.162371321255529 ], [ 77.726896171023682, 10.16262015456036 ], [ 77.726388471971177, 10.162893524799506 ], [ 77.726316773835094, 10.16293213429819 ], [ 77.726316745987319, 10.162932149329963 ], [ 77.725741872714494, 10.163244183584867 ], [ 77.725048464045003, 10.163515659293017 ], [ 77.724619616413179, 10.163737324095898 ], [ 77.724222806297689, 10.164090048371738 ], [ 77.724122505802981, 10.164379286390874 ], [ 77.724122493226545, 10.164379312033168 ], [ 77.723862535156357, 10.164750054147666 ], [ 77.723862500122081, 10.164750090400494 ], [ 77.723575111994677, 10.165007841813773 ], [ 77.723296961243378, 10.165541380203461 ], [ 77.723068948163018, 10.165939149574568 ], [ 77.722822623823916, 10.166219609235862 ], [ 77.722655829133515, 10.166333337394876 ], [ 77.722398283938205, 10.166508942590584 ], [ 77.722037199821543, 10.166749853687909 ], [ 77.721910222057815, 10.166834570732959 ], [ 77.721444917198539, 10.167038153805972 ], [ 77.721051031099279, 10.167184150879892 ], [ 77.720920183393304, 10.167232650619864 ], [ 77.720500420423946, 10.167332205440323 ], [ 77.720211073969267, 10.16743350035156 ], [ 77.72003498261401, 10.167495145575206 ], [ 77.719694009979918, 10.167662624264638 ], [ 77.719519530202277, 10.167748329611497 ], [ 77.719519495168001, 10.167748346411454 ], [ 77.71912255569508, 10.167906640710941 ], [ 77.718834177624259, 10.168124958399433 ], [ 77.718620810676299, 10.16828648870586 ], [ 77.718430057917303, 10.168414913393518 ], [ 77.717767695024008, 10.168860849755765 ], [ 77.717447551626421, 10.16909650425737 ], [ 77.717306925758592, 10.169200017075363 ], [ 77.716900904318166, 10.169371858412152 ], [ 77.716820259860171, 10.169390041159414 ], [ 77.716499381640688, 10.169462377783717 ], [ 77.716380010810781, 10.169479687817905 ], [ 77.7162803903407, 10.169494124192925 ], [ 77.71591529524629, 10.169453540178438 ], [ 77.715851541810594, 10.169973411119591 ], [ 77.715837902689628, 10.170041181597776 ], [ 77.715335984296004, 10.170054837197982 ], [ 77.715094987864816, 10.170053046690997 ], [ 77.714959819262333, 10.170052038701872 ], [ 77.714163383711224, 10.170046097755398 ], [ 77.713177804283774, 10.170001190951783 ], [ 77.713177777334323, 10.170001190067563 ], [ 77.712639336136192, 10.16996965326449 ], [ 77.712242425409343, 10.170014988910054 ], [ 77.712236526172859, 10.170326363708025 ], [ 77.712228854560351, 10.17072917589817 ], [ 77.712320345277107, 10.171755410220509 ], [ 77.712338657434174, 10.171809507112071 ], [ 77.71233866641731, 10.171809544248305 ], [ 77.712680838302276, 10.171841145416048 ], [ 77.71268418003514, 10.171946402746897 ], [ 77.712685424201837, 10.171985829032508 ], [ 77.712652305113949, 10.172192441611347 ], [ 77.712589764403845, 10.172582522591428 ], [ 77.712544366244344, 10.17331486867741 ], [ 77.712563788719081, 10.173597180432209 ], [ 77.71259007432262, 10.173979426656029 ], [ 77.712599368292558, 10.174576071395698 ], [ 77.712553771605343, 10.174702668589839 ], [ 77.712289206076079, 10.174964872697018 ], [ 77.711955531355386, 10.17535837828013 ], [ 77.71176010466192, 10.175588797144455 ], [ 77.711500111557456, 10.176090694125602 ], [ 77.711363328682424, 10.176578880177665 ], [ 77.71110333557796, 10.177058193605209 ], [ 77.710838833829058, 10.17746507691079 ], [ 77.710695259690453, 10.177657318020076 ], [ 77.710578803893668, 10.177813203323325 ], [ 77.710438060346519, 10.177997463623523 ], [ 77.710415024847691, 10.178027622082947 ], [ 77.710337098691738, 10.178129630670187 ], [ 77.71033707443722, 10.17812965719553 ], [ 77.710108959847247, 10.178324111886409 ], [ 77.709990511587137, 10.178437495325978 ], [ 77.709844390724697, 10.178577327124145 ], [ 77.709579801839254, 10.178785358077247 ], [ 77.709525055810857, 10.178862205410189 ], [ 77.709479485174811, 10.179377513717792 ], [ 77.709461467665164, 10.1803088043256 ], [ 77.709329203315988, 10.180399209190352 ], [ 77.708955031643981, 10.180557503406737 ], [ 77.708622071982234, 10.180905637055643 ], [ 77.708293574252508, 10.181362326925228 ], [ 77.708293557184504, 10.181362350797823 ], [ 77.708079167953741, 10.18163814441459 ], [ 77.70778271133355, 10.181995290976177 ], [ 77.707422341377537, 10.18237507092589 ], [ 77.707422310834843, 10.18237509479841 ], [ 77.707253559613761, 10.182759352595703 ], [ 77.707189788211764, 10.183093926942325 ], [ 77.707166937765891, 10.18320688870865 ], [ 77.70691759688404, 10.1832878516457 ], [ 77.70691600596767, 10.183288368881815 ], [ 77.706728921928288, 10.183256749395921 ], [ 77.706577232409416, 10.18329435379003 ], [ 77.706509920746839, 10.183311030012506 ], [ 77.706438137270808, 10.183362415866558 ], [ 77.706345636847686, 10.183428614111008 ], [ 77.706204296819209, 10.183713405838068 ], [ 77.706158245584461, 10.183833766943645 ], [ 77.706103923560917, 10.183975626413586 ], [ 77.706075899717334, 10.184059139963372 ], [ 77.706058382569267, 10.184111260435571 ], [ 77.705862135714, 10.18412486503655 ], [ 77.705743485332974, 10.18397125157791 ], [ 77.705597406691368, 10.183894393097342 ], [ 77.7054103190587, 10.183962293244095 ], [ 77.705410286719342, 10.1839623118115 ], [ 77.705371243242155, 10.184023749601748 ], [ 77.705278121184875, 10.184170209281469 ], [ 77.705266937159578, 10.184443144630141 ], [ 77.705259940181818, 10.184613240384667 ], [ 77.705282720559111, 10.184888986098503 ], [ 77.705232632295477, 10.185123993055853 ], [ 77.705114008863902, 10.185286787948314 ], [ 77.705000845392647, 10.185411143972068 ], [ 77.704945283694002, 10.185472190685269 ], [ 77.704851793327421, 10.185561732032605 ], [ 77.704671502348219, 10.18573438417414 ], [ 77.704443414707683, 10.185996632265121 ], [ 77.704443384164961, 10.185996674704649 ], [ 77.70430664620568, 10.186245356088721 ], [ 77.704251969347595, 10.18662506643436 ], [ 77.704306785444558, 10.187181070400561 ], [ 77.704306791732776, 10.187181109303312 ], [ 77.704384480733481, 10.187682858961203 ], [ 77.704489569248665, 10.188037493069281 ], [ 77.704562583416646, 10.188283981936801 ], [ 77.704649366062981, 10.188663734946186 ], [ 77.704579386404049, 10.188936535594651 ], [ 77.704517133154837, 10.18917908223534 ], [ 77.704462503009154, 10.189775799340975 ], [ 77.704385105062599, 10.190218772259096 ], [ 77.703901411689429, 10.190259643632091 ], [ 77.70367924843822, 10.190211930744224 ], [ 77.703522644236429, 10.190178288136506 ], [ 77.703291467289617, 10.190174045123575 ], [ 77.703280796202364, 10.190173849727497 ], [ 77.703280769252913, 10.190173849727497 ], [ 77.703152318252123, 10.190259787747719 ], [ 77.703098230688852, 10.190295971379259 ], [ 77.703098206434333, 10.190295994367023 ], [ 77.702879276219804, 10.190603342432773 ], [ 77.702701461895856, 10.19111421105622 ], [ 77.702528142741556, 10.191548230182573 ], [ 77.702382088354483, 10.191955699754558 ], [ 77.702332048599871, 10.192095286907728 ], [ 77.702332035125139, 10.192095319620902 ], [ 77.702140540357718, 10.192606117774147 ], [ 77.702085763786627, 10.192805071857292 ], [ 77.702099557417839, 10.193248032607805 ], [ 77.702102414060434, 10.193407725338078 ], [ 77.702108754369718, 10.193763312363277 ], [ 77.702068667948481, 10.193994129937497 ], [ 77.702063208886486, 10.194025545007499 ], [ 77.702063196310078, 10.194025584793579 ], [ 77.70193552684357, 10.194287751796038 ], [ 77.701748441007567, 10.194518368292092 ], [ 77.701552304645062, 10.194767012967182 ], [ 77.701552283085505, 10.194767043911815 ], [ 77.701342516585171, 10.195078973656136 ], [ 77.701274025434643, 10.195164933340987 ], [ 77.701274003875085, 10.195164963401439 ], [ 77.701297046560427, 10.195865498823972 ], [ 77.701297048357091, 10.195865543030438 ], [ 77.701306212071287, 10.196294982973786 ], [ 77.70130625159716, 10.196294982089643 ], [ 77.702415055627057, 10.196294810568766 ], [ 77.7032410780904, 10.196281031429812 ], [ 77.703446418591284, 10.196292947710562 ], [ 77.703706471882896, 10.196308074260376 ], [ 77.703920968911504, 10.196280877591496 ], [ 77.704017909707076, 10.196174397584144 ], [ 77.704089747980333, 10.196095541262489 ], [ 77.704217513566562, 10.196063862042053 ], [ 77.70479247307766, 10.196140566402343 ], [ 77.704715062554669, 10.196655947574927 ], [ 77.704623949130337, 10.197297817999862 ], [ 77.704623939248862, 10.197297863090254 ], [ 77.704414156578892, 10.197939839200593 ], [ 77.704354932448823, 10.198287934416072 ], [ 77.704236403340374, 10.198884589372906 ], [ 77.704190888399864, 10.199576301947147 ], [ 77.704179914580351, 10.199957444593387 ], [ 77.704177348991877, 10.200046353262877 ], [ 77.704177350788541, 10.20004639039584 ], [ 77.704214052357784, 10.200317654428268 ], [ 77.704255025416202, 10.20062042282912 ], [ 77.704255055060599, 10.200620426365578 ], [ 77.704255059552196, 10.200620452889051 ], [ 77.704556208073086, 10.200652038824087 ], [ 77.704596337613452, 10.20097997943696 ], [ 77.70460654157678, 10.201063401003285 ], [ 77.704822840625823, 10.201075073089353 ], [ 77.705190626174513, 10.201094937383917 ], [ 77.705989240140184, 10.201076726384347 ], [ 77.706034868268418, 10.201356902294274 ], [ 77.706034888031354, 10.201356944731792 ], [ 77.706208800972021, 10.201328597377248 ], [ 77.706340602688826, 10.201307147880263 ], [ 77.706331556653922, 10.201510533011723 ], [ 77.706199287813192, 10.201858705662358 ], [ 77.706067006395998, 10.202310694746867 ], [ 77.706007812808664, 10.202898335738345 ], [ 77.706034667045785, 10.20314909396488 ], [ 77.706067315416462, 10.203454433312531 ], [ 77.706135881127167, 10.203776674734392 ], [ 77.706176918864301, 10.203969690366284 ], [ 77.70641887559448, 10.20453472614243 ], [ 77.706542200808272, 10.204819524644146 ], [ 77.706692830315106, 10.204896355090455 ], [ 77.707057913731418, 10.204950525928158 ], [ 77.707391005445487, 10.204995609935017 ], [ 77.707423060928093, 10.205167341802342 ], [ 77.707368367900344, 10.205574228124705 ], [ 77.707373431703616, 10.205766178207829 ], [ 77.707377522631404, 10.205922296427081 ], [ 77.707391028801695, 10.20597836525579 ], [ 77.707400377568845, 10.206017220623808 ], [ 77.707400399128417, 10.206017258640177 ], [ 77.707820284268664, 10.206039727188449 ], [ 77.70821161106764, 10.206076554421081 ], [ 77.708682748688076, 10.206120923030735 ], [ 77.70984338910317, 10.206276512383882 ], [ 77.710028964871185, 10.206301390971712 ], [ 77.709782672871413, 10.206934298408918 ], [ 77.709618591093218, 10.207494917276897 ], [ 77.7095779252586, 10.207636043903948 ], [ 77.70950913227415, 10.207874657990459 ], [ 77.709431603173556, 10.208082567262563 ], [ 77.709372294601849, 10.208150420701447 ], [ 77.70908937738966, 10.208331332191092 ], [ 77.709053916393799, 10.2083458410708 ], [ 77.709011814153058, 10.208363027872769 ], [ 77.708934359612627, 10.208774411029468 ], [ 77.708907561969426, 10.208846480562187 ], [ 77.70890243708071, 10.208860245011776 ], [ 77.708811179027634, 10.208905479644653 ], [ 77.708614967206614, 10.20902305518039 ], [ 77.708605594184974, 10.209130252309874 ], [ 77.708596743982767, 10.209231002602115 ], [ 77.708364071341052, 10.209316999134213 ], [ 77.70831852585782, 10.209719309400157 ], [ 77.708254724811411, 10.210329610065417 ], [ 77.708252061306581, 10.210445967684352 ], [ 77.708245680573128, 10.210722815594998 ], [ 77.708035776630581, 10.210686709432037 ], [ 77.708017293793588, 10.210696713774755 ], [ 77.707935361151499, 10.21074099509952 ], [ 77.707884352114704, 10.210863066427351 ], [ 77.707857862593599, 10.210926380367455 ], [ 77.707834683364339, 10.211149743254207 ], [ 77.707812353941307, 10.211364830051529 ], [ 77.707780460155462, 10.211708442417127 ], [ 77.707780462850423, 10.211708480432796 ], [ 77.707855141596596, 10.212195552782658 ], [ 77.70787194368566, 10.212305126144265 ], [ 77.70792673642643, 10.212490446846559 ], [ 77.707922199934259, 10.212716503318799 ], [ 77.707794513399762, 10.212978686755145 ], [ 77.707761082596477, 10.213060871882046 ], [ 77.707671270831, 10.213281551851933 ], [ 77.707548147738152, 10.213543816157827 ], [ 77.707393126367876, 10.213833174633779 ], [ 77.70739310660494, 10.213833205576556 ], [ 77.707274446342453, 10.213982345336964 ], [ 77.707274425681177, 10.213982363018545 ], [ 77.707219774874261, 10.214384655006288 ], [ 77.707219764094461, 10.214384690369412 ], [ 77.707133129670154, 10.214556441922502 ], [ 77.706978098418404, 10.214809617751536 ], [ 77.706978063384128, 10.214809667259846 ], [ 77.706836659575245, 10.215008582711631 ], [ 77.706645029162232, 10.215288931125684 ], [ 77.706558368686757, 10.215501345217351 ], [ 77.706540177802239, 10.215736466614608 ], [ 77.706540177802239, 10.215736494904966 ], [ 77.706540197565175, 10.215858495357521 ], [ 77.706540158039303, 10.215858450269749 ], [ 77.706456409902003, 10.215764141673171 ], [ 77.706407819129964, 10.215709408637492 ], [ 77.706403173043313, 10.215469738654535 ], [ 77.70640317663657, 10.215469708595979 ], [ 77.706526273678264, 10.21493634218027 ], [ 77.706736040178598, 10.214158726143106 ], [ 77.706748196181024, 10.214108852612028 ], [ 77.706768004931348, 10.214027723346282 ], [ 77.706726829751972, 10.213679548981771 ], [ 77.706639698559314, 10.213341709141845 ], [ 77.706557829697573, 10.213024179838319 ], [ 77.706410285005433, 10.212816418785508 ], [ 77.706352402060105, 10.212734889584704 ], [ 77.706151589966538, 10.212590270439664 ], [ 77.705877726874093, 10.212495392408268 ], [ 77.705877691839774, 10.212495387103777 ], [ 77.70579471535531, 10.212494225418393 ], [ 77.705558248229792, 10.212490898613119 ], [ 77.705331172092258, 10.212576502615139 ], [ 77.705330085130768, 10.21257691459782 ], [ 77.704974151055637, 10.212784892407301 ], [ 77.704654800870458, 10.213060785242032 ], [ 77.704358319097452, 10.213318496713132 ], [ 77.704358286758122, 10.21331853207637 ], [ 77.704052580185447, 10.213720847889954 ], [ 77.703845849990827, 10.214001068363803 ], [ 77.703829076647821, 10.214023801571894 ], [ 77.703829050596667, 10.214023830746498 ], [ 77.703696735043522, 10.214150423760668 ], [ 77.703623530432722, 10.214176319307118 ], [ 77.703569017966316, 10.21419557719004 ], [ 77.703162844710619, 10.214227323563932 ], [ 77.702961964345107, 10.214209895725407 ], [ 77.702487463432234, 10.214168709158717 ], [ 77.702368672914019, 10.213802564262863 ], [ 77.702336565329148, 10.213147137907619 ], [ 77.702368486962754, 10.212676990127317 ], [ 77.70233646202287, 10.212450963685862 ], [ 77.702347747557766, 10.212425797367739 ], [ 77.70246417730344, 10.212166199421773 ], [ 77.702678629416255, 10.21182703184655 ], [ 77.7030070391111, 10.21120318896015 ], [ 77.703152994683535, 10.210796322213337 ], [ 77.703193921029566, 10.210668072850741 ], [ 77.703239612938162, 10.210525042357473 ], [ 77.703233817906266, 10.210238169583842 ], [ 77.703230417782905, 10.210068538398803 ], [ 77.703178233749753, 10.209694570765969 ], [ 77.703084110070918, 10.209019754861616 ], [ 77.702983616438374, 10.208554208879859 ], [ 77.702852734596433, 10.208292510701224 ], [ 77.702750799167873, 10.208088669289717 ], [ 77.702444909338894, 10.207749640590778 ], [ 77.702061563172904, 10.207487540370288 ], [ 77.701764926889652, 10.207379099646314 ], [ 77.700824816588607, 10.207193964279266 ], [ 77.700824785147589, 10.207193958090581 ], [ 77.700272692252085, 10.207108186429718 ], [ 77.70027264823463, 10.207108177588742 ], [ 77.699948451638477, 10.207039986202005 ], [ 77.699693103722325, 10.206986274567099 ], [ 77.699693077671171, 10.206986271914822 ], [ 77.699314306624899, 10.20693665541601 ], [ 77.699314271590609, 10.206936652763734 ], [ 77.699239488639833, 10.206933068627627 ], [ 77.698844300881731, 10.206914108246298 ], [ 77.698434758045366, 10.206926879052538 ], [ 77.698114175371629, 10.206936841960834 ], [ 77.697589372396138, 10.206936943632188 ], [ 77.697365772738735, 10.206955109207446 ], [ 77.697288099907695, 10.206932484238363 ], [ 77.697028009785186, 10.206706551850464 ], [ 77.697027986428978, 10.206706527979803 ], [ 77.696685684288269, 10.206268113428774 ], [ 77.696685654643858, 10.206268068339639 ], [ 77.696639977108319, 10.206191247065478 ], [ 77.696808809177739, 10.205757323926738 ], [ 77.697155296569363, 10.204600060638009 ], [ 77.697155310942392, 10.204600016432753 ], [ 77.697212012603146, 10.204421881566059 ], [ 77.697451781037302, 10.203668696902572 ], [ 77.697664081685048, 10.202968952241285 ], [ 77.697802948651542, 10.202511345566089 ], [ 77.697868719703393, 10.202212547741357 ], [ 77.697944279696884, 10.201869430834515 ], [ 77.697944251849108, 10.201869414920482 ], [ 77.6979215765747, 10.201851958997558 ], [ 77.697779979628052, 10.201742931954753 ], [ 77.697373718337431, 10.201526006770413 ], [ 77.697094664779243, 10.201392044063159 ], [ 77.696921963665901, 10.201309139789856 ], [ 77.696876330147774, 10.201015280388166 ], [ 77.696826028983438, 10.200508978190012 ], [ 77.696835090289724, 10.200197079402857 ], [ 77.69665696784358, 10.199419664289971 ], [ 77.696656936402562, 10.199419629809285 ], [ 77.696437877728954, 10.199193585110759 ], [ 77.695721307796504, 10.198659692768654 ], [ 77.695515954719141, 10.198506668067697 ], [ 77.695211684552646, 10.198304134196087 ], [ 77.694972860247844, 10.198145143261618 ], [ 77.694780689947322, 10.198000636843553 ], [ 77.694612279187751, 10.197873976400532 ], [ 77.694209911195571, 10.197609526887291 ], [ 77.693580845256619, 10.197196048070301 ], [ 77.693211227144758, 10.196911371832224 ], [ 77.692659088435178, 10.197142012068676 ], [ 77.692276845400301, 10.197384548043171 ], [ 77.691910790006872, 10.197616810305618 ], [ 77.691381481980216, 10.197978590338998 ], [ 77.691381441556018, 10.197978617746829 ], [ 77.691145922153126, 10.198117821204091 ], [ 77.69086140773635, 10.19828597520014 ], [ 77.690268239374475, 10.198693007355883 ], [ 77.689510765553862, 10.199244653657436 ], [ 77.689241618616634, 10.199434442348188 ], [ 77.688753351022044, 10.199719357695532 ], [ 77.688570846594004, 10.199882184033337 ], [ 77.688570808864739, 10.199882211441016 ], [ 77.688246902424424, 10.200090126817672 ], [ 77.688246874576649, 10.200090143615899 ], [ 77.687548808142409, 10.200542307613752 ], [ 77.687548766819901, 10.20054233678959 ], [ 77.68693740128532, 10.200962810802725 ], [ 77.686658354913646, 10.201143872256681 ], [ 77.685919876868041, 10.20162300906067 ], [ 77.685664403187772, 10.201740606737241 ], [ 77.684847557913386, 10.201957636984753 ], [ 77.684847524675718, 10.201957646709999 ], [ 77.684382124595004, 10.202111395608577 ], [ 77.68427256157139, 10.202016490581663 ], [ 77.684272531028654, 10.202016461405965 ], [ 77.683898355763375, 10.201600697572845 ], [ 77.683610791566196, 10.201306910937628 ], [ 77.683610766413381, 10.201306881761854 ], [ 77.683478453555168, 10.20126177689796 ], [ 77.68327979113009, 10.20127458241147 ], [ 77.682775705101633, 10.201307079803454 ], [ 77.682389663989781, 10.201340634592777 ], [ 77.682150541444315, 10.201361420117752 ], [ 77.681990935072818, 10.201390875264337 ], [ 77.68148889271167, 10.201483502116382 ], [ 77.681256098797391, 10.201026960433051 ], [ 77.681109106569124, 10.200550031254968 ], [ 77.681009533709755, 10.200226876810509 ], [ 77.680502847058577, 10.198884476205448 ], [ 77.680502836278819, 10.198884452334164 ], [ 77.680393239119212, 10.198644880193708 ], [ 77.68030654899934, 10.198536354234189 ], [ 77.680306527439768, 10.19853631975344 ], [ 77.679923213613108, 10.19837369165503 ], [ 77.679110885067942, 10.198129724154271 ], [ 77.678567901089423, 10.197908266258416 ], [ 77.678211896945712, 10.197763652753874 ], [ 77.678211869996218, 10.197763638607899 ], [ 77.677764740750078, 10.197474462681027 ], [ 77.67776471829221, 10.197474446766766 ], [ 77.677634579357019, 10.197364414743081 ], [ 77.677390486433069, 10.197158018283416 ], [ 77.677312914213303, 10.197088446412948 ], [ 77.677148597974792, 10.196941006868045 ], [ 77.676742472329792, 10.196724121735004 ], [ 77.676742439092138, 10.196724132344508 ], [ 77.676071577237948, 10.196855360643282 ], [ 77.675660906117614, 10.196909601810885 ], [ 77.675122463122847, 10.197031796916033 ], [ 77.6746023008441, 10.197108631893906 ], [ 77.67437408384616, 10.196823901645953 ], [ 77.674150468917418, 10.196507506997317 ], [ 77.673817272998775, 10.195956021287355 ], [ 77.67361191183663, 10.195901823279712 ], [ 77.673576044802275, 10.195899329150853 ], [ 77.673027844306858, 10.195861194881857 ], [ 77.672789701823362, 10.19586124969789 ], [ 77.672690143337036, 10.195861269148738 ], [ 77.672690114590978, 10.195861273569403 ], [ 77.672669461424277, 10.195945724718719 ], [ 77.67265362502414, 10.196010391690933 ], [ 77.672676569793097, 10.196977780337317 ], [ 77.672466655070792, 10.196882916218545 ], [ 77.671412482084861, 10.196186874406372 ], [ 77.671412447050571, 10.196186849650779 ], [ 77.670887639583469, 10.195793701316921 ], [ 77.670887605447504, 10.195793673908923 ], [ 77.670682328726997, 10.195617383716009 ], [ 77.670559126582404, 10.195350653924153 ], [ 77.669965709387171, 10.193895189068375 ], [ 77.669691860667768, 10.193397905236585 ], [ 77.669278842249568, 10.192779698866051 ], [ 77.668906786110057, 10.192222719733708 ], [ 77.668856669998647, 10.192128957605595 ], [ 77.668824677398121, 10.192069044750394 ], [ 77.66862837125403, 10.191662134984657 ], [ 77.668363690740421, 10.191124315922048 ], [ 77.668363671875781, 10.19112427701978 ], [ 77.668144586252737, 10.190694899955133 ], [ 77.668144567388097, 10.190694864589375 ], [ 77.667761217628794, 10.189980658632214 ], [ 77.667551318177843, 10.18972304497751 ], [ 77.667318547619743, 10.189510544721855 ], [ 77.66686682798246, 10.189271061905243 ], [ 77.666866791151548, 10.189271045990587 ], [ 77.66618686709279, 10.189031511713463 ], [ 77.66571680385745, 10.188923103607948 ], [ 77.66550018231321, 10.188877133177396 ], [ 77.665205771156906, 10.18881461500804 ], [ 77.664430032789951, 10.188783033204329 ], [ 77.664203863052535, 10.188843796344324 ], [ 77.663941739144221, 10.188914183431654 ], [ 77.663508311002772, 10.189022711784387 ], [ 77.663419931151864, 10.189080442250152 ], [ 77.663106752392679, 10.189284948329217 ], [ 77.66285630209147, 10.189571920436963 ], [ 77.662814770280946, 10.189619502566872 ], [ 77.662814735246641, 10.189619536164457 ], [ 77.662733098150255, 10.189797505132617 ], [ 77.662677861641725, 10.189917903728155 ], [ 77.662656397296345, 10.190035732951104 ], [ 77.6626185611549, 10.190243372711452 ], [ 77.662632316158522, 10.190491937612544 ], [ 77.662732685823528, 10.190745077763147 ], [ 77.662842201236472, 10.190939479671144 ], [ 77.662842227287584, 10.190939520341724 ], [ 77.662975861567574, 10.191037494876223 ], [ 77.663316853066291, 10.191287541864385 ], [ 77.663700194740741, 10.191554214935767 ], [ 77.663531386027472, 10.191771190233792 ], [ 77.66319373087174, 10.19210120622428 ], [ 77.663193704820628, 10.192101230980191 ], [ 77.662764885036594, 10.192449270685334 ], [ 77.662764843714086, 10.192449307819137 ], [ 77.662408883587787, 10.192811050397884 ], [ 77.662002793875416, 10.193118446434006 ], [ 77.661729079004985, 10.192820103969948 ], [ 77.661176840582385, 10.192255053599267 ], [ 77.660469481076504, 10.191504735726921 ], [ 77.660469463110203, 10.191504716275807 ], [ 77.660095177352147, 10.191070801419041 ], [ 77.659862469676085, 10.191174809301325 ], [ 77.659456362895725, 10.191378247761538 ], [ 77.659129386912085, 10.191526492681042 ], [ 77.659027491009383, 10.191572674923446 ], [ 77.658393202265358, 10.191843925836261 ], [ 77.658096713305852, 10.1919750323654 ], [ 77.658096675576616, 10.191975049164085 ], [ 77.657877635767619, 10.192083594157404 ], [ 77.657758981793336, 10.192499458826816 ], [ 77.65774608378247, 10.192669485740872 ], [ 77.657727078126015, 10.192919844433279 ], [ 77.657690631678321, 10.193539184878228 ], [ 77.657722637753565, 10.194036413673228 ], [ 77.657722636855226, 10.194036441965535 ], [ 77.657681574863616, 10.19440706121102 ], [ 77.657608367557842, 10.194473850415481 ], [ 77.657567505890498, 10.194511111326936 ], [ 77.657298326613954, 10.194646675440506 ], [ 77.656586446785568, 10.194863782136812 ], [ 77.655801497093691, 10.19504915720009 ], [ 77.655527786714813, 10.195116967441839 ], [ 77.655445615120826, 10.195085336751298 ], [ 77.655408253289835, 10.195005160151281 ], [ 77.655308720854663, 10.194791504320152 ], [ 77.655167270333408, 10.194484147915789 ], [ 77.655085116705735, 10.194181267586014 ], [ 77.654929874349932, 10.193724754337785 ], [ 77.654300219116138, 10.19401853735708 ], [ 77.653574708251639, 10.1943441232788 ], [ 77.65330091522776, 10.194506842731824 ], [ 77.652894750955213, 10.194714873902159 ], [ 77.65284921355682, 10.195365733659814 ], [ 77.652849218946713, 10.195365764604386 ], [ 77.652963305886104, 10.195822370987273 ], [ 77.652963345411976, 10.195822409004824 ], [ 77.653049955581807, 10.195912750233941 ], [ 77.653049978039661, 10.195912782062603 ], [ 77.653335330584625, 10.195997823796485 ], [ 77.653565639758838, 10.196066473758766 ], [ 77.653620454957505, 10.196735433256283 ], [ 77.652817376364851, 10.197051924048251 ], [ 77.652940589289216, 10.197259910234436 ], [ 77.653451747753877, 10.198041867056562 ], [ 77.6537756919234, 10.19850295033425 ], [ 77.653278387277084, 10.198828455638145 ], [ 77.652868558776476, 10.198987857347639 ], [ 77.65266231187546, 10.19906806388941 ], [ 77.65229262369499, 10.198480409640172 ], [ 77.651767842279042, 10.197621583694133 ], [ 77.651767805448131, 10.197621599608381 ], [ 77.651270422648352, 10.197883775145121 ], [ 77.650957958948126, 10.198039784945955 ], [ 77.650690905983836, 10.198173109842521 ], [ 77.650625431376056, 10.19821166025659 ], [ 77.650276737722081, 10.198416959721788 ], [ 77.650230100785805, 10.198444418792612 ], [ 77.650230077429612, 10.198444432938572 ], [ 77.649714434575074, 10.198715621417024 ], [ 77.649714398642459, 10.198715644404166 ], [ 77.649541032775744, 10.198846726886543 ], [ 77.649335678800128, 10.19919488918805 ], [ 77.649221611623673, 10.199588137649776 ], [ 77.649266488760333, 10.199906771361873 ], [ 77.649299274573238, 10.200139703714253 ], [ 77.649600476094747, 10.201016618054354 ], [ 77.649710064271204, 10.201292346921949 ], [ 77.649125946435802, 10.201563558614353 ], [ 77.64909920358977, 10.201488620251375 ], [ 77.649071141118625, 10.201409901399094 ], [ 77.648842951070151, 10.200975926652699 ], [ 77.64799273787456, 10.201173193037961 ], [ 77.647692990725488, 10.201242724230902 ], [ 77.647302497563089, 10.201376442985502 ], [ 77.646451828921613, 10.201667698340106 ], [ 77.646054907415007, 10.201886143217683 ], [ 77.645548230645289, 10.202164925054948 ], [ 77.645041814387042, 10.202440719236417 ], [ 77.645018939686665, 10.202630567909914 ], [ 77.645047946287164, 10.202883932703502 ], [ 77.645073777343171, 10.203109759943572 ], [ 77.645142195730131, 10.20351213463972 ], [ 77.645217915623775, 10.204100683159055 ], [ 77.645265458960196, 10.204470405702464 ], [ 77.644877576301951, 10.204624143662274 ], [ 77.644877532284525, 10.204624163112575 ], [ 77.644325405252999, 10.204872765417077 ], [ 77.644181017240768, 10.204945238984958 ], [ 77.643974021144786, 10.205049110605053 ], [ 77.643681983337501, 10.204569966580264 ], [ 77.643624319581107, 10.204483516103307 ], [ 77.643513164742799, 10.20431683741676 ], [ 77.642408804678567, 10.203042015943682 ], [ 77.64194668165203, 10.20332545160119 ], [ 77.641738017384583, 10.203453420124344 ], [ 77.64173796707891, 10.203453454604572 ], [ 77.641076332719322, 10.203910020215545 ], [ 77.640914782393565, 10.204027563116796 ], [ 77.64056064405068, 10.204285169623457 ], [ 77.640108886684203, 10.204615163806473 ], [ 77.640108846260034, 10.20461519386606 ], [ 77.639488248739241, 10.205071811740989 ], [ 77.638461539048208, 10.205813138163165 ], [ 77.637996102136555, 10.206143165241894 ], [ 77.637996080576997, 10.206143181155683 ], [ 77.63746676356719, 10.206500297598449 ], [ 77.637170131775548, 10.206717247683988 ], [ 77.637170089554715, 10.206717281279779 ], [ 77.636937409726457, 10.206934350570727 ], [ 77.636699440617789, 10.207100061567024 ], [ 77.63635329997588, 10.207341082569078 ], [ 77.636079400950806, 10.207503861687554 ], [ 77.636040308066285, 10.207494461082788 ], [ 77.635760072325184, 10.207427064582312 ], [ 77.634746009116697, 10.207106415581015 ], [ 77.634359049926601, 10.206984051059234 ], [ 77.633067590551676, 10.206536540387836 ], [ 77.632045429929207, 10.206301442249519 ], [ 77.631903926407347, 10.207309505254695 ], [ 77.631785275127996, 10.207851962359046 ], [ 77.631557172216091, 10.208331153603952 ], [ 77.631432718718301, 10.208495518281186 ], [ 77.631420268068467, 10.208511958899493 ], [ 77.631420236627434, 10.208512002220123 ], [ 77.630690124592064, 10.209556163633128 ], [ 77.630315863986809, 10.210039844372833 ], [ 77.62995988858917, 10.210302083060922 ], [ 77.629595560656043, 10.210349114842153 ], [ 77.628873860444969, 10.210442235060807 ], [ 77.628326974184844, 10.210513596944715 ], [ 77.627869856571039, 10.210573208391407 ], [ 77.627270505105074, 10.210675442610912 ], [ 77.626756357945467, 10.210763112331239 ], [ 77.626134615072715, 10.21083481009653 ], [ 77.62609010804195, 10.210839941342432 ], [ 77.626090072109335, 10.210839946646947 ], [ 77.625711328012486, 10.210925867596663 ], [ 77.625574423864876, 10.211002647943738 ], [ 77.625223052333098, 10.211423041830226 ], [ 77.624972024415158, 10.211784698312758 ], [ 77.624739316739095, 10.212146374717978 ], [ 77.624589884686515, 10.212334071045671 ], [ 77.624365076795101, 10.21261644459927 ], [ 77.623945318317354, 10.21290123940312 ], [ 77.623945276096549, 10.212901275650477 ], [ 77.623749012173263, 10.213290013391644 ], [ 77.623589296207328, 10.213732983653657 ], [ 77.623543610586907, 10.213927434294648 ], [ 77.623507064426221, 10.214185043394339 ], [ 77.62348881604953, 10.214411047385468 ], [ 77.62348426698091, 10.214772726992299 ], [ 77.623512633082669, 10.215215993122319 ], [ 77.623525322684372, 10.215414602429915 ], [ 77.623537954793889, 10.215531949236215 ], [ 77.623561779911867, 10.215753607929429 ], [ 77.623545197011708, 10.21598409217442 ], [ 77.623525302023097, 10.216259983117446 ], [ 77.62351160181673, 10.216490460806817 ], [ 77.623516469787248, 10.216553200747919 ], [ 77.623529817854035, 10.216725498369843 ], [ 77.623516459007476, 10.217177569769039 ], [ 77.623502433610923, 10.217652198428297 ], [ 77.623479632572398, 10.218144979822172 ], [ 77.623465919789567, 10.218700973828694 ], [ 77.623255971829565, 10.218728149131968 ], [ 77.622986777281653, 10.218691912152195 ], [ 77.622489307345305, 10.218705470188276 ], [ 77.622206384743194, 10.218746154017804 ], [ 77.621891503676537, 10.21823984555888 ], [ 77.621891471337179, 10.218239851747361 ], [ 77.621330173404942, 10.218280491433095 ], [ 77.621014452413505, 10.218277833043166 ], [ 77.620791774427602, 10.218275933182808 ], [ 77.620613697795577, 10.218289525715273 ], [ 77.620586650420719, 10.218204332574622 ], [ 77.620435758605794, 10.217729016934344 ], [ 77.620235011190928, 10.217317620606968 ], [ 77.620234995919574, 10.217317586128255 ], [ 77.620057069306213, 10.216861043296539 ], [ 77.619965451926987, 10.216662296093288 ], [ 77.619865390384135, 10.216445227252796 ], [ 77.619805595823877, 10.216332684833956 ], [ 77.619637247048061, 10.216015727860556 ], [ 77.619545937790988, 10.215812273318784 ], [ 77.619450110906385, 10.215572718343081 ], [ 77.619450098329963, 10.215572685632297 ], [ 77.619368021957385, 10.215364715834697 ], [ 77.619258516425944, 10.215156821047476 ], [ 77.61906224711278, 10.214718289951735 ], [ 77.618975558789543, 10.214514908842292 ], [ 77.6189070712323, 10.214439510272744 ], [ 77.618852352153397, 10.214379214390263 ], [ 77.618797598938514, 10.2142029291869 ], [ 77.618615793399741, 10.214129420703651 ], [ 77.618350429268162, 10.21402211209692 ], [ 77.617638505422363, 10.213683072040361 ], [ 77.617405775288432, 10.213529327849081 ], [ 77.617197684146134, 10.213423809303167 ], [ 77.617022485716276, 10.213334963604563 ], [ 77.616898721226306, 10.213277644213623 ], [ 77.616602629322145, 10.213140474585805 ], [ 77.616205549712063, 10.212977701887903 ], [ 77.616089793702841, 10.212922793324344 ], [ 77.615986598836272, 10.212873834624519 ], [ 77.615799500423833, 10.212751695994065 ], [ 77.615580413004125, 10.212679423123028 ], [ 77.61536591687387, 10.212534687253793 ], [ 77.615365875551362, 10.212534658963115 ], [ 77.615229063031904, 10.212430748234933 ], [ 77.615229019912789, 10.212430707567101 ], [ 77.614900503318424, 10.212485000009584 ], [ 77.614480672975432, 10.212606984912037 ], [ 77.614480639737778, 10.212606993752885 ], [ 77.614019715962144, 10.212720018431307 ], [ 77.61387984108589, 10.212750489221404 ], [ 77.613791614846889, 10.212769685304902 ], [ 77.613712355591048, 10.212791238350977 ], [ 77.613558760745434, 10.212832966154439 ], [ 77.613420936722989, 10.212866408334023 ], [ 77.613335150308302, 10.212887211671898 ], [ 77.613230981667954, 10.212900960917251 ], [ 77.613061350097908, 10.212923331730334 ], [ 77.612837769305159, 10.212986644376233 ], [ 77.612627871650787, 10.21299118502071 ], [ 77.61219428360927, 10.213117688269664 ], [ 77.611966130391721, 10.213185481401071 ], [ 77.611966104340553, 10.213185487589655 ], [ 77.611665044752883, 10.213226592948185 ], [ 77.611172117596908, 10.213293895391415 ], [ 77.610966790570743, 10.213307461614459 ], [ 77.610738553809867, 10.213366227356241 ], [ 77.610546873091181, 10.213411435709977 ], [ 77.61054683536193, 10.213411446318959 ], [ 77.610227389056988, 10.213492729571934 ], [ 77.610072278753549, 10.213515316059002 ], [ 77.609460826980666, 10.21306776683493 ], [ 77.609159626357467, 10.212864354611048 ], [ 77.609113125066798, 10.212836290303875 ], [ 77.608949761042467, 10.212737661183564 ], [ 77.608850212437659, 10.212636253360293 ], [ 77.608794567195687, 10.212579521758617 ], [ 77.608634874585931, 10.212466477580392 ], [ 77.608720896359216, 10.212374410897882 ], [ 77.608748904931488, 10.212344454608456 ], [ 77.608931518055684, 10.212199849431215 ], [ 77.609287423384757, 10.211892490384818 ], [ 77.60928746201229, 10.211892459441851 ], [ 77.609433523585921, 10.211788478661123 ], [ 77.609433552331993, 10.211788455674887 ], [ 77.609132367878487, 10.211625684937324 ], [ 77.608783147811778, 10.211415758727819 ], [ 77.608064490194607, 10.210983727588861 ], [ 77.607617319625959, 10.210726030139568 ], [ 77.607617287286601, 10.210726011573703 ], [ 77.607611255099485, 10.210722482293745 ], [ 77.607138243593369, 10.21044571571899 ], [ 77.606982313128029, 10.210360365761218 ], [ 77.606791363637967, 10.210255808937422 ], [ 77.606408044421414, 10.210038823248805 ], [ 77.605983682976131, 10.209781140063587 ], [ 77.60555018925767, 10.209523398319575 ], [ 77.605144079782349, 10.209270260719 ], [ 77.605144047442991, 10.209270237732611 ], [ 77.6048292687843, 10.209026070821237 ], [ 77.604655817577665, 10.208926661633441 ], [ 77.604623733348973, 10.208703890412707 ], [ 77.604605695178051, 10.208578500251102 ], [ 77.604550941064872, 10.208361527564008 ], [ 77.604550931183411, 10.208361495736616 ], [ 77.604505264427615, 10.208216935605853 ], [ 77.604505255444451, 10.208216908198899 ], [ 77.604496734923984, 10.208197352013915 ], [ 77.604418621020145, 10.208018033588553 ], [ 77.604400099555619, 10.20792122598019 ], [ 77.604368500417195, 10.207755792133687 ], [ 77.604304581691437, 10.207543302141543 ], [ 77.604301949627683, 10.207528631435467 ], [ 77.604268090327992, 10.20733984129609 ], [ 77.604251358307522, 10.20727090996917 ], [ 77.60424067823709, 10.207226874824745 ], [ 77.604219750185919, 10.207161681440033 ], [ 77.604144934895785, 10.206928529664848 ], [ 77.604106295660472, 10.206819676760249 ], [ 77.604085582306652, 10.206761237809863 ], [ 77.604012586104972, 10.20649003143018 ], [ 77.603966989417785, 10.206363417685488 ], [ 77.603816422793017, 10.206069565601988 ], [ 77.603802740552908, 10.205924949615721 ], [ 77.603802710010214, 10.205924949615721 ], [ 77.603802708213593, 10.205924921324446 ], [ 77.603557502276999, 10.205914147663346 ], [ 77.60339202182189, 10.205906857362033 ], [ 77.603054304682388, 10.205915885806977 ], [ 77.60264814669803, 10.205888633376221 ], [ 77.602451984284372, 10.205888674044903 ], [ 77.602451948351757, 10.205888679349497 ], [ 77.602433689195323, 10.205929347136538 ], [ 77.602373129270433, 10.206023973389041 ], [ 77.602315049594054, 10.206114691003027 ], [ 77.602146492409076, 10.206354459097177 ], [ 77.602064054015443, 10.206471718183678 ], [ 77.601881492993527, 10.206444623170327 ], [ 77.601688951688786, 10.206452217589728 ], [ 77.601653337979343, 10.20645362065649 ], [ 77.601653302945067, 10.206453617120095 ], [ 77.601429729338818, 10.206394858058214 ], [ 77.601332386098008, 10.206343970130938 ], [ 77.601265482270577, 10.206308989815035 ], [ 77.601073811433366, 10.206223080880019 ], [ 77.601008441030146, 10.20617504415039 ], [ 77.600932330369389, 10.20611905934593 ], [ 77.600763606097772, 10.206042175264592 ], [ 77.600622024422464, 10.205924671123745 ], [ 77.600407524698923, 10.205874849347811 ], [ 77.600443385445061, 10.206074567845977 ], [ 77.600480561324801, 10.206281743606665 ], [ 77.600521607146746, 10.206458089782126 ], [ 77.600553321269544, 10.206642482933724 ], [ 77.600558132646199, 10.206670469102441 ], [ 77.600558137137782, 10.206670494741326 ], [ 77.600608287385143, 10.20687397369673 ], [ 77.600653874190883, 10.20707739240332 ], [ 77.600653882275722, 10.207077432187734 ], [ 77.600662390219767, 10.207146222100844 ], [ 77.600681251247465, 10.207298848341365 ], [ 77.600692891616916, 10.207354533229173 ], [ 77.60070862740578, 10.207429982103493 ], [ 77.600799842339711, 10.207646986369209 ], [ 77.600836314838574, 10.207778031578258 ], [ 77.600836327414953, 10.207778065173898 ], [ 77.600927614214129, 10.207986022250271 ], [ 77.600913935567306, 10.208175870268294 ], [ 77.600854521892742, 10.208329549855931 ], [ 77.600726794934076, 10.20819396239294 ], [ 77.600630997693841, 10.208022124299248 ], [ 77.600457594097918, 10.207836755020864 ], [ 77.600311592711435, 10.207579111604653 ], [ 77.600238556085557, 10.207495018063968 ], [ 77.600142818134145, 10.207384701287792 ], [ 77.600045788405367, 10.20723893215149 ], [ 77.600010430715784, 10.207185776647805 ], [ 77.600010396579819, 10.207185751893064 ], [ 77.599681898850093, 10.206878419829856 ], [ 77.599681871002318, 10.206878395959221 ], [ 77.599572422963035, 10.206797032331313 ], [ 77.599389867331027, 10.20664330603036 ], [ 77.599170876031039, 10.206530219958289 ], [ 77.599002005334043, 10.206412694779205 ], [ 77.598719152800527, 10.206249923059451 ], [ 77.598550319832782, 10.206132411038398 ], [ 77.59855027940857, 10.206132381863068 ], [ 77.598303885000874, 10.205965116112612 ], [ 77.598075710223753, 10.205874639815733 ], [ 77.597820207797383, 10.205779681096514 ], [ 77.597713362177501, 10.205769508619815 ], [ 77.597582907035317, 10.205757087871504 ], [ 77.597368397430287, 10.205725405191794 ], [ 77.597112832121852, 10.205716328115825 ], [ 77.59688475436279, 10.20574338075429 ], [ 77.596670246554424, 10.205788638816902 ], [ 77.59659800314094, 10.205782528788731 ], [ 77.596455762102252, 10.205770488204781 ], [ 77.596149937850299, 10.205779569699672 ], [ 77.595985682697219, 10.205756885412152 ], [ 77.595780316145181, 10.205793040760113 ], [ 77.595761905173433, 10.205693526238235 ], [ 77.595739361053035, 10.205571513046008 ], [ 77.595699219834572, 10.205464391634576 ], [ 77.595634373149167, 10.20529123210078 ], [ 77.595552224911359, 10.205074293420534 ], [ 77.59541081211934, 10.204735206695721 ], [ 77.595482580324017, 10.204699668332825 ], [ 77.595611645772465, 10.204635764339688 ], [ 77.595812402170466, 10.204504756737377 ], [ 77.596007546792904, 10.204389641766792 ], [ 77.59621857991776, 10.204265174680257 ], [ 77.596317389209148, 10.204237981343264 ], [ 77.596382941970361, 10.204219942040099 ], [ 77.596346437132155, 10.203984965965516 ], [ 77.596282620814378, 10.203677487586003 ], [ 77.596265326448531, 10.203485266590267 ], [ 77.596246063873892, 10.203270707584393 ], [ 77.596237184925613, 10.2031667151451 ], [ 77.596227955634404, 10.203058130607335 ], [ 77.596171955557878, 10.202850221589358 ], [ 77.596154931584948, 10.202786958204856 ], [ 77.596142443205878, 10.202679654613682 ], [ 77.596127604834024, 10.202551978420194 ], [ 77.596146535031991, 10.202415087968184 ], [ 77.596159522874359, 10.202321327072067 ], [ 77.596155308877371, 10.202248277350066 ], [ 77.596150427432107, 10.202163139148814 ], [ 77.596392240431854, 10.202172255227023 ], [ 77.59657251613973, 10.202110750206757 ], [ 77.596670599592315, 10.202077305128494 ], [ 77.597199933670112, 10.202050212393425 ], [ 77.597669987922316, 10.202059344388859 ], [ 77.597757984192597, 10.202062902056502 ], [ 77.597893573206662, 10.202068403002752 ], [ 77.598130885646853, 10.202063894914545 ], [ 77.598349948812029, 10.202095612439075 ], [ 77.598582627741948, 10.202063911712669 ], [ 77.598810831265169, 10.202041456145439 ], [ 77.598928645314672, 10.202014974328959 ], [ 77.599052713435199, 10.201987130093014 ], [ 77.599173667096622, 10.201973050602081 ], [ 77.599285401348297, 10.201960083324112 ], [ 77.59945117285757, 10.201906346960914 ], [ 77.599536378960593, 10.201878734353013 ], [ 77.599603915201939, 10.201872364320655 ], [ 77.599727987814049, 10.201860678117988 ], [ 77.599956231761439, 10.201765810149091 ], [ 77.600157005227445, 10.201679876116838 ], [ 77.600157034871856, 10.201679863739265 ], [ 77.60016648514862, 10.20167493569175 ], [ 77.600408270300633, 10.201549179390199 ], [ 77.600608809306323, 10.201444874296339 ], [ 77.600696227959901, 10.201404754971197 ], [ 77.600795940956417, 10.2013590277048 ], [ 77.600895577596162, 10.201310993777582 ], [ 77.600964773025879, 10.201277659129603 ], [ 77.601220318571379, 10.201160123170068 ], [ 77.601220350910708, 10.201160110792481 ], [ 77.601430296175778, 10.201087806997037 ], [ 77.601694957824762, 10.200934120376367 ], [ 77.601727899046239, 10.200913278240099 ], [ 77.601859257893594, 10.200830235920074 ], [ 77.602047551963707, 10.200672336361938 ], [ 77.602096516434898, 10.200631296574501 ], [ 77.60228364359341, 10.200549993237976 ], [ 77.602502660046198, 10.20038270156722 ], [ 77.602502697775449, 10.200382669739003 ], [ 77.602844995424547, 10.200102457607111 ], [ 77.602845020577377, 10.200102436388256 ], [ 77.603004741034894, 10.199962334650436 ], [ 77.602872346430019, 10.199786057374251 ], [ 77.602671619676414, 10.199564547583055 ], [ 77.602671598116856, 10.199564522827716 ], [ 77.602553070804987, 10.199406291981223 ], [ 77.602444655828293, 10.199275480269849 ], [ 77.602406996654963, 10.199230012629 ], [ 77.602260945861104, 10.199080771353747 ], [ 77.602096706877717, 10.198872858854552 ], [ 77.601955274322762, 10.198723680184598 ], [ 77.601763620553513, 10.19856546129801 ], [ 77.601763587315858, 10.198565433890227 ], [ 77.601590243008744, 10.198429803366942 ], [ 77.601366692758731, 10.198167556665723 ], [ 77.601366672097456, 10.198167534562625 ], [ 77.601206941758463, 10.198013847416718 ], [ 77.601056415557906, 10.197851086432962 ], [ 77.600914932697279, 10.197715446764221 ], [ 77.60077803573617, 10.197439687391746 ], [ 77.600727907946705, 10.197249827666344 ], [ 77.60059558161376, 10.197060012034116 ], [ 77.600512976133516, 10.1968748680139 ], [ 77.600403981743455, 10.19663055543956 ], [ 77.600356434813776, 10.196529611956104 ], [ 77.600308165638609, 10.196427091156563 ], [ 77.600239631368979, 10.196320625344166 ], [ 77.600139400044498, 10.196164858720781 ], [ 77.600052741365673, 10.196024813603385 ], [ 77.6000527126196, 10.196024770281051 ], [ 77.599902152283008, 10.195803195100792 ], [ 77.599897349889517, 10.195753664388118 ], [ 77.599893335318498, 10.195711957332941 ], [ 77.599892979585647, 10.195708261670088 ], [ 77.599546222699459, 10.195247194682043 ], [ 77.599546198444969, 10.195247155780272 ], [ 77.59831889584926, 10.194311288321403 ], [ 77.597214552853046, 10.193813911420643 ], [ 77.596644228648842, 10.193565241245953 ], [ 77.596579993716134, 10.193519947848955 ], [ 77.596579116960442, 10.193519329837958 ], [ 77.596534848881532, 10.19348811188034 ], [ 77.596137745915243, 10.193208071394855 ], [ 77.595736234915876, 10.192869000327786 ], [ 77.595736204373139, 10.192868971151247 ], [ 77.595631294622677, 10.192778515889424 ], [ 77.595476109759034, 10.192606733134509 ], [ 77.59547607562304, 10.192606691580014 ], [ 77.595463507293914, 10.192603032130817 ], [ 77.595392523318466, 10.192582363624759 ], [ 77.595321032693235, 10.192561525362725 ], [ 77.595138514790435, 10.192407801915151 ], [ 77.595138485146023, 10.192407776275109 ], [ 77.594914875607174, 10.192213395597964 ], [ 77.594426666403081, 10.191942163566548 ], [ 77.594276142897442, 10.191824605595448 ], [ 77.594276101574934, 10.191824580839487 ], [ 77.593965782153319, 10.191679872622835 ], [ 77.59380160964524, 10.19163012377048 ], [ 77.593559803832008, 10.191535143121095 ], [ 77.593559768797718, 10.191535131627258 ], [ 77.593331514070528, 10.191480839148657 ], [ 77.593130860978803, 10.191390524955514 ], [ 77.59313082684281, 10.191390512577545 ], [ 77.593034446595993, 10.191368571712609 ], [ 77.59285244342783, 10.19132712578952 ], [ 77.592587905746342, 10.191218630934657 ], [ 77.592212777368516, 10.191254536836727 ], [ 77.592163461656057, 10.191259256387889 ], [ 77.592163421231859, 10.191259261692737 ], [ 77.591889612038329, 10.19131343131337 ], [ 77.591753384322132, 10.191359262582276 ], [ 77.591647864615581, 10.191394732586579 ], [ 77.591647822394776, 10.191394775025369 ], [ 77.591510806856064, 10.191512309283219 ], [ 77.591474791599694, 10.19167989826294 ], [ 77.591451509962482, 10.191788100310177 ], [ 77.59143780616283, 10.192005022400574 ], [ 77.591401291443148, 10.192253653122341 ], [ 77.591346507685557, 10.192475169765469 ], [ 77.591266066246803, 10.192705690318171 ], [ 77.591259757378552, 10.192723769175604 ], [ 77.59120500685863, 10.192922681630847 ], [ 77.591122832569667, 10.193153232804594 ], [ 77.59102237666643, 10.193591638887945 ], [ 77.590926430305871, 10.194025582141162 ], [ 77.590932604426825, 10.194114961057544 ], [ 77.590940131410562, 10.19422453091736 ], [ 77.591049597416131, 10.194382714826409 ], [ 77.591049622568988, 10.194382758148972 ], [ 77.591136297417464, 10.194568116693571 ], [ 77.591295949603051, 10.194898166036792 ], [ 77.591378040348644, 10.195128647703026 ], [ 77.591405389557465, 10.195431491766985 ], [ 77.591296451761295, 10.19563485943155 ], [ 77.591286730193275, 10.195653006200798 ], [ 77.591286711328664, 10.195653046870767 ], [ 77.591199988869434, 10.195847399809812 ], [ 77.590985526875144, 10.196159272796217 ], [ 77.590898763093435, 10.196367243650933 ], [ 77.590784666272555, 10.196588710575337 ], [ 77.590775569931978, 10.196792128780494 ], [ 77.590378552305651, 10.196778575115401 ], [ 77.590217049590606, 10.196786394333607 ], [ 77.590100178772147, 10.196792044788433 ], [ 77.589954586119092, 10.19678767631757 ], [ 77.589798940419698, 10.196783007243527 ], [ 77.589511510071517, 10.196755793816775 ], [ 77.589210371432102, 10.196751221996195 ], [ 77.589046032735695, 10.196760257773755 ], [ 77.589027788850572, 10.196606554034563 ], [ 77.588950303767433, 10.196367009357026 ], [ 77.588927561119391, 10.196149982372559 ], [ 77.588886505415971, 10.196059529810467 ], [ 77.58884539222035, 10.195829032019239 ], [ 77.588822572317184, 10.19572959041836 ], [ 77.588822566028995, 10.195729563010335 ], [ 77.588749679421767, 10.19544473604366 ], [ 77.588694891172608, 10.195205154243096 ], [ 77.588691403014337, 10.195198676213224 ], [ 77.588590324578604, 10.195010608171522 ], [ 77.588471370566978, 10.194789277190564 ], [ 77.588352707609531, 10.194585796701356 ], [ 77.588215834004615, 10.194377885688942 ], [ 77.588215802563582, 10.194377845902912 ], [ 77.587891902411471, 10.194007108149425 ], [ 77.587613648353909, 10.193654530993779 ], [ 77.587613633082555, 10.193654500933174 ], [ 77.587490504599828, 10.193261191214003 ], [ 77.587456613859104, 10.193154355658535 ], [ 77.587440341776045, 10.193103015589546 ], [ 77.58729882927102, 10.192980924189936 ], [ 77.587298803219852, 10.192980902086481 ], [ 77.587016006381916, 10.192772975880645 ], [ 77.587015975839179, 10.192772954661345 ], [ 77.586916454183807, 10.192715218675398 ], [ 77.586828851375628, 10.192664387799372 ], [ 77.58661900582355, 10.192555827973525 ], [ 77.586431939750483, 10.192456355290343 ], [ 77.586244873677387, 10.192356882576144 ], [ 77.586035027227013, 10.192248412827777 ], [ 77.585756677948027, 10.192153402301916 ], [ 77.5855832860302, 10.192040379163073 ], [ 77.585583244707706, 10.19204035175472 ], [ 77.585323156381818, 10.191891174306049 ], [ 77.585323131229003, 10.19189115839152 ], [ 77.585292997242803, 10.191870685234315 ], [ 77.585163455687223, 10.19178264958243 ], [ 77.584912546346899, 10.19166059481085 ], [ 77.584912514905866, 10.191660575359748 ], [ 77.5847801975561, 10.191556562331149 ], [ 77.584647873019819, 10.19178713217606 ], [ 77.584647861341679, 10.191787155163723 ], [ 77.58457024330788, 10.191981444150287 ], [ 77.584537078405916, 10.192034054025084 ], [ 77.584501783598412, 10.192089958196542 ], [ 77.584460504214462, 10.192194642997142 ], [ 77.584428673310711, 10.192275277404459 ], [ 77.584209731418056, 10.192130628629815 ], [ 77.584004433137977, 10.192013088411034 ], [ 77.583881219315288, 10.191918073394318 ], [ 77.583786113777848, 10.191855288810951 ], [ 77.583716979433603, 10.191809605264879 ], [ 77.583726067689341, 10.191588121756503 ], [ 77.583662233405221, 10.191307838230637 ], [ 77.583575602574172, 10.190986843213603 ], [ 77.583539139956784, 10.190765370627364 ], [ 77.583539133668609, 10.190765334377463 ], [ 77.583507214729906, 10.190638769198149 ], [ 77.583470759299061, 10.190476043349257 ], [ 77.583320129792227, 10.190466935777799 ], [ 77.583249906689829, 10.190437436298097 ], [ 77.583169572150581, 10.190403636336443 ], [ 77.583031118409124, 10.19038227363416 ], [ 77.582964284650288, 10.190371950361079 ], [ 77.582845647743994, 10.190308687150784 ], [ 77.582603807794769, 10.190272476996318 ], [ 77.582603778150371, 10.190272469923173 ], [ 77.582384750917797, 10.19019101186999 ], [ 77.582384709595289, 10.190191001260256 ], [ 77.582215878424137, 10.190168373331897 ], [ 77.58219309355529, 10.190408041144737 ], [ 77.582156468342831, 10.190923309577547 ], [ 77.58200820410012, 10.190926977003295 ], [ 77.581973931575433, 10.19092782224415 ], [ 77.581973899236061, 10.19092782224415 ], [ 77.581764048294119, 10.190914210860296 ], [ 77.581786884366963, 10.190602345118327 ], [ 77.581786891553463, 10.190602316825704 ], [ 77.581403617252676, 10.190471166408791 ], [ 77.581165116341353, 10.190431336585165 ], [ 77.580970204382609, 10.190398761163118 ], [ 77.580486498433046, 10.190244985391983 ], [ 77.580197912851389, 10.190110806630058 ], [ 77.580039282050308, 10.190037022035387 ], [ 77.579614993368551, 10.189833520828886 ], [ 77.579424122031952, 10.189771812725153 ], [ 77.57919524387394, 10.189697807015358 ], [ 77.578780015600188, 10.189494287909342 ], [ 77.578737086909399, 10.18947503914203 ], [ 77.57858840944165, 10.189408313432699 ], [ 77.578355636188604, 10.189322442378153 ], [ 77.577903907568185, 10.189141609389088 ], [ 77.577516105758349, 10.188938112915837 ], [ 77.577407944106582, 10.18888038861334 ], [ 77.577041578794351, 10.188684842244481 ], [ 77.576708510436461, 10.18843168896381 ], [ 77.576708471808914, 10.188431662439321 ], [ 77.575850675933978, 10.188015622705652 ], [ 77.575545940440193, 10.187850826602867 ], [ 77.575399081162558, 10.187771380260635 ], [ 77.575011176944798, 10.187540768608322 ], [ 77.57481046995413, 10.187396188417457 ], [ 77.574810439411394, 10.187396170734386 ], [ 77.574800515722458, 10.187392452871315 ], [ 77.574605158199319, 10.187319237042122 ], [ 77.574320281761473, 10.187142836063197 ], [ 77.574203567249853, 10.187070545001575 ], [ 77.574057649406669, 10.186984597280102 ], [ 77.574053089558305, 10.186830951601108 ], [ 77.573975557762736, 10.186419494125749 ], [ 77.573961920438435, 10.186320948775599 ], [ 77.573943704401103, 10.186189015887427 ], [ 77.573900622098364, 10.18607601362198 ], [ 77.573866175300509, 10.185985575884008 ], [ 77.57373845103676, 10.185732415155293 ], [ 77.573738432172163, 10.185732382441469 ], [ 77.573615215654513, 10.185547016106256 ], [ 77.573473833405203, 10.185325485807377 ], [ 77.573350672583146, 10.18512658275823 ], [ 77.573350651023546, 10.185126545623536 ], [ 77.57333075962822, 10.185088617843135 ], [ 77.573232117423515, 10.184900476640127 ], [ 77.573095275259661, 10.184733265169754 ], [ 77.572949233448966, 10.18456604477009 ], [ 77.572949199312973, 10.184566000562059 ], [ 77.572942658679409, 10.184555372065178 ], [ 77.572835135729804, 10.184380614981487 ], [ 77.572707484229596, 10.184222337692942 ], [ 77.572707454585185, 10.184222299674005 ], [ 77.572556933774493, 10.184032478051686 ], [ 77.572556917604814, 10.184032456831762 ], [ 77.57239722230014, 10.183797357117188 ], [ 77.572278664445577, 10.183648235934678 ], [ 77.572278639292719, 10.183648204988963 ], [ 77.572114408394171, 10.183449229276519 ], [ 77.571986642807957, 10.183318120125573 ], [ 77.571744891791951, 10.183064921912889 ], [ 77.571639978448232, 10.182915733191365 ], [ 77.571515639036491, 10.182810127580172 ], [ 77.571448360611598, 10.182752946814521 ], [ 77.571384735634979, 10.182683205576756 ], [ 77.571320541126468, 10.182612793241583 ], [ 77.571151750379514, 10.182400291784317 ], [ 77.571024064743341, 10.182264698590616 ], [ 77.570800534256264, 10.18205216241893 ], [ 77.570672735432368, 10.181943644072298 ], [ 77.570453735149243, 10.181780810338445 ], [ 77.570373908158132, 10.181725897280916 ], [ 77.570289565336125, 10.1816678516038 ], [ 77.570143509152416, 10.181464339751422 ], [ 77.569746656816093, 10.181269920572682 ], [ 77.5697466298666, 10.181269906425994 ], [ 77.56949561272846, 10.181315099883678 ], [ 77.569262876306325, 10.181360249126536 ], [ 77.569025564764473, 10.18149129807448 ], [ 77.568964112812495, 10.181528198878063 ], [ 77.568875017902627, 10.181581667237417 ], [ 77.568728202642475, 10.181662426343937 ], [ 77.568669649553925, 10.18169462777092 ], [ 77.568669615417974, 10.181694643685971 ], [ 77.568505332417118, 10.18175332330706 ], [ 77.568343456901232, 10.18184669591554 ], [ 77.568199624047836, 10.181929652112659 ], [ 77.568120831017623, 10.181955002094814 ], [ 77.568017036974751, 10.181988360868063 ], [ 77.567922981567904, 10.182068532784282 ], [ 77.567820834136938, 10.182155554325721 ], [ 77.567674787834662, 10.182268529686867 ], [ 77.567519616445736, 10.182458363853129 ], [ 77.567462267997996, 10.182550878613863 ], [ 77.567396314588166, 10.182657221705385 ], [ 77.567364170172368, 10.182862746925821 ], [ 77.567346119425025, 10.182978132270794 ], [ 77.567346107746943, 10.182978177363196 ], [ 77.567359789987023, 10.183122842668505 ], [ 77.567327754267367, 10.183348857209584 ], [ 77.56732768958868, 10.183592999594758 ], [ 77.567382388006308, 10.183796374812186 ], [ 77.567428034100857, 10.184045060564483 ], [ 77.567473602041957, 10.184275617274302 ], [ 77.56754200875082, 10.184483547254006 ], [ 77.56755710763413, 10.184525462672015 ], [ 77.567610381323732, 10.184673444645673 ], [ 77.567686599782334, 10.184786720613614 ], [ 77.567738085824544, 10.184863295947961 ], [ 77.567864880331967, 10.185143325196853 ], [ 77.56795710407394, 10.185347056625744 ], [ 77.568057380314173, 10.185559552583094 ], [ 77.568198830835428, 10.185767472884075 ], [ 77.568326219129261, 10.186054447273717 ], [ 77.568399560283979, 10.186219648364329 ], [ 77.568545454770998, 10.186649083621715 ], [ 77.568627529346898, 10.187060496593112 ], [ 77.568686737307289, 10.187281977942337 ], [ 77.568554467568234, 10.187295489571962 ], [ 77.568312552160521, 10.187403963658223 ], [ 77.568169543062226, 10.187441736436519 ], [ 77.568107240405709, 10.187458186098988 ], [ 77.567842549112285, 10.187534948232161 ], [ 77.567614435420609, 10.187584559795896 ], [ 77.5674272786177, 10.187647873059332 ], [ 77.567356436576091, 10.187685031323014 ], [ 77.567194517941076, 10.187769899306222 ], [ 77.567212777097538, 10.187937155160128 ], [ 77.567198996941059, 10.188172144840387 ], [ 77.56719899155118, 10.188172181090593 ], [ 77.567230913184801, 10.188303269678656 ], [ 77.567215984083077, 10.188369841777119 ], [ 77.567203489415803, 10.188425369059132 ], [ 77.567203531636608, 10.1884253699433 ], [ 77.567408859561112, 10.188457052575519 ], [ 77.567510404222503, 10.188493154185769 ], [ 77.567586787971138, 10.188520330299703 ], [ 77.567792153624836, 10.188561055121594 ], [ 77.567865545983565, 10.18858810391216 ], [ 77.567951877675625, 10.188619958937402 ], [ 77.568120644168062, 10.188687720150593 ], [ 77.568099376553718, 10.188792909149466 ], [ 77.568088642584385, 10.188845953667657 ], [ 77.568044558660134, 10.188911454948688 ], [ 77.567924383838061, 10.189089971599929 ], [ 77.567876440751334, 10.189180344798682 ], [ 77.567828427596041, 10.189270747148671 ], [ 77.567780058707854, 10.189395962778152 ], [ 77.567746287443072, 10.189483302381307 ], [ 77.567720598320918, 10.189594276974583 ], [ 77.567696044669262, 10.18970022338786 ], [ 77.567679000035028, 10.189698972320492 ], [ 77.567572915288196, 10.189691167958861 ], [ 77.567385785434737, 10.189641346296066 ], [ 77.566965971261425, 10.189627730436561 ], [ 77.566965941617028, 10.189627728668249 ], [ 77.566774349831533, 10.189618716560402 ], [ 77.566774357916387, 10.189618757231147 ], [ 77.566801583157684, 10.19025153955903 ], [ 77.566842574182431, 10.190500176953563 ], [ 77.566845299671002, 10.190551142564718 ], [ 77.566851719032016, 10.190672007703533 ], [ 77.566851761252806, 10.190672010355975 ], [ 77.567244150758825, 10.190708226654039 ], [ 77.56767745762771, 10.190734312429999 ], [ 77.567695802124106, 10.190735416725429 ], [ 77.567695839853343, 10.190735417609586 ], [ 77.567846438817483, 10.190735486572764 ], [ 77.567855624091266, 10.190780958962524 ], [ 77.567869222788019, 10.190848480113516 ], [ 77.567974155894689, 10.19103377528733 ], [ 77.568016294966355, 10.191154908138305 ], [ 77.568065366337066, 10.191296017250794 ], [ 77.568183987073695, 10.191567263094239 ], [ 77.568183996955156, 10.191567294039178 ], [ 77.568256893443817, 10.191829451570277 ], [ 77.568325306440954, 10.19203746680574 ], [ 77.568351506704488, 10.192118830668143 ], [ 77.568393691590245, 10.192249992785007 ], [ 77.56852592629501, 10.192566410228448 ], [ 77.568585304036972, 10.192733632620692 ], [ 77.568708428028131, 10.1929867930942 ], [ 77.56870845318096, 10.192986829343821 ], [ 77.568827056849599, 10.193117938939332 ], [ 77.568539487262541, 10.193393624248673 ], [ 77.568435101229881, 10.193498628678263 ], [ 77.568247379386662, 10.193687394311201 ], [ 77.568005470267167, 10.194008365388786 ], [ 77.568005442419391, 10.194008398101783 ], [ 77.567845754301231, 10.194161992577726 ], [ 77.567654655690845, 10.194011440408872 ], [ 77.567489922634053, 10.1938816308594 ], [ 77.567316572038692, 10.193727937225109 ], [ 77.567218463433264, 10.19364724483248 ], [ 77.567074729394548, 10.193528968687872 ], [ 77.566905949427394, 10.19339329181342 ], [ 77.566905907206561, 10.193393333367812 ], [ 77.566791770859851, 10.193515335311728 ], [ 77.566536251365491, 10.193754834390072 ], [ 77.566212191313269, 10.194125494633315 ], [ 77.566061494432773, 10.194265561804855 ], [ 77.566061512399088, 10.194265583024066 ], [ 77.566061489042866, 10.194265604243276 ], [ 77.566190464659797, 10.194418919209058 ], [ 77.566289633277265, 10.194536838717664 ], [ 77.566399020231088, 10.19470848604386 ], [ 77.566508626373846, 10.194880495771745 ], [ 77.566741234336902, 10.195210522688113 ], [ 77.566818781403811, 10.195373312429119 ], [ 77.566547075166326, 10.195482570642271 ], [ 77.566380679327921, 10.195549480747097 ], [ 77.566380650581863, 10.195549494009043 ], [ 77.566216409801825, 10.19563078624426 ], [ 77.56608895862594, 10.19566975339127 ], [ 77.565846762045567, 10.195743762134818 ], [ 77.565610990216101, 10.19586892570965 ], [ 77.565531889063749, 10.195910911244983 ], [ 77.565487264353706, 10.195935001115329 ], [ 77.565331024867902, 10.196019322278161 ], [ 77.565098334259844, 10.196150392608249 ], [ 77.565098292039053, 10.196150414711475 ], [ 77.564897490725258, 10.196236243256205 ], [ 77.564728631706359, 10.196326653329979 ], [ 77.564509600880541, 10.196412471217686 ], [ 77.564358279670927, 10.196515862887665 ], [ 77.564244882637666, 10.196593305385541 ], [ 77.564057760869048, 10.196683611030929 ], [ 77.563948095437453, 10.196782148756299 ], [ 77.563861497844087, 10.196859903286168 ], [ 77.563771866639968, 10.196932549314294 ], [ 77.563660655207798, 10.197022623222484 ], [ 77.563524503848384, 10.197227969428592 ], [ 77.563459849402449, 10.197325460181109 ], [ 77.56336847007681, 10.197456501681783 ], [ 77.563284209899763, 10.197593822181757 ], [ 77.563226997097658, 10.197687016861993 ], [ 77.563099262054152, 10.197818072359858 ], [ 77.562985144572011, 10.198039540043778 ], [ 77.56285734125656, 10.198179642627487 ], [ 77.56285731340877, 10.198179677992419 ], [ 77.562670129656382, 10.198450885262847 ], [ 77.562670099113689, 10.198450923280133 ], [ 77.56253780242514, 10.198591007116327 ], [ 77.562378010102421, 10.198753673120972 ], [ 77.562254771126888, 10.198911880420443 ], [ 77.56207231430956, 10.198880148432849 ], [ 77.56188058777677, 10.198798762425934 ], [ 77.561726847404088, 10.198776944079921 ], [ 77.561656998899181, 10.198767013628739 ], [ 77.5613969051834, 10.198726583639559 ], [ 77.561191656310655, 10.198694670388578 ], [ 77.56119162756454, 10.19869466419974 ], [ 77.56105879188685, 10.198675489370325 ], [ 77.560940658037111, 10.198658436431757 ], [ 77.560815431988203, 10.198646006564822 ], [ 77.560712503022941, 10.198635792306435 ], [ 77.560411289823335, 10.198671857398601 ], [ 77.56030408397902, 10.19869701065841 ], [ 77.560237900600455, 10.198712508425086 ], [ 77.559959466879818, 10.198829930352321 ], [ 77.559776908552848, 10.198888690810453 ], [ 77.559539616773918, 10.199019718406138 ], [ 77.559444458235859, 10.199052703178701 ], [ 77.559357068328382, 10.19908295866788 ], [ 77.55906502692784, 10.199241125134257 ], [ 77.558886997008202, 10.199313388679514 ], [ 77.558886955685708, 10.19931340901425 ], [ 77.558645105855007, 10.199439953949296 ], [ 77.558645065430852, 10.199439976052268 ], [ 77.558458017324043, 10.199552941750548 ], [ 77.558266338401978, 10.199661355080556 ], [ 77.55811114904678, 10.199751765066166 ], [ 77.557952605382283, 10.199888225213517 ], [ 77.557901160662567, 10.199932497432696 ], [ 77.557901128323252, 10.199932522187984 ], [ 77.557755159276084, 10.200036420198922 ], [ 77.557605420898014, 10.20015901107312 ], [ 77.557517749817848, 10.200230767810844 ], [ 77.557483760262429, 10.200257931430119 ], [ 77.557376325347732, 10.200343724387393 ], [ 77.557111579257096, 10.200560637999603 ], [ 77.556992945944046, 10.200678211313315 ], [ 77.556810338209687, 10.200877086089138 ], [ 77.556760100825755, 10.200932780941574 ], [ 77.556696236897267, 10.201003561441789 ], [ 77.556463377405933, 10.201247596585912 ], [ 77.556381315406412, 10.201342874938243 ], [ 77.556303675813041, 10.201432967049497 ], [ 77.556139368557695, 10.201627276676284 ], [ 77.556139339811594, 10.201627310272572 ], [ 77.55601613856534, 10.201767393595567 ], [ 77.555806158265966, 10.201952701868647 ], [ 77.555664644862659, 10.202079213926707 ], [ 77.555495813691522, 10.202002409323818 ], [ 77.555276808916815, 10.201902765420499 ], [ 77.555140426690386, 10.201865440833553 ], [ 77.555062333447808, 10.201844058565325 ], [ 77.554829650026264, 10.201744467659246 ], [ 77.554829620381867, 10.20174445704987 ], [ 77.554606087199815, 10.201672118022621 ], [ 77.554355105095979, 10.201568081739573 ], [ 77.554136108406098, 10.201509257235568 ], [ 77.554136068880226, 10.201509243973863 ], [ 77.553857717804604, 10.201409787348398 ], [ 77.553857689956828, 10.201409775854916 ], [ 77.553841709826258, 10.201403037137597 ], [ 77.553675225054661, 10.20133281725462 ], [ 77.553456257110867, 10.201242379426271 ], [ 77.553454816213161, 10.201241862219289 ], [ 77.55324181128627, 10.201165525995174 ], [ 77.553134467999698, 10.201114730063928 ], [ 77.553041032430372, 10.201070503983134 ], [ 77.552853877424084, 10.200989070793797 ], [ 77.552767566393257, 10.20094123043202 ], [ 77.552584714317192, 10.200839839184122 ], [ 77.552370256814456, 10.200785585424192 ], [ 77.552174080027754, 10.200699613994496 ], [ 77.551964186865007, 10.200627226103457 ], [ 77.55184407223004, 10.200580837406363 ], [ 77.551694969859199, 10.200523205393106 ], [ 77.551471374693392, 10.200450788286114 ], [ 77.551471350438874, 10.200450780329065 ], [ 77.551420747440602, 10.20044029470475 ], [ 77.551275223957845, 10.200410112726217 ], [ 77.551116666818629, 10.200352377240394 ], [ 77.551051654843192, 10.200328695282142 ], [ 77.550954324178804, 10.200278340391861 ], [ 77.550841750002334, 10.200220097398795 ], [ 77.550403721588324, 10.200052756044135 ], [ 77.550286136609216, 10.200017067742575 ], [ 77.550180105761271, 10.199984858441391 ], [ 77.549983951432466, 10.199935111770021 ], [ 77.549805938580818, 10.199921491929823 ], [ 77.549805909834745, 10.199921490161586 ], [ 77.549782953387648, 10.200369047265584 ], [ 77.549782951591027, 10.200369086166733 ], [ 77.549778327063933, 10.200527224586725 ], [ 77.549749670806364, 10.200689822409499 ], [ 77.549728104053045, 10.200812021368906 ], [ 77.549718327687785, 10.200916071160698 ], [ 77.549709816150468, 10.201006390610329 ], [ 77.549691482433829, 10.201286728375097 ], [ 77.549654929086614, 10.201499066056012 ], [ 77.549654926391696, 10.201499101420573 ], [ 77.549645744711157, 10.201783922972698 ], [ 77.549631974436139, 10.201996328398689 ], [ 77.549577191576887, 10.202281146853664 ], [ 77.549577100847017, 10.202466478698728 ], [ 77.549540523245298, 10.202760296091904 ], [ 77.54952674578378, 10.202972746840164 ], [ 77.549526743088819, 10.202972776015773 ], [ 77.549503923185654, 10.20323040371054 ], [ 77.549471925195249, 10.20343384242805 ], [ 77.549435312559211, 10.203709558592852 ], [ 77.549389615260708, 10.203899384406965 ], [ 77.549389606277558, 10.203899416234826 ], [ 77.549293721900781, 10.204152566064748 ], [ 77.549278109181117, 10.204199010824219 ], [ 77.549248100959048, 10.204288143756209 ], [ 77.549038218576058, 10.204247374971381 ], [ 77.548764432738736, 10.204152384822939 ], [ 77.548700293925762, 10.204126693573247 ], [ 77.548549971642728, 10.204066465580622 ], [ 77.548184843310665, 10.203994082875669 ], [ 77.548186517770361, 10.203948692825927 ], [ 77.548189556770978, 10.203867482283739 ], [ 77.548162235409919, 10.203578174863425 ], [ 77.548144013982693, 10.203306933059348 ], [ 77.548107574721499, 10.203144206609116 ], [ 77.548107568433323, 10.203144170360627 ], [ 77.548089359582491, 10.202881992082148 ], [ 77.548089357785855, 10.202881949644871 ], [ 77.548088383113779, 10.2028392020416 ], [ 77.548084844649878, 10.202683125631541 ], [ 77.54808801660117, 10.2024826924119 ], [ 77.548089435040993, 10.202393734028419 ], [ 77.5480894296511, 10.202393703968616 ], [ 77.548052985000012, 10.202181320026458 ], [ 77.548034892031879, 10.201914592195504 ], [ 77.548021216978299, 10.201841883647734 ], [ 77.547998376413901, 10.201720227044985 ], [ 77.547987434933717, 10.201562551608962 ], [ 77.547980207088941, 10.20145805024619 ], [ 77.547996775616042, 10.201294349440994 ], [ 77.548012266164818, 10.201141601849908 ], [ 77.548014239763475, 10.201075706115647 ], [ 77.54801690416663, 10.2009879373581 ], [ 77.54801686733569, 10.200987914371112 ], [ 77.54793015565626, 10.200947137206565 ], [ 77.547930117028713, 10.200947115103707 ], [ 77.547765896909937, 10.200852194699765 ], [ 77.54756509559617, 10.200788862841332 ], [ 77.54756505876523, 10.200788852231955 ], [ 77.547400771272834, 10.20075302609083 ], [ 77.547149875407229, 10.200698312575717 ], [ 77.546926317072362, 10.200585235001032 ], [ 77.546864279418855, 10.200560192404948 ], [ 77.546803091571576, 10.200535469857025 ], [ 77.54679398804447, 10.200436081888476 ], [ 77.546716518232685, 10.200214532764177 ], [ 77.546661765017831, 10.199993017082161 ], [ 77.546584250290252, 10.199753445775697 ], [ 77.546564024721633, 10.199651038296953 ], [ 77.546538754214382, 10.199522871086939 ], [ 77.546438479770785, 10.199093385100801 ], [ 77.546438470787649, 10.199093344431251 ], [ 77.546392865117298, 10.198894535734608 ], [ 77.546377812946403, 10.198817893925993 ], [ 77.546360932703877, 10.198731744256687 ], [ 77.54652526241712, 10.198641335749731 ], [ 77.546525292061517, 10.198641317183192 ], [ 77.546562161615753, 10.198614774079536 ], [ 77.546726113138249, 10.198496770320608 ], [ 77.546824375355584, 10.198445416966658 ], [ 77.546890350325015, 10.198410973329258 ], [ 77.547145971329002, 10.198270839903024 ], [ 77.547337723014607, 10.198162446434472 ], [ 77.547570415419287, 10.198035887729992 ], [ 77.547570445063684, 10.198035869163375 ], [ 77.547752904575972, 10.197931989950533 ], [ 77.547752936915344, 10.197931973152167 ], [ 77.547976648862104, 10.197809944607682 ], [ 77.548364517147292, 10.197565937773614 ], [ 77.548547061101203, 10.197484635422756 ], [ 77.548747916313928, 10.19730841512744 ], [ 77.548962392681275, 10.197222555043046 ], [ 77.548997194313685, 10.19719775531712 ], [ 77.54919062674719, 10.197059925389739 ], [ 77.549427975119997, 10.196915262873064 ], [ 77.5494782520298, 10.196852206079241 ], [ 77.549564927776615, 10.19674357341364 ], [ 77.549646178597413, 10.196615907217957 ], [ 77.549697295432054, 10.196535641706221 ], [ 77.549747555273896, 10.196327738155212 ], [ 77.549747566951993, 10.196327693948808 ], [ 77.549674645310475, 10.196074562653735 ], [ 77.549674616564403, 10.196074532593371 ], [ 77.549565119117759, 10.195970473262639 ], [ 77.549456057354092, 10.195906266913697 ], [ 77.549396261895481, 10.195871041431328 ], [ 77.54929245258127, 10.195856031565862 ], [ 77.549177257120817, 10.195839334780553 ], [ 77.548908076945935, 10.195803083700453 ], [ 77.548908046403199, 10.195803084584597 ], [ 77.548725550958295, 10.195839162375306 ], [ 77.54857325417828, 10.195892093436253 ], [ 77.548465354834548, 10.195929582287159 ], [ 77.548310125055139, 10.196006445823041 ], [ 77.548246306042415, 10.196038046361734 ], [ 77.548246271008125, 10.196038057855406 ], [ 77.548095657670942, 10.196169010588658 ], [ 77.54783565827826, 10.195992668439867 ], [ 77.547835610667534, 10.195992636611217 ], [ 77.547665334107137, 10.195882886112956 ], [ 77.54745690699491, 10.195748540856206 ], [ 77.547386621010446, 10.195695210144669 ], [ 77.547301868556659, 10.195630905601828 ], [ 77.547455567606832, 10.195504049707806 ], [ 77.547575625647923, 10.195404984645197 ], [ 77.547890696259088, 10.195093206406588 ], [ 77.548278367813211, 10.194802166072746 ], [ 77.548607173665076, 10.194555371915616 ], [ 77.548776070413226, 10.194410794906679 ], [ 77.54891625700489, 10.194330066437512 ], [ 77.548972291217382, 10.194297807933872 ], [ 77.549032435222273, 10.194254506594669 ], [ 77.549173130260385, 10.194153237881126 ], [ 77.549273526874856, 10.194085390300645 ], [ 77.549433128754771, 10.193918086393252 ], [ 77.549583919060055, 10.193760012770445 ], [ 77.549739205433312, 10.193525004222373 ], [ 77.549871538054461, 10.193271875121233 ], [ 77.54991235300939, 10.193202836420786 ], [ 77.549981092993249, 10.193086588321821 ], [ 77.550191028376815, 10.192955539718904 ], [ 77.550547119657125, 10.192625676684955 ], [ 77.550688521669372, 10.192503641687315 ], [ 77.550871126708756, 10.192304777598169 ], [ 77.551163237279582, 10.192029087810315 ], [ 77.551295612121535, 10.191830173913175 ], [ 77.551254571689469, 10.191739806770602 ], [ 77.551199470826575, 10.191581154722975 ], [ 77.551158799602092, 10.191463966189891 ], [ 77.551122348662801, 10.191319387778407 ], [ 77.551122315425147, 10.191319387778407 ], [ 77.551122306441968, 10.191319355065167 ], [ 77.550716187983483, 10.191310202426546 ], [ 77.550428787279699, 10.191328198253807 ], [ 77.550278150586308, 10.191350794270706 ], [ 77.550018013751412, 10.191377869348798 ], [ 77.550017985005312, 10.191377874653684 ], [ 77.549776237582591, 10.191432022150595 ], [ 77.549493308692291, 10.191468127844614 ], [ 77.549278851189555, 10.191468027936597 ], [ 77.549004976418985, 10.191458902710657 ], [ 77.548845270334496, 10.19149504641971 ], [ 77.548544122711931, 10.191513081138753 ], [ 77.548398094375969, 10.191540167696932 ], [ 77.548262085848705, 10.19156028102983 ], [ 77.548001097410875, 10.191598863189027 ], [ 77.547867441571327, 10.191633118356666 ], [ 77.547754593408712, 10.191662017393877 ], [ 77.547675153591499, 10.191690822709555 ], [ 77.547567532725537, 10.191729812441899 ], [ 77.547133995887933, 10.191951235730265 ], [ 77.546892070598787, 10.192055046161997 ], [ 77.54665025490408, 10.192208690207138 ], [ 77.546440235977173, 10.192312648206265 ], [ 77.546266888076786, 10.192407501307887 ], [ 77.546266862025661, 10.192407511917544 ], [ 77.545997627951849, 10.192475272325559 ], [ 77.54587437999318, 10.192488769588822 ], [ 77.545874348552147, 10.192488774009526 ], [ 77.545509293881935, 10.192533932279881 ], [ 77.545062147567791, 10.192551838740043 ], [ 77.544833959315952, 10.192542779855522 ], [ 77.544833923383322, 10.192542778087249 ], [ 77.544692527659308, 10.192529088084038 ], [ 77.544455228693877, 10.192520088436154 ], [ 77.544459584624661, 10.192457929941719 ], [ 77.544464451696868, 10.192388982131245 ], [ 77.544469096885223, 10.192135769018577 ], [ 77.544469118444795, 10.191973063385101 ], [ 77.544473691767877, 10.191692858886299 ], [ 77.544460153258257, 10.191503015187482 ], [ 77.5444829498052, 10.191358342190512 ], [ 77.544512332799826, 10.191234062754477 ], [ 77.544533188985767, 10.191145884579786 ], [ 77.544556773355268, 10.191104069940236 ], [ 77.544642824772964, 10.190951564138848 ], [ 77.544683821187562, 10.190784331970137 ], [ 77.544683826577483, 10.190784298372668 ], [ 77.544724981993909, 10.190508490562483 ], [ 77.54474788274544, 10.190286981393951 ], [ 77.544775357718393, 10.189893777152964 ], [ 77.54467511471583, 10.189532060439962 ], [ 77.544552002402781, 10.189147799309817 ], [ 77.544529198669295, 10.189030355247358 ], [ 77.544529189686116, 10.189030318113108 ], [ 77.544173332866137, 10.188994040618171 ], [ 77.543960509398886, 10.188987070875472 ], [ 77.543894920705043, 10.188984918857978 ], [ 77.543894891060631, 10.188984914437237 ], [ 77.5436165786126, 10.188966749605299 ], [ 77.543351901692233, 10.188948549406398 ], [ 77.543132968782757, 10.188898742658026 ], [ 77.543132976867597, 10.188763209697109 ], [ 77.543128468223173, 10.188496455601415 ], [ 77.543105741744796, 10.188270405806074 ], [ 77.543119515613057, 10.188008256841838 ], [ 77.543124074563124, 10.187872689904596 ], [ 77.543439356278384, 10.187870194828735 ], [ 77.543685350037492, 10.187868279756318 ], [ 77.543940883904895, 10.187863821863816 ], [ 77.543940919837482, 10.187863822747984 ], [ 77.544328790817602, 10.187891061690328 ], [ 77.544538660624184, 10.187891099708834 ], [ 77.544853510249808, 10.187845977915076 ], [ 77.544967621443718, 10.187615463573465 ], [ 77.54510004659133, 10.187421113571713 ], [ 77.545135039564897, 10.18735793907528 ], [ 77.545177687082997, 10.187280998300555 ], [ 77.545253707912224, 10.187200526198307 ], [ 77.545310037670461, 10.187140908608244 ], [ 77.545365438570656, 10.187090600262328 ], [ 77.545474291026878, 10.186991776611061 ], [ 77.545545324409659, 10.186935134160931 ], [ 77.545638597383913, 10.186860755563668 ], [ 77.545866787432416, 10.186797551779073 ], [ 77.545941051156916, 10.186779134838433 ], [ 77.545994549425373, 10.186765868097805 ], [ 77.545994585357988, 10.186765858372102 ], [ 77.546076526983256, 10.186741688234774 ], [ 77.546254668293997, 10.186689158828747 ], [ 77.546406410813461, 10.186656499913768 ], [ 77.546464598287685, 10.186643982047297 ], [ 77.546464629728717, 10.186643974974062 ], [ 77.546747513703266, 10.186558127931303 ], [ 77.546984853991233, 10.186463249216953 ], [ 77.547051545816245, 10.186382331293798 ], [ 77.547126337750143, 10.18629162043853 ], [ 77.547183517314622, 10.186207739664344 ], [ 77.547249621641427, 10.186110805181922 ], [ 77.547336355778725, 10.1858260270897 ], [ 77.547281676225708, 10.185595469732407 ], [ 77.54723617386162, 10.185193110427818 ], [ 77.547190642751431, 10.184967111340201 ], [ 77.547067599608667, 10.184234723914399 ], [ 77.54698090409893, 10.184049340793745 ], [ 77.546980970574239, 10.183854967398695 ], [ 77.546885262267253, 10.183533963994131 ], [ 77.546784905178654, 10.183416434752639 ], [ 77.546570476422019, 10.183185825256043 ], [ 77.546433719598099, 10.183054723954324 ], [ 77.546312293422844, 10.182931725973846 ], [ 77.546228379995497, 10.18284668959579 ], [ 77.546171225583876, 10.182812067439594 ], [ 77.546064179639686, 10.182747173211812 ], [ 77.545885078029926, 10.182633078665836 ], [ 77.545808644873944, 10.182584377023108 ], [ 77.545626165598719, 10.182484943668898 ], [ 77.545626135055983, 10.182484921564756 ], [ 77.54541174762187, 10.182299484377101 ], [ 77.545293137664999, 10.182163846932241 ], [ 77.54506504912618, 10.181983051439664 ], [ 77.545065002413764, 10.181983014304615 ], [ 77.544950951406975, 10.181897033382043 ], [ 77.544695484913206, 10.181752305629026 ], [ 77.544522167555584, 10.181734252674538 ], [ 77.544522134317887, 10.181734247369524 ], [ 77.544234664443835, 10.181679838280147 ], [ 77.544121311428029, 10.181671360869812 ], [ 77.543992812816512, 10.181661708398844 ], [ 77.543750978257208, 10.181688812593107 ], [ 77.543563804386281, 10.181982613776537 ], [ 77.543504404186436, 10.182235666960725 ], [ 77.543504396999893, 10.182235702327423 ], [ 77.543467839161124, 10.182439097861906 ], [ 77.543362761425698, 10.182692241753108 ], [ 77.543339943319168, 10.182864003324982 ], [ 77.543202991560833, 10.183148769031222 ], [ 77.543202975391168, 10.183148806166145 ], [ 77.543125321424725, 10.183338607094425 ], [ 77.543125298068546, 10.183338635387699 ], [ 77.542947308573105, 10.183465056693617 ], [ 77.542837069118065, 10.183524465424044 ], [ 77.54273747110588, 10.183578097019058 ], [ 77.542500178428625, 10.183650381799046 ], [ 77.542285691281492, 10.183690957819323 ], [ 77.542039258246248, 10.183690912726984 ], [ 77.542039221415294, 10.183690916263632 ], [ 77.541774577732625, 10.183704347586593 ], [ 77.54153643704575, 10.18370022738619 ], [ 77.541509957406106, 10.183699769389648 ], [ 77.541240733213755, 10.183749439904814 ], [ 77.540944094235599, 10.183758380561347 ], [ 77.540582986762729, 10.183813104942342 ], [ 77.54043753065362, 10.183835132090994 ], [ 77.540368879602966, 10.184716533319556 ], [ 77.540346046225082, 10.184906447371516 ], [ 77.540291144788171, 10.185362964407087 ], [ 77.540249955235765, 10.18577888293572 ], [ 77.540227053585923, 10.185923460323282 ], [ 77.53976620077718, 10.185964081146329 ], [ 77.539510710927232, 10.185982061360576 ], [ 77.539510678587874, 10.185982068433825 ], [ 77.539515811561387, 10.186046213122726 ], [ 77.539519698571624, 10.186095098141415 ], [ 77.539451221794153, 10.186325599435667 ], [ 77.539423676752619, 10.186741453933754 ], [ 77.539399466257379, 10.186864550354359 ], [ 77.539387215931853, 10.186926795702465 ], [ 77.539394335080488, 10.186988721858805 ], [ 77.539405385256785, 10.187084990306563 ], [ 77.539327726798774, 10.187491874085602 ], [ 77.539327718713963, 10.187491913872446 ], [ 77.539231743607303, 10.187939361117921 ], [ 77.539208836567553, 10.188120198325546 ], [ 77.538944268343329, 10.188025155623883 ], [ 77.538729803654093, 10.187961814142517 ], [ 77.538405876552531, 10.187839645620688 ], [ 77.538200555814583, 10.187776284651108 ], [ 77.538059036123045, 10.187712951961823 ], [ 77.537981610328671, 10.187269956110441 ], [ 77.53793604328591, 10.18705749312244 ], [ 77.537885958615533, 10.186813373725082 ], [ 77.537839106981934, 10.186633802770459 ], [ 77.537817552804967, 10.186551194385709 ], [ 77.537779693307328, 10.186400849935268 ], [ 77.537753777809684, 10.186297963373555 ], [ 77.537703613189294, 10.186090117687609 ], [ 77.537703608697697, 10.186090082321343 ], [ 77.537703179303023, 10.186065859967551 ], [ 77.53769913239266, 10.185836901339961 ], [ 77.537662756911871, 10.185574649580962 ], [ 77.537672015847477, 10.185446074417381 ], [ 77.53767642657553, 10.185384813732822 ], [ 77.537630932296295, 10.185122716329921 ], [ 77.537630919719874, 10.185122673890291 ], [ 77.537658309352864, 10.184955399761071 ], [ 77.537658417150709, 10.18469315523464 ], [ 77.537664355913066, 10.18455576463257 ], [ 77.537667598831248, 10.184480737390313 ], [ 77.537649478913622, 10.184241139391592 ], [ 77.537608458244506, 10.184001571274385 ], [ 77.5375857245796, 10.183798149327151 ], [ 77.537585720088046, 10.183798104234837 ], [ 77.537567527406893, 10.183567545411501 ], [ 77.53754478386054, 10.183327946726759 ], [ 77.537512847853861, 10.183061341044843 ], [ 77.537512844260618, 10.183061298604933 ], [ 77.537499225800914, 10.182848755890655 ], [ 77.537502097714864, 10.182698737720406 ], [ 77.537503897938691, 10.182604702236659 ], [ 77.537499404565636, 10.182347041067215 ], [ 77.537499406362258, 10.182347015426361 ], [ 77.537492957356832, 10.18226381530763 ], [ 77.53748119930809, 10.182111916237835 ], [ 77.537453954303857, 10.181881375647448 ], [ 77.537431157756885, 10.18161471216974 ], [ 77.537417561755035, 10.181484645584606 ], [ 77.537408475295933, 10.18139771139294 ], [ 77.537422148552892, 10.181171656565963 ], [ 77.537422147654596, 10.181171625620006 ], [ 77.537418907431359, 10.181153284393158 ], [ 77.53737665696859, 10.180914003964959 ], [ 77.53734740872126, 10.180807601052866 ], [ 77.537321980110505, 10.180715096396639 ], [ 77.537276388813225, 10.180457346168 ], [ 77.53725804162184, 10.180419227735355 ], [ 77.537180633793824, 10.180258450693406 ], [ 77.537138025801596, 10.180149013965059 ], [ 77.537080298264769, 10.180000744304541 ], [ 77.536998377300776, 10.179890338433397 ], [ 77.536966268817551, 10.17984705724194 ], [ 77.536802119665694, 10.179620980980289 ], [ 77.536633308257521, 10.179453636768855 ], [ 77.536573196591945, 10.17939712914305 ], [ 77.536455360982885, 10.179286380887202 ], [ 77.536324578853922, 10.179210224197551 ], [ 77.536245573821319, 10.179164218768365 ], [ 77.535980924748728, 10.179033032701479 ], [ 77.535803005321881, 10.178956162421116 ], [ 77.535529267095214, 10.178888295691761 ], [ 77.535319314643658, 10.178847535151936 ], [ 77.535229823576714, 10.178835566936927 ], [ 77.535082047119218, 10.178815803819649 ], [ 77.534904156438486, 10.178829303429412 ], [ 77.534639476823159, 10.178838238918777 ], [ 77.534393051872712, 10.17891501815738 ], [ 77.534238334133022, 10.17897211119327 ], [ 77.53416031095901, 10.179000901739979 ], [ 77.533968612274009, 10.179109289345279 ], [ 77.533685713926431, 10.179100156692297 ], [ 77.533642416926355, 10.179071941753087 ], [ 77.533512318415347, 10.178987140421329 ], [ 77.53336634936818, 10.17891019143819 ], [ 77.533165663038787, 10.178810692394023 ], [ 77.533165634292686, 10.178810680015534 ], [ 77.533059870244387, 10.178767863754635 ], [ 77.532942134348303, 10.178720200429847 ], [ 77.532942109195474, 10.17872019158807 ], [ 77.532750441951521, 10.178683963318512 ], [ 77.53253141292231, 10.178634255763461 ], [ 77.532384058673003, 10.178586424424982 ], [ 77.532280455971289, 10.178552792969395 ], [ 77.532101261835038, 10.178539249139071 ], [ 77.531920034811307, 10.17852555057709 ], [ 77.531683264953571, 10.178476838581391 ], [ 77.531545929614609, 10.178448590872494 ], [ 77.531345077995184, 10.178434960388302 ], [ 77.53108962138289, 10.178403262613754 ], [ 77.530838669821748, 10.178362502011947 ], [ 77.530596789448339, 10.17833077239978 ], [ 77.530587388578894, 10.178329089808939 ], [ 77.530462167919865, 10.178306689156962 ], [ 77.530368644315644, 10.178289957853893 ], [ 77.53026631183171, 10.178282720855471 ], [ 77.53017702917397, 10.178276406054767 ], [ 77.529875886941255, 10.178289817269548 ], [ 77.529620324327766, 10.178253545626411 ], [ 77.529424190660194, 10.178262672114357 ], [ 77.529136675870348, 10.178276062993639 ], [ 77.529026915217372, 10.17830063961018 ], [ 77.528894811666646, 10.178330220672688 ], [ 77.528805209208628, 10.178352387015847 ], [ 77.528694022030976, 10.178379892907973 ], [ 77.528465825694269, 10.178474722744284 ], [ 77.528251362801655, 10.178560555163067 ], [ 77.528171313028409, 10.178578306792657 ], [ 77.527986699356049, 10.178619250391559 ], [ 77.527763210191452, 10.178438377735368 ], [ 77.527617290551632, 10.178171508019156 ], [ 77.527535524097843, 10.178055379994044 ], [ 77.527480444794506, 10.177977111591103 ], [ 77.527311624403183, 10.177800785022121 ], [ 77.527188525564853, 10.177629015419473 ], [ 77.527033470058583, 10.177439120024099 ], [ 77.526855582971095, 10.17722658505904 ], [ 77.526781791760385, 10.177142989260288 ], [ 77.526695883174824, 10.177045664751944 ], [ 77.526646205441281, 10.17700214356139 ], [ 77.526499789931464, 10.176873844344515 ], [ 77.526308139755471, 10.176738103796492 ], [ 77.526116531800312, 10.176607029023575 ], [ 77.525861042848689, 10.176521079367205 ], [ 77.525861009611035, 10.176521068757028 ], [ 77.525786344339551, 10.176495072889521 ], [ 77.525601065913861, 10.176430551386527 ], [ 77.525497810860188, 10.176403096609009 ], [ 77.525413952230082, 10.176380788661129 ], [ 77.525140201427021, 10.176303845238872 ], [ 77.52489832913848, 10.17627209685417 ], [ 77.524692994925772, 10.17623130768631 ], [ 77.524692958094846, 10.176231300612859 ], [ 77.524607539091122, 10.176225344750232 ], [ 77.524432957803839, 10.176213152738317 ], [ 77.524278326302394, 10.17620173615529 ], [ 77.524186547226478, 10.176194942969914 ], [ 77.524094575012725, 10.176196507091353 ], [ 77.523921899052198, 10.176199403678021 ], [ 77.523388084177768, 10.176167589853318 ], [ 77.523388039261974, 10.176167585432385 ], [ 77.523150834619642, 10.176140413571183 ], [ 77.523173614996935, 10.175973161258291 ], [ 77.523193113828512, 10.175914150773384 ], [ 77.523246819607749, 10.175751660563444 ], [ 77.523274238885179, 10.17552569103977 ], [ 77.523274245173397, 10.175525659209109 ], [ 77.523379302247534, 10.175123413644398 ], [ 77.523471008559966, 10.175131702896872 ], [ 77.52363022506259, 10.175146115143352 ], [ 77.52378009818797, 10.175148749136046 ], [ 77.523890300812084, 10.175150707609944 ], [ 77.524150444833509, 10.17517792288055 ], [ 77.524383119271874, 10.175223131347959 ], [ 77.524634024120644, 10.175218721024851 ], [ 77.52463405196842, 10.175218722793227 ], [ 77.525035560272826, 10.175250459788273 ], [ 77.525336763590985, 10.175228000563902 ], [ 77.525688142309306, 10.17506082734975 ], [ 77.525688166563839, 10.175060814086951 ], [ 77.527604934224897, 10.173940389660272 ], [ 77.527604979140662, 10.173940364018755 ], [ 77.52562965120454, 10.172493216334498 ], [ 77.525442630945548, 10.172384608086665 ], [ 77.525246563753299, 10.172262526440797 ], [ 77.525246517939209, 10.172262494609805 ], [ 77.524991020902746, 10.172167493162583 ], [ 77.524771982890385, 10.172063449904948 ], [ 77.52455764306697, 10.171945878418807 ], [ 77.52455759994784, 10.171945852777124 ], [ 77.524379637401864, 10.171841802373688 ], [ 77.524379596977653, 10.171841784689764 ], [ 77.524137849554933, 10.171764876425627 ], [ 77.523864123904701, 10.171651805390086 ], [ 77.523658875031956, 10.171565834947378 ], [ 77.523490081590069, 10.171475391328752 ], [ 77.523280225258233, 10.171380382573798 ], [ 77.523280199207093, 10.171380371079236 ], [ 77.523070322213997, 10.171289933597437 ], [ 77.522864995187831, 10.171172274290928 ], [ 77.522664280112309, 10.17104111942354 ], [ 77.522472753005516, 10.170905478962688 ], [ 77.522472725157755, 10.170905460394533 ], [ 77.522212707798758, 10.170747211791106 ], [ 77.522212680849307, 10.170747193222914 ], [ 77.522039338338828, 10.170602425046342 ], [ 77.52182949188844, 10.170444112630378 ], [ 77.521665354414679, 10.170267748301304 ], [ 77.521505654618409, 10.170136591294053 ], [ 77.521341411143439, 10.169969326994222 ], [ 77.521154380104662, 10.169815611228792 ], [ 77.521154342375411, 10.169815575860719 ], [ 77.521022128331907, 10.169679906584944 ], [ 77.520961483965394, 10.169631213576265 ], [ 77.520830585055435, 10.169526097838988 ], [ 77.520652707849408, 10.169322685234292 ], [ 77.520652677306671, 10.169322649866155 ], [ 77.520493041290806, 10.169146279612637 ], [ 77.520319709560098, 10.168960882423168 ], [ 77.520205708858967, 10.16881620539422 ], [ 77.520107528388309, 10.168716724425209 ], [ 77.520000451901382, 10.168608214808284 ], [ 77.519845400886737, 10.168427378038469 ], [ 77.519672053884662, 10.168237417044576 ], [ 77.519672026935183, 10.16823738609737 ], [ 77.519530623126343, 10.168074624950748 ], [ 77.519451053053416, 10.16796789767654 ], [ 77.519375593671228, 10.167866645376668 ], [ 77.519206848738364, 10.167712903841597 ], [ 77.519109174917517, 10.167616071615383 ], [ 77.519010724053956, 10.167518431193699 ], [ 77.518948990929331, 10.167416476690011 ], [ 77.518901244573669, 10.167337575238587 ], [ 77.518709701297183, 10.167143090867484 ], [ 77.518709678839329, 10.16714306610964 ], [ 77.51855465028251, 10.166962247963028 ], [ 77.518372197956737, 10.166785851648489 ], [ 77.518372167414029, 10.166785820701133 ], [ 77.518212491872262, 10.166627609846309 ], [ 77.518048285228232, 10.166473862409706 ], [ 77.517955506327382, 10.166341300601514 ], [ 77.517738182300562, 10.166030763689159 ], [ 77.517738147266286, 10.166030774299719 ], [ 77.517505462946446, 10.166121099207158 ], [ 77.517215691588618, 10.166240846229176 ], [ 77.517090274198523, 10.166292666326139 ], [ 77.517090224791176, 10.166292689315634 ], [ 77.516889353408828, 10.166383056591153 ], [ 77.516656724784525, 10.166455260380491 ], [ 77.516656689750249, 10.166455273643647 ], [ 77.516569925070186, 10.1665004647774 ], [ 77.516553743717012, 10.16646480366901 ], [ 77.516487898104998, 10.16631963742503 ], [ 77.516364767825607, 10.166084482223274 ], [ 77.516325258122791, 10.165975132594873 ], [ 77.516278219639588, 10.165844861574728 ], [ 77.516221727286293, 10.165732938804704 ], [ 77.516155034562971, 10.165600735679712 ], [ 77.516123366254263, 10.165484661441214 ], [ 77.516095853552059, 10.165383719597715 ], [ 77.516049158225286, 10.165273117682165 ], [ 77.516013782569388, 10.165189280016493 ], [ 77.515936268740163, 10.16495877760687 ], [ 77.51585880162331, 10.164746297115286 ], [ 77.515822356972237, 10.164511163745352 ], [ 77.515822356073926, 10.164511134566206 ], [ 77.515694689302364, 10.164307737337165 ], [ 77.515690440271058, 10.164303198651844 ], [ 77.515398211122616, 10.163991204336437 ], [ 77.515398185969801, 10.163991181346789 ], [ 77.515358065412556, 10.16395501241735 ], [ 77.51519753557298, 10.163810258847311 ], [ 77.514955803421614, 10.163588717885675 ], [ 77.514955764794038, 10.163588685169586 ], [ 77.514700310876691, 10.163489087624507 ], [ 77.514499625445609, 10.163389620912866 ], [ 77.514499588614683, 10.16338960234428 ], [ 77.514248658613113, 10.163262893675817 ], [ 77.514191076603382, 10.163218179562978 ], [ 77.514079889425759, 10.163131776235582 ], [ 77.513938512566327, 10.162991599018186 ], [ 77.513806223962618, 10.162828813978232 ], [ 77.513806193419924, 10.162828775072516 ], [ 77.513777535365719, 10.162790550197506 ], [ 77.513674046750026, 10.162652484351323 ], [ 77.513514424208893, 10.16248970974935 ], [ 77.513514388276278, 10.162489669959351 ], [ 77.513368421924071, 10.162317854100664 ], [ 77.513221293151886, 10.162178619992002 ], [ 77.513167763442453, 10.162127952254654 ], [ 77.512843857002139, 10.161811381726269 ], [ 77.512684203019944, 10.161671157065937 ], [ 77.512538242955969, 10.161585228148859 ], [ 77.512538206125015, 10.161585200737896 ], [ 77.512114149208628, 10.161200853796334 ], [ 77.512114113275999, 10.161200824616895 ], [ 77.512109765430054, 10.161197838587418 ], [ 77.511995481759612, 10.161119410429858 ], [ 77.511957370733654, 10.1610736561676 ], [ 77.511908843742006, 10.16101538214321 ], [ 77.511880022194433, 10.160983124693225 ], [ 77.51180390344885, 10.160897844613345 ], [ 77.511636517667, 10.160853098337489 ], [ 77.511566697009869, 10.160834422590307 ], [ 77.511438956576455, 10.160807229971891 ], [ 77.511016760969355, 10.160818221792132 ], [ 77.510749947855231, 10.16082514086469 ], [ 77.510639949148683, 10.160842535368266 ], [ 77.510521783857911, 10.1608611987358 ], [ 77.510092851784464, 10.160842903206476 ], [ 77.509968353370937, 10.16084289613268 ], [ 77.509837438291299, 10.160842852805562 ], [ 77.509636644164061, 10.160797555648857 ], [ 77.509399409877318, 10.160761299703806 ], [ 77.50920780102382, 10.160783810346196 ], [ 77.509058360886414, 10.160774380069018 ], [ 77.50892029072557, 10.160765629761913 ], [ 77.508678502878638, 10.160801731851029 ], [ 77.50837276666158, 10.160801631049214 ], [ 77.508055210412024, 10.160767705926157 ], [ 77.507948452827037, 10.1607562949807 ], [ 77.50794841240284, 10.160756290559551 ], [ 77.507752322752722, 10.160733574774641 ], [ 77.507483145272801, 10.160656593982761 ], [ 77.507426052844906, 10.16064114565277 ], [ 77.507332623563769, 10.160615832884698 ], [ 77.507040548925573, 10.160566039400345 ], [ 77.506817042692973, 10.160579545971055 ], [ 77.506817004963722, 10.160579545971055 ], [ 77.506782002108693, 10.160578246157069 ], [ 77.506570592589739, 10.160570381840289 ], [ 77.506310531213288, 10.160525118245587 ], [ 77.506310499772269, 10.160525111171779 ], [ 77.505909045366735, 10.160434515877689 ], [ 77.505425394214399, 10.160393656602022 ], [ 77.505130709970274, 10.160355197999689 ], [ 77.504973784171597, 10.16033469982975 ], [ 77.504936885871302, 10.160332141758511 ], [ 77.504284252630868, 10.160286613745953 ], [ 77.504257413665115, 10.160284708234588 ], [ 77.504095169839985, 10.160275605991284 ], [ 77.503933473088836, 10.160266500210847 ], [ 77.503723523332212, 10.160298050350763 ], [ 77.503610886273691, 10.160296099743853 ], [ 77.503454378191606, 10.160293378974341 ], [ 77.503362264044071, 10.160306064108806 ], [ 77.503290134716636, 10.160315975419778 ], [ 77.502957030426131, 10.160302229212146 ], [ 77.50273347298959, 10.160275079875621 ], [ 77.502468860747911, 10.160216189398602 ], [ 77.502272649825258, 10.160198045035431 ], [ 77.501998881954194, 10.16021598956304 ], [ 77.50177526792379, 10.160256572982229 ], [ 77.501586313591972, 10.16031753608207 ], [ 77.501369188991177, 10.16038753244084 ], [ 77.500955397123533, 10.160584241217437 ], [ 77.500903649671613, 10.16060883864828 ], [ 77.500903611942348, 10.160608856332825 ], [ 77.500351493894016, 10.160848162585463 ], [ 77.500351466944565, 10.160848174080433 ], [ 77.500013859399544, 10.160965540972903 ], [ 77.499790427727106, 10.160603908197857 ], [ 77.499790393591141, 10.160603863986481 ], [ 77.499407260325825, 10.160201403334304 ], [ 77.499407239664592, 10.160201383881281 ], [ 77.498987695884182, 10.159798914764339 ], [ 77.49892356785098, 10.159731596608012 ], [ 77.498833898019313, 10.159637465938316 ], [ 77.498722152089542, 10.15948683028228 ], [ 77.498569091741558, 10.159280434082326 ], [ 77.498279359011278, 10.158870286904685 ], [ 77.498080661551896, 10.158588960436417 ], [ 77.497813471145378, 10.158256066104245 ], [ 77.497551127149805, 10.157929165651399 ], [ 77.497415555203759, 10.157755339244153 ], [ 77.497272680852774, 10.157572103592468 ], [ 77.496784203950725, 10.156830957748282 ], [ 77.496592470231434, 10.156437705230038 ], [ 77.496364193046347, 10.156094257911807 ], [ 77.495702113122391, 10.154702187639465 ], [ 77.495505700977091, 10.154796202157442 ], [ 77.495172911995255, 10.154955476421918 ], [ 77.494940127064112, 10.154652715983266 ], [ 77.494940107301176, 10.154652692108675 ], [ 77.494886701559196, 10.154590321097158 ], [ 77.494774890950737, 10.154459720920391 ], [ 77.494584138191755, 10.1542369151998 ], [ 77.493949677869523, 10.153563637287675 ], [ 77.493949658106587, 10.153563614297239 ], [ 77.493616447814858, 10.153143319235419 ], [ 77.493050448100419, 10.152442789100265 ], [ 77.492698141422395, 10.152059138572115 ], [ 77.49241143960792, 10.151746890909878 ], [ 77.49205543456587, 10.151385369738271 ], [ 77.491644675410626, 10.151037435598981 ], [ 77.490690818190785, 10.150183369300683 ], [ 77.49069078585147, 10.150183339235994 ], [ 77.490042749290339, 10.149577810809504 ], [ 77.489634750657956, 10.149257374261104 ], [ 77.489358163873575, 10.1490401330976 ], [ 77.488655350741354, 10.148393945079839 ], [ 77.488655319300292, 10.148393917667745 ], [ 77.488431902899279, 10.148226104362575 ], [ 77.488258280114394, 10.148095691704631 ], [ 77.488079696832557, 10.147971443184325 ], [ 77.487751756956627, 10.147743241596636 ], [ 77.487751731803783, 10.147743261934695 ], [ 77.487692920000441, 10.147838281250795 ], [ 77.487591345694639, 10.148002388817408 ], [ 77.487505483821451, 10.148141109151009 ], [ 77.487505478431572, 10.148141136563128 ], [ 77.487610760982861, 10.149298326922107 ], [ 77.48755152158148, 10.149524397224187 ], [ 77.487514801147597, 10.149615498750816 ], [ 77.487460370427883, 10.149750446144377 ], [ 77.48730532570147, 10.149931289056328 ], [ 77.487305303243573, 10.149931317352527 ], [ 77.486881184343403, 10.150546240318997 ], [ 77.486881162783831, 10.150546271267919 ], [ 77.486749697935281, 10.150714436174084 ], [ 77.486739797602539, 10.15072709958209 ], [ 77.486739773348006, 10.150727134952275 ], [ 77.486530035593802, 10.15107524893239 ], [ 77.486530021220744, 10.151075276344255 ], [ 77.486411481332496, 10.151319388569922 ], [ 77.486379613597791, 10.151540904429794 ], [ 77.486215445581308, 10.151744346917964 ], [ 77.486215425818372, 10.151744376982499 ], [ 77.486046649444475, 10.151857445333221 ], [ 77.486046626088267, 10.151857463018249 ], [ 77.485658932076248, 10.152178515054169 ], [ 77.485367019134785, 10.152490524432098 ], [ 77.485011259332822, 10.152874878304788 ], [ 77.484637205340093, 10.153137180787452 ], [ 77.484380933057537, 10.153279253729837 ], [ 77.484212948997708, 10.153372367618172 ], [ 77.484055191359104, 10.15342672758967 ], [ 77.483779553195617, 10.15352168685798 ], [ 77.48336899436471, 10.153784011800754 ], [ 77.483136483419699, 10.15425415797163 ], [ 77.482782592113537, 10.154028066252293 ], [ 77.482634460821487, 10.153933400703819 ], [ 77.48206454804567, 10.153407035409003 ], [ 77.481548253912536, 10.1529301703586 ], [ 77.481160297592496, 10.152514410664553 ], [ 77.481059927927461, 10.152306061078164 ], [ 77.481018759036331, 10.152220621288004 ], [ 77.480972432917099, 10.151846943964484 ], [ 77.480904422365256, 10.151298475106332 ], [ 77.480904267855053, 10.150787660393975 ], [ 77.480979562845548, 10.150525188861128 ], [ 77.481063787988262, 10.150231591310243 ], [ 77.481273577844746, 10.149937696379812 ], [ 77.481570031769976, 10.149530756805904 ], [ 77.481720450172716, 10.149101264575725 ], [ 77.481811551918952, 10.14858590567953 ], [ 77.481711033133621, 10.148111285659397 ], [ 77.481446279856428, 10.147722603789381 ], [ 77.481055695964173, 10.147369072700352 ], [ 77.480702379579782, 10.147049272379894 ], [ 77.480341854215197, 10.146800749719329 ], [ 77.479671116328561, 10.146611089793039 ], [ 77.479246788120932, 10.146561478940539 ], [ 77.478950445586818, 10.147311976671737 ], [ 77.478877470046385, 10.147397888200612 ], [ 77.478357671585329, 10.147542032866852 ], [ 77.478028907055972, 10.147633200393186 ], [ 77.477618320377246, 10.147777973664203 ], [ 77.477198614001793, 10.147940832683593 ], [ 77.477112897655687, 10.147950294288266 ], [ 77.476952243848615, 10.147968027280047 ], [ 77.476742355177407, 10.147927403394331 ], [ 77.476660088361996, 10.147907668430689 ], [ 77.475920573660545, 10.147730265925857 ], [ 77.475838908716369, 10.147710675084889 ], [ 77.475400822810201, 10.147416962650817 ], [ 77.47540077789445, 10.147416932585848 ], [ 77.474976432618845, 10.147168458845229 ], [ 77.474976419144099, 10.147168425243217 ], [ 77.474907874992994, 10.146748072263737 ], [ 77.474807370580677, 10.146296049607228 ], [ 77.474601878264522, 10.145667758949093 ], [ 77.474373658571608, 10.145337826740002 ], [ 77.474178347760855, 10.145314566918961 ], [ 77.473994957593931, 10.145292727232913 ], [ 77.473552395382697, 10.145283799648498 ], [ 77.4728954044148, 10.14533823173536 ], [ 77.472525929135088, 10.145514616887958 ], [ 77.472525891405823, 10.145514634573331 ], [ 77.472055995257122, 10.145749797824523 ], [ 77.471967392624038, 10.145583101733154 ], [ 77.471827782750751, 10.145320398675493 ], [ 77.471686256771022, 10.144981483690849 ], [ 77.47168624329629, 10.144981444782958 ], [ 77.472005558447179, 10.144759853642029 ], [ 77.472448059572983, 10.144542750025733 ], [ 77.472635010661733, 10.144149441730585 ], [ 77.472635017848233, 10.14414941697096 ], [ 77.472730692917565, 10.143683791398008 ], [ 77.472698701215378, 10.143480365009653 ], [ 77.47262597271164, 10.143249502090125 ], [ 77.472566273372792, 10.143059994808628 ], [ 77.472476681694559, 10.142821207586524 ], [ 77.47238820482562, 10.142585391356832 ], [ 77.472196587887311, 10.142580926642625 ], [ 77.471649030585652, 10.142373127685797 ], [ 77.471639644089251, 10.142332896593787 ], [ 77.47160791559341, 10.142196839841988 ], [ 77.471293057882946, 10.142025145727848 ], [ 77.470864142877502, 10.14186704377299 ], [ 77.470864115029727, 10.141867083565533 ], [ 77.470316825426053, 10.142518141205622 ], [ 77.469979312204117, 10.142929595963402 ], [ 77.469760427803664, 10.143331971342731 ], [ 77.469655517154891, 10.14344502144222 ], [ 77.469094256053594, 10.143164898175675 ], [ 77.46880216344907, 10.142816893202571 ], [ 77.468579595057648, 10.142666094879864 ], [ 77.468455342782491, 10.142581922338435 ], [ 77.468044633932891, 10.142252032048241 ], [ 77.468085663585185, 10.142093800216438 ], [ 77.468268083571601, 10.141781840836396 ], [ 77.46826810333458, 10.141781809002339 ], [ 77.468362714798616, 10.141582452629637 ], [ 77.468450469422066, 10.141397544387399 ], [ 77.468787994322099, 10.141022260956115 ], [ 77.469066214243668, 10.14065150991609 ], [ 77.469066232209983, 10.140651484271901 ], [ 77.469467556359788, 10.140108951001752 ], [ 77.469470550444655, 10.140085443201452 ], [ 77.469517641030166, 10.139715645220539 ], [ 77.469308169177253, 10.139578295416385 ], [ 77.469179961619901, 10.139494229062137 ], [ 77.468901238641749, 10.13932486712997 ], [ 77.468778447027233, 10.139250264339504 ], [ 77.468778399416536, 10.139250231620895 ], [ 77.468399652624768, 10.138988137063979 ], [ 77.468299229060847, 10.138798302727928 ], [ 77.468277202370075, 10.138602349007099 ], [ 77.468267229273806, 10.138513476290637 ], [ 77.46838571616145, 10.138047877012477 ], [ 77.468376537175885, 10.137835454699852 ], [ 77.468376531786006, 10.137835417559662 ], [ 77.46820755059619, 10.137170947191612 ], [ 77.468207274813423, 10.136125695699443 ], [ 77.468207188575136, 10.135769590005557 ], [ 77.468120387064189, 10.135358249854093 ], [ 77.467965036012217, 10.134494884898761 ], [ 77.467786994414496, 10.13406547420116 ], [ 77.467618628570662, 10.133795382205626 ], [ 77.467558789992964, 10.13369937184356 ], [ 77.46694725916835, 10.133021450606272 ], [ 77.466650634563209, 10.132750300987761 ], [ 77.466492183425189, 10.132595438970018 ], [ 77.465952416313698, 10.132067881047869 ], [ 77.465194902068902, 10.131403557898903 ], [ 77.46504362936831, 10.131313160407974 ], [ 77.464930247606389, 10.13124540560416 ], [ 77.464451096115312, 10.130870325171855 ], [ 77.464432801026248, 10.130644302722988 ], [ 77.464587800836938, 10.130165092192954 ], [ 77.46466539731118, 10.130026904390375 ], [ 77.464834054209135, 10.129726541633595 ], [ 77.46531807816234, 10.129475856655958 ], [ 77.465445329013903, 10.129409956753198 ], [ 77.465510353565747, 10.129396324179471 ], [ 77.465769224674432, 10.12934206624729 ], [ 77.465778311133505, 10.12919288695312 ], [ 77.465650152085203, 10.128781648903084 ], [ 77.465648177588221, 10.128775312785999 ], [ 77.46564590844379, 10.128767988004583 ], [ 77.465185141873334, 10.12900766116868 ], [ 77.464584587563195, 10.129352684198837 ], [ 77.464122310026397, 10.129618226610765 ], [ 77.463209943294601, 10.129984610417939 ], [ 77.462283828745711, 10.130111409193193 ], [ 77.462283806287815, 10.13011144368136 ], [ 77.462206284373721, 10.130210166415548 ], [ 77.461658942667739, 10.130907140732322 ], [ 77.461024990791969, 10.131517567258797 ], [ 77.460911874931384, 10.131598678581927 ], [ 77.460299691031551, 10.132037613906842 ], [ 77.459232204114841, 10.132444709234344 ], [ 77.4588261647081, 10.132476446051522 ], [ 77.458611664984531, 10.132440002079278 ], [ 77.458374453155685, 10.132399658317761 ], [ 77.45813265093571, 10.13227318233457 ], [ 77.457712888864705, 10.13205631078867 ], [ 77.457183578143102, 10.131708344156758 ], [ 77.457183547600351, 10.131708335313709 ], [ 77.456996507578438, 10.131771669370249 ], [ 77.456996467154227, 10.131771684403446 ], [ 77.456687071200719, 10.132081297737388 ], [ 77.45651305495376, 10.132255430787891 ], [ 77.456513015427888, 10.132255468813039 ], [ 77.456125284584971, 10.132576519274915 ], [ 77.455983920301975, 10.132843252827216 ], [ 77.455928373874684, 10.13289916735199 ], [ 77.455691966038003, 10.133137106847318 ], [ 77.45508077028498, 10.133856009888763 ], [ 77.454750545993264, 10.134374162111039 ], [ 77.454556312262554, 10.134678885412358 ], [ 77.454437729255133, 10.134810015393164 ], [ 77.453844706420355, 10.135221503041555 ], [ 77.45384467767424, 10.135221521611809 ], [ 77.45368125705609, 10.135309559580563 ], [ 77.453677755423101, 10.135311448438937 ], [ 77.453425055740425, 10.135447570899698 ], [ 77.452576461308951, 10.135854595574536 ], [ 77.452124862045949, 10.136058157680759 ], [ 77.451892181319394, 10.136035609927657 ], [ 77.451226032027193, 10.135827804072701 ], [ 77.450760640929616, 10.135687760805155 ], [ 77.44988919066239, 10.13549356581659 ], [ 77.449414698732681, 10.135498181844261 ], [ 77.4489607737314, 10.135556526836533 ], [ 77.448534165599625, 10.135611353203732 ], [ 77.448109881409451, 10.135706341631328 ], [ 77.447255729101343, 10.13582053516301 ], [ 77.446754915635481, 10.135887463952233 ], [ 77.445932340007914, 10.136047993594593 ], [ 77.444784063106113, 10.136272048215831 ], [ 77.444259222401357, 10.135422328651646 ], [ 77.443875839404399, 10.134577030098454 ], [ 77.443546139728838, 10.133914407353725 ], [ 77.443259658899876, 10.133338560733735 ], [ 77.442908346656878, 10.13307646576364 ], [ 77.442908310724292, 10.133076435697348 ], [ 77.442623175571626, 10.133001152307338 ], [ 77.442497699791033, 10.132968013921095 ], [ 77.441562374815547, 10.133035968213449 ], [ 77.440430211893315, 10.132993641918715 ], [ 77.440239327980265, 10.132986502937378 ], [ 77.440239283962811, 10.132986499400168 ], [ 77.439997547319848, 10.132945869193035 ], [ 77.439997515878829, 10.13294586211863 ], [ 77.439940557299892, 10.132931458582506 ], [ 77.43978311317332, 10.132891636622013 ], [ 77.439308525123892, 10.132715408116173 ], [ 77.439147706026787, 10.132653566067489 ], [ 77.438838611907201, 10.132534690783068 ], [ 77.438181625430886, 10.132408235192145 ], [ 77.438030605156911, 10.132429973177056 ], [ 77.437898726184997, 10.132448953897867 ], [ 77.437834030416525, 10.13247493212168 ], [ 77.437707153264114, 10.132525839777632 ], [ 77.437575116188711, 10.132653266288315 ], [ 77.437573335727819, 10.132654985375906 ], [ 77.437533843991304, 10.132693083856894 ], [ 77.437533816143514, 10.132693125419213 ], [ 77.437506012387161, 10.132734459564391 ], [ 77.437287519652187, 10.13305929259578 ], [ 77.437287511567348, 10.133059322662071 ], [ 77.437259661098608, 10.133190824712573 ], [ 77.437191770921004, 10.133511369301349 ], [ 77.43712614719287, 10.133697903018867 ], [ 77.437054976367833, 10.133900171878302 ], [ 77.43704576683956, 10.133909302284858 ], [ 77.436954574363483, 10.133999647754353 ], [ 77.436726481333068, 10.134076526187801 ], [ 77.436201485219783, 10.1341661208393 ], [ 77.435877949783688, 10.134221328577638 ], [ 77.43561805369724, 10.134279852430922 ], [ 77.434632496727673, 10.13450175501954 ], [ 77.434167074189105, 10.134551588814535 ], [ 77.433999686610619, 10.134631418905256 ], [ 77.43380671501285, 10.134723438148523 ], [ 77.43343019424637, 10.134997951735691 ], [ 77.433409809675922, 10.13501281412951 ], [ 77.433395907348583, 10.135023591951182 ], [ 77.433054005856505, 10.135288607046709 ], [ 77.432670797132729, 10.135496616639474 ], [ 77.432519711281728, 10.135537622349215 ], [ 77.432287591103858, 10.135600613426583 ], [ 77.431971277224349, 10.13575072532414 ], [ 77.431858738082198, 10.135804129710746 ], [ 77.431621522660066, 10.135871967559124 ], [ 77.431523437410831, 10.135868014758438 ], [ 77.431397948155535, 10.135862952166857 ], [ 77.430952325384112, 10.135872683838448 ], [ 77.429938005257441, 10.135894822174228 ], [ 77.429794458068301, 10.135907420730367 ], [ 77.429422437861362, 10.135940047690058 ], [ 77.428946731409425, 10.135918625636577 ], [ 77.428523659046576, 10.135899532815717 ], [ 77.428041232297971, 10.135926914136519 ], [ 77.427884911963801, 10.135935773891026 ], [ 77.427694853602503, 10.136025767724185 ], [ 77.427579264679949, 10.136080494085787 ], [ 77.427312482108576, 10.136263057595087 ], [ 77.427196031701641, 10.136342744888164 ], [ 77.427074385439127, 10.136450213138398 ], [ 77.42656653457135, 10.136898828361502 ], [ 77.425603972676441, 10.137459486191913 ], [ 77.425603945726962, 10.137459501224855 ], [ 77.424910513701278, 10.137834797672367 ], [ 77.424490787562888, 10.137993059020722 ], [ 77.423655924778842, 10.138449733256467 ], [ 77.423190592071791, 10.138657730185905 ], [ 77.423147613973654, 10.138695268199253 ], [ 77.422652255078205, 10.139127898570347 ], [ 77.421822000651574, 10.139973329257421 ], [ 77.421564164402099, 10.140150505261365 ], [ 77.421420566907315, 10.140249168309365 ], [ 77.421297968430608, 10.140328760877116 ], [ 77.421023636417573, 10.140506831578586 ], [ 77.420803395561023, 10.140612847324775 ], [ 77.420553749251994, 10.140732955839006 ], [ 77.419914386823265, 10.141075914715676 ], [ 77.419668693999796, 10.141207681413555 ], [ 77.418733389685528, 10.141510644689372 ], [ 77.418331914618761, 10.141831714175964 ], [ 77.418260121261241, 10.141885402286801 ], [ 77.417830128277458, 10.142206938296532 ], [ 77.41767958770383, 10.142405856563194 ], [ 77.417354578132361, 10.142951162569339 ], [ 77.417159552087554, 10.143278343605107 ], [ 77.417096799375045, 10.143344221202117 ], [ 77.417004451665534, 10.143441121791438 ], [ 77.41671702940215, 10.14354964790533 ], [ 77.415988743641762, 10.143617089727398 ], [ 77.414860124573309, 10.143721573766211 ], [ 77.414116037447059, 10.143780094115606 ], [ 77.413190254376488, 10.143852859215164 ], [ 77.413076294099568, 10.143902813585393 ], [ 77.413071635436495, 10.143904856256702 ], [ 77.413018903431009, 10.143927971159343 ], [ 77.413018103930398, 10.143928321331543 ], [ 77.412962477553066, 10.143952680404825 ], [ 77.412952991343673, 10.143956834720036 ], [ 77.412811775282691, 10.144057758565488 ], [ 77.4125607096355, 10.14423718808891 ], [ 77.411762308570516, 10.144657631907728 ], [ 77.41142925638232, 10.145019339300356 ], [ 77.41116466300528, 10.145435239602081 ], [ 77.411120854863825, 10.145592751756736 ], [ 77.411119997871026, 10.145595834317129 ], [ 77.411041454572469, 10.145878237752356 ], [ 77.411004999141625, 10.146352878768539 ], [ 77.410909253105359, 10.146972216669655 ], [ 77.410852096897102, 10.147187569563963 ], [ 77.410772479213492, 10.147487557825798 ], [ 77.41062210842145, 10.147609301416704 ], [ 77.410348141124416, 10.147831111651048 ], [ 77.410074443321946, 10.148278687843296 ], [ 77.410037949263526, 10.148617731092179 ], [ 77.410014568811647, 10.149486833952462 ], [ 77.409987968797765, 10.150475633439067 ], [ 77.40994235683921, 10.150945804809083 ], [ 77.409942350550978, 10.150945840179244 ], [ 77.409923729373489, 10.151053501601801 ], [ 77.409860245432341, 10.151420431236762 ], [ 77.409673196427249, 10.151868051927478 ], [ 77.40959489836878, 10.152033859610627 ], [ 77.409472547827065, 10.152292955607624 ], [ 77.409284001330406, 10.152927795267521 ], [ 77.409112600977551, 10.153504925076916 ], [ 77.40910598758046, 10.153527190409459 ], [ 77.409071114981103, 10.153644612159285 ], [ 77.409033952576152, 10.153831863652869 ], [ 77.40879747826412, 10.155023390678899 ], [ 77.408788390906679, 10.155502568436841 ], [ 77.40879007524785, 10.156033828087656 ], [ 77.408790091417515, 10.156038753303116 ], [ 77.408793036993345, 10.156971708884011 ], [ 77.408747546307353, 10.158449939572446 ], [ 77.40858226168497, 10.158473334610557 ], [ 77.408300442214028, 10.158513205559238 ], [ 77.407780269155495, 10.158556422439817 ], [ 77.407264722420663, 10.158599252904896 ], [ 77.40606108594119, 10.158729118362718 ], [ 77.405462477381903, 10.158793700915936 ], [ 77.404700640443991, 10.158986320217751 ], [ 77.404121035744581, 10.159132855045341 ], [ 77.403719025281873, 10.159204364582733 ], [ 77.402697474615508, 10.159386065159165 ], [ 77.401042652098013, 10.159661493998041 ], [ 77.400876974013528, 10.159689066932669 ], [ 77.399521856424286, 10.159878999407013 ], [ 77.399521813305171, 10.159879005596627 ], [ 77.39836290304531, 10.160086984179289 ], [ 77.398069594121893, 10.160353870773724 ], [ 77.397861093347814, 10.160543587101643 ], [ 77.396948555037824, 10.161402534069239 ], [ 77.395890064748642, 10.162406135735898 ], [ 77.395710387318772, 10.162559195436558 ], [ 77.39545849701814, 10.162773772102055 ], [ 77.395433757415248, 10.16279488730188 ], [ 77.395329977745405, 10.16256639919083 ], [ 77.395105266872037, 10.162071597186545 ], [ 77.394831548408348, 10.161492418172395 ], [ 77.394703669634367, 10.16122183116088 ], [ 77.394306678957477, 10.160173054091363 ], [ 77.39425514979618, 10.159938439052343 ], [ 77.394069404246537, 10.159092641092196 ], [ 77.393982690770486, 10.158627036378492 ], [ 77.393888491633163, 10.15828149224104 ], [ 77.393859467066335, 10.158175014587476 ], [ 77.393348402026476, 10.156678748595068 ], [ 77.393307398425321, 10.156577498908785 ], [ 77.393042699945397, 10.155923848095124 ], [ 77.392750697172417, 10.155539578351577 ], [ 77.392399294199564, 10.155186972857839 ], [ 77.391746849605354, 10.154468234422643 ], [ 77.39096209394954, 10.15379922259981 ], [ 77.390799404560013, 10.153638111179916 ], [ 77.390797993306705, 10.153636714070624 ], [ 77.390628937556741, 10.153469297004618 ], [ 77.390104334007248, 10.15292349958902 ], [ 77.390081432357391, 10.152899674400214 ], [ 77.389780312582559, 10.15256513563279 ], [ 77.389447269377499, 10.152257780136463 ], [ 77.388893928722055, 10.151701843592386 ], [ 77.388803876208087, 10.151611365173121 ], [ 77.388697052147762, 10.151524770364032 ], [ 77.388452531625731, 10.151326549248964 ], [ 77.388312596562372, 10.151191563612844 ], [ 77.388105796299101, 10.150992076924357 ], [ 77.38810576934965, 10.150992044206944 ], [ 77.387859417162773, 10.150648530913298 ], [ 77.38676437172974, 10.14928785730271 ], [ 77.386093255652355, 10.148392525841151 ], [ 77.385842697553286, 10.148058252061945 ], [ 77.385811137042396, 10.148024589097442 ], [ 77.385809633262639, 10.148022985930625 ], [ 77.38554611786391, 10.147741907244271 ], [ 77.385281503825638, 10.14736218163319 ], [ 77.385002883255424, 10.147046628428756 ], [ 77.38467474844505, 10.146674996560598 ], [ 77.384444063775049, 10.146479954031703 ], [ 77.384300544433685, 10.146358608815499 ], [ 77.383949259140152, 10.146037688887416 ], [ 77.383584261962099, 10.145911076804982 ], [ 77.383584223334552, 10.145911064425258 ], [ 77.383146254209336, 10.145739318362113 ], [ 77.382781666663092, 10.145582231612829 ], [ 77.382726520884418, 10.14555847131342 ], [ 77.382293089149741, 10.14540473585542 ], [ 77.380436160066367, 10.144613656213711 ], [ 77.379751792041887, 10.144315325922207 ], [ 77.378424129662662, 10.143818056864234 ], [ 77.377543541732365, 10.143492551195619 ], [ 77.377119245864122, 10.143402102289905 ], [ 77.376303544145088, 10.143207383180686 ], [ 77.375983209406357, 10.143130913704752 ], [ 77.375983167185524, 10.143130889829306 ], [ 77.375481346708256, 10.142873230439523 ], [ 77.375389301730976, 10.142794622703622 ], [ 77.375084361421258, 10.142534197024675 ], [ 77.374753369069992, 10.142126486677068 ], [ 77.374596212404285, 10.141932901321907 ], [ 77.374016799944357, 10.140997125260997 ], [ 77.373754725443348, 10.140621622942872 ], [ 77.373720280442114, 10.140572266720122 ], [ 77.372803197555058, 10.13988055987995 ], [ 77.372571994557148, 10.139697555405 ], [ 77.372077860065431, 10.139306430652265 ], [ 77.371879989954451, 10.139265593439164 ], [ 77.371858822053071, 10.139261224181585 ], [ 77.37185879510362, 10.139261213570133 ], [ 77.371835200852686, 10.139248455974366 ], [ 77.371758452388079, 10.139206936969167 ], [ 77.371575919213925, 10.139735908607097 ], [ 77.371457261646356, 10.140183346669943 ], [ 77.371256502553393, 10.140599273590151 ], [ 77.37100100282197, 10.141078418115406 ], [ 77.370818516360202, 10.141489762419111 ], [ 77.370622289267871, 10.141657035422874 ], [ 77.370488601987248, 10.141799450370698 ], [ 77.370439809992618, 10.141851421217225 ], [ 77.370439788433046, 10.141851450398422 ], [ 77.370193445229305, 10.142213068111326 ], [ 77.370139964028866, 10.142313668860691 ], [ 77.370102128785732, 10.142384841709692 ], [ 77.370007777833138, 10.142484568739237 ], [ 77.36996528572358, 10.142529477637947 ], [ 77.36953188183665, 10.142746483580146 ], [ 77.369318127714777, 10.142795534392524 ], [ 77.369317304857958, 10.142795722743369 ], [ 77.369217005261589, 10.142818737802878 ], [ 77.368696867237333, 10.142954346846887 ], [ 77.368673464327557, 10.143009706934963 ], [ 77.368637612564555, 10.143094516926595 ], [ 77.368400264191749, 10.143853886740883 ], [ 77.368117364047521, 10.144758001094457 ], [ 77.368007205440904, 10.145055479421412 ], [ 77.367884670744559, 10.145386343941167 ], [ 77.367551618556348, 10.145648510193766 ], [ 77.367390135604253, 10.145788471291175 ], [ 77.367223043571514, 10.145933293146857 ], [ 77.366511249083075, 10.146516422934864 ], [ 77.366223977736695, 10.146804001162748 ], [ 77.36607326468652, 10.146954870930751 ], [ 77.36607323863538, 10.146954898342933 ], [ 77.365060321677205, 10.14798099940414 ], [ 77.364795704045648, 10.14833807305132 ], [ 77.364396783787541, 10.148788126230613 ], [ 77.36397432766897, 10.149264732175922 ], [ 77.363326433939974, 10.149924660668542 ], [ 77.363161181656963, 10.150086491089985 ], [ 77.362934036349159, 10.150308930081872 ], [ 77.362386496115477, 10.150747356966253 ], [ 77.362153811795636, 10.150882981221137 ], [ 77.361793364584543, 10.150995972946111 ], [ 77.361441237569565, 10.151063132006858 ], [ 77.361295997056118, 10.151090833015198 ], [ 77.361053924443254, 10.151092644850474 ], [ 77.360693778167757, 10.151095332980853 ], [ 77.360693747625007, 10.151095328559602 ], [ 77.360346364613079, 10.151035812109411 ], [ 77.360324208564904, 10.151032016008775 ], [ 77.360244577406561, 10.15100691027984 ], [ 77.359420766595449, 10.150747189842177 ], [ 77.358824613131873, 10.150589345975579 ], [ 77.358686227662389, 10.150552705106758 ], [ 77.358675079569707, 10.150545416193388 ], [ 77.358458129242067, 10.150403568406528 ], [ 77.358349298345374, 10.150300942601064 ], [ 77.358271066762242, 10.150227172683991 ], [ 77.358147896956993, 10.150032801701597 ], [ 77.358064179362415, 10.149975668125123 ], [ 77.357942567235895, 10.149892670029832 ], [ 77.357499990651604, 10.149815806887867 ], [ 77.357249072328116, 10.14977510542206 ], [ 77.357075775631714, 10.149630455081898 ], [ 77.357075730715934, 10.149630416174567 ], [ 77.357053553108216, 10.149610296663861 ], [ 77.356751826970594, 10.149336540145752 ], [ 77.356345792055436, 10.149001989695057 ], [ 77.356224695561878, 10.148945845420752 ], [ 77.356131344434161, 10.148902551195572 ], [ 77.355919837897133, 10.148741174685084 ], [ 77.355615824648794, 10.14850920227488 ], [ 77.355369446410776, 10.148445889212455 ], [ 77.355141330922478, 10.148459421054225 ], [ 77.354881247088159, 10.148536239424667 ], [ 77.354666792280383, 10.148518146570337 ], [ 77.354495357791535, 10.148458394427534 ], [ 77.354420407754134, 10.148432267175524 ], [ 77.354346494372564, 10.148349846986752 ], [ 77.354274456673295, 10.148269506559149 ], [ 77.354190718417456, 10.148083556981058 ], [ 77.354142142018489, 10.147975669956873 ], [ 77.354142126747107, 10.147975640776238 ], [ 77.354061213692844, 10.147816664571069 ], [ 77.353882137235885, 10.147464789811396 ], [ 77.353707184046101, 10.147256792411772 ], [ 77.353699641790982, 10.147247825090204 ], [ 77.353143101336485, 10.146510966128925 ], [ 77.353143080675252, 10.146510939600962 ], [ 77.352559134418044, 10.145855413914614 ], [ 77.352435120196432, 10.145670359582464 ], [ 77.352153168673155, 10.145249597872091 ], [ 77.351998785106758, 10.145080564394647 ], [ 77.351979777653668, 10.145059749561712 ], [ 77.351979755195771, 10.145059718612256 ], [ 77.351823142010844, 10.144815262052871 ], [ 77.351614839764409, 10.144490107569487 ], [ 77.351391311073954, 10.144010894753524 ], [ 77.351253697257263, 10.143816100851195 ], [ 77.35088036281509, 10.143287638219554 ], [ 77.350687564592178, 10.143084104582247 ], [ 77.350529146691841, 10.142916865926287 ], [ 77.350091164091907, 10.14282189997483 ], [ 77.349464987134908, 10.142710320207325 ], [ 77.349464711352098, 10.142710271572115 ], [ 77.349279019701413, 10.142677178403792 ], [ 77.348983290716617, 10.142508925269485 ], [ 77.348539960445791, 10.142256681581069 ], [ 77.348138465616088, 10.142021567937141 ], [ 77.347623362649017, 10.141708696794726 ], [ 77.34644131538073, 10.140990722179991 ], [ 77.346328403437724, 10.14088508856848 ], [ 77.346117488890471, 10.140687775213779 ], [ 77.345925915071305, 10.140235728086159 ], [ 77.345726371398925, 10.139672898004099 ], [ 77.34551080986671, 10.139064888732033 ], [ 77.34535530520283, 10.138654508725574 ], [ 77.345187048953491, 10.138210474808877 ], [ 77.345062699660275, 10.137888439585659 ], [ 77.344986315013344, 10.137690622108462 ], [ 77.344890482738862, 10.137609213436622 ], [ 77.343353086198675, 10.136795345769846 ], [ 77.342847656290573, 10.136587129211035 ], [ 77.341541951431864, 10.136049200657231 ], [ 77.341492267410132, 10.136030776371166 ], [ 77.341468922890826, 10.136022109395638 ], [ 77.340693271660442, 10.136388173728395 ], [ 77.33941488097625, 10.137041073871739 ], [ 77.339233202099933, 10.137133859104287 ], [ 77.33923317694709, 10.137133869715774 ], [ 77.338416514030726, 10.137436643184179 ], [ 77.338129052241499, 10.137558637312797 ], [ 77.337852495101501, 10.137695596242098 ], [ 77.337499415872344, 10.137870448707405 ], [ 77.337435581588238, 10.137908221149809 ], [ 77.336468246045897, 10.138480627636604 ], [ 77.335546553903129, 10.139045536118324 ], [ 77.333821805625632, 10.140053358729913 ], [ 77.331968243427937, 10.14116621483485 ], [ 77.331759329428834, 10.141291642088785 ], [ 77.331124870004913, 10.141673500706446 ], [ 77.329852057858631, 10.142439543109615 ], [ 77.329852021926001, 10.142439564332273 ], [ 77.329746269555798, 10.142495804365126 ], [ 77.329359240297137, 10.142701613620037 ], [ 77.329290803045538, 10.142679001782282 ], [ 77.329286656422155, 10.142674183358704 ], [ 77.328998933223176, 10.142339931022162 ], [ 77.328273745752213, 10.140739546392947 ], [ 77.327936314276982, 10.139722401156684 ], [ 77.327690066294664, 10.13892220197669 ], [ 77.32748480843874, 10.138506289680672 ], [ 77.327156382574259, 10.138153630054211 ], [ 77.326814248418529, 10.137868789779496 ], [ 77.326490382402397, 10.137547775568782 ], [ 77.326276050663793, 10.137104771202953 ], [ 77.326203110157664, 10.136598446398738 ], [ 77.326205276894143, 10.136583123361547 ], [ 77.326267029781704, 10.136146369625752 ], [ 77.326239749743181, 10.135662669790658 ], [ 77.326153103640749, 10.135527108065174 ], [ 77.325998825177237, 10.135297679050113 ], [ 77.325897692842531, 10.135147283965164 ], [ 77.325825956977226, 10.135031178341819 ], [ 77.325760828220808, 10.134925764724491 ], [ 77.325575060213296, 10.134318732439766 ], [ 77.325560220044821, 10.134270239207185 ], [ 77.325473626943008, 10.134077542248933 ], [ 77.324871544598565, 10.132737697886011 ], [ 77.324857921647279, 10.132574963783211 ], [ 77.325117329948512, 10.131186256875235 ], [ 77.325182178430538, 10.130839108169599 ], [ 77.325278191266406, 10.129849204583373 ], [ 77.325288386246584, 10.129381549072297 ], [ 77.325296521389788, 10.129008370388826 ], [ 77.32522819822421, 10.12852917510053 ], [ 77.325146115563456, 10.128280559371682 ], [ 77.325027496623463, 10.128144911399174 ], [ 77.324548100790608, 10.127986452407944 ], [ 77.324493820987897, 10.127968509611433 ], [ 77.323722841895304, 10.127566038892535 ], [ 77.323113022361284, 10.128150022750004 ], [ 77.322070959563732, 10.129147919589505 ], [ 77.321838374956883, 10.129366189433295 ], [ 77.321377434113259, 10.129798752807583 ], [ 77.320264040590544, 10.130657423228277 ], [ 77.320264001064672, 10.130657457716342 ], [ 77.320118772229321, 10.130779292596369 ], [ 77.319488296833683, 10.131308179985121 ], [ 77.318880537136636, 10.131780135723055 ], [ 77.318749113610565, 10.131882185588742 ], [ 77.318749081271221, 10.131882210349309 ], [ 77.318225876398586, 10.132230424398045 ], [ 77.317608353811025, 10.132641397155384 ], [ 77.317254887407984, 10.132860763810708 ], [ 77.316887436930912, 10.133088795602424 ], [ 77.31658690195934, 10.133225649441108 ], [ 77.316585799726511, 10.133226149956462 ], [ 77.316262307409545, 10.133373445578775 ], [ 77.31497193409777, 10.134125423574918 ], [ 77.314765701569797, 10.13424560526477 ], [ 77.314377865623968, 10.134548436288249 ], [ 77.313013530421571, 10.135388944681228 ], [ 77.312315086694909, 10.135550350026676 ], [ 77.312114686029759, 10.135596660622538 ], [ 77.311589961207687, 10.135705042600611 ], [ 77.311276292866651, 10.135673613838105 ], [ 77.311092738308034, 10.135655221365104 ], [ 77.31084849716207, 10.135701246318252 ], [ 77.31084130884318, 10.135702601059617 ], [ 77.310805231603027, 10.135709400410853 ], [ 77.310148262194716, 10.135822249812163 ], [ 77.310074243710275, 10.13583094774342 ], [ 77.309879050578786, 10.13585388460095 ], [ 77.309438181691874, 10.135930117054075 ], [ 77.309226638323935, 10.135966694158091 ], [ 77.309045993408489, 10.135951478974716 ], [ 77.30874297818842, 10.13592595821329 ], [ 77.308501234358957, 10.13579478093714 ], [ 77.307798642212305, 10.135564101718703 ], [ 77.307602552562187, 10.135392282901551 ], [ 77.30698669904443, 10.135224855412408 ], [ 77.306986660416896, 10.135224846569423 ], [ 77.306917041880681, 10.135210660672856 ], [ 77.306475707666436, 10.135120714362882 ], [ 77.30546051437733, 10.135345862623357 ], [ 77.304805815011719, 10.135491057067421 ], [ 77.304007381607448, 10.135459216201692 ], [ 77.303440253608983, 10.135660939223314 ], [ 77.302483383439707, 10.136001263023775 ], [ 77.302378456621256, 10.135951517883713 ], [ 77.302077446440919, 10.135824910657556 ], [ 77.301595302661624, 10.135481814400249 ], [ 77.30080014002327, 10.13491596670181 ], [ 77.300535560120949, 10.134839049560592 ], [ 77.300395246866813, 10.134821794247362 ], [ 77.300056569428307, 10.134780126106513 ], [ 77.299591222348198, 10.134608259116948 ], [ 77.299591187313908, 10.134608244968149 ], [ 77.29836864758586, 10.134074531206073 ], [ 77.29836861883976, 10.134074515288669 ], [ 77.297574953693001, 10.133604208613784 ], [ 77.296425483828486, 10.132704285338258 ], [ 77.295636326427797, 10.13218420086212 ], [ 77.295372994285387, 10.132079800607464 ], [ 77.295157309683972, 10.131994289982979 ], [ 77.293179009222598, 10.131320114606234 ], [ 77.293086221338584, 10.131288494403266 ], [ 77.292748676675615, 10.131075896055197 ], [ 77.292549098867283, 10.130820374075791 ], [ 77.292420266082488, 10.130655427340956 ], [ 77.292329588341062, 10.130537401137808 ], [ 77.292201439174193, 10.13037060339526 ], [ 77.291977990433821, 10.129909436840995 ], [ 77.291822243224786, 10.12910733222742 ], [ 77.291786631311993, 10.12892391658559 ], [ 77.291781448032793, 10.128832258246963 ], [ 77.291732203287239, 10.127961062775814 ], [ 77.291659319374972, 10.127549618868814 ], [ 77.291353140288479, 10.126837530411123 ], [ 77.29117141290314, 10.126414878940764 ], [ 77.290802481104137, 10.126072462386185 ], [ 77.290172605783127, 10.125487848645088 ], [ 77.289748948617046, 10.125136887636819 ], [ 77.289533993447648, 10.124958814588403 ], [ 77.289233828581985, 10.125225281219828 ], [ 77.288388645053658, 10.125975620217215 ], [ 77.287850132888607, 10.126404882570018 ], [ 77.287188470681244, 10.126856768800119 ], [ 77.287004014214062, 10.127004185846912 ], [ 77.286814712234246, 10.127155475261066 ], [ 77.286810473982712, 10.127158894040196 ], [ 77.286809745449034, 10.127159480344014 ], [ 77.286809707719797, 10.127159455583053 ], [ 77.286804613373818, 10.12715613496341 ], [ 77.286730777247357, 10.127108013830473 ], [ 77.285746043134608, 10.126466227066441 ], [ 77.285664825551422, 10.126413291583605 ], [ 77.285003431940353, 10.125902232917323 ], [ 77.284681439809916, 10.125705272028894 ], [ 77.284363980578377, 10.125511081606676 ], [ 77.284145860644244, 10.125377657423243 ], [ 77.283479999711247, 10.124717428996645 ], [ 77.282672822105994, 10.123636830953771 ], [ 77.282524917189377, 10.123243173342399 ], [ 77.28248597342521, 10.123139520089927 ], [ 77.282385759168719, 10.122610514881774 ], [ 77.282376045685567, 10.122454783091381 ], [ 77.282349389077822, 10.12202744064839 ], [ 77.282466025435994, 10.121273563919509 ], [ 77.28246829098714, 10.121258926394635 ], [ 77.282778956260159, 10.119826040184634 ], [ 77.283039632982593, 10.117773819024272 ], [ 77.28185344807406, 10.117909069888054 ], [ 77.281665199818079, 10.117929928047852 ], [ 77.280388944429319, 10.118071317081302 ], [ 77.279387495364077, 10.11824531712508 ], [ 77.278778417838495, 10.118351141253243 ], [ 77.278160252955516, 10.118355116378407 ], [ 77.27811236556434, 10.118355424130035 ], [ 77.277856714017659, 10.11835804001881 ], [ 77.27596817142279, 10.118377351432311 ], [ 77.273782815576595, 10.118580045592783 ], [ 77.272880697723892, 10.118602984568183 ], [ 77.27150174872844, 10.118638033734708 ], [ 77.270942281562768, 10.11870228743487 ], [ 77.26902896163574, 10.118922014705364 ], [ 77.267719516192201, 10.119106901418579 ], [ 77.267313035712633, 10.119191525830521 ], [ 77.266592595837906, 10.119341512756288 ], [ 77.266582658674253, 10.121694882395115 ], [ 77.266581383066551, 10.121694968175564 ], [ 77.263245982434057, 10.122488602615366 ], [ 77.262971417757385, 10.122553930892657 ], [ 77.262788141676452, 10.122604863115798 ], [ 77.26046495821457, 10.123250455802118 ], [ 77.258552003003558, 10.123844605798165 ], [ 77.258314104861782, 10.123918493214228 ], [ 77.258223951736511, 10.123929503987089 ], [ 77.257894612285369, 10.123969726776732 ], [ 77.256872368119588, 10.123887813207116 ], [ 77.256512358388008, 10.12399304474377 ], [ 77.255370469406174, 10.124815398176656 ], [ 77.2553703759814, 10.124815465385414 ], [ 77.255357441139608, 10.124809239730723 ], [ 77.254885866039643, 10.124582266781434 ], [ 77.254172972013308, 10.124259531632465 ], [ 77.253766868826204, 10.124242974368764 ], [ 77.253183042044924, 10.12428592969078 ], [ 77.252690879355299, 10.124445929238743 ], [ 77.251825163932835, 10.12500257278206 ], [ 77.251771653087971, 10.125036978345232 ], [ 77.251751190364132, 10.125046651979865 ], [ 77.251521186617083, 10.125155373567249 ], [ 77.251493831120072, 10.12533003831987 ], [ 77.251490012381794, 10.125354421799011 ], [ 77.251489885719323, 10.12535456063797 ], [ 77.251250692206952, 10.12561720843086 ], [ 77.251126574679091, 10.125753494185064 ], [ 77.251124828354165, 10.125754280348527 ], [ 77.250170732182482, 10.126183570411492 ], [ 77.249999428847715, 10.126260646153895 ], [ 77.249678268557204, 10.12640519119822 ], [ 77.249642797679883, 10.126428811426193 ], [ 77.249364219330502, 10.126614309302074 ], [ 77.249031822014146, 10.126769234341898 ], [ 77.248945239692105, 10.126805707256821 ], [ 77.248859713788846, 10.127201025670468 ], [ 77.248721139673123, 10.127841541084326 ], [ 77.248714089694772, 10.127860390313414 ], [ 77.248707619129775, 10.127877693754364 ], [ 77.248280938234458, 10.129592001432263 ], [ 77.248235841010541, 10.129773192646654 ], [ 77.248131826880453, 10.130017658028414 ], [ 77.248027811851998, 10.130262032139809 ], [ 77.248027453424186, 10.130262285052734 ], [ 77.247809425118234, 10.130416538023123 ], [ 77.247645476290657, 10.130503067793775 ], [ 77.247440153756088, 10.130490282435785 ], [ 77.247316858186707, 10.130468079172109 ], [ 77.246837127282262, 10.130280117182034 ], [ 77.246649756680299, 10.130199423804513 ], [ 77.246398443996426, 10.130105520563918 ], [ 77.246142662193975, 10.130011558046943 ], [ 77.245827890721799, 10.130026272107605 ], [ 77.245757190614, 10.130052453035036 ], [ 77.245618272443508, 10.130103894315344 ], [ 77.245421577328912, 10.130285696299321 ], [ 77.245250034143922, 10.130444248775728 ], [ 77.244763803928407, 10.130947731403875 ], [ 77.244595060792179, 10.130948432660917 ], [ 77.244458383020032, 10.130854445630288 ], [ 77.244457764080792, 10.13085401939324 ], [ 77.244374960971157, 10.130673554807876 ], [ 77.244349977924784, 10.130597158391687 ], [ 77.244301149099186, 10.130447839076016 ], [ 77.243858454835618, 10.130417874216269 ], [ 77.242973129190489, 10.130353423007961 ], [ 77.242041808904517, 10.130194202831754 ], [ 77.242018911746257, 10.130180711781133 ], [ 77.242009854033228, 10.130189812227043 ], [ 77.241602368338889, 10.130100852284237 ], [ 77.24152129358788, 10.1300831527917 ], [ 77.241267443163295, 10.130089214746411 ], [ 77.239947361666779, 10.130120728065972 ], [ 77.239050227667249, 10.13014583720047 ], [ 77.239016781592582, 10.13014677280176 ], [ 77.239015765597998, 10.130146682601993 ], [ 77.238240877935596, 10.130077314567664 ], [ 77.237839062407332, 10.129970420752272 ], [ 77.237482088981437, 10.129700536657754 ], [ 77.237239155782504, 10.129394176182402 ], [ 77.236754770706568, 10.129179025332867 ], [ 77.236288663651735, 10.128981916122985 ], [ 77.236287943202896, 10.128981771979726 ], [ 77.236248079563836, 10.128973785735784 ], [ 77.23584574570765, 10.128893192841437 ], [ 77.235110469257705, 10.128697009333967 ], [ 77.234333986187366, 10.128451394219091 ], [ 77.234091445552238, 10.128266949742159 ], [ 77.234054616422199, 10.12823707664757 ], [ 77.233725349734598, 10.127970009413508 ], [ 77.233676926049185, 10.127892175337418 ], [ 77.233573890184445, 10.127726559436537 ], [ 77.233404642194998, 10.126416565341936 ], [ 77.233358783199748, 10.126366985851663 ], [ 77.232704447651869, 10.125858705654682 ], [ 77.232045333066623, 10.125278149690018 ], [ 77.232216225871369, 10.124985426595952 ], [ 77.232394379758503, 10.124680264301155 ], [ 77.232499370357317, 10.124474204707701 ], [ 77.23250061542231, 10.12447175865954 ], [ 77.232761188838467, 10.123960335210352 ], [ 77.232120799635368, 10.123515222402283 ], [ 77.231329405429591, 10.122957795414431 ], [ 77.230511642975344, 10.122676114624127 ], [ 77.229918040727171, 10.122520076886598 ], [ 77.229955698103879, 10.122449197647603 ], [ 77.230071524181682, 10.122231190166382 ], [ 77.23007201376349, 10.122230267807 ], [ 77.230264635018287, 10.12128945720031 ], [ 77.230363584446835, 10.120616008360608 ], [ 77.230380237415559, 10.120502664570228 ], [ 77.230380241008845, 10.120502635387075 ], [ 77.229974419892699, 10.120540364773852 ], [ 77.229176466188761, 10.120656309387215 ], [ 77.228310360897481, 10.120849355762285 ], [ 77.227171101284469, 10.121192474747122 ], [ 77.226896962409242, 10.121080542560939 ], [ 77.226321321076824, 10.12075584243067 ], [ 77.226220262404027, 10.120698837170062 ], [ 77.226019225731619, 10.120570932790057 ], [ 77.225584636068533, 10.120294437434049 ], [ 77.224633673220552, 10.119755604289338 ], [ 77.223938704177399, 10.119204887345038 ], [ 77.223878686834951, 10.119157326576664 ], [ 77.223781226813159, 10.119062641883591 ], [ 77.223104765759814, 10.118405439070711 ], [ 77.222798831015083, 10.118311612853798 ], [ 77.222100797818484, 10.118327806073845 ], [ 77.221539479225015, 10.118275651893031 ], [ 77.220590362414924, 10.118215810100352 ], [ 77.21950408184415, 10.118079705973315 ], [ 77.218675924085417, 10.117892320393919 ], [ 77.218599940087074, 10.117875126957655 ], [ 77.218424652724025, 10.117813554426732 ], [ 77.217823394134683, 10.117602350607049 ], [ 77.217265629276454, 10.117297006192087 ], [ 77.216990768155725, 10.116986229824384 ], [ 77.216774786211943, 10.116562171647438 ], [ 77.216434535823353, 10.115853796077554 ], [ 77.215426676380218, 10.115965967976214 ], [ 77.214885339013605, 10.11604635541034 ], [ 77.214615070080612, 10.116086487215343 ], [ 77.214363890347386, 10.116157369627858 ], [ 77.213949682559772, 10.116274257656258 ], [ 77.213356654335072, 10.116431546246186 ], [ 77.213294003132205, 10.116448162279832 ], [ 77.213293412040741, 10.116448318809622 ], [ 77.212884163851811, 10.116811422572914 ], [ 77.212470840904757, 10.117168227606298 ], [ 77.21221115861735, 10.117392400651635 ], [ 77.212003298342069, 10.117546023964142 ], [ 77.211510537374451, 10.117910207155695 ], [ 77.210849953145441, 10.118161207152083 ], [ 77.209823901919492, 10.118295990919108 ], [ 77.20934910276597, 10.118184759892312 ], [ 77.208252885031484, 10.117836195432567 ], [ 77.208163993140857, 10.117803135955363 ], [ 77.207891947340215, 10.11770195976675 ], [ 77.207830020179486, 10.117444151714025 ], [ 77.207739008264781, 10.117065253339556 ], [ 77.207692077579395, 10.116637428826877 ], [ 77.207639887258026, 10.116161648996487 ], [ 77.207706535065569, 10.115764097264975 ], [ 77.207720253238278, 10.115682268267911 ], [ 77.207678177048706, 10.115328084571743 ], [ 77.20767786443497, 10.115325455392997 ], [ 77.207309646796617, 10.114458994350716 ], [ 77.207175053115947, 10.11404173176283 ], [ 77.207037356654226, 10.113614847715438 ], [ 77.206617397852185, 10.112820856169686 ], [ 77.206481446817051, 10.112563819782169 ], [ 77.205802156070575, 10.112679271149986 ], [ 77.205027157017085, 10.11283124385008 ], [ 77.204620839132602, 10.112755876118248 ], [ 77.204563478108483, 10.112685104384342 ], [ 77.204387101088926, 10.112467496194803 ], [ 77.204256247993101, 10.11223672238205 ], [ 77.203983005636474, 10.111754828629602 ], [ 77.203423203399183, 10.110893621692401 ], [ 77.202955263781178, 10.110181199143037 ], [ 77.202623922883575, 10.10939600830538 ], [ 77.201906616332565, 10.107866479776487 ], [ 77.201718191108483, 10.107388573302867 ], [ 77.201593461827898, 10.107072216673107 ], [ 77.201406888031599, 10.106471551399428 ], [ 77.201325635414136, 10.106209955390858 ], [ 77.201321645995961, 10.106184443761492 ], [ 77.201264888639685, 10.105821445610236 ], [ 77.201372013635648, 10.105707695091718 ], [ 77.201404734769852, 10.105672951393869 ], [ 77.20140579388358, 10.105671825579863 ], [ 77.201888541330732, 10.105439570858003 ], [ 77.202312750960743, 10.105184434405549 ], [ 77.202334557564242, 10.105171317281165 ], [ 77.202407297746078, 10.105072386093715 ], [ 77.202597815146461, 10.104813271404051 ], [ 77.202796687777322, 10.104418350818548 ], [ 77.202928449968255, 10.104156694769948 ], [ 77.203001538696384, 10.103745658133931 ], [ 77.203080423354777, 10.103302018999118 ], [ 77.203158590259207, 10.102244116598767 ], [ 77.203084495417954, 10.100712275849125 ], [ 77.20327753888094, 10.100025566608506 ], [ 77.203300715415253, 10.099943125140932 ], [ 77.203309819840669, 10.099913375880377 ], [ 77.203548577670148, 10.099133272662899 ], [ 77.203817995898575, 10.0979661756397 ], [ 77.203937588612362, 10.097541399882392 ], [ 77.204011600808613, 10.097278520417911 ], [ 77.203975449008311, 10.096121691682974 ], [ 77.20385973521995, 10.095683659780814 ], [ 77.203430839079104, 10.094339242045544 ], [ 77.203430567787876, 10.0943383912433 ], [ 77.203430827401021, 10.094279906985644 ], [ 77.203433048036402, 10.093778005701282 ], [ 77.20325866527682, 10.091847487347167 ], [ 77.203252246814102, 10.091776436842489 ], [ 77.203200749992121, 10.091419592131928 ], [ 77.203217155025854, 10.091195862643081 ], [ 77.203235554319491, 10.090944943302368 ], [ 77.203238655303835, 10.09054263316624 ], [ 77.203234530240067, 10.090480447803994 ], [ 77.203209589414527, 10.090104383179437 ], [ 77.203202983203937, 10.090028927870295 ], [ 77.203190601724387, 10.089887501741083 ], [ 77.203153189587724, 10.089643540018665 ], [ 77.203201706697897, 10.089186876870475 ], [ 77.2032046262226, 10.089173135574981 ], [ 77.20328239427505, 10.088807004169896 ], [ 77.203467297204909, 10.088446093999687 ], [ 77.203567727955388, 10.088250061800833 ], [ 77.203636380802649, 10.088162484988349 ], [ 77.203976341035414, 10.087728811330258 ], [ 77.204400763566099, 10.087398334035388 ], [ 77.204658680663968, 10.087197505822408 ], [ 77.20494842327571, 10.087005965767755 ], [ 77.204981736399716, 10.086983944345475 ], [ 77.205737035398997, 10.08645242092318 ], [ 77.206292124176017, 10.086066213344775 ], [ 77.206560579410436, 10.085884467713408 ], [ 77.207179257231459, 10.085421280069843 ], [ 77.207452239974955, 10.085221427924719 ], [ 77.20792967658214, 10.084790276256077 ], [ 77.208211680207725, 10.084622164378281 ], [ 77.20821181136175, 10.084622087432294 ], [ 77.208220561850936, 10.084612624846011 ], [ 77.208539012822527, 10.084268311752234 ], [ 77.208796048673079, 10.084121558777474 ], [ 77.208825737094926, 10.084104609409534 ], [ 77.208901161442782, 10.084059768403655 ], [ 77.209376475330998, 10.0837771752882 ], [ 77.209553662630896, 10.083573172333574 ], [ 77.210018406043119, 10.083246362086985 ], [ 77.210199754339428, 10.083118836386632 ], [ 77.210445439976368, 10.082956713071688 ], [ 77.210964249392305, 10.082614358131782 ], [ 77.211227857317454, 10.082364856058346 ], [ 77.211228658614715, 10.08236502675579 ], [ 77.211632751372207, 10.081980157747587 ], [ 77.211657298735659, 10.081956781013835 ], [ 77.212090610096126, 10.081563356282675 ], [ 77.212450889322284, 10.081301141258816 ], [ 77.212811188311392, 10.080998128278345 ], [ 77.21299819599399, 10.080871568388613 ], [ 77.213353277567919, 10.080662453257622 ], [ 77.213581957198187, 10.080527822650525 ], [ 77.214019804152528, 10.080261004998773 ], [ 77.214516715336757, 10.080113527604276 ], [ 77.214599128577589, 10.080089077898583 ], [ 77.215196646582058, 10.080007572380138 ], [ 77.215270835746423, 10.080017760349966 ], [ 77.215525076039825, 10.080052689013559 ], [ 77.21587303217693, 10.080032048625512 ], [ 77.216213859283926, 10.080011841616258 ], [ 77.216225326278533, 10.080003877151507 ], [ 77.216350689769683, 10.079916865913933 ], [ 77.216501186325871, 10.079781214340374 ], [ 77.216682670267787, 10.079608329124586 ], [ 77.216966388777223, 10.079338114419805 ], [ 77.21708822368592, 10.079182723416176 ], [ 77.217157876358144, 10.079093928902392 ], [ 77.217222121172284, 10.079025984433004 ], [ 77.217294714928741, 10.078949252033642 ], [ 77.217609396569358, 10.078691470413794 ], [ 77.217651927306505, 10.078663355427572 ], [ 77.217841968599799, 10.078537731257013 ], [ 77.218339090888151, 10.07820308494744 ], [ 77.218547684188692, 10.078045378779128 ], [ 77.218703975776776, 10.077927248353999 ], [ 77.219055081407248, 10.077615274434205 ], [ 77.219274082588697, 10.07755640682414 ], [ 77.219324778113432, 10.077537812022902 ], [ 77.219483849987313, 10.077479505143877 ], [ 77.219835005923471, 10.077162977606324 ], [ 77.219917063431396, 10.076968573904876 ], [ 77.220345692772582, 10.076394356161643 ], [ 77.220749279778587, 10.075844105394244 ], [ 77.220892854815517, 10.075648365361259 ], [ 77.220902317668703, 10.075631884312159 ], [ 77.221079810395807, 10.075322800362194 ], [ 77.221329036293298, 10.074979391879097 ], [ 77.221430908839764, 10.074839031114053 ], [ 77.221509997415694, 10.074740088837483 ], [ 77.221727313357661, 10.074468249713762 ], [ 77.221978088849013, 10.074185008720972 ], [ 77.222415916040376, 10.073690562255564 ], [ 77.222885548982717, 10.072976207061155 ], [ 77.222989753555652, 10.07274875441907 ], [ 77.223045079895698, 10.072628044709701 ], [ 77.223177231955461, 10.072153354049307 ], [ 77.223231845931494, 10.071710329440393 ], [ 77.22325447090023, 10.071050327851973 ], [ 77.223263357035023, 10.070200467758808 ], [ 77.223369967296307, 10.0694556557936 ], [ 77.223390835160359, 10.069309886692361 ], [ 77.223421582695906, 10.069273046391364 ], [ 77.223500291284466, 10.069178791914482 ], [ 77.224759216374778, 10.069024764305144 ], [ 77.225022485635094, 10.068892212673456 ], [ 77.225064753165825, 10.06887094093706 ], [ 77.225133102382543, 10.068831034094444 ], [ 77.22555277372372, 10.068586056971727 ], [ 77.225792333748743, 10.06846280989831 ], [ 77.225799029790863, 10.068459365729932 ], [ 77.2257990603336, 10.068459351578257 ], [ 77.225885123429393, 10.068388494041331 ], [ 77.226282424923369, 10.068061427825038 ], [ 77.226381641151519, 10.068010823956305 ], [ 77.226442086990389, 10.067980015675388 ], [ 77.226864290682343, 10.067813173994496 ], [ 77.227003041766196, 10.067758350219602 ], [ 77.227714550590321, 10.067514039183049 ], [ 77.228011029668366, 10.067468748321259 ], [ 77.228154304667996, 10.067437345615563 ], [ 77.228754531093074, 10.067305831716057 ], [ 77.229393028444193, 10.067246872007065 ], [ 77.230191272303983, 10.067070319190304 ], [ 77.230411347870515, 10.066935109762827 ], [ 77.230706609731342, 10.066753723062245 ], [ 77.230920953148015, 10.066613524117194 ], [ 77.231084294714449, 10.066504580201597 ], [ 77.231436302253471, 10.06626983659471 ], [ 77.23157760275609, 10.066007617981173 ], [ 77.231698638164204, 10.065812058606888 ], [ 77.231860280118127, 10.065550924004755 ], [ 77.231934213262633, 10.065419877231319 ], [ 77.232074578619034, 10.065171156127233 ], [ 77.232106926952412, 10.064901391916496 ], [ 77.232133695849555, 10.064678382573168 ], [ 77.232188311622224, 10.064280561181953 ], [ 77.232393453595449, 10.063887214836964 ], [ 77.23267615431368, 10.063548091055775 ], [ 77.232702049150049, 10.063499897611299 ], [ 77.232894975832053, 10.063141173890008 ], [ 77.232939455015028, 10.063058294890078 ], [ 77.2330454068112, 10.06286090459098 ], [ 77.233205352745856, 10.062556469706621 ], [ 77.233382754743118, 10.06221884640518 ], [ 77.233464361296768, 10.062052706691727 ], [ 77.233642611303665, 10.061689900282397 ], [ 77.233656235153276, 10.061536160984401 ], [ 77.233756516783387, 10.061323657181436 ], [ 77.233777658633585, 10.061263806572297 ], [ 77.233911456406972, 10.060885133087396 ], [ 77.234039064788021, 10.060537014300419 ], [ 77.234289807940016, 10.060121050174514 ], [ 77.234378734864904, 10.059980845695707 ], [ 77.234467624958924, 10.059840741989529 ], [ 77.234680925431562, 10.059632126239554 ], [ 77.234795925059302, 10.059519665828503 ], [ 77.235042165855063, 10.059298084783341 ], [ 77.235365906107063, 10.058940865363146 ], [ 77.235648637367987, 10.058723793140238 ], [ 77.235986064351664, 10.058380129061772 ], [ 77.236218590568029, 10.058072661393631 ], [ 77.236407745224113, 10.057810635137981 ], [ 77.236505861914381, 10.057674768179741 ], [ 77.23659243974484, 10.057457772942971 ], [ 77.236829117076113, 10.057122822613451 ], [ 77.236966276345271, 10.056928736763165 ], [ 77.237012821653408, 10.056882579363311 ], [ 77.237230752941358, 10.056666499065537 ], [ 77.237709578343981, 10.056245916328781 ], [ 77.238229455856782, 10.055929329047217 ], [ 77.238525890917401, 10.055757413749632 ], [ 77.238791751817303, 10.05551401618356 ], [ 77.239000078318213, 10.055323309105594 ], [ 77.239601671979131, 10.054933502306387 ], [ 77.239684133728971, 10.054880071229762 ], [ 77.239733251812055, 10.054845136303493 ], [ 77.240377264819017, 10.054387119222181 ], [ 77.240919930793979, 10.05402530105764 ], [ 77.241084082640782, 10.053867030249858 ], [ 77.241530953172131, 10.053478118599129 ], [ 77.241850173101597, 10.05328363340902 ], [ 77.242288871658801, 10.053154514340424 ], [ 77.242388306177617, 10.053125257864298 ], [ 77.242666542268879, 10.053061896833512 ], [ 77.243090699796582, 10.052862815408552 ], [ 77.24336890085354, 10.052699983425709 ], [ 77.244021013969444, 10.052288395569708 ], [ 77.244394889197409, 10.051971850406373 ], [ 77.244528854057421, 10.051823928436587 ], [ 77.244636533313894, 10.051705046297334 ], [ 77.244850754559693, 10.051252921913951 ], [ 77.244878081310631, 10.051135379625073 ], [ 77.244990038344525, 10.050866482914468 ], [ 77.24513790014197, 10.050511453999126 ], [ 77.245288242187897, 10.050095519424112 ], [ 77.245470575936054, 10.049693124733611 ], [ 77.245511567859111, 10.049503227106646 ], [ 77.245551461142568, 10.049405244745362 ], [ 77.24559811065528, 10.049290764923645 ], [ 77.245690747622319, 10.049123207731075 ], [ 77.245830624295209, 10.048870320305909 ], [ 77.245885756599137, 10.048712245994436 ], [ 77.245953639590226, 10.048517618180343 ], [ 77.246368548962081, 10.04803834113828 ], [ 77.246541815115734, 10.047884604190395 ], [ 77.2469795183396, 10.047387171057085 ], [ 77.247139021404834, 10.047147529133452 ], [ 77.247151602310396, 10.047130394724238 ], [ 77.247408009340248, 10.046781257166973 ], [ 77.247553663078733, 10.046532631397328 ], [ 77.247604025328499, 10.046446682317949 ], [ 77.248151095743296, 10.045705152078121 ], [ 77.248588842086292, 10.04529815760144 ], [ 77.249015484354061, 10.045324747000613 ], [ 77.249068119341487, 10.045293481015969 ], [ 77.249309919764841, 10.045135373997008 ], [ 77.249463437355317, 10.044905604584507 ], [ 77.249515276435417, 10.044828037910957 ], [ 77.249563277912628, 10.044677306008717 ], [ 77.249885229618911, 10.043666373667801 ], [ 77.250323444882483, 10.04277602462572 ], [ 77.250782902607597, 10.042194914687716 ], [ 77.250784338115409, 10.042193099585514 ], [ 77.251947792053954, 10.041117702800312 ], [ 77.252180497933352, 10.040982141959734 ], [ 77.252309926301152, 10.04083102436819 ], [ 77.252919740445279, 10.040119026393349 ], [ 77.253138351757869, 10.039738015016283 ], [ 77.253376155576532, 10.039323578301486 ], [ 77.25391932011641, 10.038324740674916 ], [ 77.254284588585691, 10.037393637373039 ], [ 77.254804799373446, 10.036670588007208 ], [ 77.255397998278056, 10.035979177202558 ], [ 77.255840531743218, 10.035671951837545 ], [ 77.256150646348971, 10.035578459791768 ], [ 77.256634192398423, 10.035432699294388 ], [ 77.256984512003029, 10.035317092007308 ], [ 77.257496364865389, 10.035148201604509 ], [ 77.258176112854358, 10.034723528040495 ], [ 77.258176153278555, 10.034723503272422 ], [ 77.25886052220136, 10.034068336423976 ], [ 77.259435461051183, 10.033449212096267 ], [ 77.260120695949908, 10.032299077316592 ], [ 77.260138239149086, 10.032269632308102 ], [ 77.261493543587903, 10.030421262032654 ], [ 77.261780003755618, 10.029930332959104 ], [ 77.261899707860479, 10.029725212381049 ], [ 77.262283299266585, 10.028437001972607 ], [ 77.262433985367267, 10.027957880959958 ], [ 77.262417882167512, 10.027321450268548 ], [ 77.262389063314856, 10.02618129675046 ], [ 77.262238752709948, 10.025598124224411 ], [ 77.262334934429106, 10.024581033875805 ], [ 77.262330577599997, 10.023984341744802 ], [ 77.262258517442831, 10.023685928922104 ], [ 77.26203911381613, 10.022777215375624 ], [ 77.261838764354948, 10.021904679757494 ], [ 77.261658967449165, 10.021392543423067 ], [ 77.26159277418914, 10.02120393930395 ], [ 77.260886170166444, 10.020340186307246 ], [ 77.260288761756399, 10.019803658697834 ], [ 77.259728109712853, 10.019300080351643 ], [ 77.259537556379854, 10.019247405047022 ], [ 77.259367876300786, 10.019200463811821 ], [ 77.258482995321714, 10.019358375607446 ], [ 77.257894671574178, 10.01935363583971 ], [ 77.257438640023565, 10.019303722312637 ], [ 77.257437514434514, 10.019300011351634 ], [ 77.257437101209462, 10.01930005381316 ], [ 77.257334419280909, 10.018960471067524 ], [ 77.25673955220482, 10.016993163624022 ], [ 77.255863611259471, 10.014533294223023 ], [ 77.254763449920915, 10.014261760118796 ], [ 77.254119304861604, 10.013965891391482 ], [ 77.25351514291728, 10.013412256854465 ], [ 77.253210754173125, 10.012844336321686 ], [ 77.253193599046156, 10.012812329418445 ], [ 77.253450999612738, 10.01213798009551 ], [ 77.254654088119935, 10.010691790957052 ], [ 77.255207585082232, 10.009930385045879 ], [ 77.255563956636919, 10.009635551823802 ], [ 77.25597585844919, 10.009294775311533 ], [ 77.256199470682986, 10.009153286437597 ], [ 77.25665836785933, 10.008862919960523 ], [ 77.25712735311636, 10.008684850862727 ], [ 77.257828831352057, 10.008451699261176 ], [ 77.258675293183018, 10.007969470156155 ], [ 77.259157790898541, 10.007741688731457 ], [ 77.259870765773229, 10.007224563626314 ], [ 77.259871883277455, 10.007223753288574 ], [ 77.260009181785492, 10.007090710136536 ], [ 77.26063975330085, 10.006479682811705 ], [ 77.261296368772918, 10.005951443587541 ], [ 77.261621846366666, 10.005689598979133 ], [ 77.261889794951301, 10.005410900633427 ], [ 77.263152561237774, 10.004097460565976 ], [ 77.26368645785891, 10.003737425437183 ], [ 77.263880412213595, 10.003606629657652 ], [ 77.264032561669879, 10.003500644953716 ], [ 77.264376216673398, 10.003261260746321 ], [ 77.264572929754323, 10.003005099676853 ], [ 77.26463031682961, 10.002930370696291 ], [ 77.264718258302665, 10.002801678313839 ], [ 77.264952282010597, 10.002459202273347 ], [ 77.265379543217605, 10.002077875933685 ], [ 77.265516370110106, 10.002043633312137 ], [ 77.266131275905224, 10.001889738308039 ], [ 77.266156859924521, 10.001424203685376 ], [ 77.264308691211809, 10.00037140318849 ], [ 77.263880519113115, 10.000000541788649 ], [ 77.263480248687117, 9.999442624642285 ], [ 77.262623351127473, 9.998167523401371 ], [ 77.261675242227184, 9.996919511253473 ], [ 77.260804633681374, 9.995761934215963 ], [ 77.260777811783598, 9.994315352797166 ], [ 77.260910676207402, 9.992678966735021 ], [ 77.261093167160723, 9.991731163061671 ], [ 77.261093444740169, 9.991729720131682 ], [ 77.261385473564289, 9.991282294750075 ], [ 77.261768610422862, 9.991101613253694 ], [ 77.262863151900987, 9.990943791227265 ], [ 77.26406255641723, 9.99085381179459 ], [ 77.265517390596287, 9.990619261084463 ], [ 77.2665617728439, 9.990438806586063 ], [ 77.266826323101824, 9.990294242266584 ], [ 77.266930761236736, 9.990019968349236 ], [ 77.266931310107395, 9.99001852629638 ], [ 77.266776422586091, 9.989552856123922 ], [ 77.266393501323179, 9.989145874345658 ], [ 77.265417962365674, 9.988119368074431 ], [ 77.264401863574747, 9.987174685616814 ], [ 77.264401356924921, 9.987174213185556 ], [ 77.265035536074507, 9.986347179614979 ], [ 77.265943419314695, 9.985267091913872 ], [ 77.267101516599197, 9.98380827956948 ], [ 77.267102245132918, 9.983807363007957 ], [ 77.266956688412463, 9.983378504821761 ], [ 77.266956469223544, 9.983377860750648 ], [ 77.267339032058644, 9.982773365826191 ], [ 77.267339744422671, 9.982772242238497 ], [ 77.267103170397633, 9.982307317243437 ], [ 77.267102776935573, 9.982306543116923 ], [ 77.267577225746109, 9.98178232635547 ], [ 77.268142930813127, 9.981104441014418 ], [ 77.268370351005416, 9.98072599594119 ], [ 77.268371074149215, 9.980724793606306 ], [ 77.267961501668481, 9.979907548143121 ], [ 77.267960942916346, 9.97990643427749 ], [ 77.26891878416447, 9.979332654067274 ], [ 77.271258767020512, 9.977552355234835 ], [ 77.27266723824944, 9.976337687424794 ], [ 77.272668265922107, 9.976336799153655 ], [ 77.271847866014184, 9.975084335331418 ], [ 77.271638225278011, 9.974718100590508 ], [ 77.271556491163565, 9.973696429933577 ], [ 77.271269698619193, 9.972249760171769 ], [ 77.270873814666771, 9.970912849249519 ], [ 77.270873429289509, 9.970911546017277 ], [ 77.271863141865595, 9.970387494059572 ], [ 77.272177566588041, 9.970148239435506 ], [ 77.272177868422006, 9.970148010285522 ], [ 77.272324298304881, 9.968642716962789 ], [ 77.272680749809609, 9.966359959277666 ], [ 77.272877178124602, 9.965324819346227 ], [ 77.272854758870025, 9.964194675367807 ], [ 77.272444851317701, 9.96274344315434 ], [ 77.271838855013556, 9.961332830605153 ], [ 77.27104505242454, 9.962431057577783 ], [ 77.269713840801629, 9.961580745655032 ], [ 77.268537611023106, 9.960911302390427 ], [ 77.267507690753249, 9.960068878711656 ], [ 77.267506495993914, 9.960067901918556 ], [ 77.267504622108234, 9.960066370370654 ], [ 77.267420750901721, 9.959997766573808 ], [ 77.266541106202482, 9.958817598161342 ], [ 77.264631323841058, 9.956561171072449 ], [ 77.263555722442362, 9.955114212063265 ], [ 77.262999765892772, 9.954169218039734 ], [ 77.261800640752639, 9.953870428835105 ], [ 77.26101230531043, 9.952486853604338 ], [ 77.260711385859935, 9.952409893960082 ], [ 77.257665268800082, 9.952838216000735 ], [ 77.257610826402285, 9.952119428209055 ], [ 77.255239615412009, 9.952407843885155 ], [ 77.255239645056406, 9.952409586050672 ], [ 77.255252997614804, 9.95316730064965 ], [ 77.255252505338021, 9.953167361700523 ], [ 77.252963854912252, 9.953451210027621 ], [ 77.251628292748421, 9.95228438723438 ], [ 77.250210641635633, 9.951176290677047 ], [ 77.249999412678022, 9.951633404818988 ], [ 77.249594516826647, 9.952509591114499 ], [ 77.249593514306795, 9.952512335754326 ], [ 77.24957966408175, 9.952550256375098 ], [ 77.249572074215905, 9.952546830442122 ], [ 77.24884918014385, 9.952220510160465 ], [ 77.246785537933818, 9.951483349914859 ], [ 77.246542361291432, 9.951396482045391 ], [ 77.246747958710543, 9.950293094050444 ], [ 77.246993920130237, 9.949013284382447 ], [ 77.247197465797228, 9.948583242568334 ], [ 77.247978753956019, 9.947825665981959 ], [ 77.248112049571148, 9.947461422430424 ], [ 77.248159257835951, 9.947332423224314 ], [ 77.247897569610529, 9.946845407030249 ], [ 77.247467642203773, 9.946485420106807 ], [ 77.245795026755459, 9.945425199857628 ], [ 77.245085598429483, 9.944704750876779 ], [ 77.243943492953676, 9.943604306200351 ], [ 77.243754067904661, 9.943421788819361 ], [ 77.243774371626699, 9.943163632322737 ], [ 77.243806327396314, 9.942757322618588 ], [ 77.243353995108038, 9.942492378997287 ], [ 77.243092598835062, 9.942086606432362 ], [ 77.242626283371081, 9.941749359604479 ], [ 77.242271704853735, 9.940819822035946 ], [ 77.241909724218431, 9.940315033177527 ], [ 77.23977031989395, 9.938800029269709 ], [ 77.238067406067742, 9.936935389433893 ], [ 77.237228902411871, 9.937028842578179 ], [ 77.237115166713735, 9.936885517248548 ], [ 77.236967859176815, 9.936699885020426 ], [ 77.236955058184023, 9.936410206086084 ], [ 77.23693790934523, 9.936022138730364 ], [ 77.236481086378873, 9.935604611850277 ], [ 77.236228829565604, 9.935374055406925 ], [ 77.236416633155557, 9.934773397602831 ], [ 77.23647213556535, 9.934595877323103 ], [ 77.234890100840403, 9.932120784751785 ], [ 77.234510444055246, 9.931081075758616 ], [ 77.234328138154865, 9.930581820803583 ], [ 77.234904760447534, 9.929942595634859 ], [ 77.234807344443155, 9.929491069133938 ], [ 77.235125465733049, 9.929232265427183 ], [ 77.235672341213402, 9.929166976036601 ], [ 77.235826423844216, 9.927706836933735 ], [ 77.235711337978202, 9.926885327304486 ], [ 77.235639133192308, 9.926369907383078 ], [ 77.234886788751979, 9.926341033267537 ], [ 77.234389390680818, 9.924991617914889 ], [ 77.233026861092185, 9.925141241655826 ], [ 77.232523439817058, 9.924623368777469 ], [ 77.23173291428219, 9.924066136780164 ], [ 77.231700729442181, 9.924043448614809 ], [ 77.231450945690924, 9.923086348166054 ], [ 77.231299211256299, 9.922189406956294 ], [ 77.231217918214654, 9.921708863392132 ], [ 77.230585470118626, 9.921398236675429 ], [ 77.230560310104167, 9.921385879311718 ], [ 77.230366087153214, 9.920663579311453 ], [ 77.230943810780431, 9.920308964909545 ], [ 77.230984092136083, 9.92010551940449 ], [ 77.230986128616834, 9.919436684956599 ], [ 77.230853525602782, 9.917548697568902 ], [ 77.230846515150304, 9.917448864103889 ], [ 77.2305748753882, 9.916708731011301 ], [ 77.23015917010899, 9.915725570176038 ], [ 77.229981530058197, 9.915305439706867 ], [ 77.230227165389479, 9.913912747935974 ], [ 77.230323253683849, 9.913215860925744 ], [ 77.230338127988318, 9.913107977944602 ], [ 77.230062244584786, 9.912467291323546 ], [ 77.229801171705347, 9.912129282164539 ], [ 77.229139089984727, 9.911842473369841 ], [ 77.227961141729097, 9.911363229607094 ], [ 77.225591272821845, 9.91029175721712 ], [ 77.224980945739716, 9.90997481822243 ], [ 77.224390024962673, 9.90966795365258 ], [ 77.223735358834759, 9.908924744728635 ], [ 77.223271110394222, 9.908268464786138 ], [ 77.223263424408671, 9.908257599781582 ], [ 77.222921894819109, 9.907124577291027 ], [ 77.222730223981884, 9.90646870700523 ], [ 77.222580216109222, 9.905955400911747 ], [ 77.221329129718058, 9.905399516774713 ], [ 77.219822702597313, 9.904826517232355 ], [ 77.218873151002654, 9.904445867969748 ], [ 77.218305240571624, 9.904307275133261 ], [ 77.218252564261661, 9.904294420681232 ], [ 77.217992881974283, 9.903075255117727 ], [ 77.217826383727953, 9.902429671154573 ], [ 77.217884266673266, 9.902063421400033 ], [ 77.218308034332154, 9.900746829301294 ], [ 77.218455579922619, 9.899969021186985 ], [ 77.218403719282961, 9.899508324354464 ], [ 77.218346451683601, 9.898799022867912 ], [ 77.218089122982263, 9.896992356590161 ], [ 77.218086850244561, 9.896368734823442 ], [ 77.218293552591447, 9.895550044889948 ], [ 77.218553975988939, 9.89447811202348 ], [ 77.218677825818858, 9.893442780113913 ], [ 77.218759386558432, 9.892055148680605 ], [ 77.219154619232327, 9.890440394170637 ], [ 77.219483641578151, 9.889431547227865 ], [ 77.22014295289442, 9.887725482605212 ], [ 77.220485096033329, 9.886553861000239 ], [ 77.220637286812106, 9.885803136748054 ], [ 77.220740408915148, 9.884987865714995 ], [ 77.220743661714806, 9.884962154413255 ], [ 77.220746461763554, 9.884483202398656 ], [ 77.219401488848803, 9.884415703154547 ], [ 77.217523192438094, 9.884345659576395 ], [ 77.217083306308083, 9.883719048232571 ], [ 77.216665973281593, 9.88287032933955 ], [ 77.216559822059423, 9.882654449592263 ], [ 77.216424854679545, 9.881895766594639 ], [ 77.216506222281325, 9.88047649930904 ], [ 77.216605264236392, 9.879710428672979 ], [ 77.216634822402483, 9.87948180913318 ], [ 77.215268844181452, 9.877389955401684 ], [ 77.212550082194284, 9.877611089303183 ], [ 77.212247624827995, 9.8776356869658 ], [ 77.212450056584018, 9.87688481491778 ], [ 77.213169420277012, 9.875404502273224 ], [ 77.213889139702857, 9.874019178933933 ], [ 77.214694207165579, 9.872312618415505 ], [ 77.216121122603894, 9.869853690064925 ], [ 77.216945544269379, 9.868454299814532 ], [ 77.217390319031168, 9.868263585124787 ], [ 77.218784187246797, 9.867665904745039 ], [ 77.219611974899664, 9.864689412410415 ], [ 77.221329240210878, 9.863133288357961 ], [ 77.224059946198054, 9.862007202191723 ], [ 77.226138716935779, 9.860856390242773 ], [ 77.229640716425934, 9.861264010314319 ], [ 77.232686504702372, 9.861542205756431 ], [ 77.236307480662006, 9.859603934559003 ], [ 77.236270186204663, 9.855207419718109 ], [ 77.236267078932087, 9.854841111197819 ], [ 77.236133554246578, 9.85471967914321 ], [ 77.235905779219777, 9.8545125297724 ], [ 77.236049186271714, 9.853856767879195 ], [ 77.237012165883257, 9.851755731704342 ], [ 77.237184028868455, 9.851380753635748 ], [ 77.235536231176496, 9.850713360991117 ], [ 77.234303622232446, 9.850175618671983 ], [ 77.230841696587149, 9.849487665078174 ], [ 77.228137595105395, 9.849140472264134 ], [ 77.227082549855353, 9.847300481881994 ], [ 77.22632702897215, 9.846336210109122 ], [ 77.22528142142248, 9.845833799424236 ], [ 77.223274847385824, 9.845017812574129 ], [ 77.222935279716836, 9.844879723109289 ], [ 77.223342371949073, 9.844033146104724 ], [ 77.22488052307412, 9.840909540001601 ], [ 77.22559214778093, 9.841078657322702 ], [ 77.227527358753093, 9.838093697153074 ], [ 77.22703645280653, 9.836521895414952 ], [ 77.22688167398141, 9.836026309936438 ], [ 77.226509482196249, 9.835196163605721 ], [ 77.225671047710662, 9.83371315718291 ], [ 77.225436069093604, 9.833297528174521 ], [ 77.225599411558321, 9.833098065010077 ], [ 77.226375991646719, 9.832340613362963 ], [ 77.226551826982103, 9.83181578338357 ], [ 77.226552231223991, 9.830961145713712 ], [ 77.226552344411729, 9.830722157661524 ], [ 77.226148840050726, 9.830045774643914 ], [ 77.225253022083081, 9.829353017135695 ], [ 77.223975380593828, 9.828788100187959 ], [ 77.223783088122403, 9.828703074585404 ], [ 77.223952314552292, 9.82637064720271 ], [ 77.223868492753127, 9.824264041273603 ], [ 77.223851993396309, 9.823849375817691 ], [ 77.222796723567427, 9.823170849972479 ], [ 77.222403092589715, 9.822892911648569 ], [ 77.221777820236213, 9.822451408589 ], [ 77.222625076177863, 9.822330880756354 ], [ 77.223645564137257, 9.822236869246586 ], [ 77.224310081190609, 9.822004016934683 ], [ 77.224468473938131, 9.821691609044384 ], [ 77.225010316157949, 9.820297791148553 ], [ 77.22556760760402, 9.820657373637431 ], [ 77.226832586441006, 9.821366777780646 ], [ 77.227169820286875, 9.821361034042939 ], [ 77.228286136029212, 9.821289244836843 ], [ 77.231786888657737, 9.821466468657654 ], [ 77.232725834742126, 9.821485673748583 ], [ 77.233017048794324, 9.821371588570283 ], [ 77.232984041097509, 9.820285366259148 ], [ 77.232980799077652, 9.820178700905416 ], [ 77.232713747909983, 9.819504324221951 ], [ 77.232548359981337, 9.819086670711961 ], [ 77.232587879565642, 9.817423568185612 ], [ 77.234757944289072, 9.816407917608311 ], [ 77.235719595292295, 9.816418019975227 ], [ 77.240199729871122, 9.816460537898115 ], [ 77.241153658057854, 9.815634560280305 ], [ 77.241686947417847, 9.814417031870212 ], [ 77.242100886609194, 9.812973980165836 ], [ 77.243584844169746, 9.81250764007274 ], [ 77.244084431435226, 9.811831002962688 ], [ 77.244133525263834, 9.811764508581104 ], [ 77.24473508029719, 9.810537670683692 ], [ 77.245630098764224, 9.808546071615483 ], [ 77.246789712404933, 9.80799522016971 ], [ 77.246790146291218, 9.807995013921465 ], [ 77.246632232345718, 9.807504096687925 ], [ 77.246264556391523, 9.806361067865799 ], [ 77.246143547034549, 9.804296593004169 ], [ 77.246123406805864, 9.803952990911853 ], [ 77.245383688186834, 9.803108361077966 ], [ 77.245093720097969, 9.802777264739234 ], [ 77.245782893210901, 9.801830299909065 ], [ 77.246204674694667, 9.800066345043856 ], [ 77.246585202845651, 9.798268435590803 ], [ 77.246666026966722, 9.797886555973388 ], [ 77.245730128866057, 9.797429006961076 ], [ 77.241727534200692, 9.795794089105744 ], [ 77.240159408091273, 9.796920473352689 ], [ 77.240040559182546, 9.79680801028417 ], [ 77.239201909999622, 9.795929245077918 ], [ 77.239116461351472, 9.795839707937223 ], [ 77.238759352279928, 9.793888046857122 ], [ 77.238753713554914, 9.793857235774148 ], [ 77.238108595620119, 9.791916392038091 ], [ 77.237577568218029, 9.791267518884366 ], [ 77.236010022420288, 9.790057606077783 ], [ 77.235503528008579, 9.789874122795185 ], [ 77.234545186398861, 9.789488988248262 ], [ 77.233559989653727, 9.789257585079945 ], [ 77.232124928292379, 9.789353064810609 ], [ 77.231444650297391, 9.78901661588732 ], [ 77.230253118616361, 9.788424397605572 ], [ 77.229492515963599, 9.788544628818022 ], [ 77.228424986826042, 9.788223097998587 ], [ 77.227796566775766, 9.788324742824987 ], [ 77.226408286979506, 9.788768043219962 ], [ 77.225446562314417, 9.788708278213507 ], [ 77.223827225047273, 9.788266703953392 ], [ 77.223120035322992, 9.788047728687076 ], [ 77.223047953606297, 9.788007320186678 ], [ 77.222663455800088, 9.787791772396885 ], [ 77.223652134415275, 9.786532177722401 ], [ 77.223652300603561, 9.786531967034598 ], [ 77.223548824564304, 9.786204194183503 ], [ 77.223182049620334, 9.785042382298121 ], [ 77.223975782140769, 9.78276651193451 ], [ 77.224543919845587, 9.781096957017146 ], [ 77.224247815365004, 9.779868792930884 ], [ 77.224083056257058, 9.778427821842929 ], [ 77.224547063050764, 9.776952999814435 ], [ 77.224988555368498, 9.775559489695297 ], [ 77.226052998793037, 9.775040508248766 ], [ 77.226588999268557, 9.774582194759756 ], [ 77.227063892745207, 9.773608924078925 ], [ 77.227728425968195, 9.772133331731855 ], [ 77.228230887842599, 9.771223236586797 ], [ 77.229026077430419, 9.770610298371853 ], [ 77.230040383184033, 9.77010501344115 ], [ 77.231737502876669, 9.769393967276875 ], [ 77.232227868037441, 9.76878654104997 ], [ 77.232275210151215, 9.768727896769867 ], [ 77.232399727429382, 9.768573655261306 ], [ 77.232193734751604, 9.768303228054508 ], [ 77.23116955741132, 9.76736699121434 ], [ 77.230105431990381, 9.766683898611177 ], [ 77.22901954398337, 9.766317192980303 ], [ 77.228169182565736, 9.765538516068284 ], [ 77.22755645338853, 9.76436957612864 ], [ 77.227471689256632, 9.764207865960854 ], [ 77.227212531585366, 9.763062381057065 ], [ 77.227124359245295, 9.762672647274451 ], [ 77.226430714318866, 9.761655805806983 ], [ 77.226244834021969, 9.761383311979554 ], [ 77.226474317644445, 9.759335376885954 ], [ 77.226664023866149, 9.757370628976366 ], [ 77.226685134275343, 9.757151991040825 ], [ 77.226542991152996, 9.756903916900797 ], [ 77.225134174072693, 9.75585889830865 ], [ 77.224948418641603, 9.75572110814403 ], [ 77.224983201409387, 9.755250982596555 ], [ 77.225133427572658, 9.753971544008083 ], [ 77.225140733570896, 9.753030616232547 ], [ 77.225142761966808, 9.752769488335316 ], [ 77.224803848271335, 9.752278122118089 ], [ 77.224400920628767, 9.751737284405495 ], [ 77.223586678672063, 9.750948565558383 ], [ 77.223394396082142, 9.750799444579696 ], [ 77.222759733638981, 9.750458233389098 ], [ 77.222439696242589, 9.750174620278472 ], [ 77.222371303906741, 9.750002223364172 ], [ 77.222002814078891, 9.749073355146159 ], [ 77.221790985945006, 9.74846853904471 ], [ 77.221391676716379, 9.747674509241975 ], [ 77.221029550553965, 9.747088205882791 ], [ 77.22058342113273, 9.745950845432114 ], [ 77.22033982587547, 9.745391244811275 ], [ 77.220233814790475, 9.74503908158033 ], [ 77.220392574948931, 9.744839658359492 ], [ 77.220638006362663, 9.744658017360067 ], [ 77.220637089182759, 9.744423029208026 ], [ 77.220512647363066, 9.744025702952166 ], [ 77.220062266215606, 9.74296067384714 ], [ 77.219800663330119, 9.742446380945054 ], [ 77.219844918832607, 9.742084652706385 ], [ 77.220089551644023, 9.741686008903395 ], [ 77.220689826578152, 9.741349494095259 ], [ 77.22128884836242, 9.740960063398031 ], [ 77.221990090341194, 9.740504175850388 ], [ 77.222531230078459, 9.740194977822513 ], [ 77.222676260386152, 9.739986514769557 ], [ 77.22269503158229, 9.739855443294953 ], [ 77.222711877688837, 9.739737819613161 ], [ 77.222560990365508, 9.739598259135748 ], [ 77.222341212141359, 9.739305224440935 ], [ 77.22212995443769, 9.738867611318542 ], [ 77.22193668190431, 9.738339499436638 ], [ 77.221789260281327, 9.737883485243289 ], [ 77.221837596830156, 9.737395194137084 ], [ 77.22221308902563, 9.736643658146926 ], [ 77.222507026769762, 9.736027956824884 ], [ 77.222622868118904, 9.735277208401131 ], [ 77.222640262197757, 9.73505574755969 ], [ 77.222700581374127, 9.73410642790817 ], [ 77.222867530574746, 9.733644752104633 ], [ 77.223038623703758, 9.733065640873919 ], [ 77.223013250788568, 9.732342655067695 ], [ 77.223494127044972, 9.731753394142494 ], [ 77.223811871940782, 9.731404255181573 ], [ 77.223929302409658, 9.731128095030712 ], [ 77.223919217023976, 9.730856923829084 ], [ 77.223918360929503, 9.730617414893691 ], [ 77.223908363578701, 9.730373356641911 ], [ 77.223451369932405, 9.729999889178387 ], [ 77.222316180585963, 9.729845764335357 ], [ 77.221523191870602, 9.729830495723601 ], [ 77.220670367272461, 9.729639187794888 ], [ 77.220249638614206, 9.729224807173079 ], [ 77.219399137957694, 9.727121703689919 ], [ 77.21914677873653, 9.726652538359321 ], [ 77.218894952216274, 9.726318944400118 ], [ 77.218379189885795, 9.726081241091814 ], [ 77.218298985602303, 9.726103954347101 ], [ 77.216471832975657, 9.726621366010043 ], [ 77.216404587788418, 9.726625636304219 ], [ 77.215642763426885, 9.726674013783883 ], [ 77.215240556233169, 9.726345458673496 ], [ 77.214284073237749, 9.725200809741775 ], [ 77.213763848975248, 9.72497668600249 ], [ 77.213143117605497, 9.724694102223859 ], [ 77.21221254741279, 9.724426265560426 ], [ 77.21163334156536, 9.724265608261046 ], [ 77.211031622140283, 9.72419990741629 ], [ 77.209905791442452, 9.724122498799744 ], [ 77.209824190278695, 9.72413474134547 ], [ 77.208949409058391, 9.724265973934671 ], [ 77.208399161302466, 9.724588765315543 ], [ 77.207876042668104, 9.724839163762466 ], [ 77.207829861177672, 9.724828343205882 ], [ 77.207534054937767, 9.724759032667395 ], [ 77.207317001303863, 9.724476521308199 ], [ 77.20725826855228, 9.724104631251913 ], [ 77.207143779167623, 9.723942318082853 ], [ 77.206997460675822, 9.723802717361171 ], [ 77.206596402427351, 9.723772496561526 ], [ 77.20651417244288, 9.723781857111849 ], [ 77.206025302078743, 9.723837505100072 ], [ 77.205776527135527, 9.72386582226371 ], [ 77.204960943095827, 9.723891240594913 ], [ 77.204604971291445, 9.723734282280258 ], [ 77.204307953224202, 9.723509335011705 ], [ 77.204019178098022, 9.723026740001298 ], [ 77.203555714785068, 9.722106368437528 ], [ 77.20345930219888, 9.721907873605538 ], [ 77.203740880023005, 9.721653708177969 ], [ 77.204122734087363, 9.721381270228839 ], [ 77.205372935637925, 9.720572316938384 ], [ 77.205713410605355, 9.720214099608395 ], [ 77.205915200065917, 9.719295946254093 ], [ 77.206144288429684, 9.718373097632988 ], [ 77.206092524808071, 9.717925852008293 ], [ 77.206104973661283, 9.717573276435342 ], [ 77.205912964159182, 9.717384075892047 ], [ 77.205647780589018, 9.717136417573336 ], [ 77.205186699608177, 9.716898519142239 ], [ 77.204871528385709, 9.716682635834079 ], [ 77.20470702080604, 9.716561225871985 ], [ 77.204846549830904, 9.716068098387055 ], [ 77.205047500265024, 9.714910342634445 ], [ 77.20517364978204, 9.714516722244619 ], [ 77.205266669431396, 9.713766119424026 ], [ 77.205301662404992, 9.713350218318434 ], [ 77.205300793734096, 9.713092540055927 ], [ 77.20508546127229, 9.712763395184545 ], [ 77.204677742015974, 9.712159186286518 ], [ 77.204279575444389, 9.711649818628072 ], [ 77.203877690745827, 9.711393638110607 ], [ 77.203657861317723, 9.711087026098745 ], [ 77.203592384014982, 9.710617270709735 ], [ 77.20353869260876, 9.709609566138974 ], [ 77.203382463902756, 9.709234936805682 ], [ 77.203371531405736, 9.708733286702994 ], [ 77.203218733365816, 9.708033253208706 ], [ 77.203057951099623, 9.707658744304446 ], [ 77.202910312982681, 9.707148482575526 ], [ 77.202721217615377, 9.706511860311329 ], [ 77.202468615849057, 9.705943254092677 ], [ 77.202366181855524, 9.705337980079049 ], [ 77.202172973102549, 9.704796286305609 ], [ 77.201989101438585, 9.704345006977844 ], [ 77.201946430564291, 9.703893180712036 ], [ 77.202035972835162, 9.703431828021559 ], [ 77.20219925960437, 9.703214309433422 ], [ 77.202973307341978, 9.703071494685448 ], [ 77.203509631211006, 9.702699007064513 ], [ 77.204281830215734, 9.702022939411965 ], [ 77.204576485713787, 9.701583494175129 ], [ 77.204766201816952, 9.701117338174457 ], [ 77.20488551066309, 9.700081856983662 ], [ 77.205049967038775, 9.698915209811402 ], [ 77.205210560658742, 9.69795195114378 ], [ 77.205468340314368, 9.697390635606366 ], [ 77.205630521257447, 9.696879376244334 ], [ 77.205916721812045, 9.696652387608678 ], [ 77.206403311353654, 9.696365902397531 ], [ 77.206739265100254, 9.696043871887284 ], [ 77.206856594059516, 9.695708967904196 ], [ 77.206856523990922, 9.69570807976393 ], [ 77.206804059683364, 9.695044804790754 ], [ 77.206716162227764, 9.69465635975218 ], [ 77.206615147572393, 9.69443529883409 ], [ 77.206002174053438, 9.693754949116565 ], [ 77.205041597435297, 9.692700748030811 ], [ 77.203902150074398, 9.691317157207857 ], [ 77.203737197828673, 9.691055562278196 ], [ 77.203239118834546, 9.690627902804664 ], [ 77.202900570753428, 9.69023139461715 ], [ 77.202657352788549, 9.689744070022902 ], [ 77.202445645028916, 9.689157301188981 ], [ 77.202210650242165, 9.688407810434015 ], [ 77.202017452268976, 9.687893230022087 ], [ 77.201861040306625, 9.687459938244864 ], [ 77.201581703779155, 9.687076695631045 ], [ 77.201257229603556, 9.686784035569341 ], [ 77.201005798342052, 9.686558966082973 ], [ 77.200781755815257, 9.686329200593725 ], [ 77.200552786029135, 9.68600004538138 ], [ 77.200222407227216, 9.685332328088538 ], [ 77.199922389685227, 9.684248649232327 ], [ 77.199683967825663, 9.683824648003949 ], [ 77.199362673686224, 9.683152260595786 ], [ 77.19903227512134, 9.682466465087385 ], [ 77.198655612421007, 9.681599925410406 ], [ 77.198403589169772, 9.6811850488 ], [ 77.198014035645116, 9.680549068848428 ], [ 77.19742835384281, 9.679827938206316 ], [ 77.197075155137711, 9.679164788588926 ], [ 77.196841443145175, 9.678763352179667 ], [ 77.196648546107582, 9.678334627695314 ], [ 77.196230933705067, 9.677472863659331 ], [ 77.195652370153056, 9.676191206939354 ], [ 77.195138286773854, 9.675117292642964 ], [ 77.194703007204581, 9.674409201431436 ], [ 77.194569899337367, 9.674124979276469 ], [ 77.194546013133973, 9.67381321476816 ], [ 77.194522043387224, 9.673474245221586 ], [ 77.194533908335515, 9.67297253633348 ], [ 77.194618136173176, 9.672307851820056 ], [ 77.194588330072051, 9.671602862961576 ], [ 77.194500885367361, 9.671336515879354 ], [ 77.194330999574078, 9.670957445289082 ], [ 77.19411087100697, 9.670556006160753 ], [ 77.193520976105972, 9.669925274241475 ], [ 77.192839786320974, 9.669276773393596 ], [ 77.192022340971988, 9.668714644799232 ], [ 77.191552373856396, 9.668512831180719 ], [ 77.190315885986905, 9.667988256894857 ], [ 77.189617911180846, 9.667728511438238 ], [ 77.188668956067502, 9.667352136848947 ], [ 77.188326804843811, 9.667208706435302 ], [ 77.187820061598771, 9.666925683440313 ], [ 77.187026330874957, 9.666648191417776 ], [ 77.186815947232063, 9.666413895952202 ], [ 77.186467490733335, 9.665759736672157 ], [ 77.18634655863147, 9.665046013045988 ], [ 77.186290034837185, 9.664530998352408 ], [ 77.186397848840954, 9.664074138960506 ], [ 77.186692501644032, 9.663661826579389 ], [ 77.187082521394302, 9.663136197985628 ], [ 77.187458415136732, 9.662511144606045 ], [ 77.187688350611822, 9.661796274356261 ], [ 77.187509425970134, 9.661439850430412 ], [ 77.186975565281628, 9.661215654860476 ], [ 77.186958909617942, 9.661214745375229 ], [ 77.185886488255349, 9.661156146889109 ], [ 77.184719759957588, 9.661033586842805 ], [ 77.184463581099806, 9.660999746355097 ], [ 77.183985962134599, 9.660936654421601 ], [ 77.183237993388033, 9.660690585672455 ], [ 77.1824663773899, 9.660209662586709 ], [ 77.182005108661173, 9.659899313618027 ], [ 77.181566813447517, 9.659634191766495 ], [ 77.18114623301129, 9.659206263827036 ], [ 77.18099445096594, 9.658777353234077 ], [ 77.180711086392691, 9.65821304804825 ], [ 77.180585985209603, 9.657924536611883 ], [ 77.180187421582673, 9.657279541691185 ], [ 77.179985569240003, 9.656868934596099 ], [ 77.179737471626538, 9.656264201789243 ], [ 77.179584623280931, 9.655541543682171 ], [ 77.179604531744246, 9.654714300957275 ], [ 77.179532962965553, 9.653783513417281 ], [ 77.179334015774543, 9.652889325016426 ], [ 77.179354040120543, 9.65209371556519 ], [ 77.179438608419687, 9.651533062022741 ], [ 77.179418375664568, 9.650936465401072 ], [ 77.179352874107309, 9.650453136371837 ], [ 77.179242145968743, 9.650033184030711 ], [ 77.179166612924703, 9.649278582028815 ], [ 77.179096565892138, 9.6487680757573 ], [ 77.179181107241845, 9.648189254612548 ], [ 77.179327898247479, 9.647162812738916 ], [ 77.179420905320384, 9.646398646767326 ], [ 77.179419337760223, 9.645942210898314 ], [ 77.179390636586902, 9.64555807433066 ], [ 77.179380605998432, 9.645286980106777 ], [ 77.179269823062654, 9.644857988913397 ], [ 77.178862339164951, 9.644225555401537 ], [ 77.178848453905601, 9.64420400385251 ], [ 77.178768444556496, 9.644079943597912 ], [ 77.178482014931546, 9.643635807636336 ], [ 77.178298421745353, 9.643229601397591 ], [ 77.178297534209847, 9.643228481971386 ], [ 77.178069587604796, 9.642941181634695 ], [ 77.177895689037157, 9.642711255283677 ], [ 77.177699132263115, 9.642513017286403 ], [ 77.177425519800607, 9.642414509324754 ], [ 77.177097193649104, 9.64233424342574 ], [ 77.176982470702484, 9.642099603364699 ], [ 77.176981954171197, 9.642095834144699 ], [ 77.176914014586245, 9.641600726008743 ], [ 77.17691243085639, 9.641589185412187 ], [ 77.176580256322225, 9.640383550903392 ], [ 77.176213217273556, 9.639620935364858 ], [ 77.175965645174486, 9.639165236910349 ], [ 77.175640622128313, 9.638718885705911 ], [ 77.175371008965442, 9.638462174003426 ], [ 77.174731385126947, 9.637944594608868 ], [ 77.174256309292318, 9.637548447665868 ], [ 77.174046047820269, 9.637305274700427 ], [ 77.17401282093455, 9.636961753420815 ], [ 77.174014534920119, 9.636953738392446 ], [ 77.174022810200512, 9.636915064328081 ], [ 77.174097983918415, 9.63656369942766 ], [ 77.17407421898757, 9.636251927600945 ], [ 77.174132277104405, 9.635930781859994 ], [ 77.174131583604989, 9.635722898782456 ], [ 77.174248847885565, 9.635388003822435 ], [ 77.174256820433698, 9.635039968237344 ], [ 77.174246180787478, 9.634601663857483 ], [ 77.174203605134579, 9.634154341262512 ], [ 77.174097359589297, 9.633720796970797 ], [ 77.174104469754766, 9.633124115698259 ], [ 77.17415364443174, 9.632866387442789 ], [ 77.174157305066515, 9.632861438434858 ], [ 77.174307876182866, 9.63265788960824 ], [ 77.174312861832703, 9.632649276664051 ], [ 77.174507145869072, 9.632313709102501 ], [ 77.174749434077626, 9.631931834912461 ], [ 77.175127886222015, 9.631335346207294 ], [ 77.175268894772145, 9.631090758804543 ], [ 77.17570746397196, 9.630330035283565 ], [ 77.176078952376244, 9.629727711694313 ], [ 77.176131219054398, 9.629655889294789 ], [ 77.176260335706814, 9.629478459251457 ], [ 77.176259810192377, 9.629477240585876 ], [ 77.176131735585699, 9.629180636208529 ], [ 77.175811170878248, 9.628689062393621 ], [ 77.175582160667929, 9.628328238927139 ], [ 77.175407915350576, 9.627985330247178 ], [ 77.175265265578389, 9.627570003210487 ], [ 77.175132417324306, 9.627362500248582 ], [ 77.174816632552464, 9.626934254139677 ], [ 77.174601316260336, 9.626577864212519 ], [ 77.1744278183413, 9.626465433358746 ], [ 77.174104342194013, 9.626457528789439 ], [ 77.173348041573163, 9.626419359238065 ], [ 77.173024153997474, 9.626275877750667 ], [ 77.172518212049653, 9.626191659711392 ], [ 77.171716398284929, 9.626171761436277 ], [ 77.171369650381905, 9.62602833032674 ], [ 77.171168496030219, 9.625821075290423 ], [ 77.170784515653608, 9.625438175239735 ], [ 77.170346251880972, 9.625154949781294 ], [ 77.169852594394698, 9.624654873868344 ], [ 77.169391090307357, 9.624240642741436 ], [ 77.169107776039823, 9.623974971195134 ], [ 77.169056131894123, 9.623532131975191 ], [ 77.168981965187626, 9.623170872562724 ], [ 77.168972308298322, 9.622999109205235 ], [ 77.16881189344312, 9.622723988293275 ], [ 77.168436862981679, 9.622286795396034 ], [ 77.168244825631803, 9.622066012883169 ], [ 77.168325692872003, 9.621735776333987 ], [ 77.168497530704386, 9.621360047428579 ], [ 77.168704418104213, 9.620581968324498 ], [ 77.168884585115904, 9.619998298439173 ], [ 77.168874402712134, 9.61967288064689 ], [ 77.168741265200524, 9.619361523670904 ], [ 77.168430051056859, 9.618933148740412 ], [ 77.168388037749338, 9.6186576445594 ], [ 77.168358592770971, 9.618024944974103 ], [ 77.16827490841402, 9.617541632583697 ], [ 77.168139708370504, 9.616606440707072 ], [ 77.167969137162672, 9.616037536438157 ], [ 77.167899259911692, 9.615576732906284 ], [ 77.167802279590234, 9.615179372013255 ], [ 77.167778929681063, 9.615016732578724 ], [ 77.167614470610403, 9.614863565589266 ], [ 77.167158253108525, 9.614661702915912 ], [ 77.166067918440859, 9.614181808942385 ], [ 77.165729936298362, 9.613925331902596 ], [ 77.165862977690253, 9.612862728952683 ], [ 77.166339840273992, 9.612445318761614 ], [ 77.167202819428098, 9.611705700358813 ], [ 77.167360784577568, 9.61162483019721 ], [ 77.167789443563152, 9.611405372823851 ], [ 77.168098740701978, 9.611291354167934 ], [ 77.168102397743496, 9.611285263169314 ], [ 77.168329808952606, 9.610906396107509 ], [ 77.168702339402628, 9.610624945833553 ], [ 77.168709217802771, 9.610626329308685 ], [ 77.168989505646124, 9.61068270812985 ], [ 77.169003342396451, 9.610668015130097 ], [ 77.169348105022735, 9.610301920177669 ], [ 77.169747517557624, 9.609880202279419 ], [ 77.169764848754383, 9.609877349409233 ], [ 77.170111713438388, 9.609820250371968 ], [ 77.170125611274159, 9.609809341086368 ], [ 77.170302564113769, 9.609670457356428 ], [ 77.170315022848456, 9.609670577812977 ], [ 77.1706487640445, 9.609673797368842 ], [ 77.171259521419643, 9.60980282757756 ], [ 77.17154727426302, 9.610009722206589 ], [ 77.171972101035635, 9.610374381742224 ], [ 77.17237389141107, 9.610639761062814 ], [ 77.172607078787451, 9.610887580152214 ], [ 77.173122432384488, 9.611080115933071 ], [ 77.17347815625385, 9.611205503582534 ], [ 77.174093063845618, 9.611185367056153 ], [ 77.174743304872464, 9.611006650128489 ], [ 77.174825759435734, 9.610983988440832 ], [ 77.174827046721546, 9.61097585942581 ], [ 77.174906039177742, 9.610477502071577 ], [ 77.175274036728837, 9.610200594240462 ], [ 77.175278701680099, 9.610200750125173 ], [ 77.175643063749249, 9.610212913561471 ], [ 77.176002981852648, 9.610225291338846 ], [ 77.176436118041607, 9.61035037019286 ], [ 77.176755657771338, 9.610557147573694 ], [ 77.177015252023836, 9.610547287875503 ], [ 77.177661281748613, 9.610310024409044 ], [ 77.177711124772131, 9.610276008778595 ], [ 77.178033975692003, 9.610055680764194 ], [ 77.178036882640242, 9.610055098853396 ], [ 77.179021789229552, 9.609858017913748 ], [ 77.18008206716614, 9.609556133431559 ], [ 77.181861986375139, 9.609206590333725 ], [ 77.181865707197062, 9.609195774913776 ], [ 77.181947640737491, 9.608957669073414 ], [ 77.182201867556159, 9.608721785318231 ], [ 77.182211885568222, 9.608717263755883 ], [ 77.182756820687544, 9.608471349131865 ], [ 77.18277054065689, 9.608463148313696 ], [ 77.18436553807139, 9.607509688255364 ], [ 77.185243275647295, 9.6069849828018 ], [ 77.186084405977041, 9.606512012229155 ], [ 77.187162966426314, 9.606223640835244 ], [ 77.18791873704113, 9.606130643866976 ], [ 77.188679377423142, 9.606100974041397 ], [ 77.188853148429999, 9.606285616361694 ], [ 77.189087320359974, 9.606827257817439 ], [ 77.189471876556667, 9.607386385097739 ], [ 77.189865904589738, 9.608058432952046 ], [ 77.190388318046615, 9.608938003612016 ], [ 77.190822015682627, 9.609221233797129 ], [ 77.191438004845963, 9.609526537420178 ], [ 77.191889693042185, 9.609746381295849 ], [ 77.19253714480007, 9.609902437129056 ], [ 77.19281494520844, 9.609906008309363 ], [ 77.193456322558347, 9.609628071701119 ], [ 77.193733450128562, 9.60942828023823 ], [ 77.193897584009051, 9.609459325280669 ], [ 77.194199167314579, 9.60974754688997 ], [ 77.194660365076359, 9.610057802037264 ], [ 77.194861402647049, 9.610246966398021 ], [ 77.195271891409419, 9.610376682812024 ], [ 77.19618353859066, 9.610558801189962 ], [ 77.196657746652718, 9.610697329386685 ], [ 77.197059156142487, 9.610845088364544 ], [ 77.197260193713177, 9.611034249628052 ], [ 77.197357065338494, 9.611381886571071 ], [ 77.197656617553136, 9.612370686782715 ], [ 77.198145590325225, 9.614131702334294 ], [ 77.198201055904107, 9.61435749156362 ], [ 77.1985975471177, 9.614405855085346 ], [ 77.199563201013831, 9.61438895331732 ], [ 77.201617712747307, 9.614422506200091 ], [ 77.202310172795862, 9.614424691215993 ], [ 77.202847852222675, 9.614490587994213 ], [ 77.203622020334521, 9.61442464161696 ], [ 77.204300103745268, 9.614232496560973 ], [ 77.20547832688537, 9.613794569952754 ], [ 77.206433787597973, 9.613456760560318 ], [ 77.20748931434504, 9.613087037251145 ], [ 77.207762651923048, 9.613090622569043 ], [ 77.208328422567092, 9.613359786128095 ], [ 77.208679712352208, 9.613530355145063 ], [ 77.208957289978358, 9.613443529086252 ], [ 77.209347768767756, 9.613085101108597 ], [ 77.210015279905917, 9.612486196598134 ], [ 77.210242052412895, 9.612205189604319 ], [ 77.210469665742963, 9.610861985881071 ], [ 77.21030783065126, 9.610189118999317 ], [ 77.210136951321289, 9.609511790341898 ], [ 77.209832441304584, 9.608429167040413 ], [ 77.209735619984926, 9.608084935292249 ], [ 77.209735489729212, 9.608082690006809 ], [ 77.209687087603399, 9.607244494252148 ], [ 77.209695104169015, 9.605644466893319 ], [ 77.209843003695696, 9.604970523229509 ], [ 77.211102868423779, 9.604432821159481 ], [ 77.21163836674107, 9.603856996624106 ], [ 77.212209262273802, 9.602996236243666 ], [ 77.21304864538034, 9.602053226574498 ], [ 77.214169770702668, 9.600923939388757 ], [ 77.214437772287909, 9.600710545009733 ], [ 77.216128590298837, 9.600962282763589 ], [ 77.216580333292271, 9.601191223355892 ], [ 77.216858985303517, 9.601425247892736 ], [ 77.21713755287314, 9.601618601270719 ], [ 77.217597003411711, 9.601436245135901 ], [ 77.21846904117713, 9.600728103789239 ], [ 77.21895454196067, 9.600211160149637 ], [ 77.21928127719579, 9.599857564020873 ], [ 77.219740604665176, 9.599657039603128 ], [ 77.220295527253867, 9.599438187401747 ], [ 77.220963051866761, 9.59884830922247 ], [ 77.221376155624881, 9.598444536310696 ], [ 77.221911708739384, 9.597909373042286 ], [ 77.22218428274941, 9.597714113203429 ], [ 77.222213886729634, 9.597058643645502 ], [ 77.222139711039958, 9.596688277979432 ], [ 77.222024634157123, 9.596372314358169 ], [ 77.221936484274948, 9.595898007432424 ], [ 77.22186141386328, 9.595292649079747 ], [ 77.221982144742512, 9.59465946294789 ], [ 77.222147660231911, 9.593813679401036 ], [ 77.222327668241817, 9.593207498004176 ], [ 77.222494708172263, 9.59277746727599 ], [ 77.222911926214394, 9.592251741642233 ], [ 77.223420525378828, 9.591816083375194 ], [ 77.224052408434517, 9.591461339402933 ], [ 77.224861753674574, 9.59107436230426 ], [ 77.225188532927149, 9.590729709900323 ], [ 77.225532974854858, 9.590244851868901 ], [ 77.225786318629602, 9.589769436253523 ], [ 77.226974769089239, 9.588377671811335 ], [ 77.228131882718515, 9.587153314674707 ], [ 77.228698995445583, 9.586532171337565 ], [ 77.229167146167669, 9.586250238442236 ], [ 77.23024909326557, 9.585663469408704 ], [ 77.231357952092694, 9.584945379751868 ], [ 77.232688754982178, 9.583896684729938 ], [ 77.233192656855948, 9.583442970651028 ], [ 77.233460051180032, 9.583071402283714 ], [ 77.233672344641263, 9.582573470696621 ], [ 77.233936549047783, 9.582563454286776 ], [ 77.234022221376449, 9.582323658264889 ], [ 77.234166068602889, 9.581803393224385 ], [ 77.234301795957478, 9.581545290178026 ], [ 77.234839016345163, 9.581466537813704 ], [ 77.235553201250525, 9.581210940395216 ], [ 77.236267673616823, 9.581041203690555 ], [ 77.236722991006786, 9.58099885874398 ], [ 77.237128630663221, 9.581060683870051 ], [ 77.237797154202724, 9.581432133086357 ], [ 77.237799486229179, 9.581433428988069 ], [ 77.238676576119786, 9.582135458877678 ], [ 77.241686356326383, 9.584411714282279 ], [ 77.242111172319184, 9.584758201345801 ], [ 77.242485789555602, 9.58505964200423 ], [ 77.242773314226909, 9.585216853627344 ], [ 77.242786982093946, 9.585217553388762 ], [ 77.243433938880102, 9.585250628185754 ], [ 77.244007143981449, 9.585076818054118 ], [ 77.245745443345029, 9.584614189337048 ], [ 77.248680484618319, 9.58383079705888 ], [ 77.249033313217524, 9.583699442422889 ], [ 77.24923602524791, 9.583610357956687 ], [ 77.250000004667783, 9.583274616877928 ], [ 77.253067079423232, 9.582966368301808 ], [ 77.25360470315448, 9.58259140510069 ], [ 77.255108491024913, 9.58076559162785 ], [ 77.256192862675732, 9.579730719703296 ], [ 77.25730008117921, 9.578736639723935 ], [ 77.257801257564424, 9.578167228088281 ], [ 77.258334785876258, 9.576485736742399 ], [ 77.259154553370252, 9.576806945082238 ], [ 77.260124618892732, 9.576983646255869 ], [ 77.261445519652838, 9.576825907314129 ], [ 77.262407019739072, 9.575655347365332 ], [ 77.263696589957007, 9.573861099409639 ], [ 77.26385152419067, 9.573743586031201 ], [ 77.265983081731122, 9.573690082587492 ], [ 77.267914487439754, 9.573211548779573 ], [ 77.269426758999757, 9.572805250924569 ], [ 77.269713722224012, 9.572769118882999 ], [ 77.270123419570567, 9.57338861943267 ], [ 77.271621010862205, 9.575938749742063 ], [ 77.272012531697328, 9.576454244896032 ], [ 77.272354140338606, 9.576472433847018 ], [ 77.276927290075207, 9.575746060245329 ], [ 77.278224995436361, 9.577043800617483 ], [ 77.280210186874314, 9.57926404007002 ], [ 77.280478837043177, 9.579580590962308 ], [ 77.281671965928808, 9.580118906439431 ], [ 77.285055678855613, 9.581842301233598 ], [ 77.285497384074048, 9.582095524280652 ], [ 77.289609795986252, 9.58428014639904 ], [ 77.29033841232669, 9.584773139057292 ], [ 77.290483810943627, 9.585948554368578 ], [ 77.290337620012622, 9.587571376069068 ], [ 77.290068645551926, 9.588687891612311 ], [ 77.290410186819585, 9.588778453086366 ], [ 77.294008527030684, 9.588924010757433 ], [ 77.294559576083813, 9.58924066424429 ], [ 77.295775417074807, 9.590520235676834 ], [ 77.296649587440726, 9.591691352865338 ], [ 77.297578661938473, 9.592306362640278 ], [ 77.299099727106793, 9.593337429096268 ], [ 77.299523305221143, 9.593654013801581 ], [ 77.299846454381651, 9.594418097957321 ], [ 77.299987506949265, 9.595267985436513 ], [ 77.300415555978759, 9.595733752876706 ], [ 77.30200945116043, 9.597176171092256 ], [ 77.303175215565886, 9.598234337891013 ], [ 77.303808262838189, 9.598740761972678 ], [ 77.307834705079372, 9.59934739139808 ], [ 77.310617615761004, 9.600324512922045 ], [ 77.311232560183683, 9.600496370164597 ], [ 77.31216626280181, 9.600550865831066 ], [ 77.313350651978027, 9.600523968749586 ], [ 77.314530397762582, 9.600497099123686 ], [ 77.315368454057435, 9.600709753164018 ], [ 77.316980759312528, 9.601794967996991 ], [ 77.317818741945516, 9.602504873256226 ], [ 77.318060165974771, 9.602265380972145 ], [ 77.318716221796436, 9.60160095839292 ], [ 77.319622897700896, 9.600574879846885 ], [ 77.321641074377766, 9.598744397043903 ], [ 77.322406360846415, 9.598287918066392 ], [ 77.32444713284761, 9.597718758030691 ], [ 77.325002828885729, 9.597682670272048 ], [ 77.326000354109837, 9.598112306822159 ], [ 77.328149903108823, 9.600151395191553 ], [ 77.328468764610477, 9.600092763963824 ], [ 77.329434623322499, 9.599310829057792 ], [ 77.329898551962799, 9.598994933426725 ], [ 77.329899251750405, 9.598994455128221 ], [ 77.329899276004895, 9.598691512245585 ], [ 77.329521319730574, 9.598085731070796 ], [ 77.327453328776258, 9.596824173220424 ], [ 77.327253139215188, 9.596702046869112 ], [ 77.327048213735964, 9.596555958433735 ], [ 77.326219279832799, 9.595965014113228 ], [ 77.325786714972352, 9.595255206754468 ], [ 77.325468013370781, 9.594563432655665 ], [ 77.325003475672744, 9.594011909638635 ], [ 77.324534464364604, 9.593338225387992 ], [ 77.324429747751921, 9.59285902485453 ], [ 77.324552752267138, 9.592078006844629 ], [ 77.324552913963899, 9.592076977596129 ], [ 77.324839940070206, 9.591462203016619 ], [ 77.325719272155766, 9.590079041834633 ], [ 77.326092397290495, 9.589171619863905 ], [ 77.326092893160535, 9.589170412568095 ], [ 77.326184080246691, 9.588627989986122 ], [ 77.325915544163863, 9.587760003809819 ], [ 77.325487495134368, 9.587136022694237 ], [ 77.323929984416637, 9.585449551674673 ], [ 77.323825546281725, 9.585156497871875 ], [ 77.323825266905658, 9.585155713961797 ], [ 77.324075859140706, 9.584766949260914 ], [ 77.325310400360948, 9.583930901422637 ], [ 77.325615026260294, 9.583452728387581 ], [ 77.325615646097859, 9.583451753145397 ], [ 77.325647556951694, 9.582936389082848 ], [ 77.325310621346503, 9.582226568628064 ], [ 77.324882622622638, 9.581620750067522 ], [ 77.325059997670422, 9.580844790590648 ], [ 77.325060356996559, 9.580843217435861 ], [ 77.325361162360991, 9.58003404092497 ], [ 77.326454465062398, 9.579829901399464 ], [ 77.327078354010382, 9.579713429116163 ], [ 77.330093639991347, 9.579203063203186 ], [ 77.331614989925612, 9.579022474566038 ], [ 77.332507729366739, 9.578810139983021 ], [ 77.333222903317278, 9.578331031424153 ], [ 77.333974585699252, 9.577318544079723 ], [ 77.334307078237032, 9.576898133326907 ], [ 77.334594063919198, 9.576667638592955 ], [ 77.33514977972024, 9.57661346771935 ], [ 77.33597416814807, 9.576753692801347 ], [ 77.336470674192114, 9.576523231629626 ], [ 77.337349814936474, 9.575922087878544 ], [ 77.337951138204517, 9.575320918261015 ], [ 77.339490822753731, 9.573313943422807 ], [ 77.339937140821178, 9.573707322990485 ], [ 77.341084680206151, 9.575230915679068 ], [ 77.341904398292797, 9.576456123671031 ], [ 77.34212301679193, 9.577039290147983 ], [ 77.341958820029348, 9.578603453957745 ], [ 77.341940406362653, 9.579941507125193 ], [ 77.342227262687388, 9.581008448251657 ], [ 77.342910275154111, 9.582305970093929 ], [ 77.343634340629279, 9.583522054723653 ], [ 77.344494995841757, 9.585493207896057 ], [ 77.344923068227473, 9.586487789803764 ], [ 77.345478552263188, 9.587961585784871 ], [ 77.346029579756788, 9.588879325719418 ], [ 77.347277511264622, 9.589892116931967 ], [ 77.347937889779445, 9.590687827643769 ], [ 77.34851163925984, 9.592695067325392 ], [ 77.348939616424133, 9.594213998974968 ], [ 77.349385965034301, 9.595068453883654 ], [ 77.350601953348985, 9.596845205201875 ], [ 77.352532953019093, 9.600281081815703 ], [ 77.354586911390342, 9.604069557325106 ], [ 77.357611501222763, 9.603256090870495 ], [ 77.35910558638983, 9.602758872711702 ], [ 77.360535911832969, 9.602352187755255 ], [ 77.361128101929509, 9.602261747710198 ], [ 77.361269279362958, 9.60212160669049 ], [ 77.361715798652995, 9.600946305915087 ], [ 77.362198619762026, 9.600539485922111 ], [ 77.362772591126287, 9.600200456930663 ], [ 77.364089028157721, 9.599866024567984 ], [ 77.365805623325727, 9.599744073803086 ], [ 77.365806245858224, 9.59974403040205 ], [ 77.365842792917235, 9.59761030696597 ], [ 77.366143556959202, 9.595955751868647 ], [ 77.365715329164956, 9.595580552362406 ], [ 77.364608525683138, 9.595295662393116 ], [ 77.363123591653888, 9.595385966121178 ], [ 77.362390228615482, 9.595562231573805 ], [ 77.361834513712751, 9.59597361470539 ], [ 77.361515659397597, 9.596308098740277 ], [ 77.36151521473154, 9.596309995120269 ], [ 77.361228653054212, 9.597533190754229 ], [ 77.361228114065028, 9.59753459288344 ], [ 77.361119249930709, 9.597817985839647 ], [ 77.360850570117435, 9.597835995611209 ], [ 77.36006706222156, 9.597465289784182 ], [ 77.358582234193506, 9.596099994669187 ], [ 77.357475507966839, 9.594431709275796 ], [ 77.357225075631916, 9.593545659754657 ], [ 77.35699291233496, 9.591787094328707 ], [ 77.356437395959887, 9.589761861216434 ], [ 77.355972929228756, 9.588156975248291 ], [ 77.355294368812594, 9.587090009652826 ], [ 77.354971027412603, 9.586683170372648 ], [ 77.355006784852478, 9.586558724078824 ], [ 77.355007402893406, 9.586556577857063 ], [ 77.356565243292806, 9.585688775935752 ], [ 77.35761748220591, 9.584866071909955 ], [ 77.358296197132304, 9.583925799345399 ], [ 77.358883542614549, 9.582416945215064 ], [ 77.358883922601876, 9.582415969969942 ], [ 77.359690068941234, 9.579464912260377 ], [ 77.359690322266161, 9.579463983067752 ], [ 77.359978048160087, 9.578569095001367 ], [ 77.359994852944084, 9.578516827111081 ], [ 77.359995540155253, 9.578514685267443 ], [ 77.359890817254396, 9.577380015558241 ], [ 77.359745175194021, 9.577004776019161 ], [ 77.359066532132843, 9.576227197384275 ], [ 77.358547323864926, 9.575657569834721 ], [ 77.358278682679199, 9.574902594639527 ], [ 77.358155779673623, 9.574048209416375 ], [ 77.358137519618836, 9.573907980560001 ], [ 77.355846527285138, 9.573993769726627 ], [ 77.354402709146399, 9.57390768470165 ], [ 77.353724139747086, 9.57358666583945 ], [ 77.35297265679111, 9.57285881917152 ], [ 77.352335115247428, 9.57156589313008 ], [ 77.351706741909567, 9.569897661630259 ], [ 77.351155787179536, 9.56868159642142 ], [ 77.350349680366037, 9.567329794371535 ], [ 77.350263215723317, 9.567081166586869 ], [ 77.350263199553623, 9.567081123181623 ], [ 77.350440878232007, 9.566516066203315 ], [ 77.352212938080598, 9.563388003659574 ], [ 77.352439992658574, 9.562797570304898 ], [ 77.352440685259623, 9.562795766750133 ], [ 77.352317837949599, 9.561746976775108 ], [ 77.352349747905123, 9.5608435477569 ], [ 77.352349773057938, 9.560842824027661 ], [ 77.352905532876463, 9.559581664603414 ], [ 77.353934905173986, 9.559057291640531 ], [ 77.356029990215589, 9.558130749997021 ], [ 77.357063877445768, 9.557972630251655 ], [ 77.359659925971869, 9.558027037958967 ], [ 77.361263069309373, 9.557936705693226 ], [ 77.361531852428911, 9.557778530935307 ], [ 77.363285443813595, 9.555649393811636 ], [ 77.364132609923729, 9.554415347083417 ], [ 77.365084541155582, 9.552729163692787 ], [ 77.365671763568614, 9.551450761905029 ], [ 77.365672166912177, 9.551449886673426 ], [ 77.365799682766763, 9.550916440572623 ], [ 77.365371615770925, 9.549709415106429 ], [ 77.365048384863712, 9.548692186415321 ], [ 77.364615838867877, 9.546703084658702 ], [ 77.364529436208912, 9.544090120231882 ], [ 77.364597553660261, 9.543657265175195 ], [ 77.36459773332335, 9.543656127702434 ], [ 77.365275930820118, 9.542111196132536 ], [ 77.365276380876068, 9.542110172048062 ], [ 77.365367500588619, 9.541526996192633 ], [ 77.365135409156863, 9.539623741690455 ], [ 77.365135416343364, 9.538660888377864 ], [ 77.365477100443158, 9.535781211019779 ], [ 77.365563566882514, 9.535090843205444 ], [ 77.365563732172532, 9.535089525865519 ], [ 77.365618381182827, 9.534999140564844 ], [ 77.36860587957716, 9.534877254231164 ], [ 77.368742480094184, 9.53477781580837 ], [ 77.369261753040831, 9.53372901132003 ], [ 77.369671601304361, 9.533249857898904 ], [ 77.3719988765924, 9.53122462970059 ], [ 77.372959313073338, 9.529887249667096 ], [ 77.372959779299009, 9.529886600289226 ], [ 77.373137493909965, 9.528358605417109 ], [ 77.373337675386182, 9.526850498942537 ], [ 77.373337913439741, 9.526848709372313 ], [ 77.373747796737575, 9.52650963437128 ], [ 77.375141305627139, 9.526315325776737 ], [ 77.37542365330745, 9.52616157306956 ], [ 77.376498410289756, 9.525058549738132 ], [ 77.376926527591237, 9.524828068638888 ], [ 77.380132489076118, 9.525361542264848 ], [ 77.380524209337239, 9.525094794038957 ], [ 77.38388046885062, 9.520745935972627 ], [ 77.38487327612286, 9.519516301625423 ], [ 77.385178373637757, 9.519231526043496 ], [ 77.385893367026881, 9.519122977311664 ], [ 77.386968053042324, 9.519407802597009 ], [ 77.389286013699163, 9.520027076815152 ], [ 77.391900016852858, 9.521179854874765 ], [ 77.395953127379912, 9.523304445364934 ], [ 77.397305682973965, 9.524059341815001 ], [ 77.397952346909335, 9.524701241376958 ], [ 77.400006394213804, 9.527060928415649 ], [ 77.400507319070769, 9.527363841204041 ], [ 77.40180966063707, 9.526260726076552 ], [ 77.402468994411194, 9.525055518969866 ], [ 77.402469253125986, 9.525055866254633 ], [ 77.402835758575407, 9.525527672650563 ], [ 77.403097750431385, 9.525864934245432 ], [ 77.403484867724956, 9.526380270438803 ], [ 77.406704785436119, 9.529020133318278 ], [ 77.41060808841479, 9.531653547593251 ], [ 77.410885618430271, 9.531840782678062 ], [ 77.411390406042912, 9.532664926076603 ], [ 77.411544769846387, 9.532916946332655 ], [ 77.412707477284926, 9.534815234673205 ], [ 77.414133056928435, 9.53660979211935 ], [ 77.416387465372196, 9.537039099238243 ], [ 77.417095032388886, 9.53717243681661 ], [ 77.417753741833891, 9.53729656542564 ], [ 77.418637657124009, 9.538012983002986 ], [ 77.419616530627877, 9.538806356765773 ], [ 77.422494849579166, 9.53958809868235 ], [ 77.422850150342057, 9.540062746413179 ], [ 77.424048226249951, 9.542888029759075 ], [ 77.424827126686722, 9.543995478885774 ], [ 77.42647142903391, 9.545505176772332 ], [ 77.427869732232139, 9.546517605566299 ], [ 77.42965504043454, 9.546630388921507 ], [ 77.430256899996792, 9.546649463570091 ], [ 77.431786456939477, 9.546697952788978 ], [ 77.432910007713105, 9.546579244726839 ], [ 77.433457831814408, 9.546521362561162 ], [ 77.434275897899255, 9.545971416384862 ], [ 77.43433219172482, 9.545933571752162 ], [ 77.437615826040769, 9.54570253159574 ], [ 77.441068104678237, 9.546678454695162 ], [ 77.441783768210556, 9.545994637856504 ], [ 77.442033453147175, 9.545756066903353 ], [ 77.444569778978249, 9.543364184211224 ], [ 77.4460501980749, 9.544742760597682 ], [ 77.447266253763189, 9.545330201767491 ], [ 77.448127048214545, 9.545470179298075 ], [ 77.448316523569204, 9.545436512408374 ], [ 77.449629927888225, 9.545203126109469 ], [ 77.45159670835443, 9.544449841797485 ], [ 77.451660995389446, 9.544425218758088 ], [ 77.452023275163754, 9.544276554739133 ], [ 77.453181953658245, 9.543801076603694 ], [ 77.454388651596247, 9.54295542516474 ], [ 77.454630840990106, 9.542633466409587 ], [ 77.454657298171853, 9.54259829057756 ], [ 77.454660852805404, 9.542574100602158 ], [ 77.454748293916879, 9.541978975816836 ], [ 77.454770774256843, 9.5417016427142 ], [ 77.454784576871177, 9.541531358303812 ], [ 77.455225389164269, 9.541552898663229 ], [ 77.455891291419761, 9.541585432886366 ], [ 77.45663819835768, 9.541779660140692 ], [ 77.457241927314058, 9.542238962162699 ], [ 77.457517347186894, 9.54244850334493 ], [ 77.458470916945828, 9.542892135832332 ], [ 77.458983950194479, 9.543130817754236 ], [ 77.461110966751178, 9.544016400744299 ], [ 77.462590073409203, 9.545795958816711 ], [ 77.462910434199074, 9.546181390236953 ], [ 77.465684106606304, 9.54671421389715 ], [ 77.46708971041285, 9.546953600068958 ], [ 77.46846694272773, 9.54718814477655 ], [ 77.471516081720239, 9.547997649265822 ], [ 77.471937549691958, 9.548109539173439 ], [ 77.472045849684307, 9.548146633232053 ], [ 77.473071696992676, 9.548497990563211 ], [ 77.474169858681449, 9.549343674310188 ], [ 77.474984829171788, 9.549971267387811 ], [ 77.477294477717351, 9.552194768182607 ], [ 77.477613496424169, 9.55287279766296 ], [ 77.477613624883247, 9.553278330918866 ], [ 77.477613810834526, 9.553867385569371 ], [ 77.477295528746211, 9.555874623127631 ], [ 77.47688048732202, 9.556244619615612 ], [ 77.476316543851254, 9.55674733526876 ], [ 77.475383045150707, 9.557389540909528 ], [ 77.475301232882856, 9.557923019386889 ], [ 77.47528759915177, 9.558093232706627 ], [ 77.475156024708767, 9.559735829209611 ], [ 77.475421077124921, 9.56308106490026 ], [ 77.475494673401201, 9.563588020665264 ], [ 77.475496151129818, 9.563598202399005 ], [ 77.47551229205888, 9.563709383828995 ], [ 77.475621741894756, 9.564351250341733 ], [ 77.475476374718852, 9.565657825158391 ], [ 77.47528540726249, 9.566370276584738 ], [ 77.474994089904072, 9.567457099167823 ], [ 77.474873391364198, 9.567831529869331 ], [ 77.473842752442096, 9.571028725394497 ], [ 77.473833603999211, 9.571051384437776 ], [ 77.473583299225083, 9.571639122997489 ], [ 77.472968514702501, 9.57206342009955 ], [ 77.472958637725952, 9.572070238165603 ], [ 77.472941163697044, 9.572082295787061 ], [ 77.472426605109064, 9.57230846557656 ], [ 77.469452730564356, 9.57359310209331 ], [ 77.468444207266231, 9.574257048942647 ], [ 77.467804157626304, 9.574678411658088 ], [ 77.466488147294626, 9.575894763660735 ], [ 77.465937694722825, 9.576671741601112 ], [ 77.465418236723252, 9.577404963956207 ], [ 77.464724819968907, 9.57825634587152 ], [ 77.46414776917986, 9.578964844171415 ], [ 77.464325629317898, 9.579832774009901 ], [ 77.465218744254827, 9.581410289656809 ], [ 77.465384514865804, 9.581659707701505 ], [ 77.466991157141351, 9.584077049329554 ], [ 77.467749636176748, 9.58528029629367 ], [ 77.468344512236001, 9.58622401872687 ], [ 77.469584227752279, 9.589324842761128 ], [ 77.47014017531869, 9.590391625059661 ], [ 77.47134607914596, 9.591814077136261 ], [ 77.471730276914883, 9.592267262736559 ], [ 77.473270356722821, 9.594274020962088 ], [ 77.473927818407901, 9.595574604572167 ], [ 77.474104378683748, 9.595923874758602 ], [ 77.474104393955102, 9.595923899559486 ], [ 77.474378020790652, 9.596225683704564 ], [ 77.475407503580982, 9.597361076914805 ], [ 77.476111895053123, 9.597954002859817 ], [ 77.477302756591001, 9.598956409138635 ], [ 77.479330176033798, 9.600519949288939 ], [ 77.479755122282327, 9.600841484732136 ], [ 77.48136676278412, 9.602060915596025 ], [ 77.482380118120162, 9.602948211210856 ], [ 77.482765461241058, 9.603285613914748 ], [ 77.484387629997954, 9.605247150137064 ], [ 77.485424634382156, 9.606807238830976 ], [ 77.485463151446609, 9.606865184236629 ], [ 77.485492282014661, 9.606962564417046 ], [ 77.485818773806358, 9.608053988438 ], [ 77.485756984087843, 9.608504879572919 ], [ 77.486190981761183, 9.611468425304768 ], [ 77.486256706998915, 9.612499895760589 ], [ 77.486377998426917, 9.614403365389329 ], [ 77.488011904571323, 9.616475900331158 ], [ 77.489660266405281, 9.617964146020807 ], [ 77.489840395687722, 9.618126775180926 ], [ 77.49007991439025, 9.618343024662046 ], [ 77.491672335436547, 9.61988190107796 ], [ 77.492427522146428, 9.620333430965204 ], [ 77.493291307089351, 9.620849900138358 ], [ 77.493777833748894, 9.621233583014963 ], [ 77.494097828924467, 9.621485943188942 ], [ 77.494210545034761, 9.621704221381995 ], [ 77.494532306298154, 9.622327317772019 ], [ 77.495442659905407, 9.62437949037437 ], [ 77.496009119557257, 9.625376451210366 ], [ 77.496087304428031, 9.625514054012278 ], [ 77.496725222365782, 9.626636788433519 ], [ 77.49710148531581, 9.62704704973118 ], [ 77.497786395024406, 9.627793860689648 ], [ 77.499018101161596, 9.630194191585701 ], [ 77.499033997748882, 9.630205458018507 ], [ 77.499763185417834, 9.63089832564445 ], [ 77.50008590518361, 9.63120496739656 ], [ 77.501105931408986, 9.632199909170618 ], [ 77.502408317891039, 9.63342099736168 ], [ 77.503319048790701, 9.634384219420976 ], [ 77.504721530951613, 9.635994106970269 ], [ 77.504888789172696, 9.636238122238954 ], [ 77.505459152004448, 9.637070236146711 ], [ 77.506239216657818, 9.638416423005435 ], [ 77.506273988645844, 9.638476430062354 ], [ 77.506355824269917, 9.638878861256412 ], [ 77.506313605248195, 9.63915571015929 ], [ 77.506260003673489, 9.639507194577577 ], [ 77.505758210145686, 9.641256488202654 ], [ 77.505498306872738, 9.641853256940916 ], [ 77.505493352663947, 9.641864634573331 ], [ 77.505037749609713, 9.642910743663903 ], [ 77.504338924997384, 9.644401891921774 ], [ 77.504139613090359, 9.644827173842415 ], [ 77.504128164062038, 9.644912501338258 ], [ 77.504011669637677, 9.645780953670547 ], [ 77.503947709589482, 9.646149721918649 ], [ 77.503883875305362, 9.646517757361051 ], [ 77.503728411963991, 9.647995993419432 ], [ 77.503631891579971, 9.650197478615951 ], [ 77.504638559857028, 9.650649949193181 ], [ 77.504943816373725, 9.650776899406337 ], [ 77.505563214643587, 9.651034489105117 ], [ 77.507057271064568, 9.651613692369709 ], [ 77.507776932998226, 9.65183091935169 ], [ 77.508988644433842, 9.652111646282311 ], [ 77.510350726661471, 9.652360759787509 ], [ 77.511520428382852, 9.652584439636431 ], [ 77.511890410312375, 9.652655189123262 ], [ 77.512146933224912, 9.653043716357484 ], [ 77.512159096413853, 9.653062135873137 ], [ 77.512486987780775, 9.653392215123025 ], [ 77.512864926088781, 9.653907712680336 ], [ 77.513296879196531, 9.654388590746221 ], [ 77.513730145641233, 9.654870924923422 ], [ 77.515050976332702, 9.656259117629839 ], [ 77.51645809290217, 9.657737975132678 ], [ 77.517277813683762, 9.65859716310178 ], [ 77.517586727242005, 9.658875209052377 ], [ 77.518252467800721, 9.659474476687443 ], [ 77.519108771573968, 9.660044358013545 ], [ 77.519914982591999, 9.660546409420355 ], [ 77.520999319208542, 9.660406596343812 ], [ 77.521582764205775, 9.660318247641062 ], [ 77.521833194744033, 9.660280324570527 ], [ 77.521912487237529, 9.660275772703638 ], [ 77.522616681080351, 9.660235375325309 ], [ 77.523181588443407, 9.66030788018972 ], [ 77.523495832604524, 9.660619908719982 ], [ 77.523495852367461, 9.660619930859403 ], [ 77.524411209590809, 9.661668976724606 ], [ 77.525276530652874, 9.662591457946453 ], [ 77.52595065878144, 9.663012062345739 ], [ 77.52653366629913, 9.663419123213714 ], [ 77.527312550566222, 9.664129081317611 ], [ 77.527639190579947, 9.664579624779039 ], [ 77.527722317083089, 9.664694283403307 ], [ 77.527827940095875, 9.665007152695159 ], [ 77.527990951082273, 9.665490015393134 ], [ 77.528081839029483, 9.666236004398794 ], [ 77.527922648577956, 9.667733453735185 ], [ 77.52791978474886, 9.667760403022671 ], [ 77.527876162558627, 9.668170732047253 ], [ 77.528203999128337, 9.668713255363423 ], [ 77.528204015298002, 9.66871328015899 ], [ 77.528204034162613, 9.668713301412321 ], [ 77.529133105965428, 9.669789515578234 ], [ 77.529852728373257, 9.67052208958807 ], [ 77.530986866690796, 9.671349682208254 ], [ 77.532426225592459, 9.672566168012054 ], [ 77.533259216287405, 9.673267928817156 ], [ 77.533870132664376, 9.673782607793289 ], [ 77.534840323951002, 9.674637250044139 ], [ 77.535188228884138, 9.674917367294194 ], [ 77.535345906572701, 9.675044321635671 ], [ 77.535357691570894, 9.675381453879632 ], [ 77.535357726605213, 9.675382428856368 ], [ 77.535377501219557, 9.675948454171483 ], [ 77.535814240551105, 9.678109362156899 ], [ 77.535934241998334, 9.678729300063791 ], [ 77.535973505562765, 9.678932163097759 ], [ 77.535973511850983, 9.678932192320186 ], [ 77.536524257273598, 9.680934950686915 ], [ 77.536742641312415, 9.681902459999868 ], [ 77.536877343689284, 9.682452442011845 ], [ 77.537074806863458, 9.683258720969906 ], [ 77.537434438404276, 9.684429719985703 ], [ 77.537807739608809, 9.685501177323612 ], [ 77.537869210425384, 9.685657296377149 ], [ 77.538281254171508, 9.686703754575134 ], [ 77.538813977592852, 9.688078212737077 ], [ 77.53930116990405, 9.689163281863484 ], [ 77.539509394895319, 9.689717058742907 ], [ 77.539710875335444, 9.690252895400286 ], [ 77.539830652203861, 9.690697277964109 ], [ 77.540038656209589, 9.691468991301999 ], [ 77.540307037782199, 9.693028677349508 ], [ 77.540418143213159, 9.693799774336906 ], [ 77.540520695784309, 9.694511515364137 ], [ 77.540725527838774, 9.695338840774053 ], [ 77.542912781825137, 9.694353911925795 ], [ 77.544097149441825, 9.693672062024504 ], [ 77.54418422404062, 9.69362193270598 ], [ 77.544484801233011, 9.694137364140603 ], [ 77.544652791581029, 9.69435565633597 ], [ 77.545045026576801, 9.694865347807962 ], [ 77.545942334849471, 9.695787784810189 ], [ 77.546320639670142, 9.696672282602705 ], [ 77.546429635856825, 9.696927119591139 ], [ 77.54656890257364, 9.69762579405487 ], [ 77.546569427189738, 9.697628423041321 ], [ 77.546616163839033, 9.69786288533723 ], [ 77.546711610736295, 9.69870825379058 ], [ 77.546551969330523, 9.699314032987967 ], [ 77.546371345076338, 9.699831648103867 ], [ 77.546178153391352, 9.700385271890815 ], [ 77.545927377001675, 9.701423328858283 ], [ 77.545895320620787, 9.701556033145339 ], [ 77.545954344426505, 9.702491857692062 ], [ 77.546159068683124, 9.703658230317188 ], [ 77.546632455685028, 9.705453026782044 ], [ 77.546708702889731, 9.705617266819713 ], [ 77.546901096870755, 9.706031714755824 ], [ 77.547320093577127, 9.706741571240542 ], [ 77.54790831940835, 9.707875516227384 ], [ 77.548340324618366, 9.708708303746928 ], [ 77.548909670557251, 9.709427171956923 ], [ 77.550148867745577, 9.71022313525526 ], [ 77.550296826561066, 9.710381103117372 ], [ 77.550572426096977, 9.710675344348507 ], [ 77.551558557090033, 9.711627375336572 ], [ 77.551907240862491, 9.711963998873102 ], [ 77.55314623413328, 9.713465135651273 ], [ 77.553761111182325, 9.714527623709261 ], [ 77.553761129148626, 9.714527653814036 ], [ 77.553889742744502, 9.714768595394524 ], [ 77.554043491201995, 9.715056633854891 ], [ 77.554042303629203, 9.715159098765993 ], [ 77.554029491856625, 9.716263610130538 ], [ 77.553835906709523, 9.717323974019344 ], [ 77.553778605872495, 9.717637813361417 ], [ 77.553778599584291, 9.717637842580473 ], [ 77.553477476216216, 9.719278725691527 ], [ 77.553477472622944, 9.719278754024989 ], [ 77.553463859553148, 9.719370026803865 ], [ 77.553258366338639, 9.720747858111931 ], [ 77.553554292054471, 9.721968520955304 ], [ 77.55387744390994, 9.722767710969112 ], [ 77.554073456304934, 9.723252478266524 ], [ 77.554433303441442, 9.723813119152261 ], [ 77.554984549225679, 9.724355728648385 ], [ 77.555863860649922, 9.7249300126848 ], [ 77.55612781712145, 9.725104720174418 ], [ 77.556383207258392, 9.725273757435094 ], [ 77.556884341422816, 9.725680700244784 ], [ 77.557090936870154, 9.726037286117492 ], [ 77.55719869338175, 9.726223276606055 ], [ 77.557767999794763, 9.727348995723585 ], [ 77.557876124615603, 9.727603075364737 ], [ 77.557880968331617, 9.727614458060138 ], [ 77.558264369294875, 9.728515435774996 ], [ 77.558349952690321, 9.728951195161091 ], [ 77.558405540440106, 9.729234233089944 ], [ 77.558405305081507, 9.730160397631714 ], [ 77.558405302386547, 9.7301704052252 ], [ 77.558405238606184, 9.730418593978998 ], [ 77.558405206266826, 9.730604104803248 ], [ 77.558405019417222, 9.731639164843617 ], [ 77.558517341167089, 9.73210338093978 ], [ 77.558518792844609, 9.73210938032574 ], [ 77.558878507928767, 9.7332350716453 ], [ 77.559270821976284, 9.73421675891206 ], [ 77.559315734147205, 9.734329140423382 ], [ 77.559463983118576, 9.734573917370614 ], [ 77.55978946071231, 9.735111324610894 ], [ 77.560495668577957, 9.735776046569091 ], [ 77.56159359131486, 9.736825029041704 ], [ 77.561818884296542, 9.737098278683744 ], [ 77.562003623733034, 9.737322341169246 ], [ 77.562563939806665, 9.738208525591578 ], [ 77.562906330880566, 9.738733180310945 ], [ 77.563602537802183, 9.739800016660512 ], [ 77.564431655859948, 9.740889629137973 ], [ 77.564596621580435, 9.741158850590372 ], [ 77.564777926757586, 9.741454739838064 ], [ 77.56471220960465, 9.741819322280538 ], [ 77.564572574578591, 9.742593972215076 ], [ 77.564417733769702, 9.74387111711509 ], [ 77.564335257646817, 9.744551301168336 ], [ 77.5645402442115, 9.745048618605281 ], [ 77.564697649710538, 9.745232581672237 ], [ 77.564822662858731, 9.745378686973933 ], [ 77.564937484620032, 9.745559788401696 ], [ 77.565255475654197, 9.746061330113385 ], [ 77.566312365145521, 9.747779422755487 ], [ 77.566845377824407, 9.748543528570041 ], [ 77.567088375702028, 9.748784689974144 ], [ 77.567665423796157, 9.749357384418728 ], [ 77.568015787418204, 9.749652742272943 ], [ 77.56818030487932, 9.749791439764104 ], [ 77.568180331828813, 9.749791461897622 ], [ 77.569045961013003, 9.750510344429999 ], [ 77.569975527787534, 9.750967105411531 ], [ 77.572181642801638, 9.751271435612692 ], [ 77.573580073560592, 9.751464335372027 ], [ 77.574841836428917, 9.754285342712834 ], [ 77.57583717425527, 9.7551455181052 ], [ 77.578441500756739, 9.75739613594412 ], [ 77.581230094180796, 9.759643325693332 ], [ 77.582247477562575, 9.760799559414018 ], [ 77.58361307310129, 9.762351525240375 ], [ 77.586050665099492, 9.765981912355915 ], [ 77.58665631195899, 9.767132318304988 ], [ 77.586688510273717, 9.767193478872834 ], [ 77.586828600745633, 9.767346347930079 ], [ 77.588014402971822, 9.768640306136245 ], [ 77.588507408281231, 9.769129434107121 ], [ 77.58923565361745, 9.76985195681625 ], [ 77.591386536614593, 9.771122480667673 ], [ 77.592634212102624, 9.771705796392027 ], [ 77.593359834358196, 9.772045034654761 ], [ 77.594564352085015, 9.772777184644319 ], [ 77.595159807557607, 9.773139128325022 ], [ 77.59562229530016, 9.773581894790984 ], [ 77.596845814191866, 9.774753246611908 ], [ 77.597731046412193, 9.775660374405373 ], [ 77.598645828713785, 9.776597772396629 ], [ 77.599609184719412, 9.778037779394976 ], [ 77.599689284798345, 9.778157512420327 ], [ 77.59972762579298, 9.778254857938181 ], [ 77.600618742876733, 9.780517400640859 ], [ 77.60106969535272, 9.782899678735003 ], [ 77.601069456400865, 9.785553385345077 ], [ 77.601463412568719, 9.786549257598347 ], [ 77.601593432028011, 9.786877953416283 ], [ 77.601998056588172, 9.787991582408081 ], [ 77.602117413943347, 9.788320081161038 ], [ 77.60275539476315, 9.789301110342461 ], [ 77.603106281204703, 9.790336353595274 ], [ 77.603217708232577, 9.790652068165416 ], [ 77.603219987258441, 9.790658522391217 ], [ 77.603452518864671, 9.791317366197125 ], [ 77.60426369217636, 9.792126594799678 ], [ 77.60548512158671, 9.792126719616817 ], [ 77.605485205130023, 9.792126719616817 ], [ 77.605559278411732, 9.792148538715326 ], [ 77.605797416403647, 9.792218684168347 ], [ 77.606068457887815, 9.792298544978724 ], [ 77.606300814322552, 9.79327947742355 ], [ 77.606300829593934, 9.79327951283255 ], [ 77.606993492661729, 9.794721659689589 ], [ 77.607505756952492, 9.7952261459022 ], [ 77.608255860994532, 9.796068879310218 ], [ 77.608322914840613, 9.796135401625584 ], [ 77.609052952315821, 9.796859639588604 ], [ 77.609076207003582, 9.796882710070372 ], [ 77.610005975899028, 9.797294098574563 ], [ 77.61009633563684, 9.797322005836124 ], [ 77.610283908359747, 9.797379958143987 ], [ 77.610682242017987, 9.797635040417561 ], [ 77.611145295699146, 9.797931606210783 ], [ 77.611560693754527, 9.798480305607587 ], [ 77.612065885609056, 9.799147653140059 ], [ 77.612110090805899, 9.79924568827971 ], [ 77.612936276762568, 9.801077933930911 ], [ 77.612936290237286, 9.80107795960183 ], [ 77.614134827879269, 9.803528261002304 ], [ 77.614707612569035, 9.804617424879142 ], [ 77.614832119067415, 9.804854178070842 ], [ 77.615725297784763, 9.806552609647644 ], [ 77.616140694941805, 9.807153829799912 ], [ 77.616787211553486, 9.808089611040865 ], [ 77.617940254017853, 9.810028970406313 ], [ 77.617940271984153, 9.810029002272811 ], [ 77.618043912415132, 9.810242498816203 ], [ 77.618714936864379, 9.81162485440319 ], [ 77.619220517689413, 9.812689251970879 ], [ 77.619457852587502, 9.813188965440718 ], [ 77.620228098654835, 9.815065118841861 ], [ 77.62030998099128, 9.815325422378972 ], [ 77.620784099221837, 9.81683265667885 ], [ 77.621071443331758, 9.817569288575841 ], [ 77.621672826786934, 9.819111067380504 ], [ 77.622461321230929, 9.820417546983519 ], [ 77.623048241810025, 9.82155240605357 ], [ 77.623090233557988, 9.821633605223647 ], [ 77.623336336911535, 9.822691463022037 ], [ 77.623700899304964, 9.824223844310943 ], [ 77.6236221736484, 9.824652617561913 ], [ 77.623514082065213, 9.825241072122587 ], [ 77.623381855445288, 9.826904584127439 ], [ 77.623600515266915, 9.829309541389822 ], [ 77.623687616815175, 9.83045182979645 ], [ 77.623746294769518, 9.831221748310339 ], [ 77.623868137763097, 9.831672720209149 ], [ 77.624138317762885, 9.83267289717919 ], [ 77.624493027434283, 9.833667063834351 ], [ 77.624530271585982, 9.833771466020826 ], [ 77.624802152096606, 9.834052034618471 ], [ 77.625204872228366, 9.834467632584213 ], [ 77.625642415552122, 9.835046246691952 ], [ 77.625647938394479, 9.835099090606187 ], [ 77.625669798896908, 9.835308430419651 ], [ 77.625305133197216, 9.835742428272509 ], [ 77.625305108044401, 9.835742464562065 ], [ 77.625281458097916, 9.835786505048066 ], [ 77.62511820097312, 9.836090500810593 ], [ 77.624718928575405, 9.836269214306059 ], [ 77.624603150108328, 9.836321030412178 ], [ 77.624516724991466, 9.836313525565465 ], [ 77.623614016945623, 9.836235083577213 ], [ 77.622419757081062, 9.835769486127528 ], [ 77.62163789220385, 9.835456813315052 ], [ 77.621266579869356, 9.835308305618781 ], [ 77.620348366901695, 9.835331029998468 ], [ 77.620172627686031, 9.83533537767115 ], [ 77.619443193878709, 9.835742183096613 ], [ 77.618846131320041, 9.836275643745084 ], [ 77.61817147498212, 9.836971764318605 ], [ 77.617899899000335, 9.837721886409618 ], [ 77.617724688892395, 9.838205816055206 ], [ 77.617341797273895, 9.838947239209258 ], [ 77.617197588026414, 9.839630147562202 ], [ 77.617036294618799, 9.840393767572472 ], [ 77.617081861661603, 9.84159626083057 ], [ 77.61726135583514, 9.842008262018279 ], [ 77.617560384331981, 9.842694769025504 ], [ 77.618050911189513, 9.843562295127994 ], [ 77.618316994871606, 9.844032936338595 ], [ 77.618622339423197, 9.845163087110896 ], [ 77.618708948694689, 9.846162192118111 ], [ 77.618503769890538, 9.847265194607758 ], [ 77.618233986946109, 9.847786639396801 ], [ 77.617965853308505, 9.848304851058122 ], [ 77.617423329267424, 9.849453068396045 ], [ 77.617254569961489, 9.850786635150309 ], [ 77.617441417743976, 9.852454689913193 ], [ 77.617656029756915, 9.85415378156566 ], [ 77.617673818196167, 9.854294641818255 ], [ 77.61768902128405, 9.854389201795239 ], [ 77.617710074201057, 9.8545201457231 ], [ 77.61811130492606, 9.857016020918183 ], [ 77.618354596552777, 9.8579541798845 ], [ 77.618475880794222, 9.858421958669879 ], [ 77.619132219585225, 9.86007195439128 ], [ 77.620007400555821, 9.862174096982789 ], [ 77.620221920940622, 9.862489553599731 ], [ 77.620941896386313, 9.863548361163911 ], [ 77.621301382400105, 9.863764010055828 ], [ 77.621507108278252, 9.86388745489093 ], [ 77.622613593756427, 9.864225465871211 ], [ 77.622646746980294, 9.864235593326839 ], [ 77.622646775726366, 9.864235601292158 ], [ 77.622838331579274, 9.864249792828065 ], [ 77.623622304802439, 9.8643078962531 ], [ 77.624046280870459, 9.864570096559847 ], [ 77.625081008025418, 9.865655100558062 ], [ 77.626266187719082, 9.866785226801341 ], [ 77.626471312624346, 9.867053089312098 ], [ 77.627374002703888, 9.868231871166889 ], [ 77.628076018132106, 9.869104369410209 ], [ 77.628810943340795, 9.86948100443235 ], [ 77.629160972789577, 9.86966040785628 ], [ 77.630665270903108, 9.870501242561739 ], [ 77.630694175095684, 9.870507158908099 ], [ 77.630797477760098, 9.870528337391738 ], [ 77.631931357362859, 9.871257243679818 ], [ 77.631950769057838, 9.871269723292041 ], [ 77.632612237229097, 9.872140308936931 ], [ 77.633204418342473, 9.872919721930915 ], [ 77.6341799986225, 9.8745923560941 ], [ 77.634555000337869, 9.875106982048809 ], [ 77.635201198047596, 9.875993787623164 ], [ 77.635756877916037, 9.876962416221449 ], [ 77.635916911885587, 9.877241383398085 ], [ 77.636883399418309, 9.878633700574328 ], [ 77.637629626331574, 9.879792453391188 ], [ 77.638437976238279, 9.881047664259329 ], [ 77.638693177729024, 9.881309059168832 ], [ 77.639682594759392, 9.882322486946132 ], [ 77.640250780973233, 9.882909060701392 ], [ 77.640790425015553, 9.883466173202828 ], [ 77.641957491079836, 9.884623457627628 ], [ 77.642511983375485, 9.885280345015831 ], [ 77.643010606748646, 9.885871044566624 ], [ 77.643010633698125, 9.885871079080756 ], [ 77.643400795382206, 9.886325829416723 ], [ 77.643867703734287, 9.886870037631137 ], [ 77.644729386619431, 9.88824884479479 ], [ 77.644823842674938, 9.888259646743588 ], [ 77.644847904049826, 9.888262400771447 ], [ 77.645172202155578, 9.888818625427367 ], [ 77.64559108477593, 9.889537080438959 ], [ 77.645953851437127, 9.890395254782206 ], [ 77.646110879643714, 9.890766738835064 ], [ 77.646493835042619, 9.891738623938531 ], [ 77.646704378585639, 9.892172023579789 ], [ 77.646707903574807, 9.892179281135512 ], [ 77.646972537376044, 9.892724087623611 ], [ 77.647442173013346, 9.893854181058233 ], [ 77.647506628931609, 9.894100988811205 ], [ 77.647775080572785, 9.895129032837353 ], [ 77.648039520337932, 9.895911079821678 ], [ 77.64806131077178, 9.896197942363539 ], [ 77.64807143658166, 9.896331422735592 ], [ 77.648009360300563, 9.896535088294852 ], [ 77.647952920049605, 9.896720242394375 ], [ 77.647952910168129, 9.896720269827753 ], [ 77.647807095631208, 9.897081881343157 ], [ 77.647373965730424, 9.897841354936272 ], [ 77.646804200278325, 9.899504929724253 ], [ 77.646703903376874, 9.900332258295094 ], [ 77.646366564428121, 9.901259003745102 ], [ 77.646175091220243, 9.901810433944119 ], [ 77.646175096610136, 9.901810467571577 ], [ 77.646193410563825, 9.902416212220253 ], [ 77.646257593394239, 9.902647660859142 ], [ 77.646293677820907, 9.902777858168673 ], [ 77.646571780961509, 9.903040069395281 ], [ 77.646871979963166, 9.903223381826356 ], [ 77.647141707212057, 9.903388097359407 ], [ 77.64779053159566, 9.903816911854552 ], [ 77.647935068728259, 9.90391243721456 ], [ 77.648169548780345, 9.90409457043458 ], [ 77.648755687825144, 9.904549847734542 ], [ 77.648755711181337, 9.904549870742622 ], [ 77.649891007427314, 9.906014453568455 ], [ 77.650766453400919, 9.907185193389845 ], [ 77.650944323420447, 9.907447976291552 ], [ 77.651454914149838, 9.90820233497192 ], [ 77.652289314301484, 9.909359551700877 ], [ 77.65287287338478, 9.910331405652389 ], [ 77.653201239062156, 9.911429933089208 ], [ 77.653177667269119, 9.912560273602461 ], [ 77.653160397157748, 9.913387299355909 ], [ 77.653128542897775, 9.915141307997171 ], [ 77.653260871027342, 9.916199124765503 ], [ 77.653479721291816, 9.917225197034714 ], [ 77.653479725783399, 9.917225240394441 ], [ 77.653571217398465, 9.91744638198268 ], [ 77.65373964612435, 9.917853570837268 ], [ 77.654118145879409, 9.918563326656729 ], [ 77.654523537600809, 9.918934497427127 ], [ 77.654833988176478, 9.919218737383568 ], [ 77.654884769041161, 9.919266729221539 ], [ 77.655125805896517, 9.919494529970219 ], [ 77.655784279084628, 9.920110610145063 ], [ 77.65601949575526, 9.920330694119444 ], [ 77.656484646104303, 9.92065165462783 ], [ 77.657018887678518, 9.920339750021215 ], [ 77.657127444589037, 9.920276372861785 ], [ 77.657127470640177, 9.920276356048966 ], [ 77.658139809083295, 9.919650418558817 ], [ 77.658677528035938, 9.919317941154974 ], [ 77.658715777402435, 9.919272650883801 ], [ 77.65928842015839, 9.918594583578013 ], [ 77.659832665371582, 9.917702907560113 ], [ 77.659917542691232, 9.917563845139867 ], [ 77.660893136445964, 9.916799783904336 ], [ 77.663728953406249, 9.915773390855691 ], [ 77.664583492888255, 9.915393680786327 ], [ 77.665000887000176, 9.915208211582344 ], [ 77.666592012675821, 9.914077934177669 ], [ 77.667421776622305, 9.913268599377389 ], [ 77.667593683624958, 9.913367396124816 ], [ 77.668050909934877, 9.91363018380658 ], [ 77.668607261743176, 9.914326339008543 ], [ 77.668985789346024, 9.915063167077172 ], [ 77.669491989110313, 9.916315261027616 ], [ 77.669593938013591, 9.916780413586338 ], [ 77.669710946274307, 9.917314274705179 ], [ 77.670062139041363, 9.918503153336186 ], [ 77.670440668440833, 9.919239980862885 ], [ 77.670635683705839, 9.919436276139118 ], [ 77.671334332248406, 9.920139507816899 ], [ 77.672164288434331, 9.921052486046596 ], [ 77.672939458167747, 9.922187151400003 ], [ 77.673560093417748, 9.923283311873371 ], [ 77.673609940932892, 9.923371352592046 ], [ 77.673641183440139, 9.92343651925581 ], [ 77.674047724106799, 9.924284491709084 ], [ 77.674996264198469, 9.925794278389514 ], [ 77.676437387391331, 9.928402420685909 ], [ 77.676757507432725, 9.929072191586526 ], [ 77.677053099873589, 9.929690641975702 ], [ 77.677504632661254, 9.930486232428695 ], [ 77.67750465242419, 9.930486265168371 ], [ 77.677606185407484, 9.930651286432317 ], [ 77.67789678680866, 9.931123624886268 ], [ 77.678685705257479, 9.932154126859819 ], [ 77.679046050060634, 9.932845806934541 ], [ 77.679009562290432, 9.933311404096946 ], [ 77.678658884258041, 9.935820314288257 ], [ 77.678499497075478, 9.937253363258856 ], [ 77.678048243663852, 9.938356438693022 ], [ 77.677907485743688, 9.938643711808362 ], [ 77.677651689568222, 9.93916576103012 ], [ 77.677519323709419, 9.93958623870191 ], [ 77.677405512552809, 9.939947770175616 ], [ 77.677437913886791, 9.94071572813948 ], [ 77.677451289801368, 9.941032753291999 ], [ 77.67734019604849, 9.941993820122333 ], [ 77.677337169624309, 9.942020007411699 ], [ 77.677273623699421, 9.94256973560927 ], [ 77.677095885732243, 9.943437759846365 ], [ 77.676991134983609, 9.943911144271638 ], [ 77.67692283068267, 9.944219772929106 ], [ 77.676704140318321, 9.9455533442 ], [ 77.676439308887709, 9.946259175956143 ], [ 77.676339441380961, 9.946525341104838 ], [ 77.676238877679864, 9.946931148859623 ], [ 77.67600222999296, 9.947886089619651 ], [ 77.675395907600389, 9.94925134939937 ], [ 77.675395898617211, 9.949251381252385 ], [ 77.675163497266695, 9.950191640769949 ], [ 77.674956352948684, 9.950827688842413 ], [ 77.67487639480359, 9.951073199904743 ], [ 77.674470731790947, 9.952967397069752 ], [ 77.67445475435531, 9.953075895113047 ], [ 77.674179140446341, 9.954947430915045 ], [ 77.674106397569574, 9.955619206329461 ], [ 77.674088092599064, 9.955788197334796 ], [ 77.674088089904103, 9.955788227417589 ], [ 77.673869406726283, 9.957108247871904 ], [ 77.673491198923685, 9.958717630421287 ], [ 77.673226871447966, 9.960674993306689 ], [ 77.673195094443102, 9.961805223801196 ], [ 77.673195094443102, 9.961805253883442 ], [ 77.673838077082422, 9.96197691457891 ], [ 77.674832213861265, 9.962067192193944 ], [ 77.67629582817392, 9.962094144085107 ], [ 77.676838601946699, 9.962175903096037 ], [ 77.677344754998558, 9.962252143773325 ], [ 77.678071995119979, 9.963270266988884 ], [ 77.67851684623858, 9.963893043742376 ], [ 77.679173589271414, 9.965009485557703 ], [ 77.679558248774413, 9.965619939573799 ], [ 77.679757472646529, 9.965936118603013 ], [ 77.679994390726321, 9.966384624596239 ], [ 77.680263703851836, 9.966894467585123 ], [ 77.680666482374122, 9.967368455019367 ], [ 77.681358322585112, 9.968182597251557 ], [ 77.681855505958907, 9.968847109904626 ], [ 77.6841080701614, 9.968715642728561 ], [ 77.686374392062461, 9.968475749854775 ], [ 77.687997741205649, 9.968357866155349 ], [ 77.689808103421328, 9.968212932822357 ], [ 77.690015571132818, 9.968201691134521 ], [ 77.691901080116935, 9.968099509960474 ], [ 77.692129378861594, 9.968596353242974 ], [ 77.692366360721735, 9.969112091413509 ], [ 77.693096299382276, 9.970997008136509 ], [ 77.693213330999157, 9.971312888214868 ], [ 77.693725997735186, 9.972696621589733 ], [ 77.69389933934734, 9.973230048085064 ], [ 77.693919660137368, 9.97331532380074 ], [ 77.693920070667474, 9.973317044620831 ], [ 77.693958592223481, 9.973478699039333 ], [ 77.693937126979776, 9.973523693372004 ], [ 77.693917638029674, 9.973564530306476 ], [ 77.69362135388603, 9.973957935784988 ], [ 77.693541909577249, 9.97410129084423 ], [ 77.693541757761977, 9.974101564228363 ], [ 77.693493590994734, 9.974188477366027 ], [ 77.693445691925476, 9.974360119154777 ], [ 77.693388871687148, 9.974563732596401 ], [ 77.693402667114967, 9.974839385569702 ], [ 77.693494058118702, 9.975154610757819 ], [ 77.693507510390077, 9.975201006279734 ], [ 77.693515791958689, 9.975215773396144 ], [ 77.693712874247183, 9.975567146695953 ], [ 77.69395905844911, 9.975938777355422 ], [ 77.69420996239954, 9.976317533224579 ], [ 77.694369036968382, 9.97654568259088 ], [ 77.694515621361504, 9.976755918647989 ], [ 77.694982049114884, 9.977717775610111 ], [ 77.695359538265279, 9.978496220704653 ], [ 77.695597358253593, 9.979118832115139 ], [ 77.695678947739268, 9.979332447926568 ], [ 77.696249274638419, 9.98089637355884 ], [ 77.69652764457868, 9.982071637667243 ], [ 77.696631469164245, 9.982307153570973 ], [ 77.696656936402562, 9.982364924634878 ], [ 77.696732921299173, 9.98253729200438 ], [ 77.696760337881656, 9.982754293145772 ], [ 77.696760345068157, 9.982769172278418 ], [ 77.696760381899111, 9.98284008215613 ], [ 77.696761495810051, 9.982902795139957 ], [ 77.696769618376877, 9.983360052360677 ], [ 77.69676992470238, 9.984911261301848 ], [ 77.696769925600677, 9.984920541898127 ], [ 77.696770034296833, 9.985466568721012 ], [ 77.697199098422615, 9.988011519565426 ], [ 77.697519435856307, 9.990768240762147 ], [ 77.69759201793461, 9.991392870562571 ], [ 77.697585571624145, 9.99211365605964 ], [ 77.697565206816634, 9.994389959903085 ], [ 77.697344040695384, 9.995917206028407 ], [ 77.696950471701413, 9.998634900152693 ], [ 77.697014679684685, 10.000547080283118 ], [ 77.697411462850738, 10.00084984128217 ], [ 77.697601787113342, 10.001002039106478 ], [ 77.698153680582863, 10.001443374353228 ], [ 77.698218404199096, 10.002025566738311 ], [ 77.698232595783935, 10.002153222604392 ], [ 77.698264680910938, 10.003016664832572 ], [ 77.69831031532739, 10.003269787974078 ], [ 77.698337813656536, 10.003685728692282 ], [ 77.698479276754227, 10.00426435631724 ], [ 77.698543372448057, 10.005457724435093 ], [ 77.698533693999195, 10.005674751858198 ], [ 77.698525227377658, 10.005864632709658 ], [ 77.698569950004057, 10.006270439968823 ], [ 77.698570305736936, 10.006273660097646 ], [ 77.698607423226136, 10.006610455317922 ], [ 77.69858369332961, 10.006866367611284 ], [ 77.698548318572008, 10.007247862604588 ], [ 77.698515645048516, 10.007690390715076 ], [ 77.698515593844547, 10.007691078085715 ], [ 77.698461862912453, 10.008418785163705 ], [ 77.698416417142241, 10.009218877395995 ], [ 77.698430514403981, 10.009492721096478 ], [ 77.698462253679594, 10.010109366409313 ], [ 77.698403025057971, 10.01038962122613 ], [ 77.698311997871926, 10.011533410385731 ], [ 77.698269613560171, 10.011853857392365 ], [ 77.698216319209322, 10.01225669010093 ], [ 77.698198214563092, 10.012740356558126 ], [ 77.698186560718881, 10.012816795930199 ], [ 77.698175478203225, 10.012889493287771 ], [ 77.698148218825935, 10.013323492051386 ], [ 77.698148216131017, 10.013323522128861 ], [ 77.698075346591793, 10.014033277175436 ], [ 77.698075386117665, 10.014313940840841 ], [ 77.698075387015976, 10.014317016695365 ], [ 77.698075416660373, 10.014539519352033 ], [ 77.698048311793315, 10.014869684560177 ], [ 77.698020860176541, 10.015204063792684 ], [ 77.697984482000791, 10.01576466877043 ], [ 77.69796494274506, 10.016343347403774 ], [ 77.697952732843703, 10.016704955563313 ], [ 77.697940636130099, 10.01693587906569 ], [ 77.697928362448351, 10.017170196694705 ], [ 77.697921000754604, 10.017310710759622 ], [ 77.697920998059686, 10.017310757644523 ], [ 77.698431665145861, 10.016994175631066 ], [ 77.698937863113514, 10.016740941113456 ], [ 77.699605141588037, 10.01645052392497 ], [ 77.699831644600394, 10.016351948596247 ], [ 77.699913279001862, 10.016322687909982 ], [ 77.70021018388131, 10.016216282738347 ], [ 77.700210182983028, 10.016216255315044 ], [ 77.700195950973978, 10.015954110253439 ], [ 77.700146137594828, 10.015036458887176 ], [ 77.700125765600816, 10.014420959683951 ], [ 77.700113973416094, 10.01406456033131 ], [ 77.700706842638994, 10.013969492719403 ], [ 77.701546016438073, 10.013987401164522 ], [ 77.701541500607149, 10.014199842275255 ], [ 77.701622389406879, 10.014465041607059 ], [ 77.701673852092895, 10.014633800362629 ], [ 77.701888314985524, 10.014977281766075 ], [ 77.702184767114119, 10.015176096326847 ], [ 77.702659102736945, 10.015433658770819 ], [ 77.703420830978743, 10.015740954629837 ], [ 77.704748101692488, 10.016341909890855 ], [ 77.705079572845804, 10.016486849198531 ], [ 77.705409529439592, 10.016631126743793 ], [ 77.706419657128791, 10.017105454810595 ], [ 77.706727612184594, 10.017250064698148 ], [ 77.707366167027885, 10.017521171683562 ], [ 77.707366208350379, 10.017521193799054 ], [ 77.707696242199248, 10.017721314268455 ], [ 77.708424460586031, 10.018162890401726 ], [ 77.708532627627704, 10.018230035582327 ], [ 77.708730033309692, 10.018352579061732 ], [ 77.708730027919813, 10.018352622407985 ], [ 77.708730123141208, 10.018452095900185 ], [ 77.708675581928745, 10.01922510389193 ], [ 77.708644532559262, 10.019533199389061 ], [ 77.708643689041224, 10.01954158642018 ], [ 77.708660226127279, 10.019615866615204 ], [ 77.708712104733252, 10.019848927925718 ], [ 77.708730501331956, 10.020210589676699 ], [ 77.708742181227279, 10.02026878657685 ], [ 77.708862962412184, 10.020870503944568 ], [ 77.708940619073545, 10.021462766375558 ], [ 77.709537782243501, 10.021554978926831 ], [ 77.709875539807186, 10.021607133706478 ], [ 77.709875574841476, 10.02160713724491 ], [ 77.70987557304484, 10.021685602935419 ], [ 77.709875572146515, 10.021751805278484 ], [ 77.709998791359112, 10.022099887064924 ], [ 77.710049228169055, 10.0221842998517 ], [ 77.710131122183597, 10.022321361776688 ], [ 77.710961338880992, 10.02314839043841 ], [ 77.710961367627064, 10.02314842139957 ], [ 77.710991657021836, 10.023183799395859 ], [ 77.711267054436789, 10.023505503414739 ], [ 77.711597334424027, 10.023898026646286 ], [ 77.711609256864492, 10.023912198866087 ], [ 77.711773476983254, 10.02407944092047 ], [ 77.71212934458309, 10.024594726612129 ], [ 77.712156810572878, 10.024789153851437 ], [ 77.712190473141533, 10.024912236226941 ], [ 77.712190528837098, 10.024912443223318 ], [ 77.712229742095857, 10.025055823574077 ], [ 77.71236672080363, 10.025485227375318 ], [ 77.712553720401374, 10.025860401255613 ] ] ] } }
]
}
