{
"type": "FeatureCollection",
"name": "thiruvallur_boundary",
"crs": { "type": "name", "properties": { "name": "urn:ogc:def:crs:OGC:1.3:CRS84" } },
"features": [
{ "type": "Feature", "properties": { "dtname": "Thiruvallur", "stname": "TAMIL NADU", "stcode11": "33", "dtcode11": "602", "year_stat": "2011_c", "objectid": 694, "test": -1, "dist_lgd": 589, "state_lgd": 33, "remarks": " ", "dist": "Thiruvallur", "st_area(shape)": 3429626130.7237396, "st_length(shape)": 713237.78393150808 }, "geometry": { "type": "MultiPolygon", "coordinates": [ [ [ [ 80.331881925391869, 13.235440511575504 ], [ 80.331884083145169, 13.236171615905333 ], [ 80.332086987415039, 13.236271101315925 ], [ 80.332460670403563, 13.236420307057092 ], [ 80.332866622673734, 13.236641839305612 ], [ 80.333143367561604, 13.236791085044354 ], [ 80.333392471288221, 13.236985428613409 ], [ 80.333609255427533, 13.237202410598002 ], [ 80.334029025583376, 13.237668032423674 ], [ 80.334227295444691, 13.237916590880834 ], [ 80.334480978782608, 13.238282734662857 ], [ 80.334623896252722, 13.238630829406011 ], [ 80.334739210290806, 13.23907821204077 ], [ 80.334849714748856, 13.239909827333618 ], [ 80.334951067170763, 13.241012594848184 ], [ 80.335066135070477, 13.242124487289747 ], [ 80.3351490495712, 13.242906332043832 ], [ 80.335420948946435, 13.244800091235064 ], [ 80.335669773296985, 13.246558256992399 ], [ 80.336052325352298, 13.248528806165458 ], [ 80.33624125902287, 13.249346850780514 ], [ 80.336278150136636, 13.249645177941447 ], [ 80.336384116305879, 13.250390920794072 ], [ 80.336196134849502, 13.251346319902652 ], [ 80.336289739302117, 13.252833014345773 ], [ 80.336635467617299, 13.254523393069091 ], [ 80.337470081568014, 13.257375328850657 ], [ 80.337903409098132, 13.259544739616738 ], [ 80.337989357209551, 13.26049250629703 ], [ 80.337993959278748, 13.260543250866046 ], [ 80.338023089846786, 13.26086448220879 ], [ 80.338244390715346, 13.262007908596701 ], [ 80.339093014791217, 13.263856565179816 ], [ 80.340282677078164, 13.268123215992521 ], [ 80.340605521709819, 13.269009049069382 ], [ 80.341717134771628, 13.271409116567456 ], [ 80.342958038759036, 13.27335720159865 ], [ 80.343802131732588, 13.274966285745798 ], [ 80.344886020988113, 13.277935765739509 ], [ 80.34507052237106, 13.27864530977754 ], [ 80.345268665569904, 13.279892706595037 ], [ 80.34536080936185, 13.281302858166319 ], [ 80.345360234440065, 13.285320663020382 ], [ 80.345521450592528, 13.286970302121885 ], [ 80.345576393351934, 13.290201812766353 ], [ 80.345700707610874, 13.292005095314266 ], [ 80.345667969408652, 13.294694155379624 ], [ 80.345632725805089, 13.295244221688984 ], [ 80.345626979282216, 13.295333903691301 ], [ 80.345529264138889, 13.296858990968264 ], [ 80.345717851059746, 13.300876900944735 ], [ 80.346372202777303, 13.307263068842703 ], [ 80.346537977879834, 13.310132964042955 ], [ 80.34654672836902, 13.313273995772464 ], [ 80.346463697985641, 13.313454745948446 ], [ 80.346371202054058, 13.314331531040116 ], [ 80.345868005357787, 13.316008189782325 ], [ 80.345757194574219, 13.316184473566334 ], [ 80.345766352000226, 13.316405884103792 ], [ 80.345660284321369, 13.316442029835818 ], [ 80.345360056573639, 13.317603471180332 ], [ 80.344980737555034, 13.32370926922461 ], [ 80.344236620784372, 13.331433027018154 ], [ 80.34416272087752, 13.331568532942789 ], [ 80.344166473140476, 13.331619438333576 ], [ 80.344170979089938, 13.331680568144073 ], [ 80.344185707867354, 13.33188038281552 ], [ 80.344116498064579, 13.331966295215267 ], [ 80.344148747583276, 13.33246793015517 ], [ 80.342887250616329, 13.342026519956919 ], [ 80.341991077814157, 13.347070053642105 ], [ 80.341052371579906, 13.350560654012762 ], [ 80.34102320328266, 13.350669116953126 ], [ 80.340767205884532, 13.3516210267559 ], [ 80.340055792281817, 13.355308771260699 ], [ 80.339745876203736, 13.35949383162415 ], [ 80.339418001904818, 13.360234947707987 ], [ 80.339288668758414, 13.360768188146746 ], [ 80.339320945226589, 13.360867648655033 ], [ 80.339214726630757, 13.361084553860438 ], [ 80.338969846782618, 13.362946569194868 ], [ 80.338720363068632, 13.3641757598085 ], [ 80.338623360289318, 13.36433852630203 ], [ 80.338267725353191, 13.365816268231777 ], [ 80.337898072207039, 13.368044385327758 ], [ 80.337782591082288, 13.368225145224876 ], [ 80.337366882209835, 13.369870117423105 ], [ 80.335177645641636, 13.376680557626662 ], [ 80.334013550305983, 13.381186327427166 ], [ 80.333824048001858, 13.382284439613271 ], [ 80.333703947739934, 13.382514985836128 ], [ 80.333066187905644, 13.386171052238199 ], [ 80.332484043668941, 13.38877873560493 ], [ 80.332248856642721, 13.390088826408267 ], [ 80.332223510676982, 13.390230010292173 ], [ 80.331952631787885, 13.391738897883954 ], [ 80.331148608167567, 13.395105684607858 ], [ 80.330071602702077, 13.401934427806978 ], [ 80.329586417227233, 13.403809897391268 ], [ 80.329410675316595, 13.405074883431892 ], [ 80.329396437917666, 13.405177357869874 ], [ 80.329179558556959, 13.406738441113184 ], [ 80.328929343614334, 13.411018288426181 ], [ 80.328633178048307, 13.414281292242951 ], [ 80.328591315657761, 13.415497041164199 ], [ 80.328531348620956, 13.415596456343666 ], [ 80.328511900095066, 13.41987181625084 ], [ 80.328428716099779, 13.420260514921946 ], [ 80.328354609580387, 13.421512353947142 ], [ 80.328367922612898, 13.424052310654556 ], [ 80.328275528191014, 13.424346014068128 ], [ 80.328215027554933, 13.426262262894721 ], [ 80.328071695961455, 13.427188775906409 ], [ 80.327960550106297, 13.428802136138502 ], [ 80.327687724567994, 13.430713812013039 ], [ 80.327733818023532, 13.430894595589871 ], [ 80.327669200408508, 13.430989493239029 ], [ 80.327632109868759, 13.431681032183915 ], [ 80.327514635382386, 13.432375692761914 ], [ 80.327511809282527, 13.432392402196912 ], [ 80.327257629176245, 13.433895433132031 ], [ 80.32637027872849, 13.437908492313964 ], [ 80.326120415925459, 13.439951278574874 ], [ 80.326018497564903, 13.441682190755802 ], [ 80.325260666214831, 13.444032167401122 ], [ 80.325034393171165, 13.444407248791727 ], [ 80.317324842993713, 13.456440691670032 ], [ 80.317089141232813, 13.456964871228996 ], [ 80.316262394727389, 13.457918248221214 ], [ 80.315906695112545, 13.458478597881713 ], [ 80.313707996589443, 13.460873287665237 ], [ 80.313532535851508, 13.460963620045808 ], [ 80.313458555994615, 13.461108230585833 ], [ 80.313269271082774, 13.46118952598083 ], [ 80.311703390761551, 13.462635328176644 ], [ 80.311260053304224, 13.462965173574736 ], [ 80.310696511380414, 13.46357057839529 ], [ 80.307186041675465, 13.466846153971591 ], [ 80.306423836428252, 13.467713673141299 ], [ 80.305827841966476, 13.468621918589859 ], [ 80.303637581318824, 13.47312713439921 ], [ 80.302200618224063, 13.47546321119345 ], [ 80.300703470700171, 13.478228620370643 ], [ 80.298383477155838, 13.483357429746466 ], [ 80.2983603176895, 13.483533679140459 ], [ 80.298087725713174, 13.483935882739162 ], [ 80.294866219780616, 13.491328574076771 ], [ 80.294695270382036, 13.491735290284522 ], [ 80.294154419003988, 13.492950782381108 ], [ 80.292934129555718, 13.495991930941905 ], [ 80.292406979282362, 13.497700117067785 ], [ 80.292369944438164, 13.498025493285954 ], [ 80.290941091333778, 13.501309597078238 ], [ 80.29092451112858, 13.501535447410943 ], [ 80.290827893726487, 13.502222436023139 ], [ 80.290565537154521, 13.503827002849846 ], [ 80.290252456311677, 13.505598729689659 ], [ 80.290086683904121, 13.506547872015739 ], [ 80.289920962700506, 13.507433804715042 ], [ 80.289611982666955, 13.508333358419465 ], [ 80.289026535324936, 13.510263453299965 ], [ 80.288584018029454, 13.511804745621678 ], [ 80.288150579108219, 13.513079479222581 ], [ 80.287920048948436, 13.513875043871836 ], [ 80.28746807778289, 13.515113542253099 ], [ 80.287205237917291, 13.515796169115324 ], [ 80.286790200086344, 13.517016641224842 ], [ 80.286582648831541, 13.517635857728767 ], [ 80.286269073016996, 13.518530905362828 ], [ 80.286057097559421, 13.519344490641792 ], [ 80.285642057033513, 13.520619209249993 ], [ 80.285314574400047, 13.521428310267151 ], [ 80.285083985849766, 13.522074695949568 ], [ 80.284765580692266, 13.52270311467584 ], [ 80.284433452870474, 13.523467061246254 ], [ 80.284189055417642, 13.524163178394332 ], [ 80.283972505738632, 13.52515300676105 ], [ 80.283594312309091, 13.526332801331831 ], [ 80.283326914391708, 13.527209634828745 ], [ 80.282865581882589, 13.528308150188858 ], [ 80.282505856916956, 13.529325204027609 ], [ 80.281837116883494, 13.531277865594658 ], [ 80.281611210352452, 13.532100573428368 ], [ 80.281408386032666, 13.532787553422684 ], [ 80.281210082933711, 13.533510804321502 ], [ 80.280854870205729, 13.534387731909629 ], [ 80.280388896999867, 13.535459061239742 ], [ 80.279936814443261, 13.536525922000028 ], [ 80.279360302643354, 13.538324880567401 ], [ 80.27889903301633, 13.539581510061211 ], [ 80.278419297620317, 13.540833643051119 ], [ 80.277898079821128, 13.542207760239052 ], [ 80.277233808906175, 13.544047451779759 ], [ 80.276947938033288, 13.545136779725778 ], [ 80.276712779753183, 13.545855496328732 ], [ 80.276431396863458, 13.546687225845897 ], [ 80.276260669348744, 13.547080472654359 ], [ 80.276163715078454, 13.547229680569805 ], [ 80.2757713561152, 13.54778126199262 ], [ 80.275494543853654, 13.548350764357986 ], [ 80.275369985252979, 13.548793810130439 ], [ 80.275180887190743, 13.549417569921744 ], [ 80.274507422917182, 13.551239165786805 ], [ 80.273833696335544, 13.552654053198232 ], [ 80.273247685749851, 13.554127644775523 ], [ 80.272472603153048, 13.55606681915406 ], [ 80.272034297159621, 13.557228572934308 ], [ 80.271392891961909, 13.558747362410228 ], [ 80.269962411110228, 13.561965821007336 ], [ 80.269103988211242, 13.56381465286699 ], [ 80.268748861721519, 13.564628197689208 ], [ 80.268739401563295, 13.564623798217072 ], [ 80.268539317105123, 13.564537465327678 ], [ 80.266207373272536, 13.563531260404442 ], [ 80.264049599298829, 13.562637375826201 ], [ 80.264042003144795, 13.562597429189543 ], [ 80.263853001202293, 13.561603415612302 ], [ 80.263549508078469, 13.560007257428127 ], [ 80.262591318284052, 13.555696133826356 ], [ 80.26180439319684, 13.552108113269563 ], [ 80.26119331422484, 13.54917976564608 ], [ 80.260281475702413, 13.544986142602859 ], [ 80.258953144078319, 13.538930684621993 ], [ 80.257527568028053, 13.532156712357112 ], [ 80.256143901080762, 13.526019842431211 ], [ 80.254885027194433, 13.519833334147739 ], [ 80.25393193893251, 13.51583401688063 ], [ 80.253900626356639, 13.515677020935968 ], [ 80.253899481004638, 13.515671278085328 ], [ 80.253894407319933, 13.515647904026716 ], [ 80.252918536884067, 13.511152293026958 ], [ 80.252256809998016, 13.508097387567947 ], [ 80.251882001420455, 13.506298807804292 ], [ 80.251109272409693, 13.502769460763275 ], [ 80.250682241171361, 13.501279383931822 ], [ 80.248636394587137, 13.493283465073445 ], [ 80.248572589947429, 13.493033989567119 ], [ 80.246569589408992, 13.488157598584465 ], [ 80.245241963860693, 13.483525795306523 ], [ 80.244076064707954, 13.478984296834405 ], [ 80.242864290390244, 13.474998701409612 ], [ 80.242339146054945, 13.472822827685848 ], [ 80.242249140253364, 13.4724498900593 ], [ 80.242032599557504, 13.471552663869247 ], [ 80.241814011601122, 13.470646954258143 ], [ 80.241792897598671, 13.470736680163894 ], [ 80.241343907043273, 13.472644749823321 ], [ 80.240974779411559, 13.473309268865474 ], [ 80.24038373915856, 13.47342703170699 ], [ 80.238966176978977, 13.473730448336081 ], [ 80.237881016607346, 13.47384389805439 ], [ 80.235715217983198, 13.473858369078997 ], [ 80.235198074043794, 13.474003205073785 ], [ 80.234741118126749, 13.474509571268452 ], [ 80.233651722198559, 13.475531411051097 ], [ 80.232765625798933, 13.476833367753986 ], [ 80.231884105417379, 13.478053970948244 ], [ 80.231131926267039, 13.479387504832836 ], [ 80.230379707590828, 13.480644205567433 ], [ 80.229424323235051, 13.481991372639026 ], [ 80.22881972111621, 13.48289097678734 ], [ 80.228422589403806, 13.482949883372367 ], [ 80.226968119042454, 13.483524411595356 ], [ 80.226095403947312, 13.483795909722955 ], [ 80.226007873004335, 13.484333756336842 ], [ 80.225888093440986, 13.485070467958684 ], [ 80.225195468102427, 13.485314777755242 ], [ 80.223722376563529, 13.485563896181407 ], [ 80.222263058892906, 13.485605105784524 ], [ 80.220669779057218, 13.485551447254654 ], [ 80.219164290675934, 13.485624292379283 ], [ 80.217644954764538, 13.48571973002888 ], [ 80.216185672128219, 13.485864850601011 ], [ 80.213868535226467, 13.486092396245059 ], [ 80.213830494269146, 13.486096132399707 ], [ 80.213833237724003, 13.486111049937906 ], [ 80.214511630155215, 13.489799219093317 ], [ 80.214598561921903, 13.490271830056368 ], [ 80.212566569155939, 13.490362887716724 ], [ 80.210603856261358, 13.490476504245482 ], [ 80.210595024923805, 13.490415662900672 ], [ 80.21027521300455, 13.488212373783904 ], [ 80.210066919741337, 13.486770741032871 ], [ 80.209951302970993, 13.486278159147071 ], [ 80.20991207174589, 13.486293831416686 ], [ 80.209124761281444, 13.486608337074928 ], [ 80.208765729815198, 13.486704948373758 ], [ 80.207577807564959, 13.487024602148745 ], [ 80.206234086901702, 13.487558301786944 ], [ 80.205439863002823, 13.487892976671665 ], [ 80.204673296434905, 13.488064942381614 ], [ 80.203320262038801, 13.488381695066586 ], [ 80.202976974446216, 13.488381793776322 ], [ 80.202742986670927, 13.488381861912201 ], [ 80.201694714718087, 13.488585534027411 ], [ 80.200175382399991, 13.488775773608966 ], [ 80.198600621333853, 13.488947942217019 ], [ 80.197122843284149, 13.489124595427441 ], [ 80.195677373143639, 13.489237956599757 ], [ 80.194204191773224, 13.489351318591815 ], [ 80.193100446156677, 13.489383231397111 ], [ 80.192684838793838, 13.489509877139088 ], [ 80.19183058677271, 13.489975587776394 ], [ 80.191082461719247, 13.490088753747408 ], [ 80.189489192663373, 13.490175000070435 ], [ 80.188911918193796, 13.490193212311516 ], [ 80.188043714437995, 13.490292839334002 ], [ 80.18723552173644, 13.49028850225613 ], [ 80.186529014731803, 13.490650214279771 ], [ 80.184829495639022, 13.490623468568229 ], [ 80.183444023078025, 13.490623762947521 ], [ 80.181975418623992, 13.490605988377393 ], [ 80.180497574997261, 13.490579168410955 ], [ 80.179375349238683, 13.490606503759588 ], [ 80.178936619240417, 13.490624665303059 ], [ 80.177491195812294, 13.491072361631742 ], [ 80.177121696278064, 13.491171829305575 ], [ 80.176221115442786, 13.490738155919153 ], [ 80.174895546138174, 13.490015282788697 ], [ 80.174378257570027, 13.489757764751173 ], [ 80.174082701960089, 13.489816569186937 ], [ 80.173537785705378, 13.490015516895104 ], [ 80.173200665945544, 13.490074327382102 ], [ 80.172327718186722, 13.489482426358521 ], [ 80.171754998175672, 13.489120965017802 ], [ 80.170812846003983, 13.488904184214437 ], [ 80.169265723404223, 13.488759803626444 ], [ 80.166157620793129, 13.488425820924057 ], [ 80.164564323889465, 13.488299496069146 ], [ 80.163044927790949, 13.488227384658485 ], [ 80.162412238048134, 13.488254581383798 ], [ 80.161982748120906, 13.488268192848324 ], [ 80.161539415155147, 13.488372195348626 ], [ 80.16058348731859, 13.488688669841702 ], [ 80.160066255344319, 13.488747483276017 ], [ 80.158634648005247, 13.48906400531626 ], [ 80.157341612086967, 13.489642633174887 ], [ 80.155877700431986, 13.490266464832885 ], [ 80.154519976830088, 13.490650748005967 ], [ 80.154315160945302, 13.490721670685947 ], [ 80.153841117274922, 13.490885822397527 ], [ 80.153784980654507, 13.49082903607545 ], [ 80.153296112985316, 13.490334499736383 ], [ 80.153295863253661, 13.490334585342323 ], [ 80.152871247585168, 13.490479159775456 ], [ 80.151749046979404, 13.490827252330629 ], [ 80.151324172596134, 13.490881519398013 ], [ 80.150746904414774, 13.491039746735996 ], [ 80.150248107666741, 13.490709866692187 ], [ 80.149952543073638, 13.490750564393323 ], [ 80.149573857367315, 13.490877136033832 ], [ 80.148377757753025, 13.491252336166694 ], [ 80.148008300439614, 13.491283997142311 ], [ 80.14654893425994, 13.49132476724829 ], [ 80.145159438144773, 13.491414308939254 ], [ 80.14514498964175, 13.491415240118174 ], [ 80.145173054807842, 13.491617697193357 ], [ 80.145218913803106, 13.491948528998066 ], [ 80.145224024318765, 13.492091649784253 ], [ 80.145232791875912, 13.492337199790121 ], [ 80.145468401110335, 13.493607146571398 ], [ 80.145782593169159, 13.495988869291358 ], [ 80.14599529805875, 13.497210011401307 ], [ 80.146064414436722, 13.497606808566513 ], [ 80.145944367175417, 13.498099435217753 ], [ 80.145533414882379, 13.49948692402331 ], [ 80.144613284011626, 13.501327494886999 ], [ 80.143161653224851, 13.502204165302675 ], [ 80.141115615299427, 13.50331129576249 ], [ 80.139845484624288, 13.504079571422636 ], [ 80.139212776016876, 13.504273795697596 ], [ 80.138469179370745, 13.504332540654824 ], [ 80.137984279560172, 13.504233055754622 ], [ 80.137966079692504, 13.504227158896031 ], [ 80.13728683655674, 13.504007072585937 ], [ 80.13703285407982, 13.503866921790374 ], [ 80.137009641612877, 13.50385415325052 ], [ 80.136326268023439, 13.503478243567615 ], [ 80.134285048661184, 13.501941473643448 ], [ 80.133208958578962, 13.501435134149906 ], [ 80.132382307294975, 13.501462179130536 ], [ 80.131707965367369, 13.501435034572108 ], [ 80.130751906376801, 13.501728724274933 ], [ 80.129708113423987, 13.502261908007023 ], [ 80.128765859742714, 13.502664039007263 ], [ 80.127708153682761, 13.50381636472755 ], [ 80.127107675729405, 13.504313415833549 ], [ 80.126738176195147, 13.504634234835711 ], [ 80.12610539572249, 13.504566397046478 ], [ 80.125855989263655, 13.504453338388918 ], [ 80.124807683174879, 13.503806971314923 ], [ 80.124281247960511, 13.503571893924967 ], [ 80.123791728114384, 13.503472365033495 ], [ 80.123122034968418, 13.503472291661 ], [ 80.120595678640342, 13.503639165981024 ], [ 80.118836041593852, 13.503693195169365 ], [ 80.117750627897294, 13.50384669721956 ], [ 80.11717788812328, 13.50397312390624 ], [ 80.11627723632111, 13.50442039602002 ], [ 80.114401944774997, 13.50541438200124 ], [ 80.113025584724255, 13.505906714769827 ], [ 80.112771489059597, 13.505947356597968 ], [ 80.112743668235254, 13.505887140235995 ], [ 80.112596114559949, 13.505567769392311 ], [ 80.112028353249244, 13.503805082849386 ], [ 80.111816188247147, 13.502250359641975 ], [ 80.111897199217736, 13.50132761804908 ], [ 80.112040599083201, 13.500648137148461 ], [ 80.112202259901736, 13.50044929438468 ], [ 80.112631830677316, 13.499694581162501 ], [ 80.112839705325655, 13.499088991815629 ], [ 80.112751994719616, 13.498569251147899 ], [ 80.112308735415738, 13.497204349341999 ], [ 80.112027113574143, 13.495929848871695 ], [ 80.112003575917072, 13.495808193403883 ], [ 80.111981939095145, 13.495696364867486 ], [ 80.111514692078202, 13.493281421911707 ], [ 80.11119149890024, 13.492210289996422 ], [ 80.111029885692417, 13.49189391800452 ], [ 80.110799811876774, 13.491650127696342 ], [ 80.109967782379144, 13.490768491820171 ], [ 80.108891841417304, 13.48958430826587 ], [ 80.10883921002312, 13.489532793406408 ], [ 80.108213023184632, 13.48891989125315 ], [ 80.107298577751294, 13.489340113774496 ], [ 80.106397970864876, 13.489873320808437 ], [ 80.105986831722277, 13.490998620182085 ], [ 80.105839005857405, 13.491405354422257 ], [ 80.105159912740305, 13.49335316142427 ], [ 80.103802261003651, 13.492227679223408 ], [ 80.100934611342936, 13.489845612377763 ], [ 80.100938545065603, 13.489840259374111 ], [ 80.101551079308365, 13.48900697921246 ], [ 80.103063949146332, 13.48694889922 ], [ 80.102953426721982, 13.486967042697183 ], [ 80.099240021306173, 13.487576647005655 ], [ 80.098705938733772, 13.487625360844119 ], [ 80.098677634615797, 13.487627942154894 ], [ 80.098200916660815, 13.487671421732049 ], [ 80.09691705343991, 13.48773000480239 ], [ 80.094039913976573, 13.487788351129135 ], [ 80.09232655903179, 13.487833287740642 ], [ 80.090779454398344, 13.487900836775978 ], [ 80.088539622018359, 13.487959220623154 ], [ 80.084632573963262, 13.488265852640895 ], [ 80.083053126386318, 13.488392102389399 ], [ 80.080947203170794, 13.488509197405664 ], [ 80.078868956150899, 13.4887663822251 ], [ 80.078190069646283, 13.488811434832847 ], [ 80.078203712360491, 13.489778595873473 ], [ 80.078143603389876, 13.490108503409513 ], [ 80.078189535148681, 13.491251929103237 ], [ 80.078143177588458, 13.492047339417031 ], [ 80.077953685165795, 13.492702617682927 ], [ 80.077714700960883, 13.493501773179689 ], [ 80.077703296848327, 13.493539905754952 ], [ 80.077348238630577, 13.494727194253754 ], [ 80.077214130040133, 13.495522586002712 ], [ 80.077172446414309, 13.496051351413438 ], [ 80.077218068254339, 13.49856416388384 ], [ 80.077231560949912, 13.50018664272136 ], [ 80.077009887280497, 13.501319540014356 ], [ 80.076798452608728, 13.503837116009784 ], [ 80.076760869792167, 13.505821084688899 ], [ 80.076760915606258, 13.505836109305255 ], [ 80.076765036178472, 13.507195053597043 ], [ 80.076619730087998, 13.51363064976165 ], [ 80.076807867851215, 13.517404405608454 ], [ 80.076821795331384, 13.518033731042511 ], [ 80.076830571871724, 13.518430327614816 ], [ 80.076950210399545, 13.519939879394299 ], [ 80.077073387391323, 13.524400579700712 ], [ 80.077114353263227, 13.526285137362269 ], [ 80.077118224103785, 13.526358223334478 ], [ 80.077141885728366, 13.526804905828099 ], [ 80.077386610167963, 13.526999322949033 ], [ 80.078873669611198, 13.527953402063938 ], [ 80.079700179859699, 13.528866555591931 ], [ 80.081362262561299, 13.531081581185147 ], [ 80.081985604435289, 13.531972075162814 ], [ 80.082844461220532, 13.53279940336915 ], [ 80.084391594600092, 13.533748873171399 ], [ 80.086335990846052, 13.534590077387225 ], [ 80.088572146421541, 13.535375605103878 ], [ 80.088640623199026, 13.535399660198101 ], [ 80.087799380579852, 13.537365431693427 ], [ 80.08777753175552, 13.537404592181268 ], [ 80.087605295071143, 13.537713288983481 ], [ 80.086052461881138, 13.540637004957272 ], [ 80.083820092704542, 13.544762545605757 ], [ 80.0812594297158, 13.549751227867816 ], [ 80.080981076843557, 13.549549687380912 ], [ 80.079486022394292, 13.54846719676287 ], [ 80.07837770255631, 13.547639759726604 ], [ 80.076026815949334, 13.546590552397896 ], [ 80.071509416557575, 13.545540545711692 ], [ 80.068400992349595, 13.544613029603147 ], [ 80.067287790168081, 13.544431856974835 ], [ 80.065855621381957, 13.545131800875442 ], [ 80.065514866140163, 13.545251716818628 ], [ 80.065509048650398, 13.545253763901481 ], [ 80.064885418417205, 13.545470448918588 ], [ 80.064109256045441, 13.545623794796626 ], [ 80.062751361763659, 13.54535670664478 ], [ 80.06109354785626, 13.543945980036984 ], [ 80.061071172619151, 13.543919185285526 ], [ 80.059810055639588, 13.54240892791888 ], [ 80.058009731198879, 13.539384767003794 ], [ 80.056934603212326, 13.536636520031355 ], [ 80.056901709601576, 13.536638912165715 ], [ 80.053844332159642, 13.536861221605557 ], [ 80.050098054692597, 13.53722121931394 ], [ 80.04673516112085, 13.537554244591252 ], [ 80.045321659326362, 13.537567185123367 ], [ 80.043044518115991, 13.537453196277426 ], [ 80.042531738192238, 13.537597550873558 ], [ 80.041071533884434, 13.538686071681731 ], [ 80.03980114269784, 13.53900630205225 ], [ 80.038110532197763, 13.538992034103581 ], [ 80.038063782972046, 13.538984366947592 ], [ 80.037971937420778, 13.538969303374046 ], [ 80.036147555198482, 13.538557231996965 ], [ 80.035477848577742, 13.538434850694552 ], [ 80.034216892396572, 13.538307698194417 ], [ 80.034119928244806, 13.538312163655176 ], [ 80.034096782253201, 13.538313663204574 ], [ 80.031833289146959, 13.538460211143454 ], [ 80.028969240832268, 13.538784197234209 ], [ 80.028438067004743, 13.538824563588289 ], [ 80.028026582909092, 13.539438947036608 ], [ 80.026195915174725, 13.542267207614808 ], [ 80.02581214141064, 13.542949431758597 ], [ 80.025796606844395, 13.542977545358504 ], [ 80.024591383940091, 13.545158744829608 ], [ 80.023898075881903, 13.546035209418145 ], [ 80.023865225390281, 13.546045898054672 ], [ 80.02366242712165, 13.546111887427415 ], [ 80.023246711062669, 13.545985145127386 ], [ 80.021773738101402, 13.544953886163107 ], [ 80.021103638916884, 13.545500360402775 ], [ 80.020146930444383, 13.546394709422124 ], [ 80.0187146646402, 13.546900085276349 ], [ 80.016894478448563, 13.547179274188368 ], [ 80.015125256377971, 13.547264153190836 ], [ 80.01337919197708, 13.547150188204538 ], [ 80.012090866824153, 13.54667971176961 ], [ 80.011693544668944, 13.546534615992535 ], [ 80.010248029612654, 13.546032118717454 ], [ 80.00841369675193, 13.545607182360378 ], [ 80.007744648596329, 13.545452189374808 ], [ 80.005532206747688, 13.545256513140684 ], [ 80.00425749286795, 13.544862523605378 ], [ 80.003444737623042, 13.544441765798053 ], [ 80.001898044417999, 13.543238611035292 ], [ 80.001080952106932, 13.542551180001821 ], [ 80.00076696666062, 13.542270819748293 ], [ 80.000508416250483, 13.542171225802354 ], [ 79.999723023689143, 13.542310800368034 ], [ 79.998599713664035, 13.542723824169109 ], [ 79.998599869072564, 13.537635756744194 ], [ 79.998599872665821, 13.53749193579257 ], [ 79.998599970582205, 13.534280391373576 ], [ 79.999341325033356, 13.532589338351636 ], [ 79.999656438763651, 13.531107156395811 ], [ 80.000202736627273, 13.529146103664067 ], [ 80.000327889014358, 13.528413999046137 ], [ 80.000519071168071, 13.525675412747459 ], [ 80.00197870863893, 13.525590445692046 ], [ 80.005179673694215, 13.525479417182858 ], [ 80.006921005770195, 13.525566263837046 ], [ 80.007992359934207, 13.525806483954337 ], [ 80.010915588361541, 13.526788864152987 ], [ 80.013616884404641, 13.52813272429262 ], [ 80.016863190127225, 13.529490362384797 ], [ 80.017611545149393, 13.529554992119063 ], [ 80.017653057196995, 13.529558577370512 ], [ 80.01762603677156, 13.528275032944894 ], [ 80.017695993972623, 13.527154284282943 ], [ 80.01795563134425, 13.525486710084595 ], [ 80.018271001094419, 13.523263353405298 ], [ 80.018872595653676, 13.52111244517736 ], [ 80.019053299857902, 13.520550341006642 ], [ 80.019247387163261, 13.519946609108613 ], [ 80.019520365415161, 13.519250767870792 ], [ 80.019917774706968, 13.518930115270061 ], [ 80.021604116412817, 13.518004549787445 ], [ 80.023068584124971, 13.517377200850968 ], [ 80.023881978072026, 13.5165641032198 ], [ 80.025139051734527, 13.515177297207719 ], [ 80.02658515518732, 13.514201839208647 ], [ 80.027157629060028, 13.513724034972633 ], [ 80.027185853227934, 13.513700478173151 ], [ 80.029776149841268, 13.5152700983557 ], [ 80.031142739814996, 13.516301204651674 ], [ 80.033603926064131, 13.517468384422054 ], [ 80.035016921208836, 13.518151546065646 ], [ 80.035489094586765, 13.51829587917199 ], [ 80.035520346975517, 13.518305431851111 ], [ 80.036823035291519, 13.517759150226393 ], [ 80.03855539858769, 13.517158878781872 ], [ 80.041484249570374, 13.515926498095189 ], [ 80.044473241862974, 13.514517737913822 ], [ 80.046464363978458, 13.513510814845347 ], [ 80.048049046038557, 13.512530751319256 ], [ 80.048396485644346, 13.512270756017585 ], [ 80.048423213219024, 13.512250755762567 ], [ 80.04809158575884, 13.510266600366178 ], [ 80.047751239250502, 13.507089230254095 ], [ 80.047250032322594, 13.502235168837373 ], [ 80.047181985838122, 13.501305889986801 ], [ 80.046764578251469, 13.497981832158578 ], [ 80.046618298387216, 13.49368380476529 ], [ 80.046585112824005, 13.493691954686899 ], [ 80.04656440486005, 13.493697040307742 ], [ 80.043126549572804, 13.494541299907977 ], [ 80.040392177560946, 13.495412578604142 ], [ 80.035269812232656, 13.497001517029021 ], [ 80.033071243066942, 13.497561078032376 ], [ 80.030905020437999, 13.498052842631598 ], [ 80.029999759380118, 13.498188062432492 ], [ 80.027598198807979, 13.498187084984453 ], [ 80.02338623559595, 13.498171756781455 ], [ 80.018938729624892, 13.498169812367212 ], [ 80.015904553870115, 13.497951506782625 ], [ 80.015899965275636, 13.497901851668075 ], [ 80.015876986370657, 13.497653213436498 ], [ 80.015824443909693, 13.497637838030048 ], [ 80.015567599400285, 13.49756268178513 ], [ 80.014981287878982, 13.497101430341083 ], [ 80.014963787798933, 13.497078433564116 ], [ 80.014602822259874, 13.496604117884695 ], [ 80.014436882765636, 13.496116193740447 ], [ 80.014436798324013, 13.49611594304335 ], [ 80.014492424701345, 13.495691142148095 ], [ 80.014816684179564, 13.493671109929689 ], [ 80.014831201852857, 13.492297210786516 ], [ 80.014833488065278, 13.492260180398917 ], [ 80.014919640094263, 13.490864593042938 ], [ 80.014942930714653, 13.490453335618616 ], [ 80.015839552674478, 13.489025609092264 ], [ 80.015294954423354, 13.488297730649702 ], [ 80.014330255436363, 13.4872578168453 ], [ 80.013896545223929, 13.486435079217847 ], [ 80.01378597159561, 13.485897214622009 ], [ 80.013698452330758, 13.485436192227885 ], [ 80.013518464083774, 13.48519205901234 ], [ 80.013195244854671, 13.485087960784288 ], [ 80.013042866327979, 13.485047214946741 ], [ 80.01263640561136, 13.485178086596814 ], [ 80.012202156409771, 13.485471645172368 ], [ 80.011844258617415, 13.485175269401321 ], [ 80.011754380376615, 13.485100840394976 ], [ 80.009834217982089, 13.48314752733785 ], [ 80.007623069707464, 13.481352238136987 ], [ 80.007490536761992, 13.478640515578974 ], [ 80.007457022415366, 13.478640255254277 ], [ 80.005820291069384, 13.478627513319928 ], [ 79.998689644007129, 13.478571782855063 ], [ 79.998601663008202, 13.47857109535299 ], [ 79.998569449422078, 13.47857205977774 ], [ 79.992370077730016, 13.478757769122671 ], [ 79.987618458797598, 13.47903121112018 ], [ 79.984077318812226, 13.479578614824208 ], [ 79.984066338704523, 13.47951901117322 ], [ 79.984047705848909, 13.479417864014268 ], [ 79.982396851190018, 13.470456356048107 ], [ 79.982348599981151, 13.470449756852611 ], [ 79.982190736341323, 13.470428168379241 ], [ 79.982171708226971, 13.470425565042628 ], [ 79.973120327441663, 13.469187414071953 ], [ 79.972420332324475, 13.469091660565198 ], [ 79.972416126412341, 13.469046569296346 ], [ 79.972045235387725, 13.465069996148106 ], [ 79.972699888040907, 13.464345965599234 ], [ 79.972604546246544, 13.462244633810004 ], [ 79.972139578255494, 13.459958434290698 ], [ 79.972696490612492, 13.458687694597357 ], [ 79.972135687651999, 13.447453297392494 ], [ 79.972097972783089, 13.445619297013053 ], [ 79.972036527119371, 13.442631304603058 ], [ 79.971298033802384, 13.440751031410493 ], [ 79.971105140358034, 13.440259903890331 ], [ 79.972872746359457, 13.439715156358812 ], [ 79.972315329149254, 13.437343226159326 ], [ 79.973522621771977, 13.43560611237632 ], [ 79.972781383203497, 13.433871684109137 ], [ 79.97240558019088, 13.432597768082831 ], [ 79.972496083659124, 13.431318695435634 ], [ 79.973338715972062, 13.429672477225353 ], [ 79.973280779127791, 13.42962059735018 ], [ 79.972808657852141, 13.429197835714199 ], [ 79.972784314406255, 13.42917603731745 ], [ 79.972219985558255, 13.428670703302686 ], [ 79.970728278231746, 13.428397008955375 ], [ 79.970728220739574, 13.428355391072481 ], [ 79.970726773553636, 13.427298819032531 ], [ 79.970669045118527, 13.427294224801647 ], [ 79.969609251373868, 13.427209890329223 ], [ 79.96886128801718, 13.427210895153747 ], [ 79.968024981640497, 13.426755625323688 ], [ 79.967904770885809, 13.426755336108396 ], [ 79.967887316619851, 13.426755294167833 ], [ 79.966810741447361, 13.426752697346751 ], [ 79.966703441279932, 13.426733919323897 ], [ 79.965785505891716, 13.426573274593268 ], [ 79.965777371646794, 13.426529885276627 ], [ 79.96551107955554, 13.42510935221917 ], [ 79.96546156980699, 13.42510174169872 ], [ 79.963178965941395, 13.424750859745362 ], [ 79.96313491255988, 13.424700963137058 ], [ 79.961967462914927, 13.423378614919477 ], [ 79.96195458915858, 13.423377609205122 ], [ 79.959635610710535, 13.423196325409199 ], [ 79.957493833935402, 13.42356069808072 ], [ 79.957459447324638, 13.423504821989923 ], [ 79.956651781035831, 13.422192429135203 ], [ 79.956627548981061, 13.422195295129452 ], [ 79.955068408719427, 13.422379685962248 ], [ 79.955069883753126, 13.423473417677894 ], [ 79.955723220374438, 13.425208033822985 ], [ 79.95255213777709, 13.425844818321755 ], [ 79.952520208956926, 13.425787859293218 ], [ 79.951529392351389, 13.424020291278604 ], [ 79.951498245963847, 13.424016210762936 ], [ 79.949479062275543, 13.423751711938479 ], [ 79.948178756291654, 13.425027839251078 ], [ 79.945292846576223, 13.424755707418084 ], [ 79.941577782870368, 13.425107366144241 ], [ 79.941470412634331, 13.425117528941124 ], [ 79.939609608218845, 13.425029410286685 ], [ 79.939617087591898, 13.424981055937858 ], [ 79.939792806146315, 13.423845085931175 ], [ 79.941097863319698, 13.422654903174152 ], [ 79.941095385766175, 13.420738636038047 ], [ 79.942031408732646, 13.419734255021424 ], [ 79.941839136922511, 13.4167341116096 ], [ 79.941838235013947, 13.416720040830345 ], [ 79.941783505155257, 13.416720106365242 ], [ 79.940162278731066, 13.416722040955451 ], [ 79.938577991929691, 13.416177163096162 ], [ 79.936995282569953, 13.416816372743245 ], [ 79.934575540096475, 13.416453899089985 ], [ 79.934570952400307, 13.416453212283475 ], [ 79.934654937692841, 13.416423168429208 ], [ 79.936624496648236, 13.415718594711686 ], [ 79.937740761186603, 13.414894676378189 ], [ 79.938389051970944, 13.412796871303634 ], [ 79.942211733847842, 13.412796718386357 ], [ 79.942491085646694, 13.411060957023114 ], [ 79.942427675367412, 13.411041961939883 ], [ 79.941424198804555, 13.410741366164178 ], [ 79.941421437383369, 13.410706490242021 ], [ 79.941377321119774, 13.410149394934217 ], [ 79.942540466936165, 13.409962664226068 ], [ 79.942539434771902, 13.409144597392865 ], [ 79.943656373046721, 13.408917311595035 ], [ 79.943655117201956, 13.407959170582524 ], [ 79.945311732756736, 13.407774439246085 ], [ 79.945656180972662, 13.407736024750374 ], [ 79.945704665743492, 13.407730618355934 ], [ 79.944451664144168, 13.406267979275869 ], [ 79.944168274418118, 13.404948618617775 ], [ 79.943232717677276, 13.402568059102499 ], [ 79.94193384360797, 13.401340398807982 ], [ 79.941840829348479, 13.400789133138346 ], [ 79.941788216818935, 13.400772175950975 ], [ 79.941282014359686, 13.40060902161899 ], [ 79.941289587157527, 13.400578830723761 ], [ 79.941373859012671, 13.400242876910077 ], [ 79.942490582590111, 13.399925125999419 ], [ 79.942948190684078, 13.399726889094435 ], [ 79.942988455870051, 13.399709445965712 ], [ 79.943233442617696, 13.399603312963604 ], [ 79.94346768910782, 13.398649466578881 ], [ 79.944307151266102, 13.398056340908928 ], [ 79.944356366367259, 13.396867701261822 ], [ 79.94658998060882, 13.396318096185777 ], [ 79.947241484666932, 13.396728499717117 ], [ 79.948409007075398, 13.396410725812524 ], [ 79.951437835159311, 13.396772941313136 ], [ 79.954046401708865, 13.396954897824109 ], [ 79.956234818115249, 13.397137397744466 ], [ 79.958472505318326, 13.396176373198537 ], [ 79.959214835339878, 13.396044449748892 ], [ 79.959252984993341, 13.396037670235767 ], [ 79.9594971551724, 13.395994275404998 ], [ 79.961453943677725, 13.395598570954009 ], [ 79.961637390438511, 13.394685399109164 ], [ 79.962569221865877, 13.394232270705619 ], [ 79.962754617970845, 13.391357676419153 ], [ 79.962570540592722, 13.388438399302967 ], [ 79.962514157833937, 13.388424331237324 ], [ 79.961453024701186, 13.388159579142322 ], [ 79.961452974395527, 13.388122281857102 ], [ 79.961451580210195, 13.387111112403584 ], [ 79.961353802184789, 13.38646949482421 ], [ 79.96129678341876, 13.386429376299791 ], [ 79.960840909971637, 13.386108618376086 ], [ 79.960839681076337, 13.386097212977873 ], [ 79.960747371994358, 13.385240993832847 ], [ 79.96023776042864, 13.383872275209553 ], [ 79.959492386016578, 13.382273401955842 ], [ 79.958466118296656, 13.381181035794594 ], [ 79.958140712568138, 13.379536425709309 ], [ 79.958124898625869, 13.379474796768196 ], [ 79.958047957023467, 13.379174950713452 ], [ 79.958018175176832, 13.379160867249739 ], [ 79.957995949958416, 13.379150357305972 ], [ 79.95534120820659, 13.377894926108214 ], [ 79.953899890079299, 13.377119428356293 ], [ 79.951570587293673, 13.378442102624087 ], [ 79.949989016997719, 13.379813431083241 ], [ 79.949704029168771, 13.380726690805309 ], [ 79.949668707411803, 13.380745494269954 ], [ 79.949099717205769, 13.381048389253181 ], [ 79.948589367224898, 13.382599155960577 ], [ 79.948216319345292, 13.383236880051291 ], [ 79.948185399333198, 13.383137440134311 ], [ 79.948030898985806, 13.38264055716742 ], [ 79.948214676326629, 13.382007568169904 ], [ 79.948150135966728, 13.381975299369511 ], [ 79.947655783184402, 13.381728132310027 ], [ 79.946676724627608, 13.381363221700147 ], [ 79.946164150418042, 13.381273451890731 ], [ 79.945652441286128, 13.381775761260613 ], [ 79.94504769543687, 13.381776516332323 ], [ 79.945085533374936, 13.381724849844725 ], [ 79.945818000792997, 13.380724706985507 ], [ 79.947287163999135, 13.37871864781777 ], [ 79.948076606165785, 13.378762827061998 ], [ 79.94816828642702, 13.37826561433512 ], [ 79.947798296412671, 13.377759884909038 ], [ 79.947936537253383, 13.377529217900801 ], [ 79.948541396290409, 13.377668513571694 ], [ 79.94886930831855, 13.377808247006016 ], [ 79.949192238290152, 13.377667760234976 ], [ 79.94900633014548, 13.376664677187938 ], [ 79.94867727725692, 13.375661723678808 ], [ 79.949470955878425, 13.375479984418803 ], [ 79.949100761946468, 13.374793496931725 ], [ 79.949069525727396, 13.374793537133478 ], [ 79.948496045741607, 13.374794266882487 ], [ 79.948488548402224, 13.374742578796557 ], [ 79.948449505823362, 13.374473421800108 ], [ 79.948394927779944, 13.3744530595892 ], [ 79.948075399728339, 13.374333851608849 ], [ 79.948066702239743, 13.374301050417305 ], [ 79.946442565274069, 13.36817590985183 ], [ 79.946397511169309, 13.368177953205242 ], [ 79.945417883080623, 13.368222372102927 ], [ 79.945417813910339, 13.368168144584381 ], [ 79.945416137654021, 13.366852967738902 ], [ 79.945835980573392, 13.366716882938364 ], [ 79.945839616055352, 13.365984683043436 ], [ 79.946255049145009, 13.365984212840626 ], [ 79.946069107762682, 13.364926859915407 ], [ 79.945694679172462, 13.364516056968851 ], [ 79.945647505043652, 13.363738788292849 ], [ 79.945588128200001, 13.363687318082281 ], [ 79.945470815410417, 13.36358562831014 ], [ 79.94527785728738, 13.363418367240762 ], [ 79.942900887197823, 13.363556911567301 ], [ 79.942199284096304, 13.363557796046861 ], [ 79.942215163615586, 13.363506239272523 ], [ 79.942902524826593, 13.361274577255873 ], [ 79.942878618860234, 13.361274606971859 ], [ 79.942827201090012, 13.361274669899872 ], [ 79.940991619571051, 13.361276941425729 ], [ 79.940998733329792, 13.361225429611812 ], [ 79.941174505783124, 13.359952516738444 ], [ 79.93800714310936, 13.355522859250268 ], [ 79.937989723877678, 13.355530472845194 ], [ 79.93591275336378, 13.356438279787131 ], [ 79.935889716068317, 13.356371015393487 ], [ 79.935115953096656, 13.35411174769742 ], [ 79.935077495321053, 13.354122243000088 ], [ 79.933768669715022, 13.354479416023484 ], [ 79.933746401377448, 13.354417978207154 ], [ 79.93325455758972, 13.353060961764836 ], [ 79.933114696188184, 13.351917721220486 ], [ 79.933059797446205, 13.351905477754169 ], [ 79.931300224180092, 13.351513081672127 ], [ 79.929762739604996, 13.354800603229631 ], [ 79.929205166986236, 13.355619248865008 ], [ 79.927571761203424, 13.356027868804107 ], [ 79.92775746632887, 13.356895394859574 ], [ 79.92740768212019, 13.356949209755131 ], [ 79.926543736378818, 13.357082130013515 ], [ 79.925289858922085, 13.358358089099553 ], [ 79.921099920604235, 13.359321018647014 ], [ 79.916048324554055, 13.359861059117371 ], [ 79.91597242320077, 13.359869173380279 ], [ 79.915965840346331, 13.359812702160081 ], [ 79.915785953609031, 13.358269529968023 ], [ 79.916810474105702, 13.358083043078283 ], [ 79.915320472679909, 13.354889452935822 ], [ 79.913360360408078, 13.352243288116943 ], [ 79.914901174139615, 13.351563647231167 ], [ 79.914710801367946, 13.350605738675373 ], [ 79.915176920100876, 13.350605207259914 ], [ 79.914850961010146, 13.348138024077384 ], [ 79.91484120710281, 13.348136361638996 ], [ 79.914796700072046, 13.348128774906334 ], [ 79.912427371052317, 13.347724892052694 ], [ 79.910382170356726, 13.347270717401884 ], [ 79.909115151445732, 13.346207999694872 ], [ 79.908423333692596, 13.345627735188517 ], [ 79.907771909584554, 13.345081612640872 ], [ 79.905157762700426, 13.343529805796781 ], [ 79.90514863941037, 13.343509376293426 ], [ 79.904463756651253, 13.34197583964591 ], [ 79.903811233903582, 13.340426346632295 ], [ 79.903769863789833, 13.340419915185233 ], [ 79.901761627869874, 13.340107662892072 ], [ 79.900177773158134, 13.33937276877945 ], [ 79.898377860145871, 13.338172764266535 ], [ 79.898127042433686, 13.338005543279319 ], [ 79.896362867098347, 13.336967907851283 ], [ 79.895153334975632, 13.336688911058303 ], [ 79.894267310441236, 13.336784781988873 ], [ 79.89217026437737, 13.335232260168278 ], [ 79.890023901702719, 13.334958753312032 ], [ 79.886811779571602, 13.33509760416907 ], [ 79.884992081165194, 13.33386110314774 ], [ 79.884565969801741, 13.333574040068509 ], [ 79.883504976806179, 13.332859263670189 ], [ 79.883503731741214, 13.332848906425998 ], [ 79.88331869316572, 13.331309291761539 ], [ 79.882897615062802, 13.330256668033888 ], [ 79.882619359208604, 13.328892085002048 ], [ 79.882622709026307, 13.327703496936211 ], [ 79.882943376141711, 13.32542077311663 ], [ 79.88289966322165, 13.323319314278551 ], [ 79.882867352617524, 13.323340410706576 ], [ 79.882841154150555, 13.323357516696797 ], [ 79.88178361787223, 13.324048037719482 ], [ 79.880847489802861, 13.324781078925742 ], [ 79.880790103625884, 13.324728853904219 ], [ 79.880242371152761, 13.324230373395537 ], [ 79.880236914785726, 13.324230377766217 ], [ 79.879822389892794, 13.32423078511264 ], [ 79.879656943573664, 13.324230946827434 ], [ 79.879402407734531, 13.324231195081483 ], [ 79.878424181916003, 13.324417436247115 ], [ 79.877634881683193, 13.324278071385699 ], [ 79.875888931368337, 13.325639148094888 ], [ 79.87581796535919, 13.325694470832007 ], [ 79.87386343881181, 13.327244897433836 ], [ 79.871551996330624, 13.328740106578596 ], [ 79.869693587721997, 13.330246872732364 ], [ 79.868123465556039, 13.331037111735609 ], [ 79.868065272691936, 13.331066399642779 ], [ 79.868052807669031, 13.330992774281397 ], [ 79.867926030229626, 13.330243957568012 ], [ 79.867551260279612, 13.329286238082926 ], [ 79.866949893892425, 13.327872197068865 ], [ 79.865695814314748, 13.32440686797522 ], [ 79.864766555662371, 13.322717521591073 ], [ 79.863878134422791, 13.320205478284468 ], [ 79.863258780170383, 13.31767311795439 ], [ 79.863252641982015, 13.317648020886395 ], [ 79.863288361692668, 13.317673620595054 ], [ 79.863321913768516, 13.31769766779715 ], [ 79.86330118244841, 13.317673840008634 ], [ 79.862744405737018, 13.317033899804208 ], [ 79.862808938012066, 13.316920846416153 ], [ 79.862768623418731, 13.316923335150753 ], [ 79.86270856924537, 13.31692704159075 ], [ 79.862065969288338, 13.31696670836231 ], [ 79.860391075712457, 13.317379462864409 ], [ 79.858901048235523, 13.318013541810458 ], [ 79.858297337245475, 13.318881806627255 ], [ 79.857734863418514, 13.319519525098858 ], [ 79.856521763187502, 13.320117245213034 ], [ 79.854754541665045, 13.320525493357426 ], [ 79.853545572785976, 13.320707336046855 ], [ 79.853533664718583, 13.320650774377343 ], [ 79.853401924985505, 13.320025031234149 ], [ 79.853405302650998, 13.318700878679486 ], [ 79.853311258922233, 13.316829897004144 ], [ 79.853299582620153, 13.316613924139045 ], [ 79.853264348898065, 13.315962161563423 ], [ 79.853206513563478, 13.315962214013263 ], [ 79.851681426637612, 13.31596358994716 ], [ 79.851030913421255, 13.316099679736054 ], [ 79.850703392160241, 13.316330462247597 ], [ 79.850564976148007, 13.316375816417297 ], [ 79.850512097717086, 13.316324127191749 ], [ 79.85047261586206, 13.316285532912474 ], [ 79.850472492792861, 13.316145404594172 ], [ 79.85041202269953, 13.316125284853436 ], [ 79.850052460328939, 13.316005648588497 ], [ 79.849586274222361, 13.316006058571283 ], [ 79.849166697204296, 13.316372517328558 ], [ 79.848554095587872, 13.316497021619963 ], [ 79.84805007333982, 13.316599459388362 ], [ 79.847629912416835, 13.316328630002982 ], [ 79.847588542303029, 13.316291828631998 ], [ 79.847167981629738, 13.315917719069292 ], [ 79.846419863762819, 13.315281077696794 ], [ 79.846416139347653, 13.315280309304629 ], [ 79.845722834882721, 13.315137108582247 ], [ 79.843853844120019, 13.315138682082518 ], [ 79.841389506580882, 13.315185880092983 ], [ 79.840595320411239, 13.314635173707705 ], [ 79.838269636039556, 13.314912786780281 ], [ 79.836686991358548, 13.315230469581449 ], [ 79.83666874837175, 13.3151731286237 ], [ 79.836497239322753, 13.314634031169298 ], [ 79.836086160367259, 13.314223054419042 ], [ 79.836076963415408, 13.314225530943007 ], [ 79.834217586422881, 13.31472627604956 ], [ 79.832589127662359, 13.315414480683636 ], [ 79.829780054446374, 13.317210945982351 ], [ 79.829790987841733, 13.317116604065658 ], [ 79.829798392654595, 13.317052711726241 ], [ 79.829726001917436, 13.317107057367584 ], [ 79.829681755398127, 13.317140273686132 ], [ 79.829189651997268, 13.317509706361077 ], [ 79.827934243811285, 13.317375036998731 ], [ 79.826536059190701, 13.31750720539428 ], [ 79.823513395346282, 13.317694809301823 ], [ 79.819835552435904, 13.318009411421237 ], [ 79.817362342236706, 13.318553616036473 ], [ 79.816309874253193, 13.31823800759714 ], [ 79.815562160628161, 13.318148119905375 ], [ 79.81356350074914, 13.317647985920077 ], [ 79.810766587128882, 13.317279367298294 ], [ 79.808902139146596, 13.317253571736295 ], [ 79.808999068264043, 13.31723539359534 ], [ 79.808990928629285, 13.317207451093298 ], [ 79.808531804179125, 13.315631270214837 ], [ 79.808059664937147, 13.314541558095749 ], [ 79.80787995696457, 13.314126787288682 ], [ 79.806905465442682, 13.313033727303361 ], [ 79.806873159330095, 13.313017255234152 ], [ 79.805834420299107, 13.312487621184159 ], [ 79.804250994083745, 13.311706866762842 ], [ 79.80422212043392, 13.311674424221698 ], [ 79.803599763113482, 13.310975155802065 ], [ 79.803599083088798, 13.309971800136465 ], [ 79.804018399595464, 13.309085678659756 ], [ 79.804580569791824, 13.307901198190763 ], [ 79.80476483940943, 13.307444644373604 ], [ 79.804579658900124, 13.30666736261724 ], [ 79.803831498812386, 13.305845349035019 ], [ 79.803692559980632, 13.305158499322824 ], [ 79.803230610328953, 13.304431142230603 ], [ 79.802681674113316, 13.303454482281634 ], [ 79.802435854627419, 13.303017122995008 ], [ 79.801692028012596, 13.301783812430445 ], [ 79.801645029055251, 13.300504799259238 ], [ 79.801585120408916, 13.300482226907192 ], [ 79.80111292636974, 13.300304314387455 ], [ 79.800435619103382, 13.300049115343098 ], [ 79.799272220860388, 13.299272551205414 ], [ 79.799253089439787, 13.299252477271281 ], [ 79.798574896434559, 13.298540870880606 ], [ 79.79796961159613, 13.297402374991245 ], [ 79.797180067919896, 13.296715878145156 ], [ 79.79716724896079, 13.296709831947561 ], [ 79.795735255346131, 13.296034417575868 ], [ 79.79364410133222, 13.294847090608856 ], [ 79.791732806207847, 13.293524142388486 ], [ 79.791128444837526, 13.293705335676867 ], [ 79.79015056756532, 13.294388351074101 ], [ 79.788895876234946, 13.295026359582012 ], [ 79.785588292833552, 13.296664491580593 ], [ 79.784702956408665, 13.297668370064256 ], [ 79.784371622697563, 13.299096712333005 ], [ 79.783855820841197, 13.300832481909243 ], [ 79.783579542178956, 13.301790795659954 ], [ 79.783021408113157, 13.302202423812313 ], [ 79.781950868721069, 13.302203049749201 ], [ 79.781342142436785, 13.302881332702995 ], [ 79.781199924754276, 13.304250796197564 ], [ 79.780923862585993, 13.305575192996333 ], [ 79.780227373593391, 13.306145032603506 ], [ 79.780222763439355, 13.306077230571585 ], [ 79.780168422551171, 13.306096141255107 ], [ 79.780166637598697, 13.306096761936727 ], [ 79.780122260823646, 13.306112204669693 ], [ 79.779572171171239, 13.306303628911966 ], [ 79.778409113389728, 13.305983414956568 ], [ 79.776826080636468, 13.305667971092861 ], [ 79.775197229312198, 13.305980725917721 ], [ 79.77438089158592, 13.306758541389048 ], [ 79.773407937979812, 13.307992912378227 ], [ 79.772286992320517, 13.308834131612402 ], [ 79.772333101945748, 13.308766318094467 ], [ 79.77217226398399, 13.308804461616155 ], [ 79.770422898274433, 13.309219330706673 ], [ 79.770141783082678, 13.309906448644066 ], [ 79.769584045173929, 13.311136038428645 ], [ 79.769026690845791, 13.313007437380369 ], [ 79.768141189130873, 13.313920806411819 ], [ 79.766651043076308, 13.314830099249312 ], [ 79.765068702025843, 13.315788988768915 ], [ 79.763394112978844, 13.316933338167765 ], [ 79.760829070703096, 13.318480339151138 ], [ 79.760756110434031, 13.318444364183692 ], [ 79.760270528802167, 13.31820494178403 ], [ 79.760264864025956, 13.318184905259276 ], [ 79.760039288074964, 13.317386985000169 ], [ 79.760504599222458, 13.315832041365434 ], [ 79.761251281581593, 13.314050980961504 ], [ 79.761859677285827, 13.312640583647093 ], [ 79.761715854313906, 13.311316487733976 ], [ 79.761530337834699, 13.309490742384991 ], [ 79.761206026254172, 13.307072917313672 ], [ 79.760416180744016, 13.305839570570489 ], [ 79.760369085666909, 13.30393686507921 ], [ 79.760465599762739, 13.303204602624922 ], [ 79.760280170420074, 13.301609384615585 ], [ 79.75976724856254, 13.300375797627156 ], [ 79.758279821708342, 13.297452411587274 ], [ 79.756746684080923, 13.295288373357268 ], [ 79.756691461047154, 13.295234369019694 ], [ 79.756691258027914, 13.29523417056752 ], [ 79.754512218236471, 13.293300854042156 ], [ 79.752416458560077, 13.291656776266196 ], [ 79.752414947593806, 13.291656667859025 ], [ 79.751156652222491, 13.2915670273351 ], [ 79.750275367199535, 13.29170297171313 ], [ 79.748636213995539, 13.291192369032782 ], [ 79.748073124822639, 13.290894348168882 ], [ 79.747726953638022, 13.290686613895986 ], [ 79.747436176167042, 13.290524048740307 ], [ 79.746665371347632, 13.290063419626591 ], [ 79.746397659019905, 13.289887284696512 ], [ 79.74610686807425, 13.28969308133637 ], [ 79.74541453738307, 13.289286646033174 ], [ 79.745091448409667, 13.289092456180352 ], [ 79.744809891246803, 13.288907285927621 ], [ 79.744297576650382, 13.288622792342693 ], [ 79.7442283470847, 13.288591186003673 ], [ 79.744108376180165, 13.288591240207971 ], [ 79.743974574813564, 13.288622934847471 ], [ 79.743739304244016, 13.288754102159489 ], [ 79.743379465192362, 13.288930519424508 ], [ 79.742669028956641, 13.289310462625183 ], [ 79.742341508593938, 13.289532056833822 ], [ 79.741995515275732, 13.289717504623868 ], [ 79.741215907864827, 13.290210459165779 ], [ 79.740892974299996, 13.290373298173821 ], [ 79.740588502012542, 13.290545166383943 ], [ 79.73978582317018, 13.29105168591343 ], [ 79.739462887808713, 13.291214522608165 ], [ 79.739241453989493, 13.291345679776251 ], [ 79.73911686304946, 13.291336694207269 ], [ 79.738793783059222, 13.291160574189819 ], [ 79.738544574229721, 13.291079329814492 ], [ 79.738267673034969, 13.290984538847155 ], [ 79.737949196012238, 13.290776779298112 ], [ 79.737183064228915, 13.290415548347831 ], [ 79.736836946044889, 13.290311745286424 ], [ 79.736527701906653, 13.290113018859889 ], [ 79.735775437416365, 13.289796971214097 ], [ 79.735429309350877, 13.289666050132707 ], [ 79.735203145901664, 13.28951700208998 ], [ 79.73437703630178, 13.289155785874611 ], [ 79.73404474768158, 13.289015819342422 ], [ 79.73390167480288, 13.288943566026504 ], [ 79.733781676050612, 13.288875823004558 ], [ 79.733739864864006, 13.288840361204457 ], [ 79.73371243840009, 13.288817098848298 ], [ 79.733578543608658, 13.288618298633544 ], [ 79.733315350705155, 13.288175501763298 ], [ 79.733176792759082, 13.287854678105047 ], [ 79.733042912340736, 13.287687515036064 ], [ 79.732562720600541, 13.286919405705696 ], [ 79.732488817100446, 13.286729619401058 ], [ 79.732331834707892, 13.286485634323039 ], [ 79.731879373062242, 13.285816939115112 ], [ 79.731740845658905, 13.285563907011628 ], [ 79.731546911067156, 13.285215987875677 ], [ 79.731177574127997, 13.284709959745474 ], [ 79.730955950764255, 13.284353011592167 ], [ 79.730771133174315, 13.283715846668867 ], [ 79.730747950351784, 13.283426613638611 ], [ 79.730743093161038, 13.283399427863271 ], [ 79.730697083248813, 13.28314190991988 ], [ 79.730660125659725, 13.283033458683079 ], [ 79.73062778900443, 13.28293404398679 ], [ 79.730650832588083, 13.282866244207222 ], [ 79.73077077833976, 13.282802925111362 ], [ 79.730955316553633, 13.282730542299987 ], [ 79.731227516864536, 13.282635526877 ], [ 79.731605853126212, 13.282563067078694 ], [ 79.732034919946926, 13.282431834345822 ], [ 79.732699299558007, 13.282273390286214 ], [ 79.73280998906904, 13.282142282419588 ], [ 79.732906820270131, 13.281975026238252 ], [ 79.733114314032761, 13.281613388754586 ], [ 79.733224948746525, 13.281351218574803 ], [ 79.733639920102149, 13.280596307600785 ], [ 79.733898175864866, 13.28025724841941 ], [ 79.734045699895759, 13.279936310252056 ], [ 79.734451433875293, 13.279167844156339 ], [ 79.734645113345493, 13.278887561136663 ], [ 79.734769567741594, 13.278575670149973 ], [ 79.734815369244686, 13.277739559407348 ], [ 79.734916780057077, 13.277495469118833 ], [ 79.734953536423575, 13.277111303767871 ], [ 79.734953317234655, 13.276573492588483 ], [ 79.734976280868253, 13.276311357184236 ], [ 79.734999266061422, 13.276103454801673 ], [ 79.735013075862298, 13.276022098719974 ], [ 79.735036112259436, 13.275936220689186 ], [ 79.735086857191504, 13.275913603210004 ], [ 79.735160672656747, 13.275890975237015 ], [ 79.736055638123148, 13.275492899702535 ], [ 79.736350912560425, 13.275434025424158 ], [ 79.736632304433286, 13.275275728053273 ], [ 79.737439623972378, 13.274940956061219 ], [ 79.737757948281512, 13.274832356899365 ], [ 79.738103950582882, 13.274710186609402 ], [ 79.738348448647017, 13.274601617071017 ], [ 79.738837442080325, 13.274375440067153 ], [ 79.739192670977985, 13.274253265175743 ], [ 79.739460244066819, 13.274158243812115 ], [ 79.740249075379069, 13.273764717126507 ], [ 79.740355140362965, 13.273629089694886 ], [ 79.740419628620586, 13.273380493414608 ], [ 79.740479543555082, 13.273222288257251 ], [ 79.740894452028627, 13.272404094027644 ], [ 79.741018895644928, 13.272092200834145 ], [ 79.741180271697502, 13.271830004636344 ], [ 79.741618273162075, 13.271075071056558 ], [ 79.741715113346302, 13.270953004670153 ], [ 79.74208422121508, 13.270930247709055 ], [ 79.742356445780473, 13.270930127926389 ], [ 79.742896311706673, 13.271002202995462 ], [ 79.743150100147489, 13.271047284985086 ], [ 79.743496122211766, 13.270988379902043 ], [ 79.744391232306967, 13.270987983832377 ], [ 79.744755742598088, 13.271001380254766 ], [ 79.745152527560791, 13.270965046763402 ], [ 79.746033806295543, 13.270987247649906 ], [ 79.746315275423527, 13.271023275998205 ], [ 79.746730522561919, 13.271000490190941 ], [ 79.747477996336798, 13.271022747031072 ], [ 79.747699457105469, 13.271000048656353 ], [ 79.74797169694223, 13.271036079625746 ], [ 79.748082409809399, 13.270986314744086 ], [ 79.748193108303553, 13.270904914106314 ], [ 79.748635774719347, 13.270312665743109 ], [ 79.748619202599002, 13.270191982161881 ], [ 79.748520392409333, 13.269472390965829 ], [ 79.751193033991498, 13.265957777861574 ], [ 79.751642125158241, 13.265367201430815 ], [ 79.754155490050636, 13.262948090263587 ], [ 79.757605380067758, 13.260483246784789 ], [ 79.75965176294622, 13.258570105953892 ], [ 79.759685215309105, 13.258538833210912 ], [ 79.761193400432873, 13.257521143071816 ], [ 79.762591346999926, 13.257425522339732 ], [ 79.764455287434089, 13.257379414804769 ], [ 79.765617554698153, 13.256610502257262 ], [ 79.767107395325482, 13.255787110746237 ], [ 79.768740500172669, 13.255465351564567 ], [ 79.770461222201064, 13.255242944577228 ], [ 79.771392856897407, 13.254555540713492 ], [ 79.771908973164116, 13.253506700418811 ], [ 79.772467086568653, 13.253230655698435 ], [ 79.774141869651757, 13.253189104689005 ], [ 79.77488929581591, 13.253279008578188 ], [ 79.776563742030817, 13.252595650223359 ], [ 79.777776828787111, 13.25213846599558 ], [ 79.779594414355984, 13.251821044232942 ], [ 79.781033840631281, 13.251775059799719 ], [ 79.781596593834266, 13.251589429149725 ], [ 79.781820180915233, 13.251305767132509 ], [ 79.782022791435978, 13.250948579286279 ], [ 79.782170752946428, 13.250171281018218 ], [ 79.782434059935994, 13.249516046110521 ], [ 79.782849458889672, 13.248910614699625 ], [ 79.783080268425493, 13.248793161043036 ], [ 79.783758532397627, 13.248617213918401 ], [ 79.784339948100651, 13.248377865150767 ], [ 79.784616836718982, 13.248192696219721 ], [ 79.785027532992146, 13.247804195578894 ], [ 79.785946125947191, 13.246566179181611 ], [ 79.786716954122838, 13.245694131728893 ], [ 79.787206179321501, 13.245183683311998 ], [ 79.787598438571763, 13.244980377365497 ], [ 79.788664265401877, 13.244750346342196 ], [ 79.78966082673368, 13.244624143847041 ], [ 79.790565187679661, 13.244299071584253 ], [ 79.79092055401955, 13.244141012770593 ], [ 79.791386575734407, 13.243969434398654 ], [ 79.791548088330927, 13.243666641591702 ], [ 79.791949725992779, 13.243070236324989 ], [ 79.792415833945952, 13.242595806221832 ], [ 79.793011158264491, 13.242126004425385 ], [ 79.79408152787498, 13.242112790042578 ], [ 79.794732020430104, 13.242103946059435 ], [ 79.794787465347767, 13.241896148214465 ], [ 79.794810754171479, 13.24135827312992 ], [ 79.794838819337599, 13.240228398774335 ], [ 79.794594702159131, 13.238944811703712 ], [ 79.794500477868979, 13.238266070391505 ], [ 79.79449807128232, 13.238248731048493 ], [ 79.794493681215542, 13.237602444610591 ], [ 79.794392805799021, 13.236043236826321 ], [ 79.794535990068795, 13.2355551122112 ], [ 79.794665272909555, 13.23520715123635 ], [ 79.794702517061211, 13.234185780007639 ], [ 79.794504802358773, 13.232255831614456 ], [ 79.794482343578352, 13.231525493810251 ], [ 79.794481238650548, 13.231489575916841 ], [ 79.794463804147512, 13.230922640204257 ], [ 79.794422714308112, 13.229589363672059 ], [ 79.794381494212956, 13.228771236072847 ], [ 79.794340153743605, 13.228278595944145 ], [ 79.794405152244295, 13.227130699034754 ], [ 79.794493038920123, 13.226321734797427 ], [ 79.794425137064408, 13.226321712935286 ], [ 79.794331640409638, 13.226321682328262 ], [ 79.793731865837174, 13.226357600108763 ], [ 79.793247495134295, 13.226411716816072 ], [ 79.793233658383969, 13.226447850581362 ], [ 79.793251984015754, 13.226804896843166 ], [ 79.793399304129082, 13.22755068427705 ], [ 79.793399153212107, 13.227894112382733 ], [ 79.793293045109081, 13.227966449426946 ], [ 79.793071548407795, 13.228255638233829 ], [ 79.792873360293171, 13.228676508258539 ], [ 79.792854504655352, 13.228716548855335 ], [ 79.793123856408442, 13.228741941942909 ], [ 79.793191318089669, 13.22874830201984 ], [ 79.793163483790579, 13.228987755778574 ], [ 79.793089563222495, 13.229304164931733 ], [ 79.792789696597481, 13.229303998781326 ], [ 79.792351508283375, 13.229272278044828 ], [ 79.792315128311003, 13.229226465997401 ], [ 79.792286886176782, 13.229190901928002 ], [ 79.792260660760391, 13.229189048038503 ], [ 79.792093132146434, 13.229177206756098 ], [ 79.791945508402506, 13.229240511831463 ], [ 79.791142831356808, 13.229308018746446 ], [ 79.79114394257283, 13.229254972166288 ], [ 79.791152211565006, 13.228860577944291 ], [ 79.791088652165413, 13.228856408436142 ], [ 79.791013763213414, 13.228851493873188 ], [ 79.789666598409369, 13.229086007612509 ], [ 79.789661946034528, 13.229162841734546 ], [ 79.789380579314482, 13.229162696571473 ], [ 79.788503979005739, 13.229243762258758 ], [ 79.787719756050905, 13.229162124664015 ], [ 79.787718419357773, 13.229120905346159 ], [ 79.787701575047848, 13.228601737751941 ], [ 79.787664682137461, 13.228416376265294 ], [ 79.787611935758918, 13.228418561588207 ], [ 79.786474488946155, 13.228465697748371 ], [ 79.785740944448094, 13.228451816271699 ], [ 79.785316618935425, 13.228194101100737 ], [ 79.784781631759557, 13.227904594784322 ], [ 79.784394258446085, 13.227619749986706 ], [ 79.784391779095913, 13.22761649341636 ], [ 79.784163689658754, 13.227316838914453 ], [ 79.784025394919098, 13.227036540746395 ], [ 79.783744474661745, 13.225883957728101 ], [ 79.783652343446207, 13.225481764601602 ], [ 79.783551008092246, 13.224993566361984 ], [ 79.783496388726363, 13.224985189610226 ], [ 79.783108174589827, 13.224925655111557 ], [ 79.782231871623424, 13.224604357982667 ], [ 79.782196604663667, 13.224566970795991 ], [ 79.781835295069868, 13.224183937413436 ], [ 79.781438749059078, 13.223573592204421 ], [ 79.781384504290642, 13.223539275216783 ], [ 79.781152873694637, 13.223392741048039 ], [ 79.781119405162073, 13.223393322588546 ], [ 79.780137949900094, 13.223410383149581 ], [ 79.779450530298618, 13.223486973326915 ], [ 79.779422834340068, 13.223627107876357 ], [ 79.778490965183451, 13.223644777070307 ], [ 79.778144995221467, 13.223622038422144 ], [ 79.777955819005768, 13.223585767816632 ], [ 79.77794701192272, 13.223548754758209 ], [ 79.777923574876951, 13.22345025058647 ], [ 79.777937513136919, 13.223183598882946 ], [ 79.778108335873043, 13.222903419267189 ], [ 79.778186857612027, 13.222677462680103 ], [ 79.77811968788329, 13.222642695199021 ], [ 79.777854822316712, 13.222505594599454 ], [ 79.777527324411892, 13.222387920079665 ], [ 79.777525522391443, 13.222362488726722 ], [ 79.77748600729872, 13.221804944934043 ], [ 79.777472320567043, 13.221520218064017 ], [ 79.777325124421225, 13.220643314023748 ], [ 79.777099538588772, 13.21945911257197 ], [ 79.776966011208273, 13.218821811782169 ], [ 79.776730983183867, 13.218324618939013 ], [ 79.776081126636001, 13.217000126281391 ], [ 79.775804561411135, 13.216344662236917 ], [ 79.775597390143702, 13.215503917829174 ], [ 79.775477480324639, 13.215309550137992 ], [ 79.775440808399793, 13.215304896785277 ], [ 79.774905488847239, 13.215236972342737 ], [ 79.774504226681188, 13.21521875683529 ], [ 79.774361208599757, 13.215241273262702 ], [ 79.774259653158566, 13.215413000416167 ], [ 79.774098135172167, 13.215548479260212 ], [ 79.773309329012747, 13.215493942993721 ], [ 79.77291725301879, 13.21545761520985 ], [ 79.772968865723456, 13.2157366262688 ], [ 79.772972432035132, 13.215755904284684 ], [ 79.773087763141191, 13.215810184257027 ], [ 79.773357336778162, 13.215877303103426 ], [ 79.773415209842042, 13.215891711759289 ], [ 79.773447419834866, 13.216099625350418 ], [ 79.773573754404836, 13.216529228340145 ], [ 79.773585645404253, 13.216569663591756 ], [ 79.773857770256654, 13.216605978966756 ], [ 79.774004964605851, 13.216637391770499 ], [ 79.774069949631809, 13.216651259927415 ], [ 79.774051412895943, 13.216954053070312 ], [ 79.774060415811718, 13.217437659566849 ], [ 79.774014062743049, 13.217894085127124 ], [ 79.774032212305045, 13.218662409804567 ], [ 79.774041181983151, 13.219109864949269 ], [ 79.773999710359718, 13.219132451853001 ], [ 79.773944349883735, 13.219164077712394 ], [ 79.773755182651186, 13.219182080418825 ], [ 79.773635257560784, 13.219163948284582 ], [ 79.773621233960853, 13.219124083645028 ], [ 79.773589138054092, 13.219032850133152 ], [ 79.773524682135829, 13.218861038076472 ], [ 79.773367849761925, 13.218734475864743 ], [ 79.773359611312458, 13.218731332862514 ], [ 79.773201848283961, 13.218671143575179 ], [ 79.772759025561271, 13.218612173345713 ], [ 79.772256151360182, 13.218625503564169 ], [ 79.771937880949977, 13.218638946594229 ], [ 79.771596502277362, 13.218589106285471 ], [ 79.771024661716979, 13.218254372624317 ], [ 79.770277535590111, 13.217770479156163 ], [ 79.770065356214957, 13.217725193156157 ], [ 79.769765545285509, 13.217707038176181 ], [ 79.769747072329992, 13.217747691861888 ], [ 79.770023252177566, 13.218945481059793 ], [ 79.769718791568209, 13.218995005596645 ], [ 79.768842131970658, 13.219306464864308 ], [ 79.768825204117448, 13.219243009417115 ], [ 79.768791493039771, 13.219116640670816 ], [ 79.768742886996378, 13.219122991379193 ], [ 79.768722297610083, 13.219125681378987 ], [ 79.767753522966615, 13.21926989540842 ], [ 79.767750345625487, 13.219213901287949 ], [ 79.767721466585741, 13.218704877947154 ], [ 79.767629472812402, 13.21809019979117 ], [ 79.767569789643247, 13.218064584341718 ], [ 79.767555722025904, 13.218058545808052 ], [ 79.766683562089611, 13.218659231820855 ], [ 79.765982348856923, 13.218753854212801 ], [ 79.765949107598132, 13.218764387729122 ], [ 79.764999598224293, 13.219065297172682 ], [ 79.764252215179269, 13.219114621421863 ], [ 79.764228944321829, 13.21906498409721 ], [ 79.763643953323992, 13.217817229089221 ], [ 79.763316706049125, 13.217301831089848 ], [ 79.763104509605981, 13.217107387873341 ], [ 79.763087197273819, 13.217102186231179 ], [ 79.762878592295181, 13.217039505909575 ], [ 79.76212212818092, 13.216786070824559 ], [ 79.761720874099709, 13.216709105122453 ], [ 79.761504083672193, 13.216604990757654 ], [ 79.761492790052444, 13.216582835633467 ], [ 79.761430349055374, 13.216460343138978 ], [ 79.761287698384891, 13.215741648662572 ], [ 79.761223314331858, 13.215221887639391 ], [ 79.761167218135597, 13.21523040027806 ], [ 79.760955776277285, 13.21526248489501 ], [ 79.760941225366309, 13.21520819867915 ], [ 79.760748578060372, 13.21448949963983 ], [ 79.760725817446016, 13.213915535149891 ], [ 79.760781194990017, 13.213820668636238 ], [ 79.761081117310567, 13.213558674658994 ], [ 79.761145859791412, 13.213292027009302 ], [ 79.76101239978459, 13.212609508864821 ], [ 79.760957483974636, 13.21185925670159 ], [ 79.760929254416851, 13.211860901708212 ], [ 79.760898124198974, 13.211862716375224 ], [ 79.759725767057674, 13.211931027428284 ], [ 79.759727304973438, 13.211880356687015 ], [ 79.759735095163563, 13.211623693566612 ], [ 79.759726488404837, 13.21047121787298 ], [ 79.759740997095008, 13.209006907030883 ], [ 79.759787583725611, 13.208179817079198 ], [ 79.75984325861198, 13.207443171607206 ], [ 79.759777795682297, 13.207426728239474 ], [ 79.759644977072583, 13.207393364868565 ], [ 79.758542560962667, 13.207270807417418 ], [ 79.757633857560577, 13.207270347401606 ], [ 79.756771037408271, 13.207523030632094 ], [ 79.756760169589981, 13.207460884826393 ], [ 79.756669878124114, 13.206944502943434 ], [ 79.756616093293133, 13.206951347218125 ], [ 79.756139388812883, 13.207012003785188 ], [ 79.755013725201721, 13.207169630155049 ], [ 79.754676976446092, 13.207187534047065 ], [ 79.754681350343219, 13.207137162293561 ], [ 79.754704834101375, 13.206866737416901 ], [ 79.755073906037552, 13.206821707387641 ], [ 79.754991014893037, 13.206478157787085 ], [ 79.754938593704608, 13.206475965271169 ], [ 79.754552882274453, 13.206459825309805 ], [ 79.752836735365761, 13.206621669150477 ], [ 79.752094081950716, 13.206698208626413 ], [ 79.751646594276764, 13.206738654252382 ], [ 79.751682885315944, 13.207886638375356 ], [ 79.750926384370771, 13.20789528070366 ], [ 79.750082137785284, 13.207994284403139 ], [ 79.750031372191941, 13.208193082276226 ], [ 79.749952460584154, 13.209015581677807 ], [ 79.749998280951829, 13.209648384926744 ], [ 79.750583347408153, 13.211099433878573 ], [ 79.750928832279925, 13.211976415950124 ], [ 79.751103846555139, 13.212514311268823 ], [ 79.751214192909686, 13.213115430707898 ], [ 79.750914351437558, 13.213273473786858 ], [ 79.750881933933883, 13.213350345248607 ], [ 79.750968914209579, 13.214642963672931 ], [ 79.75098693171924, 13.215564958810811 ], [ 79.751009659994224, 13.216084652639379 ], [ 79.750995631004457, 13.216423603599123 ], [ 79.75066811872658, 13.216536474625979 ], [ 79.750243679127891, 13.216599520626717 ], [ 79.750188209057384, 13.216739598791539 ], [ 79.749842204061096, 13.21679815932354 ], [ 79.74983762265316, 13.21682524410048 ], [ 79.749809632047203, 13.217412809252496 ], [ 79.749786150984022, 13.218063629370137 ], [ 79.749753737971943, 13.218339302922582 ], [ 79.749509170737497, 13.218406922170189 ], [ 79.749499973785646, 13.21847921393063 ], [ 79.749578097570961, 13.21904875576813 ], [ 79.749554777306173, 13.21946000194975 ], [ 79.749466986750093, 13.219722078789641 ], [ 79.749010090121828, 13.220128663579226 ], [ 79.74863804655871, 13.220359430572156 ], [ 79.74842648432616, 13.220433177809035 ], [ 79.747971646636557, 13.221674395641125 ], [ 79.746509275592288, 13.221788053914182 ], [ 79.746376162335167, 13.223243420642163 ], [ 79.744125481899829, 13.224292948331502 ], [ 79.742469742202431, 13.225256352587945 ], [ 79.742664304716541, 13.226896814791935 ], [ 79.742771001216127, 13.228293281951704 ], [ 79.742727780572849, 13.228303230029239 ], [ 79.740469215624259, 13.228823092594427 ], [ 79.739076357114996, 13.229497075086764 ], [ 79.739063770819541, 13.229568236361064 ], [ 79.738565531027007, 13.23238531014251 ], [ 79.73804473992756, 13.233610292225373 ], [ 79.73751026928295, 13.23506577986994 ], [ 79.737317082089518, 13.236534770817668 ], [ 79.732639290300412, 13.236875569036537 ], [ 79.732639267842558, 13.236824758320596 ], [ 79.732638480918354, 13.234972891733472 ], [ 79.732813019086478, 13.233273443753617 ], [ 79.732747219288541, 13.23325950221297 ], [ 79.731599687090096, 13.233016349303218 ], [ 79.730276824409444, 13.232533816068775 ], [ 79.730275440105586, 13.232533310628472 ], [ 79.73028638607731, 13.232513893150342 ], [ 79.731192785300678, 13.230905872241964 ], [ 79.731252613098604, 13.230584936282117 ], [ 79.731367372876164, 13.229093451156878 ], [ 79.731112997835481, 13.227597651830045 ], [ 79.730978804803371, 13.226463272141961 ], [ 79.730843806880799, 13.223485003960484 ], [ 79.731420448936404, 13.223502857683512 ], [ 79.731401533111466, 13.222445278566532 ], [ 79.731339532288857, 13.222441113321153 ], [ 79.728324535565406, 13.222238550086409 ], [ 79.728318339884908, 13.222196197993293 ], [ 79.728208831658506, 13.221447642991164 ], [ 79.728153549335886, 13.221452707243554 ], [ 79.725879345616548, 13.221661008746583 ], [ 79.726110278221569, 13.222451776978772 ], [ 79.72481877662581, 13.222944938714816 ], [ 79.724801103170918, 13.222881665235539 ], [ 79.724629427933579, 13.222267060570394 ], [ 79.724581020417858, 13.222272345180007 ], [ 79.723799059420912, 13.222357695588453 ], [ 79.72164514101641, 13.223456713117578 ], [ 79.721619919916506, 13.223391590210001 ], [ 79.720278328260491, 13.219927483646654 ], [ 79.719488825008412, 13.218002422855589 ], [ 79.719449652173836, 13.218014233198131 ], [ 79.7186031768681, 13.218269429155644 ], [ 79.718595425305523, 13.218206907421319 ], [ 79.718385746840099, 13.216515849908422 ], [ 79.718357007039231, 13.216527313137847 ], [ 79.718331244255225, 13.21653758876646 ], [ 79.71672990114152, 13.217176293005759 ], [ 79.71670395330456, 13.217115701055761 ], [ 79.716406748387755, 13.216421674403657 ], [ 79.716375927190342, 13.216450705033582 ], [ 79.715465988604748, 13.217307786562984 ], [ 79.714561946560693, 13.217701316208975 ], [ 79.713828658082491, 13.218081138056236 ], [ 79.712749191233115, 13.218194495421365 ], [ 79.712753051293888, 13.218141720146745 ], [ 79.712790518227749, 13.217629523567574 ], [ 79.712723457195167, 13.217641229860572 ], [ 79.711960238648302, 13.217774457334624 ], [ 79.711863869181244, 13.219265912881786 ], [ 79.710941328130588, 13.21960519698237 ], [ 79.709728448885073, 13.220604357364238 ], [ 79.707938797328296, 13.221513347088381 ], [ 79.706172190253469, 13.222060728963001 ], [ 79.704653228939563, 13.222213318978657 ], [ 79.704480469435694, 13.222230672580148 ], [ 79.704322368640632, 13.22224655526955 ], [ 79.702707822987236, 13.222396149130065 ], [ 79.702454463042798, 13.223770129055319 ], [ 79.702242387872232, 13.224149898600865 ], [ 79.702150301572445, 13.224940761951524 ], [ 79.70220578511767, 13.225243617385381 ], [ 79.702323614438512, 13.225526024259755 ], [ 79.702339661942759, 13.225564487795573 ], [ 79.703255574324984, 13.225703220220014 ], [ 79.703322341608455, 13.225713332807084 ], [ 79.703267111388172, 13.226187851755231 ], [ 79.703746942005594, 13.22658093682446 ], [ 79.70407528971667, 13.229102782695808 ], [ 79.704149515711975, 13.23053537562274 ], [ 79.705211288445213, 13.232799428300417 ], [ 79.70607024314684, 13.234152778825118 ], [ 79.70609745671004, 13.234195657013517 ], [ 79.707045602441283, 13.234269483137988 ], [ 79.707080079781889, 13.234272167723905 ], [ 79.707514705377605, 13.2349401573665 ], [ 79.70754169795525, 13.23498164415777 ], [ 79.711218692856022, 13.235414408255005 ], [ 79.713990404240974, 13.235725910378774 ], [ 79.714065216836147, 13.235734318241663 ], [ 79.713682725866278, 13.23688691937917 ], [ 79.713046394353299, 13.237958272166319 ], [ 79.71191185628544, 13.239111081389897 ], [ 79.711870449340736, 13.23931452427785 ], [ 79.711833863654135, 13.240390172983226 ], [ 79.711681818402411, 13.240991295389936 ], [ 79.711548239817986, 13.241651178113701 ], [ 79.711373054862861, 13.241994720130249 ], [ 79.711239428667724, 13.242501005084709 ], [ 79.711313446253854, 13.242975542927095 ], [ 79.71166419076161, 13.243296318281232 ], [ 79.712199505822554, 13.24382489308657 ], [ 79.712508841588956, 13.244439459987413 ], [ 79.712545830619092, 13.244665447983483 ], [ 79.712066120375894, 13.245140138127772 ], [ 79.711355791938033, 13.245438650575379 ], [ 79.711042189174023, 13.245881596154748 ], [ 79.711021127273867, 13.245907939692071 ], [ 79.710640947669233, 13.246383447614079 ], [ 79.709354222415811, 13.247762235293564 ], [ 79.708966768254015, 13.248083326122009 ], [ 79.708487322115516, 13.249290131696217 ], [ 79.708238437577819, 13.250044943178654 ], [ 79.708778386149021, 13.250532952177636 ], [ 79.709124576198278, 13.251043491679205 ], [ 79.707062224867315, 13.250894997916308 ], [ 79.705253677248521, 13.250895526927245 ], [ 79.703274461403822, 13.251104014858335 ], [ 79.703426959406457, 13.251894909607048 ], [ 79.700981959002135, 13.253025465167983 ], [ 79.700973850808367, 13.253012729668674 ], [ 79.700538879361261, 13.252329560309146 ], [ 79.69982826256421, 13.251972740337269 ], [ 79.699739069737959, 13.251156917649979 ], [ 79.69971263591242, 13.250915130935175 ], [ 79.699655934251652, 13.250918128372092 ], [ 79.6982500861034, 13.2509924216009 ], [ 79.698235748093126, 13.250944459997015 ], [ 79.697631338213796, 13.248922606294689 ], [ 79.696956979218186, 13.246283411081679 ], [ 79.696495370926286, 13.245451902377603 ], [ 79.696167733782616, 13.244986507920522 ], [ 79.696342536055454, 13.243250895367405 ], [ 79.696275605278572, 13.243252569892652 ], [ 79.693971256793219, 13.243310252251954 ], [ 79.693066981187187, 13.243292449822558 ], [ 79.693087063025331, 13.243248758270987 ], [ 79.69401225230952, 13.241235814072768 ], [ 79.69545585934415, 13.239816295709236 ], [ 79.696184586177324, 13.238858030397036 ], [ 79.695935321652286, 13.238555288947021 ], [ 79.695904398945274, 13.238548034571293 ], [ 79.695377095958349, 13.238424333266273 ], [ 79.694067166322824, 13.239554517673767 ], [ 79.693472048616783, 13.239703845573755 ], [ 79.693181572979768, 13.240291420284001 ], [ 79.692969369350081, 13.240499383892356 ], [ 79.692683387984459, 13.240648650002475 ], [ 79.692337367716789, 13.240594439395014 ], [ 79.692336068752866, 13.240558697725872 ], [ 79.692318813912891, 13.24008376692322 ], [ 79.691912672098226, 13.239699668381247 ], [ 79.691898961112045, 13.239700318089017 ], [ 79.689135391158487, 13.239831376267313 ], [ 79.689101177024284, 13.23986717663055 ], [ 79.688180626640232, 13.240830436238815 ], [ 79.687276636698485, 13.241585390254109 ], [ 79.686275678113375, 13.242548275805312 ], [ 79.684901108404958, 13.243701084284845 ], [ 79.684873775365801, 13.243732794398175 ], [ 79.684273823825208, 13.244428815654945 ], [ 79.684214047231251, 13.245278509636977 ], [ 79.684043516447616, 13.246259267612933 ], [ 79.683600755708682, 13.246711293355434 ], [ 79.682788919440341, 13.247710293614553 ], [ 79.682193994872065, 13.248632386618405 ], [ 79.681677519279262, 13.249748855852276 ], [ 79.681617792990949, 13.251045956606347 ], [ 79.68117489301315, 13.251280952625223 ], [ 79.680626060103791, 13.252248219003706 ], [ 79.680423102833331, 13.25247875008734 ], [ 79.680238612230184, 13.252763509847114 ], [ 79.680095744167403, 13.253545399117986 ], [ 79.679962034428925, 13.253988329066214 ], [ 79.679911308361469, 13.254114882580296 ], [ 79.679680788981457, 13.254955541835061 ], [ 79.679542433156371, 13.255240292574719 ], [ 79.679459444993768, 13.255547630005672 ], [ 79.679256630555457, 13.256514826955637 ], [ 79.67921979603554, 13.256898986396481 ], [ 79.679113736441522, 13.257188249262185 ], [ 79.678915532157248, 13.258155444933669 ], [ 79.678852651883986, 13.258363471968989 ], [ 79.678841758912853, 13.258399508309273 ], [ 79.678818732397147, 13.258620964592266 ], [ 79.678634342405289, 13.259452575180704 ], [ 79.678588271407662, 13.259800580185704 ], [ 79.678565260163353, 13.260103386139328 ], [ 79.67842700405123, 13.260925948129554 ], [ 79.678311740318804, 13.261350795972927 ], [ 79.678293341923478, 13.261653601744545 ], [ 79.678390361770795, 13.261780263187507 ], [ 79.678417948134836, 13.261816277162358 ], [ 79.679054697364435, 13.26198337759916 ], [ 79.679825247062311, 13.262136891275121 ], [ 79.680152840188555, 13.262168465208715 ], [ 79.680199039645316, 13.262199933340929 ], [ 79.680258973444424, 13.262240755345342 ], [ 79.680323600042598, 13.262394404384096 ], [ 79.680522343316056, 13.264107229426418 ], [ 79.680540879153625, 13.264500415020056 ], [ 79.680550548619351, 13.264520927254432 ], [ 79.680568574213837, 13.264559163418745 ], [ 79.680771594366362, 13.264590758896425 ], [ 79.681560573002287, 13.264572526095932 ], [ 79.682409548319441, 13.264622071080952 ], [ 79.682750990772405, 13.264680753874073 ], [ 79.683009378587485, 13.264787466358435 ], [ 79.683046309227123, 13.264802717615304 ], [ 79.683184762968608, 13.264969908679898 ], [ 79.683323095437501, 13.265081646785289 ], [ 79.683369353284775, 13.265119012011645 ], [ 79.683846472786655, 13.265358875906063 ], [ 79.683881557388389, 13.265376514092123 ], [ 79.684180449341298, 13.26568588118022 ], [ 79.684204605937623, 13.265710883950403 ], [ 79.684347656358398, 13.265787684652176 ], [ 79.68463833681129, 13.265796663297714 ], [ 79.68491055868175, 13.265787566615622 ], [ 79.685316599885127, 13.265846233389155 ], [ 79.686271721034529, 13.265981610731522 ], [ 79.686663936267379, 13.266108068820124 ], [ 79.687010025705291, 13.266293289686256 ], [ 79.687376416170352, 13.266527053886023 ], [ 79.687420729164998, 13.266555326608533 ], [ 79.687483914865453, 13.266617189790029 ], [ 79.687489954239098, 13.26662310208865 ], [ 79.68757301965681, 13.266681836859094 ], [ 79.68765607698964, 13.266704414978111 ], [ 79.68770683000659, 13.266704403611673 ], [ 79.687739126237659, 13.266695359424052 ], [ 79.687872906943042, 13.266591381844298 ], [ 79.687955922953407, 13.266437702233699 ], [ 79.688108121817024, 13.266171022421601 ], [ 79.688214202072302, 13.265994739880655 ], [ 79.688421757818716, 13.265687372812899 ], [ 79.688518630342315, 13.265596962893902 ], [ 79.688541678417565, 13.265502049186503 ], [ 79.688555499896509, 13.265420695674822 ], [ 79.68851857464675, 13.265361952730464 ], [ 79.688472421902418, 13.265303209771897 ], [ 79.68833855136549, 13.265023035785429 ], [ 79.688495387332637, 13.264860300434986 ], [ 79.688624557883983, 13.264778922226728 ], [ 79.689242683241076, 13.264177697714404 ], [ 79.689514800906935, 13.263743770293976 ], [ 79.689459340717946, 13.26335059221991 ], [ 79.689376111806851, 13.26260490571781 ], [ 79.689316833777909, 13.262581333074943 ], [ 79.688933134573972, 13.262428749120888 ], [ 79.688935470193712, 13.26240898603375 ], [ 79.688969972687147, 13.262116899082464 ], [ 79.688997463829779, 13.261307915573736 ], [ 79.689034333383987, 13.261131649616152 ], [ 79.689131178958135, 13.260937291229936 ], [ 79.689329562905471, 13.260887532149479 ], [ 79.689652527911363, 13.260864861682078 ], [ 79.690150824297788, 13.260855707107531 ], [ 79.690413822266891, 13.260887282081853 ], [ 79.690782938220494, 13.260914312991671 ], [ 79.690972111741218, 13.260936865415559 ], [ 79.691124380673457, 13.260982023593193 ], [ 79.69116311692683, 13.261000080916249 ], [ 79.691221282841497, 13.261027195752204 ], [ 79.691267479603297, 13.261262195242566 ], [ 79.691318307180367, 13.261564985386007 ], [ 79.691364496755654, 13.261772866983621 ], [ 79.691516991165031, 13.262726431574087 ], [ 79.691572419014705, 13.262974987167947 ], [ 79.691641716852331, 13.263336523872226 ], [ 79.691700979609948, 13.263506907333511 ], [ 79.691715593403003, 13.263548919986876 ], [ 79.691844784615569, 13.263557927568783 ], [ 79.691987810781868, 13.263535295821939 ], [ 79.692061620857189, 13.263490084783077 ], [ 79.692070825893907, 13.263395174624657 ], [ 79.692061525635751, 13.263105933133106 ], [ 79.692061490601461, 13.262965830924156 ], [ 79.692093779646029, 13.262929667604858 ], [ 79.692190669237604, 13.262920605789699 ], [ 79.692453665410113, 13.262929581043709 ], [ 79.692712051428543, 13.262965674414632 ], [ 79.693081178161918, 13.263024338371846 ], [ 79.693264894417311, 13.263081718762646 ], [ 79.693298049437814, 13.263092074616324 ], [ 79.693513792429698, 13.263356555310473 ], [ 79.693828816328491, 13.263742743804647 ], [ 79.693921162241381, 13.264004848178867 ], [ 79.693967367088021, 13.264262443246576 ], [ 79.694216769953613, 13.265229539078286 ], [ 79.694359873374992, 13.26550518896201 ], [ 79.694419942819735, 13.265844130590654 ], [ 79.694647138433211, 13.26667236074594 ], [ 79.694655478392292, 13.266702764221543 ], [ 79.695121524361682, 13.266833709926951 ], [ 79.695453749201533, 13.266901418005149 ], [ 79.69559678794424, 13.266923978616955 ], [ 79.69564223191783, 13.266947280667454 ], [ 79.695693694603818, 13.266973668263091 ], [ 79.69574909011412, 13.267077601087948 ], [ 79.695749121555167, 13.267195106242884 ], [ 79.695749143114725, 13.267276455663204 ], [ 79.695693788926917, 13.267330703167261 ], [ 79.695596902928585, 13.267357844401552 ], [ 79.695273925346271, 13.267366966380681 ], [ 79.69500170437415, 13.267380592079501 ], [ 79.694895588186284, 13.267403214724881 ], [ 79.694872533822803, 13.26746197291393 ], [ 79.694909475242241, 13.26757494968512 ], [ 79.695108036157706, 13.268180503374143 ], [ 79.69522805467291, 13.268392887386364 ], [ 79.695334248115927, 13.26865950617962 ], [ 79.695431237420507, 13.269021035301675 ], [ 79.695440488271316, 13.269111421214021 ], [ 79.69543127964134, 13.269183734641112 ], [ 79.695357464176112, 13.269215388972107 ], [ 79.695302099208533, 13.269228962107361 ], [ 79.695016044181031, 13.269287787178474 ], [ 79.694729981068704, 13.269310455111532 ], [ 79.694646939905525, 13.269355670313573 ], [ 79.694563903233927, 13.269414443768406 ], [ 79.694503993689295, 13.269694663402843 ], [ 79.694439446142894, 13.269884493625598 ], [ 79.694379533903302, 13.270155675653669 ], [ 79.694333469193879, 13.270444929738245 ], [ 79.694259659118529, 13.270503701180942 ], [ 79.694033572924468, 13.270512795063446 ], [ 79.693678291924556, 13.270512883370568 ], [ 79.69346604517574, 13.270512935830205 ], [ 79.693392209049279, 13.270467759314 ], [ 79.693389641664183, 13.27045847657498 ], [ 79.693285988656825, 13.270083634432277 ], [ 79.693179764671115, 13.26969046923873 ], [ 79.693119723074147, 13.269455474400553 ], [ 79.693082778959749, 13.269328939364131 ], [ 79.693025056812857, 13.269296650282856 ], [ 79.692953567984247, 13.269256660079213 ], [ 79.692750545136761, 13.269234111924661 ], [ 79.692344500340127, 13.269189015609246 ], [ 79.692072266791612, 13.269166484060715 ], [ 79.691984592118203, 13.269134869068298 ], [ 79.691970120258958, 13.269106534568309 ], [ 79.691961510805285, 13.269089680055197 ], [ 79.691947646207183, 13.268999295009067 ], [ 79.691910535904483, 13.268203883994381 ], [ 79.691864387651705, 13.268172260133356 ], [ 79.69184961755181, 13.268172263630731 ], [ 79.69172135429892, 13.268172294232491 ], [ 79.691629073963014, 13.268172315216555 ], [ 79.691352231158746, 13.268158823335542 ], [ 79.691333032364511, 13.268115599648933 ], [ 79.691306064939695, 13.268054886601453 ], [ 79.691296790732693, 13.267869592759375 ], [ 79.691296761986621, 13.267752087930612 ], [ 79.69125983943178, 13.267706902157697 ], [ 79.691232111133914, 13.267703028841234 ], [ 79.691162941755366, 13.267693367408276 ], [ 79.691010679111358, 13.267693402381795 ], [ 79.690816890046662, 13.267684408942582 ], [ 79.690687713207112, 13.267743193293754 ], [ 79.690295615653582, 13.268122916095184 ], [ 79.690272610697491, 13.268394086100095 ], [ 79.690341890568831, 13.268683313428879 ], [ 79.690392718145901, 13.268986103944572 ], [ 79.6904158982735, 13.26943804110412 ], [ 79.690392896012327, 13.269718251093691 ], [ 79.690392978657357, 13.27005720782954 ], [ 79.690356085746942, 13.270138566783572 ], [ 79.689594874934755, 13.270581646611076 ], [ 79.689221159606888, 13.270676639646735 ], [ 79.688935113562536, 13.270785170720497 ], [ 79.688852068806099, 13.270816825717155 ], [ 79.688805940316243, 13.270866550414558 ], [ 79.688792111650756, 13.270925306017382 ], [ 79.688809627900497, 13.270941135692915 ], [ 79.688852107433632, 13.270979525602645 ], [ 79.689567347859494, 13.271236969012969 ], [ 79.689894760424352, 13.271392889979067 ], [ 79.689908828041709, 13.271399589927844 ], [ 79.690160634799028, 13.2716043942363 ], [ 79.690208800667904, 13.271643570058165 ], [ 79.69091944710938, 13.271968801617138 ], [ 79.691385481400687, 13.272018405422243 ], [ 79.69176604368765, 13.272067127900543 ], [ 79.6917730756997, 13.272068027577976 ], [ 79.691828456836959, 13.272113208168191 ], [ 79.691865401849654, 13.272244262870727 ], [ 79.691962436070028, 13.272800129591692 ], [ 79.691983279679576, 13.272838022594255 ], [ 79.691994749369115, 13.272858873360677 ], [ 79.692020543594168, 13.272871499404658 ], [ 79.692068583698941, 13.272895011595601 ], [ 79.692331582566339, 13.27288138970332 ], [ 79.692497695435449, 13.272894909300247 ], [ 79.69267823165471, 13.272902232597106 ], [ 79.692719173272096, 13.272903893803386 ], [ 79.692797654586911, 13.273071093282571 ], [ 79.692880963448033, 13.27322196038803 ], [ 79.69288997983854, 13.273238290023732 ], [ 79.692996117585992, 13.273297017074677 ], [ 79.6933237268819, 13.273328572946131 ], [ 79.693537902313636, 13.273370474611612 ], [ 79.693554443891244, 13.27337371133466 ], [ 79.693665209759061, 13.273477630055412 ], [ 79.693743815939669, 13.274128407825442 ], [ 79.693748450348224, 13.274205237341603 ], [ 79.693748507840411, 13.274431208165971 ], [ 79.693776251409645, 13.274657172659904 ], [ 79.69381327637241, 13.275095548319493 ], [ 79.693841168163644, 13.275899998098891 ], [ 79.693845858267764, 13.276193759390926 ], [ 79.693841352318287, 13.276618586658604 ], [ 79.693767674295316, 13.27719257205429 ], [ 79.693767685973413, 13.277238883039871 ], [ 79.693767692261616, 13.277264883075445 ], [ 79.693813838717759, 13.277282949679995 ], [ 79.693919966583735, 13.277291961998484 ], [ 79.693954335228199, 13.277302471998125 ], [ 79.693993800015249, 13.27731454087993 ], [ 79.694035342605588, 13.277377801954776 ], [ 79.694053818256023, 13.27745010942353 ], [ 79.694053836222324, 13.277517899349931 ], [ 79.694035398301139, 13.277590216394318 ], [ 79.694030884266823, 13.277978887133958 ], [ 79.694017119381741, 13.278281692290381 ], [ 79.693971152588617, 13.278959616358172 ], [ 79.693925094167369, 13.279285026092785 ], [ 79.693934414188462, 13.279637539407243 ], [ 79.693934454612631, 13.279795719401882 ], [ 79.693897544634254, 13.279813805926869 ], [ 79.693828335729805, 13.279831900319175 ], [ 79.693745280193596, 13.279831921302236 ], [ 79.693126966190277, 13.27980043621946 ], [ 79.692614780052921, 13.279773445005622 ], [ 79.692291783605995, 13.279769002715968 ], [ 79.691867266752183, 13.279732950310576 ], [ 79.691678080655038, 13.279723955568583 ], [ 79.691516587821468, 13.279742071824963 ], [ 79.691470453043436, 13.279773717785449 ], [ 79.691438170287043, 13.279836998328268 ], [ 79.691387454999386, 13.28000874810288 ], [ 79.691295215087678, 13.280185028341675 ], [ 79.691036839849048, 13.280275477419712 ], [ 79.690709232349747, 13.280284592793631 ], [ 79.690566191810433, 13.280293665326877 ], [ 79.690460072029268, 13.280325326078469 ], [ 79.690450848127952, 13.280343405569647 ], [ 79.69042318001722, 13.280415724395247 ], [ 79.690404742095978, 13.280492557167761 ], [ 79.690377094646479, 13.280646224388359 ], [ 79.690326370375672, 13.280777299840057 ], [ 79.69016949578095, 13.280822531267265 ], [ 79.690072609782646, 13.28087226615594 ], [ 79.690035710584027, 13.280935547286653 ], [ 79.690035729448638, 13.281007857192959 ], [ 79.690054199709195, 13.281066605970592 ], [ 79.690081904650867, 13.281147948996152 ], [ 79.690141939959631, 13.281355828698931 ], [ 79.690183520279177, 13.281572750983292 ], [ 79.690151233929569, 13.281626991796976 ], [ 79.69008664326401, 13.281663161949862 ], [ 79.689842103877368, 13.281731011025609 ], [ 79.689763674664846, 13.281785261421085 ], [ 79.689726774567944, 13.281848542313814 ], [ 79.689671460804291, 13.282083565376576 ], [ 79.689643834914364, 13.282332138757548 ], [ 79.689616196448029, 13.282526480900518 ], [ 79.689514782940634, 13.282951330309105 ], [ 79.689431746269037, 13.283032698931489 ], [ 79.689325625589589, 13.283068877617724 ], [ 79.689127220980978, 13.283105079029889 ], [ 79.688813454723601, 13.283127748296007 ], [ 79.688453571654478, 13.28326341238702 ], [ 79.688315161930461, 13.28334027310941 ], [ 79.688209057420664, 13.2834397243591 ], [ 79.688144482026473, 13.283552724297069 ], [ 79.688126053986721, 13.283674752875307 ], [ 79.688093779315196, 13.283783225682502 ], [ 79.688047645435475, 13.283819392016939 ], [ 79.687959985135109, 13.283873644568423 ], [ 79.687664697223113, 13.283991215035883 ], [ 79.687378654772047, 13.284181095281562 ], [ 79.687360214155859, 13.284253408592322 ], [ 79.687378700586109, 13.284384468981765 ], [ 79.687392575065672, 13.284520047565358 ], [ 79.687387990064451, 13.284642073908607 ], [ 79.687351095357428, 13.284727950608117 ], [ 79.687295735779728, 13.284782195962336 ], [ 79.687249600103371, 13.284818362147885 ], [ 79.687060431074201, 13.284895233743333 ], [ 79.686898957105271, 13.285012773990472 ], [ 79.686728272709701, 13.285216186336054 ], [ 79.686631392101262, 13.285302075946504 ], [ 79.686576024438722, 13.285320164683988 ], [ 79.686483732424733, 13.285293069171049 ], [ 79.686442200614223, 13.285284039664129 ], [ 79.686336056578554, 13.2852207911411 ], [ 79.686282001354641, 13.285179820875104 ], [ 79.686192988191451, 13.285112355696032 ], [ 79.686068373895239, 13.284990357566073 ], [ 79.686023425791703, 13.284961022996326 ], [ 79.685985303985973, 13.284936142858076 ], [ 79.685906862197058, 13.284945198606213 ], [ 79.685823810254078, 13.284972332626102 ], [ 79.685606965029351, 13.285094404204242 ], [ 79.685357826268458, 13.285252636596166 ], [ 79.685168667120735, 13.285379221036552 ], [ 79.685090242399809, 13.285460587096336 ], [ 79.685044120198199, 13.285560025237295 ], [ 79.68496580866497, 13.286156605142185 ], [ 79.684901276389908, 13.286463939307625 ], [ 79.684809054444514, 13.286757721037421 ], [ 79.684749085611116, 13.286843603108061 ], [ 79.684702951731381, 13.286888807176584 ], [ 79.684656811563428, 13.286906894921518 ], [ 79.68436612841559, 13.286997344117157 ], [ 79.684130814726913, 13.287087781039356 ], [ 79.683789376765532, 13.287200837854458 ], [ 79.683535609884274, 13.287309357170116 ], [ 79.683327972391211, 13.287350074413331 ], [ 79.683166481354235, 13.287404340163709 ], [ 79.683088049446781, 13.287458589290894 ], [ 79.683088065616474, 13.287535419833675 ], [ 79.683115765168267, 13.287598686112926 ], [ 79.68314346831329, 13.287680029571804 ], [ 79.683175798680352, 13.287820125391695 ], [ 79.68318504773454, 13.287915031249993 ], [ 79.683212766150945, 13.288064165954911 ], [ 79.683212784117273, 13.288145516251815 ], [ 79.683185107023348, 13.288190715706435 ], [ 79.683106668827691, 13.288222368433653 ], [ 79.682931333853887, 13.288272118416744 ], [ 79.682612958340798, 13.288353531590875 ], [ 79.682414547444012, 13.28838972696907 ], [ 79.682156152442417, 13.288439494403114 ], [ 79.682013110106467, 13.288457600391938 ], [ 79.681939275776628, 13.288439536367735 ], [ 79.681893128422175, 13.288421467970853 ], [ 79.681880304073175, 13.288394966429031 ], [ 79.681685392114389, 13.287992165018091 ], [ 79.681634623826127, 13.287946980388979 ], [ 79.681623059813461, 13.287945953127716 ], [ 79.681533106114159, 13.287937960597738 ], [ 79.681408519665723, 13.2879470249765 ], [ 79.681293164305146, 13.287965125756505 ], [ 79.681256254326783, 13.28799224982178 ], [ 79.681247034916993, 13.288037444933645 ], [ 79.68124704929005, 13.288105237148519 ], [ 79.681247063663093, 13.288177548415517 ], [ 79.681247122951916, 13.288466790645174 ], [ 79.681237931389916, 13.288643049877665 ], [ 79.681330385998947, 13.289456526947225 ], [ 79.681367360656054, 13.289741243364562 ], [ 79.681404335313147, 13.290030479358473 ], [ 79.681529105017901, 13.290902703416986 ], [ 79.681552238433085, 13.29119194064868 ], [ 79.681616891082427, 13.291445015840232 ], [ 79.681750881993551, 13.292267523251162 ], [ 79.681778631850989, 13.292574838309292 ], [ 79.681871002916736, 13.292968009275674 ], [ 79.681972705681616, 13.293849276437175 ], [ 79.682009676745452, 13.294111394644951 ], [ 79.682088184111379, 13.294400621930185 ], [ 79.682106675033182, 13.294558798419866 ], [ 79.682130687899061, 13.294577082297074 ], [ 79.682189749434016, 13.294622053250546 ], [ 79.682332799854805, 13.294631062302312 ], [ 79.682568144086233, 13.294649092644264 ], [ 79.682686782789162, 13.294681121326303 ], [ 79.682701972402313, 13.294685222389116 ], [ 79.682757356234532, 13.294734922963348 ], [ 79.682808137099215, 13.294834340691812 ], [ 79.682863553270764, 13.295028664077041 ], [ 79.682867051310495, 13.295108777612397 ], [ 79.682872826579469, 13.29524107530421 ], [ 79.682923628105385, 13.295435400111975 ], [ 79.682923653258243, 13.295552904653405 ], [ 79.682877525666711, 13.295638781861333 ], [ 79.682794481808571, 13.295720149725053 ], [ 79.682716045409535, 13.295765359133142 ], [ 79.682605308287847, 13.295824134061156 ], [ 79.682402288135322, 13.295914564195186 ], [ 79.682157699341346, 13.295824224981752 ], [ 79.682074638415216, 13.295824241592276 ], [ 79.681977738942152, 13.295851377017895 ], [ 79.68191314558166, 13.295905623381508 ], [ 79.681885467589424, 13.295950823138419 ], [ 79.681783974131989, 13.296068348411699 ], [ 79.681737842048875, 13.296131629075582 ], [ 79.681594815882619, 13.29625368104994 ], [ 79.681387153236685, 13.296208529432441 ], [ 79.681299466885193, 13.296163351579461 ], [ 79.681207173074597, 13.296145293374604 ], [ 79.681170266689449, 13.296190493961042 ], [ 79.681142597680378, 13.296280888114779 ], [ 79.68112416065749, 13.296384838115243 ], [ 79.681110326602123, 13.296430035160096 ], [ 79.681064181942617, 13.29643908261103 ], [ 79.681018033689824, 13.296421014810134 ], [ 79.680971880945478, 13.296384867839231 ], [ 79.680911886060898, 13.296357763071487 ], [ 79.680856512110182, 13.296357774436538 ], [ 79.680731922966771, 13.29637587721154 ], [ 79.680648870125495, 13.296421087371575 ], [ 79.68031665067555, 13.296552214622372 ], [ 79.680122860712572, 13.296656198601603 ], [ 79.679232323940496, 13.297008883378034 ], [ 79.678863195410457, 13.297185210711939 ], [ 79.678646328626144, 13.297280159239707 ], [ 79.678286423099138, 13.297429366866421 ], [ 79.678241911576819, 13.297429375608736 ], [ 79.678203361274711, 13.297429382602573 ], [ 79.678143368186781, 13.297411315749709 ], [ 79.678134103861254, 13.2973818471764 ], [ 79.678124898824521, 13.297352567433371 ], [ 79.677944730914533, 13.296313134265755 ], [ 79.677907774223755, 13.296100729223186 ], [ 79.677833865333724, 13.295703033040397 ], [ 79.6777738237368, 13.295427359745718 ], [ 79.677727620686767, 13.295129086185705 ], [ 79.677505964983666, 13.29428851527507 ], [ 79.677381321941368, 13.294021892284537 ], [ 79.677247436133101, 13.293678440428215 ], [ 79.67688735543463, 13.292869529723516 ], [ 79.676804244202856, 13.292598379190251 ], [ 79.676734974212991, 13.292318187743454 ], [ 79.676393364673359, 13.291568024856472 ], [ 79.676324100971698, 13.291314949793287 ], [ 79.676208685424015, 13.291016688660223 ], [ 79.675991661434509, 13.29022582859902 ], [ 79.675940857213632, 13.289986308373525 ], [ 79.675940805111338, 13.28969706533284 ], [ 79.675788369990755, 13.288829362992164 ], [ 79.675756022555703, 13.288580800638176 ], [ 79.6756729041374, 13.288255417355968 ], [ 79.675612803251639, 13.287627228278721 ], [ 79.675561998132423, 13.287369630018155 ], [ 79.675552733806882, 13.287175296125225 ], [ 79.675571140287076, 13.286895088797269 ], [ 79.675723289743374, 13.286217149300647 ], [ 79.675824738285058, 13.285851057600336 ], [ 79.675880033184043, 13.285435261129624 ], [ 79.6758800080312, 13.285295158687042 ], [ 79.675773845130934, 13.285114400625536 ], [ 79.675215383180031, 13.284400429795765 ], [ 79.67515536224434, 13.284206104890409 ], [ 79.675136857847789, 13.28394850124935 ], [ 79.675136785982588, 13.283550792136614 ], [ 79.6750352080835, 13.283198294996675 ], [ 79.674938260999738, 13.282936184231513 ], [ 79.674661343635293, 13.282597275198361 ], [ 79.674628424871727, 13.282586963890502 ], [ 79.674545980189876, 13.282561139281794 ], [ 79.674507342751198, 13.282523309870822 ], [ 79.67448136886307, 13.282497878683408 ], [ 79.674338221424236, 13.281901338744275 ], [ 79.674245911443975, 13.281765772686354 ], [ 79.674205067742932, 13.281750778660763 ], [ 79.674061329212634, 13.28169801192335 ], [ 79.673825999354278, 13.28167997362454 ], [ 79.673752165922778, 13.281652869836611 ], [ 79.673715556879998, 13.28161702666579 ], [ 79.673696784785506, 13.281598647388773 ], [ 79.673530616220887, 13.28127779405237 ], [ 79.673433699679833, 13.28118290308403 ], [ 79.673412489557634, 13.281177203592176 ], [ 79.673198362634935, 13.281119670103722 ], [ 79.672949187043116, 13.281083555824381 ], [ 79.672201632419871, 13.280803474354803 ], [ 79.672158118027497, 13.280765274844933 ], [ 79.671933966804559, 13.280568506881535 ], [ 79.671620160122998, 13.28033806626649 ], [ 79.671477094430827, 13.280188947796587 ], [ 79.671442706023441, 13.28017211416131 ], [ 79.671338655062399, 13.280121178724778 ], [ 79.671214073105546, 13.28013023727544 ], [ 79.671112568868352, 13.280189006374224 ], [ 79.670909565783788, 13.280324621398806 ], [ 79.670701955240176, 13.280509950327517 ], [ 79.670674298807498, 13.280690731052726 ], [ 79.67059128100054, 13.280930273568288 ], [ 79.670475949894467, 13.281079431800123 ], [ 79.670374454640395, 13.281196952912348 ], [ 79.670254490024121, 13.281233126626461 ], [ 79.669820745675679, 13.281201556919378 ], [ 79.669525438899086, 13.281233239409769 ], [ 79.668985569379629, 13.281219759620091 ], [ 79.668708710405696, 13.281183647104227 ], [ 79.668570273732186, 13.281138472573096 ], [ 79.668540458647925, 13.281103972235133 ], [ 79.668316445765527, 13.280844747864093 ], [ 79.668127227329023, 13.280614284779727 ], [ 79.667873393972442, 13.280288922290129 ], [ 79.667790309690133, 13.280094600212985 ], [ 79.667737716923497, 13.280070078910398 ], [ 79.66769340303054, 13.280049419359166 ], [ 79.667587273367928, 13.280031357331918 ], [ 79.66748575924926, 13.280022332000723 ], [ 79.667135063250527, 13.279918435315313 ], [ 79.666835133743461, 13.279886841831308 ], [ 79.666286009779981, 13.279674506339047 ], [ 79.666078357913818, 13.279588666320507 ], [ 79.666030653778989, 13.279549580958463 ], [ 79.665852233990506, 13.279403399637733 ], [ 79.66569069534286, 13.279109659714864 ], [ 79.665492237733673, 13.278784287339988 ], [ 79.665455750861753, 13.278760988173655 ], [ 79.665436515236578, 13.278748704286455 ], [ 79.665386101782829, 13.278716510881685 ], [ 79.665321504829095, 13.278725558118898 ], [ 79.665252300416228, 13.278779799568758 ], [ 79.665183102291579, 13.278897314799856 ], [ 79.665044708737213, 13.279132343342853 ], [ 79.664938618600473, 13.279399003678964 ], [ 79.664684885855209, 13.279751552673979 ], [ 79.664634145414709, 13.279864545586049 ], [ 79.664624934988112, 13.279995609219696 ], [ 79.664624950259451, 13.280104075802495 ], [ 79.664643422316644, 13.280217058933268 ], [ 79.664675765260142, 13.280533414567106 ], [ 79.664675802091054, 13.280800061124099 ], [ 79.664731285636279, 13.281618068816771 ], [ 79.664712857596513, 13.281830484791897 ], [ 79.664712872867895, 13.281938951429083 ], [ 79.664782097941995, 13.282015770605135 ], [ 79.664957459865263, 13.282164888827081 ], [ 79.665109748560425, 13.282295931984368 ], [ 79.6654881719587, 13.282666473907414 ], [ 79.665691239721937, 13.282946651146927 ], [ 79.665838935331053, 13.283213276692923 ], [ 79.666263533931556, 13.283796223601605 ], [ 79.666355853793291, 13.284035741195281 ], [ 79.666466628644244, 13.284248137568866 ], [ 79.666655927929128, 13.28502093272915 ], [ 79.666669796120487, 13.285192669218432 ], [ 79.666642224129475, 13.285979052803572 ], [ 79.666573050259316, 13.286254747328226 ], [ 79.666536154653997, 13.286390335358092 ], [ 79.666314735207791, 13.286869424638221 ], [ 79.666236314080152, 13.287027614781996 ], [ 79.666291723065186, 13.28728069519228 ], [ 79.666411735292186, 13.28754732471884 ], [ 79.66625023796702, 13.287588021814017 ], [ 79.665922614298083, 13.287560951033795 ], [ 79.665608832769337, 13.287533876753487 ], [ 79.665433488812383, 13.287547459355855 ], [ 79.665327369031274, 13.287624302984481 ], [ 79.665202820312061, 13.287904524332703 ], [ 79.664889145682849, 13.288650271284959 ], [ 79.664672296864808, 13.288849155402669 ], [ 79.664483162869956, 13.289260447079885 ], [ 79.663874131158465, 13.289766700894818 ], [ 79.663504985560451, 13.28983001992194 ], [ 79.663057372122353, 13.28971257293145 ], [ 79.663000586020004, 13.289669056708389 ], [ 79.662951230781658, 13.289631236273921 ], [ 79.662651249172313, 13.289287798307997 ], [ 79.66240665588677, 13.289048299012777 ], [ 79.662268195857067, 13.288835903344053 ], [ 79.662209014846155, 13.288794104014038 ], [ 79.661986692593103, 13.28863708216241 ], [ 79.661983693118358, 13.288633462715989 ], [ 79.661469802876923, 13.288013464729195 ], [ 79.661183685865709, 13.287801085639789 ], [ 79.661181493976386, 13.287800190391962 ], [ 79.660819131557076, 13.287651986618075 ], [ 79.660057720420568, 13.287308599180438 ], [ 79.659757786421949, 13.287308633276851 ], [ 79.659439377671163, 13.28716404779685 ], [ 79.659410534564032, 13.287134144341513 ], [ 79.659204017270113, 13.286920026436398 ], [ 79.658908670967634, 13.286685048273972 ], [ 79.658691770047326, 13.286454581118662 ], [ 79.658604063932884, 13.286156308764181 ], [ 79.658604047763191, 13.286011686752367 ], [ 79.658636337706071, 13.285921294891224 ], [ 79.658691701775354, 13.285844458591717 ], [ 79.658728606363866, 13.285754066668298 ], [ 79.658728598279026, 13.285686274670732 ], [ 79.65870551427119, 13.285577810582661 ], [ 79.65865010079456, 13.285211745020273 ], [ 79.658603923795695, 13.284913467640949 ], [ 79.65834083958832, 13.284312411873525 ], [ 79.658170082429223, 13.284045784037964 ], [ 79.658118158907484, 13.284015656382937 ], [ 79.65792089156605, 13.283901189619524 ], [ 79.657833215096005, 13.283846965925378 ], [ 79.657708632240812, 13.283869575671206 ], [ 79.657694799982067, 13.283969003972736 ], [ 79.657694818846679, 13.284145262101182 ], [ 79.657662534293692, 13.284289887848226 ], [ 79.657561021971659, 13.28431249405565 ], [ 79.657445666611082, 13.284335103758094 ], [ 79.657445671102622, 13.284380297802617 ], [ 79.657445684577354, 13.284511361620632 ], [ 79.65739031871145, 13.284556561752279 ], [ 79.657150382292343, 13.284624376796613 ], [ 79.657016569247602, 13.284646988218554 ], [ 79.656947365733075, 13.284746422321508 ], [ 79.656924311369636, 13.284913644244657 ], [ 79.656859718907427, 13.284990480838927 ], [ 79.656767434978278, 13.285013086981085 ], [ 79.656462898012137, 13.28508994714932 ], [ 79.65617681513686, 13.285144209033787 ], [ 79.656093759600637, 13.285162295160225 ], [ 79.655203206658882, 13.285288925110022 ], [ 79.65488483204409, 13.285424538159251 ], [ 79.654718734446362, 13.285609850079551 ], [ 79.654580305857721, 13.285632459661084 ], [ 79.654557244307767, 13.285731889863136 ], [ 79.654557254189228, 13.285831317401614 ], [ 79.654557296410019, 13.286265181752482 ], [ 79.65452502623009, 13.28658606259156 ], [ 79.654409696022341, 13.286888875369559 ], [ 79.654049846190887, 13.287630094122873 ], [ 79.653925272318872, 13.287774727409715 ], [ 79.653699199599529, 13.288127261614729 ], [ 79.65360693094172, 13.288317086167931 ], [ 79.653583878374903, 13.288529500650398 ], [ 79.65359312473413, 13.288728355142194 ], [ 79.653616235691459, 13.289139619922173 ], [ 79.653616253657759, 13.289347512886719 ], [ 79.65360703784124, 13.289483096565334 ], [ 79.653514755708741, 13.289546376324806 ], [ 79.653325566916635, 13.289568990785069 ], [ 79.653117922237016, 13.289605164125391 ], [ 79.653007178827124, 13.289636809673956 ], [ 79.6528595362186, 13.289835677246179 ], [ 79.652665748052243, 13.290034548152386 ], [ 79.652610382186339, 13.290102344180452 ], [ 79.65261039476276, 13.290260524347781 ], [ 79.652610407339196, 13.290391587612103 ], [ 79.652633501228507, 13.290644672381246 ], [ 79.652587370043733, 13.290789297750976 ], [ 79.652448946844956, 13.290911334929088 ], [ 79.652222857057609, 13.291110207576141 ], [ 79.651987531690835, 13.291232251586836 ], [ 79.651932164926635, 13.291300048154374 ], [ 79.651909105173274, 13.291444671384811 ], [ 79.651909123139575, 13.291657083128491 ], [ 79.651886058894675, 13.291756512609753 ], [ 79.651839918726722, 13.29181075027264 ], [ 79.651793775863837, 13.291833351408032 ], [ 79.651544603865275, 13.291928279300947 ], [ 79.651221600231835, 13.292014174403285 ], [ 79.650358712705881, 13.292226653839665 ], [ 79.650095692278882, 13.292262829406399 ], [ 79.649869586321898, 13.292289961733598 ], [ 79.649795754687005, 13.292289967853355 ], [ 79.649680392139899, 13.292271898869023 ], [ 79.64967532474337, 13.292236351014767 ], [ 79.64965269079147, 13.29207756540645 ], [ 79.649643453415422, 13.291969099804673 ], [ 79.649624993934637, 13.291951023802449 ], [ 79.649584982073577, 13.291953476075042 ], [ 79.649477331563162, 13.291960073168994 ], [ 79.649325055444436, 13.291960085408519 ], [ 79.649294905288542, 13.291915797625396 ], [ 79.649288134686245, 13.291905853898795 ], [ 79.649269664425702, 13.291729597911473 ], [ 79.649246574129634, 13.291485551419083 ], [ 79.649188980441835, 13.291476468813274 ], [ 79.648559012594319, 13.291377132762179 ], [ 79.648314447156537, 13.291359071578146 ], [ 79.648023737059205, 13.291359091685944 ], [ 79.647137754745643, 13.2912145278537 ], [ 79.646745525139778, 13.291169358687123 ], [ 79.646556329161172, 13.291115136617375 ], [ 79.645568828237302, 13.290929898842638 ], [ 79.645236585431149, 13.290853086860034 ], [ 79.644899728877732, 13.290798872587912 ], [ 79.644092191048017, 13.290568425077362 ], [ 79.643658426038343, 13.290419306774387 ], [ 79.643224667316886, 13.290333459191329 ], [ 79.642606328160738, 13.290197904838498 ], [ 79.642481736322409, 13.29014819721467 ], [ 79.642474825582909, 13.290125641383645 ], [ 79.642454044855455, 13.290057810391794 ], [ 79.642441862801888, 13.290019037077341 ], [ 79.642417124097278, 13.289940305810617 ], [ 79.642398652938397, 13.289646545419977 ], [ 79.642426327337375, 13.289379897218369 ], [ 79.642472436064267, 13.288643229975696 ], [ 79.642518561859163, 13.28826811516306 ], [ 79.642523161233399, 13.287924639422464 ], [ 79.642523118114269, 13.287011715339585 ], [ 79.642555405362216, 13.286740548641266 ], [ 79.642587683627013, 13.286284085238663 ], [ 79.64268916091477, 13.285466065296353 ], [ 79.642716837110342, 13.285271728130251 ], [ 79.642762965600198, 13.284959885563701 ], [ 79.642762961108616, 13.284878536821514 ], [ 79.642716816449109, 13.284842382884802 ], [ 79.642701875669289, 13.284842383759099 ], [ 79.642642988407488, 13.284842386381898 ], [ 79.642555316428997, 13.284860469033735 ], [ 79.642370750367348, 13.284996059591213 ], [ 79.642209253042196, 13.285095494425425 ], [ 79.642116970011415, 13.285154250082076 ], [ 79.642038523730889, 13.285100021422284 ], [ 79.642037042409001, 13.285097117954434 ], [ 79.641941614376364, 13.284910209214878 ], [ 79.641886235035741, 13.284742993409269 ], [ 79.641840091274531, 13.284724916868628 ], [ 79.641833764439966, 13.284724916868628 ], [ 79.641775489829158, 13.284724920365724 ], [ 79.641641676784459, 13.284770119583291 ], [ 79.641549389262053, 13.284743007397704 ], [ 79.641530979188644, 13.284711454758408 ], [ 79.641512472097148, 13.284679736876726 ], [ 79.641480169577846, 13.284616466339271 ], [ 79.641360181605336, 13.284254916722245 ], [ 79.641314022572772, 13.28387076731431 ], [ 79.641272477287515, 13.283464020631019 ], [ 79.641184788241048, 13.283066315095757 ], [ 79.641064802963498, 13.282709284965105 ], [ 79.640954043383914, 13.282293502345606 ], [ 79.640954037095725, 13.282139842287835 ], [ 79.640963261895351, 13.282058492600399 ], [ 79.641037087242054, 13.281981658574987 ], [ 79.641138598665805, 13.281918382962703 ], [ 79.641244722938495, 13.281837028829603 ], [ 79.641290861309812, 13.281733081337949 ], [ 79.641313920164848, 13.281434797060346 ], [ 79.641341596360419, 13.281208824885489 ], [ 79.641189294190525, 13.280436008844086 ], [ 79.641106227874516, 13.280205521765756 ], [ 79.641013931368974, 13.279911762704701 ], [ 79.641023156168643, 13.279830413144833 ], [ 79.641041610259506, 13.279762621241247 ], [ 79.641101592567665, 13.279703866027964 ], [ 79.641373819827976, 13.279410092371116 ], [ 79.641392272122246, 13.279310663950682 ], [ 79.641346120276197, 13.279071137322882 ], [ 79.641327655405533, 13.278894879006987 ], [ 79.641373765030735, 13.278135614247974 ], [ 79.641350681921196, 13.277846371071455 ], [ 79.641350668446478, 13.277502894570324 ], [ 79.64136908840139, 13.276639683654611 ], [ 79.641322932962083, 13.276336884319202 ], [ 79.641304462701527, 13.275997927603555 ], [ 79.641267534756821, 13.275649934429367 ], [ 79.641267531163564, 13.275586662412676 ], [ 79.6412444866816, 13.275560329959802 ], [ 79.641239845086517, 13.275555026398141 ], [ 79.64120621216226, 13.275573330942111 ], [ 79.641198319564197, 13.275577626424525 ], [ 79.641115269417838, 13.275668016891641 ], [ 79.641004533194462, 13.275767449426695 ], [ 79.640833820052819, 13.276016024028859 ], [ 79.640690785801681, 13.276142573942161 ], [ 79.640118649695552, 13.276653289598611 ], [ 79.639804890624703, 13.276775326016635 ], [ 79.639684925110089, 13.276838601220827 ], [ 79.63955111655693, 13.276910917593215 ], [ 79.639477293006905, 13.27699678828486 ], [ 79.639477295701823, 13.277078137919867 ], [ 79.639514220053286, 13.277399016041404 ], [ 79.639569603885477, 13.277796723867338 ], [ 79.63957884215985, 13.278072409325846 ], [ 79.639680383227997, 13.278863304624313 ], [ 79.639625028141893, 13.279306211161025 ], [ 79.639606584830773, 13.279708440337304 ], [ 79.63961122193426, 13.280368277435782 ], [ 79.639542020216354, 13.280689157328837 ], [ 79.639477432245755, 13.280991961727576 ], [ 79.63935287364508, 13.281769307429398 ], [ 79.639246754762269, 13.28205403374111 ], [ 79.639209851970392, 13.282374914028502 ], [ 79.639117591397437, 13.283134181264915 ], [ 79.639103759138692, 13.28345506012425 ], [ 79.639066855448547, 13.283775941182164 ], [ 79.638942295051237, 13.28458492242631 ], [ 79.638859250294786, 13.284950997677035 ], [ 79.638831572302564, 13.285208606373841 ], [ 79.638790077322966, 13.286261632212327 ], [ 79.638785462677347, 13.286270671299839 ], [ 79.638711648110444, 13.286722617378146 ], [ 79.638688582967205, 13.286962146071577 ], [ 79.638679357269254, 13.287048015830123 ], [ 79.638642448189159, 13.287233313396477 ], [ 79.638577853032018, 13.287418611695619 ], [ 79.638467109622098, 13.287486406706186 ], [ 79.638342519580448, 13.287441215863021 ], [ 79.638328808594238, 13.287414359261797 ], [ 79.63828714562969, 13.287332750810908 ], [ 79.638254834127224, 13.286984756401406 ], [ 79.638227120202401, 13.286026639423916 ], [ 79.638204030804644, 13.285461712286841 ], [ 79.638180933322076, 13.284553307692777 ], [ 79.638134784170987, 13.284358974167088 ], [ 79.638047108599238, 13.284250510359996 ], [ 79.637991641223692, 13.284213470685739 ], [ 79.63794559268392, 13.284182720565232 ], [ 79.637701032636059, 13.284119456018162 ], [ 79.637511843843939, 13.284029073069227 ], [ 79.637458659087542, 13.283988864099209 ], [ 79.63724882341694, 13.283830225217461 ], [ 79.63723995435015, 13.283825732293808 ], [ 79.637115005880659, 13.283762437053838 ], [ 79.636805847980682, 13.28372176904257 ], [ 79.636404402558284, 13.283708220322969 ], [ 79.636012188223773, 13.283721785653919 ], [ 79.635753786933989, 13.283699194254192 ], [ 79.635476927960056, 13.283590732775076 ], [ 79.635333882929174, 13.28349130781571 ], [ 79.635331319137336, 13.283488065107598 ], [ 79.635112391617767, 13.283211107599335 ], [ 79.634734015830219, 13.282908312089038 ], [ 79.634722418579884, 13.282904026353435 ], [ 79.634489457578937, 13.282817926066198 ], [ 79.634212598604989, 13.282664269837611 ], [ 79.634196032772849, 13.282645095041426 ], [ 79.634111082689699, 13.282546766047222 ], [ 79.634032640002459, 13.282447339785902 ], [ 79.633999064570375, 13.28243837224732 ], [ 79.633829610866769, 13.282393108772665 ], [ 79.633552753689457, 13.2823931122698 ], [ 79.633317427424387, 13.282402152375688 ], [ 79.633262055270265, 13.282384075660714 ], [ 79.633257654423673, 13.282358213436146 ], [ 79.633252825979056, 13.28232984201049 ], [ 79.633294352399673, 13.282162622678397 ], [ 79.63350660633499, 13.281868858991531 ], [ 79.633746542754139, 13.281394316631079 ], [ 79.633926498661751, 13.281394314008203 ], [ 79.634060310808152, 13.281340080136856 ], [ 79.634138750800432, 13.28119997707876 ], [ 79.63418489276502, 13.281068913221102 ], [ 79.634249490617094, 13.281023717685688 ], [ 79.634415604384486, 13.280992078882456 ], [ 79.634549415632577, 13.28091524714236 ], [ 79.634618627231944, 13.280770626378724 ], [ 79.634604782396821, 13.280544653585567 ], [ 79.634692436408955, 13.279491625673868 ], [ 79.63474779688498, 13.278890541616937 ], [ 79.634613981145321, 13.278628416582928 ], [ 79.634434025237709, 13.278497355708375 ], [ 79.634401716430204, 13.277742611594499 ], [ 79.63436479836696, 13.277426253198298 ], [ 79.634309426212837, 13.277326825714017 ], [ 79.634261377124915, 13.27730665728774 ], [ 79.63414792978601, 13.27725903660858 ], [ 79.633838779970873, 13.277245482282465 ], [ 79.633557315334485, 13.277259042728719 ], [ 79.633022072138743, 13.277444345145621 ], [ 79.632634482331312, 13.277629643923895 ], [ 79.6323530167966, 13.277607047585708 ], [ 79.632094621795019, 13.277521180607119 ], [ 79.631637818591557, 13.277349443935883 ], [ 79.631554763055362, 13.277295210909481 ], [ 79.631554763055362, 13.277291375340987 ], [ 79.631554762157037, 13.27718674482038 ], [ 79.63162397465473, 13.276902019794504 ], [ 79.631707029292642, 13.276671529361158 ], [ 79.631725485180141, 13.276517869242142 ], [ 79.631822382856598, 13.276477193897035 ], [ 79.631974649992202, 13.276450077287933 ], [ 79.632057704630114, 13.276450076413649 ], [ 79.63207154677032, 13.276395843186377 ], [ 79.6320853880122, 13.276246702186137 ], [ 79.632196126032213, 13.275799278635755 ], [ 79.632334548332665, 13.275406086847136 ], [ 79.632362231714779, 13.275284062855603 ], [ 79.63241760207228, 13.275247906615659 ], [ 79.632611395628516, 13.275220788994964 ], [ 79.632874401682443, 13.275220787246345 ], [ 79.632915929001399, 13.275166553744565 ], [ 79.632929770243308, 13.275098763161736 ], [ 79.632971293969007, 13.274746246755067 ], [ 79.633118943764046, 13.274434404656439 ], [ 79.63339116922775, 13.273602827849398 ], [ 79.633488062412624, 13.273277427986399 ], [ 79.633543429176825, 13.273037898030289 ], [ 79.633847949973315, 13.27223795638991 ], [ 79.633930999221306, 13.271885439328338 ], [ 79.634060188637278, 13.271569077673837 ], [ 79.634046345598748, 13.271487728816462 ], [ 79.633990977037882, 13.27146061165028 ], [ 79.633987784425358, 13.27146061165028 ], [ 79.633866396877636, 13.271460614273259 ], [ 79.633561867996335, 13.271433500601361 ], [ 79.633271182153536, 13.27143350322434 ], [ 79.632777477056564, 13.271379274122831 ], [ 79.632403736575853, 13.271352159567542 ], [ 79.63222378875308, 13.271338602288726 ], [ 79.632043840031997, 13.271297927824888 ], [ 79.632016092869492, 13.27126169142792 ], [ 79.632002313611352, 13.271243695195787 ], [ 79.631960786292396, 13.270931853846296 ], [ 79.631863888615982, 13.270529625871021 ], [ 79.63185004467914, 13.270055085832258 ], [ 79.63183620164061, 13.269783920304167 ], [ 79.631762377192231, 13.269725167048287 ], [ 79.63175360873673, 13.269723259259059 ], [ 79.631637798828621, 13.269698051434037 ], [ 79.631360956024366, 13.269698052308385 ], [ 79.630941078969002, 13.26974324732865 ], [ 79.630696535989088, 13.26977036293786 ], [ 79.6297691161881, 13.269716127344777 ], [ 79.629404606795234, 13.269693527647325 ], [ 79.628975502245282, 13.26972064238775 ], [ 79.628767870142099, 13.269734198008159 ], [ 79.628670975160603, 13.269801988339534 ], [ 79.628643289083527, 13.269924013336428 ], [ 79.628629446045025, 13.270059595622952 ], [ 79.628574076585821, 13.270100270294162 ], [ 79.628518708024998, 13.270100269419816 ], [ 79.628228023978821, 13.270100265922503 ], [ 79.627845057800172, 13.270127378868876 ], [ 79.627678952117606, 13.270154492686558 ], [ 79.627637424798635, 13.270235841990379 ], [ 79.627609739619928, 13.270339788283385 ], [ 79.627623574573605, 13.270773654088721 ], [ 79.627678938642873, 13.271121650752244 ], [ 79.627692778088161, 13.271325024899735 ], [ 79.62766509290941, 13.271433491858131 ], [ 79.62757742362588, 13.271523878621583 ], [ 79.627411317045016, 13.271591667579212 ], [ 79.627065259946434, 13.27169560979481 ], [ 79.626899151568907, 13.27177695595959 ], [ 79.626746887128263, 13.27180407134181 ], [ 79.626530024835532, 13.271871859346902 ], [ 79.626433127159089, 13.271966763571475 ], [ 79.626350073419502, 13.272061672130562 ], [ 79.626156275371685, 13.272359950436291 ], [ 79.625865583240667, 13.272576876385846 ], [ 79.625796369844679, 13.272698899114534 ], [ 79.625713313410145, 13.272834481600976 ], [ 79.625616415733703, 13.272875154058889 ], [ 79.625321111652013, 13.272961017434394 ], [ 79.625030420419336, 13.273110151709236 ], [ 79.624850466308388, 13.273286404606534 ], [ 79.624504389446869, 13.274027582709776 ], [ 79.62439364603695, 13.274190278696006 ], [ 79.624352116023033, 13.274258070406724 ], [ 79.62424137800302, 13.274258066909475 ], [ 79.624102956600893, 13.274203829695415 ], [ 79.623964534300455, 13.274136033597987 ], [ 79.623826113796639, 13.274054681228773 ], [ 79.623719988625609, 13.274068235732999 ], [ 79.623664617369784, 13.274136025729142 ], [ 79.623456970893542, 13.274474977174735 ], [ 79.623281628733267, 13.274655748404387 ], [ 79.622783281142873, 13.275320088817963 ], [ 79.6225525641335, 13.275591247291292 ], [ 79.622427974990103, 13.275808175600577 ], [ 79.621874248957411, 13.276549343384623 ], [ 79.621625073365593, 13.276861173150001 ], [ 79.621454337766053, 13.277136852676328 ], [ 79.62096982423104, 13.277774073337996 ], [ 79.620720648639207, 13.277990995325688 ], [ 79.620512995874762, 13.278311866120713 ], [ 79.620083850900599, 13.27888129592035 ], [ 79.61982544062765, 13.279193125313641 ], [ 79.619645473940267, 13.279450724384422 ], [ 79.619548570873945, 13.279559185964882 ], [ 79.619451667807624, 13.279636012888421 ], [ 79.619368611373076, 13.279676684207162 ], [ 79.619096367044762, 13.279780617716398 ], [ 79.61878259270253, 13.27991618575728 ], [ 79.618464206409627, 13.280011078095066 ], [ 79.617605947902362, 13.280227966609468 ], [ 79.617301403749678, 13.28031833960805 ], [ 79.617089141729508, 13.280435832237121 ], [ 79.616300091228339, 13.280720512027001 ], [ 79.615944789567166, 13.28078828268008 ], [ 79.615612558439125, 13.280883171179813 ], [ 79.615446445570058, 13.280896719182808 ], [ 79.615377228580769, 13.280937390290321 ], [ 79.615169544375291, 13.281610772011412 ], [ 79.61494804587737, 13.281827689696525 ], [ 79.614740388621371, 13.28205816736596 ], [ 79.614117417751586, 13.282695366366907 ], [ 79.613983602011928, 13.282731511880606 ], [ 79.613863630209096, 13.282740543231077 ], [ 79.613814774434047, 13.282729055143404 ], [ 79.61351756502566, 13.282659170139313 ], [ 79.61324533057882, 13.282550684589708 ], [ 79.612387095427735, 13.282293016242999 ], [ 79.612013349557131, 13.282157406689556 ], [ 79.611759573692751, 13.282044400856226 ], [ 79.610956715187356, 13.281746056635395 ], [ 79.61062450292394, 13.281583331614923 ], [ 79.610366113312224, 13.281488402297351 ], [ 79.609618629655884, 13.281176500663575 ], [ 79.609286412900914, 13.281081565066861 ], [ 79.609018795794611, 13.280982114599485 ], [ 79.608188260195277, 13.280670200949382 ], [ 79.607980630787054, 13.280548157746205 ], [ 79.60779145726633, 13.280439674750292 ], [ 79.607057828326589, 13.28009161100452 ], [ 79.606753301241923, 13.27996955701893 ], [ 79.606706587050525, 13.279932113641955 ], [ 79.606601043089483, 13.279847518709264 ], [ 79.606365739282268, 13.279644121973005 ], [ 79.606337493554761, 13.279629363876012 ], [ 79.606158110772341, 13.279535635075939 ], [ 79.606088895579688, 13.279549186651321 ], [ 79.606088888393174, 13.279616978614511 ], [ 79.606061186146448, 13.279793232908936 ], [ 79.606074981574238, 13.280240656967928 ], [ 79.60610264429512, 13.280466630918387 ], [ 79.606227148996865, 13.281253023696944 ], [ 79.606268644874788, 13.281578425985805 ], [ 79.606282460065515, 13.281845074017722 ], [ 79.606443887322101, 13.282568197378941 ], [ 79.606554586714552, 13.282988515306927 ], [ 79.606637611708067, 13.283313921389055 ], [ 79.606817498445395, 13.284028007323087 ], [ 79.606937436112219, 13.284380533857597 ], [ 79.607043534333812, 13.284696904173066 ], [ 79.607320321442515, 13.285442634756063 ], [ 79.607458726674992, 13.285686696070348 ], [ 79.607624809001322, 13.286048265410924 ], [ 79.608104642313691, 13.286658431138886 ], [ 79.608381476134824, 13.286956737846829 ], [ 79.608602944090009, 13.287187248238524 ], [ 79.608685986151514, 13.287377070904382 ], [ 79.608713663245425, 13.287467462223177 ], [ 79.608685973575092, 13.287494576727157 ], [ 79.60863060142097, 13.28750812873241 ], [ 79.608086107374461, 13.287490002564569 ], [ 79.607629280814805, 13.287530636722192 ], [ 79.607227822816014, 13.287611949604541 ], [ 79.606554080963051, 13.288045749572763 ], [ 79.606235671313968, 13.288217456818881 ], [ 79.60600033696403, 13.28823099304703 ], [ 79.605788079435442, 13.28819933594964 ], [ 79.605095948170259, 13.28794165873842 ], [ 79.604846783358241, 13.287833166807822 ], [ 79.604500717276508, 13.287724665211748 ], [ 79.603674775661545, 13.28744437458869 ], [ 79.603356394758563, 13.287349431827041 ], [ 79.603102615300926, 13.287259015984795 ], [ 79.602582317376545, 13.287092015993549 ], [ 79.602299746914028, 13.28700131941523 ], [ 79.60200905568135, 13.286879261910473 ], [ 79.60170451781687, 13.2867978770925 ], [ 79.60079552605562, 13.286504008858589 ], [ 79.600560212366943, 13.286368397286955 ], [ 79.60029258807414, 13.286305093967524 ], [ 79.599406674930805, 13.285984106095668 ], [ 79.599115984596452, 13.285875603672739 ], [ 79.598797611778281, 13.285753538607509 ], [ 79.597957840599562, 13.285468708226203 ], [ 79.597625621149604, 13.285387315066602 ], [ 79.597274952998674, 13.285233608008362 ], [ 79.596472097188226, 13.284975892676451 ], [ 79.596056825795316, 13.284853812295948 ], [ 79.595724614430182, 13.284718183190781 ], [ 79.595590806775363, 13.284663931702354 ], [ 79.595581119343336, 13.284641782774449 ], [ 79.595569722417324, 13.284615725826729 ], [ 79.595549292032842, 13.284569017578164 ], [ 79.595563194360139, 13.284162272065164 ], [ 79.595535555893804, 13.283827830565247 ], [ 79.595577130823486, 13.283515996634589 ], [ 79.595577253892657, 13.282661825339678 ], [ 79.595563460261488, 13.282327386143489 ], [ 79.59562810662257, 13.282001996224418 ], [ 79.595628239573244, 13.281080034185692 ], [ 79.59565596787111, 13.280790793642952 ], [ 79.595656023566676, 13.2804021230336 ], [ 79.595591540698962, 13.279602176801085 ], [ 79.595577740779547, 13.279299373291616 ], [ 79.595577804559952, 13.278860988609887 ], [ 79.595434887089823, 13.278020355218223 ], [ 79.59536109857406, 13.277758217878748 ], [ 79.595310385082996, 13.277468968132528 ], [ 79.595052104167465, 13.276696109585455 ], [ 79.595001391574712, 13.276397820867707 ], [ 79.594886090113064, 13.276049808157534 ], [ 79.59482150034583, 13.275995565223475 ], [ 79.594789461032889, 13.275977163663173 ], [ 79.594687700775822, 13.275918716164613 ], [ 79.594493914406101, 13.275864455715125 ], [ 79.594092509407915, 13.275692660167763 ], [ 79.593815679180082, 13.275570595227734 ], [ 79.593621900895201, 13.275471139005703 ], [ 79.593345067972407, 13.275367152067448 ], [ 79.593114373420903, 13.275290287072123 ], [ 79.592906749402559, 13.27521794486208 ], [ 79.592763717846395, 13.275168209689483 ], [ 79.592694509840285, 13.275141083316791 ], [ 79.592666828254806, 13.275123001689604 ], [ 79.592664881605586, 13.275110596963401 ], [ 79.592657608845016, 13.275064247102216 ], [ 79.592754527182734, 13.274924159657465 ], [ 79.592856067352557, 13.274738878049568 ], [ 79.593239149413861, 13.274033904881795 ], [ 79.593469914033946, 13.273649787388017 ], [ 79.593806826282943, 13.273107505147573 ], [ 79.593977603204976, 13.272741456628406 ], [ 79.594106841129971, 13.272452232382332 ], [ 79.594323754626672, 13.272108786722125 ], [ 79.594462201181628, 13.271950627075555 ], [ 79.594549888431473, 13.271819575711916 ], [ 79.594596040277494, 13.27174275243571 ], [ 79.594596056447159, 13.271638805868694 ], [ 79.594573008371938, 13.271485141691187 ], [ 79.594494589040877, 13.271354067343957 ], [ 79.59446230358958, 13.271263674397037 ], [ 79.59435166438422, 13.270608340700916 ], [ 79.594282627058021, 13.269451357173473 ], [ 79.594273438190982, 13.269189228072017 ], [ 79.594093623318884, 13.268321471666543 ], [ 79.594070610277939, 13.267941835734764 ], [ 79.594029137756209, 13.267584795608162 ], [ 79.593863161431059, 13.266748675884427 ], [ 79.593844757645826, 13.266405196805596 ], [ 79.593780200217907, 13.266152099008393 ], [ 79.593420449201133, 13.265257199909096 ], [ 79.593305142349607, 13.264981498157599 ], [ 79.593180610698383, 13.264692234946345 ], [ 79.592922303731697, 13.264217656402872 ], [ 79.592599399811263, 13.263765664942694 ], [ 79.59242872978875, 13.26348091456903 ], [ 79.592341096437835, 13.263286565930247 ], [ 79.592045891170841, 13.262753227952068 ], [ 79.591856767057465, 13.262463955094155 ], [ 79.59171840135086, 13.262152093734255 ], [ 79.59131249489478, 13.261428921833954 ], [ 79.591202503374774, 13.261286658112727 ], [ 79.591197172771857, 13.26127976377701 ], [ 79.591081850648948, 13.261130603005501 ], [ 79.590975754224019, 13.260990483919612 ], [ 79.590440616131175, 13.260565573366769 ], [ 79.590426432631133, 13.260560435606889 ], [ 79.590334504434878, 13.260527141591233 ], [ 79.590328316839191, 13.260524900597238 ], [ 79.590228390941931, 13.260488708060857 ], [ 79.589467163960038, 13.260136069906256 ], [ 79.58906117575728, 13.259955225794792 ], [ 79.588770523152149, 13.259842193019926 ], [ 79.587977004430755, 13.259485024704679 ], [ 79.587690965572946, 13.259371989962487 ], [ 79.587409539564092, 13.259272514869119 ], [ 79.58638996069979, 13.258838472894501 ], [ 79.586020887865303, 13.258657631315407 ], [ 79.585411902866227, 13.258445110264308 ], [ 79.585382048256051, 13.258431505923856 ], [ 79.58488597340336, 13.258205485246647 ], [ 79.584544568679604, 13.258110515316634 ], [ 79.583806431095496, 13.257730746271122 ], [ 79.582565394157413, 13.257341842910712 ], [ 79.582334702300898, 13.257355357251505 ], [ 79.581914842313523, 13.257377874156129 ], [ 79.581725672386042, 13.25739591513369 ], [ 79.581190454343115, 13.257477161159647 ], [ 79.580812115386507, 13.257513242224356 ], [ 79.580622632845305, 13.257545295041142 ], [ 79.579824725853754, 13.257680265176075 ], [ 79.579266431887817, 13.25779313807119 ], [ 79.578984971742983, 13.25787894994102 ], [ 79.578145214937294, 13.258082152425933 ], [ 79.577826843017448, 13.258167954575697 ], [ 79.577577674612129, 13.258267329568167 ], [ 79.576710232627732, 13.258470521236102 ], [ 79.576378021262613, 13.258538242136261 ], [ 79.576078112416809, 13.25858789240119 ], [ 79.575233738270541, 13.258782043691033 ], [ 79.574915361859098, 13.258881400945194 ], [ 79.574629297848475, 13.258908455685955 ], [ 79.574407823605043, 13.258953600250383 ], [ 79.574029479258556, 13.258998709831687 ], [ 79.573946420129047, 13.259039366243524 ], [ 79.573807982557256, 13.259138763613461 ], [ 79.573743373925382, 13.259202020676941 ], [ 79.573489574704794, 13.259364662760429 ], [ 79.573374184309912, 13.259554452961297 ], [ 79.572705036441292, 13.260146346318189 ], [ 79.572437386097334, 13.26034062139774 ], [ 79.57223894016623, 13.260548469067727 ], [ 79.571620550704438, 13.261095177374413 ], [ 79.571320581671515, 13.261370791726037 ], [ 79.571080603031561, 13.261605747166236 ], [ 79.570517598300299, 13.262057556404372 ], [ 79.570208399077814, 13.262333167916166 ], [ 79.569963812978756, 13.262527445619991 ], [ 79.56939616395745, 13.263083199044701 ], [ 79.569100823943202, 13.263281981693785 ], [ 79.568957759149356, 13.263413011431446 ], [ 79.568256287201891, 13.264027481630691 ], [ 79.568002470913285, 13.264221755357273 ], [ 79.567822480869694, 13.264402487001078 ], [ 79.566931775214343, 13.265229319617264 ], [ 79.56683020899338, 13.265455267313936 ], [ 79.566756307289893, 13.265753530122808 ], [ 79.566271616786793, 13.266603060427515 ], [ 79.566082366010932, 13.266896774381713 ], [ 79.565962323241209, 13.267195025803641 ], [ 79.565431559943789, 13.267773377176649 ], [ 79.565140820202075, 13.267990234651698 ], [ 79.564854712173982, 13.268134782587097 ], [ 79.564107105448429, 13.26864076394746 ], [ 79.563807140907088, 13.26883501999672 ], [ 79.563539485173251, 13.268988609783483 ], [ 79.562865699302805, 13.269490087433532 ], [ 79.562579585884805, 13.269643670685882 ], [ 79.562353455673289, 13.269797269579096 ], [ 79.561610441135485, 13.270343920359 ], [ 79.561425838242926, 13.270488491375277 ], [ 79.561162789069854, 13.270660157705912 ], [ 79.560442851353372, 13.27116613642986 ], [ 79.56019824279646, 13.271382999619833 ], [ 79.559976719145695, 13.271550157304024 ], [ 79.559289076762013, 13.27204710067765 ], [ 79.558993705306719, 13.272286546801668 ], [ 79.558638341661762, 13.272553093124777 ], [ 79.558407587821492, 13.272720247380827 ], [ 79.558296838123368, 13.272760889256714 ], [ 79.558116886707339, 13.272765357029851 ], [ 79.557932325137273, 13.272760785212679 ], [ 79.557673954390197, 13.272697439000428 ], [ 79.557461713031273, 13.272674780126582 ], [ 79.556340512250443, 13.272602143365917 ], [ 79.556017545447915, 13.27253877700293 ], [ 79.555703784580416, 13.272547723049117 ], [ 79.554891723733263, 13.272488729149213 ], [ 79.554577971848929, 13.272470558143846 ], [ 79.554222681865838, 13.272488528929824 ], [ 79.553442901080089, 13.272488291988932 ], [ 79.553096863744429, 13.272429433594295 ], [ 79.552870773957096, 13.272429365397286 ], [ 79.551897211293195, 13.272397429079422 ], [ 79.551445038006747, 13.272379209979578 ], [ 79.551182034647752, 13.272379127793382 ], [ 79.550402251167071, 13.272392441078553 ], [ 79.550037729197811, 13.272419441856027 ], [ 79.549728586569188, 13.272414823693326 ], [ 79.54876885706237, 13.272414515932397 ], [ 79.548468948216524, 13.272396341424196 ], [ 79.548150578991653, 13.272387198650218 ], [ 79.547283130718995, 13.272391434735162 ], [ 79.546927843430865, 13.272400357180146 ], [ 79.546632547434058, 13.272382180922207 ], [ 79.545700505800909, 13.272372832682272 ], [ 79.545345215817832, 13.272390790360637 ], [ 79.545077596016597, 13.272399739035247 ], [ 79.544265513609858, 13.272408503227826 ], [ 79.543841021010522, 13.272399319361222 ], [ 79.543676137036783, 13.272407475026505 ], [ 79.543568784767061, 13.272412784777107 ], [ 79.542756722123286, 13.272371829836066 ], [ 79.542272254402349, 13.27234002640745 ], [ 79.542023087793652, 13.272353497072562 ], [ 79.541169479864621, 13.272362235911501 ], [ 79.54086495008498, 13.272362128370014 ], [ 79.540546582656702, 13.272352976851508 ], [ 79.540172843972641, 13.272348324589037 ], [ 79.54002057324378, 13.27236182760357 ], [ 79.539905198120238, 13.272425059367327 ], [ 79.53974828220305, 13.272524430278994 ], [ 79.539475986670766, 13.272696070689877 ], [ 79.539240634354542, 13.272786373923196 ], [ 79.538465302026054, 13.273219959074249 ], [ 79.538156115380005, 13.273332831746952 ], [ 79.537856133770646, 13.273504460220449 ], [ 79.537126936220247, 13.273942577414706 ], [ 79.536799285601816, 13.274068999884225 ], [ 79.536517758083363, 13.274240633957712 ], [ 79.535719350730204, 13.274665162129919 ], [ 79.535447064181042, 13.274800642972805 ], [ 79.535160923813592, 13.274963235272367 ], [ 79.534946580396934, 13.275105880929027 ], [ 79.534912853149578, 13.275128325369838 ], [ 79.534814773290208, 13.275193595306215 ], [ 79.534694771842979, 13.275279419392403 ], [ 79.534602442998107, 13.27539688910489 ], [ 79.534514705442604, 13.275573113239046 ], [ 79.534417678408758, 13.275902994353405 ], [ 79.534274481562591, 13.276300650422645 ], [ 79.533978899003216, 13.276996526867871 ], [ 79.533928018425513, 13.277312866589266 ], [ 79.533844827243669, 13.277651792617368 ], [ 79.533701474988931, 13.278438117575737 ], [ 79.533664414093579, 13.278808695988028 ], [ 79.533664303600801, 13.279084380297427 ], [ 79.533853143846571, 13.279943141983489 ], [ 79.533968406680671, 13.280178195742764 ], [ 79.534157425691163, 13.280594055426173 ], [ 79.534203494892211, 13.280779369286217 ], [ 79.534221693861539, 13.28143017207482 ], [ 79.534115452807853, 13.281714855069973 ], [ 79.534106110328878, 13.28200409538589 ], [ 79.534461144292123, 13.282673103602393 ], [ 79.534627154753267, 13.282935293337166 ], [ 79.534788590094649, 13.283098053296795 ], [ 79.534853141234336, 13.283224621375414 ], [ 79.534913061558726, 13.283387342672652 ], [ 79.534912861234403, 13.283898036967658 ], [ 79.534917370777151, 13.284164685073963 ], [ 79.534940337105695, 13.284431339881481 ], [ 79.534972560573252, 13.284625687337668 ], [ 79.535152336817802, 13.285091254190723 ], [ 79.535881014243685, 13.286081281407094 ], [ 79.536157742961876, 13.286420340320449 ], [ 79.53637454866076, 13.286596678849678 ], [ 79.536620423842237, 13.286833522787591 ], [ 79.536642081325425, 13.286854384591708 ], [ 79.537389456285609, 13.287247849841455 ], [ 79.537627452343727, 13.287316728116837 ], [ 79.537670902057371, 13.287329302701352 ], [ 79.537790799300041, 13.287528201015963 ], [ 79.53784613641983, 13.287623129719384 ], [ 79.537924542276173, 13.287722586207893 ], [ 79.537966843942897, 13.287767007644986 ], [ 79.537989117670364, 13.287790400367372 ], [ 79.538104455962952, 13.28784467563621 ], [ 79.538265952389807, 13.287862812268711 ], [ 79.538612033742879, 13.287853899134713 ], [ 79.538722704389258, 13.287853939350919 ], [ 79.538782765749161, 13.287853961207563 ], [ 79.538787296851467, 13.28807541424152 ], [ 79.53878724744412, 13.288206477812153 ], [ 79.538787189053608, 13.288360138399639 ], [ 79.538796377022351, 13.288468607363733 ], [ 79.538842489342528, 13.288554493200072 ], [ 79.538916293129631, 13.288622310624087 ], [ 79.538968979321027, 13.288658890637558 ], [ 79.539027009590086, 13.288699181014357 ], [ 79.539121075776748, 13.288742216567277 ], [ 79.539165416619142, 13.288762502942921 ], [ 79.539326842977403, 13.288970453931855 ], [ 79.53957584968596, 13.289427004951651 ], [ 79.539612612340648, 13.289833766117942 ], [ 79.539847757146035, 13.290344544761066 ], [ 79.539778478173019, 13.29051173834657 ], [ 79.539732297580898, 13.290606629163783 ], [ 79.539713806659066, 13.290697011410909 ], [ 79.539732229308925, 13.290791924886253 ], [ 79.539771252124851, 13.290820610928334 ], [ 79.539824492576813, 13.290859750427259 ], [ 79.539990591072851, 13.29091404162018 ], [ 79.540565476023744, 13.291017032241971 ], [ 79.540571971741599, 13.291018195873868 ], [ 79.540802630360446, 13.291190016417373 ], [ 79.540862544396632, 13.291388890584411 ], [ 79.541162287054121, 13.291922288061786 ], [ 79.541212971799084, 13.29212116075413 ], [ 79.541231313600562, 13.292437526220741 ], [ 79.541166606153993, 13.29272222689932 ], [ 79.541023509919114, 13.292853239875496 ], [ 79.54060813611828, 13.293047426717363 ], [ 79.540354310846539, 13.293124167191021 ], [ 79.54008663355313, 13.293223498155301 ], [ 79.539560548681706, 13.293318218307896 ], [ 79.539126765705731, 13.293376813734538 ], [ 79.538614468177315, 13.293616158385515 ], [ 79.537889881679263, 13.293909656066333 ], [ 79.53767758642141, 13.293986407632291 ], [ 79.537520668707586, 13.294049623271334 ], [ 79.537386807153851, 13.294158038984966 ], [ 79.537266774265589, 13.294302616798978 ], [ 79.537095986563756, 13.294433615807723 ], [ 79.537142048578247, 13.294650565739907 ], [ 79.537511037869407, 13.295098124134549 ], [ 79.537554631313526, 13.295136351986113 ], [ 79.537598684695041, 13.295174984604225 ], [ 79.537778638806031, 13.29520668800002 ], [ 79.538092562268588, 13.295226261330393 ], [ 79.53814317694497, 13.295229417331981 ], [ 79.538180039312621, 13.295369533269897 ], [ 79.538221485783211, 13.295591000423403 ], [ 79.538262924168947, 13.295835062891594 ], [ 79.538262898117836, 13.295902854675376 ], [ 79.538175209969666, 13.295934459187306 ], [ 79.538073691359429, 13.295934420720927 ], [ 79.537833746855469, 13.295902697312853 ], [ 79.537579967397789, 13.295852891195375 ], [ 79.537409236289847, 13.295834750789171 ], [ 79.537224655855169, 13.295834682598739 ], [ 79.537173882177001, 13.295870819160807 ], [ 79.53717384444775, 13.29597024604012 ], [ 79.537224507633141, 13.296218833167424 ], [ 79.537224450140968, 13.296367974131304 ], [ 79.537035202060054, 13.296503486568929 ], [ 79.536762907426066, 13.296602812651935 ], [ 79.536559820798217, 13.296720243191974 ], [ 79.536167546276559, 13.296819522851795 ], [ 79.53606600700509, 13.296869199384265 ], [ 79.536065917173545, 13.297099688989864 ], [ 79.535982593939366, 13.297768531433389 ], [ 79.535931822057819, 13.297800148815549 ], [ 79.535608784288385, 13.297849741221086 ], [ 79.535387277705638, 13.297867736354464 ], [ 79.535198061065771, 13.297917377702975 ], [ 79.535078043448863, 13.298016760031533 ], [ 79.535045694217146, 13.298134252831096 ], [ 79.535013345883769, 13.298251744699492 ], [ 79.534910592090014, 13.298361047623368 ], [ 79.534907166813809, 13.298364691403004 ], [ 79.534904627276518, 13.298387551572958 ], [ 79.534823809443679, 13.299114882218779 ], [ 79.534823683679519, 13.299431240308376 ], [ 79.534841978768611, 13.299847032890796 ], [ 79.534846307749945, 13.300570141922801 ], [ 79.53484615683297, 13.300954291106748 ], [ 79.534864451023765, 13.301370084573211 ], [ 79.534875839864924, 13.301411977899162 ], [ 79.534882882656746, 13.301437884425448 ], [ 79.535053604781567, 13.301487661420481 ], [ 79.535256641103757, 13.301505815391128 ], [ 79.535317854103852, 13.301515831283917 ], [ 79.535339699334926, 13.301519405078828 ], [ 79.535459634306832, 13.301636954752968 ], [ 79.535579542329259, 13.30182229624684 ], [ 79.535630212701179, 13.302052803872138 ], [ 79.535648638045984, 13.302138679651552 ], [ 79.53583295796922, 13.302821180854986 ], [ 79.535937192186594, 13.302909720957169 ], [ 79.535971352421896, 13.302938736891392 ], [ 79.536226818915651, 13.303060043233458 ], [ 79.536266634943999, 13.303078948907199 ], [ 79.536386565424323, 13.303210056820401 ], [ 79.536589320573839, 13.303960354152775 ], [ 79.53672765124611, 13.304245129593395 ], [ 79.53691211579816, 13.304561556167624 ], [ 79.537391826939626, 13.305126659978889 ], [ 79.53757630586469, 13.305411450658514 ], [ 79.537899209785152, 13.305741486141272 ], [ 79.538282043911479, 13.306234242001668 ], [ 79.538535783843258, 13.306419630682543 ], [ 79.53883565495984, 13.306626874161209 ], [ 79.538895638166295, 13.30666832860536 ], [ 79.539080203329618, 13.306731667695358 ], [ 79.53930168475955, 13.30679953860569 ], [ 79.539395889286766, 13.306858016253505 ], [ 79.53944009358527, 13.306885457286779 ], [ 79.539610784269044, 13.307034658999646 ], [ 79.539744518262012, 13.307283274990903 ], [ 79.539933604646151, 13.307599701967968 ], [ 79.540459457752235, 13.308214529721608 ], [ 79.540671647008864, 13.308458653783138 ], [ 79.540865374089776, 13.30870728929342 ], [ 79.541075798156882, 13.308932739302952 ], [ 79.541409702846295, 13.30929048611827 ], [ 79.5417049269779, 13.309625027119576 ], [ 79.541903255229712, 13.309918857709931 ], [ 79.54216618133357, 13.310239827877535 ], [ 79.542396751917536, 13.31070540760882 ], [ 79.542461270717908, 13.310949479331267 ], [ 79.542544250795629, 13.311189035662522 ], [ 79.542742506283872, 13.311690760010299 ], [ 79.542825451327332, 13.312029744639688 ], [ 79.542922516988739, 13.312200201431228 ], [ 79.542936136346739, 13.312224117176241 ], [ 79.543102247419213, 13.312287446945724 ], [ 79.543182313362152, 13.312314515838606 ], [ 79.543236061362251, 13.312332687355635 ], [ 79.543249887332763, 13.312382406164749 ], [ 79.54338351532455, 13.312947378086884 ], [ 79.54346640916404, 13.313430983305233 ], [ 79.54349861286866, 13.313706678076926 ], [ 79.54362754806138, 13.314493101156096 ], [ 79.543678168127627, 13.314895345386971 ], [ 79.543761124849183, 13.315202693813776 ], [ 79.543876226884834, 13.315961993723963 ], [ 79.543959157555264, 13.316346171821721 ], [ 79.54404214571781, 13.316572170685809 ], [ 79.5441066779929, 13.316784605859095 ], [ 79.54404196066487, 13.317087384402418 ], [ 79.544039446280394, 13.317092194029509 ], [ 79.543940363002889, 13.317281682945708 ], [ 79.543824943861907, 13.317412707118633 ], [ 79.543543346274859, 13.31765213904356 ], [ 79.54344637403824, 13.317814803136347 ], [ 79.542638508323435, 13.318505993843509 ], [ 79.542509243449004, 13.318637011234575 ], [ 79.542310699601543, 13.318908107276298 ], [ 79.541585919965698, 13.319536050048809 ], [ 79.541419733434751, 13.319667054644148 ], [ 79.541267372874373, 13.319847777318573 ], [ 79.540639497203173, 13.320489309772716 ], [ 79.540367102856209, 13.320782974201583 ], [ 79.540191657389627, 13.320986284842771 ], [ 79.539411449904108, 13.32170911134809 ], [ 79.539356004986473, 13.321880827956004 ], [ 79.539355874730759, 13.322228822075212 ], [ 79.539420136612918, 13.323155324322082 ], [ 79.539466206712262, 13.32336775196833 ], [ 79.539549177806848, 13.323634426574394 ], [ 79.539551331966919, 13.323637140767078 ], [ 79.539581467749741, 13.323675113237403 ], [ 79.539692223736083, 13.323688712170595 ], [ 79.539844521414395, 13.323688767241148 ], [ 79.539996822685964, 13.323675262714644 ], [ 79.540190654869761, 13.323675331771394 ], [ 79.540360369983134, 13.323686233121038 ], [ 79.540402942042775, 13.323688967418276 ], [ 79.540485944578393, 13.323874291159335 ], [ 79.540675002216446, 13.324303701861796 ], [ 79.540910110190922, 13.325008812929946 ], [ 79.540993118116461, 13.325180581392022 ], [ 79.541288212890649, 13.32591282808062 ], [ 79.541417326848133, 13.326211154637871 ], [ 79.541560274860956, 13.326536602325191 ], [ 79.541680145154174, 13.326871080154371 ], [ 79.541818471334864, 13.327219123039052 ], [ 79.54184613225911, 13.327300482040512 ], [ 79.541786102340254, 13.327390848847763 ], [ 79.541666048790731, 13.327553506393354 ], [ 79.541536760560092, 13.327729717081242 ], [ 79.541075056148443, 13.328249286378373 ], [ 79.540991850593585, 13.328606287865256 ], [ 79.541014798955828, 13.328954290665838 ], [ 79.540968347970804, 13.329763247800299 ], [ 79.540898991742665, 13.330111216593743 ], [ 79.540885008566946, 13.330481804267935 ], [ 79.540815489743721, 13.331268155342743 ], [ 79.540741526056507, 13.331593526296089 ], [ 79.540732174594396, 13.331918920412424 ], [ 79.540385767152841, 13.332637382189398 ], [ 79.540219506960071, 13.332935603425597 ], [ 79.540104060869666, 13.333111818058406 ], [ 79.539808452259109, 13.333735389298159 ], [ 79.539651425849129, 13.33402457537124 ], [ 79.539563675717233, 13.334182721605105 ], [ 79.539378929992537, 13.334544207188355 ], [ 79.539346598727121, 13.334607467306515 ], [ 79.539221857768453, 13.334950896944221 ], [ 79.539060206831394, 13.335258157830216 ], [ 79.538967807917913, 13.335506692379733 ], [ 79.538639865347022, 13.336184483416702 ], [ 79.538473594374452, 13.336505299864763 ], [ 79.53830733058841, 13.336798999913563 ], [ 79.537887018748449, 13.337634935671968 ], [ 79.537693061698803, 13.337928625607164 ], [ 79.537512935111323, 13.338267514033769 ], [ 79.537365120026251, 13.338588337331549 ], [ 79.53730509819222, 13.338647067773108 ], [ 79.537300643446713, 13.338647720712283 ], [ 79.537212786415324, 13.33866059069323 ], [ 79.537032799066679, 13.338633407621362 ], [ 79.536612866315764, 13.338470553869124 ], [ 79.536225224406024, 13.338352904958091 ], [ 79.535925274237712, 13.338235288330871 ], [ 79.53580529255342, 13.338190050142758 ], [ 79.53568529919103, 13.338176445032458 ], [ 79.535565295048869, 13.338189959238065 ], [ 79.535477573663044, 13.338266756203589 ], [ 79.53541754643912, 13.338339042876594 ], [ 79.535177456408078, 13.338573962177321 ], [ 79.534905025230202, 13.338894736119713 ], [ 79.534097087650167, 13.339527144234678 ], [ 79.533884688187783, 13.339762072869279 ], [ 79.533663075603798, 13.339951802750674 ], [ 79.532924398132195, 13.340493845349515 ], [ 79.532610465686489, 13.340710656104863 ], [ 79.532370381943664, 13.340918454966541 ], [ 79.531636356846889, 13.341356549021448 ], [ 79.531396314426573, 13.341460401871043 ], [ 79.530976199317635, 13.341740439417515 ], [ 79.53048223820079, 13.342015927106754 ], [ 79.530020593976289, 13.342264311358752 ], [ 79.52969744212082, 13.342440438775306 ], [ 79.529028052605398, 13.342810761058621 ], [ 79.528672585654206, 13.343000432605589 ], [ 79.52836329390523, 13.343140409008717 ], [ 79.527684672403623, 13.343501686275852 ], [ 79.527333808419968, 13.343718473354311 ], [ 79.527056823681903, 13.343853941798324 ], [ 79.526368955821056, 13.344242327020945 ], [ 79.526147371084861, 13.344346181252133 ], [ 79.525935041691056, 13.344386769156655 ], [ 79.525883487376902, 13.34434393229254 ], [ 79.525722808416972, 13.344210423769729 ], [ 79.525674568886231, 13.344178435730283 ], [ 79.524481614273753, 13.343387375245637 ], [ 79.523734141397171, 13.342876369377747 ], [ 79.523480369126048, 13.342704524334223 ], [ 79.523143529640606, 13.34251004692968 ], [ 79.523094920902267, 13.342475086833849 ], [ 79.522502193613192, 13.342048794746562 ], [ 79.522492331907998, 13.342043270626867 ], [ 79.522243795018341, 13.341904063643783 ], [ 79.521791527408766, 13.341813481122191 ], [ 79.520771503878365, 13.341858234397035 ], [ 79.520388434393467, 13.341839989054014 ], [ 79.520033044697371, 13.341848873104487 ], [ 79.519257648588507, 13.34186660973795 ], [ 79.51891148818369, 13.341880015352487 ], [ 79.518569937932881, 13.341902460599277 ], [ 79.518380698835131, 13.341920455079457 ], [ 79.517725312258349, 13.341920163140083 ], [ 79.517309919592861, 13.34193353641105 ], [ 79.517088386958974, 13.341919878193247 ], [ 79.516197607641786, 13.341933033820817 ], [ 79.515846839777851, 13.34192835579827 ], [ 79.515565305072855, 13.341919189426065 ], [ 79.51469759539043, 13.341950428686772 ], [ 79.514337593743704, 13.341950262613475 ], [ 79.513986815998308, 13.341963660356734 ], [ 79.513146798681177, 13.341994906604231 ], [ 79.512768342943545, 13.341981172345829 ], [ 79.512477559184404, 13.342008153130958 ], [ 79.511776016270034, 13.342012344295147 ], [ 79.511526804745586, 13.341971550585265 ], [ 79.511342182090075, 13.341985022623295 ], [ 79.511189873631963, 13.341984950949572 ], [ 79.511083726003051, 13.341971343430727 ], [ 79.511042201379055, 13.34194420618298 ], [ 79.511036657875437, 13.341931976196147 ], [ 79.511023758966232, 13.341903522594436 ], [ 79.510862652408264, 13.341031204322029 ], [ 79.510839683384745, 13.340809742032354 ], [ 79.510779828637368, 13.34051595333208 ], [ 79.510637138441027, 13.339738549685601 ], [ 79.510604967974075, 13.339458330632683 ], [ 79.510554372162304, 13.339110313234627 ], [ 79.510429997716287, 13.338626678938716 ], [ 79.510365564255906, 13.338260577309095 ], [ 79.510333355161364, 13.338061709300158 ], [ 79.510365832852173, 13.337718249119293 ], [ 79.510407486833586, 13.337483260807984 ], [ 79.510467824874581, 13.336800859973987 ], [ 79.510504833667639, 13.336624621807836 ], [ 79.51053728800224, 13.336326356173753 ], [ 79.510616019048697, 13.335779547417262 ], [ 79.510662243658274, 13.335634948043936 ], [ 79.510690063584278, 13.335377355393565 ], [ 79.5106809133448, 13.335214653287894 ], [ 79.510459574747017, 13.33482136036686 ], [ 79.510344300234806, 13.334604373879072 ], [ 79.510201341442183, 13.334373816836107 ], [ 79.510081444199528, 13.334174906294656 ], [ 79.509947643731209, 13.334088973701427 ], [ 79.509841512271962, 13.334052767671084 ], [ 79.509716913247132, 13.334025591947864 ], [ 79.509338478170747, 13.333993775631702 ], [ 79.508955395211103, 13.334029747412476 ], [ 79.508618473080631, 13.334047661187734 ], [ 79.507824630965757, 13.334083431917847 ], [ 79.507441576752171, 13.334060650291027 ], [ 79.507072363780495, 13.334046911211223 ], [ 79.506333946820334, 13.334001355815449 ], [ 79.506103192081724, 13.333987684037861 ], [ 79.505840132128853, 13.333969477435078 ], [ 79.505092516420191, 13.333865160716062 ], [ 79.504815610733857, 13.333846945363051 ], [ 79.504566397412788, 13.333828743120145 ], [ 79.503804935072324, 13.333724417599415 ], [ 79.503548667281308, 13.333712524599067 ], [ 79.503509567210244, 13.333710709968082 ], [ 79.503251136276063, 13.33366538701951 ], [ 79.502392787937239, 13.333502254578189 ], [ 79.502005163095532, 13.333398111603652 ], [ 79.501465225304131, 13.333311968950003 ], [ 79.50056074128895, 13.333121691038935 ], [ 79.500094644115578, 13.333044620592906 ], [ 79.499693139404386, 13.333008257941836 ], [ 79.498663328728966, 13.332207814959032 ], [ 79.498542377762476, 13.332195751433561 ], [ 79.497383874439478, 13.332038045323314 ], [ 79.497329272141585, 13.333778126647385 ], [ 79.497279798325593, 13.336417522896168 ], [ 79.497427857752399, 13.33716314580197 ], [ 79.49758973236996, 13.337827418842531 ], [ 79.498019479215372, 13.338952569679977 ], [ 79.498033459696146, 13.339255374664829 ], [ 79.498005917349531, 13.339522049229977 ], [ 79.497978532208109, 13.340150309958672 ], [ 79.497983377720757, 13.340647429925028 ], [ 79.498371723011346, 13.341985010386301 ], [ 79.498469034811123, 13.342868410127515 ], [ 79.498662956826436, 13.344628822774958 ], [ 79.499338602209519, 13.346580852704214 ], [ 79.499708383814749, 13.347787401408047 ], [ 79.498662879571327, 13.347179969949144 ], [ 79.495262478641536, 13.345204279739315 ], [ 79.493411434421574, 13.344744139260488 ], [ 79.490706247774966, 13.343620023190198 ], [ 79.490695653942836, 13.343615621404487 ], [ 79.489293714364337, 13.343033043136023 ], [ 79.487802643045043, 13.342396448669964 ], [ 79.485263797439615, 13.341583939635186 ], [ 79.482540339060137, 13.340712795838952 ], [ 79.480486238755049, 13.339999584172967 ], [ 79.478640169405139, 13.340307592967553 ], [ 79.477107940872799, 13.340556719317332 ], [ 79.474569698036916, 13.341086495566516 ], [ 79.474527832951424, 13.341042742088502 ], [ 79.472805920655262, 13.339243157653067 ], [ 79.472782628238249, 13.339241019654121 ], [ 79.471628957851479, 13.339135117880897 ], [ 79.469538146095672, 13.338959599911393 ], [ 79.466316590755767, 13.338743761311665 ], [ 79.465439669748449, 13.33872598511527 ], [ 79.465416417755648, 13.338757322685941 ], [ 79.465328930830125, 13.338875228379909 ], [ 79.46484935982582, 13.340127249199274 ], [ 79.464637610743651, 13.341609702883588 ], [ 79.464065363246419, 13.341722862729744 ], [ 79.464021511087509, 13.341679956341643 ], [ 79.463889872864115, 13.341551155843018 ], [ 79.462943386321157, 13.340570803286653 ], [ 79.462889577235671, 13.340536915400257 ], [ 79.462477152603881, 13.340277173377695 ], [ 79.460280011759494, 13.339550171836386 ], [ 79.458249077208947, 13.339098879391429 ], [ 79.456255117315507, 13.338570740310582 ], [ 79.454616866020061, 13.339194858625916 ], [ 79.453107852649595, 13.339882269903933 ], [ 79.452545296177647, 13.341626964039916 ], [ 79.452314613304267, 13.341997641568456 ], [ 79.45079647035557, 13.343290611892161 ], [ 79.449486073596134, 13.344457012192414 ], [ 79.449486209241726, 13.345162067971877 ], [ 79.447663445783562, 13.346314974328145 ], [ 79.445582171441131, 13.347540286711613 ], [ 79.444229976071512, 13.347920297867804 ], [ 79.440320835840097, 13.348965202878983 ], [ 79.437630193816275, 13.349743212257572 ], [ 79.43704897933587, 13.351329642569292 ], [ 79.435428990790157, 13.351709701951572 ], [ 79.435456917615682, 13.351650131242669 ], [ 79.43615794040555, 13.350154769304622 ], [ 79.436088550041418, 13.349648675013704 ], [ 79.435728249255675, 13.348139225892718 ], [ 79.43567160239219, 13.348111155855101 ], [ 79.433175544442065, 13.346874300140296 ], [ 79.433170283907756, 13.346862016211841 ], [ 79.432972361694468, 13.346399769799516 ], [ 79.43259373527691, 13.345391988021898 ], [ 79.432450397395257, 13.344370639232624 ], [ 79.432288405996687, 13.342196826247221 ], [ 79.432131181957331, 13.340863606839006 ], [ 79.431378787211358, 13.340190291959193 ], [ 79.431581530682791, 13.338554213164914 ], [ 79.431667886629356, 13.336735011378931 ], [ 79.431668846030092, 13.336714819053229 ], [ 79.431607491994498, 13.336713312124054 ], [ 79.428382688346531, 13.336634116164298 ], [ 79.423901199108244, 13.336359173890175 ], [ 79.420988892398157, 13.336287329788837 ], [ 79.42097569524833, 13.336272766568296 ], [ 79.420954320734467, 13.336249180110421 ], [ 79.420227285428922, 13.33544686943231 ], [ 79.419640920907, 13.333991641082706 ], [ 79.41958521008803, 13.333962641108403 ], [ 79.417826946565569, 13.333047376636868 ], [ 79.416266899005493, 13.332342522391865 ], [ 79.416256878298512, 13.332326306001645 ], [ 79.415814507428422, 13.331610449888267 ], [ 79.414720463616959, 13.330033314780756 ], [ 79.414686096769131, 13.330031264111625 ], [ 79.41290670307454, 13.329925095195357 ], [ 79.412842229189977, 13.331235717172431 ], [ 79.412542473057755, 13.332953187745312 ], [ 79.409247265746032, 13.333342182254581 ], [ 79.409122771824059, 13.334029207219562 ], [ 79.408522734943503, 13.333993100827525 ], [ 79.408296694563532, 13.335109453396527 ], [ 79.405361372117554, 13.335037469068514 ], [ 79.405335686588614, 13.33499991532568 ], [ 79.404332088753208, 13.333532569254654 ], [ 79.403418067324665, 13.331815226920705 ], [ 79.402476469413529, 13.33022893420034 ], [ 79.40243828113249, 13.330226881784652 ], [ 79.401973416447674, 13.330201908394651 ], [ 79.39835967911263, 13.330202180243619 ], [ 79.398361137078325, 13.330163964046474 ], [ 79.398442604393125, 13.328028270417031 ], [ 79.398603842105146, 13.324182177139512 ], [ 79.398760604410427, 13.321673879008204 ], [ 79.400435794430365, 13.321524547327794 ], [ 79.401898831126275, 13.321483804357976 ], [ 79.402396955036153, 13.3185098803351 ], [ 79.402415366007887, 13.317958502292282 ], [ 79.402353933818901, 13.317962412394873 ], [ 79.401916915111244, 13.317990228931253 ], [ 79.401924004615466, 13.317947667994659 ], [ 79.402023072621631, 13.317352930397176 ], [ 79.40195945033993, 13.3173361640303 ], [ 79.400943099122443, 13.317068338208285 ], [ 79.400302527561323, 13.316980624118493 ], [ 79.400289899045063, 13.316978895029672 ], [ 79.399392456025083, 13.316856000315838 ], [ 79.398686461060166, 13.317235718782591 ], [ 79.398220313581135, 13.317393920575226 ], [ 79.398049565405174, 13.317411965832147 ], [ 79.397828022889797, 13.317362269909886 ], [ 79.397779169809723, 13.317326590241992 ], [ 79.39753731728409, 13.317149948010158 ], [ 79.396969672754338, 13.316435853880384 ], [ 79.396415784126575, 13.3158574148576 ], [ 79.396378131241448, 13.315842672077483 ], [ 79.396115780957658, 13.315739950759477 ], [ 79.395755850277823, 13.315717314264752 ], [ 79.395585109288405, 13.315776143795791 ], [ 79.395285142950428, 13.315902679077052 ], [ 79.39491593716528, 13.316178385020647 ], [ 79.394519092913782, 13.316634890901593 ], [ 79.39390534774202, 13.31729024970458 ], [ 79.393466951018723, 13.317597566243514 ], [ 79.392857780068383, 13.31776031341791 ], [ 79.392424035719955, 13.317810046847194 ], [ 79.391506960019456, 13.317732678679874 ], [ 79.391085645659629, 13.317697135435157 ], [ 79.390315012418426, 13.317724221206376 ], [ 79.389332030020441, 13.317882460268457 ], [ 79.388084961793581, 13.318098549138575 ], [ 79.388053700421679, 13.318103966284067 ], [ 79.38780904335573, 13.318049715275432 ], [ 79.387755025861068, 13.318013096864853 ], [ 79.38756912669956, 13.317887077565207 ], [ 79.386558375579526, 13.316739147740803 ], [ 79.385446121120609, 13.315424002097648 ], [ 79.384656967313177, 13.314443249906686 ], [ 79.383493997566575, 13.313259126079856 ], [ 79.382884849074102, 13.312079558796411 ], [ 79.38255257842016, 13.310868377087615 ], [ 79.382363365373564, 13.309354270358332 ], [ 79.382201888709673, 13.308197309890572 ], [ 79.3818880128578, 13.307487805979576 ], [ 79.381936645850672, 13.307489857713927 ], [ 79.384015866644361, 13.307577586606198 ], [ 79.38402924705052, 13.307578152209798 ], [ 79.384176981287197, 13.307695619392879 ], [ 79.384487839698011, 13.30795006819427 ], [ 79.384513822569275, 13.307971336429269 ], [ 79.384924584419466, 13.308170146124734 ], [ 79.385353732088575, 13.30835543891139 ], [ 79.385815218209572, 13.30849101807784 ], [ 79.386138259572306, 13.308604069282493 ], [ 79.386336691130353, 13.308685404819006 ], [ 79.386523565862262, 13.308802764813972 ], [ 79.386581258364757, 13.308838995603189 ], [ 79.387396401331685, 13.309375540218442 ], [ 79.387439622873259, 13.30940398890472 ], [ 79.387771880052441, 13.309589223925352 ], [ 79.387993419872856, 13.30969766678059 ], [ 79.388196509195666, 13.309751921409102 ], [ 79.388657909976729, 13.309783529359976 ], [ 79.388750252296362, 13.309060453070074 ], [ 79.389100848582075, 13.30668317335093 ], [ 79.389303867836304, 13.304233586575229 ], [ 79.389585250725986, 13.301078937079041 ], [ 79.389783582571056, 13.298805657398624 ], [ 79.389838739129516, 13.297432112825124 ], [ 79.389838937657174, 13.297427159433843 ], [ 79.391678487933063, 13.298736227252796 ], [ 79.391712440657528, 13.298760389110136 ], [ 79.393719851025722, 13.299808847744705 ], [ 79.394116688989016, 13.299930799080615 ], [ 79.394938102196591, 13.299908169850708 ], [ 79.397416127365744, 13.299460641317353 ], [ 79.398505207985281, 13.299428876407976 ], [ 79.402173812621257, 13.299713334585444 ], [ 79.402787499402564, 13.299342659595343 ], [ 79.405302335735371, 13.297566266114167 ], [ 79.407775753445421, 13.298126487936241 ], [ 79.409700071446451, 13.298401987687479 ], [ 79.410802959171903, 13.298686592191567 ], [ 79.413208466043102, 13.299747284139233 ], [ 79.413221137678505, 13.299752872168522 ], [ 79.413740725035453, 13.300111006704807 ], [ 79.413798014194384, 13.300150495266669 ], [ 79.415768443617296, 13.299580750840647 ], [ 79.41748205458191, 13.298200271911924 ], [ 79.417512849728169, 13.298175463944226 ], [ 79.417586349884715, 13.298116249849445 ], [ 79.4185275740967, 13.297397446952026 ], [ 79.418758221935775, 13.296995242731956 ], [ 79.419584006345559, 13.295232499897462 ], [ 79.418411644712634, 13.293524285764649 ], [ 79.418614380099214, 13.291495022192482 ], [ 79.418830989067061, 13.28975041083841 ], [ 79.420013472018283, 13.289550526432933 ], [ 79.420035272333578, 13.289546841430663 ], [ 79.422107548251802, 13.291801727128066 ], [ 79.423930630611906, 13.294070279881993 ], [ 79.425421567183903, 13.296068872953064 ], [ 79.425430774915554, 13.296081216285643 ], [ 79.426552163444299, 13.296659516317769 ], [ 79.429194708769515, 13.297952910736726 ], [ 79.429247367113121, 13.297978683875749 ], [ 79.429838222313151, 13.298963789051543 ], [ 79.430522051348461, 13.300214740878832 ], [ 79.430539823618048, 13.300247253143779 ], [ 79.434420857360877, 13.30083400304934 ], [ 79.436308321977378, 13.301113807866727 ], [ 79.439866314357474, 13.301546872943211 ], [ 79.445182401376769, 13.301721839319677 ], [ 79.445422229099719, 13.301251735735333 ], [ 79.445625107318435, 13.300673180896174 ], [ 79.445615645363574, 13.299647245978885 ], [ 79.445467472749044, 13.297771715377232 ], [ 79.445536030374882, 13.295209122754882 ], [ 79.445803376189971, 13.293948086929687 ], [ 79.44631026586039, 13.291615888392521 ], [ 79.446240756020316, 13.291616932249052 ], [ 79.443860025582993, 13.291652702253998 ], [ 79.443500052682339, 13.291517165249223 ], [ 79.441829446765297, 13.290753789020874 ], [ 79.440288182977852, 13.290681879804891 ], [ 79.438848600395673, 13.29084037869721 ], [ 79.435757016006036, 13.291279483978537 ], [ 79.435736117599262, 13.291234736214017 ], [ 79.434722876349269, 13.289065155637395 ], [ 79.434225268970664, 13.287887365131727 ], [ 79.434211211234782, 13.287854089724542 ], [ 79.433961066360794, 13.287262017344748 ], [ 79.433900545961777, 13.284749122087144 ], [ 79.43386319940214, 13.282787730064651 ], [ 79.433816561567539, 13.280274833066114 ], [ 79.433723831175726, 13.278281800703569 ], [ 79.433732328339971, 13.274987036657954 ], [ 79.433671126119691, 13.274972064071489 ], [ 79.432569533764848, 13.274702572220939 ], [ 79.428038241028901, 13.273804086698057 ], [ 79.426247957058166, 13.273411211679274 ], [ 79.420152468342167, 13.272200969965274 ], [ 79.419012755978287, 13.271961624303987 ], [ 79.417586958942479, 13.27176750714918 ], [ 79.417587264369658, 13.271737246822047 ], [ 79.4176006852, 13.270407069586817 ], [ 79.414965792622709, 13.268504769057412 ], [ 79.414015210660438, 13.267750133786009 ], [ 79.413956194939516, 13.266435086201316 ], [ 79.413954971434094, 13.266407809340896 ], [ 79.413682771123248, 13.266236137382879 ], [ 79.411421725027807, 13.264650065982151 ], [ 79.411416681885811, 13.264651105582846 ], [ 79.408418123433748, 13.265269615630617 ], [ 79.408420044031814, 13.265218155083895 ], [ 79.408468742601684, 13.263913709299256 ], [ 79.409631434768855, 13.263651436951102 ], [ 79.410392689598496, 13.263560958949649 ], [ 79.410554145601154, 13.263407289663764 ], [ 79.410664869248123, 13.263325911843369 ], [ 79.410789425153837, 13.263276217954028 ], [ 79.411038580084423, 13.263253589678364 ], [ 79.41139843530577, 13.263262592025065 ], [ 79.411827556025429, 13.263235446836058 ], [ 79.412113629917542, 13.263190131693291 ], [ 79.412505823590806, 13.263122322030378 ], [ 79.412791881313225, 13.263059061615179 ], [ 79.41307785459405, 13.262950488619126 ], [ 79.413373128132989, 13.262765194382711 ], [ 79.413649931411385, 13.262507503297796 ], [ 79.414185084775582, 13.261978725138146 ], [ 79.414457312035921, 13.261730077592263 ], [ 79.414734082076649, 13.26152213912464 ], [ 79.4149812795782, 13.26140103935427 ], [ 79.415020092188385, 13.261382024636216 ], [ 79.415592228294528, 13.261183085671533 ], [ 79.415924397438829, 13.260717546436176 ], [ 79.416168836214155, 13.260410149087541 ], [ 79.416279593098778, 13.260188662082577 ], [ 79.416537874912649, 13.259736686739121 ], [ 79.416694679438763, 13.259433826992396 ], [ 79.416823866159746, 13.259076751634737 ], [ 79.416893051708001, 13.258927686566667 ], [ 79.417091328755816, 13.258444019923511 ], [ 79.417026650055377, 13.257901738727192 ], [ 79.417005643850771, 13.257542803948619 ], [ 79.417003902915738, 13.257513053359457 ], [ 79.416911065624404, 13.255926681970985 ], [ 79.416911000047378, 13.255506374058655 ], [ 79.417381590593791, 13.255510827284494 ], [ 79.41740921109384, 13.255040789854441 ], [ 79.417345107315171, 13.255044283015906 ], [ 79.416910918300673, 13.255067942079037 ], [ 79.416910912012455, 13.2550259778001 ], [ 79.416910670365681, 13.253404750153683 ], [ 79.416859605633334, 13.251682818095837 ], [ 79.421394985703827, 13.252256189973657 ], [ 79.421842550632874, 13.252256096413584 ], [ 79.422635804351259, 13.251316343835622 ], [ 79.422585084572006, 13.25099066318673 ], [ 79.422617394277836, 13.250610999320138 ], [ 79.422308125885081, 13.250041556622399 ], [ 79.42214197888002, 13.249404364684473 ], [ 79.422080432604957, 13.249366531860714 ], [ 79.420679235933193, 13.248505202428458 ], [ 79.420668476811059, 13.248497886266334 ], [ 79.418519845890302, 13.247036731398662 ], [ 79.417111267761868, 13.245907199061568 ], [ 79.417043373991007, 13.245852755281474 ], [ 79.41966381177707, 13.245716780875304 ], [ 79.419599231891283, 13.24565353779367 ], [ 79.418833231262028, 13.244681976281706 ], [ 79.418496216605092, 13.242960108420876 ], [ 79.421434855631077, 13.242132613365337 ], [ 79.422279145335693, 13.242371995381319 ], [ 79.424590719869187, 13.243343318649956 ], [ 79.425098040730958, 13.242651668177965 ], [ 79.426343624042659, 13.241982641625258 ], [ 79.427686064606618, 13.241553046772459 ], [ 79.430343663001054, 13.242560367398642 ], [ 79.432429134272496, 13.243260437975019 ], [ 79.435741534440425, 13.242853064571518 ], [ 79.437679251712225, 13.242888783168764 ], [ 79.437872695823827, 13.241663922951856 ], [ 79.437203658447984, 13.241203125143633 ], [ 79.438130719821231, 13.240027822180862 ], [ 79.43805579403832, 13.240005062326109 ], [ 79.436658904788345, 13.239580724608798 ], [ 79.434854890068493, 13.239052286621609 ], [ 79.433526155999132, 13.238636806219079 ], [ 79.432234366942481, 13.238438217672542 ], [ 79.431376223419548, 13.238284656689773 ], [ 79.43137764994421, 13.238257074115454 ], [ 79.431491045180849, 13.236065619288262 ], [ 79.433594777405375, 13.236128422387825 ], [ 79.438069847282605, 13.236276642710408 ], [ 79.439836714868861, 13.236018606147042 ], [ 79.439785931309203, 13.235860462383538 ], [ 79.439153765284232, 13.235164583657435 ], [ 79.438415456121888, 13.234640460277245 ], [ 79.438402851860133, 13.23463653221803 ], [ 79.436980603169701, 13.234193337950289 ], [ 79.436030153259736, 13.233750648314073 ], [ 79.436022676581629, 13.233737077571716 ], [ 79.435587063737444, 13.232946311845968 ], [ 79.43507488298998, 13.232232319867812 ], [ 79.43502826312168, 13.232215044805768 ], [ 79.434258181446054, 13.23192969873009 ], [ 79.433533879713934, 13.23180776398511 ], [ 79.432740390636951, 13.231731130949916 ], [ 79.431863875668157, 13.231713246348727 ], [ 79.43087191640555, 13.231541665342908 ], [ 79.429870807801791, 13.231211915573677 ], [ 79.429879499002141, 13.231196379758115 ], [ 79.430368892185797, 13.23032151743616 ], [ 79.430866446563797, 13.229847966707583 ], [ 79.430866434885701, 13.229850756279095 ], [ 79.431135137156858, 13.229851824011606 ], [ 79.431143176180314, 13.229851856367134 ], [ 79.431143634321103, 13.229741326349869 ], [ 79.432682448402801, 13.230026004267089 ], [ 79.432689248649496, 13.230027261759545 ], [ 79.433025123344351, 13.230255584852157 ], [ 79.433081437831206, 13.230293866625866 ], [ 79.433967210837309, 13.230397593876079 ], [ 79.435918788215673, 13.230889821344018 ], [ 79.437012164578888, 13.230871473211895 ], [ 79.438663642668558, 13.230654231117773 ], [ 79.439452473980808, 13.230624618906695 ], [ 79.439451987992243, 13.230743769929292 ], [ 79.439568830064616, 13.230744227277405 ], [ 79.439728731083491, 13.230744853398386 ], [ 79.439729263784471, 13.230614226692625 ], [ 79.439926692822652, 13.230606814675669 ], [ 79.439996895263789, 13.230604179019721 ], [ 79.439872496563268, 13.231259568879095 ], [ 79.43956349407182, 13.231887775934808 ], [ 79.439180748878712, 13.232475463066402 ], [ 79.438682656409853, 13.233221275121776 ], [ 79.438724340035677, 13.23384043958105 ], [ 79.438812395594795, 13.234331316052524 ], [ 79.438816767695272, 13.234355686314005 ], [ 79.439513670811237, 13.234533548311891 ], [ 79.439559587298632, 13.234545266910036 ], [ 79.440108766059396, 13.235471708585735 ], [ 79.440296611870139, 13.236158867281947 ], [ 79.440302712329228, 13.236181183275015 ], [ 79.441524063586158, 13.236548351023119 ], [ 79.441594552589862, 13.236569541563718 ], [ 79.441271619923327, 13.237264212162398 ], [ 79.441262532565929, 13.237283760429008 ], [ 79.441698513719388, 13.237404016118878 ], [ 79.441770067226727, 13.237423752380264 ], [ 79.441502785192014, 13.237973963201854 ], [ 79.441493395102356, 13.237993291051446 ], [ 79.442988277973399, 13.238408709591894 ], [ 79.444833687061561, 13.238496555255509 ], [ 79.444947964443784, 13.238501993415166 ], [ 79.444972041090068, 13.238503138935153 ], [ 79.446346779681747, 13.238299410300861 ], [ 79.447624590952572, 13.237815464808643 ], [ 79.448510354077214, 13.237521476144618 ], [ 79.449442262759717, 13.237575446963421 ], [ 79.451716779991102, 13.237986069013449 ], [ 79.453103538041304, 13.238339498285047 ], [ 79.453151673367486, 13.238351765850529 ], [ 79.45321112387299, 13.238487558987968 ], [ 79.4532895126613, 13.238487858047433 ], [ 79.453290593334572, 13.238216734277863 ], [ 79.453172500807341, 13.238216283064848 ], [ 79.453386509152438, 13.236824126968571 ], [ 79.453316677715506, 13.234568856260127 ], [ 79.453002108364245, 13.231870820903115 ], [ 79.452918599178801, 13.23014889395338 ], [ 79.453272954015674, 13.227382864114134 ], [ 79.453424709111573, 13.225669924935062 ], [ 79.453359803137346, 13.225658652773935 ], [ 79.453138735830748, 13.225620262710065 ], [ 79.453140835193565, 13.225592000973089 ], [ 79.453285725364069, 13.223640729902423 ], [ 79.453710313184786, 13.218115521400586 ], [ 79.453712581430892, 13.218086002988862 ], [ 79.453846860701219, 13.218084254831345 ], [ 79.453847390707253, 13.217951030150012 ], [ 79.453722989311771, 13.217950556162048 ], [ 79.453800441157242, 13.216942611723956 ], [ 79.4537359870356, 13.21692687735756 ], [ 79.451636793099908, 13.216414405376858 ], [ 79.451023144946163, 13.216206726426083 ], [ 79.450151197910586, 13.215926740810765 ], [ 79.449371621042403, 13.215768797397068 ], [ 79.44881339085687, 13.215719167262353 ], [ 79.448527348405761, 13.215692150575556 ], [ 79.448126100612782, 13.2158413811558 ], [ 79.447807810439599, 13.215968005210591 ], [ 79.447494194200857, 13.216289010257785 ], [ 79.447369676024394, 13.216365820427447 ], [ 79.447111452601035, 13.216618989220052 ], [ 79.446848523802231, 13.216754705264076 ], [ 79.446613282877081, 13.216881286867878 ], [ 79.446364242032558, 13.217012435148742 ], [ 79.44611511944133, 13.216980843991211 ], [ 79.445842902960791, 13.216827200402886 ], [ 79.445616824851541, 13.216745951310836 ], [ 79.445160207599343, 13.216886170189337 ], [ 79.444828037556746, 13.216967609880045 ], [ 79.444103790621867, 13.216918042080144 ], [ 79.4416681812055, 13.217162725713337 ], [ 79.43970774374354, 13.217637751904016 ], [ 79.439474591401407, 13.219680690844388 ], [ 79.439442776667306, 13.219680565789405 ], [ 79.43940760942057, 13.219680427616758 ], [ 79.43932132084764, 13.219680090055801 ], [ 79.439320964216463, 13.219767549815044 ], [ 79.439320835757371, 13.219798790807729 ], [ 79.437378561332125, 13.219554485858337 ], [ 79.437377522879686, 13.219523146014648 ], [ 79.437295017112405, 13.217032601575951 ], [ 79.436925671190053, 13.215826014018537 ], [ 79.436035013145428, 13.214501937189626 ], [ 79.436219171371931, 13.212739284672464 ], [ 79.438857293392687, 13.210469899061694 ], [ 79.441190882040544, 13.208268428371685 ], [ 79.442837626906993, 13.208100789967927 ], [ 79.443852347682267, 13.20777510141402 ], [ 79.443852284800172, 13.207607927059449 ], [ 79.443789433273025, 13.207581969433761 ], [ 79.442878896409454, 13.207205912821149 ], [ 79.44100135188863, 13.206618783112056 ], [ 79.440571933826618, 13.206400478693268 ], [ 79.440455788846918, 13.206339760755203 ], [ 79.440432688669375, 13.206328258566744 ], [ 79.440295807877973, 13.206260100742607 ], [ 79.43969999487588, 13.205957203377896 ], [ 79.439623979436547, 13.205918556591595 ], [ 79.439561932799876, 13.205887012973369 ], [ 79.439557227424402, 13.205877477648501 ], [ 79.439494902309988, 13.205751200806429 ], [ 79.438158998786349, 13.203044475291449 ], [ 79.436096439944549, 13.200170535958645 ], [ 79.435662205116017, 13.19721486642791 ], [ 79.435604429070182, 13.197212169189923 ], [ 79.433637150937329, 13.197120335390666 ], [ 79.432382534167118, 13.196971480811742 ], [ 79.432383023748955, 13.196940089966205 ], [ 79.4324053028663, 13.19551163692978 ], [ 79.433147255595443, 13.1925195256223 ], [ 79.434383333833139, 13.192175862324689 ], [ 79.436302093059169, 13.191587888351043 ], [ 79.437293684910841, 13.191058854876616 ], [ 79.437787027986772, 13.190489351831719 ], [ 79.438178927910926, 13.189467788186217 ], [ 79.438427681294584, 13.188175123113041 ], [ 79.438360887959931, 13.188153966853324 ], [ 79.437172955828231, 13.187777698414855 ], [ 79.437030038358103, 13.187949463245475 ], [ 79.436056993123813, 13.188898782592439 ], [ 79.434350482443179, 13.189577104104428 ], [ 79.433174373038909, 13.189667765251723 ], [ 79.431582973377118, 13.189270314117339 ], [ 79.430531286927916, 13.189460387164337 ], [ 79.427810063556876, 13.190143288357254 ], [ 79.426200321195282, 13.190487118065393 ], [ 79.425573021344178, 13.19037424461923 ], [ 79.42556655886402, 13.190345700673992 ], [ 79.425383720262673, 13.18953811362595 ], [ 79.425331058325753, 13.189546323667345 ], [ 79.42439671790379, 13.189691979043934 ], [ 79.424332178442214, 13.19022075833932 ], [ 79.421463307971081, 13.190600869572327 ], [ 79.421457132053504, 13.190554640072085 ], [ 79.421296674079116, 13.189353572604055 ], [ 79.421416315301911, 13.189354058017564 ], [ 79.421417457060656, 13.189082974984307 ], [ 79.421269182936484, 13.189082374995083 ], [ 79.421236666618157, 13.189082243802101 ], [ 79.421140798411045, 13.18908185634548 ], [ 79.421140386982628, 13.18917928898094 ], [ 79.421140203726296, 13.189222689347591 ], [ 79.419493579234114, 13.189561725693714 ], [ 79.418442037413641, 13.190434144387137 ], [ 79.417551798882258, 13.1900726359851 ], [ 79.415282490981184, 13.190624403696768 ], [ 79.414336898261993, 13.190321723967312 ], [ 79.410171749852708, 13.190512011352094 ], [ 79.410274081438288, 13.193824858211322 ], [ 79.410212084208951, 13.193824602827284 ], [ 79.410140516328596, 13.193824308086095 ], [ 79.410140340258792, 13.193865382059306 ], [ 79.410140074357457, 13.193927307425774 ], [ 79.410139890202814, 13.193970161197525 ], [ 79.40918511131153, 13.194037367385288 ], [ 79.409127309214554, 13.193998618133882 ], [ 79.407884192676633, 13.19316525891775 ], [ 79.407877689772278, 13.193164922194729 ], [ 79.404890571365357, 13.193010096896336 ], [ 79.404890723180642, 13.192975117908354 ], [ 79.404890911826826, 13.192931586142393 ], [ 79.404891207372572, 13.192863363357983 ], [ 79.404614539739782, 13.19286221237603 ], [ 79.404614113040026, 13.192960783990971 ], [ 79.404613962123051, 13.19299575773338 ], [ 79.403880464337377, 13.192957734239833 ], [ 79.402630455026255, 13.192487807976248 ], [ 79.400836089110868, 13.191656345887106 ], [ 79.40083461317883, 13.191646791639947 ], [ 79.400466840206576, 13.189265559687284 ], [ 79.400410839231753, 13.189274544650408 ], [ 79.39891709722113, 13.189514200687217 ], [ 79.398895331940125, 13.189469423722814 ], [ 79.39854805043781, 13.188754929337305 ], [ 79.399124583797246, 13.188565088391247 ], [ 79.399064564658175, 13.187805848204283 ], [ 79.399005298307301, 13.187818965821398 ], [ 79.397348742939627, 13.188185601972458 ], [ 79.397122777119819, 13.188601428046844 ], [ 79.396195636694856, 13.188678248673801 ], [ 79.396195672627456, 13.189722280172251 ], [ 79.395988195034505, 13.191295113920637 ], [ 79.395803796957807, 13.191823921234331 ], [ 79.395471689797276, 13.191918831277095 ], [ 79.394378462554371, 13.191656802433885 ], [ 79.393635846868577, 13.191634178004009 ], [ 79.39297628402403, 13.19190093063904 ], [ 79.39229855634612, 13.192343594745235 ], [ 79.39229875217886, 13.192299254728665 ], [ 79.392245473099379, 13.192299029079697 ], [ 79.392071756889706, 13.192298290910244 ], [ 79.392022087241031, 13.192298080129619 ], [ 79.392021786305406, 13.192366389658009 ], [ 79.392021729711558, 13.192379101212259 ], [ 79.389023245819615, 13.191182468246792 ], [ 79.389019533980886, 13.191168338883603 ], [ 79.388903309051116, 13.19072594203022 ], [ 79.38838668343962, 13.189645814968159 ], [ 79.388325354556883, 13.189611995242233 ], [ 79.387394992773295, 13.18909894641738 ], [ 79.385600745435497, 13.188850429191289 ], [ 79.382505728583169, 13.188999655182043 ], [ 79.37454914260087, 13.189424384364607 ], [ 79.374032544837178, 13.189257135354771 ], [ 79.374014389885303, 13.189234224702313 ], [ 79.372814817384111, 13.187720415748036 ], [ 79.373534388587942, 13.187417688692168 ], [ 79.374443083006867, 13.187209831150273 ], [ 79.375102660224428, 13.186699080181587 ], [ 79.378137735192837, 13.184706072056549 ], [ 79.380490039341296, 13.183928662397678 ], [ 79.383787899378092, 13.184213436594931 ], [ 79.385466420351079, 13.183136388365996 ], [ 79.385548361078023, 13.183083808433206 ], [ 79.385605237011916, 13.183047312271547 ], [ 79.385566221382518, 13.182911513650755 ], [ 79.385213099932514, 13.181682426959508 ], [ 79.386015670078734, 13.180525442913279 ], [ 79.386513757157701, 13.180299443620351 ], [ 79.387542371277135, 13.180222579252982 ], [ 79.387685293238846, 13.179273506119893 ], [ 79.387726720844796, 13.177528976974102 ], [ 79.387565343893868, 13.177266812885133 ], [ 79.387523733031628, 13.177264657717631 ], [ 79.386430659400631, 13.177208046078919 ], [ 79.385337590261244, 13.177415996087134 ], [ 79.38420296236184, 13.178252167645985 ], [ 79.382879240891782, 13.179314202062349 ], [ 79.382284275899309, 13.179617052852645 ], [ 79.381334069432825, 13.179653176048951 ], [ 79.379807459862576, 13.179504052812733 ], [ 79.378100844977368, 13.179065658275624 ], [ 79.375545682373115, 13.177700680777905 ], [ 79.374697027754536, 13.1778543507214 ], [ 79.373709924784364, 13.178401161321137 ], [ 79.372695198619226, 13.178839576291251 ], [ 79.372666860365243, 13.178786902721356 ], [ 79.370241647151701, 13.174279201592544 ], [ 79.369522204406948, 13.172914319854392 ], [ 79.373645521866692, 13.172629728435131 ], [ 79.379235524080727, 13.171513524784702 ], [ 79.380264060046756, 13.170148578644898 ], [ 79.380596175292141, 13.168955473035563 ], [ 79.380720692570307, 13.165922790108969 ], [ 79.379936663651591, 13.165335312858438 ], [ 79.380032422264236, 13.163061921032403 ], [ 79.38003813285448, 13.162926322130586 ], [ 79.380037533678205, 13.162926296763882 ], [ 79.379972731908538, 13.162923639384683 ], [ 79.379899760859686, 13.162920646115525 ], [ 79.373867196434418, 13.162673149339184 ], [ 79.372977082768855, 13.162713826173109 ], [ 79.371132314179491, 13.162817710698368 ], [ 79.370112996724899, 13.162808608426948 ], [ 79.36943039927985, 13.163179224374185 ], [ 79.368544920921153, 13.163518139352632 ], [ 79.367059823398478, 13.163992560404337 ], [ 79.366109741797786, 13.164304358297516 ], [ 79.365390204729948, 13.164561999158597 ], [ 79.364564651187209, 13.165113336307931 ], [ 79.363420732012855, 13.16595389190941 ], [ 79.363056404977996, 13.165867924378615 ], [ 79.360584371571818, 13.16533895687842 ], [ 79.358744222119668, 13.165017982888134 ], [ 79.357291383997151, 13.164751180827361 ], [ 79.356701607673784, 13.164664975828821 ], [ 79.356115370712644, 13.164579287752082 ], [ 79.356124018793864, 13.164552827850134 ], [ 79.356489051006207, 13.163435911233588 ], [ 79.356936476696404, 13.162929764127625 ], [ 79.357360880362478, 13.162107239173622 ], [ 79.35750400803839, 13.160620288709715 ], [ 79.357494956613607, 13.158798906905831 ], [ 79.35758720640672, 13.158505157291634 ], [ 79.357716383246284, 13.158202332874179 ], [ 79.357867570606913, 13.157890276168274 ], [ 79.358070892593389, 13.15789118938776 ], [ 79.358071655263061, 13.157728003829993 ], [ 79.358072159217926, 13.157619951671828 ], [ 79.357883444736331, 13.157619104930973 ], [ 79.357845505288608, 13.157515384401028 ], [ 79.357656527600582, 13.15674710286669 ], [ 79.357462916402355, 13.155942566273442 ], [ 79.357647388140876, 13.15551777987303 ], [ 79.358168659839023, 13.154672605695149 ], [ 79.358376245229806, 13.153791328715084 ], [ 79.358616155597801, 13.153212873399246 ], [ 79.3599628658543, 13.151965533777219 ], [ 79.359861481093006, 13.151820945023243 ], [ 79.359635524256348, 13.151509107630272 ], [ 79.359584783815833, 13.151228856374823 ], [ 79.359893869850595, 13.14976905808984 ], [ 79.359912384128577, 13.149524992843803 ], [ 79.359852426074937, 13.149299057672462 ], [ 79.359543613128039, 13.147545431794912 ], [ 79.360562926989374, 13.146338769141943 ], [ 79.360553339270325, 13.146261995592399 ], [ 79.360677629274733, 13.146262551073157 ], [ 79.3606783676899, 13.146103554064222 ], [ 79.360678470097852, 13.146081607748616 ], [ 79.360678891407716, 13.145991324112639 ], [ 79.360519449427926, 13.145990612046788 ], [ 79.360479954996464, 13.145674359250231 ], [ 79.360244909904054, 13.143721964097752 ], [ 79.360410988637128, 13.143351371224714 ], [ 79.361144351675534, 13.141588754611194 ], [ 79.361153635763998, 13.140684882841134 ], [ 79.361140852737506, 13.138642016434481 ], [ 79.361277745207019, 13.138642627044851 ], [ 79.361277966192574, 13.138595162142973 ], [ 79.361278245568641, 13.138535065115006 ], [ 79.363385755208924, 13.138972072122133 ], [ 79.363441136346182, 13.138709970012851 ], [ 79.36361653240543, 13.137042267994127 ], [ 79.364193000187882, 13.13687053570529 ], [ 79.364953825622806, 13.13688867918718 ], [ 79.364852573812186, 13.134796164385689 ], [ 79.364789373738702, 13.134788412661511 ], [ 79.364594282116869, 13.134764488254906 ], [ 79.364594654917695, 13.134735216983438 ], [ 79.364603559917114, 13.134036830181056 ], [ 79.365521234793917, 13.133932918593297 ], [ 79.365516639911235, 13.133847021195272 ], [ 79.365424570679451, 13.131786182361999 ], [ 79.365074771199389, 13.130936729016499 ], [ 79.365156564602628, 13.130937091195065 ], [ 79.36515704609964, 13.130832767126691 ], [ 79.365157193423343, 13.130800874402169 ], [ 79.36515781685415, 13.130665877044473 ], [ 79.364881089932567, 13.130664649660241 ], [ 79.364880867150376, 13.130712927060943 ], [ 79.364174942254024, 13.130262927253966 ], [ 79.364158356658947, 13.130256398398815 ], [ 79.362464159185905, 13.12958940796349 ], [ 79.362462835069181, 13.129577195305208 ], [ 79.362372066597928, 13.128739741434494 ], [ 79.362311414146561, 13.128740626767817 ], [ 79.361754054428559, 13.128748763610375 ], [ 79.361742643129489, 13.128710815879817 ], [ 79.361071759715742, 13.126479870596459 ], [ 79.360504823956774, 13.123537545853424 ], [ 79.36044804504094, 13.123542600758546 ], [ 79.359642519437472, 13.123614311636231 ], [ 79.359619439022879, 13.123573476095618 ], [ 79.359098468260356, 13.122651669067153 ], [ 79.359056483698922, 13.12265517024457 ], [ 79.358503582319656, 13.122701272575512 ], [ 79.358486666144543, 13.12266018492439 ], [ 79.358097913917121, 13.121715968425249 ], [ 79.358048027774458, 13.12171548812695 ], [ 79.355732362313148, 13.121693201060635 ], [ 79.353657333956917, 13.121426311644043 ], [ 79.353655411562187, 13.121397452592753 ], [ 79.353597420819028, 13.120526893969691 ], [ 79.353534771412797, 13.120524896654059 ], [ 79.350609396910258, 13.120431660576333 ], [ 79.350535556292229, 13.121096039034546 ], [ 79.349484157303934, 13.121095884183873 ], [ 79.349480502059009, 13.12105902884973 ], [ 79.349401235616654, 13.120259770572554 ], [ 79.349339877089506, 13.120259439873427 ], [ 79.348548202609393, 13.120255166155639 ], [ 79.34765343297569, 13.121800729247479 ], [ 79.34538466136884, 13.121425533017463 ], [ 79.34538478533635, 13.121399526889132 ], [ 79.345385412360429, 13.121267698364894 ], [ 79.345108705201795, 13.121266431564914 ], [ 79.345108330604305, 13.121345114878809 ], [ 79.34510811680525, 13.121390064388102 ], [ 79.345107414322726, 13.121537638593709 ], [ 79.345240050574432, 13.121538245747146 ], [ 79.345292581357299, 13.12153848633392 ], [ 79.345845614788885, 13.123165392396297 ], [ 79.345822492153502, 13.123771032843766 ], [ 79.345453176773901, 13.126234103368006 ], [ 79.345268491236311, 13.127829487658357 ], [ 79.345143823041184, 13.129126578409341 ], [ 79.344433561976942, 13.129736604566459 ], [ 79.343557242840888, 13.131015581574667 ], [ 79.344082725841062, 13.131960197122828 ], [ 79.344359141047235, 13.133985027048178 ], [ 79.344644087553675, 13.136674111870121 ], [ 79.344583391983193, 13.136673833681506 ], [ 79.344520742576961, 13.136673546744815 ], [ 79.344520344623319, 13.136757000693677 ], [ 79.34452023682546, 13.136779663435002 ], [ 79.343828446920099, 13.136628884344345 ], [ 79.342145250216035, 13.136723523588627 ], [ 79.341305956042717, 13.136820445166531 ], [ 79.341306168045136, 13.136776286681405 ], [ 79.341306525574609, 13.136701460084874 ], [ 79.34111850099913, 13.136700594900834 ], [ 79.341061508284255, 13.136542615221499 ], [ 79.340402397292308, 13.134436371624156 ], [ 79.340259536416042, 13.133753942391282 ], [ 79.339701799405574, 13.132754987246217 ], [ 79.340066140813448, 13.13218106903447 ], [ 79.340066180339321, 13.131864736332417 ], [ 79.339623743892218, 13.130454506164691 ], [ 79.339568682555196, 13.130448643934479 ], [ 79.338646162165745, 13.130350437341543 ], [ 79.33859068940032, 13.130987646592411 ], [ 79.335777705817947, 13.130928423404741 ], [ 79.335766649353445, 13.130893013010891 ], [ 79.335621059395336, 13.130426745209625 ], [ 79.335569299366966, 13.130431687120007 ], [ 79.335242849796103, 13.130462854659131 ], [ 79.335236292094507, 13.130420777124394 ], [ 79.335173820554729, 13.130019923026149 ], [ 79.335114441016131, 13.130017668587442 ], [ 79.33302026057801, 13.129938159585674 ], [ 79.332738874095057, 13.13051660940349 ], [ 79.33238838470885, 13.130516514922009 ], [ 79.329017458401822, 13.130524942148929 ], [ 79.329002567927674, 13.130488444284476 ], [ 79.328842274344993, 13.13009555037886 ], [ 79.328233976557101, 13.128359850928192 ], [ 79.32702625633631, 13.126484011229813 ], [ 79.326772689779375, 13.126077172018958 ], [ 79.32671941968303, 13.126059379425975 ], [ 79.324227387981992, 13.125226983306863 ], [ 79.322064886174957, 13.124575681027082 ], [ 79.318671236982809, 13.123472084910503 ], [ 79.318675839950316, 13.123458561416761 ], [ 79.319238843783282, 13.121804477147558 ], [ 79.320359477727166, 13.121149436259765 ], [ 79.322577875406139, 13.119785052374143 ], [ 79.323827460712437, 13.119776285330413 ], [ 79.324238168663726, 13.118538031090042 ], [ 79.324062951369243, 13.118366270118173 ], [ 79.324010840099575, 13.118342667815183 ], [ 79.322495385808523, 13.117656289316336 ], [ 79.321301225656953, 13.117018808405337 ], [ 79.319530499806575, 13.116973172193106 ], [ 79.319050952158435, 13.11695042013705 ], [ 79.311922199643092, 13.116569034612571 ], [ 79.311899043770026, 13.116535329037999 ], [ 79.311779343258408, 13.116361093383272 ], [ 79.313190484280341, 13.11567897965072 ], [ 79.316017318087788, 13.114952083950334 ], [ 79.316893760293055, 13.1139399246811 ], [ 79.318913362596277, 13.114202545776655 ], [ 79.318898469427168, 13.113601457427489 ], [ 79.319032782833517, 13.113602096096558 ], [ 79.319033981186109, 13.113360069271236 ], [ 79.31903401891536, 13.113352422732518 ], [ 79.319034124916556, 13.113330896937397 ], [ 79.318757434825898, 13.11332958110269 ], [ 79.318757002736234, 13.11341676213658 ], [ 79.31875688056536, 13.11344128442145 ], [ 79.316907756943493, 13.113112787613199 ], [ 79.316893981278596, 13.113085845347131 ], [ 79.316147349225147, 13.111625684723728 ], [ 79.316101188395962, 13.111626815089569 ], [ 79.314321347340382, 13.111670393663587 ], [ 79.313209769312863, 13.112687018974375 ], [ 79.311692754648192, 13.11257366001589 ], [ 79.309908409439757, 13.112012697363499 ], [ 79.309903093209897, 13.111995614167206 ], [ 79.309355621248201, 13.110236337812873 ], [ 79.309305591375093, 13.107813849828617 ], [ 79.3083238181095, 13.106521044830028 ], [ 79.307189861251615, 13.105521888899435 ], [ 79.307173313385803, 13.105529036103409 ], [ 79.30703306570868, 13.105589609283173 ], [ 79.305345089069007, 13.10675517616505 ], [ 79.305286374283725, 13.106714861023182 ], [ 79.303962126400904, 13.105805601853692 ], [ 79.303956291843107, 13.105810688620286 ], [ 79.301692869703786, 13.107784528977325 ], [ 79.29814729383753, 13.106956307319567 ], [ 79.298103572832673, 13.106976854645131 ], [ 79.296542375429027, 13.107710581587657 ], [ 79.294305422149549, 13.109598981153779 ], [ 79.294572703285937, 13.109901936383594 ], [ 79.295429934120534, 13.111077294820417 ], [ 79.295834514663255, 13.112338760812007 ], [ 79.295844548844968, 13.112370046131357 ], [ 79.300953976636535, 13.112765880887077 ], [ 79.300999568832111, 13.112769412826513 ], [ 79.301543427769758, 13.113664401318568 ], [ 79.298771458568297, 13.115710897959483 ], [ 79.299262599873501, 13.118649950760666 ], [ 79.299263917702007, 13.118657835974428 ], [ 79.300193105387521, 13.119062968347954 ], [ 79.300218267198616, 13.11907393921385 ], [ 79.302021857015376, 13.120192834607961 ], [ 79.30206236923803, 13.120217967748127 ], [ 79.303947157773322, 13.121034150380623 ], [ 79.303952695887034, 13.121036548379227 ], [ 79.306361797815981, 13.122389907358439 ], [ 79.306423919012829, 13.122424805436278 ], [ 79.308297598981312, 13.123047700735199 ], [ 79.308369695071065, 13.123071669150873 ], [ 79.30826820430859, 13.123238852218917 ], [ 79.307769415645396, 13.124341383814466 ], [ 79.307765274411935, 13.124350539129193 ], [ 79.308618267893337, 13.124680679637137 ], [ 79.310153725869114, 13.124938739170341 ], [ 79.311966488383234, 13.125096288014475 ], [ 79.311979811297221, 13.125097446313562 ], [ 79.312528443882258, 13.125468134100752 ], [ 79.312712789856661, 13.125902112899528 ], [ 79.312463705892995, 13.126141606075297 ], [ 79.311071094420441, 13.126073403187764 ], [ 79.310116445784843, 13.126271991116903 ], [ 79.309392410852368, 13.126615267433145 ], [ 79.308733037552329, 13.12630327466317 ], [ 79.307681722107333, 13.126113126385457 ], [ 79.306805590719179, 13.126081258418692 ], [ 79.306072356139865, 13.126121731356898 ], [ 79.305016292200278, 13.126433209074616 ], [ 79.304398294403967, 13.126622885564345 ], [ 79.304369819606066, 13.126575970365177 ], [ 79.304167854973997, 13.126243205246716 ], [ 79.304115815569574, 13.126228445750636 ], [ 79.303162685086832, 13.125958130991457 ], [ 79.300935659089546, 13.125125836886602 ], [ 79.299123606244507, 13.124591940115398 ], [ 79.296112472276789, 13.124252055395319 ], [ 79.292368343579909, 13.123586361814739 ], [ 79.289666425902638, 13.122848750634505 ], [ 79.289639153948926, 13.122823601141045 ], [ 79.289390766179594, 13.122594540027766 ], [ 79.288739857704513, 13.121994276190852 ], [ 79.288718785024571, 13.121999288259588 ], [ 79.287070481581097, 13.122391343875059 ], [ 79.285668074878657, 13.123755733414878 ], [ 79.285605412896018, 13.123718303701057 ], [ 79.284017605597043, 13.12276988758151 ], [ 79.284381105283515, 13.121715589610767 ], [ 79.284391557181848, 13.121685273950888 ], [ 79.285415863879507, 13.120230427583635 ], [ 79.286523295283644, 13.118282852790726 ], [ 79.286915851876287, 13.116687627000404 ], [ 79.287004326948619, 13.114328453357436 ], [ 79.287567463732259, 13.112805565115176 ], [ 79.288306063050442, 13.110536974647605 ], [ 79.288772227597462, 13.109371143960841 ], [ 79.289565655589016, 13.108503596190415 ], [ 79.290769589410885, 13.107292783667953 ], [ 79.291314110406873, 13.106194736569213 ], [ 79.291877266055096, 13.10449107337832 ], [ 79.292431164564363, 13.102805484897274 ], [ 79.292887880631199, 13.101992068680847 ], [ 79.293352750705921, 13.101447429142571 ], [ 79.29338145637081, 13.101413797615523 ], [ 79.293778233248645, 13.100663673991521 ], [ 79.294373314123789, 13.099877481393232 ], [ 79.294936210158909, 13.099005349591351 ], [ 79.295462135130194, 13.098115194350454 ], [ 79.2967909769974, 13.095272767739063 ], [ 79.297464629917158, 13.094021120568463 ], [ 79.298184288257573, 13.092769429414583 ], [ 79.298811673448625, 13.091834035121352 ], [ 79.299524896258362, 13.088890466589573 ], [ 79.299536563577263, 13.088842309602942 ], [ 79.299344441785763, 13.08874853041123 ], [ 79.297731543642612, 13.087961226181688 ], [ 79.297628062213434, 13.087910713566137 ], [ 79.29873955400268, 13.08674954966544 ], [ 79.300238454139688, 13.085498068320895 ], [ 79.301557412742099, 13.084468060613887 ], [ 79.303498763699238, 13.08343364562171 ], [ 79.304716032113177, 13.083045293069329 ], [ 79.306016383911157, 13.082706695848318 ], [ 79.306675620667221, 13.082563289610121 ], [ 79.306754042693242, 13.082546230620853 ], [ 79.306952559591238, 13.082503047642698 ], [ 79.307800768645421, 13.082318529400927 ], [ 79.308699816954842, 13.082110931120129 ], [ 79.310424380179398, 13.081451535590904 ], [ 79.311056112318113, 13.080968106257814 ], [ 79.312508478825066, 13.080950362904169 ], [ 79.313799600433498, 13.080250174044147 ], [ 79.31560247608958, 13.079663103602412 ], [ 79.315851449560455, 13.079613481796704 ], [ 79.321165778576727, 13.078561218036715 ], [ 79.321209033355998, 13.078552653403269 ], [ 79.324731684216189, 13.077681158392428 ], [ 79.324764173585052, 13.076370544332823 ], [ 79.326258124903148, 13.075756168297715 ], [ 79.326889814821058, 13.07545345808254 ], [ 79.32736022929771, 13.074933883651513 ], [ 79.327968916056108, 13.074156648024324 ], [ 79.328785111848518, 13.073605363233677 ], [ 79.330122264030422, 13.07294574458269 ], [ 79.330957339715141, 13.069687374680472 ], [ 79.331575191984427, 13.069524790373565 ], [ 79.331722821118234, 13.068670585063476 ], [ 79.332299158644929, 13.068494399195528 ], [ 79.333267927898461, 13.065579489435382 ], [ 79.333696630901514, 13.065534389731699 ], [ 79.334287303743565, 13.062736837405501 ], [ 79.334577699430497, 13.06269172668174 ], [ 79.334940950283624, 13.060588748018661 ], [ 79.334946944741517, 13.060554038948554 ], [ 79.33608560966978, 13.060829853585417 ], [ 79.341825019681878, 13.062186720706801 ], [ 79.34563750208703, 13.063077647077723 ], [ 79.346116155911446, 13.06320142286393 ], [ 79.346170789650387, 13.06321555083775 ], [ 79.346739211222825, 13.06336253859677 ], [ 79.347781212036651, 13.062992065361417 ], [ 79.348680194769045, 13.062739035580629 ], [ 79.35044597988535, 13.062531328068983 ], [ 79.351478954427208, 13.062491507109513 ], [ 79.351497032123959, 13.062490809678232 ], [ 79.354876733174706, 13.06519676867255 ], [ 79.354941921219904, 13.065248960806043 ], [ 79.355516793594418, 13.065709223995709 ], [ 79.355300019336568, 13.066820983325357 ], [ 79.356775256950684, 13.066798550407823 ], [ 79.358411858040938, 13.067218985261153 ], [ 79.359974640971046, 13.067919659130853 ], [ 79.361177876801946, 13.068638365768315 ], [ 79.362703863839698, 13.069510750265392 ], [ 79.363985431865046, 13.070098367267764 ], [ 79.36488903822621, 13.070428345127269 ], [ 79.366553320003646, 13.071332372594247 ], [ 79.367526111913023, 13.071788896779946 ], [ 79.368535678155183, 13.071883926724556 ], [ 79.369420901392331, 13.07195621267069 ], [ 79.370522791089513, 13.071965320931158 ], [ 79.371288082049745, 13.072100920130051 ], [ 79.372943153400556, 13.07260722887548 ], [ 79.373491794968757, 13.072742772594495 ], [ 79.373768432957121, 13.073488571041688 ], [ 79.3755019182491, 13.074107779386242 ], [ 79.376654428910854, 13.074550718005057 ], [ 79.377977785664925, 13.074910846828079 ], [ 79.378094698704189, 13.074942661917067 ], [ 79.378115925894363, 13.074948437966667 ], [ 79.378253960122606, 13.075009519179483 ], [ 79.379300792076009, 13.075472741874909 ], [ 79.379084080700267, 13.077755131421744 ], [ 79.379180932562591, 13.078609291280372 ], [ 79.379199342636042, 13.079463565432155 ], [ 79.379223660030775, 13.079879311407172 ], [ 79.379231593951374, 13.080014934256175 ], [ 79.379233919689653, 13.080015808389621 ], [ 79.379369674892004, 13.080066803002369 ], [ 79.37950821666837, 13.080118844114272 ], [ 79.38129252863915, 13.080308713797534 ], [ 79.382938489276341, 13.080507566153702 ], [ 79.382915378319026, 13.081045382319401 ], [ 79.384197150261954, 13.080991126765383 ], [ 79.386050540881428, 13.080923280618482 ], [ 79.387558161863183, 13.080819332599097 ], [ 79.391366450034297, 13.080647464812598 ], [ 79.392039566659818, 13.080602232236993 ], [ 79.39210872615692, 13.080068958147761 ], [ 79.393058496042229, 13.080059858061587 ], [ 79.394109660570237, 13.080041760264166 ], [ 79.394068156607474, 13.080507222276049 ], [ 79.395313039233258, 13.080498088955773 ], [ 79.397687420378162, 13.080665249313334 ], [ 79.399559334258782, 13.080859829605362 ], [ 79.399668880214435, 13.080871215176201 ], [ 79.399696906752979, 13.080874128069228 ], [ 79.399835840194811, 13.080888569158175 ], [ 79.40025087802573, 13.080931707793773 ], [ 79.401509606385034, 13.081053638864601 ], [ 79.401200557181198, 13.08003221742273 ], [ 79.402454648436972, 13.080411801025212 ], [ 79.403404492882402, 13.080619554737671 ], [ 79.403897809008882, 13.080700863811293 ], [ 79.404824547886918, 13.081338102753568 ], [ 79.406516682828027, 13.082323149402409 ], [ 79.408125811640275, 13.082978325985552 ], [ 79.410786282846999, 13.083949758167208 ], [ 79.412164901262372, 13.0845869152131 ], [ 79.413617332448041, 13.085382143625552 ], [ 79.414442541037715, 13.085079200229258 ], [ 79.415650473260897, 13.084794301411065 ], [ 79.416613958623955, 13.084651956002507 ], [ 79.416710697298569, 13.084637663007681 ], [ 79.416752365653039, 13.084631506563476 ], [ 79.416731561569364, 13.084696591090713 ], [ 79.416709081229385, 13.084766921175481 ], [ 79.416485112364427, 13.085467598576958 ], [ 79.415678470155072, 13.087076721925282 ], [ 79.414908753195434, 13.088776212946655 ], [ 79.415227036182074, 13.089675574290126 ], [ 79.415872579918272, 13.090430175359979 ], [ 79.416472153268131, 13.091284311425907 ], [ 79.417495884145723, 13.092744050231159 ], [ 79.417966248316702, 13.093304370825626 ], [ 79.418515097395712, 13.094163009961495 ], [ 79.418957898558816, 13.095103009923521 ], [ 79.419598838429195, 13.095667826784748 ], [ 79.420622515407871, 13.096169429766132 ], [ 79.422176490356605, 13.096765739722574 ], [ 79.422632964776625, 13.096878631739958 ], [ 79.422868397042933, 13.098555368757223 ], [ 79.422900824428055, 13.099635560060928 ], [ 79.422905667245772, 13.099784670584597 ], [ 79.422909193133236, 13.099893222401084 ], [ 79.422910071685607, 13.099920286852955 ], [ 79.42290055313687, 13.09990938337809 ], [ 79.422791274879188, 13.099784210367062 ], [ 79.422199914825953, 13.09910682960605 ], [ 79.42168343114831, 13.099088891571746 ], [ 79.420973442273578, 13.099400871616933 ], [ 79.42032336294352, 13.09974895910187 ], [ 79.420503363766883, 13.100847142572272 ], [ 79.420664837735814, 13.101299061569021 ], [ 79.420646363882014, 13.101384947590443 ], [ 79.42001930298278, 13.101443820046592 ], [ 79.42020389958715, 13.102438133176957 ], [ 79.420328588443496, 13.103242534432198 ], [ 79.420337829412844, 13.103812046712713 ], [ 79.417617394762615, 13.103604530413039 ], [ 79.417451519947093, 13.10445421905572 ], [ 79.417451560371276, 13.104924241399981 ], [ 79.415833145673929, 13.10475278414358 ], [ 79.414454411375871, 13.104373323785124 ], [ 79.412895793035418, 13.103921553044792 ], [ 79.411715416633569, 13.103492337044997 ], [ 79.410816166203233, 13.10312631711272 ], [ 79.410258227071822, 13.102773836141793 ], [ 79.408787212437886, 13.101341318198742 ], [ 79.407878795598407, 13.10046917933299 ], [ 79.407519104768738, 13.100220590689464 ], [ 79.407325471112614, 13.100143793107433 ], [ 79.405089150247093, 13.099981341753615 ], [ 79.404286680712218, 13.099788608681681 ], [ 79.404148489278796, 13.099755418771903 ], [ 79.404141210230051, 13.099887780287425 ], [ 79.404141034160261, 13.099890983435062 ], [ 79.404005836811692, 13.102349646358608 ], [ 79.402571840852289, 13.102408521208822 ], [ 79.402530450077251, 13.103809617923796 ], [ 79.401718931812511, 13.104098890362412 ], [ 79.401612907252783, 13.104211944377735 ], [ 79.401894293735765, 13.105359868055031 ], [ 79.401884539828416, 13.105689811829178 ], [ 79.40188053244394, 13.105825393347255 ], [ 79.401925867721388, 13.105871428839819 ], [ 79.402263276738708, 13.106214044203288 ], [ 79.402410815142659, 13.106458050990996 ], [ 79.402521495670513, 13.106932613805634 ], [ 79.402572238805959, 13.107547326810371 ], [ 79.402664495785629, 13.107945001385808 ], [ 79.40293659458689, 13.108469242954049 ], [ 79.403356318030347, 13.108921182951695 ], [ 79.403365587745768, 13.109617160770332 ], [ 79.403646991296725, 13.111022715170193 ], [ 79.403762381691578, 13.112437365678884 ], [ 79.403813272150742, 13.113978570227937 ], [ 79.403928520611814, 13.114340114720008 ], [ 79.40412229979502, 13.114877897247117 ], [ 79.404122306981535, 13.115302732967308 ], [ 79.404647932813859, 13.115207816007945 ], [ 79.405888342727835, 13.115343231302091 ], [ 79.406875137575867, 13.115483291272577 ], [ 79.408032629395862, 13.115731753387008 ], [ 79.408032657243638, 13.116283134624313 ], [ 79.408941062405006, 13.116386985435438 ], [ 79.409891001173577, 13.116395889956074 ], [ 79.410458139951785, 13.116404839970093 ], [ 79.410578104568103, 13.116942676598601 ], [ 79.410900912368803, 13.116924530768852 ], [ 79.411025520376825, 13.117823907380423 ], [ 79.411145385280122, 13.118126770240822 ], [ 79.411588089425166, 13.118275790819931 ], [ 79.412196847150511, 13.118560462796218 ], [ 79.412496588011351, 13.118750289715548 ], [ 79.412814730860802, 13.118786380758864 ], [ 79.413312756854339, 13.118750196979237 ], [ 79.413366742907968, 13.119304875827263 ], [ 79.413368182009037, 13.119319656735945 ], [ 79.413423607163764, 13.119889116048471 ], [ 79.413396170818345, 13.122094654024146 ], [ 79.413354753093856, 13.122682201572289 ], [ 79.413756047599279, 13.12368092034877 ], [ 79.414064978225468, 13.123604100345863 ], [ 79.414046692119541, 13.124381432736644 ], [ 79.414314129562783, 13.124390499689914 ], [ 79.414033031439018, 13.125872874690906 ], [ 79.413839537021786, 13.126880761965486 ], [ 79.413230976925803, 13.127947462226357 ], [ 79.412862138551617, 13.128846926227078 ], [ 79.412830111815097, 13.130632180401891 ], [ 79.412797926076806, 13.131653606186363 ], [ 79.412655227795611, 13.13329420442208 ], [ 79.411995935343938, 13.13439250927255 ], [ 79.411345824572848, 13.135264923228892 ], [ 79.411347080417599, 13.135276527610035 ], [ 79.411405001092177, 13.135811961818854 ], [ 79.41150275576139, 13.136715627582173 ], [ 79.411862565168676, 13.137370982133001 ], [ 79.412222250608437, 13.13762402708076 ], [ 79.413273750208063, 13.137759425646919 ], [ 79.414671012258864, 13.137881285692282 ], [ 79.415215420067128, 13.138083076346504 ], [ 79.415353575567934, 13.138134284624313 ], [ 79.4153551781624, 13.138143302081012 ], [ 79.415377681858587, 13.13826999608788 ], [ 79.415556688246923, 13.139277724884861 ], [ 79.415506077163826, 13.140376012589559 ], [ 79.415423291122181, 13.141627908435566 ], [ 79.415690844448079, 13.142509181005895 ], [ 79.416650391596932, 13.144542883403838 ], [ 79.417319278055786, 13.146133681257661 ], [ 79.417693009553318, 13.147136970671557 ], [ 79.418468041844491, 13.149120927200201 ], [ 79.418777141353985, 13.14995699677141 ], [ 79.419288972656773, 13.149414611954134 ], [ 79.41977771007025, 13.148582869743707 ], [ 79.420755281915291, 13.147615589072535 ], [ 79.421755861411341, 13.146932946300666 ], [ 79.422608952809128, 13.1464130425683 ], [ 79.422845693920749, 13.146118757625125 ], [ 79.422927125302962, 13.14601753233376 ], [ 79.422931712999116, 13.146011828809256 ], [ 79.423063185034209, 13.145848404405191 ], [ 79.423245298695122, 13.14562202408592 ], [ 79.424978897174825, 13.143655737852221 ], [ 79.427717738305205, 13.141056525991571 ], [ 79.429520563655686, 13.139352295255271 ], [ 79.429723349347881, 13.13868790231364 ], [ 79.429930815262779, 13.138253988973043 ], [ 79.430341162989606, 13.137978238305964 ], [ 79.431231190416895, 13.13795994706301 ], [ 79.43177538442616, 13.137995992418968 ], [ 79.43195055680485, 13.137747383981553 ], [ 79.432084156948846, 13.137381298702374 ], [ 79.431798159413532, 13.136780281048468 ], [ 79.431826100612156, 13.136739173007292 ], [ 79.431892724165181, 13.136641161387626 ], [ 79.431918033300008, 13.136603926969711 ], [ 79.432056522974094, 13.136575498357045 ], [ 79.432512880613174, 13.13648181784488 ], [ 79.433896341846221, 13.13643185932283 ], [ 79.434062386443344, 13.136490583417693 ], [ 79.433886617583283, 13.133946063589596 ], [ 79.433978644594262, 13.133168725596304 ], [ 79.434430242060643, 13.131803720841157 ], [ 79.434978779424256, 13.13077762759877 ], [ 79.436066691335611, 13.129105149352469 ], [ 79.436767377257226, 13.127979650141732 ], [ 79.437578781435917, 13.126808929563156 ], [ 79.437942902756546, 13.126049527798441 ], [ 79.438270182370772, 13.12552967169945 ], [ 79.438611285260535, 13.125064128591349 ], [ 79.439238367719369, 13.124684317262195 ], [ 79.439736371255009, 13.124657099811699 ], [ 79.440580210005336, 13.124702072336197 ], [ 79.441977593328687, 13.125108554261249 ], [ 79.443190448319669, 13.12550597122663 ], [ 79.444288000052325, 13.125916971272744 ], [ 79.445048965624451, 13.12604783409884 ], [ 79.445768342792192, 13.126201358822954 ], [ 79.446639984400562, 13.126368332423802 ], [ 79.446925990020716, 13.126978451164501 ], [ 79.447133637395282, 13.127584009602119 ], [ 79.447410519725423, 13.128257324430038 ], [ 79.447682719137987, 13.128532943414751 ], [ 79.449176800711797, 13.128672684427926 ], [ 79.450435720412202, 13.128681330426996 ], [ 79.451182768385635, 13.128622694572808 ], [ 79.451258847605359, 13.128616722944425 ], [ 79.451459582443789, 13.128600966278169 ], [ 79.451763763677093, 13.128577089384802 ], [ 79.452524460652967, 13.127876324757555 ], [ 79.453132887798276, 13.127021975401645 ], [ 79.453524696094277, 13.126484031351199 ], [ 79.453224512363988, 13.124947450039611 ], [ 79.452795425780323, 13.123962319366941 ], [ 79.452237047372762, 13.122651766176256 ], [ 79.451701727820193, 13.121124353956821 ], [ 79.448865821028434, 13.121152223570958 ], [ 79.446481735383486, 13.120981050583767 ], [ 79.445573233204058, 13.120818556997857 ], [ 79.443046203139531, 13.120254270293419 ], [ 79.442981548693609, 13.119856534258139 ], [ 79.439960998585036, 13.119296884775061 ], [ 79.438983422248455, 13.119080090422406 ], [ 79.437715275053435, 13.118727900895335 ], [ 79.43740620159511, 13.118303114836616 ], [ 79.433818675303414, 13.118358074315397 ], [ 79.432463025911503, 13.118475896828011 ], [ 79.432103307234101, 13.118435245906614 ], [ 79.431794361336514, 13.118073766926882 ], [ 79.431028716440082, 13.117301123171394 ], [ 79.43040149923398, 13.116957760356863 ], [ 79.429640622595045, 13.116709246988556 ], [ 79.428976528648235, 13.116501515848723 ], [ 79.429575857656346, 13.115479952721143 ], [ 79.430484271800907, 13.115583758377616 ], [ 79.43162782086938, 13.115660410284875 ], [ 79.432646878710841, 13.115849969979751 ], [ 79.433204899588915, 13.115962875114771 ], [ 79.433720821819506, 13.113576425973054 ], [ 79.434086914942199, 13.111628359281294 ], [ 79.43409914730141, 13.111563268748343 ], [ 79.434112378587216, 13.111492858826653 ], [ 79.434250673326915, 13.111505810796155 ], [ 79.435749268036702, 13.111646159042968 ], [ 79.438073256389131, 13.111600415971326 ], [ 79.438548219934347, 13.111636520312517 ], [ 79.43859927658184, 13.113254523394104 ], [ 79.438673269015155, 13.113873672908346 ], [ 79.439125136874424, 13.113909685927517 ], [ 79.44136617389519, 13.114044819347725 ], [ 79.441767321975192, 13.113985967404158 ], [ 79.443662513001485, 13.114012645355521 ], [ 79.443897343396515, 13.112620488648286 ], [ 79.44415480235358, 13.109791255968636 ], [ 79.444380380999547, 13.108444280095068 ], [ 79.444587661861434, 13.107599148638817 ], [ 79.445163561908629, 13.10575045758751 ], [ 79.445813343896361, 13.104344726959384 ], [ 79.446246508831393, 13.103350296416018 ], [ 79.447339408189222, 13.103589578824597 ], [ 79.447523667027028, 13.102925163579858 ], [ 79.447883365043211, 13.103191680229616 ], [ 79.448611868195911, 13.103114690215705 ], [ 79.448676390589512, 13.103132781943724 ], [ 79.448653296700186, 13.102762132234504 ], [ 79.448634674624358, 13.102382532318257 ], [ 79.448653123325343, 13.102183599624203 ], [ 79.44882835319622, 13.102224310976483 ], [ 79.449201604993405, 13.101415154635779 ], [ 79.450270787031087, 13.099611584986942 ], [ 79.450515035363594, 13.099145952575087 ], [ 79.450630267654958, 13.098938065741848 ], [ 79.45033026358773, 13.097772075120917 ], [ 79.450403515809256, 13.096023025028687 ], [ 79.450605955650119, 13.094572208339205 ], [ 79.450903697759472, 13.09338325994735 ], [ 79.450937620839539, 13.093247795822416 ], [ 79.451075809578001, 13.093282936023133 ], [ 79.452837365425978, 13.093730877334549 ], [ 79.454063822706971, 13.093852591208185 ], [ 79.455156590910747, 13.093969798983318 ], [ 79.455931160569534, 13.09384304190179 ], [ 79.456493667634163, 13.093738933963989 ], [ 79.456917844924803, 13.093634841731449 ], [ 79.457033320659619, 13.094507086172266 ], [ 79.457877194444279, 13.094732834602759 ], [ 79.459657111856657, 13.095197803393701 ], [ 79.460399487692271, 13.095387377975264 ], [ 79.462142377446952, 13.095377820853775 ], [ 79.462419025316791, 13.095404857803389 ], [ 79.462479313052143, 13.096362941751723 ], [ 79.462603886924157, 13.096738040585928 ], [ 79.463313958443877, 13.096755923669662 ], [ 79.463315920364451, 13.096783428565674 ], [ 79.463439065915182, 13.098509443014214 ], [ 79.463439289595684, 13.099327458046726 ], [ 79.463365978085335, 13.100660773581545 ], [ 79.463389472623291, 13.102097991234213 ], [ 79.463592796406388, 13.103322756381658 ], [ 79.463999161003258, 13.105184700570335 ], [ 79.464336252016977, 13.106495213858315 ], [ 79.464543992816317, 13.107349352819185 ], [ 79.46661435891626, 13.107506911183572 ], [ 79.475281156555425, 13.107666419621998 ], [ 79.475287743003079, 13.107666541234526 ], [ 79.47534847091292, 13.109695783068847 ], [ 79.475225222954251, 13.112977024633983 ], [ 79.47511531318095, 13.11501545706383 ], [ 79.475115713829553, 13.116095571740113 ], [ 79.475019850113995, 13.118689899125117 ], [ 79.474950982569382, 13.119539597777626 ], [ 79.474817498308056, 13.120127180303703 ], [ 79.474960738273367, 13.120904468574619 ], [ 79.475062611718158, 13.121962058621078 ], [ 79.474869219708836, 13.122626423319259 ], [ 79.474601899046604, 13.123069490760804 ], [ 79.47456079124089, 13.124054727370245 ], [ 79.47458863272648, 13.124484115700646 ], [ 79.474104572840687, 13.124927203413852 ], [ 79.473726497090425, 13.125062958044264 ], [ 79.474077365565691, 13.126142947211941 ], [ 79.474188403623018, 13.127123680064747 ], [ 79.47473791835364, 13.129215988165425 ], [ 79.475138012709834, 13.130255133394829 ], [ 79.475190298252627, 13.130390934071622 ], [ 79.476707268899872, 13.129775699917568 ], [ 79.480686346569442, 13.128540378645761 ], [ 79.481714556447002, 13.128160292742413 ], [ 79.482015231555749, 13.130460662337342 ], [ 79.482024778850601, 13.13123802814845 ], [ 79.483089969673458, 13.131178833890395 ], [ 79.48306377479976, 13.134749358349785 ], [ 79.481795629401404, 13.134795044624175 ], [ 79.481588327878214, 13.135278670024556 ], [ 79.481570153163403, 13.135857194744016 ], [ 79.48204526942223, 13.136245730758375 ], [ 79.482170185552377, 13.137239946879889 ], [ 79.481404906270242, 13.137687674283914 ], [ 79.481571252701286, 13.138577956573034 ], [ 79.48167308931518, 13.139490836013596 ], [ 79.482687809192129, 13.139915302001482 ], [ 79.483605597256656, 13.140086663871575 ], [ 79.484707774414744, 13.140190197567822 ], [ 79.485971395897337, 13.140180615069056 ], [ 79.48650626000402, 13.140121660036344 ], [ 79.486404225760808, 13.138684538708302 ], [ 79.488377932237825, 13.138520944087109 ], [ 79.489862707265289, 13.13829434005747 ], [ 79.490831351653014, 13.138709794178125 ], [ 79.493552068374228, 13.138455479264268 ], [ 79.494995362795137, 13.138170155869124 ], [ 79.495447441758529, 13.13857668636313 ], [ 79.497264427252759, 13.138598488133123 ], [ 79.497121000437886, 13.137504840308832 ], [ 79.496977252026113, 13.135868748358137 ], [ 79.498669266592984, 13.136008401215562 ], [ 79.499562363563641, 13.136061124220806 ], [ 79.499590986583542, 13.136062814352131 ], [ 79.500305817377637, 13.136099375249161 ], [ 79.502956116062037, 13.138681350062889 ], [ 79.503901650390759, 13.138315752566031 ], [ 79.505774409586053, 13.137299758163772 ], [ 79.506184330613124, 13.138307804122675 ], [ 79.506405506615891, 13.138646919688325 ], [ 79.507927290436413, 13.138738045834103 ], [ 79.508397594420245, 13.138919031315217 ], [ 79.5097529761142, 13.139819075358606 ], [ 79.510075658150782, 13.140054265842764 ], [ 79.510790464690345, 13.140000367970504 ], [ 79.511194181053753, 13.139516809608658 ], [ 79.51122426293766, 13.139480777598003 ], [ 79.511883668577028, 13.139512745302381 ], [ 79.512137009656811, 13.140091302033742 ], [ 79.513155663256413, 13.141153864008684 ], [ 79.513718048150153, 13.141673955592484 ], [ 79.514700338845344, 13.141629190001934 ], [ 79.515816385991386, 13.141557333045901 ], [ 79.516360240437436, 13.142303284241713 ], [ 79.51687168636299, 13.143302327374736 ], [ 79.516874047135531, 13.143368051590105 ], [ 79.516880778211998, 13.143555469431469 ], [ 79.517291144803423, 13.143781611967357 ], [ 79.519089595358452, 13.143863770572464 ], [ 79.520191810245748, 13.143945565241127 ], [ 79.521805833977979, 13.144059319996449 ], [ 79.522578757024846, 13.144176119809124 ], [ 79.522645095811953, 13.144186144790652 ], [ 79.522650503669965, 13.142391920261995 ], [ 79.522568164989337, 13.140737736935611 ], [ 79.522513533047018, 13.139223615140983 ], [ 79.523375842956213, 13.139359570070757 ], [ 79.525229376407822, 13.140069985032698 ], [ 79.526936249109511, 13.138710276192763 ], [ 79.528338161738532, 13.1387740648318 ], [ 79.530238554908607, 13.1376540249695 ], [ 79.530297574222772, 13.137627779988202 ], [ 79.531396282087229, 13.137139202568274 ], [ 79.532577123816409, 13.13648430667272 ], [ 79.533974302323884, 13.136656641099005 ], [ 79.536999321550979, 13.137073581661559 ], [ 79.541315122823292, 13.137617212360523 ], [ 79.541352463094711, 13.137621915304839 ], [ 79.542256411714007, 13.137414375057331 ], [ 79.544405710981295, 13.1363982229584 ], [ 79.547420210936409, 13.135298182704679 ], [ 79.547449750237888, 13.135287404147066 ], [ 79.549405076285908, 13.135025895601025 ], [ 79.551065194372001, 13.134954121568846 ], [ 79.552863762606307, 13.134914014883126 ], [ 79.553056801577711, 13.134897550896902 ], [ 79.553075859336474, 13.134895926368563 ], [ 79.553047719610191, 13.136355765024312 ], [ 79.553056613829824, 13.137512796651373 ], [ 79.556164790102756, 13.13747755429466 ], [ 79.557640521790248, 13.137523168327471 ], [ 79.55849374793533, 13.137157290917591 ], [ 79.559522352173303, 13.136289906835112 ], [ 79.559872854135932, 13.136289989941911 ], [ 79.560176977877035, 13.137004132587053 ], [ 79.562266037019711, 13.136950490363185 ], [ 79.563368173753602, 13.136959842039227 ], [ 79.564082929987521, 13.137113671373193 ], [ 79.565779916729483, 13.137489259173661 ], [ 79.566789765042657, 13.137688360129781 ], [ 79.568459241777376, 13.137498918760254 ], [ 79.56908747318144, 13.137278247588444 ], [ 79.569127900962471, 13.137264046881025 ], [ 79.569155935585854, 13.136048338009536 ], [ 79.569211440690651, 13.135239277238508 ], [ 79.569359287216741, 13.134104922380237 ], [ 79.569516242659802, 13.133395456831376 ], [ 79.569733222631854, 13.132378538377235 ], [ 79.56920307917197, 13.131808954915142 ], [ 79.568239462654901, 13.131176009950204 ], [ 79.568479853621582, 13.128889141380458 ], [ 79.568567474396076, 13.128771644049852 ], [ 79.569176289613551, 13.128478078069142 ], [ 79.570435192245981, 13.128315642805687 ], [ 79.570453993086574, 13.127063705331739 ], [ 79.570241845152438, 13.126955180378664 ], [ 79.570278883589936, 13.12625469894887 ], [ 79.570315896874575, 13.125798255610274 ], [ 79.570344020431165, 13.124049133566889 ], [ 79.570528795800271, 13.122743088975296 ], [ 79.570911697300247, 13.121888937862405 ], [ 79.573115915072464, 13.122056693017914 ], [ 79.576173180224998, 13.121962441809485 ], [ 79.577496651065104, 13.121759287127482 ], [ 79.578760238411732, 13.121131373852402 ], [ 79.579528613288318, 13.121015666280931 ], [ 79.579539623938743, 13.121014008415989 ], [ 79.582370836134885, 13.121240534777474 ], [ 79.584727198871803, 13.12140366498345 ], [ 79.586507053402116, 13.12153057671641 ], [ 79.590767858914433, 13.12163968672224 ], [ 79.594387674250697, 13.12198373238666 ], [ 79.594811738353641, 13.123036897144065 ], [ 79.596937513438618, 13.123150167292415 ], [ 79.596938073987332, 13.123175791798714 ], [ 79.596978739821949, 13.125034821169963 ], [ 79.59726906005038, 13.126634751056915 ], [ 79.597605527633334, 13.127850551144054 ], [ 79.597900571203553, 13.128632509354059 ], [ 79.599048589390577, 13.130155694963602 ], [ 79.599288294942681, 13.130648435590082 ], [ 79.599288289552788, 13.130687082883973 ], [ 79.599288149415614, 13.131678866753507 ], [ 79.598508851025159, 13.131972537386885 ], [ 79.597826050560855, 13.134187027361333 ], [ 79.597069540632532, 13.135276120822461 ], [ 79.597059306126482, 13.135306722618294 ], [ 79.596359145719347, 13.137400232094917 ], [ 79.595768514199804, 13.13990399439534 ], [ 79.593914612438951, 13.140102559767961 ], [ 79.593859155843205, 13.140631356894314 ], [ 79.593208918409616, 13.140554496704018 ], [ 79.593024269702966, 13.14175664502535 ], [ 79.591783549870215, 13.142859211581913 ], [ 79.590173737440011, 13.145313058574876 ], [ 79.588969765888905, 13.147274347965475 ], [ 79.589172597395248, 13.147545621619614 ], [ 79.590228713437128, 13.147455346395402 ], [ 79.590283944555736, 13.147780819568787 ], [ 79.596394585155593, 13.147311655119763 ], [ 79.599212392691044, 13.147384365914478 ], [ 79.603164650259487, 13.147511363943392 ], [ 79.606162378668245, 13.146512828696634 ], [ 79.60818091826448, 13.145572930827665 ], [ 79.608210039849354, 13.14555937093577 ], [ 79.610128586174696, 13.145075975739497 ], [ 79.612116177012794, 13.144949580046253 ], [ 79.613578119560671, 13.14480506676113 ], [ 79.615542691967917, 13.144610800357089 ], [ 79.618194385735961, 13.144701352183288 ], [ 79.618563371433851, 13.1451759496139 ], [ 79.619250455065455, 13.145212118128239 ], [ 79.624018939867298, 13.144986325072285 ], [ 79.625836016989737, 13.144909568595031 ], [ 79.628003514328071, 13.145040614624383 ], [ 79.631036810632196, 13.145551788383134 ], [ 79.631060993279647, 13.145555863086695 ], [ 79.632398475143233, 13.146075595430545 ], [ 79.634584454420221, 13.147639388009337 ], [ 79.635861847076143, 13.148868636782693 ], [ 79.636641305366723, 13.150088909614849 ], [ 79.636812005931944, 13.151114853889506 ], [ 79.636808012920511, 13.151143118113154 ], [ 79.636751994877713, 13.151539673286264 ], [ 79.635322339577783, 13.152628941657797 ], [ 79.634658346242233, 13.155046908735438 ], [ 79.633712866710781, 13.155065049123577 ], [ 79.633731355835948, 13.157347348197078 ], [ 79.632264779777827, 13.157419676381751 ], [ 79.632043388179397, 13.158273867426455 ], [ 79.631951121318266, 13.159928077676566 ], [ 79.631932661837496, 13.161396946655481 ], [ 79.632878206945989, 13.16157767486785 ], [ 79.632527641202998, 13.163231872436439 ], [ 79.631766683715696, 13.164298495126786 ], [ 79.631687908651827, 13.164447646868803 ], [ 79.63167276036117, 13.164476329414715 ], [ 79.630950340599583, 13.165844142081585 ], [ 79.632209443556334, 13.167462107127008 ], [ 79.632024996970586, 13.169563772337208 ], [ 79.631637520350907, 13.169563769713122 ], [ 79.631545334338128, 13.171561406659727 ], [ 79.630097094691578, 13.172867536839345 ], [ 79.632246375992594, 13.172957893668713 ], [ 79.633191895049961, 13.172487852884776 ], [ 79.635064405411924, 13.171796403125455 ], [ 79.635862315098422, 13.173251646942747 ], [ 79.635875954219401, 13.173262296128641 ], [ 79.637882582154944, 13.174828959074269 ], [ 79.639446184348586, 13.175900003422294 ], [ 79.640908297576388, 13.176862600568075 ], [ 79.641019021223357, 13.178643358395572 ], [ 79.643495856124758, 13.178570926272013 ], [ 79.644238405335244, 13.178570877291204 ], [ 79.644948808333254, 13.179058900685604 ], [ 79.644948882893445, 13.179059477958377 ], [ 79.645110272420752, 13.180297273610485 ], [ 79.645405544163069, 13.181924302414753 ], [ 79.64581627008063, 13.184925243378045 ], [ 79.64594541817408, 13.18582914173567 ], [ 79.646037711086365, 13.186683301884631 ], [ 79.645678152309074, 13.18956232393254 ], [ 79.645677412097299, 13.189583397856271 ], [ 79.645609078151921, 13.191528350080274 ], [ 79.644349830566455, 13.191636841193763 ], [ 79.645798324436214, 13.193688650139672 ], [ 79.646647069784635, 13.195030894168648 ], [ 79.647984942415363, 13.197299611635932 ], [ 79.648132710788047, 13.19949608763989 ], [ 79.64930430436138, 13.199518635253213 ], [ 79.649341279916769, 13.200499360400247 ], [ 79.651269525352248, 13.201642653773431 ], [ 79.652178254805449, 13.202492230997173 ], [ 79.652754994777411, 13.203527195424037 ], [ 79.655739655393731, 13.205271471699154 ], [ 79.656057931193857, 13.205542614608095 ], [ 79.655984465173276, 13.208502891062199 ], [ 79.655873786442086, 13.208972975419277 ], [ 79.655241881826825, 13.209406917339548 ], [ 79.654503796344997, 13.209881465384644 ], [ 79.654056371553096, 13.209881558086478 ], [ 79.654014925082521, 13.210545895988929 ], [ 79.656985606116422, 13.210369406143807 ], [ 79.661170357561829, 13.21042270870012 ], [ 79.661206429412047, 13.210423167835438 ], [ 79.661081640842681, 13.208082073684206 ], [ 79.662460614990906, 13.206355444205229 ], [ 79.662718977653142, 13.206102261267706 ], [ 79.664739335439535, 13.205848973120512 ], [ 79.667202534813214, 13.205265607761339 ], [ 79.667668373271795, 13.205102785260861 ], [ 79.670020904694013, 13.204957839595904 ], [ 79.670472937843314, 13.204957796742345 ], [ 79.670903973771146, 13.204705094240365 ], [ 79.670943389150878, 13.204681985635757 ], [ 79.671510658184815, 13.203791531763969 ], [ 79.671501417215467, 13.202525012572965 ], [ 79.67150119443329, 13.20249446465378 ], [ 79.671288857852929, 13.201690017248614 ], [ 79.671270039944375, 13.199398620635774 ], [ 79.671232972760805, 13.198237055381568 ], [ 79.671140331302169, 13.19588244998085 ], [ 79.67115825359042, 13.192501840181746 ], [ 79.671397760614823, 13.190725553701604 ], [ 79.671604918407581, 13.188054491563284 ], [ 79.671009817769516, 13.18785578838046 ], [ 79.670788300406954, 13.187073915016814 ], [ 79.671341753351825, 13.186400382153957 ], [ 79.671212422900368, 13.185695376429582 ], [ 79.670160452583531, 13.183298419083238 ], [ 79.670137408101553, 13.183245909156518 ], [ 79.672379158384629, 13.183991296988554 ], [ 79.676037038034451, 13.185278776610629 ], [ 79.678892279266108, 13.186295184322125 ], [ 79.681171046427124, 13.186950012691552 ], [ 79.683440322887151, 13.187039964615687 ], [ 79.684178372436392, 13.18716636308007 ], [ 79.68677551870374, 13.188557869263354 ], [ 79.689151359611003, 13.190229542980335 ], [ 79.692043821638123, 13.191846852634731 ], [ 79.695009769448788, 13.191972739591217 ], [ 79.697758816339132, 13.191917800986811 ], [ 79.700756895090834, 13.191645794583737 ], [ 79.700777803379083, 13.191345961231109 ], [ 79.700779901843575, 13.191315862339405 ], [ 79.70087162971555, 13.189498994572368 ], [ 79.701074021047376, 13.18739280383666 ], [ 79.70122132588935, 13.186416594285326 ], [ 79.701073203580478, 13.184762425692075 ], [ 79.700851285569314, 13.182692520701192 ], [ 79.700792417172124, 13.181226126159775 ], [ 79.700790870273195, 13.181187595289426 ], [ 79.699886736600973, 13.180952757406001 ], [ 79.698143136278915, 13.180261774135721 ], [ 79.696565388314482, 13.179046455208963 ], [ 79.694655510731664, 13.177808577133826 ], [ 79.693834508952463, 13.177542081147726 ], [ 79.693553118876224, 13.177433663376073 ], [ 79.691842819101751, 13.177242435175696 ], [ 79.691818829592052, 13.17723975258667 ], [ 79.691905800884612, 13.174708853618128 ], [ 79.691942347943638, 13.17305468284075 ], [ 79.692255373989241, 13.170808330969395 ], [ 79.692494469585242, 13.167843487037691 ], [ 79.692628200883277, 13.167576785146069 ], [ 79.692720209029616, 13.166704530744799 ], [ 79.692468554985936, 13.164342495582417 ], [ 79.692465966939594, 13.164318204931684 ], [ 79.693849471291827, 13.16399703104482 ], [ 79.693549193238425, 13.162180203621389 ], [ 79.693700979775343, 13.160494364631997 ], [ 79.694833619703047, 13.159079876405512 ], [ 79.694862868848659, 13.159043347799585 ], [ 79.696721405018081, 13.158970581855616 ], [ 79.698833693695704, 13.158861547925881 ], [ 79.701504004149712, 13.158788531755702 ], [ 79.701633668774463, 13.160840332699323 ], [ 79.701707606410537, 13.161274167592657 ], [ 79.702076778059691, 13.161857110426336 ], [ 79.703783344435877, 13.162475814597098 ], [ 79.705310138160755, 13.16299510782992 ], [ 79.706237242653089, 13.163288651752492 ], [ 79.70712730241975, 13.163139188781889 ], [ 79.708944329236516, 13.162740939685062 ], [ 79.71107492827457, 13.162432993796937 ], [ 79.712818358815042, 13.162468592075516 ], [ 79.714289745351508, 13.162974268663845 ], [ 79.717790709982438, 13.164193428623124 ], [ 79.719478974083017, 13.165083163338167 ], [ 79.72162871711808, 13.164350471172556 ], [ 79.721655678254706, 13.164341282361995 ], [ 79.722817962586745, 13.164480895389513 ], [ 79.724727691049239, 13.165551377083649 ], [ 79.728698647948619, 13.165423378117408 ], [ 79.728772859570867, 13.166367902270062 ], [ 79.730516517385141, 13.167112933019901 ], [ 79.731964803744077, 13.167293147941137 ], [ 79.732965677887549, 13.167081653802841 ], [ 79.732993210352689, 13.167075836182908 ], [ 79.736539855214119, 13.166943289578544 ], [ 79.736317958762527, 13.165655316386633 ], [ 79.736409419834871, 13.163820360648208 ], [ 79.737077574166804, 13.162563669203085 ], [ 79.73800407858451, 13.161419886155379 ], [ 79.738409789207878, 13.161058068979965 ], [ 79.73874626487563, 13.160642129632121 ], [ 79.73876462644003, 13.16037101042423 ], [ 79.738501312263963, 13.159367729677269 ], [ 79.738390397275836, 13.158825495139446 ], [ 79.738334905645772, 13.158500067242707 ], [ 79.738334460979701, 13.157428966046174 ], [ 79.738670835137839, 13.156723763175256 ], [ 79.738947205428275, 13.156068278379111 ], [ 79.739057565257554, 13.155304500721989 ], [ 79.739038540736487, 13.15393958061574 ], [ 79.738871958048506, 13.15263346324106 ], [ 79.738608792992736, 13.152091233926127 ], [ 79.73844235583185, 13.151002091755137 ], [ 79.738441945301787, 13.150057483014903 ], [ 79.738183325721366, 13.149221474144849 ], [ 79.737721852176776, 13.148552779591212 ], [ 79.737569370343792, 13.147951782300575 ], [ 79.737402933182906, 13.147061503403402 ], [ 79.737328903918666, 13.146428765724755 ], [ 79.737476126115638, 13.145484170863584 ], [ 79.737830843871876, 13.144792528567567 ], [ 79.738513043363255, 13.144014883758659 ], [ 79.738997049350118, 13.143431643941947 ], [ 79.738830599612825, 13.142401234989684 ], [ 79.738586136582981, 13.140888474136746 ], [ 79.738580835624475, 13.140855672934654 ], [ 79.738524392678542, 13.137855712583825 ], [ 79.738524204032331, 13.13784564360356 ], [ 79.738195977593818, 13.136010890923016 ], [ 79.737825900442857, 13.133303800311911 ], [ 79.737544055819086, 13.132065583622772 ], [ 79.737137480118136, 13.130181074661676 ], [ 79.73632014256701, 13.127641420054553 ], [ 79.73648085566289, 13.126068512805547 ], [ 79.736849349982322, 13.125015323421756 ], [ 79.737222561355324, 13.12419712260512 ], [ 79.737351449835657, 13.123690899799831 ], [ 79.737461276963984, 13.121896618255152 ], [ 79.737442435699222, 13.120879684575083 ], [ 79.735385842569229, 13.120989012710707 ], [ 79.735182611312624, 13.120080710046233 ], [ 79.735145435432869, 13.11952028856498 ], [ 79.73523749118992, 13.119136022582337 ], [ 79.735998233979856, 13.118738052897085 ], [ 79.736090206193609, 13.118299618846443 ], [ 79.736053209976959, 13.117883772384307 ], [ 79.735012008663716, 13.116785449732653 ], [ 79.734978258060195, 13.11674984657752 ], [ 79.731380770350313, 13.114816857415976 ], [ 79.730325098974504, 13.115418411731655 ], [ 79.7288363075794, 13.116923967347876 ], [ 79.728278585840314, 13.117561424008203 ], [ 79.726890860304565, 13.118140492624077 ], [ 79.726838876595693, 13.118158056573586 ], [ 79.726609621145315, 13.118235517810412 ], [ 79.725945463418071, 13.118018833630785 ], [ 79.725184255300846, 13.116889150727593 ], [ 79.724630946984732, 13.117024954416063 ], [ 79.72409128317949, 13.116672626339019 ], [ 79.723648131673414, 13.115348533092655 ], [ 79.722997044433583, 13.112750092583511 ], [ 79.722581287052094, 13.110734475378095 ], [ 79.72223000894509, 13.108646530624508 ], [ 79.722082116604895, 13.107616160397725 ], [ 79.721099932809224, 13.107489962410675 ], [ 79.721081272105835, 13.106943092636692 ], [ 79.719043210321843, 13.106853394808358 ], [ 79.718913392085199, 13.104910017825201 ], [ 79.717405699238171, 13.105181759967323 ], [ 79.716368515190922, 13.106054336217472 ], [ 79.71486544687103, 13.106271805236995 ], [ 79.714718042316022, 13.106674048048783 ], [ 79.714478486782596, 13.107437974326125 ], [ 79.713533250694539, 13.107456365830824 ], [ 79.713385722172092, 13.107474456364788 ], [ 79.713533666614538, 13.108581740270628 ], [ 79.71118217544138, 13.109034421981411 ], [ 79.70971133867387, 13.109328626238469 ], [ 79.707138476563571, 13.109528252204999 ], [ 79.705174165566092, 13.109637334290051 ], [ 79.70380026061099, 13.110184581282564 ], [ 79.702670766583424, 13.11078142159711 ], [ 79.702228059743419, 13.110799610750176 ], [ 79.702215407870966, 13.110527403240985 ], [ 79.702214198738616, 13.110501388085959 ], [ 79.702412332954296, 13.110035761402626 ], [ 79.703596931438, 13.108656963012521 ], [ 79.702651686366806, 13.108675373674032 ], [ 79.703190651282767, 13.106966789649261 ], [ 79.703890944640605, 13.104878567072264 ], [ 79.704485143370135, 13.102826547901678 ], [ 79.70468788414658, 13.102229872028881 ], [ 79.703871665896301, 13.102044752610343 ], [ 79.704078974605963, 13.101430064359533 ], [ 79.704576993412985, 13.101502203401571 ], [ 79.704779730596186, 13.100991486596877 ], [ 79.703686836628265, 13.10068441957775 ], [ 79.702949689885898, 13.102772719734137 ], [ 79.70246600908915, 13.10426427523841 ], [ 79.701668333862955, 13.104300649257178 ], [ 79.701446250561759, 13.101683896121383 ], [ 79.701472890101513, 13.099448452579107 ], [ 79.701473288055197, 13.099415052638003 ], [ 79.704511878131285, 13.0997758223338 ], [ 79.707439825408784, 13.099942191794279 ], [ 79.707919074816218, 13.098979334093322 ], [ 79.708550297610174, 13.097596145408927 ], [ 79.709938537880603, 13.098630752052895 ], [ 79.711280151096162, 13.098431489973626 ], [ 79.714466026251287, 13.097648531047584 ], [ 79.716970049563074, 13.098718907729841 ], [ 79.718791557176473, 13.099445875007454 ], [ 79.720368415808736, 13.099300705883278 ], [ 79.721350557383602, 13.099191945569741 ], [ 79.722775350102921, 13.099390286597103 ], [ 79.724001556753961, 13.098630545566488 ], [ 79.725873058307855, 13.097301131801652 ], [ 79.727131427340993, 13.096428392409251 ], [ 79.729317085021165, 13.096757467954692 ], [ 79.731133729155601, 13.096829118394385 ], [ 79.732904334631726, 13.096864608063626 ], [ 79.734273697704765, 13.0967194409175 ], [ 79.734605147298481, 13.095535128768855 ], [ 79.736329389824519, 13.095118692614568 ], [ 79.735952353425048, 13.093048567886452 ], [ 79.735945821774607, 13.093012710183219 ], [ 79.735548573281264, 13.091250177154 ], [ 79.735492548950234, 13.08954634669584 ], [ 79.735620795135134, 13.08763907486437 ], [ 79.735528245304664, 13.086857243616636 ], [ 79.736132068584155, 13.086332670793816 ], [ 79.737076653393601, 13.085134582746122 ], [ 79.737910678049488, 13.083859755341642 ], [ 79.73881369870908, 13.082444756910244 ], [ 79.738513438621979, 13.081030268360919 ], [ 79.738236341594515, 13.080067694635799 ], [ 79.739346943153308, 13.078797282598405 ], [ 79.740531166141196, 13.077377557146374 ], [ 79.74164172727582, 13.076007691070044 ], [ 79.741641176608539, 13.07600181179259 ], [ 79.741549084020562, 13.07501794043168 ], [ 79.740792299207783, 13.073513266182669 ], [ 79.739938694871967, 13.071918209808727 ], [ 79.739624693256005, 13.070788405588441 ], [ 79.739176838171105, 13.069265559707876 ], [ 79.738825976882367, 13.068140314608383 ], [ 79.738119422267019, 13.065528278313854 ], [ 79.738078893874629, 13.065538302999133 ], [ 79.735026288283478, 13.066293377821195 ], [ 79.732191217823214, 13.066836823575052 ], [ 79.730573180418318, 13.067257812272212 ], [ 79.728609395833573, 13.067692433564497 ], [ 79.726885334767246, 13.067946169685438 ], [ 79.725774260694621, 13.067964591263999 ], [ 79.72569875100676, 13.063512910152344 ], [ 79.725799842917255, 13.062717376728987 ], [ 79.723872865902976, 13.062699973340212 ], [ 79.724019780876105, 13.061176823794012 ], [ 79.724355925963863, 13.06004683565379 ], [ 79.724447922432105, 13.059504426804013 ], [ 79.723055536436689, 13.059197600398619 ], [ 79.721428066721273, 13.058836594570238 ], [ 79.720630427427693, 13.058579269993107 ], [ 79.718675836201569, 13.058437372381841 ], [ 79.718523554692908, 13.058426317433263 ], [ 79.718670739160643, 13.057382288064446 ], [ 79.718614842390409, 13.053780731006793 ], [ 79.718614131823003, 13.053735006076373 ], [ 79.719669849012917, 13.053987683663541 ], [ 79.72124656930464, 13.054244816125538 ], [ 79.723173654116778, 13.054515293577849 ], [ 79.725727669572379, 13.054622851079598 ], [ 79.727857482584582, 13.054549778596007 ], [ 79.729955016433635, 13.054494728753889 ], [ 79.730315022571958, 13.055565715380585 ], [ 79.730536645037361, 13.056546419425402 ], [ 79.73198013708766, 13.057779669024116 ], [ 79.733834056814828, 13.059415068747947 ], [ 79.735235956867427, 13.06059405886298 ], [ 79.736121210647298, 13.060756460909561 ], [ 79.73717175174454, 13.060998331128927 ], [ 79.737218492885418, 13.061009091936906 ], [ 79.738255556558414, 13.06048435739531 ], [ 79.739384807142542, 13.05986468871348 ], [ 79.740140454688159, 13.058955965563392 ], [ 79.740559421750177, 13.057776198427884 ], [ 79.741965516036842, 13.057685201582622 ], [ 79.741928385971178, 13.057192544258825 ], [ 79.742615254007092, 13.057029592937893 ], [ 79.742596072280833, 13.055393486971983 ], [ 79.743639227429796, 13.055572180583358 ], [ 79.743674883360072, 13.055578288747149 ], [ 79.743836598975818, 13.056337520080989 ], [ 79.745058112827806, 13.056192365836491 ], [ 79.745846353946888, 13.055907317281283 ], [ 79.745864034588337, 13.054198920636473 ], [ 79.746029911200466, 13.054067715987236 ], [ 79.746397785682362, 13.052160351083753 ], [ 79.74658631331441, 13.051071015247897 ], [ 79.747010414248265, 13.051016616588766 ], [ 79.747139188642549, 13.050365689611271 ], [ 79.747415517610463, 13.04974644973775 ], [ 79.747715017722811, 13.049583604646632 ], [ 79.748213111089996, 13.049926819777209 ], [ 79.748643164260884, 13.050049661403781 ], [ 79.74950186563764, 13.050306749831647 ], [ 79.750649095103824, 13.051554750785366 ], [ 79.751393804762557, 13.051957834569029 ], [ 79.751409518991807, 13.051966340617778 ], [ 79.752796996592537, 13.052120728852158 ], [ 79.755032721875054, 13.052401999565774 ], [ 79.756097588406092, 13.052529083350661 ], [ 79.757088679896142, 13.05263801038193 ], [ 79.757531221446101, 13.052656335090489 ], [ 79.758448611556958, 13.052548314676944 ], [ 79.75900645367031, 13.052453625583714 ], [ 79.759813377950692, 13.052178317033786 ], [ 79.760878431331335, 13.051830805622224 ], [ 79.761376339645537, 13.051722603700325 ], [ 79.762104700864427, 13.05178622497295 ], [ 79.762740771865964, 13.052066679591947 ], [ 79.763376781782071, 13.052437606765022 ], [ 79.764353595448966, 13.05338264615858 ], [ 79.765265918163323, 13.054395406755848 ], [ 79.766910861907647, 13.056136249621805 ], [ 79.767837116593725, 13.057017977868712 ], [ 79.768182715551518, 13.057447462912084 ], [ 79.768302387317021, 13.057750330845787 ], [ 79.768495808970755, 13.058197862386407 ], [ 79.768859767696298, 13.058808149102784 ], [ 79.769444859305466, 13.059545044568868 ], [ 79.769882510427053, 13.059996875623559 ], [ 79.769896788250179, 13.060011616336277 ], [ 79.769974848255131, 13.060092203258826 ], [ 79.77049099686117, 13.060467533150685 ], [ 79.770961113097144, 13.060639463995814 ], [ 79.771943015720112, 13.060816111383886 ], [ 79.773178413034827, 13.061105912935417 ], [ 79.77425706062067, 13.061440828607669 ], [ 79.774957650422522, 13.061798142196734 ], [ 79.775247928430176, 13.062069489951334 ], [ 79.77581009862655, 13.062729528822993 ], [ 79.775888474838467, 13.062819948889219 ], [ 79.77597605069721, 13.062765746207383 ], [ 79.776534071575284, 13.062408973937082 ], [ 79.777949748191091, 13.061496555959458 ], [ 79.778623024716765, 13.06098608356646 ], [ 79.778881314615447, 13.060592972016938 ], [ 79.778946163097515, 13.059910560397936 ], [ 79.778974797795485, 13.057632676192364 ], [ 79.779044686724603, 13.055662252356631 ], [ 79.779068292653633, 13.054319927681258 ], [ 79.779072309021288, 13.054180806941433 ], [ 79.779073026775208, 13.054155936597052 ], [ 79.779087082714454, 13.053669065410453 ], [ 79.779230630801891, 13.053642359050682 ], [ 79.779280670556489, 13.053633048840881 ], [ 79.780414758568398, 13.053529481375042 ], [ 79.781336868427758, 13.053353579615193 ], [ 79.781678023419829, 13.053290437427508 ], [ 79.781857782596404, 13.053407996137107 ], [ 79.782161960236451, 13.053593487227452 ], [ 79.782668929856911, 13.053878367807199 ], [ 79.783014585408566, 13.054181292621955 ], [ 79.783452498838216, 13.054267364821369 ], [ 79.783885680841252, 13.05448447696973 ], [ 79.78424516685503, 13.054746757991651 ], [ 79.784600085833873, 13.054977333089912 ], [ 79.784669169872501, 13.055045181118139 ], [ 79.784927242378899, 13.055357117990157 ], [ 79.785185288834171, 13.055569613054281 ], [ 79.785549463155377, 13.055673771229097 ], [ 79.785812144019189, 13.05587721667372 ], [ 79.786102530722999, 13.055967676877362 ], [ 79.786517414942026, 13.056076346865588 ], [ 79.787420856911481, 13.056383997109121 ], [ 79.787771221431854, 13.056460959709169 ], [ 79.788144602586428, 13.056587675618328 ], [ 79.788605629668325, 13.056610371115728 ], [ 79.788756398414051, 13.056587694870341 ], [ 79.788845314559182, 13.056574320846371 ], [ 79.78899300388008, 13.056172155564765 ], [ 79.789145269219063, 13.055797078174573 ], [ 79.789564804914647, 13.055706864685131 ], [ 79.789929014270172, 13.055670815159008 ], [ 79.789943017208827, 13.055096831961695 ], [ 79.789971064408604, 13.054220020171075 ], [ 79.790007975285349, 13.054066384959464 ], [ 79.790045065825097, 13.05355565305954 ], [ 79.791243592687266, 13.053714281043868 ], [ 79.791593929359877, 13.053746041107543 ], [ 79.791737040866096, 13.053248959282882 ], [ 79.791824746980538, 13.052738211691882 ], [ 79.79187104255702, 13.052304383184644 ], [ 79.791862068387346, 13.051649046423906 ], [ 79.791604804364695, 13.049050201423382 ], [ 79.791388669707359, 13.047649046569395 ], [ 79.791181613424243, 13.046595944738057 ], [ 79.791946842400705, 13.046582578924664 ], [ 79.792020764765454, 13.046202957318012 ], [ 79.792012231668551, 13.046010112224041 ], [ 79.792011566915249, 13.045995102011565 ], [ 79.791440008425838, 13.045972255017208 ], [ 79.791407904434195, 13.045583603752601 ], [ 79.790905369796278, 13.045606047347754 ], [ 79.790416754553675, 13.045646531751695 ], [ 79.790227692424054, 13.045632940103362 ], [ 79.790227814594914, 13.045492748565058 ], [ 79.790241712430685, 13.045226152951061 ], [ 79.790186522634585, 13.044954926722529 ], [ 79.789836174283892, 13.04494580521421 ], [ 79.789734762573119, 13.044877913282638 ], [ 79.789693334068858, 13.044728786203445 ], [ 79.789642805630749, 13.044190951322639 ], [ 79.78960161877329, 13.043286988181681 ], [ 79.789514231560773, 13.042871178852202 ], [ 79.78930682942628, 13.04265415627064 ], [ 79.788878285425056, 13.042324054675142 ], [ 79.788150096682699, 13.041935093127375 ], [ 79.787449539220177, 13.041541640600151 ], [ 79.787090066681131, 13.041288435707081 ], [ 79.786753714082565, 13.040782145038614 ], [ 79.786426664437087, 13.040235115132724 ], [ 79.786145940910799, 13.039068989810927 ], [ 79.78616449830794, 13.038720992643208 ], [ 79.786487442652572, 13.037934687599233 ], [ 79.7868842249203, 13.037062553069072 ], [ 79.787089904984398, 13.036056026164902 ], [ 79.787103445290668, 13.035989765725507 ], [ 79.78717974190269, 13.035616389673082 ], [ 79.787424740328447, 13.033808641600139 ], [ 79.787540558321382, 13.032389571304677 ], [ 79.787550328398424, 13.030920631990773 ], [ 79.787463022034274, 13.030048333590317 ], [ 79.787306487901049, 13.029741014663678 ], [ 79.786979349322365, 13.029266270161456 ], [ 79.786979537070266, 13.028909291144505 ], [ 79.787113256690205, 13.028624597103985 ], [ 79.787569767042839, 13.028344551753092 ], [ 79.787777238347616, 13.028086953895274 ], [ 79.788326179953131, 13.026984419993274 ], [ 79.788704431773155, 13.026360862882729 ], [ 79.789705140626637, 13.025100165178843 ], [ 79.789926558276179, 13.024716078582461 ], [ 79.789889652789356, 13.024571495670275 ], [ 79.790839051670417, 13.025014725230266 ], [ 79.792406016258198, 13.025724818589248 ], [ 79.792406054885745, 13.025724836968452 ], [ 79.793553642779727, 13.026281160296845 ], [ 79.795189769559542, 13.027018409987804 ], [ 79.795189797407332, 13.027018423990947 ], [ 79.795798073635652, 13.027307800421589 ], [ 79.796669133135737, 13.027665214968303 ], [ 79.796742924346418, 13.027543158653964 ], [ 79.797019837219281, 13.026661978229457 ], [ 79.797510166447438, 13.02513904168914 ], [ 79.797882695100824, 13.023982069055592 ], [ 79.79821022714161, 13.023060239958836 ], [ 79.798533292758819, 13.021862642422022 ], [ 79.798562072983898, 13.021611166079902 ], [ 79.798611924990581, 13.021175717233852 ], [ 79.798586503566355, 13.020879387035535 ], [ 79.798552247211305, 13.020479609966767 ], [ 79.798598440379862, 13.020090923923965 ], [ 79.79868147705146, 13.019774637373681 ], [ 79.799059660599539, 13.019340864853429 ], [ 79.799465615564657, 13.018292456325559 ], [ 79.800508076315893, 13.016046542873262 ], [ 79.800754072769919, 13.015550191417297 ], [ 79.801052324224031, 13.014948429608515 ], [ 79.8019141382632, 13.015210793669109 ], [ 79.803895890950258, 13.015912002604299 ], [ 79.803895920594655, 13.015912013982364 ], [ 79.805545824835988, 13.016486390902983 ], [ 79.8055458508871, 13.0164864014058 ], [ 79.806956092695472, 13.016965903653547 ], [ 79.806956123238166, 13.0169659132811 ], [ 79.808624586673261, 13.017472553729986 ], [ 79.810288383360444, 13.018083146584647 ], [ 79.810452247746341, 13.018136017333909 ], [ 79.810583107130412, 13.018178246182631 ], [ 79.810624851841666, 13.01819171768186 ], [ 79.81076234708074, 13.019801955667912 ], [ 79.811910081400129, 13.019757094428783 ], [ 79.813408033814497, 13.019974378645076 ], [ 79.815260751595815, 13.02120858162167 ], [ 79.815988764268369, 13.021986114130943 ], [ 79.816541691698802, 13.02296246234021 ], [ 79.817541768138284, 13.023694877634071 ], [ 79.817781323671753, 13.024409032228951 ], [ 79.817780965243955, 13.025665499228806 ], [ 79.817826944613458, 13.02637959387939 ], [ 79.818089577866559, 13.026614648425127 ], [ 79.818319863684593, 13.026521284082271 ], [ 79.818357003631689, 13.026506226302132 ], [ 79.818714551081072, 13.026009508961913 ], [ 79.818776606700894, 13.025923299151003 ], [ 79.819237543052964, 13.026009271782785 ], [ 79.820408111648547, 13.026768782920199 ], [ 79.822081226560172, 13.027591752936305 ], [ 79.822989185258876, 13.028111671076584 ], [ 79.823362404716704, 13.028911657656749 ], [ 79.823671034407269, 13.029883444225693 ], [ 79.824523618256919, 13.030751392672766 ], [ 79.824850804446328, 13.031009064774501 ], [ 79.826465905258601, 13.030395737325232 ], [ 79.826551879421174, 13.030363088576655 ], [ 79.82653825916482, 13.029364222954422 ], [ 79.826381680115887, 13.02865017191815 ], [ 79.825722647277345, 13.027587958969796 ], [ 79.825637543582289, 13.025708126760833 ], [ 79.825635480152059, 13.025662529672084 ], [ 79.825612724927623, 13.024148494835792 ], [ 79.825368634698592, 13.02326265497169 ], [ 79.825258192224311, 13.022372269586697 ], [ 79.825327351721413, 13.021942940700011 ], [ 79.824387315082234, 13.020817376969726 ], [ 79.823880425411815, 13.020057999872922 ], [ 79.823922119817396, 13.018932637633714 ], [ 79.824406317145431, 13.018367073788918 ], [ 79.824475391302599, 13.018286392753092 ], [ 79.82579828722092, 13.018178245307393 ], [ 79.826261463072981, 13.018262022056563 ], [ 79.826273054035099, 13.018264119100639 ], [ 79.826803173240421, 13.017658678290999 ], [ 79.826761822889594, 13.017048475618962 ], [ 79.826360925439531, 13.016533195751853 ], [ 79.826232112417685, 13.015339997121153 ], [ 79.826232192367755, 13.014981050630569 ], [ 79.826232388200481, 13.014088099913193 ], [ 79.825743954417561, 13.013351315888389 ], [ 79.824840773857872, 13.012334221157476 ], [ 79.824522853790626, 13.011357951862157 ], [ 79.824656664140377, 13.010774957566925 ], [ 79.825136826236161, 13.010265106122256 ], [ 79.825209916760969, 13.01018749459659 ], [ 79.825739955117911, 13.009993268305857 ], [ 79.826730868741549, 13.010187790432957 ], [ 79.827104205878655, 13.01027824720501 ], [ 79.827762025991547, 13.009943635143955 ], [ 79.827832543741351, 13.009907765382017 ], [ 79.828100005439097, 13.009067220943393 ], [ 79.828031250183884, 13.007245790417546 ], [ 79.828229732047603, 13.005428942571125 ], [ 79.828792468182613, 13.00311505911648 ], [ 79.829578414106138, 13.001292772620941 ], [ 79.829714779264592, 13.000534948887502 ], [ 79.829834819339368, 12.999386998624727 ], [ 79.829906026096992, 12.999164034964558 ], [ 79.82992637563315, 12.999100316144855 ], [ 79.829962605586886, 12.99898687004884 ], [ 79.830020503803567, 12.998805580613235 ], [ 79.830023893147114, 12.998794969402809 ], [ 79.83015762444515, 12.998392749662854 ], [ 79.830438875282496, 12.997796214654585 ], [ 79.830508100356639, 12.997285514629315 ], [ 79.830498934845778, 12.996991742401006 ], [ 79.83015329097222, 12.996851574979527 ], [ 79.83015332600651, 12.996652713146005 ], [ 79.830208694567375, 12.996309235130346 ], [ 79.828420394076744, 12.996575577028443 ], [ 79.827839580244984, 12.997068106373018 ], [ 79.826715096121774, 12.99659334481553 ], [ 79.825779488176948, 12.996597689822233 ], [ 79.824576537112009, 12.996742085975963 ], [ 79.82361564608351, 12.996904840639713 ], [ 79.823535133677851, 12.996918477851288 ], [ 79.823353035288307, 12.996949320879626 ], [ 79.823300748847174, 12.996769728043498 ], [ 79.823276836592626, 12.996687595731679 ], [ 79.823161764201359, 12.995959921851275 ], [ 79.822968336259436, 12.99526386985073 ], [ 79.822493756294861, 12.994621994997738 ], [ 79.822291028094796, 12.994328181979171 ], [ 79.822120537735316, 12.994147364435834 ], [ 79.821963905685749, 12.993821924037238 ], [ 79.821908704211538, 12.993329279713654 ], [ 79.821738281225734, 12.992841130914881 ], [ 79.821614124172001, 12.992834641316312 ], [ 79.820696696331908, 12.992786680954319 ], [ 79.819867136302989, 12.992650919257439 ], [ 79.819424734890163, 12.99244292536636 ], [ 79.819011145143477, 12.992052950684387 ], [ 79.819011116397377, 12.992052924424812 ], [ 79.818925577019385, 12.992027354589043 ], [ 79.817997245428387, 12.991749864980878 ], [ 79.816264494958318, 12.99106697741618 ], [ 79.815863866104522, 12.991056645978425 ], [ 79.815379584334863, 12.991044196258327 ], [ 79.814298075614857, 12.990813930156335 ], [ 79.813679040264347, 12.990682151857561 ], [ 79.813649880950237, 12.990674842898922 ], [ 79.813569394595731, 12.990654669296701 ], [ 79.813462440279679, 12.990627872111927 ], [ 79.81296473139146, 12.990306825612603 ], [ 79.812997233336759, 12.989461643820219 ], [ 79.813430718970366, 12.988648217932909 ], [ 79.814404806250394, 12.986808747405979 ], [ 79.814440525961047, 12.986741292973468 ], [ 79.814832341443562, 12.986560560941749 ], [ 79.814832372884581, 12.986560543434971 ], [ 79.815449817318722, 12.986768587769571 ], [ 79.816440978877338, 12.987061503757484 ], [ 79.817638832003055, 12.987415490716867 ], [ 79.819247136161863, 12.988003405866916 ], [ 79.819247171196167, 12.988003413744922 ], [ 79.819354860334101, 12.988013681410342 ], [ 79.819864736902872, 12.98806227205886 ], [ 79.819989194892202, 12.987926760751071 ], [ 79.819989426657557, 12.987036414843326 ], [ 79.819989423962596, 12.987036387707876 ], [ 79.819823742284868, 12.986258949611551 ], [ 79.819247860204001, 12.985291663810106 ], [ 79.819247845830944, 12.985291640175824 ], [ 79.819073548411325, 12.985041037996679 ], [ 79.818515309242613, 12.984238401169172 ], [ 79.818401490001179, 12.984021025258835 ], [ 79.817999349282758, 12.983253033264461 ], [ 79.818100952334675, 12.982588631680587 ], [ 79.818640291848112, 12.982096167285942 ], [ 79.818845443702813, 12.981771186417182 ], [ 79.819216558407931, 12.981183294161593 ], [ 79.819732837269683, 12.980731507564451 ], [ 79.819732878592191, 12.98073146642259 ], [ 79.819825535322181, 12.980624706688163 ], [ 79.821125108280796, 12.979127351084513 ], [ 79.821125137925193, 12.979127295061142 ], [ 79.821178382868723, 12.979024577075391 ], [ 79.821558478031733, 12.978291305123248 ], [ 79.821411210918995, 12.977437069642493 ], [ 79.821263744380275, 12.97720213657878 ], [ 79.821019669422611, 12.976813281213959 ], [ 79.82085384940433, 12.976356773656796 ], [ 79.820835652231622, 12.975484414709026 ], [ 79.820926521314178, 12.974295385181627 ], [ 79.820969668295604, 12.973730880393234 ], [ 79.821550631247703, 12.972519756434965 ], [ 79.822186921438188, 12.971399028356952 ], [ 79.822285682220524, 12.970884467862346 ], [ 79.822376023093696, 12.970413781142321 ], [ 79.82226135224937, 12.968275979369253 ], [ 79.822395111395181, 12.967864754839308 ], [ 79.822400568660512, 12.967627194395707 ], [ 79.822409023603953, 12.967259070329032 ], [ 79.822358529301852, 12.966549517922198 ], [ 79.822358521216998, 12.966549486407443 ], [ 79.82185649233061, 12.965469254312653 ], [ 79.821856477957553, 12.965469214919054 ], [ 79.821649346215963, 12.964470370012625 ], [ 79.821649335436192, 12.964470332369693 ], [ 79.821641747366982, 12.964452103567845 ], [ 79.821382175572381, 12.963828513687625 ], [ 79.82121537279717, 12.963512122206479 ], [ 79.821041370923254, 12.963182076379145 ], [ 79.821019501437647, 12.962890862971388 ], [ 79.821006085997183, 12.962712233879028 ], [ 79.820990802060976, 12.962508662966995 ], [ 79.8211014179101, 12.962297642903195 ], [ 79.821249006619723, 12.962016091405328 ], [ 79.821362188057293, 12.961953495862591 ], [ 79.821608457599169, 12.961817279615149 ], [ 79.821843499098335, 12.961844475597612 ], [ 79.822649854745109, 12.962283063586415 ], [ 79.822649882592899, 12.962283082845742 ], [ 79.82343777965724, 12.962852701563138 ], [ 79.823956376172447, 12.963127368676457 ], [ 79.824598906959196, 12.963467670999473 ], [ 79.825271658868729, 12.963707313659404 ], [ 79.825883804140986, 12.963663849085039 ], [ 79.826096570116064, 12.963648741094843 ], [ 79.826096613235194, 12.963648741970246 ], [ 79.826488300258617, 12.963689471737048 ], [ 79.82731776057453, 12.963870412984472 ], [ 79.82865871442668, 12.964001757280899 ], [ 79.829566715346203, 12.964023184893989 ], [ 79.830400635797488, 12.964042858167224 ], [ 79.831349996949314, 12.963975245235906 ], [ 79.831856904586047, 12.963880419020873 ], [ 79.831856941416987, 12.9638803971354 ], [ 79.832981530643053, 12.963234325887644 ], [ 79.834465469338994, 12.962552130369369 ], [ 79.834465508864866, 12.962552111110053 ], [ 79.8347835079839, 12.962393980703036 ], [ 79.834682137595621, 12.962109189366322 ], [ 79.833885078613704, 12.961422106755172 ], [ 79.833203187244465, 12.960513513022224 ], [ 79.832521485419775, 12.959148516911315 ], [ 79.832521462961878, 12.959148474014983 ], [ 79.832376986914738, 12.958878299628147 ], [ 79.832129901702586, 12.958416233399934 ], [ 79.832177649854884, 12.95837609631741 ], [ 79.832355706723959, 12.958226398984609 ], [ 79.832586678854867, 12.958264236314337 ], [ 79.832770491230008, 12.958294347894762 ], [ 79.83319448706095, 12.958380089190554 ], [ 79.833530837862895, 12.958448106342892 ], [ 79.834292410696136, 12.958556751657012 ], [ 79.835466231193081, 12.958724200900717 ], [ 79.83677950974797, 12.958954920430154 ], [ 79.837530650445828, 12.959018297615575 ], [ 79.837530693564958, 12.959018299366445 ], [ 79.838696525344062, 12.958941685587448 ], [ 79.83963362359394, 12.958889288980139 ], [ 79.840309415402388, 12.958851499018948 ], [ 79.841456905380042, 12.958756787285219 ], [ 79.843065277810794, 12.958404468388986 ], [ 79.844503079932068, 12.957961777385831 ], [ 79.846019262756798, 12.957392502907462 ], [ 79.848185260806943, 12.95643459116768 ], [ 79.848489421378972, 12.956122839783982 ], [ 79.848516987980091, 12.955869142402983 ], [ 79.848604827943547, 12.955060753416717 ], [ 79.848678413440055, 12.954585505437143 ], [ 79.848729711734336, 12.954254405988477 ], [ 79.848738529597185, 12.954197491934091 ], [ 79.848581916412215, 12.953668681122727 ], [ 79.848535910991558, 12.953166981199601 ], [ 79.848644716735421, 12.953112489285182 ], [ 79.848959906822515, 12.952954661919964 ], [ 79.849331590161199, 12.95282168782232 ], [ 79.849692607802552, 12.952692574423841 ], [ 79.850715871556147, 12.952575058157256 ], [ 79.850950647153965, 12.952548099287217 ], [ 79.850950678595041, 12.952548094034467 ], [ 79.851969072581468, 12.952304148257202 ], [ 79.851969112107341, 12.952304138627131 ], [ 79.852151840215924, 12.952180493082832 ], [ 79.852429918203697, 12.951992348806225 ], [ 79.852487922421616, 12.951785570195282 ], [ 79.852531366745367, 12.951630792098394 ], [ 79.852397834873315, 12.950776543020856 ], [ 79.852462589032257, 12.948652348185279 ], [ 79.852506194154472, 12.948547245090861 ], [ 79.852573214762884, 12.948385697574555 ], [ 79.852573226440981, 12.948385670434881 ], [ 79.852641148957929, 12.948378303327726 ], [ 79.852739048255899, 12.948367685588142 ], [ 79.852981382278529, 12.948526119935226 ], [ 79.853057041086686, 12.948575584138533 ], [ 79.853281414193518, 12.948711790994281 ], [ 79.853697480595471, 12.94896436630645 ], [ 79.854223094749671, 12.949089148056876 ], [ 79.854992316737565, 12.949271758928464 ], [ 79.856236477117889, 12.949393949134768 ], [ 79.857153510597556, 12.949488918314779 ], [ 79.85766685735824, 12.949468195079428 ], [ 79.8582686387671, 12.949443898175927 ], [ 79.859522082337534, 12.949227064425296 ], [ 79.860554269056863, 12.949037284289725 ], [ 79.861328421897369, 12.949132253605649 ], [ 79.863600230708187, 12.94896523389836 ], [ 79.86553100040959, 12.948648976741556 ], [ 79.867576988927652, 12.948170013275915 ], [ 79.868844232417501, 12.947916939013453 ], [ 79.870383340248281, 12.9475735267623 ], [ 79.871378065423656, 12.947516168190768 ], [ 79.87148002241176, 12.947510289367612 ], [ 79.872088333674412, 12.946863995305183 ], [ 79.87208836421712, 12.946863956784124 ], [ 79.873129750583288, 12.946836910623787 ], [ 79.873756400952416, 12.946854984004293 ], [ 79.875217222402853, 12.947112634591523 ], [ 79.878175498600967, 12.947456203312582 ], [ 79.878249250285805, 12.948052793413019 ], [ 79.879502666906774, 12.94818836671141 ], [ 79.881636122587409, 12.948120588388424 ], [ 79.883350369559267, 12.947939790656978 ], [ 79.883525486242448, 12.947307113126957 ], [ 79.884138327709067, 12.947176006035178 ], [ 79.884662242250741, 12.947033246263079 ], [ 79.885165978834507, 12.946895971281702 ], [ 79.885216582731104, 12.946882180744977 ], [ 79.885280599373203, 12.94685753339791 ], [ 79.886695748677937, 12.946312667330758 ], [ 79.887452373590619, 12.946168121958442 ], [ 79.888115050894243, 12.946041520370528 ], [ 79.889014215984602, 12.945757282026692 ], [ 79.889773849355151, 12.945517146708472 ], [ 79.890423565765857, 12.945051577396631 ], [ 79.890723119777135, 12.945101319818221 ], [ 79.892257650691576, 12.94586956087317 ], [ 79.893110127641677, 12.946601734186014 ], [ 79.893699991999966, 12.947523720048864 ], [ 79.894142390717832, 12.947808406372403 ], [ 79.894389828069563, 12.947876377384778 ], [ 79.894718377901597, 12.947966629210157 ], [ 79.895118872008084, 12.948625536845613 ], [ 79.89513313905141, 12.948649010009483 ], [ 79.89505025599172, 12.949236601798008 ], [ 79.895059530198722, 12.950081734662202 ], [ 79.895150992169377, 12.95032793256417 ], [ 79.895257675194202, 12.950615102881144 ], [ 79.89546506834553, 12.951455730317361 ], [ 79.895502017849793, 12.952296358419 ], [ 79.895737092586586, 12.953340364404784 ], [ 79.895824759175184, 12.954867967926544 ], [ 79.895958482388394, 12.95652669671068 ], [ 79.895953956675982, 12.958036251017292 ], [ 79.895953961167564, 12.95803629128749 ], [ 79.896069191662306, 12.958614756385415 ], [ 79.896141460228606, 12.958976916635583 ], [ 79.896152164553513, 12.959030557218743 ], [ 79.896152201384453, 12.959030568599402 ], [ 79.896294257370229, 12.959055994755268 ], [ 79.896422473012422, 12.959078943425775 ], [ 79.897262765214023, 12.959229353725606 ], [ 79.897871141155321, 12.960521929411659 ], [ 79.898181436322474, 12.960453187969145 ], [ 79.89844253615135, 12.960395376263859 ], [ 79.898487997192973, 12.960615861341022 ], [ 79.898534755401826, 12.960842778002977 ], [ 79.898534783249559, 12.960842768373251 ], [ 79.899198341800513, 12.96069358640089 ], [ 79.900133909321127, 12.962275416754538 ], [ 79.900679178613771, 12.963258882321213 ], [ 79.900880600663399, 12.963622180864167 ], [ 79.901461283341149, 12.964128328729837 ], [ 79.901700952960653, 12.964611911715537 ], [ 79.902309330698586, 12.965511267136968 ], [ 79.902825510745686, 12.965863756309503 ], [ 79.903526022394132, 12.966433168989193 ], [ 79.904655114874757, 12.966717807433998 ], [ 79.905214905433951, 12.96667390830715 ], [ 79.905982263417641, 12.966613728314261 ], [ 79.905982307435067, 12.966613730940496 ], [ 79.907023768361398, 12.966270138750264 ], [ 79.907765413866713, 12.966130305916993 ], [ 79.908079059749852, 12.966071178912085 ], [ 79.909094148834399, 12.966002551930178 ], [ 79.910086895919491, 12.965935428010923 ], [ 79.910221947740993, 12.965926296593294 ], [ 79.910243440832488, 12.965967936415209 ], [ 79.910604524949107, 12.966667474926998 ], [ 79.909926994900587, 12.966812386578123 ], [ 79.909526202553423, 12.966898104805466 ], [ 79.909709616076555, 12.968462293129342 ], [ 79.909775280228899, 12.969022303312078 ], [ 79.91031448140177, 12.969469671159205 ], [ 79.910674004246459, 12.970002982962805 ], [ 79.910680845815676, 12.970155949822248 ], [ 79.910687950591253, 12.970314782616944 ], [ 79.910323932576873, 12.971092224181065 ], [ 79.910323920898776, 12.971092254819832 ], [ 79.910364377425921, 12.971344765409432 ], [ 79.910485383189638, 12.972100036259025 ], [ 79.910596193973205, 12.973794918231858 ], [ 79.911868069176634, 12.973550714904635 ], [ 79.911868107804182, 12.973550706150807 ], [ 79.912748536732707, 12.975543736436448 ], [ 79.912748548410789, 12.975543761822415 ], [ 79.912849436403718, 12.975774703859157 ], [ 79.912855952782792, 12.975789622906911 ], [ 79.91365672719671, 12.977622678869771 ], [ 79.914043995407269, 12.978924262801652 ], [ 79.913972795836187, 12.978948076251605 ], [ 79.911610743170215, 12.979738095176268 ], [ 79.911610717119075, 12.979738103054501 ], [ 79.911263785061408, 12.979816413009788 ], [ 79.909707451136725, 12.980167722930391 ], [ 79.909032010569533, 12.980370701652621 ], [ 79.908624418874012, 12.980493185593136 ], [ 79.908410402444076, 12.980825157000117 ], [ 79.908283484867496, 12.98102202343312 ], [ 79.908283455223085, 12.981022039189575 ], [ 79.907822655414947, 12.981243587926867 ], [ 79.907315710947273, 12.981686528120298 ], [ 79.907315680404565, 12.981686554380968 ], [ 79.906228162853608, 12.982590545202001 ], [ 79.904721158116132, 12.982970345646622 ], [ 79.903287853859482, 12.983196485612531 ], [ 79.903005464856676, 12.984103049714992 ], [ 79.902730333343015, 12.984986277329677 ], [ 79.901684201177218, 12.985153566975983 ], [ 79.901670426410661, 12.985750134104725 ], [ 79.901393942932501, 12.986229249324934 ], [ 79.901085227901959, 12.986785230573538 ], [ 79.900647398913961, 12.987124210275702 ], [ 79.900647372862807, 12.987124230408435 ], [ 79.899919282036805, 12.987549075690341 ], [ 79.899919238019379, 12.987549095823036 ], [ 79.89881316127466, 12.987915264988276 ], [ 79.896854485408952, 12.988620489178809 ], [ 79.896826717585199, 12.988994563623651 ], [ 79.896785389692241, 12.989551499793723 ], [ 79.896785377115833, 12.989551530430225 ], [ 79.896144727401278, 12.989740993430347 ], [ 79.894997195202833, 12.990080348115377 ], [ 79.892775772896314, 12.990591214391753 ], [ 79.892789626714617, 12.991436353826108 ], [ 79.891107419055686, 12.991558477806418 ], [ 79.891079771606186, 12.991969726163742 ], [ 79.889208603327262, 12.992231971847843 ], [ 79.889208571886229, 12.992231975349126 ], [ 79.889153303936666, 12.993153940043626 ], [ 79.889227568559548, 12.993655481405684 ], [ 79.889227574847723, 12.993655518168863 ], [ 79.889236292997552, 12.993714398776836 ], [ 79.889513169039503, 12.993767841048109 ], [ 79.890992340376229, 12.99405334713906 ], [ 79.891918662435941, 12.994238574571943 ], [ 79.891918698368571, 12.994238583325046 ], [ 79.893591748601466, 12.994704015077922 ], [ 79.894495092654552, 12.995060997830485 ], [ 79.895877827150599, 12.995720824087739 ], [ 79.897546268127783, 12.99596930512895 ], [ 79.897689128105739, 12.995454053247251 ], [ 79.897689139783822, 12.995454029613935 ], [ 79.898011749056877, 12.995472117843841 ], [ 79.899514256828056, 12.995539796609613 ], [ 79.899514294557306, 12.995539793108357 ], [ 79.899874516291291, 12.995677160288912 ], [ 79.900177933956584, 12.995792864437341 ], [ 79.900122687566622, 12.996258344044053 ], [ 79.900459158742819, 12.99639394008654 ], [ 79.90107221041518, 12.996769030427073 ], [ 79.902478024427495, 12.997953044605335 ], [ 79.902855640240304, 12.998415872387623 ], [ 79.903731741085778, 12.999489650420806 ], [ 79.90476421885927, 13.00063099089941 ], [ 79.90506852585672, 13.000967392357119 ], [ 79.905240839796193, 13.001138329939039 ], [ 79.905460337745964, 13.001356088245824 ], [ 79.905652105601249, 13.001647113913453 ], [ 79.905930570762933, 13.002069704996515 ], [ 79.906032000439978, 13.00249000562021 ], [ 79.906271580227937, 13.002521578817161 ], [ 79.906257819834394, 13.003095544736174 ], [ 79.906461123854555, 13.003076180902665 ], [ 79.906589697924559, 13.003063934850507 ], [ 79.906545974224727, 13.003287709892222 ], [ 79.906460767223379, 13.003723769591101 ], [ 79.906923589139211, 13.0038372126463 ], [ 79.908415012598127, 13.00420276960204 ], [ 79.909046447394488, 13.003963119602089 ], [ 79.909958958755041, 13.003036434404205 ], [ 79.910046157321361, 13.002876216825859 ], [ 79.910613306879341, 13.001834158023181 ], [ 79.910688774346369, 13.001646385675727 ], [ 79.910807748120916, 13.001350363870493 ], [ 79.910868570353855, 13.001225833290928 ], [ 79.910926643742016, 13.001106929873037 ], [ 79.911313724204689, 13.00057358241841 ], [ 79.911562548555253, 13.000297817932227 ], [ 79.91156257819965, 13.000297782920605 ], [ 79.912129337888814, 12.999556514943921 ], [ 79.912445015761094, 12.999320647853455 ], [ 79.912613305248144, 12.99919489959624 ], [ 79.913004323924994, 12.999058683624513 ], [ 79.913742413898404, 12.998801560379905 ], [ 79.913742445339452, 12.998801544624568 ], [ 79.915074338783668, 12.997938154022744 ], [ 79.915848615591656, 12.997730182942387 ], [ 79.917927176123627, 12.997282447574293 ], [ 79.918716622781801, 12.997067248577178 ], [ 79.9193374682376, 12.996898007153479 ], [ 79.920300579901479, 12.996323913987013 ], [ 79.921451296627609, 12.995358257819651 ], [ 79.921480305923069, 12.995333913755434 ], [ 79.922092058631577, 12.994906195895378 ], [ 79.922379008381114, 12.994705567002887 ], [ 79.922823261221708, 12.994223133195344 ], [ 79.923240675994876, 12.993769841139438 ], [ 79.923793569289316, 12.992897479425132 ], [ 79.924321380722702, 12.991653493913683 ], [ 79.92454914407142, 12.991116660745686 ], [ 79.924950003792233, 12.99071436816903 ], [ 79.924950042419809, 12.990714340158636 ], [ 79.925632081112738, 12.990343613798213 ], [ 79.925632106265553, 12.990343604169631 ], [ 79.926018404295618, 12.990241698746278 ], [ 79.926060673622999, 12.990230547969077 ], [ 79.926106677246992, 12.990225400177014 ], [ 79.927517037632995, 12.990067585854753 ], [ 79.927517069972311, 12.990067584104112 ], [ 79.928590860367422, 12.990053835349773 ], [ 79.928941218599576, 12.990288816661076 ], [ 79.929401682437799, 12.990489749358522 ], [ 79.929572669565601, 12.990564367306622 ], [ 79.929572698311716, 12.990564374309249 ], [ 79.930609697306025, 12.990681660800592 ], [ 79.931352993914814, 12.990936317915109 ], [ 79.932126066980345, 12.991201171401016 ], [ 79.932247760853571, 12.991737562349412 ], [ 79.932439809881515, 12.992584061627504 ], [ 79.934696205398708, 12.992508062159196 ], [ 79.93581343832092, 12.992470412981236 ], [ 79.935813469761982, 12.992470417357833 ], [ 79.935970329983604, 12.993351686902384 ], [ 79.936060611567967, 12.993350125340504 ], [ 79.936233021627189, 12.993347152770841 ], [ 79.936251631126638, 12.994260039843208 ], [ 79.936251674245753, 12.994260038092593 ], [ 79.936415820702678, 12.994252379989849 ], [ 79.936542024118651, 12.994246491767392 ], [ 79.936561845445368, 12.994309555349309 ], [ 79.936578935893635, 12.994363958584392 ], [ 79.936578952961653, 12.994364000599367 ], [ 79.937293654398317, 12.9960405602574 ], [ 79.937293679551146, 12.996040573386972 ], [ 79.937427992957481, 12.996075673134419 ], [ 79.937846797424427, 12.996185131796191 ], [ 79.938058998359153, 12.996953336766474 ], [ 79.938519940999427, 12.997260608810745 ], [ 79.938519984118557, 12.997260636820364 ], [ 79.938718229725339, 12.997689920036217 ], [ 79.939064744066414, 12.997853940636276 ], [ 79.939529501851709, 12.99807394171323 ], [ 79.939529536885985, 12.998073956593288 ], [ 79.939806225180007, 12.998769904431827 ], [ 79.940958671163074, 12.999895014182218 ], [ 79.94151570479265, 13.000524632723675 ], [ 79.941650250862651, 13.000676717758592 ], [ 79.941650282303684, 13.000676741391413 ], [ 79.942212575569243, 13.000947744764151 ], [ 79.942212612400169, 13.000947764895804 ], [ 79.942213909567442, 13.00095936421447 ], [ 79.942256460965822, 13.001339741390179 ], [ 79.942256463660783, 13.001339772025219 ], [ 79.942272696217969, 13.001589123602388 ], [ 79.942272999848527, 13.00300823110431 ], [ 79.942116657954799, 13.004490748597167 ], [ 79.942116887923504, 13.005329201763406 ], [ 79.942117023569125, 13.00578336985992 ], [ 79.942102095365726, 13.005896268430162 ], [ 79.942084769558846, 13.006027389201188 ], [ 79.94196601676984, 13.006264783388241 ], [ 79.941965086115218, 13.006266643335742 ], [ 79.941836050311181, 13.006524592100227 ], [ 79.941879042782361, 13.006720069239339 ], [ 79.941886736852766, 13.006755068570977 ], [ 79.941886745835916, 13.006755099205341 ], [ 79.941951368840847, 13.006953910930013 ], [ 79.941951385908823, 13.006953945940694 ], [ 79.941877779751081, 13.007808181418943 ], [ 79.941836533604786, 13.008571928585207 ], [ 79.941836533604786, 13.008571968847237 ], [ 79.941835186131868, 13.008572458993562 ], [ 79.941782163072233, 13.008591759379229 ], [ 79.94169321728269, 13.00862413441399 ], [ 79.941550767834826, 13.008675982250073 ], [ 79.940605932395414, 13.008965525392885 ], [ 79.938817758567239, 13.009503702859735 ], [ 79.937315268762376, 13.010100677105404 ], [ 79.937315224744921, 13.010100694610516 ], [ 79.93680836741386, 13.010317685328491 ], [ 79.935683739560218, 13.010534856159016 ], [ 79.935126007041333, 13.010629939397255 ], [ 79.934879135628208, 13.01067568104313 ], [ 79.934466952643234, 13.010752053932183 ], [ 79.93347606057921, 13.011100291706661 ], [ 79.932996824646466, 13.011570398053635 ], [ 79.932721605996278, 13.01190172398324 ], [ 79.932591258651897, 13.012058643920165 ], [ 79.931678912581347, 13.013093726073556 ], [ 79.931678878445396, 13.013093764584349 ], [ 79.930950724737329, 13.013925493060633 ], [ 79.929056408670149, 13.013998160923981 ], [ 79.929056380822374, 13.013998164424944 ], [ 79.928420329583759, 13.014115820570174 ], [ 79.928242931179781, 13.014084731982722 ], [ 79.928111451059834, 13.014061700868398 ], [ 79.927818014575664, 13.014076011073053 ], [ 79.927461563969231, 13.014093407379482 ], [ 79.926729756812904, 13.014145793220715 ], [ 79.926258564395226, 13.014179522404124 ], [ 79.925608697067588, 13.014179627433114 ], [ 79.923147346426759, 13.01425235823932 ], [ 79.921460358832192, 13.01428419338645 ], [ 79.92144053570884, 13.014284132994803 ], [ 79.920461277726019, 13.014281170303638 ], [ 79.92005914239752, 13.014279950217482 ], [ 79.919944048446681, 13.01492626418568 ], [ 79.919967224981022, 13.01616007219088 ], [ 79.919953969440684, 13.016544114285487 ], [ 79.919944291890118, 13.016824457426855 ], [ 79.919962528588727, 13.017043514807613 ], [ 79.919995090721116, 13.017434642270613 ], [ 79.920011414906469, 13.01812856914766 ], [ 79.920020340567135, 13.01850802025621 ], [ 79.920032194735626, 13.019011947857685 ], [ 79.920041516553354, 13.019500010148285 ], [ 79.920041507570176, 13.019500046032396 ], [ 79.918806160561147, 13.019387221924193 ], [ 79.918806155171268, 13.019387183414368 ], [ 79.918769259565906, 13.019025741394145 ], [ 79.918769253277688, 13.019025703759507 ], [ 79.917529337437102, 13.018845040754144 ], [ 79.917529315877559, 13.018845080139245 ], [ 79.917473861078435, 13.018997449764738 ], [ 79.917437201729982, 13.019098179328655 ], [ 79.917008445726339, 13.019012339958209 ], [ 79.916874792581751, 13.018763778724335 ], [ 79.915054068299256, 13.01843415202916 ], [ 79.913486802775893, 13.018203810697383 ], [ 79.913135290208587, 13.018125645887677 ], [ 79.912186940559764, 13.01791476059492 ], [ 79.911384973183132, 13.017657281425187 ], [ 79.911384937250531, 13.017657260419684 ], [ 79.911398635660305, 13.017060615952779 ], [ 79.91132476270289, 13.01605277016945 ], [ 79.911144845422854, 13.014832532213973 ], [ 79.911011189583306, 13.014629176433957 ], [ 79.911011167125423, 13.014629157178675 ], [ 79.910864041946482, 13.01465954638126 ], [ 79.910748472786864, 13.014683405416791 ], [ 79.910704859579866, 13.014705977847779 ], [ 79.909665391116818, 13.015243966931635 ], [ 79.909322243661421, 13.015324103684913 ], [ 79.909084597047951, 13.015379601609757 ], [ 79.908848182923066, 13.015408915929168 ], [ 79.908683575630391, 13.015429325583302 ], [ 79.908655993757918, 13.015790890130221 ], [ 79.908706782707441, 13.016473341173548 ], [ 79.908407121796685, 13.016586421301174 ], [ 79.908107583056747, 13.016776213751065 ], [ 79.907522168952383, 13.016902875588988 ], [ 79.907476129395775, 13.017241880667296 ], [ 79.907031278277174, 13.01741708778207 ], [ 79.906890868005021, 13.017472392687701 ], [ 79.906890824885878, 13.01747240581614 ], [ 79.906761674995778, 13.01713346406984 ], [ 79.906553502106817, 13.016772397738135 ], [ 79.906282180348285, 13.016301886395002 ], [ 79.906127874935294, 13.016307935137013 ], [ 79.905936528389873, 13.016315475277576 ], [ 79.90533923226927, 13.016279714966528 ], [ 79.904880950438852, 13.016252304384432 ], [ 79.904405234105411, 13.016268359679469 ], [ 79.903807012720065, 13.016288577586563 ], [ 79.903180185382809, 13.016595938584485 ], [ 79.90288067359235, 13.016785784416246 ], [ 79.90162691920483, 13.016835632390624 ], [ 79.900410041558018, 13.016984813907772 ], [ 79.900407335832355, 13.017009051694696 ], [ 79.90030406101576, 13.017933952600234 ], [ 79.90025352269619, 13.019253659343072 ], [ 79.900161371717687, 13.019615275200097 ], [ 79.899050488986205, 13.019552075390534 ], [ 79.899115030244431, 13.020433408889424 ], [ 79.899316246579858, 13.020618712896987 ], [ 79.899419322868823, 13.020713626850776 ], [ 79.8997235508145, 13.020803952875022 ], [ 79.899493143723902, 13.021414087659723 ], [ 79.899681667762692, 13.021859026036328 ], [ 79.899765095201474, 13.022055901928198 ], [ 79.899845768405541, 13.022051621258125 ], [ 79.900106184616504, 13.022037773626842 ], [ 79.899981815560395, 13.022986890338286 ], [ 79.89950705503442, 13.023172289584201 ], [ 79.899622256783061, 13.023512271569661 ], [ 79.899926629357537, 13.024410569964736 ], [ 79.899775891154562, 13.024442727632756 ], [ 79.899502562559675, 13.024501060054817 ], [ 79.89961787839438, 13.025160894626243 ], [ 79.899974387391296, 13.025160849115673 ], [ 79.900369187975514, 13.025160766846632 ], [ 79.900369196060353, 13.025160798353957 ], [ 79.900429715561046, 13.025664147918562 ], [ 79.900576788637665, 13.026887250435028 ], [ 79.899737907689385, 13.027126898401461 ], [ 79.89992724380518, 13.027788801935781 ], [ 79.90008828388784, 13.028351657432355 ], [ 79.900231430428391, 13.02877919857457 ], [ 79.900383399323303, 13.029232979750908 ], [ 79.900450189064699, 13.029720862618277 ], [ 79.900475588929368, 13.029906363595758 ], [ 79.900093233605091, 13.030070217600842 ], [ 79.899927084803409, 13.030141414793732 ], [ 79.899973180055568, 13.030665573969308 ], [ 79.900019284290892, 13.031189936827634 ], [ 79.900070055274114, 13.031470158372057 ], [ 79.898046433010009, 13.031393481180039 ], [ 79.897975062758988, 13.031634190754023 ], [ 79.897931200718602, 13.031782123229537 ], [ 79.897092255091621, 13.031782259757506 ], [ 79.897254951667662, 13.032420231383767 ], [ 79.897258214348795, 13.032433027346936 ], [ 79.897258225128553, 13.032433063229178 ], [ 79.897442729206432, 13.032961792968164 ], [ 79.8976347180473, 13.033569682736271 ], [ 79.897723969264021, 13.033852213791116 ], [ 79.897806042941625, 13.034422990668265 ], [ 79.897871499583147, 13.034878070750921 ], [ 79.897922282244451, 13.036111990282539 ], [ 79.897998127902213, 13.036672034212271 ], [ 79.898002897956374, 13.036707255979753 ], [ 79.898120596123206, 13.037576305952273 ], [ 79.898120600614803, 13.037576335707685 ], [ 79.898272812054856, 13.038552478912024 ], [ 79.898291698235397, 13.038842202422412 ], [ 79.89831439866262, 13.039189744340062 ], [ 79.898381471373298, 13.039775994703469 ], [ 79.898420430408862, 13.040116275066497 ], [ 79.899153369442416, 13.039876655428985 ], [ 79.899169609186146, 13.039955102172142 ], [ 79.899213278088752, 13.040165959067137 ], [ 79.899554481589846, 13.041530884195446 ], [ 79.899775847137093, 13.041937605664037 ], [ 79.900080093049112, 13.042787231901524 ], [ 79.900159145692413, 13.043245171430303 ], [ 79.900186183185824, 13.043401879851297 ], [ 79.900363548352175, 13.04434571371957 ], [ 79.900421441178949, 13.044653793377016 ], [ 79.900434194561043, 13.044961243430267 ], [ 79.900437244341461, 13.04503477556748 ], [ 79.900458368225344, 13.045544142366058 ], [ 79.900656627306873, 13.046773495669044 ], [ 79.900642957643186, 13.048386926567861 ], [ 79.900642959439836, 13.048386961572689 ], [ 79.900667595736493, 13.049102884408864 ], [ 79.900679976317733, 13.049462611910158 ], [ 79.900758072255272, 13.049453197404054 ], [ 79.900979569854883, 13.049426464335244 ], [ 79.902267878838117, 13.049279267007973 ], [ 79.90327531158151, 13.049164154039115 ], [ 79.904074433993628, 13.04904983124838 ], [ 79.904856474940644, 13.048937948235482 ], [ 79.905557096183529, 13.048784321117047 ], [ 79.906640429381909, 13.048567245092091 ], [ 79.907557782661854, 13.048305040649021 ], [ 79.907557762898918, 13.048304996892996 ], [ 79.907290329048919, 13.047423800265575 ], [ 79.908064795401444, 13.047396599661052 ], [ 79.908936044446079, 13.047269904418146 ], [ 79.908936073192152, 13.047269897417134 ], [ 79.909503070934846, 13.047070942156026 ], [ 79.909779605616976, 13.046844985598316 ], [ 79.909922290423438, 13.046782779883381 ], [ 79.910152979585035, 13.046682204230565 ], [ 79.910311778371081, 13.046674541622057 ], [ 79.910434170235291, 13.046668628391432 ], [ 79.910785336951193, 13.046630547252965 ], [ 79.911268531759376, 13.046578135030037 ], [ 79.911706416442925, 13.046591627737065 ], [ 79.911821684666947, 13.046401802136382 ], [ 79.911936951094319, 13.046234562573964 ], [ 79.911936975348794, 13.046234522318079 ], [ 79.912322696660468, 13.046365288310545 ], [ 79.91243023128817, 13.046401737376931 ], [ 79.912803595374768, 13.046388114265531 ], [ 79.912918957921846, 13.046894354952203 ], [ 79.913232396294177, 13.046943991209536 ], [ 79.91409905764263, 13.0468986920758 ], [ 79.914882757777946, 13.046912092877152 ], [ 79.915860047551959, 13.046984270615024 ], [ 79.915860078094695, 13.046984275865764 ], [ 79.916311827376347, 13.047110748098177 ], [ 79.916984863153488, 13.047336700912489 ], [ 79.916957243551764, 13.047517411382973 ], [ 79.916929620356797, 13.047802248208567 ], [ 79.917252297003486, 13.047752454601445 ], [ 79.917252333834398, 13.047752447600447 ], [ 79.917350488253931, 13.047731867336752 ], [ 79.917707108641949, 13.047657074074037 ], [ 79.917791658974792, 13.047639342328397 ], [ 79.917999097940211, 13.047201000605339 ], [ 79.918063499959544, 13.046581762431227 ], [ 79.918100120680421, 13.044990919177595 ], [ 79.918100117985475, 13.044990877171232 ], [ 79.918024021697775, 13.0445030620415 ], [ 79.917989435660999, 13.044281344917094 ], [ 79.917998514035261, 13.043336696049304 ], [ 79.918505498927104, 13.043237195415598 ], [ 79.918390210041849, 13.042500496368499 ], [ 79.918390183092399, 13.042500494618213 ], [ 79.91839017770252, 13.042500458737434 ], [ 79.918062906173134, 13.042477936972848 ], [ 79.917947554405842, 13.041628304422048 ], [ 79.917753930631164, 13.041533467622944 ], [ 79.917809055748592, 13.040394498165288 ], [ 79.917610816430013, 13.040367359798381 ], [ 79.917509307701195, 13.039775357593532 ], [ 79.917566215076164, 13.039766877379932 ], [ 79.917661444581086, 13.039752677178477 ], [ 79.917596782050325, 13.039169726087275 ], [ 79.917695027199699, 13.039130062392163 ], [ 79.917753567711813, 13.039106427125612 ], [ 79.917753495846569, 13.038622824764404 ], [ 79.91764734821767, 13.037967518256938 ], [ 79.917647314979988, 13.037967513005968 ], [ 79.917075672947263, 13.037890718805466 ], [ 79.917183993600844, 13.037313289960956 ], [ 79.917255416852456, 13.036932558426432 ], [ 79.917061681686732, 13.036421911910139 ], [ 79.917361304868237, 13.036354090277653 ], [ 79.917361313851416, 13.036354064897921 ], [ 79.917403743977218, 13.036094580644775 ], [ 79.917481019752898, 13.035621865585046 ], [ 79.917905056008067, 13.035337034861907 ], [ 79.918033613908378, 13.035178970949282 ], [ 79.918101409762855, 13.035095613876999 ], [ 79.918195450796702, 13.034979962204845 ], [ 79.918195484034356, 13.034979952577993 ], [ 79.918407462186906, 13.03493473701978 ], [ 79.919200221831886, 13.034858036396297 ], [ 79.919670544680329, 13.034812550388725 ], [ 79.919970845191628, 13.034760660763055 ], [ 79.920523740282704, 13.034665155327886 ], [ 79.920901267162307, 13.034599942093752 ], [ 79.921429016611924, 13.034491384315773 ], [ 79.921429053442878, 13.034491337931772 ], [ 79.921956804689131, 13.034382789733041 ], [ 79.922301034614449, 13.034290981747114 ], [ 79.922482341588221, 13.034242618949575 ], [ 79.923339673034135, 13.034088769162251 ], [ 79.924141687123182, 13.033858214845264 ], [ 79.924141729343972, 13.033858204343186 ], [ 79.924736263145107, 13.033722524647647 ], [ 79.924736305365911, 13.033722515020745 ], [ 79.924812919083266, 13.033705172603177 ], [ 79.925035971666631, 13.033654680396088 ], [ 79.925699668558082, 13.033518925324087 ], [ 79.927649511289616, 13.033423686337672 ], [ 79.929940448826102, 13.033138517892958 ], [ 79.93064835540595, 13.033076823334138 ], [ 79.931447778753693, 13.03300718742249 ], [ 79.932397359094452, 13.032907577613663 ], [ 79.933019571786105, 13.032853272104227 ], [ 79.933392247763194, 13.032838746815921 ], [ 79.933955343224312, 13.032816837670033 ], [ 79.934992586560398, 13.032794057722331 ], [ 79.935803776041723, 13.032667292863225 ], [ 79.936050200992142, 13.032623107840237 ], [ 79.936232488027926, 13.032590452384023 ], [ 79.936771734116547, 13.032594837893104 ], [ 79.936771769150852, 13.032594839643453 ], [ 79.937827420763725, 13.032703087565777 ], [ 79.938698636570678, 13.032806801155635 ], [ 79.939031631266715, 13.032830690824783 ], [ 79.939703559421133, 13.032878901617632 ], [ 79.940403924644187, 13.032966307121434 ], [ 79.941077317052518, 13.033050365050711 ], [ 79.941193312013596, 13.033071455012401 ], [ 79.941275472827783, 13.033086402996396 ], [ 79.941275510557048, 13.033086405621932 ], [ 79.941411628678793, 13.033100247384329 ], [ 79.941985395227164, 13.033158564639201 ], [ 79.942396110364939, 13.033153056291292 ], [ 79.942667669278705, 13.03314938580964 ], [ 79.942952182797171, 13.033124972816875 ], [ 79.943248466940815, 13.03309954899499 ], [ 79.943766049258059, 13.033126647025759 ], [ 79.94419340658483, 13.033149028738475 ], [ 79.944403567445534, 13.033144563598315 ], [ 79.944838774251238, 13.033135300751464 ], [ 79.945202889283649, 13.03316419201073 ], [ 79.945521019556708, 13.033189433789714 ], [ 79.945716236044333, 13.033161962941488 ], [ 79.945811390989121, 13.033148580649119 ], [ 79.945811422430154, 13.033148580649119 ], [ 79.946429116595951, 13.033238876757869 ], [ 79.946765586873823, 13.033234271591487 ], [ 79.946996004744179, 13.033075967413287 ], [ 79.947309444014834, 13.032944868831031 ], [ 79.947587397136772, 13.032931941618063 ], [ 79.94779808081698, 13.032922116900783 ], [ 79.948100611845121, 13.032909799683802 ], [ 79.948466469609201, 13.032894903324445 ], [ 79.948655688045676, 13.032812359396257 ], [ 79.948964224311496, 13.032677804603903 ], [ 79.949022540244769, 13.032794845380476 ], [ 79.949056506443995, 13.032863031186103 ], [ 79.949159974398398, 13.033302073949939 ], [ 79.949250353000821, 13.033685569613688 ], [ 79.95110368522981, 13.034539269222108 ], [ 79.951672549671684, 13.034822828368329 ], [ 79.952163987420903, 13.03506774241356 ], [ 79.952177896036432, 13.035420285957754 ], [ 79.952233956300063, 13.035455455393405 ], [ 79.952408477400212, 13.035564910668738 ], [ 79.953058174047968, 13.035746040192009 ], [ 79.953072323412016, 13.035749985437072 ], [ 79.953028517067196, 13.035891749041799 ], [ 79.952980131111033, 13.036048336972312 ], [ 79.953000627970866, 13.03605949006473 ], [ 79.953083016957166, 13.03610432122043 ], [ 79.953187648229886, 13.036161213875918 ], [ 79.954371290007785, 13.036944773924528 ], [ 79.954382853122127, 13.036952428958012 ], [ 79.954395538232276, 13.03696082437745 ], [ 79.954395578656445, 13.036960852382592 ], [ 79.955626635311702, 13.037769475304151 ], [ 79.956493210421883, 13.037742137113209 ], [ 79.957802469914199, 13.037814041852332 ], [ 79.959604800292922, 13.037863232726288 ], [ 79.960477508201549, 13.037845273612604 ], [ 79.96116292725489, 13.037831166942775 ], [ 79.965353020981311, 13.037703273959156 ], [ 79.965353047930762, 13.037703272208844 ], [ 79.968779844058574, 13.03747928407779 ], [ 79.96882875822412, 13.037476087121407 ], [ 79.968876397680248, 13.037733458168987 ], [ 79.968876926787956, 13.037736319061308 ], [ 79.96895341204619, 13.038149533430468 ], [ 79.969045677110699, 13.038560829644288 ], [ 79.969044673692551, 13.038590435271935 ], [ 79.969041331959673, 13.038689062619865 ], [ 79.969036601431398, 13.038827410563551 ], [ 79.968889266046716, 13.039247759982437 ], [ 79.968285599074093, 13.039835533845951 ], [ 79.968262718983823, 13.040350794978842 ], [ 79.968299680166169, 13.040712324888871 ], [ 79.968299684657737, 13.040712356394174 ], [ 79.968438424961789, 13.041792511225276 ], [ 79.968609351004176, 13.042291403124622 ], [ 79.96866910244529, 13.042465803136128 ], [ 79.968669109631833, 13.042465833766078 ], [ 79.968780142299238, 13.04352785071168 ], [ 79.968828083589329, 13.04377802708898 ], [ 79.968849414984078, 13.043889390855375 ], [ 79.968930257071435, 13.044201406565074 ], [ 79.969089452014529, 13.044815899602153 ], [ 79.969164178371415, 13.045121510801328 ], [ 79.969218707905782, 13.045344621256641 ], [ 79.969278773757267, 13.045737790317602 ], [ 79.969463499719041, 13.046781726231403 ], [ 79.969643755663952, 13.047947785433514 ], [ 79.969736092593692, 13.048453835650939 ], [ 79.969736101576842, 13.048453873281126 ], [ 79.969869999961503, 13.049009782335553 ], [ 79.9703126690723, 13.049362171240439 ], [ 79.970685029740693, 13.049589589567086 ], [ 79.971391270844023, 13.050020941013848 ], [ 79.971414698008331, 13.050035249139922 ], [ 79.971659476346815, 13.050041224423131 ], [ 79.971660968448532, 13.050041260302853 ], [ 79.971958700676396, 13.050048561384671 ], [ 79.97273828742604, 13.050018019005655 ], [ 79.973821074448708, 13.049975632817668 ], [ 79.975383799886629, 13.049875588783612 ], [ 79.976688321664142, 13.049748557891553 ], [ 79.977029523368586, 13.049798196201197 ], [ 79.97772580574869, 13.050444155780021 ], [ 79.978357476801961, 13.050498180016747 ], [ 79.979127587223701, 13.051112598771336 ], [ 79.980229643109169, 13.051898485618477 ], [ 79.980229671855284, 13.051898504870858 ], [ 79.98043462158904, 13.051993282562623 ], [ 79.980473939950699, 13.052011466426629 ], [ 79.980473983968167, 13.05201148217858 ], [ 79.981248471880249, 13.052223554817651 ], [ 79.981741881431518, 13.052286622893844 ], [ 79.982101563278007, 13.05225473137661 ], [ 79.982714523322244, 13.052200380233785 ], [ 79.983751618436287, 13.051960436264833 ], [ 79.984189933412893, 13.052823443418182 ], [ 79.984189945090975, 13.052823473171751 ], [ 79.984223989443606, 13.052949342095014 ], [ 79.984273058119399, 13.053130724917532 ], [ 79.984864158559503, 13.053130583150706 ], [ 79.985098255929259, 13.053130519268159 ], [ 79.985637622392161, 13.053166451025874 ], [ 79.985739409598708, 13.054029586983011 ], [ 79.985948744009349, 13.054567938644237 ], [ 79.985956028447987, 13.05458667100566 ], [ 79.986233163204702, 13.055299398409778 ], [ 79.98638058392936, 13.05572355886493 ], [ 79.986537872647389, 13.056176106609568 ], [ 79.986537892410325, 13.056176159990255 ], [ 79.986800561596056, 13.056081079370273 ], [ 79.986871677623839, 13.056040447909467 ], [ 79.986871824947514, 13.056040363900509 ], [ 79.987109398797472, 13.055904624617252 ], [ 79.987954500579093, 13.055372900343732 ], [ 79.988985226637766, 13.054724374733111 ], [ 79.989871175713688, 13.054285238732763 ], [ 79.989875817308786, 13.054282938095749 ], [ 79.990837933639327, 13.053806038939634 ], [ 79.991598460833586, 13.053403494608375 ], [ 79.991653739562906, 13.053258869828014 ], [ 79.991454972034944, 13.052822192893368 ], [ 79.991452817874872, 13.052817458576072 ], [ 79.991452700195595, 13.052817201295253 ], [ 79.991293777442053, 13.052468059584221 ], [ 79.9910318296035, 13.051933385803 ], [ 79.990855468753665, 13.051573427368144 ], [ 79.990623233591478, 13.051708269418718 ], [ 79.990623211133581, 13.051708283420437 ], [ 79.990505136572622, 13.051776851685423 ], [ 79.989385215891076, 13.052405550747274 ], [ 79.987739941566758, 13.053319170564061 ], [ 79.987739907430765, 13.053319188066117 ], [ 79.986804223129155, 13.053803200110769 ], [ 79.986089300706908, 13.052786582249121 ], [ 79.985406654752822, 13.052022990719955 ], [ 79.984590452672194, 13.051309315748243 ], [ 79.984590416739593, 13.051309284244264 ], [ 79.984507466306226, 13.051233319415937 ], [ 79.983598908431276, 13.050401283102048 ], [ 79.983142303755514, 13.050067037680019 ], [ 79.982275592999713, 13.049778104422282 ], [ 79.981703944678756, 13.049687885235221 ], [ 79.981703915034359, 13.049687881734766 ], [ 79.981701480599924, 13.049687731214812 ], [ 79.980615985156703, 13.04962048992155 ], [ 79.980103721764237, 13.049476116711412 ], [ 79.980101902675784, 13.049475603893011 ], [ 79.979463265187491, 13.049295610699895 ], [ 79.978873240030779, 13.049160185379865 ], [ 79.978785161115482, 13.04785859734783 ], [ 79.978734045179166, 13.046697133014545 ], [ 79.978643063807212, 13.045773455360171 ], [ 79.978608960165772, 13.04542713037409 ], [ 79.978522929409323, 13.044953443372586 ], [ 79.978522750644586, 13.044952458848284 ], [ 79.978373400338683, 13.044130036640217 ], [ 79.97838097942477, 13.043978351087063 ], [ 79.978380989306231, 13.043978142804647 ], [ 79.978391686444638, 13.043764022273312 ], [ 79.978391725072186, 13.04376402577388 ], [ 79.978601071160924, 13.043785919073088 ], [ 79.978601914679004, 13.043786006586762 ], [ 79.978778932197315, 13.04380452973238 ], [ 79.978778147968072, 13.043795093132362 ], [ 79.978777592809195, 13.043788403586557 ], [ 79.97872339385485, 13.043135598783623 ], [ 79.978322316741739, 13.043117737193187 ], [ 79.978292810677942, 13.042384248685511 ], [ 79.978257046949835, 13.041495187910986 ], [ 79.978256979576187, 13.041061381683253 ], [ 79.978256981372823, 13.041061338801068 ], [ 79.978288961396942, 13.040392452942449 ], [ 79.978228844341501, 13.040076030423581 ], [ 79.977712511580819, 13.039764412954554 ], [ 79.97738515830477, 13.039646941399152 ], [ 79.977280322216131, 13.039628914153139 ], [ 79.9771499874482, 13.039606502396229 ], [ 79.976463186785949, 13.039642839564149 ], [ 79.975246318122274, 13.039769851143205 ], [ 79.975126124435604, 13.039788292325371 ], [ 79.974803770284097, 13.039837725223572 ], [ 79.974524051972622, 13.039402334689024 ], [ 79.974228622126816, 13.038942484586199 ], [ 79.974208728934826, 13.038911520761554 ], [ 79.974208749596087, 13.038911495382076 ], [ 79.974282582129305, 13.03883606759052 ], [ 79.974434503413491, 13.03868086504407 ], [ 79.974577384052694, 13.038405135962726 ], [ 79.975024239312702, 13.03789424919157 ], [ 79.97548052688316, 13.037537113712371 ], [ 79.97590906369787, 13.037130135588576 ], [ 79.976572561163351, 13.036433948900189 ], [ 79.977687648908685, 13.03526288109906 ], [ 79.97832810368881, 13.034584773658437 ], [ 79.978328136028182, 13.034584736901326 ], [ 79.978560861670516, 13.034305850892169 ], [ 79.978931756288375, 13.033861398720827 ], [ 79.979526043052829, 13.033128947859625 ], [ 79.979526063714047, 13.033128925980257 ], [ 79.980208125763212, 13.032504971261192 ], [ 79.980770362434896, 13.032233591933405 ], [ 79.981097595336706, 13.032106942310783 ], [ 79.981913327598463, 13.031699850235931 ], [ 79.982311931649562, 13.031545740689998 ], [ 79.982315806083406, 13.031544242381601 ], [ 79.982802755849463, 13.031355972684134 ], [ 79.983964212833143, 13.030921660330002 ], [ 79.984411270214054, 13.030672959640599 ], [ 79.985125685088136, 13.030482819012564 ], [ 79.986517748588412, 13.030414488145935 ], [ 79.986517785419338, 13.030414486395534 ], [ 79.987376305336355, 13.030341456645127 ], [ 79.987425794423686, 13.0303372470082 ], [ 79.987637933374657, 13.030490847074235 ], [ 79.988458825559391, 13.03142151584083 ], [ 79.989072212303384, 13.032221178412611 ], [ 79.989365028950019, 13.032618234858429 ], [ 79.989708688445091, 13.033084215934878 ], [ 79.989938473901532, 13.033401767616647 ], [ 79.990303731590984, 13.03390650857931 ], [ 79.990602755596242, 13.034269590830677 ], [ 79.990958687874752, 13.034701706762675 ], [ 79.99140143334229, 13.035642937824292 ], [ 79.991743017729107, 13.036369031062145 ], [ 79.99246357258815, 13.03958669596388 ], [ 79.992463581571329, 13.039586731845093 ], [ 79.992756458405083, 13.040409209416771 ], [ 79.993303585413727, 13.041945642105528 ], [ 79.994254838417532, 13.045560817979355 ], [ 79.994254847400668, 13.045560852109469 ], [ 79.994555079639994, 13.046744880788797 ], [ 79.994555110182716, 13.046744876413156 ], [ 79.995430662157517, 13.04610263084102 ], [ 79.996873145399746, 13.045284004403115 ], [ 79.998140696113396, 13.045080055789729 ], [ 79.998140735639268, 13.04508005228921 ], [ 79.998614783801244, 13.04506177340107 ], [ 80.006170558571739, 13.04249124962444 ], [ 80.011287391176168, 13.042498174618402 ], [ 80.011354768415728, 13.042492047753417 ], [ 80.011449406829215, 13.042483443362885 ], [ 80.013214396936519, 13.042322813723757 ], [ 80.013338904333224, 13.042292891741372 ], [ 80.013477184699852, 13.042259659092254 ], [ 80.014385475775214, 13.041898507755443 ], [ 80.016473918673611, 13.041447476754421 ], [ 80.018516216912474, 13.041073253044926 ], [ 80.018516257336671, 13.041073251294643 ], [ 80.019871430621436, 13.041195861905251 ], [ 80.022162634059271, 13.04087141706513 ], [ 80.022557626882929, 13.040744724605334 ], [ 80.023780875381775, 13.040352348368287 ], [ 80.024625274680815, 13.039378999625766 ], [ 80.024929266369597, 13.039028582219073 ], [ 80.025063730692906, 13.038811373359025 ], [ 80.025192200558322, 13.038603848775583 ], [ 80.025197232022236, 13.037632148079021 ], [ 80.025127461670749, 13.037431733176042 ], [ 80.024018600148651, 13.034246472325702 ], [ 80.024069511269047, 13.033771978011409 ], [ 80.02406950767579, 13.033771945630042 ], [ 80.024387679271314, 13.033212685419898 ], [ 80.024406263617934, 13.033180017789041 ], [ 80.024480253356302, 13.032637697029077 ], [ 80.024240977198929, 13.031643288248071 ], [ 80.023092070578087, 13.02703987679763 ], [ 80.023076774065416, 13.02697858681015 ], [ 80.023040036563557, 13.026868367192543 ], [ 80.022785567199776, 13.026105100880105 ], [ 80.022404667146262, 13.024962566614041 ], [ 80.022373094957288, 13.024647506318525 ], [ 80.02233586158539, 13.024275567752559 ], [ 80.022455824405071, 13.023900525143564 ], [ 80.022643375568407, 13.023728382339732 ], [ 80.022820123592126, 13.023566185283984 ], [ 80.023470289160457, 13.023024105155972 ], [ 80.024512175888262, 13.02264941423774 ], [ 80.025088569110508, 13.022152489614513 ], [ 80.026444363131176, 13.020661574105638 ], [ 80.026799827387435, 13.020403947252268 ], [ 80.027348074595224, 13.020006596403965 ], [ 80.027878219851701, 13.019844100211465 ], [ 80.027878245902841, 13.019844095835339 ], [ 80.028652602660927, 13.019821810945006 ], [ 80.029980024291618, 13.02001215580708 ], [ 80.030819375957122, 13.020141795241443 ], [ 80.032150904685324, 13.020347443074691 ], [ 80.03279753628135, 13.020350571109891 ], [ 80.033164959808971, 13.02035235743325 ], [ 80.034852035438433, 13.020258067372946 ], [ 80.036110216723685, 13.020063091907037 ], [ 80.03755789671979, 13.019838735978954 ], [ 80.040212305196661, 13.01939487662527 ], [ 80.041900182123314, 13.019112610023459 ], [ 80.042720672761135, 13.019040577322034 ], [ 80.043036813265786, 13.019062827273656 ], [ 80.043107850241839, 13.019067822178364 ], [ 80.043518032678662, 13.019208073319446 ], [ 80.043757627738003, 13.019470298961627 ], [ 80.043960309225639, 13.019854517972515 ], [ 80.043983199197427, 13.020292934385607 ], [ 80.043840143386717, 13.020771962776546 ], [ 80.043429668099108, 13.021445243594604 ], [ 80.042571477863802, 13.023817741035788 ], [ 80.042326835170897, 13.024775812141819 ], [ 80.041998844989308, 13.026786919627304 ], [ 80.041793120907755, 13.027530981200453 ], [ 80.041772682438435, 13.027604894850633 ], [ 80.041505050959103, 13.028382165728214 ], [ 80.041497981217802, 13.028526740289371 ], [ 80.041486480087201, 13.028761805924901 ], [ 80.041808896222477, 13.029457926673366 ], [ 80.042011633405679, 13.029697542395537 ], [ 80.042011672033254, 13.029697553772968 ], [ 80.042072326281215, 13.029724440380981 ], [ 80.042154505960042, 13.029760867393655 ], [ 80.042237486037791, 13.029738297209551 ], [ 80.042518693756023, 13.029661552966948 ], [ 80.042518721603784, 13.029661540714333 ], [ 80.043007417694767, 13.029381514915212 ], [ 80.043436174596707, 13.029083376767124 ], [ 80.043436196156279, 13.029083360138548 ], [ 80.044293850995714, 13.028288204295846 ], [ 80.045027005624931, 13.027628581976751 ], [ 80.045331293757755, 13.02737110765178 ], [ 80.04533131172407, 13.027371072643986 ], [ 80.045515805920473, 13.027014094395648 ], [ 80.045769572801731, 13.02632267009435 ], [ 80.045898745149699, 13.026024422364323 ], [ 80.045958765187095, 13.025744220912888 ], [ 80.045871289041344, 13.025423293383852 ], [ 80.045828550793402, 13.025310913950308 ], [ 80.045627207795505, 13.02478144057905 ], [ 80.045558144418152, 13.024555438287662 ], [ 80.045558137231637, 13.024555405029874 ], [ 80.045525955086546, 13.024315878854386 ], [ 80.045549080416933, 13.024080873764175 ], [ 80.045604466944084, 13.024002499883723 ], [ 80.045715107047741, 13.023845913086593 ], [ 80.046051682428498, 13.02356581157003 ], [ 80.046591117163345, 13.023181817117091 ], [ 80.047324084044718, 13.022897343172229 ], [ 80.04732412357059, 13.022897329168844 ], [ 80.047486439260922, 13.022858515321913 ], [ 80.047720563580185, 13.022802538581177 ], [ 80.048513422938143, 13.022689802622809 ], [ 80.04941226912662, 13.02264940811124 ], [ 80.050375640403601, 13.022654233152586 ], [ 80.051065042586927, 13.022659627956537 ], [ 80.051578655248932, 13.022663667932946 ], [ 80.052007361845241, 13.022686383171717 ], [ 80.052156123754614, 13.022715902301407 ], [ 80.052440623798361, 13.022772377056855 ], [ 80.052793012223063, 13.022927394404823 ], [ 80.052975242664957, 13.023007558430493 ], [ 80.053809394881597, 13.023504963578382 ], [ 80.055344059644995, 13.024418374170699 ], [ 80.056182727692573, 13.02525926388903 ], [ 80.056357380845071, 13.02536924091666 ], [ 80.056491503808559, 13.025453696141057 ], [ 80.057217395558737, 13.025828759153462 ], [ 80.057357927103453, 13.025901375389971 ], [ 80.057357951357986, 13.025901386767565 ], [ 80.058399583862524, 13.026281323959015 ], [ 80.059445821131192, 13.026688380307789 ], [ 80.06038138236363, 13.027285227388292 ], [ 80.060708500281095, 13.027741754159159 ], [ 80.06070852543391, 13.027741791792462 ], [ 80.060952510560028, 13.028876276370685 ], [ 80.061062979983802, 13.029441256101119 ], [ 80.061007482065506, 13.030087503386037 ], [ 80.061007476675627, 13.030087542769357 ], [ 80.060813639101951, 13.03095073301032 ], [ 80.060758040572395, 13.031949549347809 ], [ 80.060847764302949, 13.032385395834476 ], [ 80.060932973100918, 13.032799270268859 ], [ 80.061052760749121, 13.033011802220024 ], [ 80.06126930144498, 13.033395958214429 ], [ 80.061711684891463, 13.033893226096819 ], [ 80.06234304333104, 13.034517109928215 ], [ 80.062808545819692, 13.034765811131177 ], [ 80.063324781562315, 13.03490152963737 ], [ 80.06352304513544, 13.034918804583159 ], [ 80.063688935222302, 13.034933260611119 ], [ 80.06407715744372, 13.034865304669891 ], [ 80.064385023566317, 13.03481140041721 ], [ 80.064975120588244, 13.034590102564756 ], [ 80.065274777905785, 13.034463630932223 ], [ 80.065657396436407, 13.034404961291317 ], [ 80.066149700161588, 13.03436856034198 ], [ 80.066814434607195, 13.034319390652616 ], [ 80.067187842711249, 13.034337431412997 ], [ 80.067284617318492, 13.034342099571104 ], [ 80.068395486575227, 13.034532199602399 ], [ 80.068727327834452, 13.034744700309817 ], [ 80.068820030378518, 13.034849474623531 ], [ 80.068939311376866, 13.034984289910502 ], [ 80.069538311601605, 13.036005861748908 ], [ 80.0699945066456, 13.036674869737162 ], [ 80.070165830641628, 13.036870938326969 ], [ 80.070326310175574, 13.037054594358263 ], [ 80.070439070303308, 13.037173397388026 ], [ 80.070450716960934, 13.037185669759644 ], [ 80.070450741215467, 13.037185689888306 ], [ 80.070616667234958, 13.037294210602823 ], [ 80.070824078352601, 13.037380122400288 ], [ 80.070824120573434, 13.037380133777361 ], [ 80.071014968553854, 13.037410110613882 ], [ 80.071054542037047, 13.03741632687095 ], [ 80.071096746685726, 13.037378920806283 ], [ 80.071151404679213, 13.037330499101412 ], [ 80.071198604859177, 13.037278563620246 ], [ 80.071230238133595, 13.037243773387917 ], [ 80.071340424588001, 13.037122623211749 ], [ 80.071594059416924, 13.036706881410485 ], [ 80.071594071993346, 13.0367068577811 ], [ 80.071958361298925, 13.036123935395475 ], [ 80.071958388248362, 13.036123895137933 ], [ 80.072087478849653, 13.035929611292037 ], [ 80.072313456347572, 13.035482233730606 ], [ 80.072765405055208, 13.034632655046011 ], [ 80.072917638054861, 13.034266563615907 ], [ 80.072964571435193, 13.034141974310732 ], [ 80.073028296124818, 13.033972842215723 ], [ 80.073069857579725, 13.033656528760797 ], [ 80.073069861173025, 13.033656487627677 ], [ 80.073074430902849, 13.033504401825189 ], [ 80.073088480553892, 13.033037332822252 ], [ 80.073037852402805, 13.032567257581841 ], [ 80.07305176281497, 13.032246370402657 ], [ 80.073051767306552, 13.032246331019655 ], [ 80.073107196952847, 13.031898337385545 ], [ 80.073181014214668, 13.031487110615778 ], [ 80.073370106887069, 13.031026151827799 ], [ 80.073370120361787, 13.03102612469716 ], [ 80.073669859425991, 13.030470315260045 ], [ 80.073802971784801, 13.03023838965912 ], [ 80.074126380558425, 13.029674957327469 ], [ 80.075883480762599, 13.025779459988769 ], [ 80.077954311291535, 13.020288564412631 ], [ 80.079213340586421, 13.017070862285557 ], [ 80.07964214240414, 13.016420125227556 ], [ 80.079835750907449, 13.016221319342559 ], [ 80.079835774263628, 13.016221303588344 ], [ 80.07997068235467, 13.016145269349462 ], [ 80.080020163357162, 13.016117381749632 ], [ 80.080046135448669, 13.01612304714342 ], [ 80.080310527603103, 13.016180714595501 ], [ 80.080311301052532, 13.01618237841612 ], [ 80.080545702052888, 13.016686629331168 ], [ 80.080955562892854, 13.017568361622979 ], [ 80.081052326720311, 13.017726567185003 ], [ 80.081291930762788, 13.018051991977469 ], [ 80.081291951424021, 13.018052019109509 ], [ 80.081357758408501, 13.018123257391666 ], [ 80.081425579415779, 13.018196680220683 ], [ 80.081614557103805, 13.018359462817426 ], [ 80.081713811061249, 13.018450410235367 ], [ 80.081895658820855, 13.018617089170787 ], [ 80.082089182882484, 13.018906357260249 ], [ 80.082089194560581, 13.018906380891325 ], [ 80.082199766392279, 13.019168538585305 ], [ 80.08233333240031, 13.019710915097262 ], [ 80.082356331966537, 13.019950458853405 ], [ 80.082348484284182, 13.020195171428792 ], [ 80.082342401791408, 13.020384295947963 ], [ 80.082291476297954, 13.021618179179502 ], [ 80.082291475399629, 13.021618209812035 ], [ 80.082259037234735, 13.022490445133069 ], [ 80.082286547241978, 13.023032849381398 ], [ 80.082357603082656, 13.023884320682676 ], [ 80.082378567964753, 13.024135619675935 ], [ 80.082452196580377, 13.02471865518384 ], [ 80.082565880176233, 13.025111136722311 ], [ 80.08270090325162, 13.025577461878008 ], [ 80.082878595404708, 13.026155551742097 ], [ 80.082977336424108, 13.026476877412572 ], [ 80.083295994906521, 13.026999111037128 ], [ 80.083355201070276, 13.027096142270546 ], [ 80.083548717945419, 13.027502932096064 ], [ 80.083679080561126, 13.027822656164961 ], [ 80.083732987563025, 13.027954906587741 ], [ 80.083764787025771, 13.02833657438295 ], [ 80.083774405287485, 13.028452081251558 ], [ 80.083723589388512, 13.029007955607458 ], [ 80.083723582201984, 13.029007987114275 ], [ 80.083594438600116, 13.029446373322784 ], [ 80.083442251414581, 13.029844062602638 ], [ 80.083077969295516, 13.030490303585058 ], [ 80.082686014574094, 13.031199777366977 ], [ 80.082649864570428, 13.031276901836508 ], [ 80.082583135016179, 13.031419237745766 ], [ 80.082508621559995, 13.03157817573867 ], [ 80.08245085809061, 13.031701387926464 ], [ 80.082450841920931, 13.031701435186148 ], [ 80.08241520665193, 13.031848313030697 ], [ 80.08234008593459, 13.032157872422582 ], [ 80.082289325731168, 13.032618895616565 ], [ 80.082349068189131, 13.033513773179676 ], [ 80.082376263786031, 13.033783364002232 ], [ 80.082399639746356, 13.03401541668241 ], [ 80.082657627811116, 13.03500078157521 ], [ 80.082814180808953, 13.035882128355359 ], [ 80.082827950185617, 13.036180421970474 ], [ 80.082431423937734, 13.036691068985121 ], [ 80.082237778603528, 13.036849215947397 ], [ 80.081638442408902, 13.037450171031857 ], [ 80.081638410967869, 13.037450210413994 ], [ 80.081269371371036, 13.037996322311463 ], [ 80.081177322800528, 13.038132537010116 ], [ 80.081177301240928, 13.038132578142498 ], [ 80.080999097946446, 13.038622947286139 ], [ 80.08086363289992, 13.038995713195405 ], [ 80.080891209382514, 13.039569762653175 ], [ 80.081066271268455, 13.040130212702172 ], [ 80.081066288336459, 13.040130255584485 ], [ 80.081245961274746, 13.040500866357442 ], [ 80.081356535801376, 13.040672606306787 ], [ 80.081356565445773, 13.040672626435168 ], [ 80.081504019408115, 13.040817250701526 ], [ 80.081504050849148, 13.040817279581393 ], [ 80.081649236565354, 13.040928038204054 ], [ 80.081794425874833, 13.041038800277681 ], [ 80.081964967438267, 13.041124697647641 ], [ 80.082126298575091, 13.041187994342563 ], [ 80.082126331812759, 13.041188003094037 ], [ 80.082174557868754, 13.041195715755864 ], [ 80.082324489384661, 13.04121971225806 ], [ 80.082462567630344, 13.041201246678522 ], [ 80.082628762246117, 13.04117905910147 ], [ 80.08290997894747, 13.041070640732801 ], [ 80.083223485591731, 13.040907985961189 ], [ 80.083610732242732, 13.040709202361807 ], [ 80.084140900855431, 13.040460722419144 ], [ 80.084435183552614, 13.0403742209659 ], [ 80.084601932428939, 13.040325236251222 ], [ 80.084919974667045, 13.040320754612726 ], [ 80.084920015091242, 13.040320754612726 ], [ 80.085132009413471, 13.040329826408122 ], [ 80.085454665398899, 13.04035700241052 ], [ 80.085454698636568, 13.040357005035979 ], [ 80.085897224915172, 13.040406799257022 ], [ 80.086091880854084, 13.040453007984121 ], [ 80.086183048177361, 13.040474672287475 ], [ 80.086533295018413, 13.040601231863059 ], [ 80.086533338137542, 13.040601247615736 ], [ 80.086865186583296, 13.04075501809116 ], [ 80.087043026958412, 13.040842181897714 ], [ 80.08720630294782, 13.040922258733515 ], [ 80.087370661407135, 13.040996895631549 ], [ 80.087455204553464, 13.041035300566577 ], [ 80.087547934945306, 13.041052052621643 ], [ 80.087630385017036, 13.041066947614787 ], [ 80.087925389061382, 13.041098636665975 ], [ 80.088225013141255, 13.04112581258396 ], [ 80.088244618872309, 13.041126414684564 ], [ 80.088372536273837, 13.041130354592935 ], [ 80.088589199140586, 13.041107791571733 ], [ 80.088749322941666, 13.041048514404263 ], [ 80.088796651580751, 13.041030993095125 ], [ 80.088815503625298, 13.041022175993142 ], [ 80.088999515426408, 13.040936135938626 ], [ 80.089215482997119, 13.040860338577113 ], [ 80.08937290915739, 13.040805107156748 ], [ 80.089852355295889, 13.040628924173015 ], [ 80.089852383143665, 13.040628911920933 ], [ 80.09036871231109, 13.040380456401815 ], [ 80.09136448312546, 13.039729787600221 ], [ 80.091569810151626, 13.039591410406016 ], [ 80.092028368663094, 13.039282417784852 ], [ 80.092493987932784, 13.038975154081852 ], [ 80.093001109368515, 13.038704054897487 ], [ 80.093369982777006, 13.03850579374534 ], [ 80.09357275499454, 13.038396816730867 ], [ 80.094121358833476, 13.038017278827752 ], [ 80.094656178922719, 13.037651243163928 ], [ 80.09512179370077, 13.037321403566724 ], [ 80.095462964862548, 13.037027655161648 ], [ 80.095574144853671, 13.03688118559044 ], [ 80.095610480808617, 13.036833317765325 ], [ 80.095659650095669, 13.036791051840305 ], [ 80.096209808918388, 13.036318163078322 ], [ 80.09620984035945, 13.036318140324086 ], [ 80.096615491693981, 13.036069640218566 ], [ 80.096956629618063, 13.035861786023988 ], [ 80.097882157567099, 13.035484918740529 ], [ 80.097910890181453, 13.035473220393651 ], [ 80.098754504352954, 13.035111759843122 ], [ 80.09919705668274, 13.034940066793743 ], [ 80.099197089022084, 13.034940104425951 ], [ 80.099415924913501, 13.034940097424622 ], [ 80.09950589927405, 13.03494010792666 ], [ 80.099796302147524, 13.034998888587001 ], [ 80.100183429322584, 13.03535601285159 ], [ 80.1003351152482, 13.035614984156911 ], [ 80.100450769747781, 13.035812502859825 ], [ 80.100741046857095, 13.036892720215619 ], [ 80.100921239021645, 13.037284500704637 ], [ 80.101123533335411, 13.037724401156121 ], [ 80.101335479148588, 13.03840687927322 ], [ 80.101506012627183, 13.038786496217737 ], [ 80.101506030593498, 13.038786518971781 ], [ 80.101856334028426, 13.03907129409016 ], [ 80.102159624132966, 13.039186263856161 ], [ 80.102607640914613, 13.039356146769343 ], [ 80.103455815832831, 13.039527982904907 ], [ 80.10411503731757, 13.039622935117729 ], [ 80.104308607193317, 13.039595847424959 ], [ 80.104308652109083, 13.039595836047999 ], [ 80.104486499670699, 13.039547229244782 ], [ 80.104490629226049, 13.039546100298908 ], [ 80.104506891427647, 13.039541655402687 ], [ 80.104806484964797, 13.039446753042375 ], [ 80.105101510568744, 13.039469387977547 ], [ 80.105336640102763, 13.039555282391843 ], [ 80.105756064407245, 13.039758722722249 ], [ 80.106373716352209, 13.040129394437104 ], [ 80.106665137915201, 13.040328703591864 ], [ 80.106770170734862, 13.040400563821782 ], [ 80.107111247573499, 13.04076215316914 ], [ 80.107553730732988, 13.041169008048731 ], [ 80.107803148869934, 13.041400986416305 ], [ 80.107913293103579, 13.041503442277939 ], [ 80.108101138914307, 13.04164300509844 ], [ 80.108217468946989, 13.041729435221347 ], [ 80.108217507574537, 13.041729458850234 ], [ 80.108365015435751, 13.041801783374638 ], [ 80.108551131091261, 13.041788447057009 ], [ 80.108743055253399, 13.04177473967764 ], [ 80.109154636367137, 13.041691330568556 ], [ 80.109434498409058, 13.041634650094526 ], [ 80.110264274931964, 13.041417774327545 ], [ 80.11026432074604, 13.041417761200378 ], [ 80.111094055946424, 13.041137627933178 ], [ 80.111247458552526, 13.04110095842924 ], [ 80.111472077797757, 13.041047309327512 ], [ 80.111904858253865, 13.040982354193444 ], [ 80.11192382887603, 13.040979507341033 ], [ 80.112000866598194, 13.040967278039812 ], [ 80.113887597291097, 13.040667788617789 ], [ 80.114046470637291, 13.040644956883964 ], [ 80.114579043141703, 13.0405684330602 ], [ 80.115206015107731, 13.040396701790057 ], [ 80.115952802569723, 13.040143646250769 ], [ 80.116464464090924, 13.039877036994673 ], [ 80.11646450002354, 13.039877015115904 ], [ 80.116524515569353, 13.039833816800058 ], [ 80.116759584017956, 13.039664653589329 ], [ 80.117040762091776, 13.039375375619539 ], [ 80.117225902176898, 13.039146720059703 ], [ 80.117395720596534, 13.038936985993738 ], [ 80.117750697067578, 13.038308790909021 ], [ 80.118022677291179, 13.037780055965603 ], [ 80.118022699749076, 13.037780008707051 ], [ 80.118211725047786, 13.037337105681685 ], [ 80.118271701966052, 13.036491940684206 ], [ 80.118271701966052, 13.036491914429339 ], [ 80.118251778231354, 13.036316084565609 ], [ 80.118230221359482, 13.036125852004506 ], [ 80.118235236653703, 13.036035918391867 ], [ 80.118244070686231, 13.035877272941027 ], [ 80.118410035333284, 13.035502146386611 ], [ 80.118503669430268, 13.035420690284647 ], [ 80.118778848554641, 13.035181323398946 ], [ 80.119087715400468, 13.034991502169643 ], [ 80.119922093094232, 13.034553102151545 ], [ 80.120788677187591, 13.034096660580296 ], [ 80.120788719408381, 13.034096639576193 ], [ 80.121669144743649, 13.03364473580883 ], [ 80.122226908703539, 13.033369059752717 ], [ 80.122226939246247, 13.033369045749943 ], [ 80.122558806556626, 13.033256085306499 ], [ 80.123051999613907, 13.033242541112003 ], [ 80.123052036444847, 13.033242544612699 ], [ 80.123476116717427, 13.033346505650693 ], [ 80.124315068632626, 13.033595101258856 ], [ 80.125499730896692, 13.033830155080484 ], [ 80.126481576925812, 13.034042595128655 ], [ 80.127002465043347, 13.034069722812015 ], [ 80.127002499179298, 13.034069723687203 ], [ 80.127546357218634, 13.034083310719788 ], [ 80.12790303240385, 13.034189026997263 ], [ 80.127942858313673, 13.034200831300517 ], [ 80.12795955170661, 13.034215057200537 ], [ 80.128436049574333, 13.034621128192008 ], [ 80.12873564490809, 13.034969154755112 ], [ 80.128775857093473, 13.035106091383039 ], [ 80.128832477007535, 13.035299075377482 ], [ 80.128532864605774, 13.035940820400345 ], [ 80.128532848436095, 13.035940857157266 ], [ 80.128094906260358, 13.036971283426109 ], [ 80.127938179887678, 13.037459433717173 ], [ 80.12793817539611, 13.037459460847113 ], [ 80.127878238902028, 13.038313635773758 ], [ 80.128071831235644, 13.039601722318016 ], [ 80.128366843364844, 13.040980211834201 ], [ 80.12872177761507, 13.042304446242486 ], [ 80.129081332799117, 13.043352996377084 ], [ 80.129196574971957, 13.044112279262729 ], [ 80.129198509943095, 13.044122339822323 ], [ 80.129394746018576, 13.045142746756191 ], [ 80.129394754103416, 13.045142791387935 ], [ 80.132529446846945, 13.045052407734774 ], [ 80.132630893591951, 13.044311144140043 ], [ 80.134269262566718, 13.044628129202867 ], [ 80.134359548642664, 13.044645596874034 ], [ 80.134389066384571, 13.044652181380609 ], [ 80.135482110371157, 13.048335688254154 ], [ 80.137413646335503, 13.048448591054814 ], [ 80.140589872686164, 13.048954607867778 ], [ 80.141664125713618, 13.051236915244854 ], [ 80.142341947714627, 13.053573479766886 ], [ 80.144191770225774, 13.053791999688009 ], [ 80.144291976397398, 13.053803837184562 ], [ 80.146292718571232, 13.054038696779841 ], [ 80.146286548941859, 13.054100020317884 ], [ 80.146149931356817, 13.055457847630331 ], [ 80.14569827909321, 13.056976453970064 ], [ 80.146514378765914, 13.058427162765373 ], [ 80.146652748065762, 13.059199994623674 ], [ 80.146805051133953, 13.06114338891631 ], [ 80.148488046615412, 13.064410874251898 ], [ 80.149188781944346, 13.064333977133671 ], [ 80.151609016694636, 13.063425308931597 ], [ 80.15340689771773, 13.062792380700218 ], [ 80.153950702756447, 13.062845254145865 ], [ 80.154056933030361, 13.062855581714068 ], [ 80.153720194156236, 13.061138190968528 ], [ 80.153862751401931, 13.058078439396844 ], [ 80.153443119586626, 13.057057067260443 ], [ 80.152825287080319, 13.05625717433419 ], [ 80.152640800070401, 13.055479830903829 ], [ 80.152838936981041, 13.054652731315166 ], [ 80.152811234734301, 13.054268573334111 ], [ 80.152645249426001, 13.054020015132769 ], [ 80.151635594250621, 13.053355747245215 ], [ 80.150174230217772, 13.053270023019373 ], [ 80.149316793668973, 13.053405691116396 ], [ 80.149436614554816, 13.050859481563906 ], [ 80.149441001926675, 13.050766261136927 ], [ 80.150860864691722, 13.05088363027282 ], [ 80.152912016726034, 13.050288048649964 ], [ 80.152962911676752, 13.050273270602382 ], [ 80.153359274431267, 13.049491344616598 ], [ 80.149514573050126, 13.04887708022868 ], [ 80.14950522967284, 13.047629683593492 ], [ 80.14729233327671, 13.045736190580071 ], [ 80.145987635429378, 13.044285523687082 ], [ 80.145722722252103, 13.039981693615319 ], [ 80.145715286896504, 13.039860899215842 ], [ 80.1468078224366, 13.040258529753803 ], [ 80.147960266623045, 13.040452770818835 ], [ 80.149251019023851, 13.040787100123502 ], [ 80.150993498248468, 13.040841164976639 ], [ 80.152851190899838, 13.040624032970726 ], [ 80.154169599733294, 13.040876982125777 ], [ 80.156612779252569, 13.041098152710038 ], [ 80.157933415009637, 13.041288006010555 ], [ 80.157963454672739, 13.041292324854435 ], [ 80.158779428581269, 13.041680900599163 ], [ 80.159816879428163, 13.043529261433745 ], [ 80.160319537135294, 13.04488054043181 ], [ 80.160375038646805, 13.046177645981381 ], [ 80.160006428444717, 13.047416053668121 ], [ 80.159388888789152, 13.048713248305347 ], [ 80.159075528570284, 13.049513251410568 ], [ 80.159131062421139, 13.05108152970697 ], [ 80.158988313834286, 13.052238553275588 ], [ 80.159394182561115, 13.0536440803762 ], [ 80.15978171757132, 13.055768218437466 ], [ 80.160201634152557, 13.058633556726738 ], [ 80.160838637605366, 13.064287424595825 ], [ 80.162180207701823, 13.064382145905759 ], [ 80.162200803376336, 13.064508898879003 ], [ 80.162489374584965, 13.066284830263065 ], [ 80.162992245192811, 13.068625882321653 ], [ 80.162789587959651, 13.069895904838463 ], [ 80.162370270554703, 13.071328662427733 ], [ 80.163403300792069, 13.07342557925783 ], [ 80.161366670922632, 13.081140735949749 ], [ 80.161282904819018, 13.08121343743526 ], [ 80.160283344910795, 13.082080951833193 ], [ 80.154995275446922, 13.083369692131599 ], [ 80.152468978407683, 13.085724653619089 ], [ 80.150786286556823, 13.087252434278914 ], [ 80.147180854146569, 13.087718283418118 ], [ 80.146097405963872, 13.088188406826413 ], [ 80.146076405149159, 13.088245780972384 ], [ 80.145493553938309, 13.089838087564381 ], [ 80.145406763207106, 13.089922770119292 ], [ 80.144530006591495, 13.09077822739925 ], [ 80.144476873039068, 13.090830986350158 ], [ 80.144170404695075, 13.091135297252462 ], [ 80.144290410633843, 13.092784920637293 ], [ 80.14488531184594, 13.094316999062942 ], [ 80.143322456152276, 13.096671794681756 ], [ 80.143248392752042, 13.096750202377955 ], [ 80.141879394395048, 13.098199497834072 ], [ 80.141871521559892, 13.098201420960748 ], [ 80.140436241009624, 13.098552112220718 ], [ 80.14043438778522, 13.098617252566806 ], [ 80.140196998988202, 13.106962982028989 ], [ 80.140211748426893, 13.107010702390383 ], [ 80.141954162074441, 13.112648444090887 ], [ 80.142078832066218, 13.115120620735945 ], [ 80.143333262885164, 13.117967838128536 ], [ 80.143811622062159, 13.122476543642904 ], [ 80.144080816610099, 13.125013728572917 ], [ 80.147101517635619, 13.128475443062523 ], [ 80.147982470281946, 13.130454919084032 ], [ 80.147092850689759, 13.134658154614618 ], [ 80.145779117587324, 13.139411672999833 ], [ 80.148772034619441, 13.139334652339651 ], [ 80.151004127114888, 13.140369467382248 ], [ 80.15428777400723, 13.142308081573187 ], [ 80.155472978853751, 13.142439040638543 ], [ 80.158101575139213, 13.142054615432917 ], [ 80.161652346861089, 13.140513047250767 ], [ 80.164414111200912, 13.1361332513522 ], [ 80.165862076861302, 13.135748896753057 ], [ 80.167435156281186, 13.139490875379449 ], [ 80.167956496251279, 13.141036489769082 ], [ 80.168219533746253, 13.142197979117849 ], [ 80.169663098560051, 13.142970610171309 ], [ 80.170718837309508, 13.140909531253472 ], [ 80.171507424279966, 13.140913928832314 ], [ 80.175280246963666, 13.138878810678543 ], [ 80.175320864289219, 13.138856901333144 ], [ 80.175325476239891, 13.13885689958356 ], [ 80.175452943585469, 13.138832827732355 ], [ 80.177132974626446, 13.139629802719616 ], [ 80.177442173848945, 13.140687307766479 ], [ 80.177751477275976, 13.142219362417837 ], [ 80.177728463336706, 13.142427264263091 ], [ 80.176488371426345, 13.144488417036182 ], [ 80.175985855653053, 13.145229718632041 ], [ 80.175736963030502, 13.145898656684022 ], [ 80.175626408266822, 13.146508812618698 ], [ 80.175834072709364, 13.147177660580665 ], [ 80.175967845329907, 13.147340337921277 ], [ 80.17630452042367, 13.1474397002844 ], [ 80.177111536332191, 13.147290392981734 ], [ 80.177992470113864, 13.147751202567107 ], [ 80.178144703113489, 13.147968108072641 ], [ 80.178232500856112, 13.148777084890208 ], [ 80.178476998920246, 13.149129555858558 ], [ 80.179961682319544, 13.14780954342948 ], [ 80.18143732507383, 13.147352750892685 ], [ 80.18224895832293, 13.147244103693017 ], [ 80.183374218590529, 13.14726644704986 ], [ 80.184504154589192, 13.147555437393821 ], [ 80.185338971559148, 13.147961997826934 ], [ 80.185910857933663, 13.148092929380846 ], [ 80.186708793671286, 13.148531131789504 ], [ 80.18785733288118, 13.149394081299143 ], [ 80.188770602419837, 13.149954275394146 ], [ 80.191081458301099, 13.151336662044757 ], [ 80.194490254885565, 13.153798897891757 ], [ 80.194591768105937, 13.153984170760099 ], [ 80.194679487695097, 13.154323109826262 ], [ 80.194481255563048, 13.154598852618186 ], [ 80.193812865872502, 13.155765069564792 ], [ 80.193776110404372, 13.155831231308701 ], [ 80.193761114827325, 13.155858223118727 ], [ 80.193139871417856, 13.15697647937858 ], [ 80.192674324911749, 13.157903102353492 ], [ 80.193061857226994, 13.158382068000344 ], [ 80.193135740065884, 13.158716492635383 ], [ 80.193038948390623, 13.158928935202086 ], [ 80.192647183213751, 13.159832941794523 ], [ 80.192402888168857, 13.160334671825556 ], [ 80.192477012654564, 13.161550400279006 ], [ 80.192620107092765, 13.16200231430904 ], [ 80.193907336301066, 13.163746502734845 ], [ 80.193930463428046, 13.163986030697448 ], [ 80.193884449922592, 13.16436568234894 ], [ 80.193432775201089, 13.16545500480386 ], [ 80.193359135805665, 13.166006404671162 ], [ 80.19327288586031, 13.166080635400926 ], [ 80.192944149178686, 13.166363556755108 ], [ 80.192879310578121, 13.166430155611883 ], [ 80.192460020122624, 13.166860830813956 ], [ 80.192451190581693, 13.166866056267581 ], [ 80.191413248356341, 13.167480277210446 ], [ 80.191361642838231, 13.167545217338301 ], [ 80.190827712081116, 13.168217107814703 ], [ 80.190800173327759, 13.168718779563585 ], [ 80.191940010557488, 13.171104786972631 ], [ 80.192483811104623, 13.173147298891312 ], [ 80.192769174429344, 13.173136159006708 ], [ 80.193485662615103, 13.173108188587472 ], [ 80.193637521915605, 13.173102260901457 ], [ 80.194204887967572, 13.173350697036456 ], [ 80.194274141787758, 13.173626372054041 ], [ 80.194311191903338, 13.174218423195656 ], [ 80.194417391634573, 13.17467487176218 ], [ 80.194666578006149, 13.175162920419281 ], [ 80.195054061812385, 13.175370722596867 ], [ 80.195718340812164, 13.175370557284445 ], [ 80.195732064374766, 13.175370553785772 ], [ 80.1961563009542, 13.175022441436072 ], [ 80.196354215980989, 13.174832532104602 ], [ 80.196373021313121, 13.174814486770074 ], [ 80.197038640599317, 13.174675819905987 ], [ 80.197046372398958, 13.174674208761282 ], [ 80.19750624065415, 13.174386142565192 ], [ 80.197544411867213, 13.174362231643961 ], [ 80.198466946629708, 13.174678359077022 ], [ 80.198752982792598, 13.174958496042343 ], [ 80.199145159397872, 13.175446503024469 ], [ 80.199389744598591, 13.175934548393602 ], [ 80.199606657196966, 13.17642260066151 ], [ 80.199496079077079, 13.176838428364315 ], [ 80.198818579571252, 13.178682582394954 ], [ 80.1987127167083, 13.179487088895232 ], [ 80.198818973931679, 13.180115276975567 ], [ 80.199100489772036, 13.180707262563825 ], [ 80.199561870790163, 13.18122688622886 ], [ 80.201827750720113, 13.18137009229965 ], [ 80.201840424152124, 13.181370892602079 ], [ 80.202905630246377, 13.180502844567767 ], [ 80.203938539211208, 13.179630281989919 ], [ 80.205787561323433, 13.177889726343748 ], [ 80.207234150764791, 13.176824818597392 ], [ 80.207249329598142, 13.176813644768266 ], [ 80.209199309771932, 13.175968134725222 ], [ 80.209241529691937, 13.175949827949037 ], [ 80.209246175778603, 13.175945291926769 ], [ 80.209490592994356, 13.175841268650563 ], [ 80.210643480948534, 13.175285009402408 ], [ 80.211768955015188, 13.174744132606637 ], [ 80.211800976361815, 13.174728743641992 ], [ 80.214167631096956, 13.172964682040892 ], [ 80.214184910191463, 13.172951802414314 ], [ 80.215897154818521, 13.172272023071232 ], [ 80.215928090101954, 13.172259741689343 ], [ 80.21744085393874, 13.174255384250852 ], [ 80.218266974318425, 13.176029121732924 ], [ 80.219547741944865, 13.178931719587689 ], [ 80.221485361300296, 13.180623101993266 ], [ 80.222095980334885, 13.182198361052047 ], [ 80.223958199596964, 13.184264257389668 ], [ 80.223949935994668, 13.184308804403035 ], [ 80.223751091211597, 13.185380653023111 ], [ 80.222935602393321, 13.187658794927961 ], [ 80.222443018393776, 13.19005431714521 ], [ 80.222157358624997, 13.19084985731039 ], [ 80.222754344826839, 13.19580751899578 ], [ 80.222672049265356, 13.197646985607101 ], [ 80.222266421287017, 13.198365740347374 ], [ 80.222386744331132, 13.199359983306611 ], [ 80.222751305826236, 13.199762080427213 ], [ 80.227055893428869, 13.198100503432608 ], [ 80.2304174862401, 13.196993575619596 ], [ 80.231823921886601, 13.19651066415882 ], [ 80.233503484905327, 13.196347717752239 ], [ 80.23454867922996, 13.196325645625391 ], [ 80.235410172570582, 13.19666522486164 ], [ 80.235886656065261, 13.197710208779938 ], [ 80.23624193257362, 13.199166375894443 ], [ 80.236398119957144, 13.201974169045831 ], [ 80.235893947690428, 13.203861986015466 ], [ 80.236779578762736, 13.203802867904164 ], [ 80.237448319694522, 13.20353593760742 ], [ 80.238084727564299, 13.203178630780164 ], [ 80.238453581209868, 13.202789796903271 ], [ 80.238725474296913, 13.202193103615818 ], [ 80.238849742741721, 13.201564836707712 ], [ 80.238549001157651, 13.199476941276577 ], [ 80.243811852216581, 13.198918774975024 ], [ 80.248581564117131, 13.198638922585204 ], [ 80.248842242636158, 13.198647037865609 ], [ 80.248881457691581, 13.198648258787157 ], [ 80.248968176557511, 13.200347613021767 ], [ 80.249041314693031, 13.201585990931887 ], [ 80.24901753808409, 13.202824359065071 ], [ 80.248998744430025, 13.203434450949343 ], [ 80.249058093425887, 13.204718078016587 ], [ 80.249666858337733, 13.204813259412481 ], [ 80.249887995712925, 13.205446138271192 ], [ 80.249989122657695, 13.206092452214277 ], [ 80.251612991027159, 13.205804054847219 ], [ 80.252766220341115, 13.205714255881963 ], [ 80.254067003330434, 13.205805314213659 ], [ 80.255344777770347, 13.20585562939554 ], [ 80.256041275746085, 13.205878596210399 ], [ 80.256516607600574, 13.205472015664336 ], [ 80.256982828741471, 13.204839565408776 ], [ 80.257665560933788, 13.20477202985847 ], [ 80.258376021424027, 13.204546424673136 ], [ 80.2594739917716, 13.204339061837082 ], [ 80.260156677251572, 13.204248953611382 ], [ 80.261337730983144, 13.204014516571112 ], [ 80.261974301447992, 13.203892773394935 ], [ 80.263893372389475, 13.203590838616716 ], [ 80.26529579436324, 13.203351982623106 ], [ 80.266559750019141, 13.203293764319845 ], [ 80.267210140166327, 13.203294110649159 ], [ 80.26848323528192, 13.203276541431633 ], [ 80.269147510688455, 13.203236169570587 ], [ 80.269761062722438, 13.203268103589027 ], [ 80.270439103912381, 13.203268382576571 ], [ 80.270872455697017, 13.203842572376876 ], [ 80.271318251843269, 13.204346668805666 ], [ 80.271324275945574, 13.204353480794278 ], [ 80.271318283284316, 13.204374863038383 ], [ 80.270794524151157, 13.206243610943559 ], [ 80.270807184108449, 13.206328360890023 ], [ 80.27165470325653, 13.212001885116388 ], [ 80.272397465367717, 13.216377703434542 ], [ 80.272682741555869, 13.218058348167393 ], [ 80.271735659429922, 13.220053413843875 ], [ 80.270786238090992, 13.221613711236676 ], [ 80.270562868402322, 13.222988898006015 ], [ 80.270485485727121, 13.223465300675572 ], [ 80.270697781883271, 13.224076531144123 ], [ 80.270757470442319, 13.224248380627635 ], [ 80.271129526581859, 13.22531958434992 ], [ 80.273130876915133, 13.227467175597445 ], [ 80.275310270642791, 13.229325812578676 ], [ 80.277728118569357, 13.23043254913706 ], [ 80.280739561557581, 13.23049893202603 ], [ 80.282808049280234, 13.229925855204515 ], [ 80.284288719006852, 13.228424890192352 ], [ 80.28427230858324, 13.228339097672482 ], [ 80.283823410554277, 13.225992244684711 ], [ 80.28380004986532, 13.225428308802069 ], [ 80.283768248605952, 13.224660641196945 ], [ 80.28377297913427, 13.223039758829584 ], [ 80.28389614624453, 13.221303430249424 ], [ 80.284668002991154, 13.219858362413001 ], [ 80.286147083598053, 13.218878378798752 ], [ 80.288155741726158, 13.218536643297874 ], [ 80.290576729264629, 13.218543370937031 ], [ 80.293001719696008, 13.21716074405256 ], [ 80.294779318556635, 13.215023748763187 ], [ 80.296613944268145, 13.213581567288394 ], [ 80.297351818645893, 13.213262480028945 ], [ 80.298742294823015, 13.21266118079777 ], [ 80.300749900125652, 13.212666676378539 ], [ 80.303347486567517, 13.21284742966859 ], [ 80.305824691574784, 13.213838282570569 ], [ 80.310110987681611, 13.216027388854316 ], [ 80.310116049688219, 13.216029973945462 ], [ 80.310207630236505, 13.2160767460751 ], [ 80.310861616339736, 13.216922571220238 ], [ 80.311285898733274, 13.217523774246898 ], [ 80.312673847949512, 13.219544421988447 ], [ 80.313697538402906, 13.221203316081784 ], [ 80.314794969761309, 13.22290300912727 ], [ 80.315228476056177, 13.223436413423551 ], [ 80.315998618817233, 13.224403755410169 ], [ 80.316773334901413, 13.225343993990116 ], [ 80.317465097857337, 13.226446972597373 ], [ 80.317575660705856, 13.227030013598375 ], [ 80.317593927947172, 13.227698887955333 ], [ 80.317662773033931, 13.228968881068131 ], [ 80.317675376397332, 13.229567898813769 ], [ 80.317676466952122, 13.229619736801888 ], [ 80.317687368906391, 13.229623726155189 ], [ 80.318331505880877, 13.229859428435772 ], [ 80.318926507704234, 13.230053939311507 ], [ 80.319590820840006, 13.230261979868486 ], [ 80.320135129833588, 13.230533259402019 ], [ 80.320794771729894, 13.230759425576196 ], [ 80.321394377419097, 13.231021699268046 ], [ 80.323068909872219, 13.231537295627533 ], [ 80.324462022604735, 13.232107057932254 ], [ 80.325057075632088, 13.232355733994863 ], [ 80.32620570018193, 13.232988734651707 ], [ 80.327331166163731, 13.233721184263054 ], [ 80.328359795554533, 13.234412887205607 ], [ 80.328927166098097, 13.234760928015982 ], [ 80.329540639978674, 13.235045791574416 ], [ 80.330126549953079, 13.235095658250037 ], [ 80.330758580332457, 13.235208757609435 ], [ 80.331362921939828, 13.23538516739095 ], [ 80.331881925391869, 13.235440511575504 ] ] ], [ [ [ 79.847810147700471, 13.324316106693033 ], [ 79.847651065046819, 13.324351322913742 ], [ 79.847515977292701, 13.324482479623573 ], [ 79.847404429890631, 13.324805410388526 ], [ 79.847267753016766, 13.325271976968374 ], [ 79.846898477163037, 13.325809361035173 ], [ 79.846233948431589, 13.326740714948562 ], [ 79.8456676612563, 13.327576679365761 ], [ 79.845497772768056, 13.327312365740868 ], [ 79.845076692868531, 13.326528811243151 ], [ 79.844323348603268, 13.325567049933182 ], [ 79.843677181436277, 13.325204732743723 ], [ 79.843238197214774, 13.324975129157135 ], [ 79.842909685112019, 13.32465019510712 ], [ 79.842728717701377, 13.324146246726459 ], [ 79.842647477660378, 13.323235461771876 ], [ 79.84267505773623, 13.322576735273017 ], [ 79.842827624010809, 13.322170369993446 ], [ 79.842954396060321, 13.321951900099178 ], [ 79.843164826415631, 13.321768038200833 ], [ 79.843374833664456, 13.32167316221078 ], [ 79.843731267202884, 13.321633713872272 ], [ 79.844073176779801, 13.321710567670479 ], [ 79.84437272270624, 13.321883063138285 ], [ 79.8445952704364, 13.322089433225365 ], [ 79.844699235159183, 13.322261035925072 ], [ 79.844768305723065, 13.322425636637744 ], [ 79.844781887351843, 13.322507839922496 ], [ 79.844836663024608, 13.322740827021804 ], [ 79.844919541592702, 13.322939716372987 ], [ 79.845114637706132, 13.323043281675121 ], [ 79.845365810252844, 13.323106030808637 ], [ 79.845610678422872, 13.32302500169488 ], [ 79.845785890327448, 13.322902584708755 ], [ 79.845996708754967, 13.322636579761204 ], [ 79.846255935596488, 13.322473473097871 ], [ 79.846423642975211, 13.32246054543619 ], [ 79.846667829323948, 13.322523260629371 ], [ 79.846842035115415, 13.322613040050994 ], [ 79.846882973139543, 13.322818582579856 ], [ 79.846854844193047, 13.322910866299411 ], [ 79.846746056415526, 13.323125506603484 ], [ 79.846577226142699, 13.323375079859488 ], [ 79.846590746686047, 13.323469997140775 ], [ 79.846681099237315, 13.323566239575538 ], [ 79.846799328308506, 13.323676301188202 ], [ 79.84698058407831, 13.323752421811866 ], [ 79.847141145358961, 13.323773686910341 ], [ 79.847260053556482, 13.323740000343122 ], [ 79.847533446830056, 13.323535885187775 ], [ 79.84788419403273, 13.323222597088803 ], [ 79.848185589590315, 13.323004916617482 ], [ 79.848416196106896, 13.322985427700848 ], [ 79.848659778787791, 13.323014234058629 ], [ 79.849026498036224, 13.323015898418074 ], [ 79.849454053890639, 13.323077730587777 ], [ 79.849771424188958, 13.323175002912951 ], [ 79.849917431863659, 13.323319413930189 ], [ 79.850014262166425, 13.323523498673378 ], [ 79.850049915401769, 13.323739285300054 ], [ 79.850036502656238, 13.323990787138545 ], [ 79.849863895865965, 13.324301463205318 ], [ 79.849654671948088, 13.324599993674456 ], [ 79.849348164976519, 13.324790271297607 ], [ 79.849140243615793, 13.324813287190967 ], [ 79.848835208084665, 13.324692112377612 ], [ 79.848518064161823, 13.324546923327386 ], [ 79.8482378194376, 13.324353986398625 ], [ 79.848066965260443, 13.324293315404745 ], [ 79.847810147700471, 13.324316106693033 ] ] ] ] } }
]
}
