{
"type": "FeatureCollection",
"name": "tuticorin_boundary",
"crs": { "type": "name", "properties": { "name": "urn:ogc:def:crs:OGC:1.3:CRS84" } },
"features": [
{ "type": "Feature", "properties": { "dtname": "Tuticorin", "stname": "TAMIL NADU", "stcode11": "33", "dtcode11": "627", "year_stat": "2011_c", "objectid": 696, "test": 0, "dist_lgd": 594, "state_lgd": 33, "remarks": " ", "dist": "Tuticorin", "st_area(shape)": 4887207533.8150349, "st_length(shape)": 528873.61813952716 }, "geometry": { "type": "MultiPolygon", "coordinates": [ [ [ [ 78.28097379535042, 9.284194203165018 ], [ 78.280999666830581, 9.284351567986024 ], [ 78.281002603423261, 9.284369424819037 ], [ 78.2810964620991, 9.284940180745769 ], [ 78.281214344420562, 9.286282802876388 ], [ 78.281121581689362, 9.286560813567013 ], [ 78.280991119360678, 9.286951854436957 ], [ 78.280622215409466, 9.287973384437494 ], [ 78.280595714210264, 9.288443460271841 ], [ 78.280553688326322, 9.289189473132884 ], [ 78.28054433866086, 9.289939872743831 ], [ 78.279695657092802, 9.289942154679872 ], [ 78.279019742215141, 9.289943965866888 ], [ 78.279019712570744, 9.289943965866888 ], [ 78.277179273861051, 9.28990294420772 ], [ 78.276143548677823, 9.289879853564722 ], [ 78.276148283697651, 9.289929902793011 ], [ 78.276293252021574, 9.291462112284622 ], [ 78.276164679748248, 9.291475363236264 ], [ 78.274288953417539, 9.291668685937799 ], [ 78.271132299560307, 9.291993978866184 ], [ 78.271124728559073, 9.292623559350536 ], [ 78.271122956183021, 9.292771594133006 ], [ 78.269147713586833, 9.293164258388655 ], [ 78.268196898960881, 9.293453823892674 ], [ 78.268060344257933, 9.293495408965208 ], [ 78.267249795275376, 9.293742246428545 ], [ 78.265597546431181, 9.294180270285848 ], [ 78.262425292430692, 9.294961236176635 ], [ 78.259935706842199, 9.295448635853194 ], [ 78.259935678096085, 9.29544864117234 ], [ 78.258160758011627, 9.295683113871629 ], [ 78.25816074633353, 9.295683071318745 ], [ 78.258160715790837, 9.29568307486481 ], [ 78.258066469042788, 9.295356925440057 ], [ 78.257951644586541, 9.294959695404296 ], [ 78.25718244685315, 9.295144784845089 ], [ 78.25591608730555, 9.295489616969359 ], [ 78.254447010337685, 9.295889679715296 ], [ 78.254418660405619, 9.295638404967342 ], [ 78.254406207959164, 9.295528045792782 ], [ 78.253423083627368, 9.295679269927335 ], [ 78.253409507388511, 9.29568135767844 ], [ 78.253394331250064, 9.295832834404425 ], [ 78.253394101281387, 9.295835127826798 ], [ 78.253359252936534, 9.296183179101668 ], [ 78.251593374395441, 9.296363345067871 ], [ 78.250266147699151, 9.296595729408821 ], [ 78.248922895956454, 9.29683091232522 ], [ 78.248885772179051, 9.29683091941736 ], [ 78.248876327292123, 9.296830922963425 ], [ 78.247862659342388, 9.296885564234744 ], [ 78.247779561585347, 9.296890043797356 ], [ 78.246746595128343, 9.297002617943885 ], [ 78.246236811086064, 9.297056276929771 ], [ 78.244707362839534, 9.297217252951569 ], [ 78.24450292155224, 9.297239169365382 ], [ 78.243994249624279, 9.297328277365793 ], [ 78.243287890841628, 9.297452032086486 ], [ 78.243211168428161, 9.297476751642767 ], [ 78.243119489963561, 9.297506317768779 ], [ 78.243073898666225, 9.297313790834647 ], [ 78.242959994983167, 9.296832780213599 ], [ 78.241622079233295, 9.297113471328819 ], [ 78.241517206313745, 9.296462519686667 ], [ 78.24139826757353, 9.296477638339292 ], [ 78.241303330919337, 9.296489738402745 ], [ 78.240447563440341, 9.296634516263341 ], [ 78.240179272597587, 9.296679914749808 ], [ 78.237894773286726, 9.29706936987002 ], [ 78.237453425597778, 9.297145089767328 ], [ 78.236839030944012, 9.297250533595474 ], [ 78.236160943940021, 9.297345658365536 ], [ 78.236160939448425, 9.297345629997087 ], [ 78.236160911600678, 9.297345634429675 ], [ 78.236071684638461, 9.296770620393978 ], [ 78.235987623887425, 9.296229068777173 ], [ 78.235567260843467, 9.296246957805808 ], [ 78.234918173253462, 9.296274578130856 ], [ 78.233056784034702, 9.296193727770175 ], [ 78.232957645061617, 9.296338771708241 ], [ 78.232651937590674, 9.296786030696991 ], [ 78.232651909742884, 9.296786053746395 ], [ 78.230994711181452, 9.296766186928684 ], [ 78.230808746442932, 9.296763957341495 ], [ 78.229948644592682, 9.29682747973682 ], [ 78.229948612253338, 9.296827480623318 ], [ 78.229780064051511, 9.296832855567414 ], [ 78.228519602842098, 9.296873067912585 ], [ 78.22775061890772, 9.296911980621527 ], [ 78.227172517089784, 9.296941232968821 ], [ 78.227197766935802, 9.297525648203639 ], [ 78.227213729100072, 9.297895093787067 ], [ 78.226723442991059, 9.297861504697932 ], [ 78.226622083382594, 9.297854562414654 ], [ 78.226403269949074, 9.297849950773962 ], [ 78.225138436639142, 9.297823311056669 ], [ 78.225132434096409, 9.298000557779014 ], [ 78.225129407672227, 9.298090023736554 ], [ 78.224817014040596, 9.298111571306594 ], [ 78.224405801236131, 9.298139935268313 ], [ 78.223714353588903, 9.298220918156257 ], [ 78.223477424729339, 9.298248672188858 ], [ 78.22296156807576, 9.298265735771585 ], [ 78.222376073123016, 9.298285106944046 ], [ 78.22242628355751, 9.298881830018399 ], [ 78.220396630004572, 9.299347968404165 ], [ 78.220409206418523, 9.299629550216091 ], [ 78.220410359855379, 9.299655367116024 ], [ 78.220409783136972, 9.299655425625584 ], [ 78.220354968836645, 9.299660741130179 ], [ 78.220279881357001, 9.299669805678782 ], [ 78.220250613346693, 9.299673051186051 ], [ 78.220205571818354, 9.299678044887861 ], [ 78.22018477042964, 9.299680354242192 ], [ 78.220131264974682, 9.299686294734814 ], [ 78.22005695902935, 9.29969455699271 ], [ 78.219980372261475, 9.299703078997348 ], [ 78.217967266574377, 9.299927082735868 ], [ 78.217966854247635, 9.299927128834256 ], [ 78.217925583846863, 9.299931720944409 ], [ 78.217925545219316, 9.299931725376958 ], [ 78.217912895143499, 9.300534112191045 ], [ 78.217912872685602, 9.300535202593684 ], [ 78.217903046014726, 9.301003140154949 ], [ 78.217619579033567, 9.301054185110942 ], [ 78.216847239891607, 9.301193258199328 ], [ 78.216860943691287, 9.301383129692262 ], [ 78.215814213247484, 9.301491865604875 ], [ 78.21580179134375, 9.301570427562188 ], [ 78.215686971379085, 9.302296581405372 ], [ 78.215633648282108, 9.302383299882697 ], [ 78.215629031839882, 9.30239080766408 ], [ 78.215536849420374, 9.302540726562627 ], [ 78.215273298987356, 9.302850548820592 ], [ 78.215163753031717, 9.302979328929675 ], [ 78.215036344974976, 9.303078813721127 ], [ 78.214959575849107, 9.303096892996994 ], [ 78.214863407604696, 9.303119548383222 ], [ 78.214672096991919, 9.303130547184463 ], [ 78.214626757222874, 9.303133155266387 ], [ 78.214258910588754, 9.303074406930749 ], [ 78.214089708413397, 9.303047383756816 ], [ 78.213756448714364, 9.303366301932762 ], [ 78.213475437727197, 9.303635254114363 ], [ 78.213244150287622, 9.303843977431638 ], [ 78.212979470672295, 9.304082875218221 ], [ 78.211814433003909, 9.305062531292752 ], [ 78.211559784875362, 9.30527666225931 ], [ 78.211505573344596, 9.307098518338158 ], [ 78.211442222354151, 9.30875311442516 ], [ 78.211442109166427, 9.30875530936293 ], [ 78.211419604571901, 9.309196129896673 ], [ 78.211487838804274, 9.311827474770357 ], [ 78.21148841731933, 9.31184979538879 ], [ 78.211488304131592, 9.311869508875548 ], [ 78.211479654253708, 9.313377789431877 ], [ 78.2109380770369, 9.313477372322055 ], [ 78.210857640988067, 9.314586509237628 ], [ 78.210824642274432, 9.315041552909181 ], [ 78.210610772269888, 9.315059690959764 ], [ 78.210636287118874, 9.315186461377728 ], [ 78.210636576376416, 9.315187898344064 ], [ 78.210638071173051, 9.31519530922532 ], [ 78.21064371079639, 9.315210491780274 ], [ 78.210938631297452, 9.316004452408096 ], [ 78.211004249635693, 9.316204257577686 ], [ 78.211207365009642, 9.316822659593107 ], [ 78.211220685228668, 9.317139190361988 ], [ 78.211234786982004, 9.317473620310565 ], [ 78.211023249902269, 9.317504309667209 ], [ 78.210797876970545, 9.317537005087207 ], [ 78.210784342952465, 9.318084014442631 ], [ 78.210738361786298, 9.3186564856265 ], [ 78.210720805112402, 9.318875153141695 ], [ 78.210655667372819, 9.319008927863079 ], [ 78.210652571778368, 9.319015283776636 ], [ 78.210652559201932, 9.319015310370412 ], [ 78.210591577967207, 9.319039553259723 ], [ 78.210591121623054, 9.319039735870366 ], [ 78.210538786672927, 9.319060550820154 ], [ 78.210399481328523, 9.319080783365052 ], [ 78.210133731819724, 9.31911939841121 ], [ 78.210010927628815, 9.319490121607185 ], [ 78.20983347802084, 9.319729757753796 ], [ 78.209578663703965, 9.320010097176118 ], [ 78.209610687745524, 9.320774090922784 ], [ 78.209328508050191, 9.320787718393401 ], [ 78.209337943953926, 9.322338315947194 ], [ 78.208973848684423, 9.32239265183776 ], [ 78.209027758381268, 9.323013079952425 ], [ 78.209092498167152, 9.323757834766106 ], [ 78.209092472116012, 9.323757835652538 ], [ 78.209092475709298, 9.323757871996902 ], [ 78.208823945914645, 9.323766969605414 ], [ 78.208811193430876, 9.324586719627643 ], [ 78.208797044965166, 9.325498399840839 ], [ 78.208806518598152, 9.327211722182911 ], [ 78.208806476377319, 9.327211745230304 ], [ 78.208555690106195, 9.32726929458755 ], [ 78.208445247631929, 9.327294644951433 ], [ 78.208155690971438, 9.327361107430731 ], [ 78.206316938399539, 9.327736694617135 ], [ 78.205424899644299, 9.327895109771834 ], [ 78.205152427143886, 9.327967850767241 ], [ 78.204815054059139, 9.328057949058568 ], [ 78.204400915441795, 9.328261464153915 ], [ 78.204315009551195, 9.328301900696157 ], [ 78.204271293936216, 9.328323230112662 ], [ 78.204270224042702, 9.328323714106562 ], [ 78.204234811555892, 9.328340973895646 ], [ 78.204228087665996, 9.328344251048289 ], [ 78.204220860719531, 9.328347772857073 ], [ 78.203367896882511, 9.328763437350212 ], [ 78.203367837593703, 9.328763462170395 ], [ 78.203029748551714, 9.328892698103612 ], [ 78.202717017153503, 9.32901227540478 ], [ 78.201875066661898, 9.329270078668266 ], [ 78.201875030729283, 9.329270091078357 ], [ 78.201430852448865, 9.329415863230436 ], [ 78.199931718749895, 9.329907862409074 ], [ 78.199507612426146, 9.330033509644178 ], [ 78.199458394630042, 9.33004809321252 ], [ 78.199458368578902, 9.330048099417541 ], [ 78.199103426243852, 9.330106921221956 ], [ 78.199103392107858, 9.330106925654123 ], [ 78.199101984447807, 9.330107062164522 ], [ 78.198498058760421, 9.330165805953087 ], [ 78.1980065060268, 9.330193019384302 ], [ 78.197346541635355, 9.330242868711613 ], [ 78.197252303870485, 9.330254732701574 ], [ 78.196267883269741, 9.330378677865129 ], [ 78.196267867998387, 9.330297499438974 ], [ 78.196267859015222, 9.330243056634965 ], [ 78.196267827574189, 9.330243061067131 ], [ 78.195826380172207, 9.330315464729168 ], [ 78.194856950656941, 9.330496461408545 ], [ 78.193731828729881, 9.33077216413221 ], [ 78.193546185588218, 9.33081765657646 ], [ 78.193546155943807, 9.330817663667888 ], [ 78.193419106314863, 9.33085415264423 ], [ 78.193290222326098, 9.330891168155675 ], [ 78.191152226560021, 9.331505197104612 ], [ 78.190984411383468, 9.33154474772963 ], [ 78.190710750411952, 9.33160924418956 ], [ 78.189017631815602, 9.331745140567181 ], [ 78.189040557719963, 9.332875296822161 ], [ 78.188112092279965, 9.333119568634283 ], [ 78.185704410587448, 9.333517750733858 ], [ 78.185713336248114, 9.333657503190301 ], [ 78.185727219710856, 9.333874854718136 ], [ 78.185727220609138, 9.333874883970054 ], [ 78.183593917642099, 9.334619693595988 ], [ 78.183538064889305, 9.334639193055892 ], [ 78.183559377419442, 9.334811945564933 ], [ 78.183565396131826, 9.334860708368467 ], [ 78.183975302785868, 9.336750309395965 ], [ 78.181376419176729, 9.337089719029811 ], [ 78.180457021331222, 9.337198338339665 ], [ 78.178654637053583, 9.337429126560279 ], [ 78.17871113210181, 9.337818607152688 ], [ 78.178741197816024, 9.33802580933853 ], [ 78.17874119332447, 9.338025850113432 ], [ 78.177876403166735, 9.338071164328838 ], [ 78.176824998788518, 9.338121021393636 ], [ 78.176037600289192, 9.338297424187335 ], [ 78.175258860650843, 9.338554436111524 ], [ 78.174749558105589, 9.338722522394212 ], [ 78.174863406093095, 9.339124847369206 ], [ 78.174921493854313, 9.33910924924313 ], [ 78.175031797089744, 9.33907962459093 ], [ 78.175063398923129, 9.339169473588944 ], [ 78.175131966430456, 9.339364417727012 ], [ 78.175605514230767, 9.340946574628846 ], [ 78.175605517824053, 9.340946612744181 ], [ 78.173756228013843, 9.341562089199176 ], [ 78.173743992061361, 9.3415661613301 ], [ 78.172578804374311, 9.341837535862986 ], [ 78.17176829581598, 9.342107827002831 ], [ 78.171263437236391, 9.342276186354967 ], [ 78.171343273210624, 9.342595692711919 ], [ 78.171409152060306, 9.342859342364154 ], [ 78.171567386704368, 9.342817966155261 ], [ 78.171668554073349, 9.34279150803539 ], [ 78.171668586412679, 9.342791503603376 ], [ 78.171837075325712, 9.343519321437759 ], [ 78.172173008411036, 9.344827056008798 ], [ 78.17241539004435, 9.345770580960673 ], [ 78.17190715379931, 9.345909108827906 ], [ 78.170872413169633, 9.34619116275166 ], [ 78.170917829295462, 9.346752529199335 ], [ 78.170931666045789, 9.34692348165086 ], [ 78.170931661554192, 9.346923511788052 ], [ 78.170543244398374, 9.347046096620979 ], [ 78.170157903074127, 9.347167709929751 ], [ 78.170157898582531, 9.347167739180549 ], [ 78.170067715812863, 9.347789697417847 ], [ 78.16993502925547, 9.348704774714973 ], [ 78.169917693567115, 9.349261365712092 ], [ 78.169894199029201, 9.350015783595712 ], [ 78.1690840228475, 9.350296150956279 ], [ 78.169078038271067, 9.351024097579387 ], [ 78.169075029813186, 9.351390162612757 ], [ 78.16777322723604, 9.351317958334148 ], [ 78.167800563868454, 9.35153043263248 ], [ 78.168133014185429, 9.353361283993468 ], [ 78.168245181425078, 9.354065447323473 ], [ 78.168315197016653, 9.354505006001355 ], [ 78.166708425383689, 9.35454584456758 ], [ 78.166708422688743, 9.35454587913596 ], [ 78.166649304559925, 9.355110938893946 ], [ 78.166680238945034, 9.355756919402779 ], [ 78.166700525599083, 9.356220305858644 ], [ 78.166721321597933, 9.356684189833322 ], [ 78.16674164059134, 9.357148096234562 ], [ 78.166761478087736, 9.357612023289535 ], [ 78.166763340295333, 9.357656087845085 ], [ 78.166154417279984, 9.357728412239403 ], [ 78.16603960989174, 9.357742048014524 ], [ 78.165922985211665, 9.358369199138833 ], [ 78.16580758044374, 9.358989783880817 ], [ 78.165807610986448, 9.358989782108104 ], [ 78.166249096117667, 9.358953579714751 ], [ 78.166316766208013, 9.358748867358955 ], [ 78.166349217847667, 9.358650681895831 ], [ 78.166568310657254, 9.358620485432963 ], [ 78.166972808554988, 9.358564729928291 ], [ 78.167109485428824, 9.359835037430509 ], [ 78.16712516731873, 9.359936702389756 ], [ 78.167323554859351, 9.361222874123802 ], [ 78.167592251740587, 9.362646870947415 ], [ 78.167915578767548, 9.36411606905701 ], [ 78.168038573401319, 9.365060885376131 ], [ 78.168357425021512, 9.367271478609869 ], [ 78.168471315229851, 9.368184651308248 ], [ 78.168562398111447, 9.368632192171646 ], [ 78.168494137827977, 9.368822068588511 ], [ 78.168389450859692, 9.368903451634468 ], [ 78.168242610446711, 9.368931055568094 ], [ 78.168221031116985, 9.368935113197253 ], [ 78.168177077448433, 9.368838478149083 ], [ 78.1680298094374, 9.368514705161584 ], [ 78.166127116580185, 9.368804209873334 ], [ 78.165134806974649, 9.368985127150964 ], [ 78.16365545238159, 9.369364993831642 ], [ 78.161493303612446, 9.369808199019946 ], [ 78.15929473265011, 9.370233311010077 ], [ 78.157150782850323, 9.370712653332552 ], [ 78.156917310707968, 9.370759902574411 ], [ 78.156818088191557, 9.3707799832122 ], [ 78.154938546715897, 9.371160341613209 ], [ 78.15319060393773, 9.371454289929531 ], [ 78.153187104101377, 9.371544763400451 ], [ 78.15317696391844, 9.371806891441102 ], [ 78.152934597556495, 9.371825563648072 ], [ 78.152530581155773, 9.37185666655976 ], [ 78.150495842239977, 9.371929100561132 ], [ 78.148911789898918, 9.37197437756541 ], [ 78.14891174857641, 9.37197437756541 ], [ 78.148533890218445, 9.370961755652401 ], [ 78.14830439042629, 9.370418309972141 ], [ 78.147882885623616, 9.369420247712551 ], [ 78.147699557440419, 9.369467661987821 ], [ 78.147341214982035, 9.369560384597333 ], [ 78.145848184437099, 9.370003468995423 ], [ 78.145252399282782, 9.370242583783488 ], [ 78.144733005063614, 9.37045104296781 ], [ 78.144732964639417, 9.370451053603775 ], [ 78.14471198089268, 9.370453382874803 ], [ 78.143877233093036, 9.370546052041378 ], [ 78.143877228601468, 9.370546011270255 ], [ 78.143877196262096, 9.370546015701901 ], [ 78.143813370062858, 9.369851410265778 ], [ 78.143758779443033, 9.369257628088473 ], [ 78.142834751680539, 9.36940231014467 ], [ 78.14190618742586, 9.369687166200087 ], [ 78.141906173951128, 9.369687130746865 ], [ 78.141755935211435, 9.368936697959334 ], [ 78.140926567421999, 9.369245158291138 ], [ 78.140686230354262, 9.369334548354525 ], [ 78.140576990724114, 9.369587703966605 ], [ 78.139443556685762, 9.369985549184259 ], [ 78.139439039058203, 9.369969093588745 ], [ 78.139388931929957, 9.369786639927369 ], [ 78.138100735236122, 9.370270379057693 ], [ 78.137499844956068, 9.368267702584129 ], [ 78.13741865432236, 9.367955259082038 ], [ 78.136953556973893, 9.366165591233631 ], [ 78.136783595722122, 9.366217169974865 ], [ 78.136298154227447, 9.366364538017976 ], [ 78.13536953787046, 9.367056174994808 ], [ 78.134704971409803, 9.367431411792912 ], [ 78.134321645905004, 9.367633115242292 ], [ 78.134172369261009, 9.367711677361328 ], [ 78.133916141894204, 9.366979224088656 ], [ 78.133498682205257, 9.365785855777398 ], [ 78.133298398321088, 9.365152956814413 ], [ 78.132349457580816, 9.365304123282494 ], [ 78.131482211429102, 9.365442302127702 ], [ 78.129370137448873, 9.365681849931242 ], [ 78.129370093431405, 9.365681852590274 ], [ 78.128696408172289, 9.365731576292786 ], [ 78.128696217729427, 9.365725982598203 ], [ 78.128687308238455, 9.365464849760338 ], [ 78.12793406009294, 9.365471499091388 ], [ 78.127153276787325, 9.365478409006593 ], [ 78.126138205669093, 9.365378929613676 ], [ 78.124945634637243, 9.365184499062913 ], [ 78.124484152109503, 9.365152447167789 ], [ 78.124098987753342, 9.36512570091292 ], [ 78.124064959570362, 9.365029139257663 ], [ 78.123971544662297, 9.364764041284158 ], [ 78.123229187691294, 9.364671432618868 ], [ 78.122992900228823, 9.364641956389823 ], [ 78.122980022879233, 9.364552492438577 ], [ 78.122979233260082, 9.364547010404275 ], [ 78.122979005986323, 9.364545908679343 ], [ 78.122910966688394, 9.36421700507521 ], [ 78.121103871645403, 9.363986388845646 ], [ 78.12069420304492, 9.363927603788062 ], [ 78.120476700253391, 9.363880544180949 ], [ 78.120234503673018, 9.363828173586455 ], [ 78.119318364017019, 9.363660735828001 ], [ 78.118873460796152, 9.363579438415654 ], [ 78.118718988296536, 9.363550126954328 ], [ 78.118468316111446, 9.363502591328213 ], [ 78.117089164096754, 9.363443761871459 ], [ 78.117089126367517, 9.363443735281054 ], [ 78.116911607589302, 9.363312628687058 ], [ 78.116729535250855, 9.363253850606275 ], [ 78.115880812360331, 9.363206542730762 ], [ 78.115755479411902, 9.363199557430876 ], [ 78.115755435394433, 9.363199552999143 ], [ 78.11531390624576, 9.363131720863956 ], [ 78.115313543326394, 9.363131664137734 ], [ 78.114909923981031, 9.363068173318064 ], [ 78.114767615568638, 9.363046159110986 ], [ 78.114626331235726, 9.363024351421434 ], [ 78.114494553773426, 9.363004040771299 ], [ 78.114221458740531, 9.362962120081992 ], [ 78.112761530215508, 9.362738462624746 ], [ 78.11276033006628, 9.362738279150697 ], [ 78.111171750216187, 9.36257545962914 ], [ 78.1109487138025, 9.362553043874922 ], [ 78.110725587557283, 9.362530446417814 ], [ 78.110608498448215, 9.362518582641446 ], [ 78.110502554736854, 9.362507879095116 ], [ 78.110279471610767, 9.362485450927677 ], [ 78.108741339350345, 9.36233118278407 ], [ 78.108629203551772, 9.362325699828373 ], [ 78.108276719007321, 9.362308559608412 ], [ 78.106478784085297, 9.362118525406572 ], [ 78.105063052672236, 9.362057270662399 ], [ 78.104489615805562, 9.362032460843757 ], [ 78.103055779746313, 9.362005215333696 ], [ 78.10302190607355, 9.361987506061245 ], [ 78.102709862784891, 9.361824399010382 ], [ 78.10252751107042, 9.361813365720275 ], [ 78.102409432017922, 9.361806248326165 ], [ 78.101426226837745, 9.361824243012713 ], [ 78.100361087218857, 9.361851268722083 ], [ 78.099544405437868, 9.362058041786723 ], [ 78.09832639232053, 9.362366423136892 ], [ 78.098326350099725, 9.362366431114042 ], [ 78.098239880965423, 9.362199156625927 ], [ 78.096865207052431, 9.362284909152525 ], [ 78.096828936674527, 9.362060317046703 ], [ 78.096828274616172, 9.362056215019761 ], [ 78.096806060177514, 9.361918726181107 ], [ 78.096743014614219, 9.361916442056717 ], [ 78.096305373374108, 9.361900616273928 ], [ 78.095985015279155, 9.361900556888443 ], [ 78.095786455262015, 9.361900535616053 ], [ 78.095777363413035, 9.361502712161142 ], [ 78.094808629193807, 9.36149771225379 ], [ 78.094706302099766, 9.361497183102097 ], [ 78.094680320126812, 9.361497048376727 ], [ 78.093988513153491, 9.36149347460848 ], [ 78.091894651617295, 9.361529399309358 ], [ 78.091198219218541, 9.361511234428137 ], [ 78.090297147903129, 9.361415551029076 ], [ 78.089791711706852, 9.361361878898975 ], [ 78.089305089825856, 9.361308357440338 ], [ 78.089158093106022, 9.361292188611761 ], [ 78.088991593063042, 9.361274510325281 ], [ 78.088405161167486, 9.361212277786121 ], [ 78.087652116939523, 9.361133544904146 ], [ 78.086898923591264, 9.361056083033652 ], [ 78.086898888556945, 9.361056078601917 ], [ 78.086145722158136, 9.360981684380372 ], [ 78.086120464227278, 9.360979061663112 ], [ 78.082645361195091, 9.360868164757568 ], [ 78.081320776444031, 9.36083632518902 ], [ 78.081320753087823, 9.360836259598923 ], [ 78.080861234277279, 9.359538814642157 ], [ 78.080283412733706, 9.357825379217156 ], [ 78.077916335790377, 9.358661345674834 ], [ 78.077321436374916, 9.358857097003114 ], [ 78.076268458148334, 9.359203531619098 ], [ 78.075690476704651, 9.358755923656963 ], [ 78.073883078031102, 9.360645278852914 ], [ 78.073891973149031, 9.36186135095708 ], [ 78.07289397361447, 9.363111185974248 ], [ 78.072893937681854, 9.363111232064275 ], [ 78.072831220003664, 9.363189781910748 ], [ 78.072794725046947, 9.363235489046167 ], [ 78.07256715034444, 9.362941550614703 ], [ 78.071811706716346, 9.362087047583247 ], [ 78.071083411972808, 9.362150226587122 ], [ 78.070907603586861, 9.361911995237826 ], [ 78.070733010621524, 9.36167545399619 ], [ 78.070045154438787, 9.361598977868788 ], [ 78.069959219802087, 9.361589425664066 ], [ 78.069950154902543, 9.361322698611 ], [ 78.069802889586427, 9.361315790385865 ], [ 78.069563208288841, 9.361304575377501 ], [ 78.069540492590264, 9.360968381114521 ], [ 78.06953601808182, 9.360902185637368 ], [ 78.069493612210536, 9.360839007292986 ], [ 78.069399466972129, 9.36069878091387 ], [ 78.069258375776982, 9.360635461602305 ], [ 78.06898485134937, 9.360613815077819 ], [ 78.068971636233243, 9.36061277006705 ], [ 78.068971592215775, 9.36061277006705 ], [ 78.068966736821665, 9.360613107767737 ], [ 78.067662286011085, 9.360705097953646 ], [ 78.067645539617558, 9.360706314030345 ], [ 78.067629078888274, 9.360707421085554 ], [ 78.067596956032034, 9.360711965418714 ], [ 78.06759692189604, 9.360711969850447 ], [ 78.066795821393683, 9.36076607018949 ], [ 78.065575930797408, 9.360937613155517 ], [ 78.065575890373211, 9.360937619359991 ], [ 78.06421483941152, 9.361176958430914 ], [ 78.063533349589221, 9.361216250415632 ], [ 78.06327713479881, 9.361231026788893 ], [ 78.062020799551448, 9.361384482636518 ], [ 78.060946633660592, 9.361567665746088 ], [ 78.06072347327941, 9.361605723886091 ], [ 78.060719753355798, 9.36160668025877 ], [ 78.059599108632113, 9.361894854111114 ], [ 78.059434447440552, 9.361987015909678 ], [ 78.058870688124443, 9.362459742381938 ], [ 78.056958873773851, 9.362549756408146 ], [ 78.056676362600129, 9.361766215419058 ], [ 78.056567643094553, 9.361464706304572 ], [ 78.055893914716307, 9.361713227605831 ], [ 78.05580922334795, 9.361559239206384 ], [ 78.055707369666081, 9.361374099914496 ], [ 78.055320522765385, 9.361102771641683 ], [ 78.055102060573134, 9.360980665074896 ], [ 78.054269178574316, 9.360505804909998 ], [ 78.054075319441068, 9.360620766748262 ], [ 78.053918637085829, 9.360713684057618 ], [ 78.0538495458607, 9.360629770326817 ], [ 78.053713884083095, 9.36046502022503 ], [ 78.053490823414933, 9.360546358251877 ], [ 78.053490805448632, 9.360546314820537 ], [ 78.053478518292167, 9.360515386394168 ], [ 78.053354282186689, 9.360202671786938 ], [ 78.053013111923235, 9.359456728294685 ], [ 78.052917047883383, 9.359259781608513 ], [ 78.052435302057759, 9.358272161403979 ], [ 78.052200942379912, 9.357158428560151 ], [ 78.05212611541171, 9.356802860592644 ], [ 78.05212610732687, 9.356802818047218 ], [ 78.052123376448392, 9.356787289849693 ], [ 78.051851831907683, 9.355250380432734 ], [ 78.051810998986454, 9.35501873538602 ], [ 78.050936779213174, 9.350202462372017 ], [ 78.050903289121081, 9.35003055867211 ], [ 78.050789645949436, 9.349397631915732 ], [ 78.050512303681856, 9.347852323254946 ], [ 78.050294128052187, 9.346653452188441 ], [ 78.050067110305164, 9.345302725579394 ], [ 78.050053268164959, 9.345220364636596 ], [ 78.050053261876741, 9.34522032563531 ], [ 78.050021427379704, 9.345080173621927 ], [ 78.049215800266595, 9.345066423005818 ], [ 78.048452220596999, 9.34504931029992 ], [ 78.047429892887905, 9.345027909222885 ], [ 78.046635027591904, 9.345011549949401 ], [ 78.044905411343876, 9.344974956974811 ], [ 78.044905403259023, 9.344974922405477 ], [ 78.044821486238433, 9.344634876932671 ], [ 78.044664426590813, 9.343998423146768 ], [ 78.044664422099217, 9.343998388577308 ], [ 78.044566002676703, 9.343448909594429 ], [ 78.044323501567447, 9.342095093857322 ], [ 78.044174874405371, 9.341109071871669 ], [ 78.044146327742283, 9.340919721917135 ], [ 78.043982472339508, 9.340888008165264 ], [ 78.043982433711932, 9.340888006392461 ], [ 78.043942244882757, 9.340717329308756 ], [ 78.04391427403975, 9.340598661042112 ], [ 78.043399933742336, 9.34060303722101 ], [ 78.043397841566062, 9.340599711431414 ], [ 78.043217921591079, 9.340313707589267 ], [ 78.042959778117762, 9.339753828789124 ], [ 78.042867678343256, 9.339554110680131 ], [ 78.042562966205637, 9.338622774746035 ], [ 78.042558092845212, 9.338611281560112 ], [ 78.042403757787824, 9.338247506871838 ], [ 78.042262934290605, 9.337207739637282 ], [ 78.040983966888007, 9.337116962944989 ], [ 78.038726468239645, 9.336903932933872 ], [ 78.037788863339983, 9.336731889706806 ], [ 78.036881763430671, 9.336109811557471 ], [ 78.036878753176168, 9.33610774798124 ], [ 78.037220228866786, 9.335705498413853 ], [ 78.037238661398106, 9.334832998906874 ], [ 78.035550186193447, 9.334488926278807 ], [ 78.035616436945645, 9.334049254576492 ], [ 78.035668705420463, 9.333702385399743 ], [ 78.03395279656533, 9.333710920757316 ], [ 78.033930171596595, 9.333249843613901 ], [ 78.033925791411249, 9.332657629990381 ], [ 78.033923384824632, 9.332332684278239 ], [ 78.033921418412447, 9.332065411815194 ], [ 78.033919528357117, 9.331988045415207 ], [ 78.033912409208483, 9.33169471439053 ], [ 78.033903106255394, 9.331627579938804 ], [ 78.033894284799331, 9.331563652568693 ], [ 78.035159628352346, 9.331288198670723 ], [ 78.034754881621282, 9.330139853911206 ], [ 78.035915594799903, 9.329801119176956 ], [ 78.03587967925651, 9.328024405418057 ], [ 78.03580271429793, 9.326681766280148 ], [ 78.035847489026622, 9.326676288081682 ], [ 78.036171347856239, 9.326636665989371 ], [ 78.036164906037314, 9.326413772356123 ], [ 78.036162334160664, 9.326324690387699 ], [ 78.036157865042128, 9.326175537830087 ], [ 78.036301505656056, 9.326136116903061 ], [ 78.036371753911268, 9.326116838578015 ], [ 78.035976542796973, 9.323386219903394 ], [ 78.036015438950457, 9.323386231427257 ], [ 78.036058463761009, 9.32338625713423 ], [ 78.036752300028553, 9.323375443351935 ], [ 78.038056526260334, 9.323355140140087 ], [ 78.039356012980662, 9.323311777744719 ], [ 78.040341332794995, 9.323278894938499 ], [ 78.040339002565148, 9.323125773333686 ], [ 78.040336878947826, 9.32298502206141 ], [ 78.040357409943638, 9.322561901842061 ], [ 78.040396353707848, 9.321759949687307 ], [ 78.040448207160978, 9.320692181595863 ], [ 78.040455850027413, 9.320534882764546 ], [ 78.040464084883638, 9.320259116991169 ], [ 78.04049717612375, 9.319151523686795 ], [ 78.040934137339178, 9.319142563359117 ], [ 78.040936387618984, 9.318596654872838 ], [ 78.040938962190594, 9.317980774437313 ], [ 78.040989238202073, 9.317180620146079 ], [ 78.041908631556026, 9.317049757646092 ], [ 78.041967968873806, 9.316398790819795 ], [ 78.043460819755694, 9.316277112704295 ], [ 78.044603236946926, 9.316092051291925 ], [ 78.045158535031362, 9.315924923013197 ], [ 78.045165394566865, 9.315908750305415 ], [ 78.04519500483525, 9.315839016353767 ], [ 78.045240589844369, 9.315576883410545 ], [ 78.045290737396769, 9.315129329328327 ], [ 78.045368145224828, 9.314889771580084 ], [ 78.045465259395243, 9.31478399532614 ], [ 78.045650407565176, 9.314582391581745 ], [ 78.045915134791215, 9.314462949399557 ], [ 78.046000852035618, 9.314424287742051 ], [ 78.046192088986544, 9.314329397214104 ], [ 78.046451575441225, 9.314067230338575 ], [ 78.046665520005902, 9.313845786927324 ], [ 78.048249346869866, 9.313972742172002 ], [ 78.048264213089496, 9.313283000564191 ], [ 78.048276942217086, 9.31269337613959 ], [ 78.048301046711089, 9.312692352260516 ], [ 78.048595530630919, 9.312679886643318 ], [ 78.04859455506049, 9.312375193382936 ], [ 78.048591330108621, 9.311359838914308 ], [ 78.048941886868477, 9.310930491272783 ], [ 78.049033087429393, 9.310044428705645 ], [ 78.04911998955167, 9.308326525873269 ], [ 78.049129360776689, 9.308076348664954 ], [ 78.049152034254462, 9.307472152221102 ], [ 78.049520436047416, 9.30746656556968 ], [ 78.04973913629324, 9.307463250102128 ], [ 78.049793957780068, 9.306572652323331 ], [ 78.0494979107917, 9.306517617190059 ], [ 78.049478933881318, 9.306514088955662 ], [ 78.049253504355704, 9.306472181861151 ], [ 78.048747245302607, 9.306378042691769 ], [ 78.048237524142408, 9.306346275270721 ], [ 78.046928500907029, 9.306507569700342 ], [ 78.046626376815709, 9.306544789026324 ], [ 78.044951446408916, 9.306937686042483 ], [ 78.04495138981504, 9.307161722380112 ], [ 78.044951282915548, 9.307520858562706 ], [ 78.044450666180722, 9.307538817046449 ], [ 78.043256040701849, 9.307597082382404 ], [ 78.042329835423075, 9.30764221970513 ], [ 78.04069527530514, 9.307741460272309 ], [ 78.040327255296177, 9.307763795335486 ], [ 78.040327413399666, 9.307194156367039 ], [ 78.039770596264063, 9.307269098394691 ], [ 78.039690218605699, 9.307279910902652 ], [ 78.039656459917325, 9.306838236921944 ], [ 78.039617694019583, 9.306330537386975 ], [ 78.039162552699381, 9.30631681893032 ], [ 78.038983435818267, 9.306339362410041 ], [ 78.03883939994563, 9.306357460133647 ], [ 78.037661826287419, 9.306470530328085 ], [ 78.03705527572275, 9.306528753290502 ], [ 78.035052716257113, 9.306822032766453 ], [ 78.033678213922329, 9.30698890743027 ], [ 78.033648951301942, 9.306785033319622 ], [ 78.033628276575698, 9.306640802192227 ], [ 78.033301789275569, 9.306624177830935 ], [ 78.033004756835311, 9.306609018838241 ], [ 78.031011327846173, 9.306689823353821 ], [ 78.030610822061618, 9.30670778985867 ], [ 78.030132633564506, 9.306748366302749 ], [ 78.02938530890998, 9.30681672978154 ], [ 78.029165144410243, 9.306836656309827 ], [ 78.028876949595741, 9.306862715576118 ], [ 78.028249085602639, 9.306920362254697 ], [ 78.028071947710075, 9.30693687224467 ], [ 78.027620632314694, 9.306978155194635 ], [ 78.026764990599858, 9.30705927344224 ], [ 78.026552964836597, 9.307081378061712 ], [ 78.026246103030502, 9.307113323600348 ], [ 78.025218765417065, 9.307224328916854 ], [ 78.024534849245171, 9.307298193853812 ], [ 78.022505030402229, 9.307306608408014 ], [ 78.021671379445493, 9.30732329567755 ], [ 78.02094851771281, 9.307337725058886 ], [ 78.020656994640134, 9.307372246710827 ], [ 78.020643559436749, 9.307373837071854 ], [ 78.020452656659117, 9.307489264110755 ], [ 78.020142858260328, 9.307676561369901 ], [ 78.019942589647513, 9.307726225976523 ], [ 78.019719575691695, 9.307748757841026 ], [ 78.018559016125025, 9.30778455067593 ], [ 78.017585627734306, 9.307801164344159 ], [ 78.016219704310501, 9.307824473653588 ], [ 78.016234016269593, 9.308127522902112 ], [ 78.016246785821366, 9.308398633561513 ], [ 78.016164809161822, 9.308574901563317 ], [ 78.016120497065458, 9.308588160731706 ], [ 78.01587807141469, 9.308660670830495 ], [ 78.015454822982036, 9.30868314058076 ], [ 78.014198727584883, 9.30861037783821 ], [ 78.013939300419025, 9.308596731276353 ], [ 78.012246357892451, 9.308424365597963 ], [ 78.011368775725103, 9.308351854563682 ], [ 78.010598848559695, 9.308288210153094 ], [ 78.010243988869647, 9.307917388194257 ], [ 78.009084035665765, 9.306239801421354 ], [ 78.007851291076094, 9.304516974910504 ], [ 78.007296374775649, 9.303621677391698 ], [ 78.007517254334331, 9.303308222056653 ], [ 78.007847346573698, 9.302839816847163 ], [ 78.008544210163763, 9.301406950942283 ], [ 78.009173523139424, 9.300112873436412 ], [ 78.009240991108825, 9.299974143883528 ], [ 78.00992421198471, 9.298378569223534 ], [ 78.010584685720943, 9.296742298874051 ], [ 78.010643083400936, 9.296573364377466 ], [ 78.010908166359783, 9.295806590807269 ], [ 78.011126921402834, 9.294911606991633 ], [ 78.011168138803029, 9.294201851784402 ], [ 78.011147313159782, 9.293756652433885 ], [ 78.011145510240993, 9.293718115260136 ], [ 78.011142441596022, 9.293701741171004 ], [ 78.011031980257101, 9.293112300047712 ], [ 78.010980002836448, 9.292823626992666 ], [ 78.010958468422459, 9.292703947769121 ], [ 78.010940755441695, 9.292605510562016 ], [ 78.010922938256329, 9.292506503290712 ], [ 78.010827488664134, 9.292162896068859 ], [ 78.008763187989004, 9.280036299579471 ], [ 78.008762360640631, 9.280025331969 ], [ 78.008691250901066, 9.279087166035804 ], [ 78.008688635006948, 9.279052067990348 ], [ 78.008639042613353, 9.277736521313839 ], [ 78.008584054938197, 9.276726243927897 ], [ 78.008566713859949, 9.276407437140408 ], [ 78.008490461265367, 9.275319589037172 ], [ 78.008471641560178, 9.275051119572895 ], [ 78.008444758576971, 9.273789864093009 ], [ 78.008357728893941, 9.273789820650883 ], [ 78.008135343758823, 9.273789711602296 ], [ 78.008076264257554, 9.273473282599435 ], [ 78.005987521321856, 9.273364046828377 ], [ 78.003703113639176, 9.273214039198741 ], [ 78.002506295372655, 9.273154832805698 ], [ 78.002552166045987, 9.2721783731565 ], [ 78.00175580595338, 9.272141915295677 ], [ 78.00147252941504, 9.272075849266107 ], [ 78.0014645874096, 9.272073997204233 ], [ 78.001415896026259, 9.271971467963882 ], [ 78.001155382797236, 9.271422898871656 ], [ 78.000002219958603, 9.27159045356114 ], [ 77.998951944762709, 9.271743055128534 ], [ 77.99810925944918, 9.271684501009601 ], [ 77.997583243748053, 9.271693263071805 ], [ 77.99672587816616, 9.271707505966139 ], [ 77.996243522384461, 9.271725766836438 ], [ 77.996101258887862, 9.271630793810195 ], [ 77.995993143050157, 9.27155858989441 ], [ 77.995774629653923, 9.271310018617985 ], [ 77.994877902591227, 9.270546294591044 ], [ 77.994756830352173, 9.270563246926633 ], [ 77.994586657996322, 9.27058704810729 ], [ 77.994477455197128, 9.270501218981844 ], [ 77.994318088675826, 9.270198355279945 ], [ 77.993653677623712, 9.270175969946015 ], [ 77.993089370335269, 9.270176105593237 ], [ 77.992706689820849, 9.270141386113911 ], [ 77.992593329618529, 9.270131089337587 ], [ 77.992242891436305, 9.270135746558745 ], [ 77.992115513922272, 9.270294017568531 ], [ 77.992068012806683, 9.270472012303332 ], [ 77.992038284858978, 9.27058332978245 ], [ 77.992031972397513, 9.270583082426082 ], [ 77.991696978949932, 9.270569870580989 ], [ 77.991487677776931, 9.270556374142609 ], [ 77.991446670582533, 9.270493082816923 ], [ 77.991360176295416, 9.270271587025015 ], [ 77.991260042887319, 9.270199293284717 ], [ 77.991097970640382, 9.270173013191648 ], [ 77.990759418966007, 9.270118082276197 ], [ 77.990709360346798, 9.270041280227991 ], [ 77.990571431221426, 9.269712764589878 ], [ 77.99054993094343, 9.269661548390696 ], [ 77.990520270369359, 9.269606435645425 ], [ 77.990017247946241, 9.268671647233344 ], [ 77.989939850897983, 9.268630978607069 ], [ 77.989720776953035, 9.268611105760707 ], [ 77.989443795808228, 9.268585944421552 ], [ 77.988674698686154, 9.268468631205598 ], [ 77.988398675145419, 9.268404196692252 ], [ 77.988210519415901, 9.268360249434046 ], [ 77.987709885613128, 9.268220271408861 ], [ 77.987699469647396, 9.268101983710189 ], [ 77.987632292732144, 9.267338712844582 ], [ 77.987568268005219, 9.266348696087491 ], [ 77.987554397118899, 9.265512391718703 ], [ 77.987463028573046, 9.264242121616475 ], [ 77.987376411216729, 9.263790101747276 ], [ 77.987298779708198, 9.262881448163235 ], [ 77.987249488250228, 9.262171894112017 ], [ 77.987175379035904, 9.261104804333856 ], [ 77.987084184763205, 9.260476448425585 ], [ 77.987040104432239, 9.260191408430549 ], [ 77.986979366640924, 9.259798407590091 ], [ 77.986906635442239, 9.259611981107735 ], [ 77.986870029094433, 9.259518116614489 ], [ 77.986687953162772, 9.25933281863848 ], [ 77.98597343857567, 9.259057258248314 ], [ 77.985697772564407, 9.258952016610269 ], [ 77.985677620657654, 9.258944322596875 ], [ 77.985627396748427, 9.258726734800403 ], [ 77.985540978818094, 9.258352130426081 ], [ 77.985445167204844, 9.257475121146259 ], [ 77.985426875709038, 9.257316889578036 ], [ 77.985408828554981, 9.257233018404035 ], [ 77.985353968440577, 9.256977899081006 ], [ 77.984721418834937, 9.25687862197676 ], [ 77.984666630585764, 9.256871380092482 ], [ 77.984516683798518, 9.256851525199805 ], [ 77.984482505596915, 9.256809192798787 ], [ 77.984462013228665, 9.256783759309657 ], [ 77.984352639749574, 9.256218699338026 ], [ 77.984296640571372, 9.255167323687068 ], [ 77.984256599065887, 9.254414940823617 ], [ 77.984188916399134, 9.253982370596557 ], [ 77.984124364361122, 9.253569615018401 ], [ 77.98392016741559, 9.25163587276433 ], [ 77.983905612911357, 9.251498046135197 ], [ 77.983806317631419, 9.251498119725497 ], [ 77.983683774850235, 9.251498211048395 ], [ 77.983113627614131, 9.251666668962409 ], [ 77.982903805418303, 9.251734799356807 ], [ 77.982890667557243, 9.25173906227165 ], [ 77.982344628408455, 9.251761815844757 ], [ 77.981875936002211, 9.251775506290318 ], [ 77.981129663274871, 9.25177571021508 ], [ 77.980489841807014, 9.251788107067782 ], [ 77.980183207274692, 9.251794038618515 ], [ 77.979668987351559, 9.251839392369272 ], [ 77.97893188013505, 9.252083709190403 ], [ 77.978275358087743, 9.252212320861789 ], [ 77.977753381212139, 9.252314539342242 ], [ 77.976628268268215, 9.252429326628866 ], [ 77.975664772125413, 9.252527591574038 ], [ 77.974886667595982, 9.252622724924054 ], [ 77.974043236680757, 9.252669489191819 ], [ 77.973412375009559, 9.252704437374144 ], [ 77.972556882415049, 9.2527679393749 ], [ 77.971384343814037, 9.252704174045896 ], [ 77.971150760280565, 9.252691464246116 ], [ 77.970181360409725, 9.252636372778007 ], [ 77.969012014421239, 9.252569918284101 ], [ 77.96835853317117, 9.252492169028343 ], [ 77.967760586670295, 9.25242099144085 ], [ 77.96683687331813, 9.252339825974387 ], [ 77.965834985875006, 9.25220168398136 ], [ 77.965462561426207, 9.252150315389629 ], [ 77.965124797574333, 9.252099301441842 ], [ 77.964356753277755, 9.251983255034432 ], [ 77.963196303305523, 9.251698734811429 ], [ 77.962563722258864, 9.251512356345462 ], [ 77.962494173791242, 9.251468206596376 ], [ 77.960939413714954, 9.250481238595215 ], [ 77.960661680680246, 9.249739894947563 ], [ 77.960202781707252, 9.249351814779207 ], [ 77.959956262433721, 9.249143338326128 ], [ 77.959697163152953, 9.24902593261668 ], [ 77.959018758145334, 9.248718559589975 ], [ 77.958104085438194, 9.248515318357141 ], [ 77.957511576439714, 9.248553282406553 ], [ 77.956830007565671, 9.248596951077301 ], [ 77.956898605615706, 9.247789110823547 ], [ 77.956957090432283, 9.247100563652678 ], [ 77.956964180834845, 9.246340948034121 ], [ 77.956965995431702, 9.246146686241541 ], [ 77.956936086922639, 9.245953339358479 ], [ 77.956824741641483, 9.245233483789608 ], [ 77.956655904182142, 9.244861613649956 ], [ 77.95642868431419, 9.244361104683902 ], [ 77.955882499638292, 9.24365598020732 ], [ 77.955785580402278, 9.24313711407428 ], [ 77.955709416740902, 9.242729253394307 ], [ 77.955552280736455, 9.24182901294645 ], [ 77.955285729032113, 9.24030171444322 ], [ 77.95521271306751, 9.239252915751885 ], [ 77.955301021951499, 9.239000075413013 ], [ 77.95532640744311, 9.238927398411931 ], [ 77.955578895123409, 9.238674187214468 ], [ 77.95558267343749, 9.238670399392486 ], [ 77.955831368430637, 9.238421018394828 ], [ 77.95596332286101, 9.238163257361794 ], [ 77.955935706852571, 9.236594572825052 ], [ 77.956044479358752, 9.23657880343996 ], [ 77.95752820784891, 9.236363698671765 ], [ 77.957508391912029, 9.236079081591154 ], [ 77.957427846268715, 9.234921611364939 ], [ 77.957318416195761, 9.234017493930885 ], [ 77.957058756366251, 9.232439792928666 ], [ 77.956982104021392, 9.232266882669776 ], [ 77.956908496965312, 9.232100768720583 ], [ 77.956521526995431, 9.231201179425332 ], [ 77.956312472859139, 9.230851008431832 ], [ 77.956143752180793, 9.230568392576073 ], [ 77.955711394831184, 9.230120926022442 ], [ 77.955001570348159, 9.230125588206677 ], [ 77.953044978573899, 9.230026512787612 ], [ 77.952458190945507, 9.230233713978425 ], [ 77.95221232564549, 9.230320522073756 ], [ 77.950287651013269, 9.230424858101715 ], [ 77.947807838196724, 9.230597095385184 ], [ 77.947712741642462, 9.228812303080343 ], [ 77.947707395768205, 9.228711931841788 ], [ 77.9476596530058, 9.227719428306978 ], [ 77.947628621602604, 9.227074343003732 ], [ 77.94760235666034, 9.226528464180886 ], [ 77.9475115306969, 9.224807475764988 ], [ 77.947469946784096, 9.224019487365185 ], [ 77.947270813641822, 9.224006234757121 ], [ 77.946791976561045, 9.223974389835575 ], [ 77.946791973866127, 9.223974352594206 ], [ 77.946705314288963, 9.222821615750712 ], [ 77.946705309797409, 9.222821581169331 ], [ 77.946682936356936, 9.222681789861229 ], [ 77.94662788400305, 9.222337910438259 ], [ 77.946432120441415, 9.221646271251437 ], [ 77.946081603207446, 9.22078286842622 ], [ 77.945919502214394, 9.220551435048522 ], [ 77.945863139218559, 9.220470977813649 ], [ 77.945621947852956, 9.220281145059237 ], [ 77.944924657563121, 9.220018090411447 ], [ 77.944807457062936, 9.219973876419825 ], [ 77.944599881553629, 9.21993869976659 ], [ 77.944527190779127, 9.21992638071046 ], [ 77.94406124991265, 9.219847413892264 ], [ 77.944061223861482, 9.219847412118851 ], [ 77.943886571607308, 9.219832615592296 ], [ 77.943880381316674, 9.219832092433492 ], [ 77.943528893902197, 9.219802325583311 ], [ 77.942468753407852, 9.219856721684804 ], [ 77.942287891100136, 9.220307839423636 ], [ 77.942236767078981, 9.220435372929833 ], [ 77.942236755400899, 9.220435414605126 ], [ 77.940375828814496, 9.220715995604898 ], [ 77.940293949172997, 9.220760628029517 ], [ 77.940093755120344, 9.220869756877514 ], [ 77.940099889715427, 9.220977455433479 ], [ 77.940125692025347, 9.221430314116775 ], [ 77.940125657889354, 9.221430321210404 ], [ 77.938028214770142, 9.221842068134674 ], [ 77.937045393170607, 9.222023006405252 ], [ 77.937045345559895, 9.222023015272281 ], [ 77.93610358415539, 9.222181376195419 ], [ 77.935356256805917, 9.222210152396771 ], [ 77.935043384372236, 9.222222200928508 ], [ 77.934919067418377, 9.222241113433878 ], [ 77.934269881013662, 9.222339889560534 ], [ 77.933734536308322, 9.222447911314529 ], [ 77.933664754278723, 9.22246199304867 ], [ 77.93366471565119, 9.2224620028024 ], [ 77.933318922657278, 9.222552447406008 ], [ 77.933230652400823, 9.222574554684334 ], [ 77.932934670091143, 9.222648685702271 ], [ 77.932108716798069, 9.222855550733465 ], [ 77.932108694340215, 9.222855509945154 ], [ 77.931849250106367, 9.222263329796272 ], [ 77.931139219010859, 9.220604310330533 ], [ 77.930966076824703, 9.218782478262149 ], [ 77.930882561351041, 9.218754826132866 ], [ 77.930570206346957, 9.218651423022267 ], [ 77.930570206346957, 9.218651385780325 ], [ 77.930563681883029, 9.218473775389606 ], [ 77.930541302154381, 9.217864492028832 ], [ 77.930538241594206, 9.217781189599917 ], [ 77.930506278638077, 9.216910944278665 ], [ 77.930051209183119, 9.216373034635142 ], [ 77.929946439569889, 9.215532167332636 ], [ 77.929718909783119, 9.215382994289987 ], [ 77.929200133604866, 9.214596489620025 ], [ 77.928906696222356, 9.214496569227284 ], [ 77.928563122965556, 9.214379545683428 ], [ 77.928235383413906, 9.213434741394639 ], [ 77.927848572445839, 9.212810962873698 ], [ 77.92767063595096, 9.212697182421479 ], [ 77.92712053192551, 9.212345376560547 ], [ 77.926415248426252, 9.212087808402215 ], [ 77.926187721334486, 9.211798513744805 ], [ 77.925773579123884, 9.210966744951097 ], [ 77.925719754766988, 9.210821493771613 ], [ 77.925532371588602, 9.210315747328952 ], [ 77.925454720317134, 9.209940460137123 ], [ 77.925359363251417, 9.20947946687992 ], [ 77.925018742756919, 9.20946181019583 ], [ 77.925011269672069, 9.209461422692236 ], [ 77.924663214720312, 9.209443365202635 ], [ 77.924235447761774, 9.20869298542326 ], [ 77.924108164570868, 9.208686406715511 ], [ 77.923275420912574, 9.208643326329861 ], [ 77.923097104430383, 9.207667538182827 ], [ 77.922874783075642, 9.206450843179303 ], [ 77.922697249924369, 9.205641648980405 ], [ 77.922640341651118, 9.205521806199519 ], [ 77.922583493565, 9.205402050279124 ], [ 77.922142135096237, 9.204909348115281 ], [ 77.921778066776213, 9.204592898017111 ], [ 77.921599722446231, 9.20448124222842 ], [ 77.921359455447046, 9.204330773414423 ], [ 77.920576854849656, 9.204059609094013 ], [ 77.920390300816251, 9.203919487583791 ], [ 77.920272007964712, 9.203639194738734 ], [ 77.920112687257486, 9.203047016958362 ], [ 77.919987590565995, 9.202813572335106 ], [ 77.919962483552112, 9.202766718101243 ], [ 77.91994230469588, 9.202742554977242 ], [ 77.919796408412253, 9.202567839819457 ], [ 77.919786319433314, 9.202555758694222 ], [ 77.919630319797704, 9.202368943690713 ], [ 77.919302703315267, 9.202061564590561 ], [ 77.918829503162954, 9.201862698326794 ], [ 77.918447305043841, 9.20170902987223 ], [ 77.917753555014542, 9.201560302353627 ], [ 77.917414477825716, 9.201487609662273 ], [ 77.916176912876239, 9.201279768214544 ], [ 77.916105100654107, 9.201013659616963 ], [ 77.916058579600488, 9.200841269570017 ], [ 77.91569859142848, 9.200733629609511 ], [ 77.915166795966798, 9.200574619720106 ], [ 77.9137178780922, 9.200387269841494 ], [ 77.913315010636737, 9.200335176315591 ], [ 77.911354037778835, 9.200140937964449 ], [ 77.910232522587663, 9.200096542360242 ], [ 77.910179105167586, 9.200094427439186 ], [ 77.90918833437614, 9.200055204297104 ], [ 77.909020103279616, 9.201628435333181 ], [ 77.908999592945051, 9.201765901032713 ], [ 77.90887912617049, 9.202573280936763 ], [ 77.907596080416511, 9.202614054730697 ], [ 77.905180124341939, 9.202555435916075 ], [ 77.903796978417489, 9.202523869274705 ], [ 77.903592247872652, 9.20272731435794 ], [ 77.902841527586332, 9.202745436923561 ], [ 77.90284150872175, 9.202745464412905 ], [ 77.902454820822868, 9.203256302772381 ], [ 77.902014615790918, 9.203288725063441 ], [ 77.901963440565808, 9.20329249641693 ], [ 77.901824200798472, 9.203552529944401 ], [ 77.901699576620771, 9.203785268226765 ], [ 77.900897859874107, 9.203778907568227 ], [ 77.900566668096843, 9.203776280127602 ], [ 77.900452935991993, 9.204070134809413 ], [ 77.899984305569518, 9.204156050173818 ], [ 77.897996030215168, 9.204210381291555 ], [ 77.896824582168932, 9.204237381911971 ], [ 77.895834859711385, 9.204260188207988 ], [ 77.894335544552732, 9.204291856670503 ], [ 77.893905729435374, 9.204300933431446 ], [ 77.893384554755315, 9.204324309902827 ], [ 77.892090347433893, 9.204382352924384 ], [ 77.891687287738947, 9.204394908397671 ], [ 77.890202165063471, 9.204441160313584 ], [ 77.889288018769093, 9.204477508131045 ], [ 77.888268483922218, 9.204518041396639 ], [ 77.887464936409003, 9.204523104729187 ], [ 77.886830733903267, 9.204527097756561 ], [ 77.885920773758102, 9.205955661365568 ], [ 77.884096280144689, 9.206425823712873 ], [ 77.883984436298576, 9.206452545726648 ], [ 77.88290421486434, 9.20671062964289 ], [ 77.882808665559168, 9.207144622568368 ], [ 77.882661186444025, 9.207467368902865 ], [ 77.882449222664548, 9.207931230727397 ], [ 77.879546396773961, 9.207913125275642 ], [ 77.87822693242002, 9.207881461571235 ], [ 77.87822416471063, 9.207979270734359 ], [ 77.87815864428876, 9.210295540440343 ], [ 77.878176897157019, 9.211050183770531 ], [ 77.878177752353153, 9.211085554616641 ], [ 77.878213207060796, 9.212551393709463 ], [ 77.878213250179925, 9.212551398143079 ], [ 77.87853625201673, 9.212583044581196 ], [ 77.878569831940382, 9.21305808840968 ], [ 77.878613585284597, 9.213677066650339 ], [ 77.878632747247906, 9.214119349871144 ], [ 77.878654520613793, 9.214621903099625 ], [ 77.878673525371937, 9.215486884280725 ], [ 77.878673984411051, 9.215507725764418 ], [ 77.878695443366581, 9.216484451685789 ], [ 77.878693322444164, 9.21656964313002 ], [ 77.87865581778108, 9.21807583422407 ], [ 77.878654469409838, 9.218130002706088 ], [ 77.87865110162582, 9.218158776577569 ], [ 77.878540742694867, 9.219101960618598 ], [ 77.878439815176037, 9.219846510334985 ], [ 77.878381434564034, 9.2202773526061 ], [ 77.878343145671678, 9.220599916692931 ], [ 77.878267707849062, 9.221235787655242 ], [ 77.878211090629975, 9.221406628430316 ], [ 77.878153911065525, 9.22157932411049 ], [ 77.876534091403087, 9.221606419167504 ], [ 77.876523166990921, 9.221345827890113 ], [ 77.876520445095579, 9.221280936077099 ], [ 77.876284723571786, 9.221265175760976 ], [ 77.875978990947971, 9.22124474782229 ], [ 77.875800963723293, 9.222271015744022 ], [ 77.875798342439296, 9.222286133155096 ], [ 77.875797737873128, 9.222289612580255 ], [ 77.875655924432465, 9.223107319988616 ], [ 77.875523399571875, 9.223762543980039 ], [ 77.875446565767291, 9.224142533719851 ], [ 77.875375661741927, 9.224642862141376 ], [ 77.875314599658793, 9.225073806733453 ], [ 77.875189296354762, 9.225403301283871 ], [ 77.875082519905135, 9.225684099120429 ], [ 77.874895950600418, 9.226213021231601 ], [ 77.874881299078126, 9.226346930589541 ], [ 77.874873199867523, 9.226420982785802 ], [ 77.874936893116129, 9.226592765378026 ], [ 77.875021120953775, 9.226702025426064 ], [ 77.87510072156941, 9.226805216918191 ], [ 77.875987978592406, 9.228147882864526 ], [ 77.876206006000061, 9.228299187430904 ], [ 77.87622909090625, 9.228315198365664 ], [ 77.876398846443777, 9.228427908870675 ], [ 77.877189160874565, 9.228952614217565 ], [ 77.877630511258474, 9.229151553008945 ], [ 77.877798896865229, 9.229187648237273 ], [ 77.878094635731486, 9.229251027682645 ], [ 77.879282580439636, 9.229468292324292 ], [ 77.879750881180371, 9.229553934616794 ], [ 77.879869510900178, 9.229571401431935 ], [ 77.879996597360048, 9.229590108718934 ], [ 77.880294272095753, 9.22960224566714 ], [ 77.880883878637547, 9.229626276610558 ], [ 77.881302300422149, 9.229695947007498 ], [ 77.882567437362638, 9.229906579861639 ], [ 77.883759580796436, 9.230069328991899 ], [ 77.885975512599941, 9.230308921593778 ], [ 77.886130224949753, 9.230833332423087 ], [ 77.886141369449163, 9.230918221591027 ], [ 77.886362293923611, 9.232600936002777 ], [ 77.886093839587474, 9.232718487283211 ], [ 77.885170133421866, 9.232840546390994 ], [ 77.883491120172096, 9.232971658426717 ], [ 77.883150108012131, 9.233012301915437 ], [ 77.882581075585307, 9.233080142429515 ], [ 77.882345508571717, 9.233207079017886 ], [ 77.882312607774423, 9.233224810768194 ], [ 77.882184131620804, 9.233312009151057 ], [ 77.881393466847086, 9.233848661375745 ], [ 77.881143203395439, 9.234002364609255 ], [ 77.881052196870641, 9.234418273086177 ], [ 77.881026918278536, 9.235266136426668 ], [ 77.881026245440395, 9.235288716390253 ], [ 77.881026101709949, 9.235293563820401 ], [ 77.880993062572131, 9.236402890293457 ], [ 77.880883821145375, 9.238866642566119 ], [ 77.880719981013954, 9.240973337110175 ], [ 77.880569812342856, 9.242953411421905 ], [ 77.880328621875577, 9.244820521111809 ], [ 77.880246914710611, 9.245067086021761 ], [ 77.880210293091409, 9.245177628638093 ], [ 77.880139609153304, 9.2451796590576 ], [ 77.878321892430392, 9.245231853247704 ], [ 77.876900038100388, 9.245357167328674 ], [ 77.876424388242256, 9.245399086157777 ], [ 77.874598052184226, 9.245429141666092 ], [ 77.874504144101053, 9.245430685315801 ], [ 77.874502425623902, 9.2454307571341 ], [ 77.873525803298136, 9.245471346873089 ], [ 77.872840714824832, 9.245494454622957 ], [ 77.87258842657053, 9.245502963757543 ], [ 77.872411421628613, 9.245509946088852 ], [ 77.871901322277694, 9.245530064955279 ], [ 77.87166015157338, 9.245525536858304 ], [ 77.870727329304245, 9.245480296670944 ], [ 77.869061897683224, 9.245425983435037 ], [ 77.867887905608114, 9.245367163371238 ], [ 77.867302557080777, 9.245390532688381 ], [ 77.865512610876578, 9.245461984784917 ], [ 77.864247580835567, 9.245972761297351 ], [ 77.863364789337894, 9.246316288714212 ], [ 77.86165834872584, 9.247089232377609 ], [ 77.860989421842774, 9.247353837061372 ], [ 77.860115727583974, 9.247699433433901 ], [ 77.860002698859986, 9.247722733438286 ], [ 77.859874553286403, 9.247749146432753 ], [ 77.858473031424523, 9.247753569877659 ], [ 77.856435254406449, 9.247753420922232 ], [ 77.855870207804543, 9.24775337925016 ], [ 77.85585885399766, 9.247693076227053 ], [ 77.855843294278642, 9.24761043696086 ], [ 77.855447199222098, 9.245506536051247 ], [ 77.855447167781051, 9.245506536051247 ], [ 77.854955429994519, 9.24550389828163 ], [ 77.854591730882063, 9.245501946775438 ], [ 77.853306298304361, 9.245458606666075 ], [ 77.852844395365054, 9.245443030079988 ], [ 77.852762506740376, 9.24531644989951 ], [ 77.852808066596666, 9.244597659665112 ], [ 77.851247305774237, 9.244479971371842 ], [ 77.849331616989829, 9.244384856213149 ], [ 77.84779317121739, 9.244314433296603 ], [ 77.84735222417703, 9.244294246088769 ], [ 77.847345899139114, 9.24429369193359 ], [ 77.847264247669671, 9.244286532248497 ], [ 77.847261970440428, 9.244286331865982 ], [ 77.845683236125836, 9.244147888797299 ], [ 77.845545751666535, 9.244135831261882 ], [ 77.845351195440642, 9.244123987408408 ], [ 77.843611866607716, 9.24401808074882 ], [ 77.842784900913358, 9.244000791979692 ], [ 77.841655222731191, 9.243977168988605 ], [ 77.84023154122788, 9.244916940410144 ], [ 77.840189891738063, 9.24494443177753 ], [ 77.839256985027276, 9.245608866423842 ], [ 77.83905364417619, 9.245694090729513 ], [ 77.838760964971797, 9.245816764218672 ], [ 77.838716013274976, 9.245658742860646 ], [ 77.838574486396922, 9.245161226572026 ], [ 77.838560557120104, 9.244630454095867 ], [ 77.838547316851148, 9.244125974388204 ], [ 77.838465516261394, 9.243330347239572 ], [ 77.838465512668108, 9.243330314433512 ], [ 77.837838121188838, 9.243363428176538 ], [ 77.837696499987658, 9.243370904414682 ], [ 77.83675911876847, 9.243465716612883 ], [ 77.836017395109735, 9.243596720069316 ], [ 77.835748921010691, 9.243623808114071 ], [ 77.835163233818463, 9.243657957436618 ], [ 77.835052713190734, 9.243664400721336 ], [ 77.83487979558339, 9.24369602308801 ], [ 77.834739797637923, 9.243699523581416 ], [ 77.834520317654452, 9.24370501460356 ], [ 77.834432511826989, 9.243707210835064 ], [ 77.834160838827202, 9.243714007005529 ], [ 77.833915119952607, 9.243723013593652 ], [ 77.833168868784824, 9.24368222327022 ], [ 77.831512573928578, 9.243483072793703 ], [ 77.831443901318366, 9.243476490301552 ], [ 77.829785202570449, 9.243317498783679 ], [ 77.829528667979815, 9.243292911070677 ], [ 77.828577644046391, 9.243229471198914 ], [ 77.828309187913646, 9.243175190421814 ], [ 77.827112490021349, 9.242894707983002 ], [ 77.82644816610582, 9.242736376758344 ], [ 77.825733774587931, 9.242677492406145 ], [ 77.82545165418135, 9.24267744630024 ], [ 77.824527939032606, 9.242668252601714 ], [ 77.823729377169201, 9.242681682725236 ], [ 77.82372006343634, 9.242681838776047 ], [ 77.822930768593395, 9.242695110188262 ], [ 77.822002479223187, 9.242821532600555 ], [ 77.821729461445429, 9.242807921605364 ], [ 77.819809217304197, 9.24283018987062 ], [ 77.817966308227454, 9.242965477864326 ], [ 77.81587230835072, 9.243192933196841 ], [ 77.81509953711911, 9.243276880423526 ], [ 77.814971749973353, 9.245220763966858 ], [ 77.814052565926858, 9.245279355300495 ], [ 77.812761097568753, 9.245391130287469 ], [ 77.811290446752508, 9.245518405570909 ], [ 77.809083479237202, 9.245703304741861 ], [ 77.809076307087977, 9.245623434887271 ], [ 77.809033542788853, 9.245147242389264 ], [ 77.80826908187197, 9.245178728079233 ], [ 77.808261047340068, 9.245179058798195 ], [ 77.807504608378665, 9.245210216426301 ], [ 77.807428551616823, 9.245896861010289 ], [ 77.807417983835819, 9.245992291405717 ], [ 77.80582530407473, 9.246208933052129 ], [ 77.805826939906893, 9.24642122912817 ], [ 77.805829728277516, 9.246783067925579 ], [ 77.806266166673453, 9.248605018591427 ], [ 77.806397910898085, 9.249599609823564 ], [ 77.806742959188597, 9.251519845709895 ], [ 77.806742811864908, 9.25220157581272 ], [ 77.806742795695229, 9.252273364331435 ], [ 77.806678662272148, 9.252310890867625 ], [ 77.806612238145107, 9.252349759754628 ], [ 77.806604606058428, 9.252354225699811 ], [ 77.806487938259224, 9.252422493388373 ], [ 77.806210355243195, 9.252445035899845 ], [ 77.80611016164795, 9.252829277108205 ], [ 77.805696068844711, 9.2528291875589 ], [ 77.805653651295287, 9.252979560317028 ], [ 77.805600434199548, 9.253168221953944 ], [ 77.805390064031371, 9.253156999929288 ], [ 77.804749507741647, 9.253122827589744 ], [ 77.804658393418961, 9.25362908804 ], [ 77.803629973335632, 9.253705753589179 ], [ 77.803595414248321, 9.253982930942863 ], [ 77.803529668349341, 9.254510422105755 ], [ 77.802633235934024, 9.254460491066611 ], [ 77.802487487872455, 9.255034592080905 ], [ 77.80176395689486, 9.255047988927442 ], [ 77.79988009362431, 9.255039691039546 ], [ 77.799597927403681, 9.255038446223356 ], [ 77.799502269402325, 9.255445288980606 ], [ 77.798300912846997, 9.255553501845279 ], [ 77.798271184000996, 9.255802901734363 ], [ 77.798241638411312, 9.256050765822964 ], [ 77.797249616266654, 9.256095737778754 ], [ 77.796984567443744, 9.256127091269287 ], [ 77.796521693425603, 9.256181845275545 ], [ 77.796448708003737, 9.256190516402778 ], [ 77.796455121076534, 9.256261818240421 ], [ 77.796455565742605, 9.256266767342826 ], [ 77.796652931898734, 9.258461001149128 ], [ 77.796675608071453, 9.258713103141886 ], [ 77.796704639824782, 9.25900561669531 ], [ 77.796708631039621, 9.259045834264313 ], [ 77.796947965587506, 9.261457253947974 ], [ 77.797044229053341, 9.262339071089883 ], [ 77.797046175702548, 9.262356898011994 ], [ 77.797152282907305, 9.263328884591543 ], [ 77.797315690050709, 9.265019678728391 ], [ 77.796928862912964, 9.265123562057445 ], [ 77.796928864709585, 9.265123601067648 ], [ 77.797005849431144, 9.266642545583686 ], [ 77.797119321922878, 9.26784056685935 ], [ 77.796523164866045, 9.26792631595573 ], [ 77.796542332219246, 9.26823602075698 ], [ 77.79658727044135, 9.268962128418204 ], [ 77.796591187095984, 9.269024881862222 ], [ 77.796592637875165, 9.269090672737846 ], [ 77.796592769029218, 9.26909663059412 ], [ 77.796624625984123, 9.270512420061172 ], [ 77.796626935552709, 9.270615120837997 ], [ 77.796663175387934, 9.272225563925019 ], [ 77.796663052318735, 9.272718893612184 ], [ 77.796662979555194, 9.273012171254203 ], [ 77.796012200437488, 9.273125029682614 ], [ 77.795503259913261, 9.273177610702529 ], [ 77.793654863926776, 9.273368563927795 ], [ 77.792030332600675, 9.273546012746527 ], [ 77.79189365123527, 9.273560715697842 ], [ 77.79187710157278, 9.273562469342135 ], [ 77.789577297664451, 9.273806023674936 ], [ 77.787145786362402, 9.274034203771922 ], [ 77.786550985761664, 9.274090023307242 ], [ 77.785744051599821, 9.274169546248389 ], [ 77.783897833129572, 9.274351489584499 ], [ 77.78293520296269, 9.274449881383486 ], [ 77.78103078534015, 9.274644561950515 ], [ 77.780265117087495, 9.274716360954743 ], [ 77.779733798631241, 9.274766209323092 ], [ 77.779706300302095, 9.275498555562873 ], [ 77.779706266166102, 9.275498560882287 ], [ 77.779454319271636, 9.275539119664746 ], [ 77.775837936398048, 9.276121272611793 ], [ 77.774190484557451, 9.276364891660853 ], [ 77.773933498114232, 9.276393552610022 ], [ 77.773571551614921, 9.276433921563619 ], [ 77.773503338043824, 9.27644156820568 ], [ 77.773503338043824, 9.276441528310176 ], [ 77.77350329672133, 9.276441533629566 ], [ 77.773542287197913, 9.274844061810748 ], [ 77.773543142394061, 9.274809047565007 ], [ 77.773544785412696, 9.274741752362972 ], [ 77.773536873051668, 9.274674537825987 ], [ 77.773390469219947, 9.273430694208496 ], [ 77.773313499769785, 9.272173908349853 ], [ 77.773416929994951, 9.270083134052676 ], [ 77.773418831728407, 9.270044679388571 ], [ 77.773439053703768, 9.27002423743566 ], [ 77.774169929307149, 9.269285428091088 ], [ 77.777524522445674, 9.266800039740803 ], [ 77.780460285964466, 9.264743967644003 ], [ 77.781889442699423, 9.263831189408867 ], [ 77.781925233376967, 9.263811573404624 ], [ 77.782326368880561, 9.263591713607489 ], [ 77.783555018949173, 9.263632747209728 ], [ 77.785665672692971, 9.263551556847586 ], [ 77.786471983423993, 9.263520531174764 ], [ 77.7864358729462, 9.263261349579958 ], [ 77.786385693952738, 9.262901176817827 ], [ 77.787505639787156, 9.262759092710894 ], [ 77.787914743347301, 9.262707191040958 ], [ 77.78776090056671, 9.25947482699581 ], [ 77.787638610212099, 9.257368144814849 ], [ 77.789590556798032, 9.257830596868251 ], [ 77.789663421845674, 9.25784785924585 ], [ 77.789654024569501, 9.25775347117899 ], [ 77.789436542439205, 9.255578401678273 ], [ 77.789404891198473, 9.254428383798144 ], [ 77.789395980809189, 9.254104633348895 ], [ 77.789509459589127, 9.253022331172483 ], [ 77.789541966924332, 9.252712284910547 ], [ 77.789554464286553, 9.252583232768176 ], [ 77.789658372415488, 9.251510246165774 ], [ 77.789474737008462, 9.251493519001638 ], [ 77.786994469644384, 9.251267567439942 ], [ 77.786043467270545, 9.251122645844534 ], [ 77.78567036459367, 9.251000484018192 ], [ 77.785441751438711, 9.25093331104369 ], [ 77.785269960318715, 9.250882835104832 ], [ 77.785198653848113, 9.250781573770825 ], [ 77.78517443886129, 9.250747186635545 ], [ 77.785131025978558, 9.250652773610252 ], [ 77.785028913581897, 9.250430695207402 ], [ 77.785012911891769, 9.250367031417467 ], [ 77.785001641628185, 9.250322190837451 ], [ 77.784959902306852, 9.250199984401503 ], [ 77.784919799715922, 9.250082568405073 ], [ 77.78491977096985, 9.250082542692679 ], [ 77.784835277230854, 9.250006427840056 ], [ 77.78477422323256, 9.249951428161342 ], [ 77.784451171988408, 9.249847361248344 ], [ 77.78399407593416, 9.249670859799387 ], [ 77.783513887787265, 9.249485441371574 ], [ 77.783222685413179, 9.249403987071293 ], [ 77.783099864154281, 9.249259289027048 ], [ 77.783084511047761, 9.249228015608162 ], [ 77.782913405342313, 9.248879494835677 ], [ 77.782658827282376, 9.24802500472806 ], [ 77.782513376563159, 9.247455351187723 ], [ 77.782472761932524, 9.247289258588118 ], [ 77.782431566091915, 9.247120794144998 ], [ 77.782313504107393, 9.246257298563661 ], [ 77.782127498944661, 9.244304290040551 ], [ 77.781696288743646, 9.24057908234583 ], [ 77.781446459178312, 9.239069085167348 ], [ 77.780094834238866, 9.23971968393464 ], [ 77.780013513349459, 9.237730580267359 ], [ 77.780013511552824, 9.237730536820779 ], [ 77.778210825441249, 9.237701484360009 ], [ 77.77744262304121, 9.237689097651192 ], [ 77.777460816620646, 9.237498109087456 ], [ 77.777579562223139, 9.23625154398535 ], [ 77.777579517307345, 9.236251543098714 ], [ 77.77611894199535, 9.236223983665896 ], [ 77.775588717687086, 9.236196306304013 ], [ 77.774899495166807, 9.236160327060322 ], [ 77.774799618676923, 9.235414373604078 ], [ 77.774707220661725, 9.235422187832427 ], [ 77.77245618359521, 9.235612568379066 ], [ 77.770267430320629, 9.235892168174132 ], [ 77.770248799261637, 9.236001714394247 ], [ 77.770108555177785, 9.236826305120767 ], [ 77.769909174100462, 9.237998587908047 ], [ 77.76923255943521, 9.241976748175732 ], [ 77.767757553586463, 9.242038771400196 ], [ 77.766138297167714, 9.242106847799285 ], [ 77.766138289981171, 9.242106880605498 ], [ 77.765937750077171, 9.243105864050957 ], [ 77.765323447051586, 9.243150967999181 ], [ 77.764895697161052, 9.243182372295767 ], [ 77.764712552234201, 9.244829186312538 ], [ 77.764687122725149, 9.245057820567263 ], [ 77.76443015155327, 9.247368416092272 ], [ 77.764254368320152, 9.247398033432045 ], [ 77.763733903309159, 9.247485723051057 ], [ 77.763733900614227, 9.247485761176568 ], [ 77.763729623735145, 9.247565151822887 ], [ 77.763665215427594, 9.248760533876858 ], [ 77.761318956940954, 9.248823323733495 ], [ 77.761162467723523, 9.248827510432834 ], [ 77.761138892337229, 9.249139641940271 ], [ 77.761080182043486, 9.249916977993882 ], [ 77.760924610904283, 9.251489461782006 ], [ 77.76093259243558, 9.252486297780061 ], [ 77.760933282341711, 9.252572521422273 ], [ 77.76050097619607, 9.25260853800018 ], [ 77.760500975297774, 9.252608572578636 ], [ 77.760500033863337, 9.252632085935087 ], [ 77.760464253067255, 9.253526233344825 ], [ 77.75999332385598, 9.253701491584788 ], [ 77.75995457682285, 9.253715913420095 ], [ 77.759954533703706, 9.253715927606093 ], [ 77.760167722785241, 9.255673478345932 ], [ 77.760280731746292, 9.25782990442258 ], [ 77.760254216174047, 9.258961943110819 ], [ 77.760253910746869, 9.258974971863962 ], [ 77.760243775953811, 9.259407626382096 ], [ 77.759433780333481, 9.259416386977366 ], [ 77.759328813090832, 9.260275278012006 ], [ 77.759112835638689, 9.260253286586211 ], [ 77.758705408334833, 9.260211781800331 ], [ 77.758632066281777, 9.261717157683089 ], [ 77.758558249918252, 9.264560669040986 ], [ 77.758471063030029, 9.26660400720303 ], [ 77.758044489034191, 9.266600370402474 ], [ 77.757365306085532, 9.266594577409984 ], [ 77.757365262068106, 9.266594575636812 ], [ 77.757369194892405, 9.26748126942444 ], [ 77.757369484149933, 9.267543938020509 ], [ 77.757296575983176, 9.267556427408918 ], [ 77.756632222423193, 9.267670250427443 ], [ 77.755435146340204, 9.267840150162579 ], [ 77.754916538146915, 9.267913755653382 ], [ 77.754307446248291, 9.267996991253426 ], [ 77.753200854768934, 9.268148210418845 ], [ 77.751662743169788, 9.268210945390011 ], [ 77.75166270813547, 9.268210942730228 ], [ 77.7508500984177, 9.268173687414681 ], [ 77.748978337250634, 9.268087878090757 ], [ 77.748901030033934, 9.268074544689188 ], [ 77.748768983975381, 9.268051771780689 ], [ 77.748634493600932, 9.268025963191926 ], [ 77.748627906254953, 9.268024698916797 ], [ 77.74812731377466, 9.267934481437567 ], [ 77.747330198198867, 9.267875702376383 ], [ 77.747271812196999, 9.267871397987603 ], [ 77.747271780755966, 9.267871397100992 ], [ 77.746771155038005, 9.26786709271216 ], [ 77.746106738595998, 9.267822053109128 ], [ 77.745692673640491, 9.267740797221251 ], [ 77.745738025087618, 9.267437921385522 ], [ 77.745683791098983, 9.267361551406944 ], [ 77.745683431772846, 9.26736104516401 ], [ 77.745620621568193, 9.267321192935514 ], [ 77.745405763416855, 9.267184869909025 ], [ 77.745268226855273, 9.267044414429328 ], [ 77.745246482235515, 9.267022210645454 ], [ 77.745246463370904, 9.267022191140461 ], [ 77.745240682712051, 9.267014782786129 ], [ 77.744964235166506, 9.266660609894 ], [ 77.744745684041035, 9.266280932028975 ], [ 77.744694303101724, 9.266175660637451 ], [ 77.744531678390871, 9.265842467259185 ], [ 77.744527077220013, 9.265837927898062 ], [ 77.744330633633666, 9.265444031707009 ], [ 77.744294900448295, 9.265372378867678 ], [ 77.744071726592367, 9.265006292014556 ], [ 77.743939723652943, 9.264784830885123 ], [ 77.743898798205237, 9.264718091430796 ], [ 77.743875951352635, 9.264680834858089 ], [ 77.743720970406514, 9.264442370357111 ], [ 77.74369382960684, 9.264400609839379 ], [ 77.743660679976259, 9.264355573338163 ], [ 77.743520862592163, 9.264165635685227 ], [ 77.743284295753668, 9.264228940563767 ], [ 77.743043118761136, 9.264287797369322 ], [ 77.743002676607034, 9.264294013307062 ], [ 77.742305952255819, 9.264401088602067 ], [ 77.742032909325218, 9.26440111342683 ], [ 77.741785875317035, 9.264374571353471 ], [ 77.741655151578556, 9.264360525872972 ], [ 77.741608605372122, 9.264360545378118 ], [ 77.741600579823384, 9.264360550697697 ], [ 77.741600583416641, 9.264423518634024 ], [ 77.741600585213277, 9.264482643159411 ], [ 77.741181904713869, 9.264365215088157 ], [ 77.740722323919542, 9.264297507389234 ], [ 77.740198931299048, 9.264211810602724 ], [ 77.739666522288019, 9.26409444006983 ], [ 77.739320638564308, 9.264017645570124 ], [ 77.738710861251135, 9.263959055585474 ], [ 77.738510603418078, 9.263900393776598 ], [ 77.738364882305945, 9.263710506413689 ], [ 77.73827831435699, 9.263204225906625 ], [ 77.738241789755833, 9.262955615911858 ], [ 77.738255344435174, 9.262634656360909 ], [ 77.738209786375521, 9.262349819375499 ], [ 77.738118672052877, 9.26190232939067 ], [ 77.738032000797659, 9.261391496220028 ], [ 77.737940919712685, 9.261025372414039 ], [ 77.737836138421301, 9.260722531571753 ], [ 77.73775864076174, 9.260333761331374 ], [ 77.737700991378389, 9.259823307122396 ], [ 77.737690228662956, 9.259728015244464 ], [ 77.738309099621759, 9.259673594269175 ], [ 77.7385548140048, 9.259700650044508 ], [ 77.738946190211152, 9.259659829655941 ], [ 77.73926471664123, 9.259659733902112 ], [ 77.739464931355116, 9.259659625735759 ], [ 77.739640819691132, 9.259626828273211 ], [ 77.739683333360261, 9.25961890109628 ], [ 77.739783362563756, 9.259392837723622 ], [ 77.739856003032585, 9.258570082852156 ], [ 77.73986943913431, 9.257928137713549 ], [ 77.739855594299144, 9.257444377767181 ], [ 77.739709674659323, 9.256449876989508 ], [ 77.739664086955287, 9.256205773330411 ], [ 77.739664093243505, 9.256183770123931 ], [ 77.739664122887916, 9.25607010918192 ], [ 77.73989616581062, 9.256097212225407 ], [ 77.740069078926425, 9.256178476125866 ], [ 77.740126699563675, 9.256147271591804 ], [ 77.740169205147964, 9.256124254090151 ], [ 77.740273829234184, 9.25592532876478 ], [ 77.740287351574167, 9.255427986587101 ], [ 77.740341777802271, 9.255075359809307 ], [ 77.740341734683142, 9.254822249778748 ], [ 77.740459972737469, 9.254537356811225 ], [ 77.740487075807906, 9.254017462281489 ], [ 77.740487076706231, 9.253800524877789 ], [ 77.740501144323559, 9.253662731015391 ], [ 77.740514312727328, 9.253533740398916 ], [ 77.740964845690073, 9.253691862841597 ], [ 77.741237902993731, 9.253773114885215 ], [ 77.741469932441717, 9.253773064347627 ], [ 77.741742933151485, 9.253718739979155 ], [ 77.741854705132411, 9.253640670019225 ], [ 77.741911325046459, 9.253601122120259 ], [ 77.742011347961792, 9.253375063744215 ], [ 77.742070364580997, 9.253049572764597 ], [ 77.742070235223579, 9.252701437028025 ], [ 77.74208383032709, 9.252394067212816 ], [ 77.742051818861952, 9.251910387428879 ], [ 77.742065005232007, 9.251483604703083 ], [ 77.741928675107872, 9.250968880040519 ], [ 77.741983026775799, 9.250164169729407 ], [ 77.74199196411459, 9.249644263415728 ], [ 77.74184173615464, 9.249255513731859 ], [ 77.74179594902462, 9.248572907241913 ], [ 77.742013991703644, 9.24713975939923 ], [ 77.742045704928145, 9.246628973940686 ], [ 77.741872533097549, 9.246041332569654 ], [ 77.74192687757899, 9.245186895862723 ], [ 77.741890244281677, 9.244282696607868 ], [ 77.74167158535839, 9.243500716248377 ], [ 77.741716935008867, 9.242958184267829 ], [ 77.741989742580856, 9.242352389638683 ], [ 77.742144162978221, 9.241312553164953 ], [ 77.742225683293611, 9.240033112720081 ], [ 77.74225717822749, 9.238862280189236 ], [ 77.742359962563967, 9.238335799422106 ], [ 77.742379870128985, 9.238233829581274 ], [ 77.742411082991836, 9.236145219110737 ], [ 77.74210552014965, 9.234016071705529 ], [ 77.741972934203602, 9.232063127422194 ], [ 77.742421266293903, 9.231213733058262 ], [ 77.742454994439555, 9.231149832597042 ], [ 77.743874365826144, 9.230046350572749 ], [ 77.744141790692936, 9.229773534599696 ], [ 77.744224563259863, 9.229689094705483 ], [ 77.744410748983981, 9.22835539195345 ], [ 77.744542257849986, 9.226967512606819 ], [ 77.744751285935138, 9.226022646249444 ], [ 77.744719250215482, 9.225556970957681 ], [ 77.744437081299893, 9.22530841861057 ], [ 77.744132105057574, 9.224969488629776 ], [ 77.743877022144446, 9.224128682594525 ], [ 77.743808603757429, 9.223595277748046 ], [ 77.743752373712255, 9.222879143218961 ], [ 77.743744711082869, 9.222781544784034 ], [ 77.743539893401476, 9.222713807806464 ], [ 77.743553414843106, 9.222388348791675 ], [ 77.743489734170936, 9.222207486078267 ], [ 77.7431484291602, 9.222126231187277 ], [ 77.74310281809997, 9.221705799318018 ], [ 77.742984384212903, 9.221448159957523 ], [ 77.742743005099427, 9.220711348370314 ], [ 77.742679137577682, 9.220191505891957 ], [ 77.742542594552802, 9.219825349891886 ], [ 77.742278562622815, 9.219423138963746 ], [ 77.741978165991796, 9.219319228850175 ], [ 77.741177379001456, 9.219323960340656 ], [ 77.740449363633942, 9.219369407828669 ], [ 77.738533965903699, 9.219677362421287 ], [ 77.737287352224357, 9.220061970994845 ], [ 77.736391029403535, 9.220410378395048 ], [ 77.735581256565396, 9.220758643578147 ], [ 77.734994362935765, 9.220908031592655 ], [ 77.734503018611321, 9.221084483606313 ], [ 77.734302777846281, 9.221061903619931 ], [ 77.733779360072973, 9.220605427582486 ], [ 77.733287844170306, 9.220171606369671 ], [ 77.732869196010242, 9.219877899860222 ], [ 77.73254126871069, 9.218856258051764 ], [ 77.732299962360784, 9.218074253212576 ], [ 77.732204206443086, 9.217572474566332 ], [ 77.732296342150192, 9.217437658315411 ], [ 77.732367981895777, 9.217332833413144 ], [ 77.733177844565461, 9.217355264669742 ], [ 77.733919507138737, 9.217332398035525 ], [ 77.734160180176403, 9.21723039286004 ], [ 77.73422891566868, 9.217201259792732 ], [ 77.734369779590068, 9.216572806939922 ], [ 77.734251237905184, 9.215668654892093 ], [ 77.734273796398583, 9.21495892858351 ], [ 77.734209653992352, 9.21362078087167 ], [ 77.734273001389553, 9.212418267419695 ], [ 77.734350237639362, 9.211939093230882 ], [ 77.734345529568984, 9.211342347615938 ], [ 77.734393010023311, 9.210887871009843 ], [ 77.734404565951124, 9.210777252026624 ], [ 77.734458358866988, 9.208173216589516 ], [ 77.734830849791095, 9.206016755407152 ], [ 77.735112831857109, 9.205496759178214 ], [ 77.734807641815749, 9.204470637604629 ], [ 77.734611907000186, 9.203882999602454 ], [ 77.734675093598923, 9.202296221015976 ], [ 77.734893138972907, 9.200813365084366 ], [ 77.735006442581366, 9.199538497165561 ], [ 77.734974388895409, 9.198665974942514 ], [ 77.734710250964227, 9.197924659858355 ], [ 77.734646405002024, 9.197350576731296 ], [ 77.734746257237418, 9.197018364680545 ], [ 77.734778240854823, 9.19691195172968 ], [ 77.734496003667289, 9.196306250104456 ], [ 77.733804284728834, 9.195705248212283 ], [ 77.733126126757895, 9.194977580557445 ], [ 77.73205220970037, 9.194367597825407 ], [ 77.730841838551157, 9.193594880107545 ], [ 77.730536830867806, 9.193169980415636 ], [ 77.729877075783776, 9.192799484912786 ], [ 77.728630413595425, 9.192691276741849 ], [ 77.728016222859239, 9.192790891150585 ], [ 77.727665914932757, 9.192682499414024 ], [ 77.727511032801374, 9.192072231618285 ], [ 77.7275381134139, 9.19121327204984 ], [ 77.727519652136507, 9.190408586880439 ], [ 77.727583301367659, 9.190069512584204 ], [ 77.727287487042901, 9.189870656430797 ], [ 77.726104554035743, 9.189785056840662 ], [ 77.724944493932341, 9.189862229313096 ], [ 77.724202829562401, 9.189744863299834 ], [ 77.724111776325202, 9.18974290084401 ], [ 77.722128205448016, 9.1897001666582 ], [ 77.721413891185236, 9.189691352011236 ], [ 77.720676804630003, 9.189646274931855 ], [ 77.72067686212219, 9.189813599794332 ], [ 77.720586381111815, 9.1898136193036 ], [ 77.720058099859543, 9.189813728378178 ], [ 77.718565865221933, 9.189850230225169 ], [ 77.717173617567056, 9.189855113750236 ], [ 77.71566767463824, 9.189878061085238 ], [ 77.715071644243849, 9.189801300971363 ], [ 77.714375529848724, 9.189602564383415 ], [ 77.71336998266915, 9.189363202234947 ], [ 77.711900394559876, 9.189015352179423 ], [ 77.710398974648513, 9.188685722614535 ], [ 77.70901577302854, 9.188369508969867 ], [ 77.70669097080247, 9.18836544925102 ], [ 77.705844682346353, 9.188388258343467 ], [ 77.705835617446809, 9.188261683424939 ], [ 77.705730286386483, 9.184938987401367 ], [ 77.705720760651232, 9.182787065195459 ], [ 77.705752381349228, 9.181566437703072 ], [ 77.705742878071831, 9.179654185802796 ], [ 77.705760630578467, 9.177362136742545 ], [ 77.705760303591688, 9.175920047285485 ], [ 77.705778150421452, 9.174328714617792 ], [ 77.705768807942505, 9.172877568075466 ], [ 77.705804931895031, 9.171842322295143 ], [ 77.705809250994903, 9.170522298111614 ], [ 77.705872734037726, 9.169396618334059 ], [ 77.704516671420805, 9.167516209369021 ], [ 77.704057059185459, 9.166978354157841 ], [ 77.704370836222637, 9.166236897414411 ], [ 77.704581955585752, 9.165753061562972 ], [ 77.704639137845163, 9.165622014185001 ], [ 77.704373235622739, 9.165569220261885 ], [ 77.704297861580528, 9.165554254739675 ], [ 77.703037654594311, 9.165455073441215 ], [ 77.701804800410159, 9.165288027971105 ], [ 77.701031364425276, 9.165188694947503 ], [ 77.699670964742168, 9.164189814168147 ], [ 77.698410664331149, 9.163294952058422 ], [ 77.697719024444453, 9.162702872705962 ], [ 77.696777352871436, 9.162978779630652 ], [ 77.695831142111302, 9.163295406126341 ], [ 77.69570369812196, 9.163069425670415 ], [ 77.695203160438922, 9.162237700318554 ], [ 77.694607042009636, 9.161274878807832 ], [ 77.694111039022147, 9.160452157076637 ], [ 77.692846296442056, 9.15997767592353 ], [ 77.69067608798818, 9.159105516624201 ], [ 77.690111937006606, 9.158874999862379 ], [ 77.690125545584849, 9.158111025569765 ], [ 77.690198256122258, 9.157771984257815 ], [ 77.690311748376928, 9.156252950303829 ], [ 77.690470675622052, 9.154299993779887 ], [ 77.690615961949575, 9.152753826931519 ], [ 77.690656781396086, 9.15185426394331 ], [ 77.69071583664288, 9.151275581388088 ], [ 77.69068853234981, 9.1510359734433 ], [ 77.690856763446334, 9.150787326229441 ], [ 77.69143895259883, 9.150059342068563 ], [ 77.691943803093565, 9.149308849904529 ], [ 77.692130222379632, 9.149073712318733 ], [ 77.692544182232211, 9.149051088720038 ], [ 77.692607899735336, 9.148739141172932 ], [ 77.692698735580237, 9.148237308697249 ], [ 77.692866935235699, 9.147287883014776 ], [ 77.69296690155717, 9.146777008395794 ], [ 77.693066881353317, 9.146270687243518 ], [ 77.693325986922318, 9.14513590736513 ], [ 77.693448750689029, 9.144620586297982 ], [ 77.693999202362519, 9.144507432285549 ], [ 77.69409465734465, 9.144231625437838 ], [ 77.694417552281934, 9.143449525139134 ], [ 77.694735851438239, 9.142689936263787 ], [ 77.695313600218284, 9.142762187793888 ], [ 77.696328080245024, 9.1430151722448 ], [ 77.696287038016337, 9.142780172404986 ], [ 77.696004843947932, 9.141681589310624 ], [ 77.697087515087915, 9.141649837211771 ], [ 77.698757004399056, 9.141532009148985 ], [ 77.699694060428101, 9.141473054748772 ], [ 77.699575723559093, 9.141016485971646 ], [ 77.699962359355695, 9.140916895173044 ], [ 77.699930382026523, 9.140234276615564 ], [ 77.700480846276463, 9.140184479336542 ], [ 77.700507885566495, 9.138873483440483 ], [ 77.70051534068503, 9.138210826287153 ], [ 77.700516838176625, 9.138077808679508 ], [ 77.699479568789414, 9.137797708617489 ], [ 77.698533364317484, 9.137589870670826 ], [ 77.69850603756656, 9.137558273417405 ], [ 77.698205767597997, 9.137246401830151 ], [ 77.697614357239104, 9.137165104405907 ], [ 77.697230094791479, 9.136511825895244 ], [ 77.697173011346763, 9.136414779292979 ], [ 77.696540588403593, 9.135682503201425 ], [ 77.6959810143384, 9.135266701436755 ], [ 77.696121965396358, 9.134927551441042 ], [ 77.696526622295877, 9.133923910707809 ], [ 77.693578900404034, 9.133598929842204 ], [ 77.692491623601569, 9.133445351572586 ], [ 77.688975233998903, 9.132898911715706 ], [ 77.688324712697721, 9.13280857728313 ], [ 77.688230565662678, 9.13296053008991 ], [ 77.687624365440968, 9.133938939645471 ], [ 77.687537944815674, 9.134069998695759 ], [ 77.687205871791136, 9.134124294421873 ], [ 77.68682376530019, 9.134097252103851 ], [ 77.684872236430877, 9.134083923406591 ], [ 77.682793351607089, 9.13407517567272 ], [ 77.682798015660055, 9.134536311244897 ], [ 77.682843676127632, 9.135661994943645 ], [ 77.682857363757634, 9.136462138073677 ], [ 77.682907492445423, 9.137144780712102 ], [ 77.682925765076618, 9.137646582704903 ], [ 77.682671036099705, 9.137651161848927 ], [ 77.681383692805383, 9.137741760241385 ], [ 77.67995531131649, 9.137773528653163 ], [ 77.678267674240018, 9.137882265309214 ], [ 77.675893066719652, 9.137995597036145 ], [ 77.674805910291454, 9.138022827971072 ], [ 77.674105316896302, 9.138063541775853 ], [ 77.67413708940957, 9.137195580631765 ], [ 77.674164325430681, 9.136341204966381 ], [ 77.67418237707632, 9.135590678561147 ], [ 77.674182433670168, 9.135441513581281 ], [ 77.674186874940958, 9.135093448414855 ], [ 77.674223189336317, 9.133963219205597 ], [ 77.674227651268339, 9.133732718086137 ], [ 77.674932800020258, 9.133773310872426 ], [ 77.674941792156275, 9.133221706946118 ], [ 77.674486878109875, 9.133149428646854 ], [ 77.674364049664462, 9.133108758626848 ], [ 77.673157913173497, 9.126485958035536 ], [ 77.673176113041123, 9.126336830045215 ], [ 77.673194270687986, 9.126174044830304 ], [ 77.673239734424499, 9.126151494280476 ], [ 77.673808353626328, 9.126146913214823 ], [ 77.673894788624651, 9.126155921017816 ], [ 77.673881174656501, 9.12661254608618 ], [ 77.674295173136656, 9.126648625144709 ], [ 77.674822821974985, 9.1266666646726 ], [ 77.674863642319821, 9.126069896312465 ], [ 77.674859050132085, 9.125595210568473 ], [ 77.674849904384175, 9.12515669032298 ], [ 77.674848851558636, 9.124997616442023 ], [ 77.674848318857698, 9.124916928217699 ], [ 77.674845328366132, 9.124465008899588 ], [ 77.675263741167555, 9.124424303298042 ], [ 77.675632259741533, 9.124397147601883 ], [ 77.675846040812829, 9.124347367623006 ], [ 77.676187161668935, 9.124374479862508 ], [ 77.676259929698546, 9.124351841391018 ], [ 77.67628715224491, 9.123718972067939 ], [ 77.676323372317142, 9.122317530628012 ], [ 77.676350567914071, 9.12115115204344 ], [ 77.676336789554227, 9.12028313110145 ], [ 77.676309513108961, 9.119849143786688 ], [ 77.676268478066788, 9.119437783198441 ], [ 77.676254740131142, 9.118913330955412 ], [ 77.676268374760525, 9.118438689795569 ], [ 77.676245491076955, 9.117394420434133 ], [ 77.676354513314791, 9.116092397587957 ], [ 77.676436249225873, 9.115210877062021 ], [ 77.676436173767371, 9.114220818962055 ], [ 77.676463284024351, 9.112475732233923 ], [ 77.676494958621277, 9.111417924303691 ], [ 77.676522158709744, 9.110364599602413 ], [ 77.676936035019011, 9.110405220769671 ], [ 77.677413690815158, 9.110396098148362 ], [ 77.677754852095433, 9.11044578871331 ], [ 77.677836726347081, 9.110436776965921 ], [ 77.677873130573957, 9.110391495592923 ], [ 77.677882148761086, 9.110237855002715 ], [ 77.677868469215952, 9.109952988603002 ], [ 77.677806584276013, 9.108772944621341 ], [ 77.677804693322358, 9.108736893913818 ], [ 77.677959338298507, 9.108736931167288 ], [ 77.678382360355684, 9.108664520182673 ], [ 77.67881443293939, 9.108669016321892 ], [ 77.679123725586621, 9.108668998582131 ], [ 77.679373909986523, 9.108718621089228 ], [ 77.679751482680217, 9.108808977585477 ], [ 77.679910721640766, 9.108894865419206 ], [ 77.679997082977223, 9.108940104406528 ], [ 77.680006217945333, 9.108849658357716 ], [ 77.680019778014554, 9.108411186729203 ], [ 77.679987857279272, 9.107850580572793 ], [ 77.679974214565036, 9.107606510266482 ], [ 77.679937745659444, 9.107027803787178 ], [ 77.67995590240794, 9.106593782626209 ], [ 77.679928507385057, 9.106263804389467 ], [ 77.679901230041452, 9.106024240703052 ], [ 77.679919423620916, 9.1058207704371 ], [ 77.679937609115512, 9.105807232240137 ], [ 77.680001266431503, 9.105802653574468 ], [ 77.680369735598106, 9.105748354426751 ], [ 77.680724450659383, 9.105689544902267 ], [ 77.68095286438836, 9.105666846704551 ], [ 77.681088397706873, 9.105653378574356 ], [ 77.681174759941655, 9.105617216677823 ], [ 77.68143857627598, 9.10563519340463 ], [ 77.681852529840356, 9.105594488317685 ], [ 77.682311939954744, 9.10553114178748 ], [ 77.682730412943357, 9.105526568440233 ], [ 77.682839569928461, 9.105513001848296 ], [ 77.682866797864719, 9.105409019381213 ], [ 77.682875874442345, 9.104975031734668 ], [ 77.682903115853335, 9.104902645710906 ], [ 77.683294332159576, 9.104884503078823 ], [ 77.683844710171215, 9.104929657422032 ], [ 77.684386016995134, 9.104974839256416 ], [ 77.684790852659404, 9.105001898859914 ], [ 77.684963621146395, 9.104997316635917 ], [ 77.685327506210115, 9.104997285591045 ], [ 77.685655035555982, 9.105001748070505 ], [ 77.685973467662947, 9.105078535349955 ], [ 77.686155393575973, 9.105128278987001 ], [ 77.686223646672943, 9.105128234637194 ], [ 77.686255465898611, 9.105110188699175 ], [ 77.686287270751251, 9.105033324257814 ], [ 77.686323667791612, 9.104581219230663 ], [ 77.686323588739867, 9.104124591712546 ], [ 77.686341772437856, 9.104002521158785 ], [ 77.686305243345146, 9.102980855638757 ], [ 77.686286858424523, 9.102257508714377 ], [ 77.686796351412667, 9.102271011565582 ], [ 77.687173850444495, 9.102316183091865 ], [ 77.687710613589687, 9.102374844154724 ], [ 77.688088143164251, 9.102429027617397 ], [ 77.688670405978598, 9.102451567247122 ], [ 77.689639239012507, 9.102492104161346 ], [ 77.690689895992435, 9.102510050000223 ], [ 77.690885531094978, 9.102523595418036 ], [ 77.690935564561386, 9.102500936934495 ], [ 77.691117418609167, 9.102234178752386 ], [ 77.691240264122598, 9.102152818358682 ], [ 77.691340345428401, 9.102112144807435 ], [ 77.691504085846802, 9.102121151442654 ], [ 77.691640465378313, 9.102112039253997 ], [ 77.692031666413172, 9.102279253599985 ], [ 77.692341027332404, 9.102437455918759 ], [ 77.692395452662211, 9.102452898638379 ], [ 77.692500219580523, 9.102482624763034 ], [ 77.692877750951723, 9.102536795791304 ], [ 77.693032434555448, 9.102550384671245 ], [ 77.693032368080097, 9.1024238217974 ], [ 77.693082355732415, 9.102120905742616 ], [ 77.693073262985095, 9.101714028951802 ], [ 77.693136840351045, 9.101420172169021 ], [ 77.693218701127932, 9.101275485594147 ], [ 77.693291500598562, 9.101266408864184 ], [ 77.693468860374992, 9.101293485601406 ], [ 77.693659946408971, 9.101343189849725 ], [ 77.693905622164422, 9.101496870630095 ], [ 77.694415089101426, 9.102061932412798 ], [ 77.694633466852025, 9.102188478561658 ], [ 77.694779010097733, 9.102233602200211 ], [ 77.694806358408258, 9.102301434002852 ], [ 77.69481548079996, 9.102821307091489 ], [ 77.694924635090118, 9.102834865802533 ], [ 77.695829856622169, 9.102997495786937 ], [ 77.696125534402967, 9.103010965791153 ], [ 77.69678051134801, 9.103051523043003 ], [ 77.697417366578762, 9.103096602222593 ], [ 77.698258849946441, 9.103132688978993 ], [ 77.698895609955798, 9.10312349432499 ], [ 77.699273126953955, 9.103146051650977 ], [ 77.699314044316836, 9.103109854907766 ], [ 77.699354907780801, 9.102558305604264 ], [ 77.699377621682743, 9.102504052088005 ], [ 77.699796129705632, 9.102513084436431 ], [ 77.700169133567798, 9.10260795113467 ], [ 77.700705820356205, 9.102720828387183 ], [ 77.701138008822525, 9.102842805356326 ], [ 77.701620158890051, 9.102973803976612 ], [ 77.701970431782243, 9.103091324565188 ], [ 77.702502585671738, 9.103190644742108 ], [ 77.70267547543132, 9.103222278744409 ], [ 77.702720869099238, 9.102869659336749 ], [ 77.702726730606472, 9.10265115702123 ], [ 77.702738941406125, 9.102195998577121 ], [ 77.703161976938048, 9.102268284917477 ], [ 77.703334832561637, 9.102290904387623 ], [ 77.703648726379811, 9.102326966389256 ], [ 77.703871587622018, 9.10234504085185 ], [ 77.704221812005173, 9.102421766611652 ], [ 77.704785847104091, 9.102548280701093 ], [ 77.70529534997371, 9.102719963560066 ], [ 77.705736583576623, 9.102860014079061 ], [ 77.706196017945544, 9.10299107478315 ], [ 77.706541730989386, 9.10311306319112 ], [ 77.706769140401875, 9.103198861032288 ], [ 77.70790638599199, 9.103478971397282 ], [ 77.708165722428006, 9.103835990608175 ], [ 77.708456893361046, 9.104283494830552 ], [ 77.708511538778083, 9.104373901232847 ], [ 77.708566096160226, 9.104387458111027 ], [ 77.708934515021198, 9.104296936402392 ], [ 77.70918466977669, 9.104260731792689 ], [ 77.709539489042527, 9.104210956990011 ], [ 77.709939684010024, 9.104219929866442 ], [ 77.710071604304446, 9.104219921883454 ], [ 77.710094369410385, 9.104387195559598 ], [ 77.710189951054929, 9.104549845238886 ], [ 77.710317396840935, 9.104888931853843 ], [ 77.710331097945627, 9.105083281667241 ], [ 77.710367514748938, 9.105096902382245 ], [ 77.710644940559803, 9.105051584852841 ], [ 77.71094966168063, 9.104979216584514 ], [ 77.711117991591806, 9.104938472394991 ], [ 77.711167991820503, 9.104906792420712 ], [ 77.711158874818707, 9.104816407441094 ], [ 77.711104176401037, 9.104377908690093 ], [ 77.711126883116506, 9.104296520400203 ], [ 77.711445282884114, 9.104233209119958 ], [ 77.711677309637153, 9.104174304437361 ], [ 77.71187281628066, 9.104124535831637 ], [ 77.712109304965693, 9.104006971232669 ], [ 77.712486825557122, 9.103875800026035 ], [ 77.712564163316571, 9.103880261632471 ], [ 77.712759791232614, 9.104146990202636 ], [ 77.712864459336259, 9.104314247946924 ], [ 77.712946328198001, 9.10438206516293 ], [ 77.713292062801386, 9.104404518630778 ], [ 77.713610457179129, 9.104390918290331 ], [ 77.714210855182415, 9.104408913705774 ], [ 77.714588389248561, 9.10440876202914 ], [ 77.715361697672691, 9.104462836082845 ], [ 77.715807465971167, 9.104458247642976 ], [ 77.71631230478782, 9.104498791425709 ], [ 77.716726287996593, 9.104521355760888 ], [ 77.717240249204934, 9.104525717128567 ], [ 77.717676898704966, 9.104507587782322 ], [ 77.718159043382585, 9.104530085592154 ], [ 77.718577492116665, 9.104570658637671 ], [ 77.719373539595594, 9.10462918273306 ], [ 77.720019483980408, 9.104701441084572 ], [ 77.719869583905592, 9.105705014978232 ], [ 77.719860621413986, 9.106139005286584 ], [ 77.719756155431284, 9.106762911666154 ], [ 77.719751636905414, 9.106957325211102 ], [ 77.720079140200127, 9.106952693340656 ], [ 77.720515760954058, 9.10697525486 ], [ 77.72105709023586, 9.106970581301171 ], [ 77.721602939840139, 9.106974993197472 ], [ 77.721603042248105, 9.107304971664627 ], [ 77.721689717096581, 9.108439644852593 ], [ 77.721707872048498, 9.108493935608555 ], [ 77.722135430597874, 9.10846672104655 ], [ 77.722717665564417, 9.108498223307782 ], [ 77.722703933018693, 9.108023518635852 ], [ 77.722703892594481, 9.107761285560818 ], [ 77.722626293425321, 9.106730566609381 ], [ 77.722598914572075, 9.106332762795896 ], [ 77.722621618592555, 9.106328218729686 ], [ 77.723085622691301, 9.106323632974714 ], [ 77.723272130910615, 9.106319046332709 ], [ 77.723358680893298, 9.107065003320923 ], [ 77.723386068729667, 9.1072141437959 ], [ 77.723627112771524, 9.107241226291643 ], [ 77.724441367304635, 9.107313314699937 ], [ 77.725264624753507, 9.107466855430625 ], [ 77.725755940331837, 9.107539011204683 ], [ 77.725878719369931, 9.107543572108352 ], [ 77.725842128293451, 9.106684616861543 ], [ 77.725791964571386, 9.106146675120918 ], [ 77.725832827137012, 9.105947756978717 ], [ 77.726556087721733, 9.105915906790946 ], [ 77.72780236632947, 9.105933683042087 ], [ 77.729003171319221, 9.105892615208441 ], [ 77.729794614033977, 9.105842741289578 ], [ 77.731313827774486, 9.105693138118168 ], [ 77.732041584427193, 9.105688376730077 ], [ 77.733815554094051, 9.105633688174253 ], [ 77.734475073819468, 9.105633532950119 ], [ 77.73546677885885, 9.105877356245204 ], [ 77.735871615421416, 9.105999326815503 ], [ 77.736576721054206, 9.106184470806053 ], [ 77.737081618261342, 9.106310893977735 ], [ 77.737472857923777, 9.106446388381487 ], [ 77.737832161579561, 9.106518625077863 ], [ 77.738450864553357, 9.106699254895702 ], [ 77.738746478553807, 9.10671727503072 ], [ 77.739478847157187, 9.106744234272195 ], [ 77.739682099075054, 9.106760675558981 ], [ 77.739979210567057, 9.106784712158264 ], [ 77.740065485665269, 9.106147291581509 ], [ 77.740270000614416, 9.105695179980179 ], [ 77.740474532631595, 9.105247531170432 ], [ 77.740883680209194, 9.104352325891224 ], [ 77.740933533114216, 9.103895695419784 ], [ 77.740969814271921, 9.103411981581445 ], [ 77.741001493360386, 9.102946316684841 ], [ 77.741042293043961, 9.102421890792071 ], [ 77.741083108897229, 9.101902017122791 ], [ 77.741073934403232, 9.101825112963605 ], [ 77.741164751383494, 9.101373068631563 ], [ 77.741296383318698, 9.100401063611541 ], [ 77.741396273283357, 9.099731926386166 ], [ 77.741591455635032, 9.098438923089969 ], [ 77.741673137647183, 9.097873835182762 ], [ 77.741759418135288, 9.097313195653276 ], [ 77.741559290557959, 9.09732231860834 ], [ 77.741186280407589, 9.097277187254154 ], [ 77.7411769343354, 9.09640469806795 ], [ 77.741190393793303, 9.095821569411774 ], [ 77.741231158442559, 9.095215761346019 ], [ 77.741240247596622, 9.095003222235055 ], [ 77.741244652036457, 9.094713943183253 ], [ 77.741244530763879, 9.094148808590912 ], [ 77.74126262283373, 9.09377362321178 ], [ 77.741321604418644, 9.093285295573216 ], [ 77.741375949798382, 9.092661415360208 ], [ 77.741403146293621, 9.092150628420937 ], [ 77.741484771711896, 9.091594480715612 ], [ 77.741516441817254, 9.090934454577303 ], [ 77.741543657177075, 9.090694898366692 ], [ 77.74153906498934, 9.090473310614174 ], [ 77.74155697559948, 9.089614400424997 ], [ 77.741565889582034, 9.088967939630983 ], [ 77.741565762021281, 9.088425398574913 ], [ 77.741611093705487, 9.087986932960877 ], [ 77.741638323438366, 9.087629751577204 ], [ 77.741665389677877, 9.086915490638177 ], [ 77.74169253856239, 9.086585441919627 ], [ 77.741646903247641, 9.086047446014067 ], [ 77.741619466003925, 9.085550170864773 ], [ 77.741623941410666, 9.08540102136085 ], [ 77.741651292416122, 9.085391998338141 ], [ 77.74175135306065, 9.085401001845868 ], [ 77.742124333566608, 9.085446041557308 ], [ 77.742510894803061, 9.085473090218706 ], [ 77.742610994973489, 9.085468528146714 ], [ 77.742710911887585, 9.084980246841772 ], [ 77.742824440973195, 9.084482992387532 ], [ 77.742924345310897, 9.084039869379328 ], [ 77.743033390006588, 9.083447676227767 ], [ 77.7431696356891, 9.082733293409312 ], [ 77.743228633443707, 9.082566006066108 ], [ 77.743328572815699, 9.082109412558641 ], [ 77.743569462347367, 9.081431239317267 ], [ 77.74370583379401, 9.081209675995046 ], [ 77.743810348285734, 9.081087720928409 ], [ 77.744283262773806, 9.080535886661929 ], [ 77.744860669295704, 9.079857635043696 ], [ 77.744806084065786, 9.079834989318696 ], [ 77.74459686194453, 9.079830585071415 ], [ 77.744392152060968, 9.079808047565919 ], [ 77.743900964941716, 9.079794596204092 ], [ 77.743828225658206, 9.079767467278813 ], [ 77.743773594614197, 9.079708766142735 ], [ 77.743746174438456, 9.079338054164284 ], [ 77.743732324213397, 9.078705090989958 ], [ 77.743700397189897, 9.078257559233645 ], [ 77.743709323748888, 9.077737677982116 ], [ 77.743700204052118, 9.077651769366707 ], [ 77.743600182035138, 9.077651869604992 ], [ 77.743395503592581, 9.077660922982725 ], [ 77.743086196572278, 9.07763841106572 ], [ 77.742881478603834, 9.077661116362739 ], [ 77.742590464876002, 9.077656655316641 ], [ 77.742549472952945, 9.077643061056728 ], [ 77.742549495410799, 9.077552657662842 ], [ 77.742558453410822, 9.07720912313893 ], [ 77.742544783747164, 9.077082536228755 ], [ 77.742526579387913, 9.077064486216013 ], [ 77.742235500981366, 9.077041906844546 ], [ 77.741917114688462, 9.077064671612748 ], [ 77.741694218411965, 9.077051120796602 ], [ 77.741666961729592, 9.077037567318779 ], [ 77.741635070638708, 9.076960755397344 ], [ 77.741639565808384, 9.076599033661994 ], [ 77.741657550080376, 9.076002373362172 ], [ 77.741661983266312, 9.075527670843121 ], [ 77.741670970910747, 9.075288019175209 ], [ 77.741643665719337, 9.075260899666791 ], [ 77.741520839070574, 9.075260992809143 ], [ 77.740966032364568, 9.075301847710875 ], [ 77.740101923129828, 9.075392469004242 ], [ 77.739437846250993, 9.075433360260845 ], [ 77.738632881196253, 9.075469764714494 ], [ 77.737941487447941, 9.07552868476356 ], [ 77.737936930294495, 9.07551067370372 ], [ 77.73797333541971, 9.07542477874798 ], [ 77.73809156179594, 9.075248360929621 ], [ 77.738196066406175, 9.075076543372809 ], [ 77.738341545871521, 9.074841481997073 ], [ 77.73851884456252, 9.074615317797296 ], [ 77.738805275085795, 9.074158688440576 ], [ 77.738932596005952, 9.073941631393417 ], [ 77.73901896812221, 9.073747213229197 ], [ 77.739078040436965, 9.07357538430853 ], [ 77.739155261415434, 9.073286043604474 ], [ 77.739173393011143, 9.0730419914309 ], [ 77.739173372349882, 9.072987729895519 ], [ 77.739155169787281, 9.07296959185622 ], [ 77.739105160575406, 9.072969596291605 ], [ 77.7387003231145, 9.072992311641976 ], [ 77.738350117595957, 9.072978863572811 ], [ 77.737572374189256, 9.07306504741374 ], [ 77.737176694154371, 9.073087726387953 ], [ 77.735944112159771, 9.072979579442988 ], [ 77.734711548131472, 9.072875973407884 ], [ 77.734038384793564, 9.072785684132468 ], [ 77.733938355590027, 9.072758648707126 ], [ 77.733592641647874, 9.072745171355651 ], [ 77.733169665404787, 9.072718141249723 ], [ 77.732573872165617, 9.072645950959791 ], [ 77.731978021434315, 9.072533063342615 ], [ 77.731473133210358, 9.072375047408645 ], [ 77.730909141230569, 9.07230737493532 ], [ 77.730545252573592, 9.072307431708298 ], [ 77.729735723178891, 9.072294093611047 ], [ 77.728926103054363, 9.072280750190846 ], [ 77.728434894375496, 9.072303478003928 ], [ 77.72794826440969, 9.072326188961124 ], [ 77.727607123790648, 9.072235845435635 ], [ 77.727261475425536, 9.072141053191762 ], [ 77.725519553156403, 9.072227394246696 ], [ 77.724714562050536, 9.07227728260473 ], [ 77.723409257840416, 9.072340897591728 ], [ 77.722681502086033, 9.072372741894707 ], [ 77.722163046606312, 9.072409020693978 ], [ 77.721944696703488, 9.072359369203886 ], [ 77.721398994422884, 9.072409219399272 ], [ 77.720880455399865, 9.07247262057731 ], [ 77.720043651356491, 9.072540623899172 ], [ 77.719070354593953, 9.072576972760503 ], [ 77.718924790686984, 9.072595153399325 ], [ 77.718283516643297, 9.072658530593474 ], [ 77.717805989306271, 9.072717407637496 ], [ 77.716432464338524, 9.072812700040068 ], [ 77.715900319432208, 9.072812860600868 ], [ 77.714340280855296, 9.072822215706678 ], [ 77.714076539979459, 9.072808676262262 ], [ 77.71311682215071, 9.072750160273294 ], [ 77.712634734066981, 9.072686951639891 ], [ 77.712020874809156, 9.073324484113076 ], [ 77.711848071287832, 9.073487324427498 ], [ 77.711707053754552, 9.073573217185896 ], [ 77.7115524348295, 9.073595882821918 ], [ 77.711320429636032, 9.073568751653575 ], [ 77.709473839263254, 9.073334073393321 ], [ 77.709028103304107, 9.073293481728784 ], [ 77.708232206742153, 9.073225804993301 ], [ 77.708068410628201, 9.073216816260112 ], [ 77.708036646199758, 9.073248519440407 ], [ 77.707959524035999, 9.074360571096145 ], [ 77.708014367082399, 9.075468162666697 ], [ 77.707996165418137, 9.075526946994408 ], [ 77.70798708524724, 9.075549556621588 ], [ 77.70789609040051, 9.075563165153961 ], [ 77.707664121139629, 9.075599390406444 ], [ 77.707468558800628, 9.075622014222168 ], [ 77.707236585946475, 9.075631107569256 ], [ 77.707104744703798, 9.075594971026922 ], [ 77.706622562296943, 9.075246964681103 ], [ 77.706459630362289, 9.075116332923844 ], [ 77.706458379907417, 9.075115331421207 ], [ 77.705962970706324, 9.074718132949386 ], [ 77.705894726592504, 9.074663926665966 ], [ 77.705476265282016, 9.074410834389161 ], [ 77.705098656655707, 9.074157777416678 ], [ 77.705053149800051, 9.073719216288106 ], [ 77.705044009442048, 9.073619740684233 ], [ 77.705034860999177, 9.073597192143563 ], [ 77.704971174038775, 9.073588128018342 ], [ 77.70443451419986, 9.073529450708929 ], [ 77.704329910774902, 9.073502409130118 ], [ 77.704234386622545, 9.073425539678887 ], [ 77.704116031787237, 9.073158837905376 ], [ 77.704075065017008, 9.072968978886809 ], [ 77.704038665281715, 9.072905651423774 ], [ 77.703779439338462, 9.072874138934527 ], [ 77.703624697344253, 9.072286467405602 ], [ 77.70341081206837, 9.071418512441738 ], [ 77.703392487334909, 9.070998064814969 ], [ 77.703324122846837, 9.070333534293342 ], [ 77.7033240851176, 9.070035111679918 ], [ 77.703319562100134, 9.069895019054526 ], [ 77.703305869978593, 9.069881410307172 ], [ 77.70311033818227, 9.069858872176583 ], [ 77.703010272147822, 9.069818161249735 ], [ 77.703010230825328, 9.069727759432388 ], [ 77.703051086204411, 9.06941581004916 ], [ 77.70309654814433, 9.069085822399883 ], [ 77.703169131120958, 9.068339875911381 ], [ 77.703182709156494, 9.067928519994746 ], [ 77.70319627012401, 9.067485483871613 ], [ 77.703232504569328, 9.066848004009929 ], [ 77.703255230149367, 9.066694255143831 ], [ 77.70345526609853, 9.066070413817901 ], [ 77.703577934643846, 9.065609250297147 ], [ 77.703614266107195, 9.065392274127893 ], [ 77.703596109358656, 9.065333437575779 ], [ 77.703359488621274, 9.065030647183452 ], [ 77.703109305119668, 9.064777522387931 ], [ 77.702718134627517, 9.064357193838253 ], [ 77.702581658976314, 9.064117603018222 ], [ 77.701981179226323, 9.063475776600828 ], [ 77.701783999021444, 9.0631108264235 ], [ 77.701749159659769, 9.063046343103894 ], [ 77.701853672354886, 9.062761495064198 ], [ 77.702035558742054, 9.062499232409039 ], [ 77.702221936705612, 9.062132988731022 ], [ 77.702440230014588, 9.061911473816107 ], [ 77.70287222264821, 9.061463817327814 ], [ 77.703363315444378, 9.061025239805099 ], [ 77.703818069590639, 9.060776505135744 ], [ 77.704081853585606, 9.060731257405877 ], [ 77.704604871608637, 9.060726621389463 ], [ 77.705045921955261, 9.060514069819899 ], [ 77.705537133329045, 9.060242719771329 ], [ 77.705987262049931, 9.059799544649561 ], [ 77.706260066028676, 9.059455941683279 ], [ 77.706460092994675, 9.059017369693697 ], [ 77.706641902126691, 9.058633116769624 ], [ 77.706746481297117, 9.058474809069059 ], [ 77.70691474024143, 9.05804081160951 ], [ 77.707146511872949, 9.057412415892196 ], [ 77.70736023994364, 9.057068749432641 ], [ 77.70746474814716, 9.05686528686058 ], [ 77.707810368664525, 9.056553292595883 ], [ 77.708001328036062, 9.056349804005663 ], [ 77.708092216881553, 9.056128274880383 ], [ 77.708324078344575, 9.055630971579058 ], [ 77.708478632590896, 9.055337033558827 ], [ 77.70880146734109, 9.05497987379019 ], [ 77.709192518357298, 9.054568404105368 ], [ 77.709474423168203, 9.054265460927807 ], [ 77.709742636755834, 9.053872080638232 ], [ 77.710006392903054, 9.053410899687467 ], [ 77.710201863613932, 9.052958787226864 ], [ 77.710610963580834, 9.052217263294494 ], [ 77.710738285399302, 9.051941447391592 ], [ 77.710815504581134, 9.051715416922486 ], [ 77.710997381985138, 9.05133117216217 ], [ 77.711292872018035, 9.050833741576586 ], [ 77.711479240998457, 9.050476606610538 ], [ 77.711579250439058, 9.050273166035128 ], [ 77.711615577410853, 9.0500335374384 ], [ 77.711661037554094, 9.049839118754681 ], [ 77.711720041596919, 9.049332781939841 ], [ 77.71176545143453, 9.048944013793564 ], [ 77.711969920569587, 9.048039821431466 ], [ 77.712047149632895, 9.04771430041137 ], [ 77.712201697590999, 9.047397792428949 ], [ 77.71256543443269, 9.047090286862259 ], [ 77.712856483194855, 9.046841570941409 ], [ 77.713324809986773, 9.046538609723219 ], [ 77.713488553998445, 9.046439084898507 ], [ 77.713552203229582, 9.046389339331489 ], [ 77.713565830672451, 9.046308000870038 ], [ 77.713561295078563, 9.046217534587427 ], [ 77.713552131364352, 9.046036782931063 ], [ 77.713579388046711, 9.045874018003268 ], [ 77.713633854699026, 9.045611753675454 ], [ 77.713633843919226, 9.045557501305083 ], [ 77.713618939072063, 9.045527877807617 ], [ 77.713602022896907, 9.045494256838381 ], [ 77.713470152908158, 9.04546714129104 ], [ 77.712792490807288, 9.045512498286039 ], [ 77.712301341417273, 9.045526154974757 ], [ 77.712310402723531, 9.045345339983916 ], [ 77.712392202414989, 9.044992681426223 ], [ 77.712460251594393, 9.044328115240248 ], [ 77.71251930773947, 9.044043262130661 ], [ 77.712560160423678, 9.04348274875659 ], [ 77.712569243289494, 9.043333523229204 ], [ 77.712555515235323, 9.043283778120134 ], [ 77.712505500633583, 9.043279311324307 ], [ 77.711855191334763, 9.043288430330074 ], [ 77.711418636157816, 9.043279499399894 ], [ 77.710922858647464, 9.043225349587297 ], [ 77.710881920623336, 9.043198275565111 ], [ 77.710831862004142, 9.042949672284204 ], [ 77.710790869182759, 9.04277786501118 ], [ 77.710736266884851, 9.042461373979284 ], [ 77.710577003669812, 9.04217209960207 ], [ 77.710399583706291, 9.041824088390218 ], [ 77.710345025425795, 9.041751731320307 ], [ 77.709981220312145, 9.041778950944392 ], [ 77.709949351679128, 9.041674928711828 ], [ 77.709858373002078, 9.041480540998748 ], [ 77.709785523225804, 9.041363095155319 ], [ 77.709653662220191, 9.041363103139707 ], [ 77.709244395166635, 9.041403860759631 ], [ 77.708762262167127, 9.041399448056831 ], [ 77.708407556987325, 9.041358817299425 ], [ 77.708384813440944, 9.041245840898846 ], [ 77.708384760440339, 9.040816286818089 ], [ 77.708402784238203, 9.040346159018387 ], [ 77.708416293103454, 9.039686078597819 ], [ 77.7084526362449, 9.039166192998801 ], [ 77.708479736620404, 9.038388643197425 ], [ 77.708456833173912, 9.037841655573002 ], [ 77.708434095017438, 9.037755718790359 ], [ 77.708061181885128, 9.037742273838798 ], [ 77.707983887244794, 9.037764845920472 ], [ 77.707906663571421, 9.038144602817766 ], [ 77.707761220038705, 9.038809235420709 ], [ 77.707656703750331, 9.039161870758852 ], [ 77.707556767073314, 9.039722485785294 ], [ 77.70745684836254, 9.040210738123692 ], [ 77.707320485000764, 9.040594983224365 ], [ 77.707179535739414, 9.040848254567097 ], [ 77.707115908966159, 9.041033535979007 ], [ 77.707043203818642, 9.041060732591335 ], [ 77.706570182431051, 9.041042719803958 ], [ 77.705883480583452, 9.041038372746206 ], [ 77.705228579096953, 9.040988763054695 ], [ 77.704632809213962, 9.04088032522322 ], [ 77.704146223265624, 9.040780972716535 ], [ 77.703873303404208, 9.04069061771367 ], [ 77.702959149025006, 9.040478319563718 ], [ 77.702226978050987, 9.040275038347723 ], [ 77.702172325447407, 9.040252468197675 ], [ 77.702154127376375, 9.04007612271667 ], [ 77.702144919644738, 9.039642139434582 ], [ 77.702181218768743, 9.03904988817491 ], [ 77.702272013291108, 9.038041736394703 ], [ 77.702271921662984, 9.037648413779781 ], [ 77.702303610632924, 9.0370471696043 ], [ 77.702335313077612, 9.036057072276558 ], [ 77.702357954216026, 9.035618616374231 ], [ 77.70242157290447, 9.035324751613167 ], [ 77.702426092328665, 9.035202671853064 ], [ 77.70240792659699, 9.035166507293134 ], [ 77.701844016363921, 9.035180195425159 ], [ 77.701330038087562, 9.035148648578467 ], [ 77.701048135971604, 9.035157723431634 ], [ 77.700629751017914, 9.035126120691325 ], [ 77.70010219380778, 9.035139768015066 ], [ 77.699069904680485, 9.035149045143053 ], [ 77.69821038943013, 9.03518084394573 ], [ 77.69766462606411, 9.035199004296315 ], [ 77.697637369381738, 9.035180893627201 ], [ 77.697619112920236, 9.035117601205293 ], [ 77.697596339729444, 9.034914238005907 ], [ 77.697578156031469, 9.034633944603797 ], [ 77.69754623888943, 9.034353609286592 ], [ 77.697496138049416, 9.033820194597467 ], [ 77.697491608743746, 9.033675484324995 ], [ 77.697327812629794, 9.033652922633213 ], [ 77.697064103195004, 9.033653004253104 ], [ 77.696668451007895, 9.033680204971375 ], [ 77.696409211589909, 9.033648593229739 ], [ 77.696381891127189, 9.033585331589746 ], [ 77.696322665200498, 9.032979498378005 ], [ 77.696290753448366, 9.032541052925938 ], [ 77.696281679565644, 9.032432494557293 ], [ 77.696163466664174, 9.032405409077755 ], [ 77.695590374750552, 9.032301500358564 ], [ 77.694780837271011, 9.032057577399286 ], [ 77.694658046554835, 9.032003291048849 ], [ 77.694385259644065, 9.031998848066914 ], [ 77.694012289019568, 9.031989827251955 ], [ 77.693953166399169, 9.031971821995636 ], [ 77.693953189755376, 9.031845210285352 ], [ 77.693962200755976, 9.031429293347468 ], [ 77.693989355928707, 9.03048447293388 ], [ 77.694016536254253, 9.029946437398291 ], [ 77.694025641577966, 9.029878685079799 ], [ 77.694157521448219, 9.029860578579273 ], [ 77.694384843724123, 9.029851434392519 ], [ 77.69453952103963, 9.029833342085512 ], [ 77.694898719592501, 9.02980617922584 ], [ 77.695044229600541, 9.029810689660636 ], [ 77.695339866957184, 9.029779011041004 ], [ 77.695462653181764, 9.029778957810059 ], [ 77.695489893694457, 9.029765392791299 ], [ 77.695508081884014, 9.029729195747221 ], [ 77.695494476899043, 9.029634305356417 ], [ 77.695389796218976, 9.029254552798877 ], [ 77.695312386594338, 9.028897461196891 ], [ 77.695244157751858, 9.028440855413095 ], [ 77.695166724770985, 9.027703933403895 ], [ 77.695164401727681, 9.027691447127086 ], [ 77.695112059591011, 9.027410117196123 ], [ 77.695534977443629, 9.027355796432746 ], [ 77.69589424606508, 9.027324080335495 ], [ 77.695953316583214, 9.027301487194631 ], [ 77.695966988941848, 9.027283417826586 ], [ 77.695966953009233, 9.027192944104899 ], [ 77.695948722598871, 9.026659530354127 ], [ 77.695953171056161, 9.026302346576234 ], [ 77.695962241345597, 9.026171246348969 ], [ 77.696016810405837, 9.026144117813908 ], [ 77.696435155833655, 9.026040110586411 ], [ 77.696658010787658, 9.026012955425719 ], [ 77.696753520566958, 9.025990330263831 ], [ 77.696771740197548, 9.025963145822073 ], [ 77.696771646772788, 9.025908894928905 ], [ 77.696758021126541, 9.025569888987141 ], [ 77.696744142155381, 9.024652173885933 ], [ 77.696771483279377, 9.024588823722377 ], [ 77.697462699161292, 9.024624874008005 ], [ 77.697608246000257, 9.024615821956742 ], [ 77.697626418918432, 9.024602287795609 ], [ 77.697626388375724, 9.024593275667584 ], [ 77.697626388375724, 9.024407868694169 ], [ 77.69755353859945, 9.024046220975594 ], [ 77.697467062278633, 9.023503762913171 ], [ 77.697426044304422, 9.023133087041446 ], [ 77.697253071899809, 9.022305762638087 ], [ 77.697189423566996, 9.022143056193086 ], [ 77.69687564113994, 9.022138574052823 ], [ 77.696830074995461, 9.021722681409045 ], [ 77.696702586090353, 9.020597028566858 ], [ 77.6966752234068, 9.020334805287206 ], [ 77.695993114645262, 9.020384641396831 ], [ 77.695861197944112, 9.020389185663287 ], [ 77.695820236563776, 9.019873796992329 ], [ 77.695774670419311, 9.019218345805436 ], [ 77.695669908890878, 9.018228334383394 ], [ 77.695524229999577, 9.01750496586838 ], [ 77.694878541634594, 9.017545753688955 ], [ 77.694005371093596, 9.0175685568228 ], [ 77.693450557201061, 9.017437551903146 ], [ 77.693377651729264, 9.01657404358458 ], [ 77.693332138585376, 9.016090350584422 ], [ 77.693213708291566, 9.014738608774126 ], [ 77.692736213293884, 9.014725115941962 ], [ 77.692035878613524, 9.014711734011668 ], [ 77.691499243029128, 9.014725376784442 ], [ 77.690767111580982, 9.014757150770942 ], [ 77.689793980108433, 9.014752779441372 ], [ 77.689057345405772, 9.014752887682135 ], [ 77.688316025988911, 9.014694209653282 ], [ 77.688261445250561, 9.014662537691494 ], [ 77.688238720568833, 9.014440989144731 ], [ 77.68819314544119, 9.013500672149519 ], [ 77.68822939156459, 9.012876817634821 ], [ 77.688197480710741, 9.012483553640523 ], [ 77.688079219300221, 9.011895810144653 ], [ 77.687988166063022, 9.011421196089092 ], [ 77.687933549392071, 9.010837973070833 ], [ 77.687824163336572, 9.009572231424091 ], [ 77.687783109429759, 9.008613806611629 ], [ 77.687760197898456, 9.007551388884929 ], [ 77.687741974674594, 9.007144528383199 ], [ 77.687764693966429, 9.007040515682757 ], [ 77.687773831629485, 9.007036025369921 ], [ 77.687878364985863, 9.007031488920644 ], [ 77.688296723888413, 9.00705402388499 ], [ 77.688810550349459, 9.007044929693082 ], [ 77.689019737436411, 9.007017742937713 ], [ 77.689037938202375, 9.006986101356341 ], [ 77.689028743047118, 9.006461712920721 ], [ 77.689028673876848, 9.006036772776024 ], [ 77.68902405294304, 9.005376762673448 ], [ 77.689046720132595, 9.005069336620561 ], [ 77.689073975916628, 9.004549383400979 ], [ 77.689105602004517, 9.003563886019386 ], [ 77.689132784126684, 9.002510517591995 ], [ 77.689123848584558, 8.999928072359433 ], [ 77.6891232269504, 8.999748272607157 ], [ 77.700646324934937, 9.001495956269535 ], [ 77.700900964978629, 9.001590824775272 ], [ 77.701692198385956, 9.001753466835034 ], [ 77.702274289622054, 9.001821175631921 ], [ 77.703010956664045, 9.001902364418745 ], [ 77.703956793725013, 9.002033335044386 ], [ 77.704843550386371, 9.002128099600869 ], [ 77.705748506017088, 9.002191216808068 ], [ 77.706430568066224, 9.002258922861245 ], [ 77.706994484587526, 9.002285903245218 ], [ 77.707849369022583, 9.002348998243622 ], [ 77.708667842044235, 9.002366980134276 ], [ 77.709650067162443, 9.002353170092036 ], [ 77.71053680316254, 9.002389195979488 ], [ 77.711382614613242, 9.002474872346646 ], [ 77.712564975393576, 9.002492738001347 ], [ 77.713247064392192, 9.002515180087416 ], [ 77.713674439685221, 9.002501475633508 ], [ 77.714124634881472, 9.002469760902471 ], [ 77.714747605751214, 9.0024469914185 ], [ 77.715275070434885, 9.00244239191689 ], [ 77.715757122586041, 9.002487465078019 ], [ 77.7164710191322, 9.002496397905198 ], [ 77.71718951056107, 9.002509772302526 ], [ 77.717680651866246, 9.002536786383267 ], [ 77.717948927437661, 9.002550300964472 ], [ 77.71856281993314, 9.002522995866984 ], [ 77.719217589367304, 9.002509283428104 ], [ 77.719786006448174, 9.002513712576979 ], [ 77.720586353264025, 9.002531602185506 ], [ 77.720972897432475, 9.002517930560446 ], [ 77.721386668638871, 9.00254047467862 ], [ 77.721991662423179, 9.00254032295901 ], [ 77.722014207441859, 9.002540316748252 ], [ 77.722364367146326, 9.002490461319342 ], [ 77.722491689863134, 9.00243621488554 ], [ 77.72249167459178, 9.002431665069778 ], [ 77.722787629952023, 9.001639414220294 ], [ 77.726848305192078, 8.996657848640854 ], [ 77.72712506265637, 8.9944200348345 ], [ 77.726978716316793, 8.99095709791926 ], [ 77.729329188800421, 8.989586738394692 ], [ 77.729227524663102, 8.983058696410099 ], [ 77.728381731178672, 8.983072508962955 ], [ 77.727826725945036, 8.981888205975824 ], [ 77.724480119727687, 8.982024623874873 ], [ 77.724374857837617, 8.979113285559569 ], [ 77.721664760101362, 8.978756747805484 ], [ 77.721399421122626, 8.972016294006259 ], [ 77.720744623840673, 8.972007444723296 ], [ 77.720316313401426, 8.968268852262474 ], [ 77.719884039595144, 8.966618888767446 ], [ 77.719852942614963, 8.966620821388 ], [ 77.710535773693238, 8.967199586647887 ], [ 77.708402547981308, 8.967763228144404 ], [ 77.708022889399516, 8.967863538628995 ], [ 77.707522832315121, 8.967995657345249 ], [ 77.705261708964613, 8.968593038423109 ], [ 77.703038389416207, 8.968864714666186 ], [ 77.702938729420282, 8.970754367926826 ], [ 77.703320940115788, 8.972354721020039 ], [ 77.702475202326923, 8.972314141951658 ], [ 77.702489043568832, 8.973186689414709 ], [ 77.701334120930539, 8.973223061596173 ], [ 77.701316042335449, 8.973919272592468 ], [ 77.700429424014629, 8.97383805357601 ], [ 77.700215921421048, 8.975348026165523 ], [ 77.69933385576212, 8.975289443789588 ], [ 77.700057084905765, 8.976867012885831 ], [ 77.698665740057734, 8.976858221396459 ], [ 77.698188510961387, 8.978286935886871 ], [ 77.697520108694448, 8.978296044998112 ], [ 77.69725662383847, 8.979444389227902 ], [ 77.69541504786163, 8.979390415293796 ], [ 77.694974201432586, 8.980498137976213 ], [ 77.694187603332125, 8.980742417819668 ], [ 77.6941762746781, 8.980869559403351 ], [ 77.693833543142659, 8.984716198104332 ], [ 77.693342939030046, 8.9877678005605 ], [ 77.693697972094938, 8.989842811166591 ], [ 77.692743178830597, 8.990358318068029 ], [ 77.691720066892245, 8.990222895285203 ], [ 77.690756247355949, 8.991235681715368 ], [ 77.69116570844561, 8.993012312944344 ], [ 77.690565655395361, 8.993948167013611 ], [ 77.686164070403294, 8.994649564209229 ], [ 77.686036266189518, 8.994528940015968 ], [ 77.683999348859189, 8.992606444032976 ], [ 77.68208035786779, 8.992064203188534 ], [ 77.680538615278238, 8.990314852920847 ], [ 77.67857434470497, 8.99078981143025 ], [ 77.677883127924758, 8.990396559798146 ], [ 77.677432797082915, 8.989243797005194 ], [ 77.675986841852151, 8.989311767228628 ], [ 77.675975437739623, 8.989259104392188 ], [ 77.675677499797558, 8.98788325324584 ], [ 77.675622725921414, 8.986038752026845 ], [ 77.675977134657217, 8.983565913199831 ], [ 77.676426869915971, 8.97997181943755 ], [ 77.677013200301914, 8.978194998269169 ], [ 77.677149502578303, 8.977259236608285 ], [ 77.677858706325424, 8.976608167853849 ], [ 77.677858427847696, 8.974284464682659 ], [ 77.678085673766802, 8.973036657566038 ], [ 77.678112840617629, 8.971816082586493 ], [ 77.679013017211048, 8.971246299988842 ], [ 77.680480742214399, 8.971019094785845 ], [ 77.680854450355753, 8.97096124464278 ], [ 77.681140590723189, 8.968556213238079 ], [ 77.680417702939323, 8.96848843611191 ], [ 77.680976356231355, 8.964148403009297 ], [ 77.682422224325578, 8.964216064703582 ], [ 77.684377387778511, 8.960045738377756 ], [ 77.684435881578253, 8.959920972044038 ], [ 77.685745259648172, 8.959364741103151 ], [ 77.68671377557682, 8.959418842244546 ], [ 77.69027812533416, 8.957741175138429 ], [ 77.691296162689454, 8.955032987278384 ], [ 77.69174564641996, 8.950702005331365 ], [ 77.691731365901902, 8.946565473617779 ], [ 77.691867378920762, 8.943997594282731 ], [ 77.691716431410285, 8.938314976119271 ], [ 77.691934347426894, 8.936235409811431 ], [ 77.692984246228647, 8.934444934048244 ], [ 77.693256530082849, 8.930932239002795 ], [ 77.695011166208218, 8.929408439574059 ], [ 77.695106299593419, 8.927428356044368 ], [ 77.695506276270279, 8.926989742999462 ], [ 77.696115417576252, 8.926316054045477 ], [ 77.697242925428711, 8.926587071428218 ], [ 77.702030284732999, 8.926613349260929 ], [ 77.702675656890989, 8.925790479741483 ], [ 77.7075858491323, 8.926332005698605 ], [ 77.710154576297356, 8.926494265253472 ], [ 77.710468055992166, 8.925517673580453 ], [ 77.713164055568356, 8.925761225386214 ], [ 77.720415291576046, 8.925122209046705 ], [ 77.72463427691865, 8.925107619558714 ], [ 77.724839097294989, 8.926002763436475 ], [ 77.726939435684386, 8.925853065328955 ], [ 77.729944506922266, 8.925418280571083 ], [ 77.730026184442863, 8.924740093834741 ], [ 77.7363028660466, 8.923903235789014 ], [ 77.73634530964712, 8.923897576575234 ], [ 77.737215841836147, 8.931609838287518 ], [ 77.744985614171924, 8.931675368231502 ], [ 77.745122415013313, 8.933054246221273 ], [ 77.746097098774683, 8.932999638881471 ], [ 77.746127502255476, 8.932997935036523 ], [ 77.747313795860109, 8.932931466440509 ], [ 77.747476285823652, 8.929228870249599 ], [ 77.748990188724179, 8.929088323744372 ], [ 77.749234502633712, 8.929545425596128 ], [ 77.751612404276202, 8.929143930027204 ], [ 77.753571979355513, 8.92890050117054 ], [ 77.755927249741063, 8.928187034879983 ], [ 77.75711392333308, 8.92797948512829 ], [ 77.757677656598034, 8.928020366431692 ], [ 77.758223170232426, 8.92816973796258 ], [ 77.758914210942834, 8.92818805542562 ], [ 77.759991890144775, 8.927623315219858 ], [ 77.76088333870689, 8.926543138075308 ], [ 77.761370151929015, 8.925485430313667 ], [ 77.761406933448328, 8.924255782360063 ], [ 77.761334422336887, 8.923568593911684 ], [ 77.760253407690286, 8.920584499618066 ], [ 77.762704002802238, 8.920115144158579 ], [ 77.762554531223799, 8.918437873756684 ], [ 77.762622836423049, 8.91810335643714 ], [ 77.763045770445316, 8.917696621159763 ], [ 77.763941426716187, 8.917547724568713 ], [ 77.763247684771741, 8.911977857417529 ], [ 77.764329695649991, 8.911905874688369 ], [ 77.764126064643065, 8.909007966565413 ], [ 77.76385435032077, 8.905789057874832 ], [ 77.763682172026904, 8.904039444557728 ], [ 77.763337060854283, 8.902850359145834 ], [ 77.76291940533261, 8.901087104257327 ], [ 77.761870877359954, 8.896254007882716 ], [ 77.761609924854739, 8.894906591724556 ], [ 77.761595153856533, 8.894830320727676 ], [ 77.761498747558562, 8.894332537992934 ], [ 77.761353659758726, 8.893188723406734 ], [ 77.761144754742759, 8.892564779627849 ], [ 77.760704397895523, 8.890778910834888 ], [ 77.761059218958039, 8.890060218049252 ], [ 77.761073073674666, 8.889409224276086 ], [ 77.760959778151033, 8.888360357123554 ], [ 77.761559951575521, 8.887998889116419 ], [ 77.761955829239753, 8.886832648135085 ], [ 77.762715282947255, 8.885933252036345 ], [ 77.763661676065368, 8.885604565379754 ], [ 77.763833688170905, 8.885544825438627 ], [ 77.765006567233414, 8.885377930753956 ], [ 77.765743155223703, 8.884871834048869 ], [ 77.766880063945592, 8.883452654845554 ], [ 77.768271310877239, 8.882725238248067 ], [ 77.769839713667764, 8.882400222251544 ], [ 77.771167103857465, 8.882346377731233 ], [ 77.773749066799894, 8.882514421387757 ], [ 77.775612676654035, 8.883084592010091 ], [ 77.776956041584427, 8.883292521375132 ], [ 77.777017267160943, 8.883301997638894 ], [ 77.778358249759179, 8.883410881019287 ], [ 77.780908454561384, 8.883393512755465 ], [ 77.785740894919911, 8.882486133653767 ], [ 77.786081598059397, 8.883354222258763 ], [ 77.789039328980138, 8.882784881019203 ], [ 77.789139462388235, 8.882765606287204 ], [ 77.789763885833793, 8.882645403898584 ], [ 77.790259333662448, 8.882821840894071 ], [ 77.791569110584362, 8.880484903180115 ], [ 77.792841683778775, 8.881461750013553 ], [ 77.793881525940947, 8.881517509096707 ], [ 77.794619066145415, 8.88155708202931 ], [ 77.795710710556776, 8.881237711557993 ], [ 77.79715125343796, 8.880816276590922 ], [ 77.801342778180626, 8.879574026150435 ], [ 77.801583948884954, 8.878457436410002 ], [ 77.802829452246598, 8.878460217996833 ], [ 77.803811324326873, 8.878462409361809 ], [ 77.803707059566804, 8.8771423061861 ], [ 77.805348040842389, 8.877287318414353 ], [ 77.805348078571626, 8.877287316639235 ], [ 77.805416299329238, 8.876903283157048 ], [ 77.80541633885511, 8.876903062155762 ], [ 77.805421894036826, 8.876831386724874 ], [ 77.805448224556145, 8.876491675559356 ], [ 77.805452897592247, 8.875899446863608 ], [ 77.805948417286103, 8.875696112634165 ], [ 77.806080388784494, 8.875180808337483 ], [ 77.806412271366213, 8.874660985632559 ], [ 77.806736371842646, 8.874614364722216 ], [ 77.807103262669287, 8.87456163028537 ], [ 77.807721397907869, 8.874680472917531 ], [ 77.807762363779773, 8.874688349131747 ], [ 77.807980787344491, 8.87357174895897 ], [ 77.808630799300886, 8.873675859250291 ], [ 77.808630804690807, 8.873675822860179 ], [ 77.808630838826758, 8.873675828185585 ], [ 77.808844781594871, 8.872174999224919 ], [ 77.809117788592843, 8.872278786838258 ], [ 77.809249301950445, 8.87232880032435 ], [ 77.809746541918088, 8.871387583698393 ], [ 77.809913209047693, 8.871072120330954 ], [ 77.812167684865102, 8.871949601557676 ], [ 77.812854393000904, 8.870335797258303 ], [ 77.812854371441333, 8.870335780394468 ], [ 77.807700380025182, 8.866858240112505 ], [ 77.807723160402475, 8.866492109758033 ], [ 77.808506540737554, 8.865915194358163 ], [ 77.809441642930878, 8.865226590758031 ], [ 77.809796312178065, 8.864666078604239 ], [ 77.810058410933578, 8.863170498409087 ], [ 77.810187691079392, 8.86243286361303 ], [ 77.810571480114859, 8.862365383660524 ], [ 77.810701383691466, 8.862342556606198 ], [ 77.810716314589783, 8.862027490211345 ], [ 77.810719602423731, 8.861958321097735 ], [ 77.812565146259189, 8.8617009576312 ], [ 77.812565185785061, 8.8617009549684 ], [ 77.812448010437706, 8.861031261643994 ], [ 77.812424390135632, 8.860896220440825 ], [ 77.812778377561557, 8.860863727394864 ], [ 77.813210786115135, 8.8608240483829 ], [ 77.813214100000224, 8.859355715118944 ], [ 77.813215749307091, 8.858626950437454 ], [ 77.815324945983505, 8.858369643219829 ], [ 77.815343370429972, 8.856714779943015 ], [ 77.815352647331892, 8.85588316577401 ], [ 77.815416097137046, 8.855880529583578 ], [ 77.816002697017595, 8.855856186095053 ], [ 77.816671084013166, 8.854735074658615 ], [ 77.816701245847128, 8.85448018522894 ], [ 77.816734779058393, 8.854197145951764 ], [ 77.817489514814, 8.853139406794067 ], [ 77.817394222426998, 8.852253309839751 ], [ 77.818003821873717, 8.849613203297332 ], [ 77.817972196684167, 8.848528216884507 ], [ 77.817839426583461, 8.847926688737605 ], [ 77.81757704126538, 8.846737917647079 ], [ 77.819242335444159, 8.846603585737183 ], [ 77.819422473709778, 8.846589055257018 ], [ 77.819867965327148, 8.846317881951631 ], [ 77.819959355432587, 8.843542102972311 ], [ 77.819473310270013, 8.84179245560345 ], [ 77.819404751745836, 8.841522993687834 ], [ 77.819296166089217, 8.841096215729943 ], [ 77.818884647857587, 8.839295723024193 ], [ 77.818710256114855, 8.838532771688346 ], [ 77.818461750666231, 8.838579280004152 ], [ 77.818323917660592, 8.838605064400065 ], [ 77.818205923948042, 8.837574293420657 ], [ 77.81905082360872, 8.83742636379842 ], [ 77.819237727086744, 8.837393639666256 ], [ 77.819230004270224, 8.837298186127498 ], [ 77.81919240977561, 8.836833045166415 ], [ 77.821847203629702, 8.836710107989109 ], [ 77.822110438754066, 8.83669791697052 ], [ 77.822164608063986, 8.836351245029343 ], [ 77.822306131348796, 8.835445691987431 ], [ 77.822654869918509, 8.835281114413077 ], [ 77.822842471387489, 8.835192599134805 ], [ 77.823347059574175, 8.835003578937943 ], [ 77.823469717339691, 8.83495763383285 ], [ 77.824701602241603, 8.834510251949451 ], [ 77.825106622060517, 8.834308897392152 ], [ 77.825801602781766, 8.833963402902967 ], [ 77.826766064613537, 8.83387299126815 ], [ 77.827101592558662, 8.833841540611711 ], [ 77.831328652857309, 8.833430773363892 ], [ 77.831478738883405, 8.832784283571577 ], [ 77.831987960580321, 8.831568270897321 ], [ 77.832897243395735, 8.829787184918615 ], [ 77.833192963397366, 8.827685067560774 ], [ 77.833892933361696, 8.827653498315929 ], [ 77.833807360746064, 8.826420100434845 ], [ 77.833765909783921, 8.825822545845208 ], [ 77.834156960800129, 8.824849004326571 ], [ 77.834361516173487, 8.824339753828511 ], [ 77.834220755558334, 8.823489835315796 ], [ 77.834598005756874, 8.823345256379621 ], [ 77.835003475631694, 8.822980606022266 ], [ 77.835025281336897, 8.822960998825168 ], [ 77.835248545922681, 8.822729559610085 ], [ 77.836739042320204, 8.821184536996174 ], [ 77.837048137338073, 8.820619483844709 ], [ 77.837496466733455, 8.819943493104473 ], [ 77.838448267709595, 8.818508400025426 ], [ 77.839407451040728, 8.816971428942002 ], [ 77.840305901970481, 8.81648849768133 ], [ 77.840416504344873, 8.816429046560268 ], [ 77.841150047944637, 8.816376573649951 ], [ 77.841489110760406, 8.816352329637803 ], [ 77.842603010932962, 8.816385030780534 ], [ 77.843343479645227, 8.816406774136079 ], [ 77.843525371422288, 8.815852723850185 ], [ 77.84391636494631, 8.81466180764005 ], [ 77.844693662788615, 8.813599489873784 ], [ 77.846280906843916, 8.811620872183376 ], [ 77.847652769928374, 8.809910762373931 ], [ 77.847839845882916, 8.809637302865166 ], [ 77.848030095585358, 8.809359229682709 ], [ 77.84802297014852, 8.808320945030513 ], [ 77.848016608279721, 8.807388165123561 ], [ 77.848193910563964, 8.80685472226485 ], [ 77.848434834231583, 8.806357456111854 ], [ 77.849748473010877, 8.804915412623098 ], [ 77.850512091308062, 8.804101698144152 ], [ 77.851398462592172, 8.802623525727638 ], [ 77.851662062432482, 8.802139793629266 ], [ 77.850921302666052, 8.801628873073684 ], [ 77.851048541839532, 8.799763359718753 ], [ 77.851053275062768, 8.799693961429565 ], [ 77.851109007441295, 8.798859823584907 ], [ 77.851121538041212, 8.79867225489893 ], [ 77.849837272375069, 8.798346309838021 ], [ 77.848644702241515, 8.798043600337669 ], [ 77.848362825278429, 8.799056261615528 ], [ 77.847566318760371, 8.798865450102497 ], [ 77.846644955401032, 8.798644711757396 ], [ 77.846863617019281, 8.797322841848509 ], [ 77.846926887161345, 8.796940376239823 ], [ 77.846469078743098, 8.796743236652958 ], [ 77.845845276033401, 8.796474588776904 ], [ 77.84566081058307, 8.795836030288852 ], [ 77.845313779710722, 8.794634540403012 ], [ 77.845384748414787, 8.79342954708339 ], [ 77.845413903237343, 8.792934748613909 ], [ 77.845633277219633, 8.792119789792382 ], [ 77.845741250225188, 8.791718697146225 ], [ 77.846662719585765, 8.790208745712109 ], [ 77.846695790164645, 8.790154555697798 ], [ 77.846041380954873, 8.790136407132541 ], [ 77.846032408581834, 8.788793670954012 ], [ 77.844728141925856, 8.788716720145008 ], [ 77.843927439377126, 8.786751199895155 ], [ 77.843901195096123, 8.786686771582147 ], [ 77.842279653363292, 8.786417747099806 ], [ 77.841856193826573, 8.786347484282219 ], [ 77.841794578381226, 8.786285754730581 ], [ 77.840545346112819, 8.785034211222438 ], [ 77.83988402167202, 8.784371642590292 ], [ 77.838911565732559, 8.783648192388531 ], [ 77.837538789959765, 8.782646213405593 ], [ 77.837393794686392, 8.782540377318139 ], [ 77.837238859554361, 8.782373949135067 ], [ 77.836194255422853, 8.781251826257291 ], [ 77.835895954561437, 8.780955026102022 ], [ 77.835835202397064, 8.780894579391848 ], [ 77.831945173823343, 8.780478135408867 ], [ 77.830639175215524, 8.780338785603865 ], [ 77.829018511136709, 8.78016581343409 ], [ 77.828824227998638, 8.779324218581534 ], [ 77.828437225689413, 8.777647569743712 ], [ 77.825401446441816, 8.777805368027959 ], [ 77.824754163567206, 8.777850389825852 ], [ 77.824687927188066, 8.777854996587436 ], [ 77.821720266290171, 8.7783924975829 ], [ 77.821070382792826, 8.778487326230712 ], [ 77.819547503925961, 8.777188352579653 ], [ 77.819535146700886, 8.777177812673624 ], [ 77.819091099574479, 8.776799048807497 ], [ 77.818080548778767, 8.775937026070464 ], [ 77.818770402814678, 8.774395161368178 ], [ 77.820135438702977, 8.771344219081463 ], [ 77.820662909674894, 8.769486235578308 ], [ 77.820675298340973, 8.769314106213693 ], [ 77.82076771971235, 8.768030544046765 ], [ 77.820795386026461, 8.765643570578851 ], [ 77.820390780330925, 8.760783234861796 ], [ 77.820350917590176, 8.76030433839081 ], [ 77.820509256438811, 8.757446910021024 ], [ 77.820510495215572, 8.757424546156066 ], [ 77.818102063429819, 8.757175498250877 ], [ 77.818756832863997, 8.754973993247518 ], [ 77.819547026022235, 8.753212307882649 ], [ 77.8196023622437, 8.753088939857253 ], [ 77.820288743392737, 8.751972417014269 ], [ 77.820415466933241, 8.751557114360127 ], [ 77.820817795399563, 8.75047509356796 ], [ 77.821068262768762, 8.749801572798233 ], [ 77.823595378173209, 8.746388464265969 ], [ 77.825458867653111, 8.74387947957916 ], [ 77.825981591927047, 8.742902998873276 ], [ 77.826050523252036, 8.742601267012637 ], [ 77.826309014373379, 8.741469862032654 ], [ 77.826468235367585, 8.740857993718238 ], [ 77.826719907377608, 8.7398909370896 ], [ 77.826739779009984, 8.739814577252055 ], [ 77.826745477023849, 8.739792681131021 ], [ 77.827196442974568, 8.738247487062299 ], [ 77.827459272958691, 8.737346955958461 ], [ 77.828023049342818, 8.735176975674957 ], [ 77.828045025727917, 8.73491038138155 ], [ 77.828086781218957, 8.734403835361718 ], [ 77.827925189570706, 8.733992356835131 ], [ 77.827582594579241, 8.733119924608907 ], [ 77.827531669984083, 8.732787451904487 ], [ 77.827500911668764, 8.732586496708828 ], [ 77.827337466796067, 8.731700362613941 ], [ 77.827319512168486, 8.73049794796156 ], [ 77.827319442099878, 8.730493277572204 ], [ 77.826933329122781, 8.729702102118956 ], [ 77.826755963956472, 8.729450501587408 ], [ 77.826517145041549, 8.729111707245302 ], [ 77.826506291596274, 8.729096310885369 ], [ 77.825962062552776, 8.728529394983012 ], [ 77.825729394402586, 8.728287019954214 ], [ 77.825682505039723, 8.728270946083402 ], [ 77.825597601668946, 8.728241841214407 ], [ 77.825377235946604, 8.728382221863974 ], [ 77.825079582770456, 8.728571824714651 ], [ 77.824879707619743, 8.728210145415481 ], [ 77.8247570893801, 8.727789700125962 ], [ 77.824788940046815, 8.727513928403967 ], [ 77.824757263653268, 8.726686607575729 ], [ 77.824798267254408, 8.726003960428104 ], [ 77.824684774999724, 8.725343908682779 ], [ 77.824030637081208, 8.724222702407481 ], [ 77.82371774488459, 8.723838400843833 ], [ 77.82331285532139, 8.723341064433988 ], [ 77.822614694564052, 8.722420954990097 ], [ 77.822304333819929, 8.722011908602036 ], [ 77.822118069942405, 8.721803938305891 ], [ 77.821990926888645, 8.721297594702843 ], [ 77.821968238139519, 8.72111675823303 ], [ 77.821876203043686, 8.721036073889518 ], [ 77.821777434176525, 8.720949481246196 ], [ 77.821413995575526, 8.720452123230588 ], [ 77.821232326580656, 8.72020800438905 ], [ 77.821132357564267, 8.720018136239174 ], [ 77.82114391439039, 8.71986326494655 ], [ 77.821150576296532, 8.719774009122647 ], [ 77.821305121559718, 8.719425917332396 ], [ 77.821337957678281, 8.719392911083748 ], [ 77.821736898597678, 8.718991936252284 ], [ 77.821891497759751, 8.718595318087626 ], [ 77.821909594321141, 8.718548903945345 ], [ 77.821921610186379, 8.718459356564649 ], [ 77.821964221771864, 8.718142044743534 ], [ 77.821877310666451, 8.717629788730138 ], [ 77.82185070436438, 8.717472933682611 ], [ 77.821619077361632, 8.716835479121297 ], [ 77.821369255881095, 8.71632460739176 ], [ 77.821130931937915, 8.7159407256904 ], [ 77.821024066555097, 8.715768546723687 ], [ 77.820783327042079, 8.715221457892779 ], [ 77.820747531872982, 8.715107887297274 ], [ 77.820637992205548, 8.714760339021872 ], [ 77.820660784260937, 8.71427660361646 ], [ 77.820655315317467, 8.71390568560178 ], [ 77.820651791226624, 8.713666296127652 ], [ 77.820520144020051, 8.712951991137077 ], [ 77.820511140205952, 8.712459216728755 ], [ 77.820388565983734, 8.711848908936981 ], [ 77.820570419133247, 8.711265709337782 ], [ 77.820764309707542, 8.710824926826707 ], [ 77.820824956768988, 8.710687055152547 ], [ 77.820613125940156, 8.710608850388764 ], [ 77.820543239705998, 8.710583034901468 ], [ 77.819893623906609, 8.710103786256786 ], [ 77.819682891717378, 8.709886045373194 ], [ 77.819421137914929, 8.70961552424108 ], [ 77.819372938808357, 8.709395184911436 ], [ 77.819321293764375, 8.709158869322152 ], [ 77.819250625097609, 8.708376570012504 ], [ 77.819239625226956, 8.708254731322301 ], [ 77.819157899197336, 8.707838761097518 ], [ 77.818803600056015, 8.707345998599036 ], [ 77.818739512447024, 8.707155876175021 ], [ 77.818571984731364, 8.706658823026025 ], [ 77.818281439924078, 8.705234730415594 ], [ 77.818222454745893, 8.704773596567353 ], [ 77.818243434899372, 8.704570008572762 ], [ 77.818272210632855, 8.704291087849988 ], [ 77.81828166360458, 8.704199452103158 ], [ 77.817941123060166, 8.702906493005601 ], [ 77.817811163788008, 8.702650833269349 ], [ 77.817745771825201, 8.702522173080828 ], [ 77.817709569719284, 8.701694851990512 ], [ 77.817650773187282, 8.700166794599923 ], [ 77.817691854043545, 8.699095320586428 ], [ 77.817255847737229, 8.698218293272721 ], [ 77.817056011214078, 8.69772998555934 ], [ 77.81674267075816, 8.696902668088494 ], [ 77.816297581586014, 8.695962252785428 ], [ 77.816097770215663, 8.695288702952544 ], [ 77.816070580008642, 8.695154169728383 ], [ 77.815947953684159, 8.694547234727462 ], [ 77.815843558668377, 8.693968555584542 ], [ 77.81547565544038, 8.693313002714936 ], [ 77.814958628281985, 8.692443448567326 ], [ 77.81494868572841, 8.692426719589944 ], [ 77.814553618344561, 8.691735151235244 ], [ 77.814337214192633, 8.691367507137119 ], [ 77.813949559706472, 8.690708846153477 ], [ 77.813803273554043, 8.690420551128424 ], [ 77.813717896771138, 8.690252241879744 ], [ 77.813620225645224, 8.689969928979348 ], [ 77.81357712627451, 8.689845351914194 ], [ 77.813395622569672, 8.688593056580354 ], [ 77.81332211342999, 8.688307572246012 ], [ 77.813304816369168, 8.68824038741565 ], [ 77.813262368277066, 8.687983319058484 ], [ 77.813245840174162, 8.687883227263386 ], [ 77.812578270645474, 8.686300778781682 ], [ 77.812413079447893, 8.685951328282302 ], [ 77.812142250864468, 8.685378341358641 ], [ 77.811894604205236, 8.68506023069922 ], [ 77.811438237583047, 8.684473949703676 ], [ 77.81066145717034, 8.683732350862323 ], [ 77.810508436348186, 8.683545748102278 ], [ 77.810298050010346, 8.683289189802192 ], [ 77.811169534413551, 8.682643007299005 ], [ 77.81127958701903, 8.682561405329704 ], [ 77.811865738640208, 8.682073236176526 ], [ 77.81199191241177, 8.681778058556112 ], [ 77.812188504220117, 8.681318197683588 ], [ 77.81228074233519, 8.681153908874007 ], [ 77.812470244639329, 8.680816423264236 ], [ 77.813724200249482, 8.680857326563654 ], [ 77.814018576371453, 8.680882201905577 ], [ 77.815600539231198, 8.681015890411512 ], [ 77.816650066130435, 8.681178831261498 ], [ 77.816932815357703, 8.681316050442955 ], [ 77.817013469697173, 8.681355192737641 ], [ 77.817490428400646, 8.68179838893893 ], [ 77.817894768194876, 8.682006427638719 ], [ 77.818156825627881, 8.682072252248565 ], [ 77.818380904985588, 8.682128558144434 ], [ 77.818753474961483, 8.682042690895013 ], [ 77.819721280322696, 8.681640393756222 ], [ 77.820244174378246, 8.681511546973997 ], [ 77.820711801382529, 8.681396356169142 ], [ 77.820979823629017, 8.681387301884087 ], [ 77.82101867756171, 8.681561374827385 ], [ 77.821034315434147, 8.681631436271539 ], [ 77.821693062608418, 8.681744500190538 ], [ 77.821885000245302, 8.681763600664169 ], [ 77.822329137203212, 8.681807817071459 ], [ 77.823387737086847, 8.681816914859468 ], [ 77.824047647579405, 8.681833702031586 ], [ 77.824278240621283, 8.681839573634347 ], [ 77.824305755120093, 8.681637833586873 ], [ 77.824351010447486, 8.681306104580397 ], [ 77.824395833685216, 8.681092643218088 ], [ 77.824437412208141, 8.680894718610064 ], [ 77.824436300992119, 8.680861765798195 ], [ 77.824432876614296, 8.680759082622636 ], [ 77.824019467428968, 8.680695773556998 ], [ 77.82400601875085, 8.679651405983213 ], [ 77.824065125201571, 8.679131571274203 ], [ 77.824211467049565, 8.679113864871555 ], [ 77.824551270975448, 8.679072802425004 ], [ 77.824551349128896, 8.67856191470449 ], [ 77.824542089294951, 8.678521973779496 ], [ 77.824428766821839, 8.678032994815661 ], [ 77.824288255040045, 8.677744319739221 ], [ 77.824215299262562, 8.67759441903987 ], [ 77.824142393790737, 8.677512213886887 ], [ 77.824079026630628, 8.677440742366066 ], [ 77.824042739184691, 8.677070029422699 ], [ 77.8241381995567, 8.676749052249964 ], [ 77.824173000290784, 8.676394669588944 ], [ 77.824211038553173, 8.676007568685003 ], [ 77.824262924345661, 8.675444596072136 ], [ 77.824320238657435, 8.674823037812859 ], [ 77.822975484033307, 8.67449279380263 ], [ 77.821112842563025, 8.673900235611187 ], [ 77.819176076607107, 8.673387889791613 ], [ 77.81900941576572, 8.673343799382657 ], [ 77.818232597623762, 8.673004586612704 ], [ 77.818156007262658, 8.672956591432849 ], [ 77.818109919196999, 8.672927701610252 ], [ 77.817960158361032, 8.672854760393026 ], [ 77.81663349041682, 8.672208546608154 ], [ 77.816511200062266, 8.670124253100528 ], [ 77.816470470447257, 8.669238075054841 ], [ 77.81642534357897, 8.667538064400373 ], [ 77.816339795217843, 8.666711695405157 ], [ 77.81622128138072, 8.66556670721031 ], [ 77.816139646979295, 8.664784592255636 ], [ 77.815945873185953, 8.664365953136926 ], [ 77.81589896495845, 8.664264609092415 ], [ 77.815879926962637, 8.664241612681122 ], [ 77.815494677266514, 8.663776203911075 ], [ 77.815049439872354, 8.663830387410655 ], [ 77.81445176017111, 8.663757393808028 ], [ 77.814122626434184, 8.663717184889586 ], [ 77.813900395809299, 8.66363845081143 ], [ 77.813382179281433, 8.66345484328213 ], [ 77.812641692602853, 8.663219610601757 ], [ 77.812592226871757, 8.662941164442904 ], [ 77.812550946589511, 8.662708673793439 ], [ 77.812114777688137, 8.662740254357523 ], [ 77.811954432003176, 8.662090019767939 ], [ 77.811860591293652, 8.661709412791812 ], [ 77.811709076047933, 8.660908515979857 ], [ 77.811579176962923, 8.660221815712232 ], [ 77.811531718966435, 8.659959296716108 ], [ 77.811447604316513, 8.659493897744154 ], [ 77.811568785251694, 8.659401498856777 ], [ 77.811661123978084, 8.659331135761999 ], [ 77.811538591976685, 8.658652921743151 ], [ 77.811461641391119, 8.658550318641911 ], [ 77.811284244783778, 8.658313780972332 ], [ 77.810770870175304, 8.658349861795177 ], [ 77.810566413616627, 8.658444772423964 ], [ 77.809576038083904, 8.658263767980026 ], [ 77.809435148111362, 8.658471676730365 ], [ 77.808526603711101, 8.658295199720193 ], [ 77.808740488088688, 8.656491252655403 ], [ 77.808899726150898, 8.655333831244215 ], [ 77.80896815801259, 8.654465634077537 ], [ 77.809086496678219, 8.652964709207906 ], [ 77.809135485403942, 8.651754233810944 ], [ 77.809154943811308, 8.651273759060027 ], [ 77.809166006564013, 8.650923627679077 ], [ 77.809168662882342, 8.650839675139707 ], [ 77.808772530994844, 8.650839647608748 ], [ 77.808491781417445, 8.650839596099233 ], [ 77.808477158641224, 8.650100042787745 ], [ 77.808469267839783, 8.649700231886602 ], [ 77.808493023787463, 8.649651036576509 ], [ 77.808691960198715, 8.649239060016114 ], [ 77.808536557942773, 8.649064404610648 ], [ 77.808410365306599, 8.648922554649561 ], [ 77.807898902313056, 8.648439375570781 ], [ 77.807610979688093, 8.648167360767163 ], [ 77.80752220098519, 8.648020908323382 ], [ 77.807452008425528, 8.647905090026205 ], [ 77.806689794195151, 8.647611539226867 ], [ 77.806148316691349, 8.647402985044733 ], [ 77.806113357853746, 8.6472986293132 ], [ 77.806107423582972, 8.647280902761432 ], [ 77.806665144423761, 8.647197749591863 ], [ 77.807561193258394, 8.64706416629117 ], [ 77.80793713910316, 8.647097234854391 ], [ 77.808642409127657, 8.647159293798023 ], [ 77.809851356447112, 8.647592543590513 ], [ 77.811722269604516, 8.648263067925731 ], [ 77.814352495433923, 8.64903661242036 ], [ 77.815080582666624, 8.649240680797163 ], [ 77.815724441163397, 8.649421147839277 ], [ 77.816767104035549, 8.64973858795406 ], [ 77.817150896664273, 8.649855435880868 ], [ 77.819122436404854, 8.650253600085751 ], [ 77.819090751926467, 8.649579922992221 ], [ 77.81886849974201, 8.647536265382097 ], [ 77.818569065206702, 8.645239403217555 ], [ 77.81838237732434, 8.644175125194028 ], [ 77.818324003898866, 8.643842301846087 ], [ 77.818301288200274, 8.642687246578785 ], [ 77.818296973591984, 8.642467807596553 ], [ 77.818465170552514, 8.6418393750095 ], [ 77.81852003336185, 8.639831929427379 ], [ 77.818593298159783, 8.639416407406108 ], [ 77.818720141176215, 8.638697072024701 ], [ 77.818752172404317, 8.637453740723288 ], [ 77.818629641301257, 8.636513317889392 ], [ 77.818633527413169, 8.63619846619301 ], [ 77.818648068442656, 8.635021293435663 ], [ 77.818847894186035, 8.632825119618598 ], [ 77.818861986057897, 8.63267025232285 ], [ 77.818863224834701, 8.632655090026681 ], [ 77.818962138330633, 8.631444996147723 ], [ 77.818941507621801, 8.631146514005218 ], [ 77.818934949920219, 8.631051640020175 ], [ 77.816790753083737, 8.631164338122879 ], [ 77.816277460221968, 8.631164256413845 ], [ 77.816064021408778, 8.630567380263084 ], [ 77.815577943906831, 8.630653208633762 ], [ 77.815005823072056, 8.629301266093659 ], [ 77.814592450717669, 8.628189899639915 ], [ 77.814279318670856, 8.627347959423 ], [ 77.814024691203585, 8.626730090203132 ], [ 77.813884281829729, 8.626389378877235 ], [ 77.813776880152702, 8.62639538101519 ], [ 77.813561791134305, 8.626407389731597 ], [ 77.813157642681247, 8.625566419846713 ], [ 77.813134656589739, 8.625431261291839 ], [ 77.813107691859869, 8.625272489295558 ], [ 77.81312671727926, 8.62478877988945 ], [ 77.813135078797941, 8.624576213717488 ], [ 77.813119220838217, 8.624536734236679 ], [ 77.812835424175361, 8.623830174197417 ], [ 77.812410979186751, 8.623179349356322 ], [ 77.812381269205389, 8.623133792934363 ], [ 77.812281989196791, 8.622834415173179 ], [ 77.812217845892249, 8.622640970914192 ], [ 77.812004552606126, 8.621605507815881 ], [ 77.81183656585138, 8.620963477313044 ], [ 77.81132777983737, 8.621026688953139 ], [ 77.811307089839758, 8.620902987002721 ], [ 77.811250687318008, 8.620565461604643 ], [ 77.809347211129889, 8.620981086087014 ], [ 77.807748155126902, 8.621337997089279 ], [ 77.807403390704053, 8.619036632309312 ], [ 77.807635061724227, 8.618887456974475 ], [ 77.80731274440366, 8.618019351777479 ], [ 77.807444515577743, 8.617770628706793 ], [ 77.807142352858875, 8.616848143296599 ], [ 77.806890643119644, 8.616079598098272 ], [ 77.806504546312198, 8.616156381900691 ], [ 77.806216511397835, 8.614721622404364 ], [ 77.806068869687621, 8.613986085728145 ], [ 77.80585874655614, 8.612941532336256 ], [ 77.805651401913835, 8.611910713648909 ], [ 77.803482066622436, 8.61244099912351 ], [ 77.802952988564471, 8.612570326056543 ], [ 77.798909951745031, 8.61341048108258 ], [ 77.795943558370027, 8.613916247070868 ], [ 77.793385976602679, 8.614462773677198 ], [ 77.793111397552948, 8.614550009031859 ], [ 77.79295181543597, 8.614600709054676 ], [ 77.79273177400546, 8.614670588441893 ], [ 77.792577194606309, 8.615244794952007 ], [ 77.792533192428749, 8.615618395800132 ], [ 77.792477071977984, 8.616094761059712 ], [ 77.792411835423735, 8.61678208879588 ], [ 77.792335864001842, 8.617582246222479 ], [ 77.792058370817315, 8.619214383563795 ], [ 77.79192391727382, 8.619999344616504 ], [ 77.791735412997966, 8.621099670402664 ], [ 77.791576285428548, 8.621687376123289 ], [ 77.79123243010072, 8.621803071020466 ], [ 77.790958428667707, 8.621895243758967 ], [ 77.789977138695718, 8.622216033205902 ], [ 77.789668788381192, 8.622313336758983 ], [ 77.789504653602364, 8.622365106864562 ], [ 77.789339954681552, 8.622109348849589 ], [ 77.788968884892185, 8.621533062027206 ], [ 77.788788566065207, 8.621331128022014 ], [ 77.78878718984619, 8.621329586167754 ], [ 77.788432888908247, 8.621234556064103 ], [ 77.787129276225826, 8.620759516208144 ], [ 77.786920767366894, 8.620716099975347 ], [ 77.786824930600815, 8.620696131330931 ], [ 77.786596127003008, 8.620101696197864 ], [ 77.786384638432281, 8.619552198823389 ], [ 77.786130360409658, 8.618977889610024 ], [ 77.785871775863527, 8.617482843584616 ], [ 77.785858211302752, 8.617404413376756 ], [ 77.785846840427894, 8.617330132702932 ], [ 77.785726699741772, 8.616545335749453 ], [ 77.785595921206109, 8.615598494388012 ], [ 77.785395716373657, 8.614148970306207 ], [ 77.785395850222656, 8.613631842104349 ], [ 77.785395939155876, 8.613289924363617 ], [ 77.785123153143445, 8.61182775341886 ], [ 77.784951394362764, 8.610907093841817 ], [ 77.784792624322847, 8.610075136591709 ], [ 77.784683254436999, 8.609453682815714 ], [ 77.784611204161322, 8.60904426923806 ], [ 77.78461119966974, 8.609044237263104 ], [ 77.784435893442051, 8.607739732413542 ], [ 77.784257573366574, 8.606412756051508 ], [ 77.784236699214333, 8.606277148326628 ], [ 77.784107929311588, 8.605440641297806 ], [ 77.784107974227354, 8.605440624421973 ], [ 77.784321443583266, 8.605363831339295 ], [ 77.784302515181935, 8.605057296582801 ], [ 77.784298831190938, 8.604997591565105 ], [ 77.78431257810972, 8.604540960670167 ], [ 77.784310264049566, 8.604483044414808 ], [ 77.784299037803478, 8.604201852102641 ], [ 77.78446257340596, 8.604174763622073 ], [ 77.784462579694193, 8.604174730758496 ], [ 77.784018516398092, 8.599996976033376 ], [ 77.783774958870083, 8.598225472420335 ], [ 77.783755563344755, 8.598084401879069 ], [ 77.783750328861601, 8.598001481254089 ], [ 77.783637955009453, 8.59622159769091 ], [ 77.783561901840869, 8.595083737739071 ], [ 77.783479601787818, 8.593852398011753 ], [ 77.783461993011613, 8.593456661417848 ], [ 77.78343896290265, 8.59293908482503 ], [ 77.783386123099348, 8.592625109065505 ], [ 77.78332558473403, 8.592265383714953 ], [ 77.783128867161537, 8.591400991587451 ], [ 77.783125956620012, 8.591388201001532 ], [ 77.783125211916655, 8.591373008627226 ], [ 77.783076261818479, 8.590375418831542 ], [ 77.782840256427036, 8.58965195223313 ], [ 77.782776192174239, 8.589437704432571 ], [ 77.782318364891381, 8.587906601682503 ], [ 77.782124882152218, 8.587452973780213 ], [ 77.78194613717362, 8.587033898081099 ], [ 77.781739678270185, 8.586533272903353 ], [ 77.78160115266347, 8.586197370786852 ], [ 77.781248848680406, 8.585118040411576 ], [ 77.78123807698185, 8.58508504015246 ], [ 77.781179167262152, 8.584574117573613 ], [ 77.78109971756345, 8.583732714565766 ], [ 77.781075002215047, 8.583470884117391 ], [ 77.781086377581502, 8.583428446906957 ], [ 77.781147743295179, 8.58319963443971 ], [ 77.781934379124891, 8.582957487352413 ], [ 77.782864802892192, 8.582671081891869 ], [ 77.782864828045021, 8.58267107389757 ], [ 77.784904435829631, 8.58205107456596 ], [ 77.785599428228977, 8.581839809684105 ], [ 77.786288484560899, 8.581586629564095 ], [ 77.788538484073257, 8.580759908202923 ], [ 77.788847569209707, 8.580650764124599 ], [ 77.790355494720345, 8.580118297901167 ], [ 77.792372369738388, 8.579431510343232 ], [ 77.792737797209412, 8.579347001867433 ], [ 77.793544303773189, 8.579160489616662 ], [ 77.796004532418237, 8.578525231262351 ], [ 77.796256116393337, 8.578460267977386 ], [ 77.798277498259125, 8.577845791231846 ], [ 77.80047148062701, 8.577199689363644 ], [ 77.800974146418952, 8.577028329035397 ], [ 77.801280029061402, 8.576924053375407 ], [ 77.801348752875597, 8.576890563856145 ], [ 77.802170381678849, 8.576490179911691 ], [ 77.802928972105377, 8.576205484824387 ], [ 77.803133386443179, 8.57612413787518 ], [ 77.803092572386589, 8.57580312020051 ], [ 77.802921271746754, 8.575495430781297 ], [ 77.802838313228563, 8.575346420402379 ], [ 77.802574937967051, 8.575043440238911 ], [ 77.802406872160532, 8.574933526161301 ], [ 77.802270662410635, 8.574844443851031 ], [ 77.801666614552346, 8.574609217312297 ], [ 77.80135296777091, 8.574356366364047 ], [ 77.80118978340964, 8.574224812813508 ], [ 77.801122174404711, 8.574170477008918 ], [ 77.800930929368945, 8.574016779567378 ], [ 77.800342264261587, 8.573771710414279 ], [ 77.800072557673943, 8.573659426046765 ], [ 77.799687622388163, 8.573567839385412 ], [ 77.799463953560533, 8.573514621827627 ], [ 77.799243183596289, 8.573457739231078 ], [ 77.799200529789985, 8.573446747690049 ], [ 77.799151772829617, 8.573369804229168 ], [ 77.798905399981464, 8.572980994393287 ], [ 77.798392485310458, 8.571538594828876 ], [ 77.798351037941543, 8.571279495437441 ], [ 77.798342574014953, 8.571226601782294 ], [ 77.798056543241955, 8.570738251387739 ], [ 77.79796667218767, 8.570661096855327 ], [ 77.797924849322996, 8.570625192428995 ], [ 77.797914664224308, 8.570559284435973 ], [ 77.797684476322644, 8.569069811556792 ], [ 77.797523878211081, 8.56832755258816 ], [ 77.797421323843295, 8.56785353636239 ], [ 77.797171871570384, 8.566248408578584 ], [ 77.797097023940921, 8.565836954153541 ], [ 77.797022179904673, 8.565425499283412 ], [ 77.797694203280543, 8.565202665758285 ], [ 77.797989687025265, 8.565104688430697 ], [ 77.798293925750741, 8.565425763107282 ], [ 77.798747894769463, 8.566443150098792 ], [ 77.798747937888578, 8.566443139439253 ], [ 77.800478492876124, 8.565964240574303 ], [ 77.800478504554221, 8.565964267223153 ], [ 77.800547525710741, 8.566130596799196 ], [ 77.800759945834415, 8.566642492877181 ], [ 77.800891667601149, 8.5666244338795 ], [ 77.80125482682611, 8.567510691723459 ], [ 77.801623507096792, 8.567448013905512 ], [ 77.802662901897975, 8.567271329202713 ], [ 77.802776438170127, 8.567271351410009 ], [ 77.802958009248613, 8.567791338277722 ], [ 77.80323438133567, 8.567823486392145 ], [ 77.803503045877548, 8.567854739995601 ], [ 77.80490612990971, 8.569735871039907 ], [ 77.805523835753604, 8.569582272181542 ], [ 77.805523875279476, 8.569582262410394 ], [ 77.805698152936174, 8.570008674170568 ], [ 77.805732708430185, 8.570093209595207 ], [ 77.805855285347363, 8.570065246383466 ], [ 77.806227806814206, 8.569980268586582 ], [ 77.806325771689202, 8.570242723026226 ], [ 77.80649110032904, 8.570685641908019 ], [ 77.806516991572153, 8.570680979307474 ], [ 77.807017985599359, 8.570590791863761 ], [ 77.807163244977446, 8.571051990310657 ], [ 77.807257042567841, 8.571184726375016 ], [ 77.80733579337722, 8.571296172935256 ], [ 77.807703109106995, 8.57160396257699 ], [ 77.80770817740185, 8.571608210338781 ], [ 77.808163784947638, 8.571432719643461 ], [ 77.810183774424743, 8.570654654134064 ], [ 77.811287546092444, 8.570342874438554 ], [ 77.811405598195506, 8.570559923112102 ], [ 77.812127819429435, 8.570361103810205 ], [ 77.812080921981703, 8.569931733566856 ], [ 77.811978189747506, 8.568991120836671 ], [ 77.811961430777558, 8.568707240022242 ], [ 77.811860477207617, 8.566997204106077 ], [ 77.811747119700215, 8.565988931610473 ], [ 77.811677092430557, 8.565995559176072 ], [ 77.811556351669836, 8.566006971984086 ], [ 77.811539949331063, 8.56588244817447 ], [ 77.811438433415788, 8.56511174505895 ], [ 77.811356734335618, 8.564813325252262 ], [ 77.812951077776603, 8.564189653873751 ], [ 77.813610960421386, 8.563938162200822 ], [ 77.814291047075244, 8.563678967912905 ], [ 77.815522943655253, 8.563183555604359 ], [ 77.815594680418897, 8.563154707136672 ], [ 77.815050009404246, 8.561165243094466 ], [ 77.814778336404444, 8.560501767792475 ], [ 77.814387212624709, 8.559546550144933 ], [ 77.814387191963448, 8.559546503064517 ], [ 77.813488285587866, 8.557416819278382 ], [ 77.813353672144217, 8.55696527539498 ], [ 77.813265872605015, 8.556670765787459 ], [ 77.81325687418078, 8.556218632953252 ], [ 77.81335720701486, 8.555495488640346 ], [ 77.813432448106454, 8.554953200570187 ], [ 77.81345698289347, 8.554776367047213 ], [ 77.813473128314087, 8.554524536034913 ], [ 77.813488867696194, 8.554279027931289 ], [ 77.81332547312914, 8.5536867104314 ], [ 77.81328296664654, 8.553549097585286 ], [ 77.813234702861251, 8.553392806790624 ], [ 77.814619095647302, 8.553114068400856 ], [ 77.81547846896386, 8.552941059151603 ], [ 77.817063654080528, 8.552217923717812 ], [ 77.818081580044705, 8.552030779889005 ], [ 77.819275583889464, 8.55181130706211 ], [ 77.820397447626974, 8.551585408831256 ], [ 77.820396736161271, 8.551583671261373 ], [ 77.820311388124438, 8.551375026903314 ], [ 77.820197690155538, 8.55109707765042 ], [ 77.819857161289221, 8.550468563721724 ], [ 77.819798834576147, 8.550388700112663 ], [ 77.819675574041057, 8.550219883438224 ], [ 77.819657493649331, 8.549708980643471 ], [ 77.819734822425616, 8.54896294936759 ], [ 77.81977787598224, 8.548432641864228 ], [ 77.819816710151983, 8.547954707288943 ], [ 77.819980307738263, 8.547394087405616 ], [ 77.820107563979718, 8.546874156185993 ], [ 77.820116712422589, 8.546494366140552 ], [ 77.820057787431509, 8.545789032390939 ], [ 77.819994316066797, 8.545115347230785 ], [ 77.819965244787554, 8.544634071875606 ], [ 77.819939973382006, 8.544215596603273 ], [ 77.819939973382006, 8.544215569064567 ], [ 77.819952083570357, 8.544102583958098 ], [ 77.819999102290637, 8.543664005707454 ], [ 77.820060365596376, 8.542921473355822 ], [ 77.820067367964029, 8.542836623642152 ], [ 77.820090813992934, 8.542585973352308 ], [ 77.820217513278919, 8.541231569877995 ], [ 77.820258553710971, 8.540846596002769 ], [ 77.820290293884923, 8.540548861652892 ], [ 77.820091546119897, 8.540550160426264 ], [ 77.819613574116772, 8.540553251009364 ], [ 77.819082231406, 8.540575805424952 ], [ 77.81903271896249, 8.540376635560053 ], [ 77.818968741846263, 8.540119138879648 ], [ 77.818772305446473, 8.539400595915948 ], [ 77.818678264412625, 8.539056577911046 ], [ 77.818636831416768, 8.538894007593237 ], [ 77.818528484712047, 8.53846879137684 ], [ 77.818197142916134, 8.537315804846827 ], [ 77.817933908690108, 8.536275860923514 ], [ 77.817638889374393, 8.535213307022257 ], [ 77.818038556132521, 8.535181717603916 ], [ 77.818043223778702, 8.534453787731849 ], [ 77.81803901427331, 8.534092326587293 ], [ 77.818038748371961, 8.534069475073332 ], [ 77.817234857702317, 8.534236639423062 ], [ 77.815881401996336, 8.534571003437682 ], [ 77.815422527277832, 8.534659993893762 ], [ 77.815159261610816, 8.53471104215668 ], [ 77.815159221186605, 8.534711046598529 ], [ 77.814250922026403, 8.534796793593109 ], [ 77.813474305107107, 8.534837366212216 ], [ 77.81347427815767, 8.534837365323861 ], [ 77.813397095806749, 8.534831004614867 ], [ 77.812924779596671, 8.534792065702494 ], [ 77.81223447640312, 8.53468795970422 ], [ 77.812143239909574, 8.53468441334107 ], [ 77.81186134857343, 8.534673451773997 ], [ 77.811416993324897, 8.534656172136421 ], [ 77.811211484839006, 8.534670621434987 ], [ 77.810903784904752, 8.534692254961133 ], [ 77.810263386718475, 8.534863953263912 ], [ 77.810026995051473, 8.534929459672009 ], [ 77.809268721730234, 8.535139579719695 ], [ 77.808555654329069, 8.535315785390731 ], [ 77.808382456447347, 8.535352537092644 ], [ 77.808215055394172, 8.535388058404308 ], [ 77.808215018563232, 8.53538806639961 ], [ 77.807965432441335, 8.53437524532673 ], [ 77.807842895050058, 8.533945698606729 ], [ 77.807820968970603, 8.53385873257813 ], [ 77.807819307985639, 8.533852147095354 ], [ 77.807370956132374, 8.532073783646531 ], [ 77.807266562014888, 8.531716585334813 ], [ 77.807702581795937, 8.531571989043508 ], [ 77.808124428856729, 8.531437499740875 ], [ 77.808992466424172, 8.531160771692166 ], [ 77.809641908848732, 8.530967194573357 ], [ 77.810114296025731, 8.530826391366032 ], [ 77.810724873737826, 8.530643186766866 ], [ 77.811258834139309, 8.530482968843138 ], [ 77.812226261309831, 8.530071692574793 ], [ 77.812226261309831, 8.530071648155893 ], [ 77.812180980829623, 8.529357316747452 ], [ 77.812197746087762, 8.529235878747139 ], [ 77.812212815326674, 8.529126735005534 ], [ 77.812367276148194, 8.528846448204957 ], [ 77.812698891031943, 8.528462181430394 ], [ 77.812816977271012, 8.528389861798678 ], [ 77.813993271728208, 8.528177554393043 ], [ 77.813990926227021, 8.527558155733397 ], [ 77.813988946340118, 8.527033650736147 ], [ 77.814064623114604, 8.526151066442919 ], [ 77.814093618935331, 8.525812920296966 ], [ 77.814123560682077, 8.525324665407954 ], [ 77.814125506432973, 8.52529297211869 ], [ 77.814124531760896, 8.525230855040853 ], [ 77.814112037991919, 8.524433920847297 ], [ 77.814078567662733, 8.52413352984663 ], [ 77.813985086279345, 8.52329452791138 ], [ 77.813867179703351, 8.522358593904762 ], [ 77.813712959630323, 8.521372918844992 ], [ 77.81347689225511, 8.520857451934972 ], [ 77.813395403380753, 8.520741862236232 ], [ 77.813327064045524, 8.520644923576077 ], [ 77.813293061015386, 8.520602593971061 ], [ 77.813291782712724, 8.520601002846204 ], [ 77.813236256048413, 8.520531876415117 ], [ 77.813236261438291, 8.520531837325501 ], [ 77.81324082218498, 8.52041888607843 ], [ 77.813240818591737, 8.520418845212003 ], [ 77.813368002069652, 8.520292269414279 ], [ 77.813460639934988, 8.520188177233557 ], [ 77.813649629301125, 8.519975824406282 ], [ 77.81373542829219, 8.519816701852788 ], [ 77.813849519723192, 8.519605106626678 ], [ 77.814012177671685, 8.519556993405089 ], [ 77.814017557681908, 8.51955540227587 ], [ 77.815289201120024, 8.519329540038145 ], [ 77.816379166580106, 8.519185032342946 ], [ 77.817791586802997, 8.518968229831227 ], [ 77.817791623633951, 8.518968225389226 ], [ 77.818858847344316, 8.518801102334585 ], [ 77.819091152575112, 8.518694402280252 ], [ 77.81921310606144, 8.518638388360078 ], [ 77.819363001644703, 8.51846207905133 ], [ 77.819508356244185, 8.518285769661286 ], [ 77.819680935186653, 8.518254145972634 ], [ 77.820330361441535, 8.518231636436289 ], [ 77.820792114362192, 8.518258746137416 ], [ 77.821025189449202, 8.518272434692328 ], [ 77.821978911023407, 8.518105277574277 ], [ 77.82223405502198, 8.51803328380527 ], [ 77.822587487289042, 8.517933554862369 ], [ 77.823205158098617, 8.517684968880827 ], [ 77.823904600751874, 8.517260062214103 ], [ 77.823998357019775, 8.51719909876206 ], [ 77.824585878571796, 8.516817065290745 ], [ 77.825044605966568, 8.516532288327225 ], [ 77.825044625729504, 8.516532272335853 ], [ 77.825348536569905, 8.516196171689433 ], [ 77.825453397811316, 8.516080208338062 ], [ 77.825812256801044, 8.515492484186236 ], [ 77.826056675813433, 8.514951657588906 ], [ 77.826239293429211, 8.514547595418049 ], [ 77.826702654334241, 8.513575561414521 ], [ 77.827088793362492, 8.512748209253227 ], [ 77.827256878931934, 8.512382009190844 ], [ 77.827296174835723, 8.512290473557304 ], [ 77.827470395000233, 8.511884685929834 ], [ 77.827538555570726, 8.511608892564634 ], [ 77.827543139673622, 8.51130143298178 ], [ 77.827184525025672, 8.510360966215622 ], [ 77.82699841565838, 8.509746037691436 ], [ 77.826866766655172, 8.509425006790989 ], [ 77.826694259577906, 8.508999979901422 ], [ 77.826666901385934, 8.508460412807752 ], [ 77.82663992677459, 8.507928418817048 ], [ 77.826612778788373, 8.507259258325014 ], [ 77.82661289736599, 8.506472548103702 ], [ 77.826331536934163, 8.505165848301994 ], [ 77.826140965634863, 8.504103311912731 ], [ 77.826034270033588, 8.503497867212474 ], [ 77.826034243982477, 8.503497722396755 ], [ 77.825977621373468, 8.503176418839365 ], [ 77.825950431166461, 8.502887051816003 ], [ 77.825950432064786, 8.502798852676838 ], [ 77.825950435658044, 8.50277857044351 ], [ 77.825950434759704, 8.502778537571141 ], [ 77.825976858703797, 8.502738397776369 ], [ 77.826036738604017, 8.502647431106404 ], [ 77.827149437729005, 8.501978420422526 ], [ 77.827644484010733, 8.50162130062612 ], [ 77.827645755126852, 8.501620615635554 ], [ 77.827730053033108, 8.501575263216166 ], [ 77.828493810569142, 8.501034692384232 ], [ 77.829515649594697, 8.500469734698109 ], [ 77.830337653893764, 8.500221182691062 ], [ 77.830296787734881, 8.500157887016769 ], [ 77.830058149381301, 8.499823911384693 ], [ 77.829479461861794, 8.499014031995756 ], [ 77.82930107800594, 8.498397870747862 ], [ 77.829207194177286, 8.498073583934566 ], [ 77.828994626729923, 8.497283417428388 ], [ 77.828835043714648, 8.496690171116128 ], [ 77.82824949126973, 8.494850092248424 ], [ 77.828249482286594, 8.494850061152333 ], [ 77.828122908764726, 8.49444363757663 ], [ 77.827904534607384, 8.493742412920708 ], [ 77.827069368192781, 8.490979956973215 ], [ 77.826946112149272, 8.490573093059565 ], [ 77.826817146413845, 8.490147380693696 ], [ 77.826751608025646, 8.489931043302807 ], [ 77.827478787959947, 8.489474124408414 ], [ 77.827995966933628, 8.48914915392419 ], [ 77.832124167635257, 8.486726541084575 ], [ 77.834576520750232, 8.485239475240272 ], [ 77.834900976959474, 8.485178153079408 ], [ 77.835438532418735, 8.485076556882188 ], [ 77.835516371438104, 8.485061846275139 ], [ 77.837469183101646, 8.484692775734091 ], [ 77.839131827250341, 8.484400221104007 ], [ 77.83928945283661, 8.4843724861807 ], [ 77.839394630285, 8.484353979053347 ], [ 77.839329444934705, 8.482792924973216 ], [ 77.839294975678953, 8.481966893328176 ], [ 77.839266522440653, 8.481484307117766 ], [ 77.839208919769675, 8.480506609567245 ], [ 77.839041291442726, 8.477608661710649 ], [ 77.83898840762194, 8.476974203851851 ], [ 77.838945983784342, 8.476464878108954 ], [ 77.83858757035901, 8.474055159285307 ], [ 77.838283490635362, 8.472811906984672 ], [ 77.840013499447167, 8.472766888796594 ], [ 77.840145293079118, 8.472237899146954 ], [ 77.84067822940122, 8.472053982388173 ], [ 77.84183458844565, 8.47165491913044 ], [ 77.842234366594852, 8.471553928879205 ], [ 77.843605554146251, 8.471207554026821 ], [ 77.841880278557639, 8.468503885876414 ], [ 77.841715979387118, 8.46825282976531 ], [ 77.841480790564262, 8.46789345108261 ], [ 77.840912563027928, 8.46695112757005 ], [ 77.84040934297542, 8.466116603123616 ], [ 77.838350195036767, 8.466763743925538 ], [ 77.838079797644681, 8.466848718887301 ], [ 77.837816531079298, 8.466147981433352 ], [ 77.837424393999896, 8.466207991610576 ], [ 77.836813039245072, 8.466301549856341 ], [ 77.83637276324626, 8.46497686192415 ], [ 77.83554209559459, 8.462363690855394 ], [ 77.835122320048853, 8.461089443233998 ], [ 77.834870369561102, 8.460324628919057 ], [ 77.834302748387572, 8.460460183638315 ], [ 77.834302702573524, 8.460460199632026 ], [ 77.833272323264524, 8.457950982608445 ], [ 77.833272309789791, 8.457950947066625 ], [ 77.83290011710632, 8.456996987686702 ], [ 77.833235037790359, 8.4566427289777 ], [ 77.833481346858107, 8.456382199422702 ], [ 77.833063880880943, 8.454921918979242 ], [ 77.832628187188348, 8.453375690116889 ], [ 77.832628178205212, 8.453375662571645 ], [ 77.833094253819013, 8.453331282760038 ], [ 77.83338648117082, 8.453303454964622 ], [ 77.83360897859535, 8.452955418978439 ], [ 77.834794159187354, 8.452711395438596 ], [ 77.838108892280104, 8.45200656000314 ], [ 77.839793486762744, 8.451690308405347 ], [ 77.839766255233201, 8.451450668221172 ], [ 77.840202792443833, 8.451409472788315 ], [ 77.840483713599482, 8.451382961700759 ], [ 77.840162250576768, 8.450116718381794 ], [ 77.840084295674714, 8.449809628995226 ], [ 77.840343120969337, 8.449701095325482 ], [ 77.840166112434162, 8.449181235106717 ], [ 77.839249190345555, 8.446314830378046 ], [ 77.838977949435403, 8.4454971485931 ], [ 77.838554819580409, 8.444221568337573 ], [ 77.838196048625605, 8.444262178965898 ], [ 77.837901096683524, 8.443190721780947 ], [ 77.837901058954273, 8.443190712006581 ], [ 77.837699043118235, 8.443185469388775 ], [ 77.837551419374336, 8.44318163339196 ], [ 77.837434877339291, 8.442673906841804 ], [ 77.837320005272318, 8.442173448221578 ], [ 77.83588064098079, 8.442290770301216 ], [ 77.835840453049897, 8.442144045054542 ], [ 77.835798909561291, 8.441992373015934 ], [ 77.835572056205947, 8.44087114790665 ], [ 77.835497212169756, 8.440555820196483 ], [ 77.835254437074312, 8.439532913157112 ], [ 77.83463250106378, 8.438090707746177 ], [ 77.834425870582123, 8.437592538419313 ], [ 77.834264923025927, 8.437204505132154 ], [ 77.832925824194831, 8.434247216131359 ], [ 77.832844147572558, 8.434066840981028 ], [ 77.832844134996137, 8.434066810768647 ], [ 77.832104317562425, 8.432321679418287 ], [ 77.833252438157402, 8.43189442757776 ], [ 77.834569797758618, 8.431404189071561 ], [ 77.836173532187587, 8.430802437680837 ], [ 77.836268048430199, 8.430766973342729 ], [ 77.836238262990335, 8.430368088620051 ], [ 77.836224622072734, 8.430185179123182 ], [ 77.836204629167781, 8.429917095409834 ], [ 77.836681451327308, 8.428859171099761 ], [ 77.836681473785205, 8.428859129334969 ], [ 77.837756785926402, 8.426725734283629 ], [ 77.838003026722177, 8.426237198925481 ], [ 77.838330884851416, 8.426121949561663 ], [ 77.839147159695585, 8.425835031413872 ], [ 77.840109728777037, 8.425667859003141 ], [ 77.84140377440167, 8.425667968303348 ], [ 77.841785102053279, 8.425469141398791 ], [ 77.841785132596002, 8.425469130735346 ], [ 77.843138223585967, 8.425274823252382 ], [ 77.84318368103429, 8.424904149258801 ], [ 77.843203452953702, 8.424897833826922 ], [ 77.843664964227543, 8.424750431066926 ], [ 77.844749553270674, 8.424507668432312 ], [ 77.846470952628792, 8.424122387405554 ], [ 77.847900569301174, 8.423809134296436 ], [ 77.848141805582529, 8.423756279834974 ], [ 77.848064627723218, 8.423317740991454 ], [ 77.847920486747654, 8.422711791588311 ], [ 77.84779687856458, 8.422192025678603 ], [ 77.849123654306609, 8.420760610201972 ], [ 77.850294220207246, 8.419497757069664 ], [ 77.850376019898718, 8.418919095224279 ], [ 77.850690045769198, 8.418849627948209 ], [ 77.850948108394135, 8.418792582005011 ], [ 77.852137868597481, 8.417228441083601 ], [ 77.852278215987567, 8.416449111043013 ], [ 77.852374003346299, 8.415917383601355 ], [ 77.852483029177392, 8.415153348924232 ], [ 77.853345640022241, 8.41499515786896 ], [ 77.853342448308027, 8.414985850210716 ], [ 77.853159624978048, 8.414452626947295 ], [ 77.85229718211815, 8.411993198113052 ], [ 77.852124693007184, 8.411238169300438 ], [ 77.851879630801065, 8.409560901236519 ], [ 77.852143000672697, 8.409488550368394 ], [ 77.852074943408425, 8.408408104924362 ], [ 77.851870745564582, 8.406992991672574 ], [ 77.851719206064359, 8.406249143178165 ], [ 77.85156220660383, 8.405478426221228 ], [ 77.851574009568367, 8.404191851802013 ], [ 77.851575937352962, 8.403982026364897 ], [ 77.851577693559335, 8.403856763069982 ], [ 77.851594244120108, 8.402680050733789 ], [ 77.852170826886919, 8.402544395769441 ], [ 77.85217085563302, 8.402544390437408 ], [ 77.853520446786632, 8.40225417561993 ], [ 77.854041337599071, 8.402142163667166 ], [ 77.856415819355291, 8.401907273846719 ], [ 77.856663610643238, 8.40187592764434 ], [ 77.85695156830252, 8.401839539990496 ], [ 77.856996982631713, 8.401504922890043 ], [ 77.857292100762123, 8.401428170687886 ], [ 77.857398667904263, 8.40126938128453 ], [ 77.857923195097001, 8.400487855225089 ], [ 77.857923192402041, 8.40048782856479 ], [ 77.858032226317974, 8.399393741691107 ], [ 77.858258960197389, 8.399331141300404 ], [ 77.859734741292215, 8.398923683089029 ], [ 77.85959860610248, 8.397617156417253 ], [ 77.859518617414636, 8.396960165174068 ], [ 77.859517630166124, 8.396952063917745 ], [ 77.859448881199114, 8.39638739366934 ], [ 77.859448914436783, 8.396387385671147 ], [ 77.859862071195522, 8.396297025771348 ], [ 77.859862065805615, 8.396296998222045 ], [ 77.859851364175654, 8.396242481718147 ], [ 77.859503540989209, 8.394470563645525 ], [ 77.859448328735212, 8.394256705401403 ], [ 77.859448249683467, 8.394256399691512 ], [ 77.859380980241752, 8.393995805897973 ], [ 77.859263504857097, 8.393964201335841 ], [ 77.859044977087805, 8.393905395674775 ], [ 77.858822662919636, 8.392585312838866 ], [ 77.858888834620089, 8.392448928281789 ], [ 77.858954307431233, 8.392313983364415 ], [ 77.85869006888872, 8.391225311400127 ], [ 77.85835517784912, 8.389845530698446 ], [ 77.85808293441913, 8.38876502433968 ], [ 77.857565447323296, 8.386685312373658 ], [ 77.857197903421422, 8.385113612347729 ], [ 77.857116136069322, 8.384763948248604 ], [ 77.855522696333523, 8.384777401590634 ], [ 77.85545459684846, 8.384271024869653 ], [ 77.854992101919365, 8.384306176190647 ], [ 77.85414717081764, 8.384370392019434 ], [ 77.852364651884216, 8.384514723625793 ], [ 77.852195048161917, 8.384528456032578 ], [ 77.85174629835501, 8.38457754591699 ], [ 77.848354232892717, 8.384948582840892 ], [ 77.845140027568476, 8.385346136799926 ], [ 77.845185322421713, 8.385793636800626 ], [ 77.844881787077099, 8.385916108262323 ], [ 77.844490754925502, 8.386073874817665 ], [ 77.844109179338915, 8.386294608182348 ], [ 77.843678095800342, 8.386543970302574 ], [ 77.843215214595702, 8.384663203693425 ], [ 77.842752441188907, 8.382027440107574 ], [ 77.842486591967088, 8.382042715419374 ], [ 77.841730914777031, 8.382086127589151 ], [ 77.838258005430745, 8.382189706937694 ], [ 77.83558851244365, 8.382311471225769 ], [ 77.835559373790758, 8.38201804456409 ], [ 77.83551196160839, 8.381540614326816 ], [ 77.835497823922438, 8.381398241246288 ], [ 77.835511655282872, 8.379987677578956 ], [ 77.835442548786403, 8.379967440438795 ], [ 77.835203007625978, 8.379897288092328 ], [ 77.835202965405145, 8.379897275650213 ], [ 77.835030676618501, 8.378269640078411 ], [ 77.835030708059534, 8.378269638300953 ], [ 77.835661720647735, 8.378220057042304 ], [ 77.835711555586414, 8.378672151965278 ], [ 77.837631882372648, 8.378676912877111 ], [ 77.837657136710234, 8.379311046791582 ], [ 77.83765718432096, 8.379312246571397 ], [ 77.837695242346285, 8.380268270826601 ], [ 77.837695277380575, 8.380268276158942 ], [ 77.838239977141299, 8.380182427227417 ], [ 77.838394398436947, 8.380431107173585 ], [ 77.838394419098208, 8.380431145388702 ], [ 77.839928058883856, 8.379728130910912 ], [ 77.839942507386908, 8.379721508133409 ], [ 77.842117246044751, 8.37876329271092 ], [ 77.842114269926199, 8.378524821401049 ], [ 77.842112642178918, 8.378392575159692 ], [ 77.843193174430212, 8.378288702408339 ], [ 77.843669639958605, 8.378247839575971 ], [ 77.844246396998557, 8.378198391623759 ], [ 77.844305330972759, 8.37838850656342 ], [ 77.844341676809151, 8.378505786633248 ], [ 77.846296144966075, 8.378359433606802 ], [ 77.84844117903242, 8.378198794217683 ], [ 77.848450216084188, 8.377796456920725 ], [ 77.850661120915362, 8.377349056142123 ], [ 77.850679318088098, 8.377624861929078 ], [ 77.851940534780681, 8.377407259082949 ], [ 77.852722229876306, 8.37727238537448 ], [ 77.852699692942466, 8.375812141640106 ], [ 77.85435474632699, 8.375715279422419 ], [ 77.854860592155049, 8.375685681912959 ], [ 77.85486512056238, 8.375624233946093 ], [ 77.854896929008262, 8.375192889226369 ], [ 77.854919746216481, 8.373854671245542 ], [ 77.853861936850294, 8.373822937067652 ], [ 77.853811143409189, 8.373337583437824 ], [ 77.85381023521245, 8.373328913784587 ], [ 77.853676034993839, 8.372046258016455 ], [ 77.853517185902163, 8.370640208159989 ], [ 77.853517182308877, 8.370640169943945 ], [ 77.853478493666245, 8.370076320896642 ], [ 77.853399314360445, 8.3689222680422 ], [ 77.853245122135192, 8.366969143676597 ], [ 77.853185907886626, 8.366971059830123 ], [ 77.852128389574602, 8.367005281299786 ], [ 77.852101174214738, 8.366770183608832 ], [ 77.852101139180448, 8.366770180053811 ], [ 77.849141260387853, 8.366860286409842 ], [ 77.849124042378818, 8.366860944087966 ], [ 77.847960969325968, 8.366905385350879 ], [ 77.847841953330573, 8.365948020027401 ], [ 77.847829455968352, 8.365847486568981 ], [ 77.847198450566694, 8.365892675391668 ], [ 77.846085205266007, 8.366003793035711 ], [ 77.845750289971889, 8.366037217376109 ], [ 77.845750246852745, 8.366037223597401 ], [ 77.844874110074713, 8.36620436214273 ], [ 77.844085131438746, 8.366292375610438 ], [ 77.842849372102975, 8.366430211788741 ], [ 77.842364829821875, 8.366434762215283 ], [ 77.841900682890994, 8.366439094896776 ], [ 77.841571246421793, 8.364861969879271 ], [ 77.841433256210991, 8.364201255385231 ], [ 77.841336225583902, 8.36347726259322 ], [ 77.84128360496949, 8.363084591378364 ], [ 77.842314384927107, 8.362838199583218 ], [ 77.842777205944643, 8.362727589409296 ], [ 77.845056129412512, 8.362216949927449 ], [ 77.845077971948641, 8.36232279557953 ], [ 77.845287486920682, 8.363338094893255 ], [ 77.845287518361701, 8.363338089560687 ], [ 77.845287527344851, 8.363338135776308 ], [ 77.84649961427624, 8.363161930622711 ], [ 77.846331004090672, 8.362421843044485 ], [ 77.84620915121566, 8.361886969192518 ], [ 77.846599080236089, 8.361847487558361 ], [ 77.847993287116608, 8.361706338217148 ], [ 77.847839030212654, 8.360530868799794 ], [ 77.8468584759609, 8.360607645071612 ], [ 77.846785952273052, 8.359816486573697 ], [ 77.846845054232219, 8.358365249999396 ], [ 77.847864883726515, 8.35835158510533 ], [ 77.848188779387044, 8.358347255000277 ], [ 77.848182927761286, 8.35850867314336 ], [ 77.848165963975461, 8.358975701878325 ], [ 77.848730224551517, 8.358962450284746 ], [ 77.849509757402231, 8.358944181571326 ], [ 77.84969265619074, 8.358891729784002 ], [ 77.849809368007385, 8.358858284389095 ], [ 77.849841170165064, 8.358275078576494 ], [ 77.850168003316568, 8.358076171841059 ], [ 77.8500637205902, 8.35721719903283 ], [ 77.850031063236344, 8.356651126396468 ], [ 77.849982085290421, 8.355802139441909 ], [ 77.8492307182171, 8.355830873679594 ], [ 77.848211693613308, 8.355869802213448 ], [ 77.846663687071299, 8.355932980193797 ], [ 77.846674919605633, 8.355312498996932 ], [ 77.846691104552121, 8.354418491405511 ], [ 77.847080109206104, 8.354408544150823 ], [ 77.847399307576012, 8.35440041801143 ], [ 77.848820115368738, 8.354188101118609 ], [ 77.849432932580825, 8.354188133114773 ], [ 77.849542539621908, 8.354188140225068 ], [ 77.849705390708181, 8.354188151779235 ], [ 77.851062683118741, 8.354043613401021 ], [ 77.851059786051934, 8.354107428045939 ], [ 77.85105815111811, 8.354143079808104 ], [ 77.851189701306666, 8.354744388286155 ], [ 77.851303627447635, 8.355522212041096 ], [ 77.851402884998308, 8.356200148884501 ], [ 77.851402923625855, 8.356200144440605 ], [ 77.851664992736943, 8.356191274430932 ], [ 77.852469731416249, 8.356164051143432 ], [ 77.854294592440624, 8.356200320418749 ], [ 77.855238826008801, 8.356299879597699 ], [ 77.856183717143765, 8.356338492568522 ], [ 77.857122770127688, 8.356376886896079 ], [ 77.857913629835835, 8.356368414174252 ], [ 77.858802381655465, 8.356358917579787 ], [ 77.859439871096839, 8.356336858105388 ], [ 77.860368553929135, 8.356304758990463 ], [ 77.860400401900904, 8.355260425341786 ], [ 77.860433936010452, 8.353428652108242 ], [ 77.860445853061009, 8.35277845569221 ], [ 77.860464061911799, 8.351919409004301 ], [ 77.86044392797136, 8.35167122368988 ], [ 77.860400651632517, 8.351137360758848 ], [ 77.860250949187048, 8.350399161266376 ], [ 77.860119196877591, 8.34974935087237 ], [ 77.859951290072928, 8.348736629247762 ], [ 77.859758146896922, 8.347573729243937 ], [ 77.859738049787396, 8.347452709578878 ], [ 77.859588364409902, 8.346449021989676 ], [ 77.859393217092546, 8.345255481675419 ], [ 77.859224747942477, 8.34424200091088 ], [ 77.859161772447791, 8.3438630503995 ], [ 77.858939410668881, 8.342533835194455 ], [ 77.85884933390038, 8.341663325186261 ], [ 77.858848720351077, 8.341657393257549 ], [ 77.858730781435739, 8.340517502243907 ], [ 77.858775797811262, 8.340511369425803 ], [ 77.858830653434083, 8.340503906052621 ], [ 77.859874672762317, 8.340436229952459 ], [ 77.86075076192968, 8.340377502425396 ], [ 77.861282767597146, 8.340319998787301 ], [ 77.862925115210288, 8.340142484682277 ], [ 77.863143000684119, 8.340847789910697 ], [ 77.863143040209991, 8.340847790799497 ], [ 77.863855670131642, 8.340816138373171 ], [ 77.865430786032277, 8.340861477637787 ], [ 77.865775711253605, 8.342597520176771 ], [ 77.865775755271059, 8.342597521954383 ], [ 77.865820330573769, 8.342600366144721 ], [ 77.866129784019449, 8.342620122601305 ], [ 77.866551879913587, 8.343302809419431 ], [ 77.866896875203508, 8.343592223822689 ], [ 77.867391680736745, 8.343709728563656 ], [ 77.868186030399741, 8.343764060440146 ], [ 77.869566017847632, 8.343800266873515 ], [ 77.869627443748456, 8.345212323155781 ], [ 77.869647630689528, 8.345676461418618 ], [ 77.867836419565904, 8.345567920844884 ], [ 77.867836427650744, 8.345567949286561 ], [ 77.867836385429911, 8.345567948397774 ], [ 77.868353874322381, 8.347719884963695 ], [ 77.870673456438325, 8.347855562594916 ], [ 77.872107894368852, 8.347959636326525 ], [ 77.872262236612769, 8.350238239269263 ], [ 77.872262238409405, 8.350238273043383 ], [ 77.87362862985546, 8.350283483228226 ], [ 77.873569709355976, 8.347774288274934 ], [ 77.873691808369387, 8.347753394417962 ], [ 77.873860167925002, 8.347724584037799 ], [ 77.873860172416556, 8.347542141356053 ], [ 77.873860220027268, 8.347258910587016 ], [ 77.873792123237166, 8.345251639378132 ], [ 77.876003880569556, 8.345449736728582 ], [ 77.876266129343705, 8.345473226902223 ], [ 77.876314004158473, 8.345480388876247 ], [ 77.877596150698864, 8.345672217386765 ], [ 77.878748560749315, 8.345785246382828 ], [ 77.879393761329069, 8.34584853976216 ], [ 77.879481888753403, 8.345898205130831 ], [ 77.879979349706616, 8.346178576724043 ], [ 77.881381970208068, 8.346332340213669 ], [ 77.883633601959289, 8.346585546200432 ], [ 77.88360639019271, 8.344094391580485 ], [ 77.883737419358383, 8.344086735404877 ], [ 77.883837762972234, 8.344080904836819 ], [ 77.884846210811858, 8.344083331277506 ], [ 77.885689861814313, 8.344085385308409 ], [ 77.886383986441089, 8.344070520026124 ], [ 77.88695642797444, 8.344058281165491 ], [ 77.887001726420948, 8.343434398292599 ], [ 77.887024508594848, 8.342150430974401 ], [ 77.887128847016797, 8.342123269813362 ], [ 77.888241031407162, 8.34207354174802 ], [ 77.889457550626148, 8.342069039033118 ], [ 77.889454195418566, 8.341784479077889 ], [ 77.889454118163457, 8.341777943648101 ], [ 77.889443937556337, 8.340911646708804 ], [ 77.889375824596556, 8.339306664319194 ], [ 77.889353120576047, 8.338948850441955 ], [ 77.889343987404558, 8.338804864601164 ], [ 77.889343981116355, 8.33880483260374 ], [ 77.888676731387932, 8.338822992046099 ], [ 77.888585917102588, 8.337701754444257 ], [ 77.888385840729271, 8.33621816158556 ], [ 77.888340819862151, 8.335884315596976 ], [ 77.888145616849243, 8.334708844877195 ], [ 77.886842856667997, 8.334740518241061 ], [ 77.886674878896414, 8.333402381934105 ], [ 77.887578142999416, 8.333415975705867 ], [ 77.88808250211568, 8.333414111828612 ], [ 77.888821947646846, 8.333411416006099 ], [ 77.888971751601957, 8.332561438155302 ], [ 77.889207746213629, 8.331313640940639 ], [ 77.889430154704939, 8.329817219243527 ], [ 77.889590758206381, 8.329768901088942 ], [ 77.889865924754289, 8.329686138647499 ], [ 77.88975897043828, 8.328962462288912 ], [ 77.889711579815469, 8.328641717849779 ], [ 77.88953907722977, 8.327945534134816 ], [ 77.889412743558111, 8.327352422227277 ], [ 77.88925310484727, 8.326602767701681 ], [ 77.889929259575084, 8.325940749431243 ], [ 77.890056514019946, 8.325816155235875 ], [ 77.890020175370069, 8.325418291728379 ], [ 77.890005776274393, 8.325145689790904 ], [ 77.889956663581174, 8.324215779157978 ], [ 77.890576233429243, 8.323926254421011 ], [ 77.891059613290366, 8.323700398863087 ], [ 77.892675603434782, 8.323216610411938 ], [ 77.892693746708545, 8.322446157643817 ], [ 77.892702756810834, 8.322063755920681 ], [ 77.893578877419245, 8.322249019272778 ], [ 77.894155309269067, 8.321928081785222 ], [ 77.89427782240584, 8.322628852024508 ], [ 77.894506329559604, 8.323799330791859 ], [ 77.894559363399026, 8.324070990595132 ], [ 77.894559374178826, 8.324071030593432 ], [ 77.894895250670302, 8.324134261712173 ], [ 77.895027407221619, 8.324160324613189 ], [ 77.895353719350268, 8.324224696113641 ], [ 77.896338655583989, 8.324491348726244 ], [ 77.897205696021487, 8.324735515917634 ], [ 77.897709538606449, 8.324884704929822 ], [ 77.897963687271712, 8.324807814087084 ], [ 77.898866946883146, 8.324423490308037 ], [ 77.89907582674627, 8.324423483197245 ], [ 77.899661388174323, 8.324667629098522 ], [ 77.900147363268303, 8.324858858067511 ], [ 77.900591901773169, 8.325033817444124 ], [ 77.900591890095086, 8.325033773890498 ], [ 77.900433031121906, 8.324075299747582 ], [ 77.900649319391192, 8.323798294390205 ], [ 77.90125909580604, 8.323017345401126 ], [ 77.901286312962526, 8.322913404581348 ], [ 77.901402925066179, 8.321717305421846 ], [ 77.901403120898919, 8.321715294827486 ], [ 77.901409107271974, 8.321653900585789 ], [ 77.90145866732621, 8.321145725560006 ], [ 77.90240738977586, 8.321498246571737 ], [ 77.902493638822904, 8.322036303597928 ], [ 77.903190473666896, 8.322002625723901 ], [ 77.903242605597782, 8.322000107594093 ], [ 77.904595271684627, 8.321914188069853 ], [ 77.905368793907783, 8.321856703050711 ], [ 77.906179383314523, 8.321796492788343 ], [ 77.908008683813009, 8.321714995282708 ], [ 77.909588330815936, 8.321732956414262 ], [ 77.909691338832943, 8.321732049780243 ], [ 77.912166487596522, 8.321710286118677 ], [ 77.912257329729641, 8.322524030246271 ], [ 77.912361781339314, 8.323382953091141 ], [ 77.912684253170113, 8.326023191790847 ], [ 77.913773929372695, 8.326092711186844 ], [ 77.91530337043271, 8.326190294130599 ], [ 77.915818203905161, 8.326243857811063 ], [ 77.91638825591987, 8.326303201653111 ], [ 77.91718721483862, 8.326456818299594 ], [ 77.917863491737336, 8.326574352188132 ], [ 77.917259870578789, 8.326963187410895 ], [ 77.917259937054112, 8.326963197188199 ], [ 77.917259894833307, 8.326963223853538 ], [ 77.917819633290208, 8.327046470402372 ], [ 77.91814043066131, 8.327094198700156 ], [ 77.919075486142248, 8.32724788792145 ], [ 77.919560422783746, 8.327360966685829 ], [ 77.91986986814463, 8.327433132821559 ], [ 77.920419171771172, 8.327722463863866 ], [ 77.920419197822326, 8.327722477196549 ], [ 77.921027441711331, 8.328038925723995 ], [ 77.921043276314819, 8.328775888406586 ], [ 77.921054824157821, 8.329313730109758 ], [ 77.921054834039296, 8.329313757663781 ], [ 77.921978492594178, 8.329502573831064 ], [ 77.922757003162147, 8.329661735576574 ], [ 77.923122874400931, 8.329719851414119 ], [ 77.923610495208521, 8.329797329703132 ], [ 77.923754416096827, 8.329855678396184 ], [ 77.923855557414669, 8.329896695621875 ], [ 77.923964682060415, 8.329949246408377 ], [ 77.924268590205884, 8.330095639815937 ], [ 77.924891051730881, 8.330425672300615 ], [ 77.925802982779729, 8.330909239410552 ], [ 77.925803032187076, 8.330909232299836 ], [ 77.926008673623599, 8.330882669433461 ], [ 77.926188766973468, 8.330859437034398 ], [ 77.927110315385789, 8.33066044700918 ], [ 77.928871375363684, 8.330280523388979 ], [ 77.930260451067298, 8.330000054176235 ], [ 77.930820916261283, 8.329884016342545 ], [ 77.931331602212111, 8.329778316556604 ], [ 77.93256189080779, 8.329550615589557 ], [ 77.932797728214283, 8.329506970029977 ], [ 77.933528579563117, 8.329841427649111 ], [ 77.934554537364278, 8.330216489753838 ], [ 77.935253535351478, 8.330446942173092 ], [ 77.9366744311791, 8.331020956309377 ], [ 77.937455248620665, 8.33132375144017 ], [ 77.938321467099684, 8.331706630310107 ], [ 77.938467443333366, 8.33177115522661 ], [ 77.938467478367642, 8.331771172114479 ], [ 77.940083578106496, 8.332476271123824 ], [ 77.940897626925391, 8.332815219249095 ], [ 77.941082254970809, 8.332892093408541 ], [ 77.941980880173688, 8.33325513115339 ], [ 77.942480481812225, 8.333456981003472 ], [ 77.943765112194384, 8.333583313984077 ], [ 77.944795503181467, 8.333696241594208 ], [ 77.946220879805722, 8.33390847896413 ], [ 77.947093453865349, 8.33404725273755 ], [ 77.947214943820995, 8.334066576766721 ], [ 77.947214977956989, 8.334066583877361 ], [ 77.948567725790525, 8.334328563435648 ], [ 77.949124303075934, 8.334432715431358 ], [ 77.94962992702014, 8.334527362274672 ], [ 77.949897792959746, 8.334549840729913 ], [ 77.950124763096085, 8.334530976248603 ], [ 77.950387958694535, 8.334509137748356 ], [ 77.951069641654612, 8.334438842123065 ], [ 77.951618097271577, 8.334382312655995 ], [ 77.952244569774308, 8.334341495886965 ], [ 77.952406601597033, 8.334336696214359 ], [ 77.953166049016346, 8.334314244411697 ], [ 77.954102614565244, 8.334328044359914 ], [ 77.954677590246007, 8.334336540669398 ], [ 77.956039372436351, 8.334336327350613 ], [ 77.956517557340192, 8.334329489594699 ], [ 77.957319472614515, 8.334318045041568 ], [ 77.957918595010128, 8.334331490347163 ], [ 77.958158747923235, 8.334338116561941 ], [ 77.958567687990012, 8.334349405569522 ], [ 77.959552686207473, 8.334322100765107 ], [ 77.960179336576644, 8.335307539904216 ], [ 77.960332426569053, 8.33527034964245 ], [ 77.960551584955638, 8.335217150727589 ], [ 77.96131243823838, 8.335029931873505 ], [ 77.961600044656365, 8.334959177707189 ], [ 77.962217240257132, 8.334851427879576 ], [ 77.962585034788987, 8.334787222560141 ], [ 77.962585074314859, 8.334787214560702 ], [ 77.962730217810247, 8.334759559588882 ], [ 77.963297727592675, 8.334651442620491 ], [ 77.963809093568173, 8.334594490991005 ], [ 77.964273571079104, 8.334542797658482 ], [ 77.964718476994889, 8.334655685883208 ], [ 77.965585484194733, 8.334705225571943 ], [ 77.965585526415566, 8.334705224683091 ], [ 77.965836886710164, 8.334681711641592 ], [ 77.966166512723873, 8.334650881770306 ], [ 77.966453404981223, 8.334335445632981 ], [ 77.966956187554146, 8.333782679386285 ], [ 77.967700851398845, 8.334754565268213 ], [ 77.968358932921475, 8.334541900831258 ], [ 77.968680381571147, 8.334918869407367 ], [ 77.969226177276525, 8.335558981605185 ], [ 77.969017453720255, 8.335879961244492 ], [ 77.968472863553984, 8.33654470293971 ], [ 77.968527489208128, 8.33735386723329 ], [ 77.968073686377707, 8.337706603849517 ], [ 77.968084526348235, 8.338133004637159 ], [ 77.968101114638273, 8.338787154011136 ], [ 77.968325811138627, 8.339059561569227 ], [ 77.968455299693574, 8.339216593374873 ], [ 77.968300996975543, 8.339374841018817 ], [ 77.968699352193326, 8.339938176264482 ], [ 77.968700513714992, 8.339939819684414 ], [ 77.968700541562768, 8.339939857903499 ], [ 77.969036512377343, 8.340007637192191 ], [ 77.969472276138532, 8.340319464609708 ], [ 77.970051965279552, 8.340713570166484 ], [ 77.97011703295054, 8.340757807314082 ], [ 77.970242099997648, 8.340728985752193 ], [ 77.970902299747735, 8.34057686258558 ], [ 77.970943525232741, 8.340552648622854 ], [ 77.971156452904552, 8.340427643116463 ], [ 77.971596482764994, 8.340110528224033 ], [ 77.971746489739346, 8.340002444732749 ], [ 77.972651661864035, 8.338993127786065 ], [ 77.972699463016923, 8.338939827163719 ], [ 77.972722929707089, 8.338914932265089 ], [ 77.972730024601205, 8.338907405755389 ], [ 77.973611663560405, 8.337972149581434 ], [ 77.973611635712629, 8.337972109584509 ], [ 77.97356927655369, 8.337915497967961 ], [ 77.972962336120219, 8.337104292323854 ], [ 77.97203637069164, 8.336131440796848 ], [ 77.971895412447154, 8.335983342216204 ], [ 77.97065143172992, 8.334966363872207 ], [ 77.97089799142762, 8.334583110441207 ], [ 77.971748572034187, 8.333260975215346 ], [ 78.000006780705291, 8.347808139911619 ], [ 78.00003282017046, 8.347821694075209 ], [ 78.000972279192908, 8.348409752341022 ], [ 78.001544123346548, 8.348676687096152 ], [ 78.002411031731711, 8.349097437397266 ], [ 78.002955689271644, 8.34937337783256 ], [ 78.003491266640665, 8.34962675693961 ], [ 78.003768104953338, 8.349744391406254 ], [ 78.004049548030167, 8.349852936151796 ], [ 78.005892289121959, 8.350531654315594 ], [ 78.00667750381686, 8.350866503675531 ], [ 78.008030116004761, 8.351517930694861 ], [ 78.008559238080153, 8.351786289830212 ], [ 78.009323610063845, 8.352173899220789 ], [ 78.010179060437537, 8.352626849160369 ], [ 78.010630789956252, 8.35286605623863 ], [ 78.011860738090462, 8.353535517803881 ], [ 78.012658671133167, 8.353952937927541 ], [ 78.013045361726995, 8.354155236584562 ], [ 78.013444776956817, 8.354349759176632 ], [ 78.013756134830913, 8.354484692369921 ], [ 78.014279891269112, 8.354711703332905 ], [ 78.01457397903188, 8.35482893187117 ], [ 78.014711132911145, 8.354883616824011 ], [ 78.014938280015585, 8.354964002659834 ], [ 78.015618953269296, 8.35520492365217 ], [ 78.017997416358838, 8.355974183991805 ], [ 78.01836317979982, 8.356099490260796 ], [ 78.01843315676382, 8.35612346862181 ], [ 78.01848953592939, 8.356145819627631 ], [ 78.018832572891966, 8.356281840953176 ], [ 78.01920928859289, 8.356435631569767 ], [ 78.019341370584058, 8.356496836371688 ], [ 78.019921930192609, 8.356765878218583 ], [ 78.021801026103915, 8.357693213942149 ], [ 78.021935584750352, 8.357757046654298 ], [ 78.022840428989952, 8.358186327393607 ], [ 78.023484954934943, 8.35846679414535 ], [ 78.024036318398473, 8.35869107070306 ], [ 78.024152210053245, 8.358738217432997 ], [ 78.024855766092216, 8.35900062838237 ], [ 78.025536630687071, 8.359244948210119 ], [ 78.028119411994751, 8.360068466196358 ], [ 78.030457080790612, 8.360842172336165 ], [ 78.031047216440115, 8.36102769726587 ], [ 78.031081608440758, 8.361036505840621 ], [ 78.03170083064083, 8.361195131252796 ], [ 78.032300026698266, 8.361303790129513 ], [ 78.032526997732901, 8.361330974841238 ], [ 78.033111025736787, 8.361389108185879 ], [ 78.033984155853616, 8.36147604466734 ], [ 78.034923796335733, 8.361598364691417 ], [ 78.035260925078703, 8.361656674860649 ], [ 78.035473090979139, 8.36169340222833 ], [ 78.035683720760446, 8.361741863968701 ], [ 78.035709117031857, 8.361747711159421 ], [ 78.035908868215031, 8.361806574118598 ], [ 78.036085874055246, 8.361874388715911 ], [ 78.03621023682318, 8.361930111647634 ], [ 78.037347752806227, 8.362439825412833 ], [ 78.037548493034535, 8.36253489474009 ], [ 78.037806163994006, 8.362656960245483 ], [ 78.038990916089617, 8.36325854266541 ], [ 78.039311356829586, 8.363411933253536 ], [ 78.039340432600369, 8.36342585126739 ], [ 78.039847573799079, 8.363668612100346 ], [ 78.041419293169625, 8.364420981748758 ], [ 78.041841433081217, 8.364606440984321 ], [ 78.043947624893008, 8.365420701898874 ], [ 78.045372645784383, 8.36598939785185 ], [ 78.045908604039084, 8.36620329830215 ], [ 78.046137908896839, 8.366290232820928 ], [ 78.046839111349712, 8.366556113717598 ], [ 78.047674337951449, 8.366854681037001 ], [ 78.048332530865153, 8.36707422815341 ], [ 78.048786433408566, 8.367225664648204 ], [ 78.048964354632048, 8.367282374219551 ], [ 78.049126918257457, 8.367334218748049 ], [ 78.049776048068281, 8.367515197283225 ], [ 78.050093808235403, 8.367587601294016 ], [ 78.050697555158095, 8.367709794974351 ], [ 78.050740700342857, 8.367716304195937 ], [ 78.051237745376085, 8.367791331765536 ], [ 78.051644073142029, 8.3678386311487 ], [ 78.051859673301806, 8.367863754388804 ], [ 78.052213755050801, 8.367913557377037 ], [ 78.052458953800866, 8.367966695843952 ], [ 78.052631388114634, 8.368004091846846 ], [ 78.052826636043292, 8.368060974611407 ], [ 78.053112558120148, 8.368144312827924 ], [ 78.053362223293789, 8.368221220023676 ], [ 78.053460305848077, 8.368258103192812 ], [ 78.053602780448799, 8.368311715316977 ], [ 78.054294432911888, 8.368589421433819 ], [ 78.054515202876132, 8.368678073373975 ], [ 78.05479664056304, 8.368777590260798 ], [ 78.055128055122509, 8.368886172368098 ], [ 78.055863371996651, 8.369103317828138 ], [ 78.056961937927284, 8.369400288780454 ], [ 78.057252460276672, 8.369478826581199 ], [ 78.057312244057144, 8.369495851442046 ], [ 78.058173935027128, 8.369741255183021 ], [ 78.059973421339677, 8.370305117157917 ], [ 78.061219903864966, 8.370695720982754 ], [ 78.061675179932422, 8.370831633247004 ], [ 78.062250373903808, 8.371003378765257 ], [ 78.063357949936716, 8.371311003421152 ], [ 78.064243165089067, 8.371573336581385 ], [ 78.064297808709469, 8.371591738902922 ], [ 78.064887773679033, 8.371790457435674 ], [ 78.065568684088007, 8.372043749985455 ], [ 78.065638459829401, 8.372073125586292 ], [ 78.06589097805238, 8.372179477809542 ], [ 78.06615640326936, 8.372296105636623 ], [ 78.066199653557049, 8.372315117600838 ], [ 78.066412203038126, 8.372426380943585 ], [ 78.066467487157325, 8.372455322809724 ], [ 78.066694403394735, 8.37259550041712 ], [ 78.066876028372121, 8.372726667919693 ], [ 78.067030291564279, 8.372853295691446 ], [ 78.067261791904585, 8.373083845582347 ], [ 78.067330813061133, 8.373162148901519 ], [ 78.067425210726128, 8.373269248257216 ], [ 78.067442463769481, 8.373294370258227 ], [ 78.06748418781946, 8.373355161814546 ], [ 78.067502843132985, 8.373390425214343 ], [ 78.067529594063814, 8.373441062910551 ], [ 78.067556214738971, 8.373516849248986 ], [ 78.067561335136048, 8.373531445898315 ], [ 78.067570386560874, 8.37363097665326 ], [ 78.067565854560257, 8.373739440982318 ], [ 78.067560372142111, 8.373761301282876 ], [ 78.067538604166145, 8.373847948829379 ], [ 78.067465932256283, 8.374055900196097 ], [ 78.067449078963236, 8.374086404341995 ], [ 78.067415940112383, 8.374146300815839 ], [ 78.067383250419198, 8.374193930926133 ], [ 78.06735694864598, 8.374232199071061 ], [ 78.067288841076106, 8.374300001728969 ], [ 78.067234057318501, 8.374340187758218 ], [ 78.067202585740844, 8.374363247820069 ], [ 78.067167450833438, 8.374381594908042 ], [ 78.067107232268384, 8.374412994875255 ], [ 78.067043002725569, 8.374435124425238 ], [ 78.066989181961944, 8.374453627038735 ], [ 78.066862064061041, 8.374485288288771 ], [ 78.066557907980567, 8.374512360099734 ], [ 78.066385396411704, 8.374521371890213 ], [ 78.065830562756247, 8.374509087771012 ], [ 78.065768027436093, 8.374507697786736 ], [ 78.06463763060168, 8.374435151976069 ], [ 78.06368425398054, 8.374358137581794 ], [ 78.063645924663973, 8.374353945408874 ], [ 78.062649233076456, 8.374244919569044 ], [ 78.06224973879489, 8.374231286337743 ], [ 78.062077221836148, 8.374240300800956 ], [ 78.062001845098962, 8.374250376416368 ], [ 78.06177307743377, 8.374280935648709 ], [ 78.061731498012549, 8.37428894228273 ], [ 78.061632304242224, 8.374307995920276 ], [ 78.061518184963489, 8.374342118095299 ], [ 78.061496140306417, 8.374348699193719 ], [ 78.061223737874613, 8.374448108871448 ], [ 78.061087535311216, 8.374511377156892 ], [ 78.060778799619413, 8.374687635832405 ], [ 78.060686759133745, 8.374754497239339 ], [ 78.06061081196637, 8.374809630873843 ], [ 78.060429146564772, 8.374949749865577 ], [ 78.060184287377879, 8.375160908977946 ], [ 78.059988764564693, 8.375329462027922 ], [ 78.059739030220783, 8.375582587858956 ], [ 78.05919869088244, 8.376152123931687 ], [ 78.059082453376249, 8.376285790240736 ], [ 78.058935289569789, 8.376454959583754 ], [ 78.058755334560459, 8.376666729326834 ], [ 78.058685583073597, 8.376748790371252 ], [ 78.058463077564284, 8.377038088408879 ], [ 78.058190049006697, 8.377434021412506 ], [ 78.058095223743621, 8.377571520372639 ], [ 78.057940864431743, 8.377820066012394 ], [ 78.057397383684844, 8.378787932667217 ], [ 78.057359570899578, 8.378855270615906 ], [ 78.057346415072232, 8.378875076781432 ], [ 78.057173370802417, 8.379135555403728 ], [ 78.057078013736685, 8.379248561365412 ], [ 78.056973579195031, 8.379348000896666 ], [ 78.056896389657609, 8.379411279050073 ], [ 78.056677839430463, 8.382625628796257 ], [ 78.056691449805328, 8.382666319646084 ], [ 78.056693789916622, 8.382682656950854 ], [ 78.056705050298746, 8.382761263168319 ], [ 78.056705042213906, 8.38280362479343 ], [ 78.056704998196452, 8.382878764987693 ], [ 78.056688984828185, 8.383051487220943 ], [ 78.056677728937686, 8.383172662908519 ], [ 78.05664671100925, 8.383438194559689 ], [ 78.056595871754041, 8.383873393381585 ], [ 78.056573321345468, 8.384215329131164 ], [ 78.056545740371291, 8.384632858567985 ], [ 78.056533341823751, 8.384891976268641 ], [ 78.056522987841774, 8.385107596652634 ], [ 78.056513696566782, 8.386160976418322 ], [ 78.056537925926634, 8.387150195736071 ], [ 78.056540711602338, 8.387264120069331 ], [ 78.056546157189572, 8.387371991383434 ], [ 78.056567847012118, 8.387802089069739 ], [ 78.056681062585682, 8.389208124877557 ], [ 78.056753562019026, 8.389908885348799 ], [ 78.056780683954074, 8.390076059851113 ], [ 78.05680341761898, 8.390216276430813 ], [ 78.056834137306751, 8.390387703232577 ], [ 78.056916811058954, 8.390849275314613 ], [ 78.056979445193846, 8.391157550796356 ], [ 78.056989368882782, 8.391206423889503 ], [ 78.057007513054899, 8.391278316043744 ], [ 78.057184441639976, 8.391979563341003 ], [ 78.057282270869393, 8.392341114365273 ], [ 78.057293309367594, 8.392381924171699 ], [ 78.057538308691662, 8.393168618311796 ], [ 78.057572034142353, 8.393261578369321 ], [ 78.057674446576328, 8.393543905649359 ], [ 78.057824192140941, 8.393910132405297 ], [ 78.057919853735555, 8.39413720124532 ], [ 78.057978475994346, 8.394276389920037 ], [ 78.058146370222616, 8.394629062562601 ], [ 78.058391612091825, 8.395079833800965 ], [ 78.058527608042709, 8.395329844356676 ], [ 78.058922449949435, 8.396026145900539 ], [ 78.059108521587476, 8.396374294426719 ], [ 78.059250038584068, 8.396649224686003 ], [ 78.059290046851899, 8.396726966052192 ], [ 78.05945340728293, 8.397079605364553 ], [ 78.059775579076415, 8.397834715065175 ], [ 78.059999020630329, 8.398419783794225 ], [ 78.060093260191834, 8.398666600054684 ], [ 78.060226478551826, 8.39904585714557 ], [ 78.060252075147545, 8.399118741392879 ], [ 78.060560595243643, 8.400108901694217 ], [ 78.060705754908724, 8.400637838159335 ], [ 78.060837317673673, 8.401189436912574 ], [ 78.060898436350655, 8.40147358643058 ], [ 78.060959817335686, 8.401759087414232 ], [ 78.06101256910415, 8.402032959002621 ], [ 78.06106863475766, 8.402324197737071 ], [ 78.061160182068264, 8.402854219804864 ], [ 78.061163908280051, 8.402875799424461 ], [ 78.061286300144261, 8.403883991017542 ], [ 78.061342841006535, 8.404650362003331 ], [ 78.061404022565583, 8.40547989874063 ], [ 78.061485630915911, 8.406135467910847 ], [ 78.061707827404803, 8.407541538610912 ], [ 78.061828345383333, 8.408445831171131 ], [ 78.062061476165866, 8.410195367722405 ], [ 78.062138514786312, 8.410963941643939 ], [ 78.062301593146358, 8.412944143236063 ], [ 78.062392233158519, 8.413821222600552 ], [ 78.062448364389056, 8.414173298072384 ], [ 78.062501058665291, 8.414503944434205 ], [ 78.062535198239345, 8.414656959333863 ], [ 78.062564581233971, 8.414788734680142 ], [ 78.062700693965837, 8.415290583926723 ], [ 78.062832040236785, 8.415665004757621 ], [ 78.062864037328907, 8.41575623012463 ], [ 78.062959338699073, 8.415991372813028 ], [ 78.06318171844427, 8.416506793598149 ], [ 78.063218059789094, 8.416584801129259 ], [ 78.063444961653431, 8.417071970393041 ], [ 78.063889737313559, 8.417985279036838 ], [ 78.063940834385221, 8.418082840727656 ], [ 78.06421652105773, 8.418609228049034 ], [ 78.064402611560411, 8.418934768969441 ], [ 78.064824730810741, 8.419622027147579 ], [ 78.064933972237498, 8.419788565909059 ], [ 78.065346683431827, 8.420417777157219 ], [ 78.065750258759763, 8.421004663701369 ], [ 78.066876399376326, 8.422642372978812 ], [ 78.067366286633373, 8.423345265260531 ], [ 78.067752440932978, 8.423899371371839 ], [ 78.068478719857026, 8.424921207233522 ], [ 78.068791914785905, 8.425341729259914 ], [ 78.070376152179932, 8.427430652298179 ], [ 78.071742670288472, 8.429214045346193 ], [ 78.072146532178962, 8.429741120413768 ], [ 78.072666772611143, 8.430409956308978 ], [ 78.073567389378994, 8.431567832125006 ], [ 78.074570575786041, 8.43286998164125 ], [ 78.075224289699747, 8.433760733171585 ], [ 78.07570376638094, 8.434434301011866 ], [ 78.076440864614312, 8.435469806753922 ], [ 78.076804617625683, 8.435956186261906 ], [ 78.077103644325859, 8.436356042671214 ], [ 78.077216037940943, 8.436497067116383 ], [ 78.077557598073227, 8.436925713402767 ], [ 78.078414383343429, 8.437967731172549 ], [ 78.078892232277354, 8.438548929870688 ], [ 78.080609941356329, 8.440594912618238 ], [ 78.082251669131907, 8.442550411019573 ], [ 78.083823683149888, 8.444465185837347 ], [ 78.084226461672131, 8.444955793407072 ], [ 78.085238898031633, 8.446158540290348 ], [ 78.085291544697171, 8.446219449261141 ], [ 78.085856299346617, 8.446872889677408 ], [ 78.087177413905735, 8.448428253315992 ], [ 78.088097060584602, 8.449539706248546 ], [ 78.088453098864306, 8.449970010328004 ], [ 78.088621973154545, 8.450184167441241 ], [ 78.089034246869389, 8.450707024316223 ], [ 78.089175011077771, 8.450889387400656 ], [ 78.089228367412403, 8.450958511263178 ], [ 78.089228386277, 8.45095853614289 ], [ 78.08948074190495, 8.451285467062725 ], [ 78.090105666610413, 8.452095112892005 ], [ 78.092362027991612, 8.455088188395882 ], [ 78.093560621329146, 8.456652597194891 ], [ 78.094327879599831, 8.457633716725503 ], [ 78.095123238070911, 8.458678786688544 ], [ 78.095748934429253, 8.459500962307711 ], [ 78.095903757271842, 8.459699493570918 ], [ 78.096080336412285, 8.45992596667282 ], [ 78.096407257598671, 8.460314793671877 ], [ 78.096409206044555, 8.460317010578743 ], [ 78.096725072563061, 8.460676499403936 ], [ 78.096948341640385, 8.460914719298277 ], [ 78.097042876747622, 8.461015590611144 ], [ 78.097365244373862, 8.461345655756595 ], [ 78.097503459163477, 8.461478502743892 ], [ 78.098931669074148, 8.462851275068308 ], [ 78.099898763867969, 8.46380527859298 ], [ 78.102105391820103, 8.466020724889818 ], [ 78.102521073743091, 8.46642781471234 ], [ 78.102654814024291, 8.466558804705102 ], [ 78.103172366697123, 8.467047057995071 ], [ 78.10365366785669, 8.467481108083577 ], [ 78.104107756351326, 8.467865450188839 ], [ 78.104911399085978, 8.468525577337086 ], [ 78.105642395961908, 8.46914496296165 ], [ 78.105992041830049, 8.46945697798799 ], [ 78.106655105409246, 8.47009956574164 ], [ 78.106673134597003, 8.470117040209741 ], [ 78.110382768885302, 8.473865139341866 ], [ 78.11068291308969, 8.474179527298059 ], [ 78.110732412058496, 8.474231376168039 ], [ 78.11073646076548, 8.474235866685881 ], [ 78.111050235107669, 8.474584006939821 ], [ 78.112208087152112, 8.475899664803954 ], [ 78.112516849793366, 8.476234231667355 ], [ 78.113161622775067, 8.476894323129192 ], [ 78.114151494352967, 8.477834728890443 ], [ 78.11510929427854, 8.478688496756991 ], [ 78.115581830575877, 8.479109733140151 ], [ 78.115895273439762, 8.479403259370571 ], [ 78.116040440291343, 8.479539213410781 ], [ 78.116077700612735, 8.479576313424005 ], [ 78.116271999022132, 8.479769824994966 ], [ 78.116766927624568, 8.480303257411663 ], [ 78.116846507578941, 8.480393988596502 ], [ 78.117611534434488, 8.481266279378383 ], [ 78.118197291695282, 8.481921838007148 ], [ 78.119137234011347, 8.48295264841023 ], [ 78.119705240562126, 8.483591319372785 ], [ 78.120717409223658, 8.484729462993361 ], [ 78.121481391338492, 8.485574082838271 ], [ 78.121498460227215, 8.485592955961184 ], [ 78.121624614235827, 8.485725536913581 ], [ 78.12215233044779, 8.486280147751069 ], [ 78.122447512358605, 8.486574046994981 ], [ 78.122640666314368, 8.486761514274125 ], [ 78.123351142974229, 8.487451114411222 ], [ 78.124018660400623, 8.488111188378292 ], [ 78.124668012095341, 8.488784822878445 ], [ 78.124794279291649, 8.488923669133907 ], [ 78.124972249024182, 8.489119419390557 ], [ 78.125312676380872, 8.489521172575365 ], [ 78.125535331010568, 8.489783969275146 ], [ 78.125807788239598, 8.490123043698413 ], [ 78.126965732810504, 8.491633058398953 ], [ 78.128700394895503, 8.493983968046184 ], [ 78.12931343399147, 8.494847473068361 ], [ 78.129474444429732, 8.495093146395988 ], [ 78.12973120090426, 8.495484923045019 ], [ 78.130117172845843, 8.496104277645612 ], [ 78.130471374969119, 8.496615165010235 ], [ 78.130525866774249, 8.496719191633149 ], [ 78.130589429767127, 8.496909021689561 ], [ 78.130607612566791, 8.49714865842417 ], [ 78.130602073554755, 8.49722887698822 ], [ 78.130598550362194, 8.497279744558039 ], [ 78.130575841850145, 8.497392768375523 ], [ 78.13056814508478, 8.49740937002861 ], [ 78.130548551031822, 8.497451507625893 ], [ 78.130527534945756, 8.497482988214164 ], [ 78.130512265382535, 8.497505790382787 ], [ 78.130353322866057, 8.497659499086469 ], [ 78.130344929906371, 8.497665467716949 ], [ 78.130226169032539, 8.497749885891547 ], [ 78.130172215318268, 8.497782836845412 ], [ 78.130085391349439, 8.497835812640927 ], [ 78.129535907161468, 8.498129665719546 ], [ 78.129518405284784, 8.498139828726398 ], [ 78.129372411983141, 8.498224579966163 ], [ 78.128963680325498, 8.49850488297276 ], [ 78.128727543780016, 8.498676691691294 ], [ 78.128330631256574, 8.499001277402305 ], [ 78.128218950005504, 8.499092602094512 ], [ 78.12819086058488, 8.499119012163339 ], [ 78.127973688373359, 8.499323139740406 ], [ 78.127832009680048, 8.499466953055812 ], [ 78.127737576082396, 8.499562769635689 ], [ 78.127528423131466, 8.499801345681213 ], [ 78.127519573827584, 8.499811439344811 ], [ 78.127319787610077, 8.50007358842436 ], [ 78.127273888190629, 8.500139865743188 ], [ 78.127138124005128, 8.500335835942268 ], [ 78.126705989437696, 8.500755531992262 ], [ 78.126579539883366, 8.500878324137824 ], [ 78.126075463736385, 8.501212872786953 ], [ 78.126091806786349, 8.501258986646679 ], [ 78.126122670204595, 8.50134618130898 ], [ 78.126504623083591, 8.501591033992661 ], [ 78.12645268069727, 8.501663804687933 ], [ 78.126382710021431, 8.501761758314917 ], [ 78.126291490595918, 8.502110443101039 ], [ 78.126269157579642, 8.502195772727841 ], [ 78.126257893604304, 8.502437826275179 ], [ 78.12623736710006, 8.50287842238486 ], [ 78.126001216181507, 8.503222007394456 ], [ 78.125992689372865, 8.50322823092081 ], [ 78.125933068187436, 8.503271757399405 ], [ 78.125765067957971, 8.503398318390616 ], [ 78.12578776119868, 8.503895647340215 ], [ 78.12602387438794, 8.503958915744064 ], [ 78.125563205733854, 8.504761490616719 ], [ 78.125497098712074, 8.504876651583965 ], [ 78.125459647049539, 8.504937659643108 ], [ 78.125327915401357, 8.505152227688031 ], [ 78.125272794775526, 8.505242005924579 ], [ 78.125147388165217, 8.505446268836575 ], [ 78.124875275889238, 8.506033525989796 ], [ 78.124470722295996, 8.506906519866686 ], [ 78.123857607741527, 8.50841649067954 ], [ 78.123080594665169, 8.510395280704232 ], [ 78.122417867055916, 8.512082944909992 ], [ 78.121972755425887, 8.51382797291974 ], [ 78.121881919580986, 8.51466433126566 ], [ 78.121894903830082, 8.515401460133733 ], [ 78.121900069142981, 8.515695111394582 ], [ 78.122127107551265, 8.516617384642505 ], [ 78.122231306734307, 8.517242353576515 ], [ 78.122317785750084, 8.517761190643663 ], [ 78.122385614842258, 8.518023714781624 ], [ 78.122399545017373, 8.518077649033081 ], [ 78.122626592408807, 8.518828129373745 ], [ 78.122708316641763, 8.519488184833561 ], [ 78.122844524595038, 8.520609376906997 ], [ 78.122862661580626, 8.52155876909538 ], [ 78.122871839667894, 8.521866685067691 ], [ 78.122889867957326, 8.522471963013375 ], [ 78.122887543117372, 8.522751565094026 ], [ 78.122880766226871, 8.523561536414402 ], [ 78.122848370282782, 8.524563891592992 ], [ 78.122839842575772, 8.524827388290367 ], [ 78.123017677560995, 8.525670565840672 ], [ 78.123155250953474, 8.526322885852011 ], [ 78.123203122174971, 8.526549871320839 ], [ 78.123268602172672, 8.527306830900738 ], [ 78.123307537852028, 8.527756990257213 ], [ 78.1232983965957, 8.528905278573895 ], [ 78.123462139709076, 8.530220732211976 ], [ 78.123493664287338, 8.530474034432553 ], [ 78.123513385002752, 8.530585743422165 ], [ 78.123625304307396, 8.531219954389783 ], [ 78.123752411428498, 8.533891811012992 ], [ 78.123910039709727, 8.534466273744735 ], [ 78.124288290631455, 8.535844901176793 ], [ 78.124440232576958, 8.536445003580889 ], [ 78.12456527806448, 8.536938988405465 ], [ 78.124593218364765, 8.537301990826807 ], [ 78.124642482873256, 8.537942614369308 ], [ 78.124904561865819, 8.539437242398485 ], [ 78.125060227328149, 8.540325124333942 ], [ 78.125249542782711, 8.540905658159426 ], [ 78.125341816830371, 8.54118864558154 ], [ 78.125417967017029, 8.541436137810566 ], [ 78.125650599234561, 8.542192300343627 ], [ 78.126043059707442, 8.543621397936137 ], [ 78.126073058946389, 8.543730636139834 ], [ 78.126354535260873, 8.544755668432231 ], [ 78.126567271591512, 8.545169872846525 ], [ 78.126663358987557, 8.545356967631765 ], [ 78.12695954431652, 8.545645385739283 ], [ 78.127290106374772, 8.545967292318709 ], [ 78.127721560019211, 8.54657310059727 ], [ 78.128116678607043, 8.547382350684684 ], [ 78.128301799827526, 8.547827790614482 ], [ 78.128856925435471, 8.549163619585411 ], [ 78.12917033865493, 8.549805621439299 ], [ 78.129560913564049, 8.550605782373427 ], [ 78.130578605067953, 8.551853497292385 ], [ 78.130737224190938, 8.552047978790048 ], [ 78.131650111047264, 8.553259577718549 ], [ 78.132072489012387, 8.554208973973106 ], [ 78.132088018188711, 8.554477223150855 ], [ 78.132120668356052, 8.555041588430464 ], [ 78.132122454206808, 8.555072464659288 ], [ 78.132022519326412, 8.557219894990808 ], [ 78.131836289584882, 8.559001146319837 ], [ 78.131845614995811, 8.559174253195096 ], [ 78.131913501580158, 8.560434304395558 ], [ 78.131965902107325, 8.560587171429271 ], [ 78.132308630947747, 8.561587093961592 ], [ 78.132505033211601, 8.562101677053034 ], [ 78.132703728874361, 8.562622338990414 ], [ 78.132921767960113, 8.563576274207254 ], [ 78.132969137921663, 8.563759524273225 ], [ 78.133203377225271, 8.564665835005371 ], [ 78.1332169965833, 8.566474197731626 ], [ 78.133325999956512, 8.567699363796283 ], [ 78.133429628709379, 8.568081179311298 ], [ 78.133889168181142, 8.569774466167663 ], [ 78.134111768013611, 8.570665105679398 ], [ 78.134420584553794, 8.571533075935317 ], [ 78.134729461281083, 8.572477931016557 ], [ 78.135351705413782, 8.574580162743482 ], [ 78.135769610667083, 8.576334317805282 ], [ 78.13597356237257, 8.577108179946753 ], [ 78.136496368393182, 8.579092040004468 ], [ 78.136538718568957, 8.579306631185077 ], [ 78.136623823162338, 8.579737849968346 ], [ 78.136746158432658, 8.580357915255485 ], [ 78.137012822426442, 8.581140617148156 ], [ 78.137195873928519, 8.58167799222757 ], [ 78.137618307589193, 8.583291950699916 ], [ 78.137813631874678, 8.584526155563992 ], [ 78.137972621103572, 8.58596380075692 ], [ 78.137818198909599, 8.587537076300316 ], [ 78.137463915039618, 8.588857181597355 ], [ 78.137334156091782, 8.589113752610372 ], [ 78.137151772936278, 8.589474345207373 ], [ 78.137106718831518, 8.589563422308403 ], [ 78.13678709466015, 8.590195356166664 ], [ 78.136471630586882, 8.59098935300959 ], [ 78.136228435978239, 8.591601375601073 ], [ 78.135743869442621, 8.592843381419948 ], [ 78.135201860136178, 8.594232520024345 ], [ 78.134811935607303, 8.595367026814175 ], [ 78.134316133842447, 8.596809453962608 ], [ 78.134082979703692, 8.597202811951876 ], [ 78.133943633036836, 8.597437853059299 ], [ 78.133453088213003, 8.597324834917298 ], [ 78.132821690247582, 8.599820368655575 ], [ 78.133012468159393, 8.600172999771862 ], [ 78.133018688094424, 8.600615778914229 ], [ 78.13302153216064, 8.600819525271843 ], [ 78.132963315042005, 8.601053956598335 ], [ 78.132721747282304, 8.602026565799452 ], [ 78.13226750158249, 8.602971431103542 ], [ 78.131599756882338, 8.60420563230362 ], [ 78.131308344302496, 8.604797440239222 ], [ 78.130927455927079, 8.605570898794081 ], [ 78.130464127361407, 8.606316880186231 ], [ 78.130331820791426, 8.606574665981944 ], [ 78.129819071410409, 8.607573675100511 ], [ 78.129574338885973, 8.608028978925153 ], [ 78.129228545892104, 8.608672251765917 ], [ 78.129030403591543, 8.609226466155356 ], [ 78.128796983551482, 8.60987928768718 ], [ 78.128208271731737, 8.611667392070448 ], [ 78.127833932074736, 8.612804329106284 ], [ 78.127711896841703, 8.613308473193358 ], [ 78.127293288207511, 8.615037682164788 ], [ 78.12705707261027, 8.616601837958674 ], [ 78.126911674891673, 8.618604658008062 ], [ 78.126820758198392, 8.619920190185466 ], [ 78.126715136083916, 8.621846644333377 ], [ 78.12662539618367, 8.62348265606332 ], [ 78.126585646630659, 8.625502374100364 ], [ 78.126584468041003, 8.62556226594603 ], [ 78.126634405387662, 8.62593295410757 ], [ 78.126761614916731, 8.626434801683674 ], [ 78.126803029047949, 8.62652559931988 ], [ 78.127075040712612, 8.627122012028085 ], [ 78.127161305929363, 8.628030698939201 ], [ 78.127252146265803, 8.62987068103326 ], [ 78.127243007704436, 8.631186284105457 ], [ 78.127252611593136, 8.632372350215888 ], [ 78.127256645927076, 8.632872560387799 ], [ 78.127242681615982, 8.633359862607646 ], [ 78.127206596291003, 8.634617614706016 ], [ 78.127336216, 8.635968931608481 ], [ 78.127406484916463, 8.636701756651878 ], [ 78.127337913815879, 8.637687180384304 ], [ 78.127283768760421, 8.638464923433766 ], [ 78.127348053998816, 8.638629700705135 ], [ 78.127401904406824, 8.638767802216709 ], [ 78.127606307964896, 8.640056259049095 ], [ 78.127701690183443, 8.641032773292261 ], [ 78.127933355813752, 8.642244374630376 ], [ 78.12824156599109, 8.643038087223964 ], [ 78.128373975867362, 8.643379110341469 ], [ 78.128446643285628, 8.643984955684534 ], [ 78.128417244121323, 8.644060046399682 ], [ 78.128342181794494, 8.644251656387251 ], [ 78.128051432171333, 8.644427965909326 ], [ 78.128779120552053, 8.649254884167355 ], [ 78.12884635226456, 8.650024796083157 ], [ 78.128891788153325, 8.650002233081292 ], [ 78.128986072630582, 8.650079883869521 ], [ 78.129023541361079, 8.650110771001414 ], [ 78.129042096063301, 8.650191667761641 ], [ 78.12911889842681, 8.650526621371867 ], [ 78.129141330257767, 8.651052913895921 ], [ 78.129141635684974, 8.651060092367114 ], [ 78.129037099633663, 8.65168854687464 ], [ 78.129077979267322, 8.652954385156709 ], [ 78.129023463207673, 8.65358276634343 ], [ 78.12901434710416, 8.654749121957831 ], [ 78.129085755982729, 8.655296148027057 ], [ 78.129150655668724, 8.655793490347733 ], [ 78.129293751903603, 8.656473884433499 ], [ 78.129436849935104, 8.657154279953392 ], [ 78.129936570151258, 8.658492468398329 ], [ 78.130039527862593, 8.658795942963247 ], [ 78.130413536939571, 8.65989845920809 ], [ 78.130627074567442, 8.660531113750118 ], [ 78.130714105148797, 8.660788961088761 ], [ 78.130750332407587, 8.660896294337386 ], [ 78.130817900988291, 8.661096507383842 ], [ 78.131344891361493, 8.662380443044784 ], [ 78.131365813124461, 8.662503279728989 ], [ 78.131435723613151, 8.662913944304357 ], [ 78.131362413001128, 8.663199174421578 ], [ 78.131335806699056, 8.66330266698491 ], [ 78.125638634573292, 8.66508837611746 ], [ 78.126301979325191, 8.665273694143318 ], [ 78.127496767399137, 8.666096585994914 ], [ 78.127746692185909, 8.666684252637017 ], [ 78.128405375579803, 8.667375997695931 ], [ 78.128705288018864, 8.667873245006659 ], [ 78.128837019667074, 8.668280149022854 ], [ 78.128632566701668, 8.669414860411406 ], [ 78.128791537065908, 8.670621958560107 ], [ 78.128759748382947, 8.671304624969491 ], [ 78.128932372241223, 8.672172679358104 ], [ 78.129209444115872, 8.672963822768587 ], [ 78.13111308020413, 8.674821905563419 ], [ 78.131412934252722, 8.675097683244946 ], [ 78.131441566255759, 8.675158734974085 ], [ 78.131476498143897, 8.675233321277942 ], [ 78.13160825943649, 8.675576894072655 ], [ 78.131693768271774, 8.675776782269303 ], [ 78.131790020059512, 8.676001862165688 ], [ 78.131917229588595, 8.676422304351368 ], [ 78.131973707568832, 8.676810616106254 ], [ 78.13201716357068, 8.677109487412041 ], [ 78.132039876574339, 8.677765009993429 ], [ 78.132030774843884, 8.678795761333433 ], [ 78.13198330966091, 8.67949817505345 ], [ 78.131962640324517, 8.679803922876722 ], [ 78.131976264174099, 8.680567951231525 ], [ 78.131998977177759, 8.681151145343884 ], [ 78.132009552145277, 8.681295606366987 ], [ 78.132048910931147, 8.681833791721829 ], [ 78.132307895227569, 8.682520995955505 ], [ 78.132516896363228, 8.683262392947155 ], [ 78.132569696640701, 8.683405563754549 ], [ 78.132748616790778, 8.683890801604962 ], [ 78.132898545611724, 8.684605100757159 ], [ 78.133004374338711, 8.684948952689334 ], [ 78.133121131969418, 8.685328401234434 ], [ 78.133248363058058, 8.686065388137013 ], [ 78.133460112140199, 8.686739035353201 ], [ 78.13363911313867, 8.687308588042244 ], [ 78.134025301574255, 8.688339348682749 ], [ 78.134428663103122, 8.689227790443667 ], [ 78.134493278023214, 8.689370132241722 ], [ 78.135133891805125, 8.69054553559514 ], [ 78.135254128610953, 8.690755425364994 ], [ 78.135633689276403, 8.691418063616606 ], [ 78.135720280581566, 8.69171455943148 ], [ 78.135788136623191, 8.691946993935085 ], [ 78.135837702067306, 8.692315472182324 ], [ 78.135883584418764, 8.692656782701047 ], [ 78.135952150129455, 8.693228143237295 ], [ 78.135956280583144, 8.693262580578367 ], [ 78.136401565588002, 8.694108025588303 ], [ 78.136672480409686, 8.694451793325014 ], [ 78.137028558215263, 8.694903652384795 ], [ 78.137219713419526, 8.695164545011039 ], [ 78.13754194719678, 8.69560438782422 ], [ 78.138328040444037, 8.696504073819286 ], [ 78.138539738322194, 8.696785955563231 ], [ 78.139241284829851, 8.697720136034587 ], [ 78.140236342381854, 8.698995008876077 ], [ 78.141076920247741, 8.700052880225908 ], [ 78.142121428259529, 8.70095094740809 ], [ 78.142280970850592, 8.701088128272108 ], [ 78.142321975350072, 8.701116303768089 ], [ 78.142721723854876, 8.701391025842819 ], [ 78.143353521570617, 8.701939109898406 ], [ 78.143821273440707, 8.702344914943804 ], [ 78.144926425819037, 8.703179808107452 ], [ 78.145161689202041, 8.703357545353539 ], [ 78.145240468757493, 8.703433421597159 ], [ 78.146156745855734, 8.704315971404126 ], [ 78.147457984290867, 8.705667418602708 ], [ 78.147915219583965, 8.706142315688872 ], [ 78.148637686956263, 8.706843024765849 ], [ 78.148819048727304, 8.70693276939269 ], [ 78.149505552945513, 8.707272511766345 ], [ 78.149914105838434, 8.707461530394964 ], [ 78.150091686600405, 8.707543702339802 ], [ 78.150668751762524, 8.707995764924537 ], [ 78.151323073835684, 8.708737160339545 ], [ 78.151528110706025, 8.708983306776767 ], [ 78.152004622048494, 8.709555382064654 ], [ 78.152562373431977, 8.7102554249979 ], [ 78.152786227312589, 8.710536398663701 ], [ 78.1535723430177, 8.711621369635925 ], [ 78.154058551673671, 8.712218100153285 ], [ 78.154105423968559, 8.712337515224958 ], [ 78.154244827229306, 8.712692779366275 ], [ 78.15463108483516, 8.713402533233984 ], [ 78.154696334864127, 8.713918425853093 ], [ 78.154731130208333, 8.714193684613067 ], [ 78.154722089563322, 8.71508881693838 ], [ 78.154640329397751, 8.715586118161315 ], [ 78.154547238781475, 8.716126583307398 ], [ 78.154531313448132, 8.716219018830223 ], [ 78.154305998008553, 8.716814186338599 ], [ 78.153711529784474, 8.716492194564506 ], [ 78.154282604081942, 8.716875978026087 ], [ 78.15409969271704, 8.716951448402801 ], [ 78.153982422148303, 8.716935897040102 ], [ 78.1539232968329, 8.716926562137671 ], [ 78.153746668285095, 8.716898884190503 ], [ 78.153736187640703, 8.716897216640987 ], [ 78.153845284438688, 8.717801385240639 ], [ 78.154049821845717, 8.719067217959575 ], [ 78.154145286709294, 8.719935219397705 ], [ 78.154339318319089, 8.720633030168631 ], [ 78.154381598426241, 8.720785114818385 ], [ 78.154475588256133, 8.721064214141251 ], [ 78.154690640443576, 8.721702851310209 ], [ 78.154995145968684, 8.722968677023655 ], [ 78.155353603411427, 8.723953150609784 ], [ 78.155413230885046, 8.724116919847679 ], [ 78.155540502397884, 8.724853873869836 ], [ 78.1553496921467, 8.725220050180587 ], [ 78.155658691044863, 8.725889166008665 ], [ 78.155867761350834, 8.725943402680288 ], [ 78.155920835614438, 8.726037268872256 ], [ 78.156317584644512, 8.726739015025244 ], [ 78.156413546276426, 8.727011622790739 ], [ 78.156444877716922, 8.727100669112613 ], [ 78.156683798141444, 8.7276635711527 ], [ 78.156876582889637, 8.72811781141881 ], [ 78.157135657915873, 8.729040099959681 ], [ 78.157366114413804, 8.729598704259375 ], [ 78.157603762823911, 8.730174789733679 ], [ 78.15791281831595, 8.731259778247198 ], [ 78.158326378418224, 8.732204614413362 ], [ 78.15888537935831, 8.733619608911189 ], [ 78.15902162773574, 8.733973232391083 ], [ 78.159280736898012, 8.734645852145634 ], [ 78.159721587818609, 8.735703668743042 ], [ 78.160154423970269, 8.736564743222086 ], [ 78.16021245603595, 8.736680188733038 ], [ 78.160785011655349, 8.737602392174503 ], [ 78.161416734810871, 8.738398011617031 ], [ 78.161507761098633, 8.738501990379238 ], [ 78.162243805608128, 8.739342792405324 ], [ 78.162641903009472, 8.739755162678211 ], [ 78.163343547433485, 8.740481996792042 ], [ 78.163557147045083, 8.740694452912869 ], [ 78.163602590120405, 8.740879756594412 ], [ 78.163525322429521, 8.740929485973577 ], [ 78.163311737190938, 8.740929512610036 ], [ 78.162943710893757, 8.7409476458211 ], [ 78.162935362849836, 8.74096149056224 ], [ 78.162861884252848, 8.741083252876283 ], [ 78.162980007322815, 8.741318186249121 ], [ 78.162993752445004, 8.741345521438827 ], [ 78.163307242021261, 8.741535337004988 ], [ 78.163368193611618, 8.741536192033834 ], [ 78.163625367802737, 8.741539827016295 ], [ 78.163878121384329, 8.741463704580747 ], [ 78.164316042898832, 8.741331846297243 ], [ 78.164579611298109, 8.741566911807498 ], [ 78.165447583288568, 8.74228560941927 ], [ 78.166788200272492, 8.743402188832937 ], [ 78.166778723944589, 8.743433173927631 ], [ 78.166756371165349, 8.743506130683825 ], [ 78.166699576978147, 8.743547946077015 ], [ 78.166651899792768, 8.743583011835669 ], [ 78.166333814435504, 8.743664415808748 ], [ 78.166043002828587, 8.743736773203917 ], [ 78.165961213018591, 8.743845300835465 ], [ 78.165988463412731, 8.743976415078377 ], [ 78.166118094799785, 8.74400364707963 ], [ 78.166224792197667, 8.744026093435391 ], [ 78.166597408885934, 8.744030581640931 ], [ 78.166942752722193, 8.743931094403862 ], [ 78.167088396579203, 8.743840272799721 ], [ 78.167283553778063, 8.743718595734823 ], [ 78.167392593982171, 8.743745702564532 ], [ 78.167574347418679, 8.743908419858572 ], [ 78.167737753663801, 8.744050394559512 ], [ 78.167969748975807, 8.74425198639581 ], [ 78.168141564350307, 8.744385289991959 ], [ 78.168651396003298, 8.744780909405502 ], [ 78.169614828365724, 8.745463452923813 ], [ 78.170428237584133, 8.745834082974557 ], [ 78.170979592064484, 8.746172570010645 ], [ 78.171164458163432, 8.746286076102466 ], [ 78.172246019884071, 8.746851078283202 ], [ 78.173089987093491, 8.74730308260688 ], [ 78.173486606766176, 8.747515517968074 ], [ 78.174293605606707, 8.747891544197431 ], [ 78.174640912261864, 8.748053380693923 ], [ 78.175393353720253, 8.748387183117483 ], [ 78.175904275029652, 8.748613844986068 ], [ 78.176076876430017, 8.748673623058828 ], [ 78.177222109839661, 8.749070290033702 ], [ 78.179230718560433, 8.749793395600875 ], [ 78.181098443596895, 8.750335673024573 ], [ 78.181421774217114, 8.750394197163521 ], [ 78.182770727566876, 8.750638401011146 ], [ 78.183305835117025, 8.750641441927289 ], [ 78.183538710778009, 8.750642782593923 ], [ 78.183890262871174, 8.750601136690571 ], [ 78.184570263286759, 8.750520615877861 ], [ 78.185167024909774, 8.750479734407532 ], [ 78.185629012290732, 8.75044810886482 ], [ 78.186442410729342, 8.750375664875641 ], [ 78.187773813693397, 8.75007258241925 ], [ 78.188537205615106, 8.749864513239684 ], [ 78.189282383296131, 8.74939875816041 ], [ 78.189738885563955, 8.749025829430066 ], [ 78.189891229056357, 8.748901374160754 ], [ 78.189936219380712, 8.748857497750816 ], [ 78.190345594232127, 8.748458277052571 ], [ 78.1909885202776, 8.748028081870801 ], [ 78.191149795718857, 8.747920174300157 ], [ 78.191459995664573, 8.747920114813173 ], [ 78.191576965297699, 8.747920097055857 ], [ 78.192195182282987, 8.749294344723754 ], [ 78.192713456302982, 8.750822315574148 ], [ 78.192856255195522, 8.751210678793194 ], [ 78.192852581984326, 8.751222759868138 ], [ 78.192861384575792, 8.751224635022826 ], [ 78.192868039295405, 8.751242731330461 ], [ 78.192909092303907, 8.751234797437686 ], [ 78.194848475052225, 8.751647874595683 ], [ 78.195688483386206, 8.752310595711036 ], [ 78.196100395079981, 8.753028119266276 ], [ 78.196197075364097, 8.753196528966122 ], [ 78.195923483562865, 8.75395356816734 ], [ 78.195194665999821, 8.7549534146971 ], [ 78.19514606804124, 8.75593779226133 ], [ 78.195403978850905, 8.757273203598814 ], [ 78.195930721289116, 8.758487519439768 ], [ 78.196236923731774, 8.758879583161326 ], [ 78.197225204393305, 8.759010005808806 ], [ 78.197489884906929, 8.759442793209979 ], [ 78.19649822029173, 8.759763683369838 ], [ 78.196579578012091, 8.759907893809988 ], [ 78.197670441787466, 8.760100624442781 ], [ 78.197750876938017, 8.760367921624015 ], [ 78.196863790594932, 8.760484433147358 ], [ 78.196839799288625, 8.760935594336281 ], [ 78.197120788716248, 8.761259318947582 ], [ 78.197355964064371, 8.761307956232612 ], [ 78.19788905938826, 8.760889879752945 ], [ 78.198149016560151, 8.760774575811661 ], [ 78.198252719873167, 8.761080145250091 ], [ 78.197670322311524, 8.761790935438555 ], [ 78.197418273907417, 8.762422110730718 ], [ 78.197588943929929, 8.763220546588014 ], [ 78.197653010877687, 8.764100253273313 ], [ 78.197622843653832, 8.764814684871173 ], [ 78.197893160197538, 8.766310959775952 ], [ 78.198074026996835, 8.768617898584994 ], [ 78.19835889355322, 8.771030912829323 ], [ 78.198239096921881, 8.771563095078278 ], [ 78.198135486135328, 8.772023308219296 ], [ 78.198247835732957, 8.772400326203629 ], [ 78.198249068221529, 8.772404464270901 ], [ 78.198699913798009, 8.772148312404344 ], [ 78.199675848014266, 8.772003603327784 ], [ 78.199773716769513, 8.772114605908582 ], [ 78.199909355190883, 8.772268490428084 ], [ 78.199955239338962, 8.77244461177764 ], [ 78.19998463760497, 8.772557516795668 ], [ 78.199481505587372, 8.772786808703239 ], [ 78.199157298211446, 8.772865655618697 ], [ 78.198662805291946, 8.7729859088737 ], [ 78.198519004777864, 8.774045814673373 ], [ 78.198517373437312, 8.77405783729901 ], [ 78.198714469200539, 8.775107943162148 ], [ 78.199023936120994, 8.775609494938701 ], [ 78.199097511736028, 8.776029473383554 ], [ 78.199097547668643, 8.778072307116942 ], [ 78.199067009440554, 8.779201994709771 ], [ 78.199047284233558, 8.77993121355769 ], [ 78.199188007119432, 8.781268690631803 ], [ 78.199301439186982, 8.782684477706098 ], [ 78.199470208374336, 8.783891339228184 ], [ 78.199565762171133, 8.784652150183234 ], [ 78.199563844267999, 8.784699221915716 ], [ 78.199527310683706, 8.785594520300029 ], [ 78.199333941132267, 8.786299219591447 ], [ 78.199281418434239, 8.786528666356178 ], [ 78.199166531994251, 8.787030399775341 ], [ 78.199134489088053, 8.787475299216347 ], [ 78.199023027025916, 8.787565319152355 ], [ 78.19865557744717, 8.787862050984579 ], [ 78.198413079032832, 8.787927658939084 ], [ 78.198285700620502, 8.787962113275514 ], [ 78.197833792337036, 8.788296843068414 ], [ 78.197458495075949, 8.788815889998901 ], [ 78.197390386607751, 8.788808237443249 ], [ 78.196932647359787, 8.788756780660599 ], [ 78.196196925345447, 8.788642617279431 ], [ 78.195978427220567, 8.78858856286457 ], [ 78.195750740228661, 8.788532194918076 ], [ 78.195513001088699, 8.788252138584474 ], [ 78.195413580942983, 8.788134996582537 ], [ 78.195414019320836, 8.788101075811458 ], [ 78.195417667379218, 8.787820797209612 ], [ 78.195939742171191, 8.78816791062043 ], [ 78.195892870774614, 8.78772205588241 ], [ 78.195685272807381, 8.78748370196573 ], [ 78.195623216289263, 8.787482910074329 ], [ 78.19518510972182, 8.787477275393897 ], [ 78.194605985621067, 8.787469890917327 ], [ 78.194001481418624, 8.787383623565781 ], [ 78.19390453702978, 8.787350910982212 ], [ 78.192952900445349, 8.787029748150895 ], [ 78.192481763723251, 8.786814197995811 ], [ 78.192492566862839, 8.786773430603493 ], [ 78.192592471200541, 8.786396550625959 ], [ 78.192777836762758, 8.786314301975098 ], [ 78.192936714600549, 8.786243813643384 ], [ 78.193047271160893, 8.786210981109788 ], [ 78.193359604605391, 8.786118249583323 ], [ 78.193778770195053, 8.786280753014486 ], [ 78.194092974830326, 8.786415722089087 ], [ 78.194047423957201, 8.785865123842923 ], [ 78.194053952912668, 8.785849747587633 ], [ 78.194346163196514, 8.785161735859582 ], [ 78.194593202594561, 8.782336308026188 ], [ 78.194578881652305, 8.782282344133513 ], [ 78.194467664830256, 8.781863271204333 ], [ 78.194360618886066, 8.781788924603731 ], [ 78.194976041212485, 8.781196628184674 ], [ 78.195389506991674, 8.77897378898273 ], [ 78.195340034972347, 8.775957665604723 ], [ 78.195456055984536, 8.77491737500721 ], [ 78.196076730760439, 8.773916736110886 ], [ 78.195710406770729, 8.774667952633067 ], [ 78.195707170140764, 8.775098750877925 ], [ 78.196251129689699, 8.774707872617899 ], [ 78.197121839745122, 8.774032207319294 ], [ 78.19693962187965, 8.774282167240981 ], [ 78.196391889406499, 8.775175644142047 ], [ 78.196315443674138, 8.775749506154311 ], [ 78.19617756934602, 8.77597561510929 ], [ 78.196068495904214, 8.776385111805919 ], [ 78.196197776050028, 8.776421241600096 ], [ 78.196556008913973, 8.775767413054609 ], [ 78.196816329903513, 8.77560522462511 ], [ 78.196695394208405, 8.776026356324486 ], [ 78.196477425191233, 8.776821905120878 ], [ 78.196405948040706, 8.778497771993569 ], [ 78.196568270019299, 8.77883894681721 ], [ 78.196687358778163, 8.778663987070152 ], [ 78.19669475640454, 8.77767930483405 ], [ 78.196913517735794, 8.776778253955658 ], [ 78.197377917991602, 8.776101766773941 ], [ 78.197721555028821, 8.775822966166555 ], [ 78.198308810679507, 8.776038344261822 ], [ 78.19860428544105, 8.775899861944014 ], [ 78.198430800996761, 8.775476541675586 ], [ 78.197876075139149, 8.774065652626915 ], [ 78.197601880568357, 8.772938200874194 ], [ 78.197454414029608, 8.772186828148993 ], [ 78.197185135040044, 8.771973812939018 ], [ 78.19697245171001, 8.772066017092024 ], [ 78.196957331267171, 8.772511381934219 ], [ 78.196743855623026, 8.772709088396915 ], [ 78.196752200972028, 8.773166349941739 ], [ 78.196572469643229, 8.773575322382017 ], [ 78.196407683585832, 8.773562374649027 ], [ 78.196375699070146, 8.773116660384542 ], [ 78.196666787358168, 8.771993408631769 ], [ 78.196321942985236, 8.771619043006396 ], [ 78.195498746621794, 8.770625318370818 ], [ 78.195507903149476, 8.7704301605932 ], [ 78.195708151999355, 8.770393369684168 ], [ 78.196331563941911, 8.770849698328476 ], [ 78.196704139307684, 8.770909884770576 ], [ 78.196812929780165, 8.770761403791692 ], [ 78.19663354609942, 8.770580158085901 ], [ 78.196108219406099, 8.770377202635407 ], [ 78.195917154931678, 8.770215010075527 ], [ 78.19590454797499, 8.770077098224524 ], [ 78.196331319600176, 8.769705131314243 ], [ 78.196596031554819, 8.769405646942266 ], [ 78.196556660192542, 8.769271376604729 ], [ 78.19631399738654, 8.769323164581207 ], [ 78.195900534302282, 8.769715327848708 ], [ 78.195576664692908, 8.769826804317789 ], [ 78.195307487212972, 8.769824804075297 ], [ 78.1951405586736, 8.769649391733921 ], [ 78.195142118148937, 8.769441738351842 ], [ 78.195762082357447, 8.769332464433926 ], [ 78.196126578275539, 8.769187795099619 ], [ 78.19625599676192, 8.768981091421411 ], [ 78.196176600063822, 8.768799630883349 ], [ 78.19567771707753, 8.768916506430832 ], [ 78.195185009110517, 8.769107112290444 ], [ 78.194942699342377, 8.769112011251519 ], [ 78.194857530070308, 8.768803229199028 ], [ 78.195155133839108, 8.768604473922052 ], [ 78.195580345090619, 8.768440159595123 ], [ 78.195588231400492, 8.76828614475593 ], [ 78.195050932859402, 8.76814147590191 ], [ 78.194768749570756, 8.768079089000432 ], [ 78.194683279363048, 8.767810499375678 ], [ 78.194947487362867, 8.767578001147358 ], [ 78.19515062609301, 8.767412037687114 ], [ 78.195092402686171, 8.767010326151325 ], [ 78.192445275953034, 8.765472519914763 ], [ 78.189593015331482, 8.763810082130831 ], [ 78.188748219875364, 8.763783280399709 ], [ 78.187055545046732, 8.764139952437334 ], [ 78.184803659072301, 8.764861719167229 ], [ 78.182460930964737, 8.766038339049059 ], [ 78.181986343813634, 8.76650371461105 ], [ 78.18151529063482, 8.766988165284598 ], [ 78.181488732841771, 8.767386546636281 ], [ 78.181697523771675, 8.767810130931331 ], [ 78.18162465513079, 8.768102658767722 ], [ 78.181327504112886, 8.768463851858119 ], [ 78.180866988172383, 8.768624534120223 ], [ 78.180364782317824, 8.768754900966957 ], [ 78.179997415384094, 8.766906651886099 ], [ 78.179500096364677, 8.766690711830877 ], [ 78.178999925194276, 8.766684265366877 ], [ 78.179073782880309, 8.767078096969604 ], [ 78.178204548756895, 8.768127573576205 ], [ 78.178087668056946, 8.76822849260542 ], [ 78.177472384969391, 8.768759753766288 ], [ 78.176336944992968, 8.769088422904192 ], [ 78.175913304894891, 8.769211043407726 ], [ 78.175017514775021, 8.769248976163036 ], [ 78.174016780768753, 8.769291337331699 ], [ 78.173613714785603, 8.769333638124149 ], [ 78.172461407143089, 8.76945452287074 ], [ 78.171881300285449, 8.769620892036979 ], [ 78.171325156886297, 8.769780339738464 ], [ 78.169684322036105, 8.770440035719993 ], [ 78.16894146739844, 8.770875663232379 ], [ 78.168863376850794, 8.771009044292006 ], [ 78.168591429864819, 8.771473466334237 ], [ 78.168664226640502, 8.771945823022207 ], [ 78.169200307066063, 8.77242886830197 ], [ 78.169548867769379, 8.772742975063288 ], [ 78.169832251207197, 8.773218061911612 ], [ 78.170138530905021, 8.773955325359744 ], [ 78.170155601590352, 8.774662682644296 ], [ 78.169816325873853, 8.775006494210107 ], [ 78.169568656756766, 8.775257454914049 ], [ 78.168997755834141, 8.775629820210328 ], [ 78.168878761398318, 8.776675869722673 ], [ 78.168082887294275, 8.777136973198397 ], [ 78.166392063893454, 8.777586482394943 ], [ 78.164549444972565, 8.777562604277291 ], [ 78.164135806716857, 8.777848502376388 ], [ 78.16380555188239, 8.778076754073004 ], [ 78.163698146612106, 8.778253084848982 ], [ 78.163267362212551, 8.778960275027396 ], [ 78.163033465167061, 8.77923721779567 ], [ 78.162786043086683, 8.779530157440192 ], [ 78.162570472571332, 8.779143281569095 ], [ 78.16237448173591, 8.778791496141816 ], [ 78.162386829079466, 8.777851218137391 ], [ 78.162387551324983, 8.777796419066044 ], [ 78.161809130605107, 8.777736505405462 ], [ 78.161655671405114, 8.777959164959986 ], [ 78.161379708051513, 8.778359517868473 ], [ 78.16091730924218, 8.778935242869663 ], [ 78.16063027415268, 8.779292592830089 ], [ 78.160144747318029, 8.780176791822569 ], [ 78.160136882567699, 8.78035745489232 ], [ 78.160029861776337, 8.784316293171958 ], [ 78.16039677865416, 8.784449261022536 ], [ 78.160771333008512, 8.784585012008197 ], [ 78.160915003266823, 8.784768528021884 ], [ 78.161185638712482, 8.785114223848742 ], [ 78.161184340646912, 8.785212971197256 ], [ 78.161175973738338, 8.785847467782526 ], [ 78.161100909614873, 8.786152883418261 ], [ 78.161009108979357, 8.786526256940389 ], [ 78.161529447327894, 8.787004475063917 ], [ 78.161903611813429, 8.786410535717915 ], [ 78.162282318180985, 8.785809453273117 ], [ 78.162659801043162, 8.785133385612642 ], [ 78.162681206099776, 8.784881602406218 ], [ 78.162722118072764, 8.784400846937917 ], [ 78.162775813970555, 8.784081211193747 ], [ 78.162836312809986, 8.783721358757198 ], [ 78.163057455575043, 8.783427032158844 ], [ 78.163265095763066, 8.783150769008047 ], [ 78.163887204250187, 8.783892143556214 ], [ 78.163448805730255, 8.785196027990064 ], [ 78.162850460377399, 8.786654941383107 ], [ 78.162519453653076, 8.787473644411797 ], [ 78.162197341148385, 8.788270342283678 ], [ 78.161934962118536, 8.788692742426262 ], [ 78.161551764174519, 8.789309625986446 ], [ 78.161096853721375, 8.791870499724135 ], [ 78.161835886925829, 8.792164335788518 ], [ 78.162458873965249, 8.792412058764661 ], [ 78.162110650130202, 8.794869540227293 ], [ 78.161874161445155, 8.795225245800873 ], [ 78.161627161572937, 8.795596686423446 ], [ 78.161875288830814, 8.796752381349823 ], [ 78.161869582732152, 8.797186773277591 ], [ 78.161863547850047, 8.797642817716628 ], [ 78.161747380412464, 8.797866619382118 ], [ 78.161539423119123, 8.798267170947172 ], [ 78.161017033916778, 8.797946045988157 ], [ 78.161135414803255, 8.796952327103176 ], [ 78.161066683802559, 8.796662883867018 ], [ 78.160885896055007, 8.795901357189777 ], [ 78.161190495903213, 8.794937329037229 ], [ 78.161215585849106, 8.794857934632665 ], [ 78.161248732784784, 8.79479931984913 ], [ 78.161539102420591, 8.794285936297015 ], [ 78.161600686424876, 8.793605739169081 ], [ 78.161584671260002, 8.793332963611832 ], [ 78.161557596935637, 8.792871809258035 ], [ 78.160391035724558, 8.793485220059399 ], [ 78.160201325011258, 8.794301762293639 ], [ 78.160111945335458, 8.794686440245959 ], [ 78.160175359207997, 8.795098048656856 ], [ 78.160354521903187, 8.796261165838738 ], [ 78.160135680621849, 8.796886873439693 ], [ 78.15950801156319, 8.796564390803088 ], [ 78.158931544679035, 8.796347391174304 ], [ 78.158080825731972, 8.796964934011845 ], [ 78.158222929328431, 8.798171646041741 ], [ 78.158192905834994, 8.798625728241143 ], [ 78.158157146598512, 8.79916607007231 ], [ 78.158276497665454, 8.799427153320888 ], [ 78.15856669033316, 8.800062006399852 ], [ 78.1591813158539, 8.80137965865142 ], [ 78.159156509775656, 8.803265245262885 ], [ 78.15967135312961, 8.804162520128479 ], [ 78.160247122921078, 8.804431946289521 ], [ 78.16058423010449, 8.804224665708984 ], [ 78.160831156314842, 8.804072858431919 ], [ 78.161501226753245, 8.803733078390815 ], [ 78.161838497430054, 8.803562064828279 ], [ 78.162010447551836, 8.803404700961694 ], [ 78.162798022121009, 8.802684006177314 ], [ 78.163467834742946, 8.802386923137963 ], [ 78.163486621210467, 8.802378594408726 ], [ 78.163716997758328, 8.802660984565023 ], [ 78.164004916790034, 8.803013934228694 ], [ 78.161238638415924, 8.805125870884149 ], [ 78.161957933836973, 8.806497288815741 ], [ 78.162724401590211, 8.808288425156993 ], [ 78.163027968375857, 8.809235350362819 ], [ 78.163549904827292, 8.809525398951761 ], [ 78.164282782775416, 8.809932697857242 ], [ 78.165121936811559, 8.81020554906191 ], [ 78.165719323662017, 8.810478963764549 ], [ 78.166064251578277, 8.81063684304652 ], [ 78.166576428732498, 8.81174363218614 ], [ 78.166148986065764, 8.812209574414949 ], [ 78.164676570958321, 8.812033312182011 ], [ 78.163777254950972, 8.812335957858705 ], [ 78.163644524376167, 8.813031128166442 ], [ 78.163437948691723, 8.814112806676652 ], [ 78.163319392633809, 8.815123651209221 ], [ 78.163260012196886, 8.815629752418978 ], [ 78.163804909586972, 8.818256326170346 ], [ 78.164248397961288, 8.81908073639282 ], [ 78.165087085771802, 8.820892536651927 ], [ 78.166199582775846, 8.822578849125966 ], [ 78.166481524417662, 8.823006223736249 ], [ 78.166686899952836, 8.823326093044221 ], [ 78.167668739693795, 8.824855350357776 ], [ 78.167829556994263, 8.825307597785878 ], [ 78.168024339595647, 8.825855362435091 ], [ 78.167062287045468, 8.826646820221853 ], [ 78.166699859049146, 8.82694497027099 ], [ 78.166616993057445, 8.827038271213254 ], [ 78.166437276101703, 8.827240621273432 ], [ 78.165463491553936, 8.828336966004043 ], [ 78.165203011562568, 8.829396615637441 ], [ 78.164962758936483, 8.830373791694763 ], [ 78.164773155122717, 8.832781412873072 ], [ 78.165100600925228, 8.83592928636995 ], [ 78.165477252845761, 8.836993748335615 ], [ 78.16621806740946, 8.839087472291302 ], [ 78.166397186985535, 8.839984648559129 ], [ 78.166564125406339, 8.8408209676511 ], [ 78.166629583844468, 8.84160447200582 ], [ 78.166695043180894, 8.842387975581596 ], [ 78.166323922187587, 8.857139542682008 ], [ 78.166060358279864, 8.861377397309631 ], [ 78.165789841411836, 8.865726220120367 ], [ 78.166625776784315, 8.870987409800239 ], [ 78.166927625092796, 8.872887245180461 ], [ 78.166961561647611, 8.872980791868841 ], [ 78.168460090780385, 8.877111511582726 ], [ 78.17163835001854, 8.885872331728985 ], [ 78.174122193575755, 8.889363261122185 ], [ 78.176203740107709, 8.891381567819067 ], [ 78.177562708774573, 8.892237599714548 ], [ 78.17853187867675, 8.891993881791915 ], [ 78.179148873953224, 8.891838738137428 ], [ 78.179980987892478, 8.892687959045052 ], [ 78.180174022372327, 8.894053028919615 ], [ 78.180788581417758, 8.895423529706866 ], [ 78.180765398595199, 8.897205075877663 ], [ 78.179547569632518, 8.901696569109316 ], [ 78.180017227727674, 8.906105020290703 ], [ 78.180671791447651, 8.907517016266485 ], [ 78.181266796864307, 8.908800597606257 ], [ 78.181283325865522, 8.908848204590329 ], [ 78.185413818169451, 8.920744780942336 ], [ 78.185577728369481, 8.921124618708642 ], [ 78.186641952605086, 8.923590913969869 ], [ 78.189209159820692, 8.928865282652314 ], [ 78.194887409833299, 8.938163091173047 ], [ 78.195663156285107, 8.939329319166267 ], [ 78.198403958437765, 8.943449734623862 ], [ 78.203181757870823, 8.949066933962591 ], [ 78.206671024640116, 8.952413680615473 ], [ 78.21504443340578, 8.96603792641878 ], [ 78.226633260221362, 8.974683003574569 ], [ 78.239815091988135, 8.984657959737165 ], [ 78.244731678437645, 8.987864731166153 ], [ 78.244751592290854, 8.987877719247814 ], [ 78.249648488567658, 8.991071374832643 ], [ 78.258583874391931, 8.996813114436364 ], [ 78.272084661085159, 9.004237877091461 ], [ 78.27221437960884, 9.004309206269877 ], [ 78.272337166731759, 9.004379309261921 ], [ 78.272546290936631, 9.004600874624417 ], [ 78.273019046422903, 9.005084727626221 ], [ 78.273496312350176, 9.005559624160927 ], [ 78.274282854755072, 9.006256057802718 ], [ 78.275087487433169, 9.006934420603599 ], [ 78.275519430659457, 9.007287166059733 ], [ 78.275946711629388, 9.007639854388474 ], [ 78.276474099956275, 9.008083061719327 ], [ 78.276996914960051, 9.00852630133431 ], [ 78.277551545596239, 9.008951370749942 ], [ 78.27811537408266, 9.009358441266231 ], [ 78.278710896928885, 9.009779011439212 ], [ 78.279315596065786, 9.01019058904145 ], [ 78.279824812372794, 9.010529812600824 ], [ 78.280347669597376, 9.010869023420511 ], [ 78.280679530619551, 9.011072536805916 ], [ 78.281020568830613, 9.011266972848352 ], [ 78.281325193831677, 9.011452400766215 ], [ 78.281620691051117, 9.011665017658407 ], [ 78.281775264162093, 9.011931769426278 ], [ 78.281888873197744, 9.012216579586457 ], [ 78.284698591404052, 9.014265304442395 ], [ 78.284716739169411, 9.014256245033593 ], [ 78.285066929416644, 9.014283509319753 ], [ 78.285266933026449, 9.014410119207794 ], [ 78.285462462127811, 9.014550325695378 ], [ 78.285812541882223, 9.014799015098799 ], [ 78.286162690806933, 9.015056805419194 ], [ 78.286617343443609, 9.015391513793819 ], [ 78.28707651999602, 9.015730649070639 ], [ 78.28742203271554, 9.016015591092085 ], [ 78.287776645368879, 9.016305014214236 ], [ 78.288249490686681, 9.01663512211096 ], [ 78.288736019142888, 9.016947195308818 ], [ 78.289086080931, 9.017168846121889 ], [ 78.289436236143899, 9.017390409852023 ], [ 78.289972735184392, 9.017770352339745 ], [ 78.29050923691986, 9.018150203044854 ], [ 78.2909684386251, 9.018466757119008 ], [ 78.291423086770195, 9.018774334130651 ], [ 78.292014139599587, 9.019163226208297 ], [ 78.292605230158202, 9.019556668354381 ], [ 78.29332357605999, 9.020266666116143 ], [ 78.293455479286436, 9.020275662382526 ], [ 78.293664589118279, 9.020370701624076 ], [ 78.293860086778608, 9.020492788179753 ], [ 78.294173876392193, 9.020709889891837 ], [ 78.294460322186822, 9.020954050311559 ], [ 78.294833079012292, 9.021347439934877 ], [ 78.295210415449063, 9.021740884135916 ], [ 78.295696877429947, 9.022156877012419 ], [ 78.296187937886742, 9.022563913124239 ], [ 78.296542564913139, 9.022862333408215 ], [ 78.296906313432942, 9.023156313016042 ], [ 78.29755195508551, 9.023649160409889 ], [ 78.298202109874055, 9.024133049997129 ], [ 78.298397659636677, 9.024295904593652 ], [ 78.298588627991379, 9.024481277911176 ], [ 78.299798007400483, 9.025444476288291 ], [ 78.300584609094187, 9.026082113781801 ], [ 78.301371164075491, 9.026724210938886 ], [ 78.302357855617288, 9.02763315357979 ], [ 78.303317109017016, 9.028578165112668 ], [ 78.304440152242478, 9.029591071164971 ], [ 78.305595041643116, 9.030576872785524 ], [ 78.306586343338921, 9.031332038186093 ], [ 78.307623046787526, 9.032014937907011 ], [ 78.308500605598681, 9.032543985928355 ], [ 78.309382785343672, 9.033077634946054 ], [ 78.310005717585852, 9.033466587899147 ], [ 78.310619552589188, 9.033873542045974 ], [ 78.31124707701909, 9.034343828224932 ], [ 78.311860906632546, 9.034818677392465 ], [ 78.312552070412124, 9.035311577157376 ], [ 78.313243202750698, 9.035799924191345 ], [ 78.31390705325407, 9.03631087289981 ], [ 78.314552700296545, 9.036858006569362 ], [ 78.314681760355114, 9.037056370387027 ], [ 78.314700226124074, 9.037084769407416 ], [ 78.314702732423726, 9.037088623249508 ], [ 78.31470271266079, 9.037201568129085 ], [ 78.314698148320829, 9.037314659355257 ], [ 78.316116824411381, 9.03837281535449 ], [ 78.316174145909656, 9.038379215335461 ], [ 78.316353355317247, 9.038476826120608 ], [ 78.316885307085798, 9.038938011128172 ], [ 78.317571920000191, 9.039503242388461 ], [ 78.318190383123834, 9.039955390384485 ], [ 78.318754176575936, 9.04042575112927 ], [ 78.319231588030306, 9.040814610981906 ], [ 78.319577130394251, 9.041090375086638 ], [ 78.320572982955284, 9.041777766595343 ], [ 78.321864415380759, 9.042885575695186 ], [ 78.322532817647698, 9.043518616173822 ], [ 78.323656028858139, 9.044427493382447 ], [ 78.324551771367283, 9.045060476146444 ], [ 78.325147500826048, 9.045467453565633 ], [ 78.325652212980245, 9.045829220840954 ], [ 78.327089147328934, 9.04701840990654 ], [ 78.327848559713928, 9.047601689732392 ], [ 78.328557964683668, 9.048076539159192 ], [ 78.329426531358834, 9.048686907736672 ], [ 78.330267772181415, 9.049342615822384 ], [ 78.330908933935646, 9.049839915400071 ], [ 78.331441023146425, 9.050151999767273 ], [ 78.332459596795943, 9.050970374729609 ], [ 78.333078067106129, 9.051427116067934 ], [ 78.333564612630326, 9.051752601791648 ], [ 78.334042169611749, 9.052064649014158 ], [ 78.334419601269957, 9.052308741167215 ], [ 78.335465489093991, 9.052987075876128 ], [ 78.335956679806543, 9.053398523418258 ], [ 78.336221990937489, 9.053607206013748 ], [ 78.336565993589019, 9.053877783952032 ], [ 78.336897971392162, 9.05413554897866 ], [ 78.337379996593825, 9.054433981252231 ], [ 78.338148514302546, 9.054908796819493 ], [ 78.338511904394551, 9.055168331798084 ], [ 78.338939822270007, 9.055473953314445 ], [ 78.339717430929412, 9.05604813623016 ], [ 78.34021307818405, 9.056423469298018 ], [ 78.341099858201602, 9.057097113163289 ], [ 78.341781990319348, 9.057590000157777 ], [ 78.342314092106534, 9.057965325405823 ], [ 78.342764387914045, 9.058241115396605 ], [ 78.343214576822078, 9.058544101353416 ], [ 78.343778458309046, 9.058887668820063 ], [ 78.34441512579194, 9.059321760177564 ], [ 78.345288298129574, 9.059882443143948 ], [ 78.345924953036075, 9.060293854405899 ], [ 78.346425214936303, 9.06072333998401 ], [ 78.347089145389759, 9.061320271408524 ], [ 78.347725836228832, 9.061826647227168 ], [ 78.347998693208211, 9.062066267075551 ], [ 78.348417035941083, 9.062337573165902 ], [ 78.348944657829946, 9.062730931769869 ], [ 78.349444828102037, 9.063074574184748 ], [ 78.350045132680521, 9.063535685073049 ], [ 78.350668138584595, 9.064037530907989 ], [ 78.351313977866539, 9.064562041361047 ], [ 78.351709615680576, 9.064905647427199 ], [ 78.352660091641695, 9.065601874110207 ], [ 78.353319490094506, 9.066162533080567 ], [ 78.353856172391346, 9.066574024971436 ], [ 78.354411077013694, 9.0670170923804 ], [ 78.35568898979416, 9.068025342121578 ], [ 78.356471217590766, 9.068671915190331 ], [ 78.356966869336958, 9.069101358814013 ], [ 78.3573989616836, 9.069508295706344 ], [ 78.358108346890418, 9.070209097019685 ], [ 78.358808704028618, 9.070814863971544 ], [ 78.359272594041343, 9.071262420093614 ], [ 78.360091189233913, 9.07197223158445 ], [ 78.360514222969186, 9.072388226716042 ], [ 78.361059965673974, 9.072930708658705 ], [ 78.361401046105854, 9.073278884908662 ], [ 78.362501676365014, 9.074183103347222 ], [ 78.362906468011829, 9.074508608369486 ], [ 78.363274806922718, 9.074883907949513 ], [ 78.363588636062175, 9.075155081936849 ], [ 78.36382054872918, 9.075390152864847 ], [ 78.364575578233897, 9.076118113585586 ], [ 78.364848434314936, 9.076398387951098 ], [ 78.365162206860504, 9.076714921832966 ], [ 78.365598748562718, 9.077112760329026 ], [ 78.365880798002365, 9.077478942594603 ], [ 78.366290093802021, 9.077985285859315 ], [ 78.366722117876677, 9.078441913892465 ], [ 78.366819754866569, 9.078538949625301 ], [ 78.366908581180198, 9.078627230031529 ], [ 78.366931383117063, 9.078704109899776 ], [ 78.368732366921165, 9.080435639434791 ], [ 78.36876424274071, 9.080440116413369 ], [ 78.368914326071831, 9.080553243708355 ], [ 78.369123471836289, 9.080919350608651 ], [ 78.369601033309308, 9.081502628602454 ], [ 78.370146897286673, 9.082194287576142 ], [ 78.370392382599306, 9.082501653091319 ], [ 78.370642584965481, 9.082772997840753 ], [ 78.371247509579518, 9.083419450298125 ], [ 78.37154760886817, 9.083767597735717 ], [ 78.371866024805456, 9.084147323752076 ], [ 78.372184390437084, 9.084508976664868 ], [ 78.37251643471555, 9.084902354425761 ], [ 78.373048593096598, 9.085417712000817 ], [ 78.373517022296468, 9.085833666696047 ], [ 78.374062786560799, 9.086303761572896 ], [ 78.374581269888296, 9.086787574819382 ], [ 78.374835976407311, 9.08704069827505 ], [ 78.375427225069444, 9.087619369665941 ], [ 78.375863882654315, 9.088017203154688 ], [ 78.376432394956595, 9.088460260924869 ], [ 78.376796338410827, 9.088731518667176 ], [ 78.377232961859718, 9.089034383075424 ], [ 78.377769657631262, 9.089377995854621 ], [ 78.378338140289145, 9.089775871741651 ], [ 78.379252422229129, 9.09044044605762 ], [ 78.379789081169747, 9.090802039394983 ], [ 78.38021211400671, 9.091086911289729 ], [ 78.382013308914907, 9.092456787906011 ], [ 78.382572740147992, 9.092913330082199 ], [ 78.383095743797966, 9.093265966398745 ], [ 78.384887333020842, 9.094722330863361 ], [ 78.384801098346827, 9.09495313657378 ], [ 78.384742311696314, 9.095110461320306 ], [ 78.384260207442907, 9.096471211980594 ], [ 78.384025190198273, 9.096996409431339 ], [ 78.383527867585613, 9.098107735425081 ], [ 78.383246743410723, 9.098107722119879 ], [ 78.382986612863988, 9.098107708814691 ], [ 78.381945004613968, 9.098030831337152 ], [ 78.380439467723676, 9.09826135461751 ], [ 78.379009388418908, 9.098649374794409 ], [ 78.378706481894994, 9.098731560019207 ], [ 78.376577715420112, 9.099391494608774 ], [ 78.376222975205977, 9.099450253722395 ], [ 78.376222987782413, 9.099450288315825 ], [ 78.376514090443493, 9.100268596050258 ], [ 78.375886407910073, 9.10028665021567 ], [ 78.375355199946583, 9.100214882374747 ], [ 78.374949347389446, 9.100160049286412 ], [ 78.374126110601793, 9.100028859815609 ], [ 78.373471628628536, 9.099910602003133 ], [ 78.373075391638181, 9.099839004392518 ], [ 78.372344649883772, 9.099635090650326 ], [ 78.371115008973405, 9.099291940980056 ], [ 78.371073110650258, 9.099284272772715 ], [ 78.370200785423918, 9.099124616135148 ], [ 78.369636596713107, 9.099296820425742 ], [ 78.369504830928918, 9.099337039260709 ], [ 78.369504791403045, 9.099337055226915 ], [ 78.369461441402379, 9.099357164642694 ], [ 78.369027235319905, 9.09955857717512 ], [ 78.368394936344231, 9.100340587406455 ], [ 78.366702814877854, 9.101818814345398 ], [ 78.36542462182301, 9.103124600415475 ], [ 78.365401873785046, 9.103147838958236 ], [ 78.365401850428867, 9.103147863794257 ], [ 78.364105611118276, 9.102329564421442 ], [ 78.363277880957625, 9.101942727065119 ], [ 78.362354474829303, 9.101511170927679 ], [ 78.362354434405106, 9.101511155848593 ], [ 78.362263367693174, 9.101485403426645 ], [ 78.361267334570755, 9.101203709081542 ], [ 78.360302269969452, 9.101104687273931 ], [ 78.360121173201463, 9.101086101833067 ], [ 78.36012113098063, 9.101086100946034 ], [ 78.359340975597391, 9.100589637010557 ], [ 78.359261484576237, 9.100539050972001 ], [ 78.35904485943874, 9.100369487902229 ], [ 78.356800929842734, 9.098613033013159 ], [ 78.356673511006207, 9.099720617013874 ], [ 78.356545754403129, 9.103558744646122 ], [ 78.356538705323118, 9.103656520426437 ], [ 78.356400076410125, 9.10557946439544 ], [ 78.356400072816882, 9.105579506084217 ], [ 78.356313379103753, 9.106495538429972 ], [ 78.356149778822541, 9.108224098726268 ], [ 78.356067773416868, 9.109806359437439 ], [ 78.356084120958414, 9.109897180438484 ], [ 78.356086935380191, 9.109912812650462 ], [ 78.356199606574705, 9.110538764919923 ], [ 78.356499749880811, 9.111483672620414 ], [ 78.357081867168063, 9.112704254048749 ], [ 78.357955141913649, 9.114268536365916 ], [ 78.358146156082412, 9.114490046399496 ], [ 78.35809606512386, 9.114702510951018 ], [ 78.357691238442769, 9.115068658303175 ], [ 78.3571999399324, 9.115303759783364 ], [ 78.356176435430271, 9.115380502274258 ], [ 78.356294635755347, 9.116723170339338 ], [ 78.356376392327704, 9.118056856391755 ], [ 78.355698647581775, 9.117970884725603 ], [ 78.354479630147992, 9.117771870279487 ], [ 78.35246002514981, 9.117654121247659 ], [ 78.351341034224575, 9.117563616204786 ], [ 78.350326606300101, 9.117554473366154 ], [ 78.349416870733776, 9.118178280868717 ], [ 78.34849794180883, 9.118720667685849 ], [ 78.346973998438344, 9.119678961025821 ], [ 78.345577475701006, 9.120280105685779 ], [ 78.344299208984324, 9.120510517934907 ], [ 78.343202929266084, 9.120813293336415 ], [ 78.34306193239405, 9.121093509628942 ], [ 78.342515934567729, 9.122241723590705 ], [ 78.341847055295375, 9.123466779270229 ], [ 78.341242077680761, 9.123430591681876 ], [ 78.339281520742844, 9.12350720736549 ], [ 78.336438418445624, 9.124442604588152 ], [ 78.333203987552764, 9.12584363323329 ], [ 78.332494316681689, 9.126150885836918 ], [ 78.328332067135804, 9.127009262088249 ], [ 78.323632935867124, 9.127921678392749 ], [ 78.321764260413104, 9.128372555612934 ], [ 78.321659743226419, 9.128397773933024 ], [ 78.320730581592088, 9.128621962617975 ], [ 78.32135343837578, 9.130977381441888 ], [ 78.321016392277812, 9.131104493848433 ], [ 78.318933173981122, 9.131890154780494 ], [ 78.31524840056835, 9.133069379080659 ], [ 78.31440341556771, 9.133215259878156 ], [ 78.313678919799457, 9.133340335991244 ], [ 78.312806221772306, 9.13336593356421 ], [ 78.312300560997215, 9.133380764740936 ], [ 78.310006364372853, 9.133550967571599 ], [ 78.30889796278818, 9.133633189109808 ], [ 78.305809128141647, 9.133903837828818 ], [ 78.305720403337659, 9.133910792205238 ], [ 78.304544565224603, 9.134002948101253 ], [ 78.303398197242771, 9.134102213557812 ], [ 78.301573967734043, 9.134269029768912 ], [ 78.300500457613325, 9.134359239662009 ], [ 78.298655738431307, 9.134489543786056 ], [ 78.297693651745163, 9.134557482985926 ], [ 78.297325519446773, 9.134584503982872 ], [ 78.296465417596551, 9.13464759879216 ], [ 78.295628584807076, 9.134154623678432 ], [ 78.295579075956852, 9.134168474771291 ], [ 78.293528683897236, 9.134742111937907 ], [ 78.291834520560215, 9.135216033393363 ], [ 78.289009357619207, 9.136083299581076 ], [ 78.28864072855248, 9.136154449124179 ], [ 78.28786290968732, 9.136304556600155 ], [ 78.28591574573197, 9.137036406579936 ], [ 78.28494244357951, 9.137366222437418 ], [ 78.284009617717132, 9.137682284594467 ], [ 78.284009583581138, 9.137682298785123 ], [ 78.283908319194097, 9.137719444569033 ], [ 78.28237182456246, 9.138283065422351 ], [ 78.28114439081277, 9.138712483098292 ], [ 78.280292693600316, 9.139010423562656 ], [ 78.279100533996868, 9.139413632143421 ], [ 78.278850466377961, 9.139498205302798 ], [ 78.278411276442299, 9.139669486354549 ], [ 78.276093460414188, 9.14057338874311 ], [ 78.27436461581901, 9.141232863714613 ], [ 78.273946065575288, 9.141485909561807 ], [ 78.273982256003151, 9.142010328598676 ], [ 78.274097896129661, 9.142845989439767 ], [ 78.274159298674277, 9.143289763206441 ], [ 78.274264362036632, 9.144076220305804 ], [ 78.274268717967459, 9.144108828046063 ], [ 78.27430907657822, 9.144410960798737 ], [ 78.274311007956086, 9.144425418131272 ], [ 78.274312903401324, 9.144439604072279 ], [ 78.274458850888919, 9.145532174371043 ], [ 78.274671790238827, 9.147215782288056 ], [ 78.274676702226785, 9.147254616605469 ], [ 78.274971990138781, 9.148665235923398 ], [ 78.275265555082044, 9.148684118653572 ], [ 78.275677002346782, 9.148710594916256 ], [ 78.276691487763443, 9.148733483716038 ], [ 78.277214014408045, 9.150758958400521 ], [ 78.276779454389342, 9.150838020436892 ], [ 78.276668076768857, 9.150858283040842 ], [ 78.276668041734538, 9.15085829190968 ], [ 78.276978636938978, 9.151562342847443 ], [ 78.277204538978424, 9.152074472623834 ], [ 78.27777558093652, 9.153452672589101 ], [ 78.27791828909919, 9.153797102239405 ], [ 78.278704907860913, 9.155031530051167 ], [ 78.279668706735976, 9.156998349611166 ], [ 78.280356988720143, 9.158590584733185 ], [ 78.280755332259844, 9.159512151431699 ], [ 78.280811066435007, 9.159723777655518 ], [ 78.280877940618026, 9.159977872806392 ], [ 78.281046328919714, 9.1600728262014 ], [ 78.281250781885106, 9.16007288207353 ], [ 78.281505731847602, 9.160072955682887 ], [ 78.281632409574001, 9.16013396274022 ], [ 78.281796835406993, 9.160213187647452 ], [ 78.282069222567443, 9.162451014374886 ], [ 78.282100513583742, 9.162447641670898 ], [ 78.282278459061743, 9.162428467010077 ], [ 78.282395408931933, 9.162417610148328 ], [ 78.283006416038745, 9.162360924234646 ], [ 78.28375705727332, 9.162148629119756 ], [ 78.284089139281022, 9.162216534658887 ], [ 78.284175440430374, 9.162338603898672 ], [ 78.284175836587394, 9.162339166163997 ], [ 78.284207407878043, 9.162383838761171 ], [ 78.284238565943667, 9.162573246715116 ], [ 78.284293641653761, 9.162908279307191 ], [ 78.284411860843477, 9.16361143726302 ], [ 78.284493523092678, 9.164097306030536 ], [ 78.284842273340502, 9.164104271345826 ], [ 78.284948432647496, 9.164106393576407 ], [ 78.285057464766794, 9.164752970936911 ], [ 78.285101116601382, 9.165450320833314 ], [ 78.285138959929384, 9.166054931153154 ], [ 78.285675746430769, 9.166154556593034 ], [ 78.285984818092487, 9.167253130585273 ], [ 78.286071175835687, 9.167542547655337 ], [ 78.286189438144504, 9.167678151797691 ], [ 78.286442604052837, 9.167696081051131 ], [ 78.287085640591087, 9.167741658438418 ], [ 78.287211545766382, 9.168048978627496 ], [ 78.28733570102348, 9.168352113558308 ], [ 78.287576364179685, 9.17017398260616 ], [ 78.287728715756913, 9.171119854800914 ], [ 78.287730738762917, 9.171132415887383 ], [ 78.287730750441042, 9.17113244071866 ], [ 78.287918224349255, 9.171418847381416 ], [ 78.288290131368456, 9.171987025441393 ], [ 78.289144933158511, 9.17379554595998 ], [ 78.289647212674893, 9.174919304228006 ], [ 78.289981554843862, 9.175667330134953 ], [ 78.290569786064964, 9.177001667028499 ], [ 78.290608822355637, 9.177090213938543 ], [ 78.290822690563544, 9.177575335291509 ], [ 78.290909873858482, 9.177866994678935 ], [ 78.291372693079381, 9.179415379172616 ], [ 78.291808763166074, 9.181969718598902 ], [ 78.292453906253641, 9.185636269238314 ], [ 78.292482404407735, 9.185761141561242 ], [ 78.29264477399704, 9.186472629098851 ], [ 78.292976359236391, 9.18833072526261 ], [ 78.292982642951785, 9.188374125591945 ], [ 78.292993909622083, 9.188451951048133 ], [ 78.293040313894707, 9.188772494803706 ], [ 78.293130772447199, 9.189397600671626 ], [ 78.293798700403656, 9.192743255225132 ], [ 78.294216806879604, 9.194944876397894 ], [ 78.2942168113712, 9.19494490920847 ], [ 78.294420992147053, 9.19675781734519 ], [ 78.294833025113377, 9.198474338325546 ], [ 78.295071002306884, 9.199465861698199 ], [ 78.295216975845591, 9.200201560368004 ], [ 78.295280007934124, 9.200519271818845 ], [ 78.29561166503872, 9.202345730252782 ], [ 78.295729801583406, 9.202851652147384 ], [ 78.295848081858551, 9.203358367847303 ], [ 78.296120566935357, 9.20508086539375 ], [ 78.295998424802818, 9.205093563608486 ], [ 78.295810273564882, 9.205113114601913 ], [ 78.294428020565846, 9.205256748041659 ], [ 78.293418508222587, 9.20529694336753 ], [ 78.292171284587184, 9.205346595837106 ], [ 78.290405883949788, 9.205526986568133 ], [ 78.290111437759236, 9.205561327568601 ], [ 78.28839842058099, 9.205761071403472 ], [ 78.288398424174261, 9.20576110332628 ], [ 78.288394759047904, 9.205761530737435 ], [ 78.288291845354024, 9.205728591700689 ], [ 78.286684191575432, 9.205214038784822 ], [ 78.284964452303953, 9.204770615588592 ], [ 78.283035528640468, 9.204173293011081 ], [ 78.282819057114878, 9.204118743747355 ], [ 78.282011848068564, 9.203915333161115 ], [ 78.280622298952792, 9.203787313959257 ], [ 78.28009188240506, 9.203738444271172 ], [ 78.278226475022052, 9.203539068181945 ], [ 78.277171642672712, 9.203396551350826 ], [ 78.276247426264021, 9.203271674608086 ], [ 78.274913033706667, 9.203130908117148 ], [ 78.27354037740983, 9.202986094433557 ], [ 78.273005580676781, 9.202950984368822 ], [ 78.272503051428728, 9.20291799097833 ], [ 78.271936182145112, 9.202772378243427 ], [ 78.271392928671986, 9.202632829065571 ], [ 78.269354846226747, 9.20209872403283 ], [ 78.269385883019822, 9.20238523778878 ], [ 78.269388528558309, 9.202409659869218 ], [ 78.269649679591211, 9.204820321336911 ], [ 78.269830966802047, 9.206886343885671 ], [ 78.269920490208307, 9.207700663254416 ], [ 78.270148553594368, 9.209775155909277 ], [ 78.270470910440793, 9.212040188376811 ], [ 78.270490012216996, 9.21238691624743 ], [ 78.270529689006466, 9.213107127060622 ], [ 78.270697740439914, 9.214196656249637 ], [ 78.270866777325239, 9.216580697843428 ], [ 78.270906094788586, 9.217135209165953 ], [ 78.271060324743104, 9.218645158396315 ], [ 78.271037498551721, 9.220187477573274 ], [ 78.271013758773719, 9.221791565860391 ], [ 78.271078916276224, 9.222848573273545 ], [ 78.271122443244991, 9.223554674848966 ], [ 78.271185020785992, 9.225033695234512 ], [ 78.271203737184948, 9.225476052009013 ], [ 78.271232789599551, 9.22706033416241 ], [ 78.271265345443751, 9.22883567881577 ], [ 78.271267069310781, 9.228929691586934 ], [ 78.271275280810826, 9.229377482406003 ], [ 78.271283689940176, 9.23004790581675 ], [ 78.271297454825273, 9.231145127865609 ], [ 78.271310159698359, 9.234128741374267 ], [ 78.271382377060689, 9.236072686934419 ], [ 78.271405687443973, 9.236542424348157 ], [ 78.271477276883914, 9.237985045886251 ], [ 78.271481901411008, 9.238102180411875 ], [ 78.271485714759379, 9.238198823215676 ], [ 78.271519883977845, 9.239064600433712 ], [ 78.271563097434594, 9.240159497075078 ], [ 78.271615232958737, 9.241348469816472 ], [ 78.271630893289071, 9.241705598597601 ], [ 78.271698015407082, 9.243042755753127 ], [ 78.271861456686523, 9.246298750024552 ], [ 78.271943053358711, 9.247419973349992 ], [ 78.272133220416165, 9.250200290290014 ], [ 78.272186544411426, 9.250922135052564 ], [ 78.272228396022214, 9.251488699280076 ], [ 78.272270415617939, 9.252058824182635 ], [ 78.272337014018149, 9.252962410301928 ], [ 78.272388325787205, 9.253727027258703 ], [ 78.272454484911222, 9.254712862801425 ], [ 78.272459376237961, 9.254785745785519 ], [ 78.272518134142373, 9.255661322790756 ], [ 78.272391388144001, 9.25594443540337 ], [ 78.272244949277948, 9.256271530255319 ], [ 78.272323100911038, 9.256586424062295 ], [ 78.272426741342002, 9.257004015250628 ], [ 78.272836200635027, 9.257221102289018 ], [ 78.272836231177735, 9.257221117361501 ], [ 78.273008946664135, 9.257750052393982 ], [ 78.273697495447976, 9.259957984799922 ], [ 78.274468253555, 9.262429496584794 ], [ 78.275391056913776, 9.265431562635195 ], [ 78.275555597731085, 9.266012258827665 ], [ 78.275813793306696, 9.266923473653602 ], [ 78.276018078287137, 9.267758473149071 ], [ 78.276104701931686, 9.268112537656636 ], [ 78.276254645125618, 9.268813317572173 ], [ 78.276375261918844, 9.269934744809053 ], [ 78.276390789298503, 9.270079103645196 ], [ 78.276950552009907, 9.270070286574521 ], [ 78.277268083106676, 9.273447332557309 ], [ 78.277905116203883, 9.273537965309668 ], [ 78.278275484408994, 9.275137730427247 ], [ 78.278409619948917, 9.275717117945089 ], [ 78.278731347974656, 9.275631762615777 ], [ 78.27886929416799, 9.27559516858209 ], [ 78.278916046088639, 9.275879193363245 ], [ 78.278955618673535, 9.276119599658006 ], [ 78.279041923416159, 9.276653055198532 ], [ 78.279105577138878, 9.276842908963319 ], [ 78.27931881472945, 9.277773207326765 ], [ 78.279337403567624, 9.277854305743091 ], [ 78.279719068087431, 9.279519384404741 ], [ 78.279882792336153, 9.280065764336738 ], [ 78.279987310421149, 9.280414555595478 ], [ 78.280217969040024, 9.281324688660392 ], [ 78.280546467668088, 9.282620865795073 ], [ 78.28097379535042, 9.284194203165018 ] ] ], [ [ [ 78.209999155207029, 8.839223908001713 ], [ 78.209822046958848, 8.839519930845627 ], [ 78.209535837421114, 8.839789759048537 ], [ 78.209174552081819, 8.839967353692572 ], [ 78.208644361909549, 8.840220857795574 ], [ 78.208021073036207, 8.840742001188717 ], [ 78.207431525783221, 8.841378069428799 ], [ 78.206980061267515, 8.841820716290423 ], [ 78.206624873692391, 8.842057391247907 ], [ 78.206128233799362, 8.842209608970848 ], [ 78.205840318360913, 8.842221964907965 ], [ 78.205728069374601, 8.842190306368844 ], [ 78.205462832803804, 8.842094047208587 ], [ 78.205250242000247, 8.841780613595612 ], [ 78.205201563193285, 8.841472031561398 ], [ 78.205221091669259, 8.841298123129757 ], [ 78.205471530292371, 8.840941006192594 ], [ 78.205864158750231, 8.84057044644198 ], [ 78.206799995765465, 8.839986480657439 ], [ 78.207538306724445, 8.839672887250318 ], [ 78.2081081880592, 8.839470446372301 ], [ 78.208571789712707, 8.839350613285568 ], [ 78.208750875152802, 8.839275798917123 ], [ 78.209015608667059, 8.838955046032016 ], [ 78.209365807897385, 8.838359570212665 ], [ 78.210295687285651, 8.83594877126907 ], [ 78.210490291122269, 8.835029393764358 ], [ 78.210936348678331, 8.834214114124276 ], [ 78.211218151979551, 8.834044875791196 ], [ 78.211614187747287, 8.833946290611623 ], [ 78.211921540033558, 8.83377089623697 ], [ 78.21219111816211, 8.833531764240131 ], [ 78.212802975075164, 8.83271136657944 ], [ 78.213271712397159, 8.832270649207956 ], [ 78.214635056757785, 8.831925588651782 ], [ 78.215164061153857, 8.831827987325159 ], [ 78.215746894398436, 8.831839567791864 ], [ 78.2161470579249, 8.831918689727555 ], [ 78.2163896452724, 8.832119929306328 ], [ 78.216396862337419, 8.832400414880443 ], [ 78.216348900386052, 8.83284426199212 ], [ 78.216358030862622, 8.833326608185812 ], [ 78.216509609888718, 8.833518106701938 ], [ 78.216840082115425, 8.833660167798715 ], [ 78.217196673757343, 8.833719926824838 ], [ 78.218134521202174, 8.833638048204264 ], [ 78.21882915068214, 8.833681278122725 ], [ 78.21921643057081, 8.833899907758799 ], [ 78.219322766845934, 8.834173565884743 ], [ 78.219211100866232, 8.834610596315347 ], [ 78.218824674377075, 8.8351280833977 ], [ 78.218538525026489, 8.835671639291991 ], [ 78.218238292787163, 8.836354753922798 ], [ 78.218026990167743, 8.836839090077346 ], [ 78.217443108589265, 8.837451201151783 ], [ 78.217075409278834, 8.83800977264622 ], [ 78.216858823667195, 8.838833114379389 ], [ 78.216652700733675, 8.839961128641104 ], [ 78.216531507222072, 8.840816905798926 ], [ 78.216224871791397, 8.841468198727748 ], [ 78.215787277263686, 8.842005242421164 ], [ 78.215370867705303, 8.842147191954071 ], [ 78.214999675745062, 8.842090038628783 ], [ 78.214410342291131, 8.841888711291979 ], [ 78.213498041136361, 8.841599084027134 ], [ 78.212864584232292, 8.841466548603208 ], [ 78.212511036082546, 8.841485672827314 ], [ 78.211294231199304, 8.841476613563952 ], [ 78.210905072035047, 8.84138668931217 ], [ 78.210628390029228, 8.841154651851737 ], [ 78.210420582754551, 8.840688959207045 ], [ 78.210241308668273, 8.839820978409696 ], [ 78.210187276800553, 8.839254898398062 ], [ 78.210156354093527, 8.83915255542907 ], [ 78.210087244003759, 8.839137535561651 ], [ 78.209999155207029, 8.839223908001713 ] ] ], [ [ [ 78.223420801222034, 8.872782705971327 ], [ 78.222993669372428, 8.87289193862474 ], [ 78.222699348047684, 8.8729100751296 ], [ 78.222568183236419, 8.87290909880805 ], [ 78.222204737448891, 8.87278673108027 ], [ 78.22193651218312, 8.872599800005254 ], [ 78.221821585318963, 8.872377748724015 ], [ 78.221764845030648, 8.872170635058758 ], [ 78.221809576640226, 8.872036799717122 ], [ 78.221908222438188, 8.872001272176686 ], [ 78.222122859603971, 8.872046383667289 ], [ 78.222332926141604, 8.872214750678673 ], [ 78.222601805380862, 8.872314658727603 ], [ 78.222857558437184, 8.872222280794814 ], [ 78.222997700113112, 8.871998501191699 ], [ 78.223459969565042, 8.871282033121089 ], [ 78.224276788788274, 8.870348929762782 ], [ 78.224575572045055, 8.869621385111991 ], [ 78.22475425773483, 8.868753337681921 ], [ 78.224926756727271, 8.867859861774601 ], [ 78.225200007168695, 8.867364525869048 ], [ 78.225513865054239, 8.866812054012915 ], [ 78.225921798109582, 8.866347307171957 ], [ 78.226005596552554, 8.866347930253763 ], [ 78.226096301243416, 8.866399370002494 ], [ 78.226123786996183, 8.866620770752711 ], [ 78.226099911572561, 8.866888930841711 ], [ 78.22595884822519, 8.867235995608972 ], [ 78.225695599626121, 8.867705442824192 ], [ 78.225591593580859, 8.867969380804954 ], [ 78.225479431731088, 8.868349296406265 ], [ 78.225576360848564, 8.868542203029506 ], [ 78.225736589752529, 8.868554272282582 ], [ 78.225904651965749, 8.868493876309024 ], [ 78.226074811745221, 8.868161645022381 ], [ 78.22628845986587, 8.867731716896559 ], [ 78.226419791763746, 8.867225027797872 ], [ 78.22643107640036, 8.866571494068394 ], [ 78.226586147177983, 8.866299775435253 ], [ 78.226656617317047, 8.866255878337206 ], [ 78.226783660657787, 8.866320278556655 ], [ 78.22713709561981, 8.866805185920336 ], [ 78.227552197231134, 8.867569765018093 ], [ 78.227845629223765, 8.868403245051921 ], [ 78.227818354575092, 8.869329135605774 ], [ 78.22767169921508, 8.870178385569917 ], [ 78.227399091967371, 8.870817288387363 ], [ 78.2270902287148, 8.871189398420912 ], [ 78.226872679210899, 8.871289313849454 ], [ 78.226201333164752, 8.871531812702756 ], [ 78.225194673870874, 8.871892981854922 ], [ 78.224379344952681, 8.872264040806698 ], [ 78.223420801222034, 8.872782705971327 ] ] ], [ [ [ 78.273581807710727, 8.943292814969752 ], [ 78.273726229858951, 8.943964744787021 ], [ 78.273712112834275, 8.944300526871563 ], [ 78.273623326046518, 8.944477562365128 ], [ 78.273291043714522, 8.944562146718646 ], [ 78.273087527691928, 8.944484496440616 ], [ 78.272972663709837, 8.944247940034147 ], [ 78.272976148274822, 8.943780173302878 ], [ 78.272912629299384, 8.943500481122101 ], [ 78.272651749557753, 8.943295486913627 ], [ 78.272473232751224, 8.943286919122768 ], [ 78.272008053656066, 8.943598981806755 ], [ 78.27179249841204, 8.943669920031057 ], [ 78.271618434554398, 8.943552595974133 ], [ 78.271482166414017, 8.943254236393068 ], [ 78.27102821266665, 8.942480133146924 ], [ 78.270872452881193, 8.94235206499768 ], [ 78.270690264660132, 8.942347097352195 ], [ 78.270642158978333, 8.942444652384459 ], [ 78.270626961280371, 8.942527945161626 ], [ 78.270686805247976, 8.942811237365049 ], [ 78.271072478050598, 8.943387034034783 ], [ 78.271122471991092, 8.943525201246885 ], [ 78.27100177614615, 8.943582331643352 ], [ 78.27086345535534, 8.943559554914295 ], [ 78.270616450991525, 8.943448945730783 ], [ 78.27022859079122, 8.943166864429577 ], [ 78.269785530913282, 8.942467350204998 ], [ 78.269458440843621, 8.941855721626355 ], [ 78.269120537752883, 8.940433650750213 ], [ 78.269054454087296, 8.939887407900962 ], [ 78.269235530194052, 8.939552404436649 ], [ 78.269551102065179, 8.939142238415519 ], [ 78.269902714345491, 8.939030601163216 ], [ 78.270444232273491, 8.939110742660889 ], [ 78.270857444727753, 8.939291474940131 ], [ 78.271306126262715, 8.939611003221195 ], [ 78.272047188761405, 8.940516008666753 ], [ 78.272654079787586, 8.941453343347847 ], [ 78.273338352590628, 8.942491196314705 ], [ 78.273581807710727, 8.943292814969752 ] ] ], [ [ [ 78.253094031637133, 8.95205786914002 ], [ 78.2535262802906, 8.952251456565493 ], [ 78.254358080717836, 8.952746266579014 ], [ 78.255060236283228, 8.953519333723211 ], [ 78.25529815867948, 8.954111272416377 ], [ 78.255218151127025, 8.954573930606427 ], [ 78.25504166720799, 8.955143755328146 ], [ 78.254825372650529, 8.95547888109401 ], [ 78.25438184295372, 8.955816455674581 ], [ 78.253694518573639, 8.956101451916597 ], [ 78.253182670202833, 8.956315225572329 ], [ 78.252306234285797, 8.956394159112991 ], [ 78.252067422557374, 8.956424624919007 ], [ 78.251886462333289, 8.956394270033257 ], [ 78.251658290251129, 8.956272390811135 ], [ 78.251564183640298, 8.956133506126658 ], [ 78.251503373983752, 8.955980751902016 ], [ 78.251563646447721, 8.9557201110424 ], [ 78.251742874719966, 8.955634412979075 ], [ 78.251914298429, 8.955617555723244 ], [ 78.252016858186693, 8.955549418575433 ], [ 78.252010713710149, 8.955397071405788 ], [ 78.251946259588507, 8.955244290250793 ], [ 78.251827139388567, 8.955091102618237 ], [ 78.251392485046765, 8.954732502108124 ], [ 78.25101375083139, 8.954207510103387 ], [ 78.250725185911008, 8.953671913282845 ], [ 78.250539958689302, 8.953101218406566 ], [ 78.250570966736277, 8.952854863928842 ], [ 78.250674398758107, 8.952670693609029 ], [ 78.250960156443242, 8.952473375008323 ], [ 78.251522671592681, 8.952215557915901 ], [ 78.252261119993889, 8.951976724211924 ], [ 78.253094031637133, 8.95205786914002 ] ] ] ] } }
]
}
